trophospecies_id,sp_name,guild,n_lumped,sp_no_prey,sp_no_preds,sp_ntp,sp_long_chain,sp_out_closeness,sp_in_closeness,guild_ntp,guild_out_closeness,guild_in_closeness
1,1,aquatic detritus,1,0,2,1.0,0.0,0.5333333333333333,0.0,1.0,0.5333333333333333,0.0
2,2;11;12,aquatic heterotroph microbes,3,0,0,1.0,0.0,0.0,0.0,1.0,0.0,0.0
3,3,planktonic algae,1,2,1,2.5,1.0,0.0,8.0,2.5,0.0,8.0
4,4,benthic algae,1,1,1,2.0,1.0,0.8888888888888888,8.0,2.0,0.8888888888888888,8.0
5,5;6;7,macrophytic algae,3,1,1,3.0,2.0,1.6,2.6666666666666665,3.0,1.6,2.6666666666666665
8,8,swimming filter feeders,1,3,3,5.0,3.0,4.0,1.1428571428571428,5.0,3.333333333333333,0.9714285714285714
9,9,swimming filter feeders,1,1,1,5.0,4.0,2.6666666666666665,0.8,5.0,3.333333333333333,0.9714285714285714
10,10,swimming scrapers,1,1,0,5.0,4.0,0.0,0.6666666666666666,5.0,0.0,0.6666666666666666
13,13,benthic predators,1,1,1,2.0,1.0,0.0,0.0,2.0,0.0,0.0
