SLN_ID,Detritus,S,interactions,L_D,C,Basal,Top,Carniv,Herbiv,Herbiv_true,ProdFeed,Animals,BasalAnimals,AnimHerbiv_true,AnimPred,green_frac_mean,green_frac_sd,green_direct_mean,green_direct_sd,cross_habitat_L,aqu_from_terr,terr_from_aqu,terr_with_aqu,meanInDegree,sdInDegree,mean_NTP,sd_NTP,max_NTP,TrOmniv,q_inCoherence,diameter,max_chain_len,mean_path_len,sd_path_len,loop,Modularity
1,1,11.0,19.0,1.7272727272727273,0.17272727272727273,0.2,0.3,0.375,0.375,0.125,0.375,0.5454545454545454,0.0,0.16666666666666666,0.3333333333333333,0.33217592592592593,0.3422684545548174,0.22916666666666666,0.36663960939129747,NaN,NaN,NaN,NaN,2.375,1.8468119248354136,2.1616161616161618,0.9170721478458811,3.5,0.5,0.4949386451956668,2.0,5.0,1.28,0.4582575694955841,0.0,0.0
10,1,11.0,20.0,1.8181818181818181,0.18181818181818182,0.2,0.1,0.25,0.5,0.25,0.625,0.5454545454545454,0.0,0.3333333333333333,0.3333333333333333,0.6666666666666666,0.3212080372198105,0.4458333333333333,0.424988328504536,NaN,NaN,NaN,NaN,2.5,2.0,2.1177685950413223,0.8971268522515664,3.5454545454545454,0.375,0.5454047026669004,3.0,5.0,1.3870967741935485,0.5584155773160767,0.0,0.0
100,1,12.0,16.0,1.3333333333333333,0.12121212121212122,0.18181818181818182,0.2727272727272727,0.2222222222222222,0.5555555555555556,0.3333333333333333,0.6666666666666666,0.5833333333333334,0.0,0.42857142857142855,0.42857142857142855,0.787037037037037,0.36111111111111105,0.4722222222222222,0.4487637339278754,NaN,NaN,NaN,NaN,1.7777777777777777,1.2018504251546631,2.138888888888889,0.9151732554779382,4.0,0.1111111111111111,0.45338235029118146,3.0,4.0,1.3,0.5712405705774793,0.0,0.0
1000,1,12.0,20.0,1.6666666666666667,0.15151515151515152,0.18181818181818182,0.18181818181818182,0.4444444444444444,0.4444444444444444,0.2222222222222222,0.3333333333333333,0.5833333333333334,0.0,0.2857142857142857,0.42857142857142855,0.41269841269841273,0.40322713224857015,0.25,0.4330127018922193,NaN,NaN,NaN,NaN,2.2222222222222223,2.048034287907418,2.35,1.114776781569868,4.0,0.2222222222222222,0.7240965332562256,3.0,5.0,1.4,0.6214554662658653,0.16666666666666666,0.0
101,1,10.0,12.0,1.2,0.13333333333333333,0.2222222222222222,0.4444444444444444,0.2857142857142857,0.42857142857142855,0.2857142857142857,0.42857142857142855,0.5,0.0,0.4,0.2,0.5476190476190476,0.43794856067686966,0.31428571428571433,0.4740906081772817,NaN,NaN,NaN,NaN,1.7142857142857142,1.496026483086191,2.066666666666667,0.8432740427115677,3.0,0.14285714285714285,0.7971962653712608,2.0,4.0,1.3888888888888888,0.5016313257045503,0.2,0.0
102,1,12.0,16.0,1.3333333333333333,0.12121212121212122,0.18181818181818182,0.2727272727272727,0.3333333333333333,0.5555555555555556,0.3333333333333333,0.4444444444444444,0.5833333333333334,0.0,0.42857142857142855,0.42857142857142855,0.6728395061728395,0.41984385365757904,0.3888888888888889,0.4859126579037751,NaN,NaN,NaN,NaN,1.7777777777777777,1.2018504251546631,2.111111111111111,0.8596843833973251,3.5,0.3333333333333333,0.43660622991432446,3.0,5.0,1.375,0.5757792451369143,0.0,0.0
103,1,10.0,11.0,1.1,0.12222222222222222,0.2222222222222222,0.4444444444444444,0.42857142857142855,0.5714285714285714,0.14285714285714285,0.42857142857142855,0.5,0.0,0.2,0.2,0.5476190476190476,0.2999118036141458,0.3095238095238095,0.4130797993547017,NaN,NaN,NaN,NaN,1.5714285714285714,0.7867957924694431,2.05,0.8959786703810408,3.5,0.14285714285714285,0.22360679774997896,2.0,4.0,1.3888888888888888,0.5016313257045503,0.0,0.0
104,1,10.0,23.0,2.3,0.25555555555555554,0.2222222222222222,0.1111111111111111,0.14285714285714285,0.5714285714285714,0.42857142857142855,0.7142857142857143,0.5,0.0,0.6,0.4,0.8273809523809524,0.19421400744495926,0.5555555555555556,0.4714045207910317,NaN,NaN,NaN,NaN,3.2857142857142856,2.9277002188455996,1.9982142857142857,0.8165161078764882,3.125,0.2857142857142857,0.5976533204201344,2.0,5.0,1.1923076923076923,0.40191847623425025,0.0,0.0
105,1,12.0,22.0,1.8333333333333333,0.16666666666666666,0.18181818181818182,0.2727272727272727,0.1111111111111111,0.4444444444444444,0.2222222222222222,0.6666666666666666,0.5833333333333334,0.0,0.2857142857142857,0.2857142857142857,0.5111111111111111,0.3828801669220047,0.4351851851851852,0.403495529064832,NaN,NaN,NaN,NaN,2.4444444444444446,1.5898986690282428,2.0500000000000003,0.7416198487095662,3.3,0.5555555555555556,0.4762770484075699,3.0,5.0,1.3225806451612903,0.5408078385892441,0.0,0.0
106,1,11.0,15.0,1.3636363636363635,0.13636363636363635,0.2,0.3,0.375,0.5,0.375,0.5,0.5454545454545454,0.0,0.5,0.5,0.703125,0.36558111763523643,0.4375,0.49551560448255744,NaN,NaN,NaN,NaN,1.875,0.9910312089651149,2.0974025974025974,0.8726412681803184,3.571428571428571,0.25,0.38736106007821364,2.0,4.0,1.3636363636363635,0.4923659639173309,0.0,0.0
107,1,12.0,30.0,2.5,0.22727272727272727,0.18181818181818182,0.09090909090909091,0.2222222222222222,0.3333333333333333,0.2222222222222222,0.6666666666666666,0.5833333333333334,0.0,0.2857142857142857,0.42857142857142855,0.6040740740740741,0.37863869936985284,0.41358024691358025,0.40550904519367015,NaN,NaN,NaN,NaN,3.3333333333333335,2.783882181415011,2.1773809523809526,0.8215659587723202,3.2,0.4444444444444444,0.6666373439481433,2.0,6.0,1.3414634146341464,0.48009145470217324,0.0,0.0
108,1,12.0,16.0,1.3333333333333333,0.12121212121212122,0.18181818181818182,0.09090909090909091,0.3333333333333333,0.6666666666666666,0.4444444444444444,0.4444444444444444,0.5833333333333334,0.0,0.5714285714285714,0.42857142857142855,0.712962962962963,0.42309850588132825,0.4444444444444444,0.5270462766947299,NaN,NaN,NaN,NaN,1.7777777777777777,1.5634719199411433,2.0690476190476192,0.8497917093551846,3.428571428571429,0.2222222222222222,0.4591622066032756,2.0,3.0,1.3,0.4701623459816272,0.0,0.0
109,1,12.0,17.0,1.4166666666666667,0.12878787878787878,0.18181818181818182,0.18181818181818182,0.2222222222222222,0.4444444444444444,0.2222222222222222,0.3333333333333333,0.5833333333333334,0.0,0.2857142857142857,0.42857142857142855,0.3842592592592593,0.41550764726809974,0.2777777777777778,0.4409585518440985,NaN,NaN,NaN,NaN,1.8888888888888888,1.2692955176439846,2.2291666666666665,0.9502292386895942,3.75,0.3333333333333333,0.6569061845454932,3.0,5.0,1.696969696969697,0.7699370300894938,0.0,0.0
11,1,11.0,26.0,2.3636363636363638,0.23636363636363636,0.2,0.1,0.125,0.5,0.25,0.625,0.5454545454545454,0.0,0.3333333333333333,0.5,0.4895833333333333,0.39260904864682517,0.3586309523809524,0.41855439723733884,NaN,NaN,NaN,NaN,3.25,2.3754698783308417,1.9752066115702478,0.7086722646348308,3.0,0.375,0.4926284317552946,2.0,4.0,1.1666666666666667,0.3790490217894517,0.0,0.0
110,1,11.0,18.0,1.6363636363636365,0.16363636363636364,0.2,0.3,0.25,0.5,0.25,0.5,0.5454545454545454,0.0,0.3333333333333333,0.3333333333333333,0.4875,0.4371398744581302,0.3958333333333333,0.45371045238475016,NaN,NaN,NaN,NaN,2.25,1.7525491637693282,2.153030303030303,0.9296599791147712,3.6,0.375,0.558363004446866,3.0,5.0,1.4444444444444444,0.6405126152203485,0.0,0.0
111,1,11.0,27.0,2.4545454545454546,0.24545454545454545,0.2,0.1,0.125,0.375,0.25,0.5,0.5454545454545454,0.0,0.3333333333333333,0.5,0.5414663461538461,0.3881953709160298,0.3375,0.4438065859293728,NaN,NaN,NaN,NaN,3.375,3.020761493398643,2.1363636363636362,0.8632325611012681,3.375,0.5,0.6751595780557779,2.0,7.0,1.3421052631578947,0.4807829082199318,0.18181818181818182,0.0
112,1,11.0,23.0,2.090909090909091,0.20909090909090908,0.2,0.1,0.25,0.375,0.125,0.625,0.5454545454545454,0.0,0.16666666666666666,0.5,0.49609375,0.27294151445410425,0.28124999999999994,0.341964156202056,NaN,NaN,NaN,NaN,2.875,1.7268882005337975,2.1805194805194805,0.8938456865238286,3.2857142857142856,0.625,0.6054904940661354,2.0,6.0,1.3888888888888888,0.4944132324730442,0.0,0.0
113,1,12.0,26.0,2.1666666666666665,0.19696969696969696,0.18181818181818182,0.18181818181818182,0.1111111111111111,0.3333333333333333,0.2222222222222222,0.6666666666666666,0.5833333333333334,0.0,0.2857142857142857,0.2857142857142857,0.5833333333333334,0.31819805153394637,0.38333333333333336,0.4,NaN,NaN,NaN,NaN,2.888888888888889,1.90029237516523,2.2126068376068377,0.8535289654474819,3.3846153846153846,0.4444444444444444,0.7215675561072586,3.0,6.0,1.368421052631579,0.5413223364846866,0.16666666666666666,0.0
114,1,11.0,21.0,1.9090909090909092,0.19090909090909092,0.2,0.1,0.375,0.5,0.25,0.375,0.5454545454545454,0.0,0.3333333333333333,0.5,0.4375,0.4172614801981401,0.275,0.45276925690687087,NaN,NaN,NaN,NaN,2.625,3.0676887530703447,2.1363636363636362,0.8969645781999724,3.5,0.125,0.5804349764657208,2.0,4.0,1.2,0.4082482904638631,0.0,0.0
115,1,11.0,25.0,2.272727272727273,0.22727272727272727,0.2,0.1,0.25,0.25,0.125,0.625,0.5454545454545454,0.0,0.16666666666666666,0.5,0.5335648148148149,0.28452723783352446,0.31666666666666665,0.3482381961672804,NaN,NaN,NaN,NaN,3.125,2.997022331772464,2.2168831168831167,0.904990857338125,3.333333333333333,0.75,0.6535322941994546,3.0,6.0,1.3611111111111112,0.5426273532033236,0.0,0.0
116,1,9.0,11.0,1.2222222222222223,0.1527777777777778,0.25,0.375,0.3333333333333333,0.3333333333333333,0.16666666666666666,0.5,0.4444444444444444,0.0,0.25,0.25,0.49999999999999994,0.34960294939005054,0.2833333333333333,0.40207793606049397,NaN,NaN,NaN,NaN,1.8333333333333333,1.6020819787597222,2.1296296296296293,0.9710310162749187,3.5,0.3333333333333333,0.8333333333333334,3.0,5.0,1.6666666666666667,0.7302967433402214,0.2222222222222222,0.0
117,1,11.0,27.0,2.4545454545454546,0.24545454545454545,0.2,0.1,0.25,0.25,0.125,0.625,0.5454545454545454,0.0,0.16666666666666666,0.5,0.49765625,0.2798464482501329,0.26875,0.3411508882758897,NaN,NaN,NaN,NaN,3.375,3.1594529363709247,2.2606060606060607,0.8989893315172424,3.2,0.375,0.8668273647495038,3.0,7.0,1.4782608695652173,0.5472813793767886,0.36363636363636365,0.0
118,1,12.0,20.0,1.6666666666666667,0.15151515151515152,0.18181818181818182,0.36363636363636365,0.2222222222222222,0.4444444444444444,0.2222222222222222,0.6666666666666666,0.5833333333333334,0.0,0.2857142857142857,0.2857142857142857,0.5555555555555556,0.39583333333333337,0.38333333333333336,0.4,NaN,NaN,NaN,NaN,2.2222222222222223,1.6414763002993507,2.1,0.7745966692414834,3.0,0.2222222222222222,0.46157624676639003,2.0,4.0,1.2,0.4082482904638631,0.0,0.0
119,1,11.0,11.0,1.0,0.1,0.2,0.5,0.375,0.5,0.25,0.375,0.5454545454545454,0.0,0.3333333333333333,0.5,0.4583333333333333,0.43415672687643975,0.2916666666666667,0.4520675606201791,NaN,NaN,NaN,NaN,1.375,0.7440238091428449,2.083333333333333,0.8587782018658834,3.333333333333333,0.375,0.27084790170607903,3.0,4.0,1.5714285714285714,0.6761234037828133,0.0,0.0
12,1,11.0,20.0,1.8181818181818181,0.18181818181818182,0.2,0.1,0.375,0.375,0.25,0.5,0.5454545454545454,0.0,0.3333333333333333,0.3333333333333333,0.4351851851851851,0.42632831234153107,0.31666666666666665,0.4389742733901528,NaN,NaN,NaN,NaN,2.5,3.116774889895918,2.1445221445221443,0.8406403688576661,3.0,0.25,0.7015909313427486,3.0,5.0,1.3076923076923077,0.5491251783869153,0.0,0.0
120,1,12.0,16.0,1.3333333333333333,0.12121212121212122,0.18181818181818182,0.36363636363636365,0.2222222222222222,0.4444444444444444,0.2222222222222222,0.5555555555555556,0.5833333333333334,0.0,0.2857142857142857,0.2857142857142857,0.4722222222222222,0.4487637339278754,0.3796296296296296,0.42718212497860275,NaN,NaN,NaN,NaN,1.7777777777777777,1.092906420717,2.0694444444444446,0.7864327250162158,3.5,0.4444444444444444,0.40311288741492746,3.0,4.0,1.375,0.5757792451369143,0.0,0.0
121,1,11.0,18.0,1.6363636363636365,0.16363636363636364,0.2,0.1,0.5,0.375,0.25,0.5,0.5454545454545454,0.0,0.3333333333333333,0.3333333333333333,0.71875,0.24775780224127872,0.3375,0.4438065859293728,NaN,NaN,NaN,NaN,2.25,2.052872551885702,2.3055096418732783,1.0210069195703337,3.7272727272727275,0.375,0.7015347325630682,3.0,5.0,1.4827586206896552,0.6336227840855436,0.18181818181818182,0.0
122,1,12.0,28.0,2.3333333333333335,0.21212121212121213,0.18181818181818182,0.09090909090909091,0.1111111111111111,0.4444444444444444,0.3333333333333333,0.7777777777777778,0.5833333333333334,0.0,0.42857142857142855,0.42857142857142855,0.8055555555555556,0.2243818669639377,0.5109427609427608,0.42432884521409386,NaN,NaN,NaN,NaN,3.111111111111111,3.2188679859713276,2.164186507936508,0.836887359239318,3.125,0.3333333333333333,0.6549071550908752,2.0,5.0,1.1818181818181819,0.3916747259003201,0.0,0.0
123,1,12.0,26.0,2.1666666666666665,0.19696969696969696,0.18181818181818182,0.2727272727272727,0.1111111111111111,0.3333333333333333,0.2222222222222222,0.7777777777777778,0.5833333333333334,0.0,0.2857142857142857,0.2857142857142857,0.6302910052910052,0.3069438672899633,0.4084656084656085,0.382413698545796,NaN,NaN,NaN,NaN,2.888888888888889,2.088327347690278,2.339814814814815,0.9653068147172011,3.5,0.3333333333333333,0.8302413292334533,3.0,6.0,1.4761904761904763,0.5942035143723492,0.16666666666666666,0.0
124,1,10.0,11.0,1.1,0.12222222222222222,0.2222222222222222,0.4444444444444444,0.2857142857142857,0.5714285714285714,0.2857142857142857,0.42857142857142855,0.5,0.0,0.4,0.0,0.42857142857142855,0.4498677054212186,0.31428571428571433,0.4740906081772817,NaN,NaN,NaN,NaN,1.5714285714285714,1.5118578920369092,2.019047619047619,0.8504145092192112,3.333333333333333,0.2857142857142857,0.5276131088793256,3.0,4.0,1.4705882352941178,0.6242642728467978,0.0,0.0
125,1,12.0,30.0,2.5,0.22727272727272727,0.18181818181818182,0.09090909090909091,0.2222222222222222,0.3333333333333333,0.2222222222222222,0.7777777777777778,0.5833333333333334,0.0,0.2857142857142857,0.42857142857142855,0.7592171717171717,0.19424606121465085,0.41574074074074074,0.3963909327985925,NaN,NaN,NaN,NaN,3.3333333333333335,2.3979157616563596,2.2964434258551907,0.924047538806041,3.333333333333333,0.5555555555555556,0.7661957349812091,3.0,7.0,1.4130434782608696,0.5802714673714456,0.16666666666666666,0.0
126,1,11.0,29.0,2.6363636363636362,0.2636363636363636,0.2,0.1,0.25,0.375,0.25,0.625,0.5454545454545454,0.0,0.3333333333333333,0.5,0.6805555555555556,0.35135163551818727,0.36250000000000004,0.42740913821369264,NaN,NaN,NaN,NaN,3.625,3.2923070504261465,2.1893939393939394,0.8867002727739368,3.25,0.25,0.7337339367060178,2.0,6.0,1.2058823529411764,0.41042563012190475,0.18181818181818182,0.0
127,1,11.0,19.0,1.7272727272727273,0.17272727272727273,0.2,0.2,0.125,0.625,0.375,0.625,0.5454545454545454,0.0,0.5,0.3333333333333333,0.5669642857142857,0.42477234799248365,0.43452380952380953,0.48122340312875567,NaN,NaN,NaN,NaN,2.375,2.1998376563477846,1.9765151515151513,0.7512657669062611,3.2,0.375,0.4220654140949939,2.0,4.0,1.2692307692307692,0.45234432086120485,0.0,0.0
128,1,11.0,15.0,1.3636363636363635,0.13636363636363635,0.2,0.4,0.25,0.5,0.375,0.625,0.5454545454545454,0.0,0.5,0.16666666666666666,0.675,0.3845219666769934,0.4625,0.4749060057376767,NaN,NaN,NaN,NaN,1.875,1.6420805617960927,2.106060606060606,0.8572330399888264,3.333333333333333,0.25,0.7027911097298712,3.0,5.0,1.4090909090909092,0.5903260526902471,0.18181818181818182,0.0
129,1,11.0,25.0,2.272727272727273,0.22727272727272727,0.2,0.1,0.125,0.5,0.25,0.625,0.5454545454545454,0.0,0.3333333333333333,0.5,0.6651785714285714,0.3420417067471728,0.4,0.42426406871192857,NaN,NaN,NaN,NaN,3.125,3.181980515339464,2.0710743801652893,0.8186041150764729,3.1818181818181817,0.25,0.6476930878804823,2.0,5.0,1.2333333333333334,0.43018306715207627,0.18181818181818182,0.0
13,1,11.0,21.0,1.9090909090909092,0.19090909090909092,0.2,0.2,0.5,0.25,0.125,0.375,0.5454545454545454,0.0,0.16666666666666666,0.5,0.4131944444444445,0.27755447373561204,0.19166666666666665,0.349943306065879,NaN,NaN,NaN,NaN,2.625,1.9226098333849673,2.4297520661157024,1.0875162459817462,3.75,0.5,0.6824582133056234,3.0,7.0,1.4722222222222223,0.5599036198240404,0.18181818181818182,0.0
130,1,11.0,21.0,1.9090909090909092,0.19090909090909092,0.2,0.1,0.125,0.5,0.25,0.75,0.5454545454545454,0.0,0.3333333333333333,0.3333333333333333,0.6736111111111112,0.3465469624425101,0.44166666666666665,0.3947070442665684,NaN,NaN,NaN,NaN,2.625,3.0676887530703447,2.037878787878788,0.7740259437616814,3.0,0.25,0.5561108336107643,2.0,4.0,1.1666666666666667,0.3806934938134404,0.0,0.0
131,1,11.0,13.0,1.1818181818181819,0.11818181818181818,0.2,0.4,0.25,0.5,0.25,0.5,0.5454545454545454,0.0,0.3333333333333333,0.3333333333333333,0.5,0.4714045207910316,0.33333333333333337,0.4364357804719848,NaN,NaN,NaN,NaN,1.625,0.9161253813129043,2.0606060606060606,0.8140185886245244,3.333333333333333,0.375,0.4481681613576547,3.0,4.0,1.3888888888888888,0.6076849889141857,0.0,0.0
132,1,11.0,22.0,2.0,0.2,0.2,0.2,0.25,0.25,0.125,0.75,0.5454545454545454,0.0,0.16666666666666666,0.5,0.7606534090909091,0.20333420000936256,0.38958333333333334,0.34491055891461725,NaN,NaN,NaN,NaN,2.75,1.4880476182856899,2.2627705627705628,0.9275203286226376,3.4,0.625,0.73897139132795,3.0,5.0,1.5,0.6628679652796169,0.18181818181818182,0.0
133,1,11.0,27.0,2.4545454545454546,0.24545454545454545,0.2,0.1,0.125,0.5,0.25,0.625,0.5454545454545454,0.0,0.3333333333333333,0.5,0.5455246913580246,0.3839505818404516,0.3791666666666667,0.4227414309720748,NaN,NaN,NaN,NaN,3.375,3.2486260832190936,2.025619834710744,0.7716883849841802,3.1818181818181817,0.5,0.5238409948101918,2.0,5.0,1.1875,0.39655776945626603,0.0,0.0
134,1,11.0,15.0,1.3636363636363635,0.13636363636363635,0.2,0.4,0.5,0.25,0.125,0.5,0.5454545454545454,0.0,0.16666666666666666,0.3333333333333333,0.6574074074074073,0.15174212063174594,0.2916666666666667,0.37533054215320105,NaN,NaN,NaN,NaN,1.875,0.9910312089651149,2.5961038961038962,1.2341086332808813,4.166666666666666,0.625,0.7805102171750006,4.0,6.0,1.9487179487179487,0.9719410299611789,0.0,0.0
135,1,11.0,23.0,2.090909090909091,0.20909090909090908,0.2,0.2,0.25,0.5,0.25,0.625,0.5454545454545454,0.0,0.3333333333333333,0.5,0.5847222222222221,0.33790189344594723,0.4236111111111111,0.4323120851619491,NaN,NaN,NaN,NaN,2.875,2.6958963523950885,2.126559714795009,0.9037222202180976,3.666666666666667,0.375,0.6019683955551561,3.0,6.0,1.4444444444444444,0.6068393265551997,0.18181818181818182,0.0
136,1,9.0,21.0,2.3333333333333335,0.2916666666666667,0.25,0.125,0.16666666666666666,0.3333333333333333,0.16666666666666666,0.6666666666666666,0.5555555555555556,0.0,0.2,0.6,0.559620596205962,0.32273111856014475,0.3432539682539682,0.40507107706603124,NaN,NaN,NaN,NaN,3.5,3.2093613071762426,2.066137566137566,0.9159534778003646,3.333333333333333,0.5,0.7058878974652618,3.0,6.0,1.3571428571428572,0.5587211398983505,0.2222222222222222,0.0
137,1,12.0,35.0,2.9166666666666665,0.26515151515151514,0.18181818181818182,0.09090909090909091,0.1111111111111111,0.3333333333333333,0.2222222222222222,0.7777777777777778,0.5833333333333334,0.0,0.2857142857142857,0.42857142857142855,0.565,0.31106671310186823,0.3664983164983165,0.3880152195875417,NaN,NaN,NaN,NaN,3.888888888888889,3.2574700476153438,2.2867063492063493,0.9139212039056736,3.416666666666667,0.5555555555555556,0.8213868145344586,3.0,8.0,1.375,0.5696210012862789,0.16666666666666666,0.0
138,1,11.0,30.0,2.727272727272727,0.2727272727272727,0.2,0.1,0.25,0.375,0.125,0.625,0.5454545454545454,0.0,0.16666666666666666,0.5,0.5316358024691357,0.2846243731912848,0.32708333333333334,0.36665990253501146,NaN,NaN,NaN,NaN,3.75,3.1052950170405937,2.204112554112554,0.925834850877165,3.428571428571429,0.625,0.6191173174522797,3.0,6.0,1.3,0.5163977794943222,0.0,0.0
139,1,12.0,31.0,2.5833333333333335,0.23484848484848486,0.18181818181818182,0.09090909090909091,0.2222222222222222,0.3333333333333333,0.2222222222222222,0.4444444444444444,0.5833333333333334,0.0,0.2857142857142857,0.42857142857142855,0.4671201814058957,0.36375181599058415,0.3055555555555556,0.42898458920779164,NaN,NaN,NaN,NaN,3.4444444444444446,2.6034165586355518,2.224358974358974,0.9056978997840841,3.5,0.6666666666666666,0.6267661309533442,2.0,6.0,1.2564102564102564,0.44235903005475674,0.0,0.0
14,1,12.0,19.0,1.5833333333333333,0.14393939393939395,0.18181818181818182,0.36363636363636365,0.2222222222222222,0.4444444444444444,0.3333333333333333,0.6666666666666666,0.5833333333333334,0.0,0.42857142857142855,0.2857142857142857,0.6666666666666665,0.408248290463863,0.42592592592592593,0.447687818369061,NaN,NaN,NaN,NaN,2.111111111111111,1.2692955176439846,2.1625,0.8642193008721802,3.5,0.4444444444444444,0.6861836147973619,2.0,4.0,1.2916666666666667,0.4643056214875365,0.0,0.0
140,1,12.0,17.0,1.4166666666666667,0.12878787878787878,0.18181818181818182,0.36363636363636365,0.4444444444444444,0.3333333333333333,0.2222222222222222,0.4444444444444444,0.5833333333333334,0.0,0.2857142857142857,0.42857142857142855,0.6777777777777778,0.35978388574871506,0.30000000000000004,0.4301162633521314,NaN,NaN,NaN,NaN,1.8888888888888888,1.536590742882148,2.305555555555556,0.9342888326934143,3.5,0.3333333333333333,0.6771540309998505,3.0,5.0,1.5483870967741935,0.6238968759562409,0.16666666666666666,0.0
141,1,11.0,17.0,1.5454545454545454,0.15454545454545454,0.2,0.2,0.375,0.5,0.25,0.5,0.5454545454545454,0.0,0.3333333333333333,0.5,0.5729166666666666,0.3868818674544975,0.3645833333333333,0.4541202466447608,NaN,NaN,NaN,NaN,2.125,1.6420805617960927,2.216253443526171,1.000644670737261,3.666666666666667,0.375,0.5475610443439073,3.0,4.0,1.5185185185185186,0.642732769590452,0.0,0.0
142,1,10.0,22.0,2.2,0.24444444444444444,0.2222222222222222,0.1111111111111111,0.2857142857142857,0.42857142857142855,0.14285714285714285,0.42857142857142855,0.5,0.0,0.2,0.6,0.3682539682539683,0.3874273366852839,0.2357142857142857,0.3727312321614214,NaN,NaN,NaN,NaN,3.142857142857143,2.853569193634026,2.102777777777778,0.8830877444142824,3.2222222222222223,0.42857142857142855,0.7118865364720831,3.0,6.0,1.3666666666666667,0.5560534167675355,0.2,0.0
143,1,11.0,20.0,1.8181818181818181,0.18181818181818182,0.2,0.1,0.375,0.375,0.25,0.625,0.5454545454545454,0.0,0.3333333333333333,0.3333333333333333,0.7881944444444444,0.15848815877744035,0.4270833333333333,0.4305715562823038,NaN,NaN,NaN,NaN,2.5,1.7728105208558367,2.2353896103896105,0.9536723522641822,3.7142857142857144,0.25,0.5397988085939043,3.0,5.0,1.4848484848484849,0.6185270871803089,0.0,0.0
144,1,12.0,24.0,2.0,0.18181818181818182,0.18181818181818182,0.09090909090909091,0.2222222222222222,0.4444444444444444,0.2222222222222222,0.6666666666666666,0.5833333333333334,0.0,0.2857142857142857,0.42857142857142855,0.5766460905349793,0.38135554425692775,0.4166666666666667,0.4039733214513607,NaN,NaN,NaN,NaN,2.6666666666666665,1.8027756377319946,2.1777777777777776,0.8694980943204742,3.5,0.4444444444444444,0.4955660892275323,2.0,5.0,1.3333333333333333,0.47809144373375745,0.0,0.0
145,1,12.0,26.0,2.1666666666666665,0.19696969696969696,0.18181818181818182,0.18181818181818182,0.1111111111111111,0.3333333333333333,0.2222222222222222,0.6666666666666666,0.5833333333333334,0.0,0.2857142857142857,0.42857142857142855,0.5170068027210885,0.35516947518279823,0.38095238095238093,0.402479559628023,NaN,NaN,NaN,NaN,2.888888888888889,2.522124325070259,2.1368686868686866,0.7942651039813532,3.333333333333333,0.6666666666666666,0.6340438681645627,3.0,6.0,1.3421052631578947,0.5340470568128518,0.0,0.0
146,1,12.0,20.0,1.6666666666666667,0.15151515151515152,0.18181818181818182,0.18181818181818182,0.4444444444444444,0.3333333333333333,0.2222222222222222,0.5555555555555556,0.5833333333333334,0.0,0.2857142857142857,0.42857142857142855,0.6638888888888889,0.20808318315306287,0.32222222222222224,0.4176654695380556,NaN,NaN,NaN,NaN,2.2222222222222223,1.6414763002993509,2.405092592592592,1.0574450349169724,4.166666666666666,0.4444444444444444,0.6969996849021786,3.0,6.0,1.675,0.7298577311314225,0.0,0.0
147,1,11.0,28.0,2.5454545454545454,0.2545454545454545,0.2,0.1,0.25,0.375,0.25,0.75,0.5454545454545454,0.0,0.3333333333333333,0.5,0.8016975308641975,0.15175781418848075,0.4625,0.40254645793206373,NaN,NaN,NaN,NaN,3.5,3.070597894314954,2.209090909090909,0.9256938429681225,3.5,0.375,0.6244574364575138,3.0,6.0,1.3157894736842106,0.5253191132035964,0.0,0.0
148,1,12.0,21.0,1.75,0.1590909090909091,0.18181818181818182,0.18181818181818182,0.2222222222222222,0.4444444444444444,0.2222222222222222,0.6666666666666666,0.5833333333333334,0.0,0.2857142857142857,0.42857142857142855,0.6226851851851852,0.31774153590925963,0.37407407407407406,0.4044123918922977,NaN,NaN,NaN,NaN,2.3333333333333335,1.8708286933869707,2.182142857142857,0.877234755539548,3.4,0.3333333333333333,0.579718775023437,3.0,5.0,1.3870967741935485,0.5584155773160767,0.0,0.0
149,1,12.0,25.0,2.0833333333333335,0.1893939393939394,0.18181818181818182,0.18181818181818182,0.1111111111111111,0.4444444444444444,0.2222222222222222,0.6666666666666666,0.5833333333333334,0.0,0.2857142857142857,0.42857142857142855,0.6273148148148148,0.29764054155190056,0.4351851851851852,0.403495529064832,NaN,NaN,NaN,NaN,2.7777777777777777,2.3333333333333335,2.1237373737373737,0.8156995641792035,3.333333333333333,0.5555555555555556,0.5831253728742611,3.0,5.0,1.3235294117647058,0.5348796656113336,0.0,0.0
15,1,12.0,19.0,1.5833333333333333,0.14393939393939395,0.18181818181818182,0.2727272727272727,0.3333333333333333,0.3333333333333333,0.2222222222222222,0.5555555555555556,0.5833333333333334,0.0,0.2857142857142857,0.42857142857142855,0.5962962962962963,0.3433674920080543,0.3370370370370371,0.4151453709393201,NaN,NaN,NaN,NaN,2.111111111111111,1.536590742882148,2.4166666666666665,1.0998163299369397,4.166666666666666,0.2222222222222222,0.7146476387446843,4.0,7.0,1.6666666666666667,0.7928249671720918,0.16666666666666666,0.0
150,1,11.0,21.0,1.9090909090909092,0.19090909090909092,0.2,0.1,0.25,0.5,0.25,0.625,0.5454545454545454,0.0,0.3333333333333333,0.3333333333333333,0.5046296296296297,0.3846455316121871,0.40625,0.43057155628230376,NaN,NaN,NaN,NaN,2.625,1.7677669529663689,2.0672176308539942,0.8157560202851328,3.2727272727272725,0.375,0.46432952362626845,2.0,5.0,1.3,0.466091599699399,0.0,0.0
151,1,12.0,28.0,2.3333333333333335,0.21212121212121213,0.18181818181818182,0.09090909090909091,0.3333333333333333,0.4444444444444444,0.3333333333333333,0.6666666666666666,0.5833333333333334,0.0,0.42857142857142855,0.42857142857142855,0.8189300411522634,0.14633666161888514,0.44983164983164986,0.4604842121305215,NaN,NaN,NaN,NaN,3.111111111111111,3.257470047615344,2.2585978835978833,0.9464973283027146,3.5,0.5555555555555556,0.745360687345263,3.0,6.0,1.5,0.5457768229098153,0.16666666666666666,0.0
152,1,12.0,31.0,2.5833333333333335,0.23484848484848486,0.18181818181818182,0.09090909090909091,0.2222222222222222,0.3333333333333333,0.2222222222222222,0.5555555555555556,0.5833333333333334,0.0,0.2857142857142857,0.42857142857142855,0.40780998389694045,0.39390870072339024,0.31186868686868685,0.4218003305174259,NaN,NaN,NaN,NaN,3.4444444444444446,3.643868518179241,2.193452380952381,0.8399877325575941,3.25,0.4444444444444444,0.7000599522901783,2.0,5.0,1.2432432432432432,0.43495883620083997,0.16666666666666666,0.0
153,1,12.0,20.0,1.6666666666666667,0.15151515151515152,0.18181818181818182,0.18181818181818182,0.2222222222222222,0.4444444444444444,0.3333333333333333,0.6666666666666666,0.5833333333333334,0.0,0.42857142857142855,0.42857142857142855,0.7575757575757576,0.3830068078716527,0.437037037037037,0.4461079977752162,NaN,NaN,NaN,NaN,2.2222222222222223,1.7159383568311668,2.175925925925926,0.8454782790758587,3.111111111111111,0.1111111111111111,0.8067897381669129,2.0,4.0,1.3571428571428572,0.4879500364742666,0.3333333333333333,0.0
154,1,11.0,21.0,1.9090909090909092,0.19090909090909092,0.2,0.1,0.25,0.5,0.25,0.625,0.5454545454545454,0.0,0.3333333333333333,0.5,0.683641975308642,0.33822509625050634,0.4,0.43351644482823015,NaN,NaN,NaN,NaN,2.625,3.113908889391045,2.1333333333333333,0.9067647005823629,3.666666666666667,0.25,0.5642431837163567,3.0,4.0,1.3571428571428572,0.6214848238238695,0.0,0.0
155,1,12.0,15.0,1.25,0.11363636363636363,0.18181818181818182,0.18181818181818182,0.3333333333333333,0.5555555555555556,0.3333333333333333,0.5555555555555556,0.5833333333333334,0.0,0.42857142857142855,0.2857142857142857,0.6481481481481481,0.3379312516832344,0.42592592592592593,0.4648111258522642,NaN,NaN,NaN,NaN,1.6666666666666667,0.8660254037844386,2.220833333333333,1.0525852013308026,4.5,0.3333333333333333,0.4120795115138871,3.0,4.0,1.5769230769230769,0.7027418828034614,0.0,0.0
156,1,12.0,35.0,2.9166666666666665,0.26515151515151514,0.18181818181818182,0.09090909090909091,0.2222222222222222,0.3333333333333333,0.2222222222222222,0.6666666666666666,0.5833333333333334,0.0,0.2857142857142857,0.42857142857142855,0.6126877237988348,0.31849104410147866,0.3685185185185185,0.4130210887510303,NaN,NaN,NaN,NaN,3.888888888888889,3.0595932917809696,2.3152077497665733,0.9490722466323551,3.4705882352941178,0.5555555555555556,0.7792821543911321,3.0,7.0,1.3541666666666667,0.5645402321879862,0.16666666666666666,0.0
157,1,10.0,27.0,2.7,0.3,0.2222222222222222,0.1111111111111111,0.14285714285714285,0.42857142857142855,0.2857142857142857,0.8571428571428571,0.5,0.0,0.4,0.4,0.7678571428571429,0.19300130561282214,0.48888888888888893,0.39078900877931055,NaN,NaN,NaN,NaN,3.857142857142857,2.853569193634025,2.0976461038961043,0.876542876327613,3.1818181818181817,0.42857142857142855,0.7288796805668734,2.0,6.0,1.1935483870967742,0.40160966445124946,0.2,0.0
158,1,12.0,30.0,2.5,0.22727272727272727,0.18181818181818182,0.09090909090909091,0.3333333333333333,0.3333333333333333,0.2222222222222222,0.5555555555555556,0.5833333333333334,0.0,0.2857142857142857,0.42857142857142855,0.5913832199546485,0.30927926349122487,0.3246913580246914,0.4169176199002205,NaN,NaN,NaN,NaN,3.3333333333333335,3.082207001484488,2.385061919504644,1.0160205678971022,3.6470588235294117,0.5555555555555556,0.7946704467415832,3.0,8.0,1.4583333333333333,0.5819385554072728,0.3333333333333333,0.0
159,1,12.0,27.0,2.25,0.20454545454545456,0.18181818181818182,0.09090909090909091,0.2222222222222222,0.3333333333333333,0.2222222222222222,0.5555555555555556,0.5833333333333334,0.0,0.2857142857142857,0.42857142857142855,0.4583333333333333,0.3781753318669173,0.33730158730158727,0.4138510308516356,NaN,NaN,NaN,NaN,3.0,2.345207879911715,2.161111111111111,0.8216555513826003,3.333333333333333,0.5555555555555556,0.6039990188856392,2.0,6.0,1.3333333333333333,0.47756693294091923,0.0,0.0
16,1,12.0,18.0,1.5,0.13636363636363635,0.18181818181818182,0.18181818181818182,0.3333333333333333,0.3333333333333333,0.2222222222222222,0.5555555555555556,0.5833333333333334,0.0,0.2857142857142857,0.42857142857142855,0.6777777777777777,0.35978388574871506,0.3370370370370371,0.4151453709393201,NaN,NaN,NaN,NaN,2.0,1.5811388300841898,2.4424603174603177,1.1166022066393726,4.142857142857142,0.3333333333333333,0.8578525695474125,4.0,6.0,1.7096774193548387,0.8638498475659904,0.16666666666666666,0.0
160,1,12.0,23.0,1.9166666666666667,0.17424242424242425,0.18181818181818182,0.09090909090909091,0.3333333333333333,0.4444444444444444,0.2222222222222222,0.4444444444444444,0.5833333333333334,0.0,0.2857142857142857,0.42857142857142855,0.6624338624338625,0.3250801788804297,0.35185185185185186,0.4444444444444444,NaN,NaN,NaN,NaN,2.5555555555555554,2.3511226632776476,2.2083333333333335,0.9166666666666666,3.583333333333333,0.3333333333333333,0.5477826906290785,3.0,5.0,1.3823529411764706,0.5512908203729234,0.0,0.0
161,1,11.0,12.0,1.0909090909090908,0.10909090909090909,0.2,0.5,0.125,0.625,0.5,0.625,0.5454545454545454,0.0,0.6666666666666666,0.16666666666666666,0.734375,0.368621345595411,0.5625,0.49551560448255744,NaN,NaN,NaN,NaN,1.5,1.0690449676496976,1.981818181818182,0.7833494518006402,3.5,0.375,0.45418925437297475,3.0,4.0,1.3888888888888888,0.6076849889141857,0.0,0.0
162,1,10.0,18.0,1.8,0.2,0.2222222222222222,0.1111111111111111,0.42857142857142855,0.42857142857142855,0.14285714285714285,0.42857142857142855,0.5,0.0,0.2,0.6,0.6095238095238094,0.29920529661723827,0.3095238095238095,0.4130797993547017,NaN,NaN,NaN,NaN,2.5714285714285716,1.618347187425374,2.302020202020202,1.1673012689495554,4.0,0.42857142857142855,0.581230309726306,3.0,6.0,1.59375,0.7120789644505048,0.0,0.0
163,1,12.0,23.0,1.9166666666666667,0.17424242424242425,0.18181818181818182,0.09090909090909091,0.2222222222222222,0.5555555555555556,0.3333333333333333,0.5555555555555556,0.5833333333333334,0.0,0.42857142857142855,0.42857142857142855,0.5683269476372925,0.4505949118416562,0.39057239057239057,0.4705379676303885,NaN,NaN,NaN,NaN,2.5555555555555554,3.2829526005987018,2.0944444444444446,0.8152378760906502,3.333333333333333,0.2222222222222222,0.6186389071960364,3.0,5.0,1.3823529411764706,0.5512908203729235,0.16666666666666666,0.0
164,1,12.0,20.0,1.6666666666666667,0.15151515151515152,0.18181818181818182,0.09090909090909091,0.3333333333333333,0.4444444444444444,0.2222222222222222,0.4444444444444444,0.5833333333333334,0.0,0.2857142857142857,0.42857142857142855,0.4861111111111111,0.44143075460496756,0.2962962962962963,0.43122707489611173,NaN,NaN,NaN,NaN,2.2222222222222223,1.922093765778466,2.15625,0.844643886767995,3.375,0.2222222222222222,0.5566582623590811,3.0,5.0,1.4193548387096775,0.5641627157943647,0.0,0.0
165,1,12.0,25.0,2.0833333333333335,0.1893939393939394,0.18181818181818182,0.09090909090909091,0.1111111111111111,0.6666666666666666,0.4444444444444444,0.5555555555555556,0.5833333333333334,0.0,0.5714285714285714,0.42857142857142855,0.6398467432950192,0.41131120310535374,0.46464646464646464,0.5111250846494849,NaN,NaN,NaN,NaN,2.7777777777777777,3.270236145058097,1.9989583333333334,0.7435414782809647,3.25,0.3333333333333333,0.5499441259497792,2.0,5.0,1.368421052631579,0.4888515295293514,0.16666666666666666,0.0
166,1,12.0,24.0,2.0,0.18181818181818182,0.18181818181818182,0.09090909090909091,0.3333333333333333,0.4444444444444444,0.3333333333333333,0.5555555555555556,0.5833333333333334,0.0,0.42857142857142855,0.42857142857142855,0.8135802469135801,0.22931579509931319,0.42760942760942755,0.4785203616958155,NaN,NaN,NaN,NaN,2.6666666666666665,3.24037034920393,2.280263157894737,0.975285441431866,3.6,0.3333333333333333,0.7132678344446062,3.0,5.0,1.4411764705882353,0.7045813917578353,0.0,0.0
167,1,12.0,30.0,2.5,0.22727272727272727,0.18181818181818182,0.09090909090909091,0.3333333333333333,0.3333333333333333,0.2222222222222222,0.6666666666666666,0.5833333333333334,0.0,0.2857142857142857,0.42857142857142855,0.7808317089018844,0.1502314533229984,0.3942760942760943,0.41358486871282074,NaN,NaN,NaN,NaN,3.3333333333333335,3.2015621187164243,2.3029891304347827,0.9240561273508363,3.333333333333333,0.4444444444444444,0.8109692374322813,3.0,7.0,1.4807692307692308,0.541978388086036,0.3333333333333333,0.0
168,1,12.0,32.0,2.6666666666666665,0.24242424242424243,0.18181818181818182,0.09090909090909091,0.2222222222222222,0.3333333333333333,0.2222222222222222,0.6666666666666666,0.5833333333333334,0.0,0.2857142857142857,0.42857142857142855,0.6900462962962962,0.23804406898905128,0.40379990379990377,0.4095188774595797,NaN,NaN,NaN,NaN,3.5555555555555554,3.3952581312438936,2.290017651430695,0.9307364063590582,3.666666666666667,0.4444444444444444,0.7806873947992347,3.0,7.0,1.4042553191489362,0.577083162874525,0.0,0.0
169,1,12.0,25.0,2.0833333333333335,0.1893939393939394,0.18181818181818182,0.09090909090909091,0.2222222222222222,0.4444444444444444,0.2222222222222222,0.5555555555555556,0.5833333333333334,0.0,0.2857142857142857,0.42857142857142855,0.465432098765432,0.39801569717650914,0.35353535353535354,0.4195492574545572,NaN,NaN,NaN,NaN,2.7777777777777777,3.270236145058097,2.160763888888889,0.8458388534178237,3.2,0.4444444444444444,0.7357558235885358,3.0,6.0,1.3714285714285714,0.5469549011258115,0.0,0.0
17,1,12.0,16.0,1.3333333333333333,0.12121212121212122,0.18181818181818182,0.45454545454545453,0.4444444444444444,0.4444444444444444,0.3333333333333333,0.5555555555555556,0.5833333333333334,0.0,0.42857142857142855,0.2857142857142857,0.7818930041152263,0.210691952665136,0.4351851851851852,0.47466687473986285,NaN,NaN,NaN,NaN,1.7777777777777777,1.2018504251546631,2.230324074074074,0.9207983549379396,3.5555555555555554,0.3333333333333333,0.5061471088856809,3.0,5.0,1.4814814814814814,0.5798123284152693,0.0,0.0
170,1,11.0,18.0,1.6363636363636365,0.16363636363636364,0.2,0.2,0.5,0.25,0.125,0.375,0.5454545454545454,0.0,0.16666666666666666,0.5,0.44791666666666663,0.33015598766412857,0.2708333333333333,0.39778653444294343,NaN,NaN,NaN,NaN,2.25,1.7525491637693282,2.51010101010101,1.2387314752556347,4.5,0.5,0.7579762260993947,4.0,6.0,1.7096774193548387,0.9378538758639952,0.18181818181818182,0.0
171,1,11.0,15.0,1.3636363636363635,0.13636363636363635,0.2,0.1,0.25,0.625,0.375,0.5,0.5454545454545454,0.0,0.5,0.5,0.6875,0.37201190457142247,0.4375,0.49551560448255744,NaN,NaN,NaN,NaN,1.875,1.3562026818605375,2.064935064935065,0.8744995918684626,3.428571428571429,0.25,0.5555620342997678,3.0,4.0,1.4166666666666667,0.5835920751217649,0.18181818181818182,0.0
172,1,12.0,31.0,2.5833333333333335,0.23484848484848486,0.18181818181818182,0.09090909090909091,0.2222222222222222,0.3333333333333333,0.2222222222222222,0.6666666666666666,0.5833333333333334,0.0,0.2857142857142857,0.42857142857142855,0.5619047619047619,0.3097349325763077,0.36481481481481487,0.39777545002422565,NaN,NaN,NaN,NaN,3.4444444444444446,2.7436796055257213,2.3877684407096176,1.0184117286518635,3.6,0.5555555555555556,0.8602501089848813,3.0,8.0,1.4130434782608696,0.6173810980989416,0.16666666666666666,0.0
173,1,12.0,22.0,1.8333333333333333,0.16666666666666666,0.18181818181818182,0.18181818181818182,0.2222222222222222,0.3333333333333333,0.2222222222222222,0.4444444444444444,0.5833333333333334,0.0,0.2857142857142857,0.42857142857142855,0.48888888888888893,0.44495630247374973,0.3055555555555556,0.42898458920779164,NaN,NaN,NaN,NaN,2.4444444444444446,1.5898986690282428,2.111111111111111,0.7632113616106501,3.166666666666667,0.5555555555555556,0.5608692490895847,2.0,5.0,1.2222222222222223,0.4236592728681617,0.0,0.0
174,1,10.0,12.0,1.2,0.13333333333333333,0.2222222222222222,0.3333333333333333,0.2857142857142857,0.5714285714285714,0.42857142857142855,0.7142857142857143,0.5,0.0,0.6,0.4,0.875,0.21650635094610965,0.5285714285714286,0.47157284949512557,NaN,NaN,NaN,NaN,1.7142857142857142,1.496026483086191,2.0714285714285716,0.9694891938810635,4.0,0.14285714285714285,0.44537755067681273,3.0,4.0,1.2857142857142858,0.6112498455021266,0.0,0.0
175,1,11.0,25.0,2.272727272727273,0.22727272727272727,0.2,0.1,0.125,0.5,0.375,0.875,0.5454545454545454,0.0,0.5,0.3333333333333333,0.783203125,0.21351330931051624,0.525,0.41576092031014994,NaN,NaN,NaN,NaN,3.125,3.044315545875155,2.036210847975554,0.772404268872056,3.0,0.375,0.6092395788521077,2.0,6.0,1.3142857142857143,0.47100821595360554,0.0,0.0
176,1,12.0,27.0,2.25,0.20454545454545456,0.18181818181818182,0.09090909090909091,0.1111111111111111,0.4444444444444444,0.3333333333333333,0.7777777777777778,0.5833333333333334,0.0,0.42857142857142855,0.2857142857142857,0.7077777777777778,0.34466569954732146,0.4868686868686869,0.42421807289419466,NaN,NaN,NaN,NaN,3.0,3.3541019662496847,2.1615497076023393,0.8313664215848658,3.105263157894737,0.2222222222222222,0.7669468720624554,3.0,6.0,1.25,0.508000508000762,0.16666666666666666,0.0
177,1,12.0,16.0,1.3333333333333333,0.12121212121212122,0.18181818181818182,0.36363636363636365,0.3333333333333333,0.4444444444444444,0.3333333333333333,0.5555555555555556,0.5833333333333334,0.0,0.42857142857142855,0.2857142857142857,0.6527777777777778,0.4497298571858938,0.41111111111111115,0.4702245326555295,NaN,NaN,NaN,NaN,1.7777777777777777,1.3944333775567928,2.1527777777777777,0.8332070611402705,3.333333333333333,0.3333333333333333,0.6410892062500899,2.0,5.0,1.2857142857142858,0.4629100498862757,0.0,0.0
178,1,11.0,28.0,2.5454545454545454,0.2545454545454545,0.2,0.2,0.125,0.25,0.125,0.75,0.5454545454545454,0.0,0.16666666666666666,0.3333333333333333,0.553125,0.2873640983143162,0.353125,0.3397576604833846,NaN,NaN,NaN,NaN,3.5,2.32992949004287,2.258387445887446,0.9435085402598044,3.571428571428571,0.5,0.7336823999562528,3.0,6.0,1.358974358974359,0.5843205450138103,0.18181818181818182,0.0
179,1,12.0,20.0,1.6666666666666667,0.15151515151515152,0.18181818181818182,0.36363636363636365,0.2222222222222222,0.4444444444444444,0.2222222222222222,0.5555555555555556,0.5833333333333334,0.0,0.2857142857142857,0.42857142857142855,0.5,0.31868871959954903,0.3277777777777778,0.41616636630612575,NaN,NaN,NaN,NaN,2.2222222222222223,1.6414763002993507,2.1619047619047618,0.8416199004868442,3.2,0.3333333333333333,0.6481884199151798,2.0,5.0,1.3333333333333333,0.4794633014853841,0.0,0.0
18,1,10.0,21.0,2.1,0.23333333333333334,0.2222222222222222,0.1111111111111111,0.14285714285714285,0.42857142857142855,0.14285714285714285,0.5714285714285714,0.5,0.0,0.2,0.4,0.35416666666666663,0.3512955519428261,0.2936507936507936,0.36671476356025146,NaN,NaN,NaN,NaN,3.0,2.886751345948129,2.0428571428571427,0.8377283949429108,3.333333333333333,0.5714285714285714,0.563869599820727,2.0,4.0,1.2,0.4082482904638631,0.0,0.0
180,1,11.0,15.0,1.3636363636363635,0.13636363636363635,0.2,0.3,0.125,0.625,0.375,0.625,0.5454545454545454,0.0,0.5,0.3333333333333333,0.6614583333333333,0.3453471194848857,0.5208333333333333,0.46664540767903895,NaN,NaN,NaN,NaN,1.875,1.4577379737113252,2.022727272727273,0.8400486998869877,3.5,0.375,0.48057505236162745,3.0,4.0,1.380952380952381,0.5895922723535711,0.0,0.0
181,1,11.0,22.0,2.0,0.2,0.2,0.2,0.25,0.375,0.25,0.625,0.5454545454545454,0.0,0.3333333333333333,0.5,0.6954022988505747,0.31861213578795533,0.3645833333333333,0.42710148045069407,NaN,NaN,NaN,NaN,2.75,1.9820624179302297,2.1395021645021646,0.8462932411708932,3.142857142857143,0.5,0.6732121178822729,3.0,7.0,1.4285714285714286,0.5576059269303898,0.18181818181818182,0.0
182,1,12.0,24.0,2.0,0.18181818181818182,0.18181818181818182,0.36363636363636365,0.1111111111111111,0.4444444444444444,0.3333333333333333,0.7777777777777778,0.5833333333333334,0.0,0.42857142857142855,0.42857142857142855,0.7314814814814815,0.21572534120845926,0.4666666666666667,0.4284986710727481,NaN,NaN,NaN,NaN,2.6666666666666665,1.8027756377319946,2.1419642857142858,0.8347343086009303,3.428571428571429,0.5555555555555556,0.6409296320341741,3.0,5.0,1.4,0.6039088361275576,0.0,0.0
183,1,12.0,28.0,2.3333333333333335,0.21212121212121213,0.18181818181818182,0.09090909090909091,0.2222222222222222,0.3333333333333333,0.2222222222222222,0.5555555555555556,0.5833333333333334,0.0,0.2857142857142857,0.42857142857142855,0.7467206790123456,0.20826178684015276,0.3611111111111111,0.42491829279939874,NaN,NaN,NaN,NaN,3.111111111111111,2.0275875100994063,2.3505772005772005,0.9725414693488105,3.466666666666667,0.4444444444444444,0.7310271596897393,2.0,6.0,1.3571428571428572,0.4849656045851726,0.16666666666666666,0.0
184,1,11.0,23.0,2.090909090909091,0.20909090909090908,0.2,0.1,0.25,0.25,0.125,0.5,0.5454545454545454,0.0,0.16666666666666666,0.3333333333333333,0.328125,0.34678047296318665,0.25,0.3535533905932738,NaN,NaN,NaN,NaN,2.875,1.8850918886280925,2.1611570247933884,0.8416737644539584,3.2727272727272725,0.5,0.6140138709170199,2.0,6.0,1.2903225806451613,0.4614143753790638,0.0,0.0
185,1,12.0,34.0,2.8333333333333335,0.25757575757575757,0.18181818181818182,0.09090909090909091,0.1111111111111111,0.3333333333333333,0.2222222222222222,0.8888888888888888,0.5833333333333334,0.0,0.2857142857142857,0.42857142857142855,0.7948853615520282,0.1691831519019821,0.44057239057239056,0.37263316268312924,NaN,NaN,NaN,NaN,3.7777777777777777,3.2702361450580977,2.273937747035573,0.8918672619131216,3.1818181818181817,0.4444444444444444,0.8085065717130248,3.0,6.0,1.2439024390243902,0.4889012070387046,0.16666666666666666,0.0
186,1,12.0,28.0,2.3333333333333335,0.21212121212121213,0.18181818181818182,0.18181818181818182,0.2222222222222222,0.3333333333333333,0.2222222222222222,0.6666666666666666,0.5833333333333334,0.0,0.2857142857142857,0.42857142857142855,0.6983713624338624,0.20782947695356385,0.404320987654321,0.40851071145288476,NaN,NaN,NaN,NaN,3.111111111111111,2.472066162365221,2.304563492063492,0.9216281976298207,3.25,0.3333333333333333,0.8359534584420832,3.0,8.0,1.5,0.618852747755276,0.16666666666666666,0.0
187,1,11.0,24.0,2.1818181818181817,0.21818181818181817,0.2,0.1,0.25,0.375,0.25,0.625,0.5454545454545454,0.0,0.3333333333333333,0.3333333333333333,0.5434027777777778,0.3328731529197635,0.33125000000000004,0.4250525177635616,NaN,NaN,NaN,NaN,3.0,3.251373336211726,2.109090909090909,0.808989892683862,3.0,0.375,0.6714262465147284,3.0,5.0,1.34375,0.5453247035098121,0.0,0.0
188,1,11.0,18.0,1.6363636363636365,0.16363636363636364,0.2,0.3,0.5,0.375,0.25,0.5,0.5454545454545454,0.0,0.3333333333333333,0.3333333333333333,0.7129629629629629,0.18650324584142403,0.3645833333333333,0.4541202466447608,NaN,NaN,NaN,NaN,2.25,1.3887301496588271,2.4119047619047618,1.1313933977216604,3.9,0.625,0.7063878124973604,3.0,5.0,1.6111111111111112,0.6877614942811737,0.18181818181818182,0.0
189,1,11.0,25.0,2.272727272727273,0.22727272727272727,0.2,0.1,0.125,0.375,0.25,0.75,0.5454545454545454,0.0,0.3333333333333333,0.5,0.7299933862433862,0.1874582948681781,0.4375,0.4051993434551788,NaN,NaN,NaN,NaN,3.125,2.2320714274285347,2.225,0.9364160400164021,3.6,0.25,0.7187344201209976,3.0,5.0,1.3636363636363635,0.5487589303477107,0.0,0.0
19,1,12.0,19.0,1.5833333333333333,0.14393939393939395,0.18181818181818182,0.36363636363636365,0.3333333333333333,0.3333333333333333,0.2222222222222222,0.6666666666666666,0.5833333333333334,0.0,0.2857142857142857,0.42857142857142855,0.7291666666666666,0.21423920626253265,0.38333333333333336,0.4,NaN,NaN,NaN,NaN,2.111111111111111,1.4529663145135578,2.2201388888888887,0.8654234843353034,3.5,0.4444444444444444,0.570171408742694,2.0,6.0,1.3793103448275863,0.4938039737912401,0.0,0.0
190,1,10.0,16.0,1.6,0.17777777777777778,0.2222222222222222,0.1111111111111111,0.2857142857142857,0.5714285714285714,0.2857142857142857,0.42857142857142855,0.5,0.0,0.4,0.4,0.5,0.5,0.3174603174603175,0.4732714766944626,NaN,NaN,NaN,NaN,2.2857142857142856,2.984084768360628,1.9833333333333332,0.7952404714345261,3.0,0.14285714285714285,0.5506729889333059,2.0,4.0,1.1666666666666667,0.3834824944236852,0.0,0.0
191,1,12.0,26.0,2.1666666666666665,0.19696969696969696,0.18181818181818182,0.09090909090909091,0.3333333333333333,0.3333333333333333,0.2222222222222222,0.5555555555555556,0.5833333333333334,0.0,0.2857142857142857,0.2857142857142857,0.68,0.23729377011066546,0.4074074074074074,0.4258252699098859,NaN,NaN,NaN,NaN,2.888888888888889,1.8333333333333333,2.480692918192918,1.1184653613453235,3.9230769230769234,0.5555555555555556,0.7384035723471911,3.0,6.0,1.5454545454545454,0.6631336970863542,0.0,0.0
192,1,11.0,26.0,2.3636363636363638,0.23636363636363636,0.2,0.1,0.25,0.375,0.125,0.75,0.5454545454545454,0.0,0.16666666666666666,0.3333333333333333,0.6516203703703703,0.17392608112942967,0.38958333333333334,0.34491055891461725,NaN,NaN,NaN,NaN,3.25,3.011881234615431,2.173160173160173,0.8817300884491355,3.333333333333333,0.5,0.6141565017296324,3.0,5.0,1.2941176470588236,0.5239368319955838,0.0,0.0
193,1,11.0,11.0,1.0,0.1,0.2,0.5,0.375,0.5,0.25,0.5,0.5454545454545454,0.0,0.3333333333333333,0.16666666666666666,0.5625,0.4172614801981401,0.35416666666666663,0.44039574554985506,NaN,NaN,NaN,NaN,1.375,0.7440238091428449,2.0681818181818183,0.8069302098920101,3.0,0.125,0.26111648393354675,2.0,3.0,1.3529411764705883,0.49259218307188907,0.0,0.0
194,1,11.0,18.0,1.6363636363636365,0.16363636363636364,0.2,0.3,0.375,0.5,0.25,0.5,0.5454545454545454,0.0,0.3333333333333333,0.5,0.36607142857142855,0.4410388941153024,0.34375,0.4419417382415922,NaN,NaN,NaN,NaN,2.25,2.434865792722759,2.272727272727273,1.1037127426019047,4.0,0.0,0.802365782965103,3.0,5.0,1.2380952380952381,0.5389584311207967,0.0,0.0
195,1,12.0,24.0,2.0,0.18181818181818182,0.18181818181818182,0.2727272727272727,0.2222222222222222,0.3333333333333333,0.2222222222222222,0.6666666666666666,0.5833333333333334,0.0,0.2857142857142857,0.14285714285714285,0.6881613756613757,0.22119011666950697,0.4212962962962963,0.41271272105843404,NaN,NaN,NaN,NaN,2.6666666666666665,2.2912878474779204,2.38260582010582,1.0075038815625845,3.666666666666667,0.4444444444444444,0.8413056322440672,3.0,6.0,1.55,0.7143223433831607,0.16666666666666666,0.0
196,1,11.0,24.0,2.1818181818181817,0.21818181818181817,0.2,0.1,0.125,0.375,0.125,0.875,0.5454545454545454,0.0,0.16666666666666666,0.5,0.7073412698412699,0.20969885064468807,0.4739583333333333,0.32038659373395206,NaN,NaN,NaN,NaN,3.0,2.138089935299395,2.1113636363636363,0.820926582920455,3.125,0.375,0.5756287913532319,3.0,5.0,1.2903225806451613,0.5287436926083547,0.0,0.0
197,1,12.0,17.0,1.4166666666666667,0.12878787878787878,0.18181818181818182,0.36363636363636365,0.4444444444444444,0.3333333333333333,0.2222222222222222,0.4444444444444444,0.5833333333333334,0.0,0.2857142857142857,0.42857142857142855,0.7513227513227512,0.2648939566393434,0.35185185185185186,0.4444444444444444,NaN,NaN,NaN,NaN,1.8888888888888888,1.1666666666666667,2.4543650793650795,1.0955889863908552,4.0,0.3333333333333333,0.7032379759325079,3.0,5.0,1.625,0.7071067811865476,0.16666666666666666,0.0
198,1,11.0,28.0,2.5454545454545454,0.2545454545454545,0.2,0.1,0.125,0.5,0.25,0.75,0.5454545454545454,0.0,0.3333333333333333,0.5,0.6453993055555555,0.32447533825567265,0.462797619047619,0.4009139572698696,NaN,NaN,NaN,NaN,3.5,2.2038926600773587,2.035955710955711,0.7757067388218546,3.1538461538461537,0.5,0.4801733447083641,2.0,5.0,1.2,0.40583972495671394,0.0,0.0
199,1,11.0,18.0,1.6363636363636365,0.16363636363636364,0.2,0.1,0.25,0.375,0.125,0.375,0.5454545454545454,0.0,0.16666666666666666,0.3333333333333333,0.328125,0.34678047296318665,0.21875,0.3644344934278313,NaN,NaN,NaN,NaN,2.25,1.8322507626258087,2.131313131313131,0.8886363277561055,3.5,0.625,0.4545421535497751,3.0,5.0,1.3461538461538463,0.5615911461059686,0.0,0.0
2,1,11.0,15.0,1.3636363636363635,0.13636363636363635,0.2,0.2,0.375,0.5,0.25,0.5,0.5454545454545454,0.0,0.3333333333333333,0.3333333333333333,0.4444444444444444,0.42439914991428973,0.3645833333333333,0.4541202466447608,NaN,NaN,NaN,NaN,1.875,1.246423454758225,2.206060606060606,1.0265171083510367,4.0,0.25,0.4951831471348244,3.0,5.0,1.48,0.6531972647421808,0.0,0.0
20,1,12.0,20.0,1.6666666666666667,0.15151515151515152,0.18181818181818182,0.18181818181818182,0.3333333333333333,0.4444444444444444,0.2222222222222222,0.5555555555555556,0.5833333333333334,0.0,0.2857142857142857,0.42857142857142855,0.5814814814814814,0.3078198928265571,0.337037037037037,0.4151453709393201,NaN,NaN,NaN,NaN,2.2222222222222223,1.3944333775567925,2.198611111111111,0.9057185978278122,3.8,0.3333333333333333,0.48034770544747585,3.0,6.0,1.5405405405405406,0.6495551723463696,0.0,0.0
200,1,11.0,17.0,1.5454545454545454,0.15454545454545454,0.2,0.1,0.375,0.5,0.25,0.375,0.5454545454545454,0.0,0.3333333333333333,0.5,0.5694444444444444,0.4949034787337695,0.275,0.45276925690687087,NaN,NaN,NaN,NaN,2.125,3.181980515339464,2.0833333333333335,0.8224286527650219,3.0,0.125,0.6053276539424338,2.0,4.0,1.1578947368421053,0.3746343246326776,0.0,0.0
201,1,12.0,36.0,3.0,0.2727272727272727,0.18181818181818182,0.09090909090909091,0.2222222222222222,0.3333333333333333,0.2222222222222222,0.7777777777777778,0.5833333333333334,0.0,0.2857142857142857,0.42857142857142855,0.7640946502057612,0.16850899684242962,0.44304152637485966,0.39800397443757574,NaN,NaN,NaN,NaN,4.0,3.605551275463989,2.3056742853510586,0.9472521180916106,3.571428571428571,0.6666666666666666,0.76092457380963,3.0,7.0,1.3191489361702127,0.5152619839638948,0.0,0.0
202,1,10.0,21.0,2.1,0.23333333333333334,0.2222222222222222,0.1111111111111111,0.14285714285714285,0.42857142857142855,0.2857142857142857,0.7142857142857143,0.5,0.0,0.4,0.4,0.689935064935065,0.3628491885731178,0.4246031746031746,0.42814867450215716,NaN,NaN,NaN,NaN,3.0,3.0,2.0766666666666667,0.8502795473501497,3.0,0.2857142857142857,0.7760740978096133,2.0,5.0,1.173913043478261,0.3875533878815898,0.2,0.0
203,1,9.0,23.0,2.5555555555555554,0.3194444444444444,0.25,0.125,0.16666666666666666,0.3333333333333333,0.16666666666666666,0.6666666666666666,0.4444444444444444,0.0,0.25,0.75,0.6409313725490196,0.2536249592486195,0.34722222222222227,0.3742275995918744,NaN,NaN,NaN,NaN,3.8333333333333335,2.7141603981096374,2.0908289241622575,0.9169424369690007,3.2222222222222223,0.5,0.7168282261962704,2.0,6.0,1.25,0.44095855184409843,0.2222222222222222,0.0
204,1,11.0,12.0,1.0909090909090908,0.10909090909090909,0.2,0.4,0.375,0.375,0.25,0.375,0.5454545454545454,0.0,0.3333333333333333,0.5,0.5,0.3779644730092272,0.3125,0.45806269065645216,NaN,NaN,NaN,NaN,1.5,0.7559289460184544,2.272727272727273,1.057441165352389,4.0,0.5,0.5276448530110863,3.0,5.0,1.76,0.7788880963698616,0.0,0.0
205,1,12.0,27.0,2.25,0.20454545454545456,0.18181818181818182,0.18181818181818182,0.2222222222222222,0.4444444444444444,0.3333333333333333,0.6666666666666666,0.5833333333333334,0.0,0.42857142857142855,0.42857142857142855,0.7608596250571558,0.31428614560475426,0.42283950617283955,0.4491456605790704,NaN,NaN,NaN,NaN,3.0,2.8722813232690143,2.1333333333333333,0.8060378215052751,3.0,0.1111111111111111,0.6857108940358394,2.0,7.0,1.2972972972972974,0.4633731916228157,0.0,0.0
206,1,12.0,17.0,1.4166666666666667,0.12878787878787878,0.18181818181818182,0.45454545454545453,0.2222222222222222,0.4444444444444444,0.2222222222222222,0.5555555555555556,0.5833333333333334,0.0,0.2857142857142857,0.14285714285714285,0.6296296296296295,0.3611111111111111,0.3796296296296296,0.42718212497860275,NaN,NaN,NaN,NaN,1.8888888888888888,1.0540925533894598,2.2222222222222223,0.9322594832490277,3.666666666666667,0.4444444444444444,0.5537398843113291,3.0,4.0,1.4615384615384615,0.6468860320501119,0.0,0.0
207,1,12.0,28.0,2.3333333333333335,0.21212121212121213,0.18181818181818182,0.09090909090909091,0.3333333333333333,0.5555555555555556,0.3333333333333333,0.5555555555555556,0.5833333333333334,0.0,0.42857142857142855,0.42857142857142855,0.6311111111111112,0.39586754238142735,0.42760942760942755,0.4785203616958155,NaN,NaN,NaN,NaN,3.111111111111111,3.3333333333333335,2.147263071895425,0.8805614477595756,3.375,0.3333333333333333,0.619402334409953,2.0,5.0,1.2777777777777777,0.45425676257949793,0.0,0.0
208,1,12.0,31.0,2.5833333333333335,0.23484848484848486,0.18181818181818182,0.09090909090909091,0.1111111111111111,0.4444444444444444,0.3333333333333333,0.7777777777777778,0.5833333333333334,0.0,0.42857142857142855,0.2857142857142857,0.6514814814814814,0.3530830918538672,0.4590909090909091,0.43137537104452506,NaN,NaN,NaN,NaN,3.4444444444444446,3.244653722321964,2.1432748538011697,0.811877169678963,3.052631578947368,0.3333333333333333,0.7484548122739795,3.0,7.0,1.3170731707317074,0.5214894241614063,0.16666666666666666,0.0
209,1,10.0,17.0,1.7,0.18888888888888888,0.2222222222222222,0.1111111111111111,0.2857142857142857,0.42857142857142855,0.2857142857142857,0.5714285714285714,0.5,0.0,0.4,0.4,0.7295918367346939,0.20023539219650918,0.4095238095238095,0.4673464436718208,NaN,NaN,NaN,NaN,2.4285714285714284,1.3972762620115438,2.168181818181818,0.9575856134684366,3.333333333333333,0.42857142857142855,0.7240311839999093,2.0,4.0,1.3478260869565217,0.486984753557674,0.2,0.0
21,1,12.0,21.0,1.75,0.1590909090909091,0.18181818181818182,0.18181818181818182,0.3333333333333333,0.4444444444444444,0.2222222222222222,0.4444444444444444,0.5833333333333334,0.0,0.2857142857142857,0.2857142857142857,0.5,0.36055512754639896,0.30000000000000004,0.4301162633521314,NaN,NaN,NaN,NaN,2.3333333333333335,2.0615528128088303,2.267857142857143,0.9689641199121769,3.7142857142857144,0.4444444444444444,0.6712810021007961,3.0,6.0,1.5,0.609449400220044,0.16666666666666666,0.0
210,1,11.0,17.0,1.5454545454545454,0.15454545454545454,0.2,0.2,0.125,0.625,0.375,0.625,0.5454545454545454,0.0,0.5,0.3333333333333333,0.6190476190476191,0.4517539514526256,0.4322916666666667,0.4828083663844214,NaN,NaN,NaN,NaN,2.125,2.4748737341529163,1.9311294765840221,0.698955131117252,3.0,0.25,0.46987662598282776,2.0,4.0,1.1111111111111112,0.32338083338177726,0.0,0.0
211,1,11.0,27.0,2.4545454545454546,0.24545454545454545,0.2,0.1,0.125,0.375,0.25,0.875,0.5454545454545454,0.0,0.3333333333333333,0.5,0.7994791666666666,0.14344883047374668,0.47361111111111115,0.3834742092185633,NaN,NaN,NaN,NaN,3.375,2.8252686345094435,2.2428471316031127,0.9604290469384619,3.666666666666667,0.625,0.7672632524767442,3.0,5.0,1.3529411764705883,0.5970814340265321,0.0,0.0
212,1,11.0,18.0,1.6363636363636365,0.16363636363636364,0.2,0.3,0.5,0.25,0.125,0.375,0.5454545454545454,0.0,0.16666666666666666,0.5,0.375,0.2781743201320935,0.18125,0.3463457191057183,NaN,NaN,NaN,NaN,2.25,1.5811388300841898,2.3424242424242427,1.0048870482785515,3.666666666666667,0.375,0.7008165172494675,3.0,7.0,1.5833333333333333,0.6035608621222174,0.18181818181818182,0.0
213,1,11.0,23.0,2.090909090909091,0.20909090909090908,0.2,0.1,0.125,0.5,0.375,0.75,0.5454545454545454,0.0,0.5,0.3333333333333333,0.6515625,0.36082974195397394,0.4657738095238095,0.45645487044486055,NaN,NaN,NaN,NaN,2.875,2.295181287579947,2.0,0.7362064927722385,3.0,0.375,0.5581944353609988,2.0,4.0,1.2222222222222223,0.4236592728681617,0.0,0.0
214,1,12.0,29.0,2.4166666666666665,0.2196969696969697,0.18181818181818182,0.09090909090909091,0.1111111111111111,0.5555555555555556,0.4444444444444444,0.8888888888888888,0.5833333333333334,0.0,0.5714285714285714,0.42857142857142855,0.8941798941798942,0.13657727682422724,0.6172839506172839,0.4010445894019947,NaN,NaN,NaN,NaN,3.2222222222222223,2.9059326290271157,2.0371527777777776,0.7643151072188064,3.25,0.4444444444444444,0.48156783961800376,2.0,5.0,1.2,0.40583972495671394,0.0,0.0
215,1,10.0,25.0,2.5,0.2777777777777778,0.2222222222222222,0.1111111111111111,0.14285714285714285,0.2857142857142857,0.14285714285714285,0.7142857142857143,0.6,0.0,0.16666666666666666,0.5,0.5683890577507599,0.36083027941476536,0.3378684807256236,0.3710931291458064,NaN,NaN,NaN,NaN,3.5714285714285716,3.2071349029490928,2.060416666666667,0.8208820957503318,3.0,0.42857142857142855,0.6613590804799866,2.0,5.0,1.1481481481481481,0.3620139928982457,0.2,0.0
216,1,11.0,12.0,1.0909090909090908,0.10909090909090909,0.2,0.3,0.25,0.625,0.5,0.625,0.6363636363636364,0.0,0.5714285714285714,0.2857142857142857,0.8333333333333333,0.3563483225498992,0.5833333333333333,0.4960158727618966,NaN,NaN,NaN,NaN,1.5,0.9258200997725514,1.9696969696969697,0.7667325399895245,3.333333333333333,0.25,0.3481553119113957,2.0,4.0,1.2941176470588236,0.4696682183138622,0.0,0.0
217,1,12.0,31.0,2.5833333333333335,0.23484848484848486,0.18181818181818182,0.18181818181818182,0.1111111111111111,0.3333333333333333,0.2222222222222222,0.8888888888888888,0.5833333333333334,0.0,0.2857142857142857,0.42857142857142855,0.8169135802469135,0.13450449346398335,0.49444444444444446,0.34600899153377823,NaN,NaN,NaN,NaN,3.4444444444444446,1.810463415200036,2.3167735042735043,0.9405209116764705,3.3846153846153846,0.4444444444444444,0.8113062798909304,3.0,8.0,1.4166666666666667,0.5773502691896257,0.16666666666666666,0.0
218,1,12.0,28.0,2.3333333333333335,0.21212121212121213,0.18181818181818182,0.09090909090909091,0.1111111111111111,0.4444444444444444,0.2222222222222222,0.7777777777777778,0.5833333333333334,0.0,0.2857142857142857,0.42857142857142855,0.6612060778727444,0.3039934101409838,0.43686868686868685,0.38461428091951555,NaN,NaN,NaN,NaN,3.111111111111111,3.1402406135694623,2.134027777777778,0.8217410250739354,3.333333333333333,0.5555555555555556,0.6177206898559194,2.0,6.0,1.4,0.4954336943068623,0.16666666666666666,0.0
219,1,12.0,22.0,1.8333333333333333,0.16666666666666666,0.18181818181818182,0.2727272727272727,0.3333333333333333,0.4444444444444444,0.2222222222222222,0.5555555555555556,0.5833333333333334,0.0,0.2857142857142857,0.2857142857142857,0.48148148148148145,0.403495529064832,0.3677248677248677,0.4327034785248883,NaN,NaN,NaN,NaN,2.4444444444444446,2.068278940998476,2.1068121693121693,0.7989675059732152,3.142857142857143,0.3333333333333333,0.45229263978786316,2.0,5.0,1.2903225806451613,0.4614143753790638,0.0,0.0
22,1,12.0,29.0,2.4166666666666665,0.2196969696969697,0.18181818181818182,0.09090909090909091,0.2222222222222222,0.4444444444444444,0.3333333333333333,0.7777777777777778,0.5833333333333334,0.0,0.42857142857142855,0.42857142857142855,0.8207070707070707,0.20405384244175198,0.4683501683501683,0.42720048580966363,NaN,NaN,NaN,NaN,3.2222222222222223,3.270236145058097,2.2074074074074077,0.8834725553628203,3.333333333333333,0.3333333333333333,0.7294553798061535,3.0,5.0,1.2777777777777777,0.5133147801223568,0.16666666666666666,0.0
220,1,11.0,26.0,2.3636363636363638,0.23636363636363636,0.2,0.1,0.25,0.375,0.125,0.625,0.5454545454545454,0.0,0.16666666666666666,0.5,0.4884259259259259,0.31597010242132506,0.3375,0.36533850361304954,NaN,NaN,NaN,NaN,3.25,2.9154759474226504,2.0956937799043063,0.8101147142174788,3.052631578947368,0.375,0.5541523107266407,2.0,5.0,1.21875,0.42001344064515445,0.0,0.0
221,1,12.0,14.0,1.1666666666666667,0.10606060606060606,0.18181818181818182,0.5454545454545454,0.3333333333333333,0.4444444444444444,0.2222222222222222,0.4444444444444444,0.5833333333333334,0.0,0.2857142857142857,0.2857142857142857,0.5416666666666666,0.385275875185561,0.3333333333333333,0.43301270189221935,NaN,NaN,NaN,NaN,1.5555555555555556,0.7264831572567789,2.2916666666666665,1.0103629710818451,4.0,0.1111111111111111,0.5836602955995385,3.0,5.0,1.5217391304347827,0.6653478391304606,0.0,0.0
222,1,12.0,17.0,1.4166666666666667,0.12878787878787878,0.18181818181818182,0.18181818181818182,0.3333333333333333,0.5555555555555556,0.3333333333333333,0.3333333333333333,0.5833333333333334,0.0,0.42857142857142855,0.42857142857142855,0.5925925925925924,0.4648111258522642,0.3333333333333333,0.5,NaN,NaN,NaN,NaN,1.8888888888888888,2.0275875100994063,2.086805555555556,0.8115443745634133,3.375,0.2222222222222222,0.361886030654689,2.0,4.0,1.2608695652173914,0.4489777585448795,0.0,0.0
223,1,11.0,26.0,2.3636363636363638,0.23636363636363636,0.2,0.1,0.25,0.375,0.25,0.5,0.5454545454545454,0.0,0.3333333333333333,0.5,0.5590277777777778,0.43274214352960366,0.30625,0.43951068571440083,NaN,NaN,NaN,NaN,3.25,3.2841611235921855,2.087024087024087,0.7979498181997023,3.111111111111111,0.5,0.5891563694532699,2.0,6.0,1.1666666666666667,0.3790490217894517,0.0,0.0
224,1,11.0,23.0,2.090909090909091,0.20909090909090908,0.2,0.1,0.25,0.5,0.25,0.5,0.5454545454545454,0.0,0.3333333333333333,0.5,0.45245726495726496,0.39087590626447766,0.3072916666666667,0.4426076566197344,NaN,NaN,NaN,NaN,2.875,2.6958963523950885,2.1608921381648654,0.9391849810741391,3.5454545454545454,0.5,0.6586330561496698,3.0,6.0,1.4166666666666667,0.554204706893452,0.18181818181818182,0.0
225,1,12.0,28.0,2.3333333333333335,0.21212121212121213,0.18181818181818182,0.09090909090909091,0.2222222222222222,0.3333333333333333,0.2222222222222222,0.5555555555555556,0.5833333333333334,0.0,0.2857142857142857,0.42857142857142855,0.5993650793650792,0.31321824489362105,0.35353535353535354,0.4195492574545572,NaN,NaN,NaN,NaN,3.111111111111111,3.2956199888808646,2.4603937728937733,1.1065117686909327,4.0,0.3333333333333333,0.8862404208913357,4.0,8.0,1.5957446808510638,0.8251369970070347,0.16666666666666666,0.0
226,1,12.0,33.0,2.75,0.25,0.18181818181818182,0.09090909090909091,0.3333333333333333,0.3333333333333333,0.2222222222222222,0.5555555555555556,0.5833333333333334,0.0,0.2857142857142857,0.42857142857142855,0.447661644695543,0.3721340063937249,0.2831649831649832,0.41520988063267783,NaN,NaN,NaN,NaN,3.6666666666666665,3.570714214271425,2.292211328976035,0.9140586216246372,3.333333333333333,0.4444444444444444,0.7419088458050372,2.0,8.0,1.3111111111111111,0.46817936647391795,0.16666666666666666,0.0
227,1,11.0,15.0,1.3636363636363635,0.13636363636363635,0.2,0.4,0.25,0.5,0.375,0.625,0.5454545454545454,0.0,0.5,0.3333333333333333,0.7986111111111112,0.2337062401861363,0.5416666666666666,0.46929531772445293,NaN,NaN,NaN,NaN,1.875,0.8345229603962802,2.0772727272727276,0.8430194648890488,3.5,0.375,0.3440653315592148,3.0,4.0,1.44,0.5830951894845301,0.0,0.0
228,1,12.0,25.0,2.0833333333333335,0.1893939393939394,0.18181818181818182,0.09090909090909091,0.2222222222222222,0.3333333333333333,0.2222222222222222,0.5555555555555556,0.5833333333333334,0.0,0.2857142857142857,0.42857142857142855,0.4459876543209877,0.3643315562138745,0.30864197530864196,0.41491400930385336,NaN,NaN,NaN,NaN,2.7777777777777777,2.5385910352879693,2.2673076923076922,0.9242171958684623,3.5,0.6666666666666666,0.6852109033205518,3.0,6.0,1.4444444444444444,0.6522245206957689,0.0,0.0
229,1,11.0,24.0,2.1818181818181817,0.21818181818181817,0.2,0.1,0.375,0.375,0.125,0.375,0.5454545454545454,0.0,0.16666666666666666,0.5,0.2338709677419355,0.367697466791494,0.18125,0.3463457191057183,NaN,NaN,NaN,NaN,3.0,3.7416573867739413,2.258658008658009,0.998327554255855,4.0,0.25,0.7627231790987712,3.0,5.0,1.25,0.5181877251716008,0.18181818181818182,0.0
23,1,11.0,26.0,2.3636363636363638,0.23636363636363636,0.2,0.1,0.25,0.5,0.25,0.625,0.5454545454545454,0.0,0.3333333333333333,0.5,0.5557795698924731,0.3834520501790483,0.38958333333333334,0.43633916289895985,NaN,NaN,NaN,NaN,3.25,3.654742515847438,2.085227272727273,0.8245608335240149,3.0,0.125,0.6764452121199469,2.0,6.0,1.3333333333333333,0.47809144373375745,0.18181818181818182,0.0
230,1,12.0,20.0,1.6666666666666667,0.15151515151515152,0.18181818181818182,0.2727272727272727,0.2222222222222222,0.4444444444444444,0.3333333333333333,0.6666666666666666,0.5833333333333334,0.0,0.42857142857142855,0.2857142857142857,0.6555555555555556,0.3503966006938106,0.43333333333333335,0.45276925690687087,NaN,NaN,NaN,NaN,2.2222222222222223,1.855921454276674,2.236111111111111,0.9223880220924723,3.333333333333333,0.4444444444444444,0.7403867331468622,3.0,5.0,1.5588235294117647,0.6601733689004333,0.16666666666666666,0.0
231,1,12.0,22.0,1.8333333333333333,0.16666666666666666,0.18181818181818182,0.09090909090909091,0.3333333333333333,0.4444444444444444,0.2222222222222222,0.5555555555555556,0.5833333333333334,0.0,0.2857142857142857,0.42857142857142855,0.4444444444444444,0.39086797998528583,0.35353535353535354,0.4195492574545572,NaN,NaN,NaN,NaN,2.4444444444444446,3.2446537223219645,2.297222222222222,1.0586305555757651,4.0,0.2222222222222222,0.7462991906484168,4.0,5.0,1.4137931034482758,0.7799835794659097,0.0,0.0
232,1,11.0,11.0,1.0,0.1,0.2,0.5,0.25,0.5,0.25,0.375,0.5454545454545454,0.0,0.3333333333333333,0.5,0.625,0.44320263021395917,0.3125,0.45806269065645216,NaN,NaN,NaN,NaN,1.375,0.7440238091428449,2.1818181818181817,1.0067950951590714,4.0,0.25,0.6324555320336759,3.0,4.0,1.5,0.7302967433402214,0.0,0.0
233,1,12.0,31.0,2.5833333333333335,0.23484848484848486,0.18181818181818182,0.09090909090909091,0.1111111111111111,0.3333333333333333,0.2222222222222222,0.6666666666666666,0.5833333333333334,0.0,0.2857142857142857,0.42857142857142855,0.6201814058956917,0.3095992125440708,0.39814814814814814,0.39479640009866374,NaN,NaN,NaN,NaN,3.4444444444444446,2.6034165586355518,2.167063492063492,0.826073405963495,3.333333333333333,0.5555555555555556,0.5687699717072541,2.0,6.0,1.2857142857142858,0.4572299568592126,0.0,0.0
234,1,11.0,14.0,1.2727272727272727,0.12727272727272726,0.2,0.4,0.25,0.5,0.375,0.75,0.5454545454545454,0.0,0.5,0.3333333333333333,0.828125,0.2403262291731209,0.5104166666666666,0.43742913258234867,NaN,NaN,NaN,NaN,1.75,1.164964745021435,2.06969696969697,0.8367203894378397,3.5,0.375,0.3648556675175242,3.0,4.0,1.4090909090909092,0.5903260526902471,0.0,0.0
235,1,12.0,32.0,2.6666666666666665,0.24242424242424243,0.18181818181818182,0.09090909090909091,0.1111111111111111,0.5555555555555556,0.3333333333333333,0.7777777777777778,0.5833333333333334,0.0,0.42857142857142855,0.42857142857142855,0.669138418079096,0.3362091884952172,0.4686147186147186,0.4258510176369969,NaN,NaN,NaN,NaN,3.5555555555555554,3.4681086744474685,2.0263468013468016,0.7311708685594844,3.1,0.4444444444444444,0.5920001318077907,2.0,6.0,1.2857142857142858,0.4572299568592125,0.16666666666666666,0.0
236,1,12.0,20.0,1.6666666666666667,0.15151515151515152,0.18181818181818182,0.09090909090909091,0.2222222222222222,0.5555555555555556,0.3333333333333333,0.5555555555555556,0.5833333333333334,0.0,0.42857142857142855,0.42857142857142855,0.6666666666666666,0.4506939094329987,0.4351851851851852,0.4746668747398629,NaN,NaN,NaN,NaN,2.2222222222222223,2.1081851067789197,2.0231481481481484,0.7337687463627729,3.111111111111111,0.3333333333333333,0.5062555400831158,2.0,5.0,1.2307692307692308,0.4296689244236597,0.0,0.0
237,1,12.0,30.0,2.5,0.22727272727272727,0.18181818181818182,0.09090909090909091,0.2222222222222222,0.5555555555555556,0.3333333333333333,0.6666666666666666,0.5833333333333334,0.0,0.42857142857142855,0.42857142857142855,0.744268077601411,0.32744173985384983,0.46464646464646464,0.4535342286998717,NaN,NaN,NaN,NaN,3.3333333333333335,3.4641016151377544,2.1310606060606063,0.8688399853311268,3.5,0.3333333333333333,0.6259819682126679,2.0,5.0,1.2,0.40583972495671394,0.0,0.0
238,1,12.0,23.0,1.9166666666666667,0.17424242424242425,0.18181818181818182,0.18181818181818182,0.2222222222222222,0.4444444444444444,0.2222222222222222,0.6666666666666666,0.5833333333333334,0.0,0.2857142857142857,0.42857142857142855,0.6666666666666666,0.3535533905932738,0.38359788359788355,0.3920345725469355,NaN,NaN,NaN,NaN,2.5555555555555554,2.0069324297987157,2.0884259259259257,0.776045901302105,3.2,0.4444444444444444,0.5428384170863844,2.0,4.0,1.1851851851851851,0.3958473906635696,0.0,0.0
239,1,12.0,23.0,1.9166666666666667,0.17424242424242425,0.18181818181818182,0.09090909090909091,0.1111111111111111,0.5555555555555556,0.3333333333333333,0.6666666666666666,0.5833333333333334,0.0,0.42857142857142855,0.2857142857142857,0.6222222222222222,0.4146618434874909,0.46464646464646464,0.44581257514559086,NaN,NaN,NaN,NaN,2.5555555555555554,3.3208098075285455,1.9947916666666667,0.6992580957484131,3.0,0.3333333333333333,0.5126999995374406,2.0,4.0,1.12,0.3316624790355401,0.0,0.0
24,1,11.0,17.0,1.5454545454545454,0.15454545454545454,0.2,0.2,0.5,0.375,0.125,0.25,0.5454545454545454,0.0,0.16666666666666666,0.3333333333333333,0.21875,0.3390506704651344,0.15,0.3505098327538656,NaN,NaN,NaN,NaN,2.125,2.100170061141308,2.2121212121212124,0.9192113440060967,3.5,0.25,0.5869982908527522,2.0,6.0,1.36,0.4898979485566356,0.0,0.0
240,1,12.0,31.0,2.5833333333333335,0.23484848484848486,0.18181818181818182,0.09090909090909091,0.2222222222222222,0.4444444444444444,0.2222222222222222,0.6666666666666666,0.5833333333333334,0.0,0.2857142857142857,0.42857142857142855,0.667989417989418,0.3251117279958224,0.404320987654321,0.4085107114528848,NaN,NaN,NaN,NaN,3.4444444444444446,2.9202359113225387,2.1303418803418803,0.8090293690053133,3.230769230769231,0.3333333333333333,0.5720632859980828,2.0,5.0,1.2105263157894737,0.4131549501122744,0.0,0.0
241,1,12.0,23.0,1.9166666666666667,0.17424242424242425,0.18181818181818182,0.09090909090909091,0.2222222222222222,0.4444444444444444,0.3333333333333333,0.7777777777777778,0.5833333333333334,0.0,0.42857142857142855,0.42857142857142855,0.8322440087145968,0.1820044342318469,0.4907407407407407,0.41341322405936715,NaN,NaN,NaN,NaN,2.5555555555555554,2.0069324297987157,2.240575396825397,0.9381494120333,3.625,0.3333333333333333,0.6989868290497839,3.0,6.0,1.457142857142857,0.6108266887567038,0.16666666666666666,0.0
242,1,12.0,28.0,2.3333333333333335,0.21212121212121213,0.18181818181818182,0.09090909090909091,0.1111111111111111,0.4444444444444444,0.2222222222222222,0.7777777777777778,0.5833333333333334,0.0,0.2857142857142857,0.42857142857142855,0.6475308641975308,0.29627495582870844,0.45105820105820105,0.3955734218493075,NaN,NaN,NaN,NaN,3.111111111111111,2.0275875100994063,2.1390873015873013,0.8519778596166614,3.5,0.5555555555555556,0.4929844720336967,2.0,5.0,1.325,0.4743416490252569,0.0,0.0
243,1,11.0,23.0,2.090909090909091,0.20909090909090908,0.2,0.2,0.25,0.25,0.125,0.625,0.5454545454545454,0.0,0.16666666666666666,0.5,0.49823232323232325,0.2993171982978021,0.30416666666666664,0.34246422591527137,NaN,NaN,NaN,NaN,2.875,1.7268882005337975,2.3759018759018757,1.0109645350341971,3.5,0.625,0.9425201076658818,4.0,8.0,1.6904761904761905,0.8111447868740441,0.18181818181818182,0.0
244,1,11.0,12.0,1.0909090909090908,0.10909090909090909,0.2,0.4,0.25,0.625,0.375,0.625,0.5454545454545454,0.0,0.5,0.3333333333333333,0.6458333333333334,0.3500283435235514,0.4791666666666667,0.46664540767903895,NaN,NaN,NaN,NaN,1.5,0.7559289460184544,2.0606060606060606,0.9167355346031049,4.0,0.125,0.24618298195866548,3.0,4.0,1.4736842105263157,0.696692268479466,0.0,0.0
245,1,10.0,22.0,2.2,0.24444444444444444,0.2222222222222222,0.2222222222222222,0.2857142857142857,0.2857142857142857,0.14285714285714285,0.7142857142857143,0.5,0.0,0.2,0.4,0.7603174603174603,0.14804725400354246,0.3738095238095238,0.3694160986858233,NaN,NaN,NaN,NaN,3.142857142857143,1.5735915849388864,2.2683333333333335,1.0082437976777023,3.6,0.5714285714285714,0.717639298546744,3.0,6.0,1.411764705882353,0.5569204860727307,0.2,0.0
246,1,12.0,30.0,2.5,0.22727272727272727,0.18181818181818182,0.09090909090909091,0.2222222222222222,0.3333333333333333,0.2222222222222222,0.7777777777777778,0.5833333333333334,0.0,0.2857142857142857,0.42857142857142855,0.7576588934613625,0.1703623490244618,0.4087301587301587,0.3899604608133143,NaN,NaN,NaN,NaN,3.3333333333333335,2.345207879911715,2.3752976190476187,1.000234089922125,3.466666666666667,0.5555555555555556,0.8161792172519887,3.0,6.0,1.4666666666666666,0.625227231419978,0.0,0.0
247,1,12.0,27.0,2.25,0.20454545454545456,0.18181818181818182,0.18181818181818182,0.1111111111111111,0.4444444444444444,0.3333333333333333,0.7777777777777778,0.5833333333333334,0.0,0.42857142857142855,0.42857142857142855,0.7083333333333334,0.33071891388307384,0.47619047619047616,0.4206863924782052,NaN,NaN,NaN,NaN,3.0,2.7386127875258306,2.15224358974359,0.8363408388598783,3.25,0.3333333333333333,0.6869366064243531,3.0,6.0,1.3513513513513513,0.5383212700514347,0.16666666666666666,0.0
248,1,11.0,23.0,2.090909090909091,0.20909090909090908,0.2,0.1,0.125,0.5,0.25,0.625,0.5454545454545454,0.0,0.3333333333333333,0.3333333333333333,0.5925925925925926,0.386931329074756,0.3791666666666667,0.4227414309720748,NaN,NaN,NaN,NaN,2.875,2.997022331772464,2.0106060606060607,0.7458132297950832,3.0,0.375,0.5195898859089415,2.0,4.0,1.12,0.33166247903554,0.0,0.0
249,1,12.0,21.0,1.75,0.1590909090909091,0.18181818181818182,0.18181818181818182,0.3333333333333333,0.4444444444444444,0.3333333333333333,0.6666666666666666,0.5833333333333334,0.0,0.42857142857142855,0.42857142857142855,0.8486111111111111,0.18279988679184433,0.4666666666666667,0.44440972086577946,NaN,NaN,NaN,NaN,2.3333333333333335,1.6583123951777,2.2739748677248675,0.9878171960309154,3.857142857142857,0.3333333333333333,0.5676339433039614,3.0,5.0,1.5,0.6154574548966637,0.0,0.0
25,1,11.0,14.0,1.2727272727272727,0.12727272727272726,0.2,0.5,0.25,0.375,0.25,0.5,0.5454545454545454,0.0,0.3333333333333333,0.16666666666666666,0.4895833333333333,0.47650659150323593,0.3645833333333333,0.4541202466447608,NaN,NaN,NaN,NaN,1.75,1.164964745021435,2.0303030303030307,0.748398964524277,3.0,0.375,0.5258866575192572,2.0,3.0,1.1875,0.4031128874149275,0.0,0.0
250,1,11.0,26.0,2.3636363636363638,0.23636363636363636,0.2,0.1,0.125,0.5,0.25,0.5,0.5454545454545454,0.0,0.3333333333333333,0.5,0.5115384615384615,0.37850642992938277,0.3375,0.4438065859293728,NaN,NaN,NaN,NaN,3.25,3.1509635714446826,2.0520661157024795,0.8049854052276983,3.2727272727272725,0.375,0.5996816277597641,2.0,6.0,1.3243243243243243,0.47457899787624946,0.18181818181818182,0.0
251,1,12.0,26.0,2.1666666666666665,0.19696969696969696,0.18181818181818182,0.09090909090909091,0.1111111111111111,0.4444444444444444,0.2222222222222222,0.6666666666666666,0.5833333333333334,0.0,0.2857142857142857,0.42857142857142855,0.5344650205761315,0.3805274015723858,0.37433862433862436,0.3943474218767526,NaN,NaN,NaN,NaN,2.888888888888889,2.3154073315749675,2.062962962962963,0.7442911546284906,3.166666666666667,0.5555555555555556,0.5672366833084653,3.0,6.0,1.425,0.5943106327545623,0.0,0.0
252,1,11.0,15.0,1.3636363636363635,0.13636363636363635,0.2,0.4,0.25,0.5,0.375,0.625,0.5454545454545454,0.0,0.5,0.16666666666666666,0.7109375,0.31857926099436273,0.46875,0.47127297215702313,NaN,NaN,NaN,NaN,1.875,1.1259916264596033,2.1454545454545455,0.9125389157330621,3.6,0.125,0.7679285681066212,3.0,5.0,1.380952380952381,0.5895922723535711,0.0,0.0
253,1,12.0,15.0,1.25,0.11363636363636363,0.18181818181818182,0.36363636363636365,0.3333333333333333,0.4444444444444444,0.2222222222222222,0.4444444444444444,0.5833333333333334,0.0,0.2857142857142857,0.42857142857142855,0.6296296296296295,0.3955286351638373,0.35185185185185186,0.4444444444444444,NaN,NaN,NaN,NaN,1.6666666666666667,0.8660254037844387,2.163888888888889,0.9073725342024165,3.8,0.4444444444444444,0.4039225657888391,3.0,5.0,1.48,0.6531972647421808,0.0,0.0
254,1,11.0,28.0,2.5454545454545454,0.2545454545454545,0.2,0.1,0.125,0.25,0.125,0.75,0.5454545454545454,0.0,0.16666666666666666,0.5,0.7094907407407407,0.17846177801431917,0.4,0.34133258928490334,NaN,NaN,NaN,NaN,3.5,2.7774602993176543,2.2934769775678863,0.9510147669721997,3.571428571428571,0.5,0.7101443134594254,3.0,6.0,1.375,0.5856182356695512,0.0,0.0
255,1,10.0,16.0,1.6,0.17777777777777778,0.2222222222222222,0.1111111111111111,0.42857142857142855,0.42857142857142855,0.14285714285714285,0.2857142857142857,0.5,0.0,0.2,0.4,0.19642857142857142,0.38090587513752755,0.17460317460317462,0.3732690798826936,NaN,NaN,NaN,NaN,2.2857142857142856,2.984084768360628,2.140909090909091,0.9355861241895057,3.5,0.2857142857142857,0.6507042169537803,2.0,4.0,1.1666666666666667,0.3834824944236852,0.0,0.0
256,1,11.0,14.0,1.2727272727272727,0.12727272727272726,0.2,0.4,0.125,0.5,0.375,0.625,0.5454545454545454,0.0,0.5,0.3333333333333333,0.625,0.44320263021395917,0.5,0.4629100498862757,NaN,NaN,NaN,NaN,1.75,1.164964745021435,1.9999999999999998,0.7564537145273478,3.333333333333333,0.5,0.5570340521789806,3.0,5.0,1.368421052631579,0.5972647203701474,0.0,0.0
257,1,12.0,36.0,3.0,0.2727272727272727,0.18181818181818182,0.09090909090909091,0.1111111111111111,0.4444444444444444,0.3333333333333333,0.8888888888888888,0.5833333333333334,0.0,0.42857142857142855,0.42857142857142855,0.8019566736547868,0.1707779769572307,0.5047619047619049,0.4127503019882399,NaN,NaN,NaN,NaN,4.0,3.082207001484488,2.160576923076923,0.8321677766224316,3.111111111111111,0.5555555555555556,0.717177744313284,3.0,7.0,1.3333333333333333,0.5191373094849674,0.16666666666666666,0.0
258,1,10.0,13.0,1.3,0.14444444444444443,0.2222222222222222,0.3333333333333333,0.42857142857142855,0.42857142857142855,0.2857142857142857,0.5714285714285714,0.5,0.0,0.4,0.4,0.738095238095238,0.2065398996773509,0.42857142857142855,0.46004370622823615,NaN,NaN,NaN,NaN,1.8571428571428572,1.0690449676496976,2.3,1.2292725943057181,4.5,0.2857142857142857,0.5717718748968657,4.0,5.0,1.7142857142857142,0.9023778112773575,0.0,0.0
259,1,12.0,17.0,1.4166666666666667,0.12878787878787878,0.18181818181818182,0.2727272727272727,0.2222222222222222,0.4444444444444444,0.3333333333333333,0.6666666666666666,0.5833333333333334,0.0,0.42857142857142855,0.42857142857142855,0.8055555555555556,0.2155016756830959,0.4907407407407407,0.44574462599670034,NaN,NaN,NaN,NaN,1.8888888888888888,1.0540925533894598,2.1875,0.9361733036919258,4.0,0.3333333333333333,0.44401659348961015,3.0,5.0,1.59375,0.7120789644505048,0.0,0.0
26,1,11.0,20.0,1.8181818181818181,0.18181818181818182,0.2,0.3,0.25,0.5,0.25,0.625,0.5454545454545454,0.0,0.3333333333333333,0.3333333333333333,0.6093749999999999,0.321759854020995,0.40625,0.43057155628230376,NaN,NaN,NaN,NaN,2.5,1.8516401995451028,2.0924242424242423,0.864463984095335,3.6,0.375,0.4800980650312846,3.0,4.0,1.3448275862068966,0.5526470114022356,0.0,0.0
260,1,12.0,29.0,2.4166666666666665,0.2196969696969697,0.18181818181818182,0.09090909090909091,0.3333333333333333,0.3333333333333333,0.2222222222222222,0.5555555555555556,0.5833333333333334,0.0,0.2857142857142857,0.42857142857142855,0.4951267056530214,0.3386893993270399,0.2924242424242424,0.41321157008594583,NaN,NaN,NaN,NaN,3.2222222222222223,3.270236145058097,2.2616402116402115,0.8951341709283569,3.428571428571429,0.3333333333333333,0.790259703478262,3.0,6.0,1.4186046511627908,0.5447829685617883,0.3333333333333333,0.0
261,1,12.0,30.0,2.5,0.22727272727272727,0.18181818181818182,0.18181818181818182,0.2222222222222222,0.4444444444444444,0.3333333333333333,0.7777777777777778,0.5833333333333334,0.0,0.42857142857142855,0.42857142857142855,0.8101851851851852,0.1669597656673677,0.47328042328042336,0.4403696424830623,NaN,NaN,NaN,NaN,3.3333333333333335,2.0615528128088303,2.2469907407407406,0.9421298571298297,3.5,0.5555555555555556,0.7140405020115053,3.0,7.0,1.4222222222222223,0.5430925289022995,0.16666666666666666,0.0
262,1,11.0,19.0,1.7272727272727273,0.17272727272727273,0.2,0.1,0.375,0.375,0.125,0.375,0.5454545454545454,0.0,0.16666666666666666,0.5,0.2847222222222222,0.3593516354263577,0.19166666666666665,0.349943306065879,NaN,NaN,NaN,NaN,2.375,3.1594529363709247,2.1293706293706296,0.831743148377904,3.0,0.25,0.680803603463949,2.0,5.0,1.3928571428571428,0.49734746139343805,0.0,0.0
263,1,12.0,17.0,1.4166666666666667,0.12878787878787878,0.18181818181818182,0.36363636363636365,0.2222222222222222,0.5555555555555556,0.3333333333333333,0.6666666666666666,0.5833333333333334,0.0,0.42857142857142855,0.42857142857142855,0.6319444444444444,0.33721695950497177,0.4722222222222222,0.4409585518440985,NaN,NaN,NaN,NaN,1.8888888888888888,1.0540925533894598,2.0555555555555554,0.7820373978157895,3.4,0.3333333333333333,0.4265686161846949,2.0,4.0,1.3703703703703705,0.49210287762341137,0.0,0.0
264,1,11.0,25.0,2.272727272727273,0.22727272727272727,0.2,0.1,0.125,0.625,0.375,0.625,0.5454545454545454,0.0,0.5,0.5,0.6627358490566037,0.42805513155041836,0.4357142857142857,0.47851812069840644,NaN,NaN,NaN,NaN,3.125,3.440826312717007,1.9984848484848485,0.7766185444839465,3.2,0.375,0.5972932774268092,3.0,5.0,1.411764705882353,0.6567895774291853,0.18181818181818182,0.0
265,1,12.0,19.0,1.5833333333333333,0.14393939393939395,0.18181818181818182,0.36363636363636365,0.1111111111111111,0.4444444444444444,0.3333333333333333,0.7777777777777778,0.5833333333333334,0.0,0.42857142857142855,0.2857142857142857,0.7499999999999999,0.3254270698294439,0.5185185185185185,0.40349552906483194,NaN,NaN,NaN,NaN,2.111111111111111,1.3642254619787417,2.1064814814814814,0.802793360211332,3.4444444444444446,0.4444444444444444,0.5763020339767593,3.0,5.0,1.3703703703703705,0.5648790304908823,0.0,0.0
266,1,12.0,20.0,1.6666666666666667,0.15151515151515152,0.18181818181818182,0.36363636363636365,0.1111111111111111,0.6666666666666666,0.4444444444444444,0.8888888888888888,0.5833333333333334,0.0,0.5714285714285714,0.42857142857142855,0.835185185185185,0.1867939380939381,0.6333333333333333,0.3929942040850532,NaN,NaN,NaN,NaN,2.2222222222222223,1.3017082793177757,1.9555555555555557,0.6782826402520855,3.0,0.2222222222222222,0.37368091589026164,2.0,4.0,1.2592592592592593,0.44657608470472243,0.0,0.0
267,1,12.0,10.0,0.8333333333333334,0.07575757575757576,0.18181818181818182,0.5454545454545454,0.4444444444444444,0.4444444444444444,0.2222222222222222,0.3333333333333333,0.5833333333333334,0.0,0.2857142857142857,0.2857142857142857,0.4444444444444444,0.4639803635691685,0.2777777777777778,0.4409585518440985,NaN,NaN,NaN,NaN,1.1111111111111112,0.33333333333333337,2.1666666666666665,0.8616404368553292,3.5,0.2222222222222222,0.23570226039551584,3.0,4.0,1.4705882352941178,0.6242642728467978,0.0,0.0
268,1,12.0,31.0,2.5833333333333335,0.23484848484848486,0.18181818181818182,0.09090909090909091,0.1111111111111111,0.4444444444444444,0.3333333333333333,0.7777777777777778,0.5833333333333334,0.0,0.42857142857142855,0.42857142857142855,0.715927750410509,0.25535419914296903,0.48148148148148157,0.4285346839039309,NaN,NaN,NaN,NaN,3.4444444444444446,2.4037008503093262,2.176587301587302,0.8513790293588198,3.2857142857142856,0.2222222222222222,0.6949885221442665,3.0,7.0,1.3333333333333333,0.5257592264788534,0.16666666666666666,0.0
269,1,12.0,21.0,1.75,0.1590909090909091,0.18181818181818182,0.18181818181818182,0.3333333333333333,0.4444444444444444,0.2222222222222222,0.5555555555555556,0.5833333333333334,0.0,0.2857142857142857,0.42857142857142855,0.5185185185185186,0.3607262906832872,0.35185185185185186,0.4285346839039309,NaN,NaN,NaN,NaN,2.3333333333333335,1.8027756377319946,2.2784722222222222,1.0001291478052035,3.875,0.3333333333333333,0.5550185897072593,3.0,5.0,1.5142857142857142,0.6584933146039915,0.0,0.0
27,1,12.0,26.0,2.1666666666666665,0.19696969696969696,0.18181818181818182,0.18181818181818182,0.3333333333333333,0.4444444444444444,0.2222222222222222,0.5555555555555556,0.5833333333333334,0.0,0.2857142857142857,0.2857142857142857,0.48979591836734687,0.3566528161360979,0.3194444444444444,0.41978003499187255,NaN,NaN,NaN,NaN,2.888888888888889,2.8037673068767868,2.1560606060606062,0.8359847626697379,3.2727272727272725,0.2222222222222222,0.5358919343386839,2.0,5.0,1.1935483870967742,0.40160966445124946,0.0,0.0
270,1,11.0,32.0,2.909090909090909,0.2909090909090909,0.2,0.1,0.125,0.5,0.375,0.75,0.5454545454545454,0.0,0.5,0.5,0.8395061728395062,0.16607978518316677,0.5252976190476191,0.4441808494117312,NaN,NaN,NaN,NaN,4.0,2.7255405754769875,2.121989121989122,0.8709572891894533,3.230769230769231,0.25,0.6901389831110527,2.0,6.0,1.25,0.4385290096535146,0.18181818181818182,0.0
271,1,11.0,29.0,2.6363636363636362,0.2636363636363636,0.2,0.1,0.125,0.5,0.25,0.875,0.5454545454545454,0.0,0.3333333333333333,0.5,0.7213235294117647,0.21378442766629432,0.4729166666666667,0.36339858522844004,NaN,NaN,NaN,NaN,3.625,2.8753881725529062,2.0963203463203466,0.8491768480803071,3.25,0.375,0.6406356870574776,2.0,6.0,1.325,0.4743416490252569,0.18181818181818182,0.0
272,1,12.0,15.0,1.25,0.11363636363636363,0.18181818181818182,0.36363636363636365,0.3333333333333333,0.4444444444444444,0.2222222222222222,0.4444444444444444,0.5833333333333334,0.0,0.2857142857142857,0.42857142857142855,0.5277777777777778,0.44095855184409843,0.3148148148148148,0.42853468390393096,NaN,NaN,NaN,NaN,1.6666666666666667,1.6583123951776997,2.142857142857143,0.8402005238171627,3.5,0.3333333333333333,0.4448168184136416,3.0,4.0,1.3636363636363635,0.5810872031479765,0.0,0.0
273,1,12.0,18.0,1.5,0.13636363636363635,0.18181818181818182,0.2727272727272727,0.3333333333333333,0.4444444444444444,0.2222222222222222,0.5555555555555556,0.5833333333333334,0.0,0.2857142857142857,0.42857142857142855,0.6018518518518517,0.3991696628666643,0.3703703703703704,0.4148106811963355,NaN,NaN,NaN,NaN,2.0,1.6583123951777,2.160714285714286,0.8517824811395527,3.428571428571429,0.2222222222222222,0.41593573343375073,3.0,4.0,1.3461538461538463,0.5615911461059686,0.0,0.0
274,1,12.0,21.0,1.75,0.1590909090909091,0.18181818181818182,0.18181818181818182,0.2222222222222222,0.4444444444444444,0.2222222222222222,0.4444444444444444,0.5833333333333334,0.0,0.2857142857142857,0.42857142857142855,0.45410628019323673,0.4486320780337422,0.28395061728395066,0.42350357874182487,NaN,NaN,NaN,NaN,2.3333333333333335,2.6457513110645903,2.117063492063492,0.8030976370334256,3.071428571428571,0.2222222222222222,0.5941577497557867,2.0,5.0,1.3103448275862069,0.47082361543075835,0.16666666666666666,0.0
275,1,11.0,12.0,1.0909090909090908,0.10909090909090909,0.2,0.3,0.25,0.625,0.5,0.625,0.5454545454545454,0.0,0.6666666666666666,0.3333333333333333,0.8125,0.37201190457142247,0.525,0.5119988839273549,NaN,NaN,NaN,NaN,1.5,1.4142135623730951,1.9870129870129871,0.7571551089427746,3.0,0.125,0.4762445856703612,2.0,3.0,1.2142857142857142,0.42581531362631997,0.0,0.0
276,1,11.0,25.0,2.272727272727273,0.22727272727272727,0.2,0.1,0.25,0.25,0.125,0.625,0.5454545454545454,0.0,0.16666666666666666,0.3333333333333333,0.6104166666666667,0.19739121979154406,0.3375,0.3543101950067402,NaN,NaN,NaN,NaN,3.125,2.948970764763288,2.4024064171122994,1.0447651829534692,3.75,0.375,0.8078193409782863,3.0,5.0,1.3783783783783783,0.5452497568062706,0.18181818181818182,0.0
277,1,12.0,13.0,1.0833333333333333,0.09848484848484848,0.18181818181818182,0.2727272727272727,0.4444444444444444,0.5555555555555556,0.3333333333333333,0.3333333333333333,0.5833333333333334,0.0,0.42857142857142855,0.42857142857142855,0.6111111111111112,0.4859126579037751,0.3333333333333333,0.5,NaN,NaN,NaN,NaN,1.4444444444444444,1.0137937550497031,2.2083333333333335,0.9876126709792599,4.0,0.1111111111111111,0.379777262656375,3.0,5.0,1.565217391304348,0.7277666307098063,0.0,0.0
278,1,10.0,14.0,1.4,0.15555555555555556,0.2222222222222222,0.3333333333333333,0.14285714285714285,0.5714285714285714,0.2857142857142857,0.5714285714285714,0.0,0.0,NaN,NaN,0.5595238095238094,0.4268594554522539,0.40476190476190477,0.4498677054212186,NaN,NaN,NaN,NaN,2.0,1.1547005383792515,2.0,0.8498365855987975,3.5,0.2857142857142857,0.43221891075378327,3.0,5.0,1.380952380952381,0.5895922723535711,0.0,0.0
279,1,12.0,24.0,2.0,0.18181818181818182,0.18181818181818182,0.09090909090909091,0.2222222222222222,0.4444444444444444,0.2222222222222222,0.6666666666666666,0.5833333333333334,0.0,0.2857142857142857,0.42857142857142855,0.6560846560846562,0.3347490368536961,0.39814814814814814,0.39479640009866374,NaN,NaN,NaN,NaN,2.6666666666666665,2.0615528128088303,2.1256410256410256,0.8113194171845852,3.3076923076923075,0.3333333333333333,0.4757235787933439,2.0,5.0,1.2941176470588236,0.46249729006288026,0.0,0.0
28,1,11.0,26.0,2.3636363636363638,0.23636363636363636,0.2,0.1,0.25,0.375,0.25,0.375,0.5454545454545454,0.0,0.3333333333333333,0.5,0.39699074074074076,0.4192727874451014,0.275,0.45276925690687087,NaN,NaN,NaN,NaN,3.25,3.2841611235921855,2.1495726495726495,0.8573101197296681,3.2222222222222223,0.375,0.6625342896466584,2.0,6.0,1.2,0.4068381021724863,0.0,0.0
280,1,11.0,17.0,1.5454545454545454,0.15454545454545454,0.2,0.3,0.25,0.5,0.125,0.625,0.5454545454545454,0.0,0.16666666666666666,0.3333333333333333,0.53125,0.2814979066149008,0.3229166666666667,0.34628842689754247,NaN,NaN,NaN,NaN,2.125,1.1259916264596033,2.0757575757575757,0.821122660899347,3.166666666666667,0.25,0.46376020680063174,2.0,3.0,1.3043478260869565,0.4704719688969648,0.0,0.0
281,1,11.0,19.0,1.7272727272727273,0.17272727272727273,0.2,0.1,0.25,0.5,0.25,0.375,0.5454545454545454,0.0,0.3333333333333333,0.3333333333333333,0.5104166666666666,0.39233822149435227,0.3125,0.45806269065645216,NaN,NaN,NaN,NaN,2.375,1.8468119248354136,2.2218614718614718,1.0205134196383336,3.857142857142857,0.25,0.7355661118304013,3.0,6.0,1.4838709677419355,0.625617974056345,0.18181818181818182,0.0
282,1,12.0,21.0,1.75,0.1590909090909091,0.18181818181818182,0.36363636363636365,0.2222222222222222,0.4444444444444444,0.2222222222222222,0.5555555555555556,0.5833333333333334,0.0,0.2857142857142857,0.2857142857142857,0.6674897119341563,0.3029279714566984,0.37407407407407406,0.4293980857542133,NaN,NaN,NaN,NaN,2.3333333333333335,1.5,2.170138888888889,0.8646498848670908,3.333333333333333,0.4444444444444444,0.6303409361347205,3.0,5.0,1.4242424242424243,0.5607084263625252,0.16666666666666666,0.0
283,1,11.0,22.0,2.0,0.2,0.2,0.1,0.25,0.375,0.125,0.5,0.5454545454545454,0.0,0.16666666666666666,0.16666666666666666,0.2824074074074074,0.35946238734659236,0.25416666666666665,0.3554284246924619,NaN,NaN,NaN,NaN,2.75,3.1509635714446826,2.106060606060606,0.8105989804278729,3.0,0.25,0.5920042022392877,2.0,4.0,1.16,0.37416573867739406,0.0,0.0
284,1,11.0,14.0,1.2727272727272727,0.12727272727272726,0.2,0.2,0.25,0.625,0.375,0.5,0.5454545454545454,0.0,0.5,0.3333333333333333,0.5833333333333334,0.4960158727618967,0.4375,0.49551560448255744,NaN,NaN,NaN,NaN,1.75,1.7525491637693282,1.9696969696969697,0.7483989645242771,3.166666666666667,0.25,0.3280255060216089,2.0,4.0,1.2222222222222223,0.4277926319464986,0.0,0.0
285,1,11.0,11.0,1.0,0.1,0.2,0.5,0.25,0.625,0.25,0.375,0.5454545454545454,0.0,0.3333333333333333,0.16666666666666666,0.40625,0.49888268016782117,0.28125,0.45193038338727726,NaN,NaN,NaN,NaN,1.375,1.0606601717798212,1.9545454545454546,0.7229988054812213,3.0,0.125,0.31622776601683794,2.0,3.0,1.1538461538461537,0.3755338080994054,0.0,0.0
286,1,12.0,15.0,1.25,0.11363636363636363,0.18181818181818182,0.2727272727272727,0.4444444444444444,0.4444444444444444,0.3333333333333333,0.5555555555555556,0.5833333333333334,0.0,0.42857142857142855,0.42857142857142855,0.8641975308641975,0.20621349491963042,0.42962962962962964,0.4773900235320186,NaN,NaN,NaN,NaN,1.6666666666666667,1.414213562373095,2.3005050505050506,1.0141710929698857,4.0,0.2222222222222222,0.6718413885515324,3.0,4.0,1.4782608695652173,0.6653478391304605,0.16666666666666666,0.0
287,1,10.0,19.0,1.9,0.2111111111111111,0.2222222222222222,0.1111111111111111,0.2857142857142857,0.42857142857142855,0.2857142857142857,0.42857142857142855,0.5,0.0,0.4,0.4,0.5619047619047619,0.3686175453878771,0.30612244897959184,0.4768702630835887,NaN,NaN,NaN,NaN,2.7142857142857144,2.4299715851758235,2.1994949494949494,1.0184983441249875,3.5555555555555554,0.5714285714285714,0.698149674756651,3.0,6.0,1.4137931034482758,0.5680317759792736,0.0,0.0
288,1,12.0,22.0,1.8333333333333333,0.16666666666666666,0.18181818181818182,0.09090909090909091,0.2222222222222222,0.4444444444444444,0.3333333333333333,0.5555555555555556,0.5833333333333334,0.0,0.42857142857142855,0.42857142857142855,0.7142857142857143,0.34360502508739027,0.3925925925925926,0.4695677024247875,NaN,NaN,NaN,NaN,2.4444444444444446,2.1858128414340006,2.210648148148148,0.92002433217388,3.583333333333333,0.3333333333333333,0.6002146859961418,3.0,6.0,1.4411764705882353,0.6125543375075284,0.0,0.0
289,1,11.0,19.0,1.7272727272727273,0.17272727272727273,0.2,0.1,0.25,0.375,0.25,0.625,0.5454545454545454,0.0,0.3333333333333333,0.16666666666666666,0.6380208333333334,0.32254442831046853,0.41666666666666663,0.4178554470186725,NaN,NaN,NaN,NaN,2.375,1.8468119248354136,2.102754820936639,0.8244879921013356,3.3636363636363633,0.5,0.5435717302406343,2.0,4.0,1.3076923076923077,0.4706787243316417,0.0,0.0
29,1,11.0,31.0,2.8181818181818183,0.2818181818181818,0.2,0.1,0.25,0.375,0.25,0.75,0.5454545454545454,0.0,0.3333333333333333,0.5,0.8004032258064516,0.14176307722482553,0.41458333333333336,0.416088885116462,NaN,NaN,NaN,NaN,3.875,3.48209706929603,2.26300505050505,0.9652692391163655,3.333333333333333,0.625,0.7764834099720149,3.0,7.0,1.3863636363636365,0.5376914084676803,0.18181818181818182,0.0
290,1,12.0,17.0,1.4166666666666667,0.12878787878787878,0.18181818181818182,0.2727272727272727,0.3333333333333333,0.4444444444444444,0.2222222222222222,0.4444444444444444,0.5833333333333334,0.0,0.2857142857142857,0.2857142857142857,0.46759259259259256,0.40385392634857536,0.3333333333333333,0.43301270189221935,NaN,NaN,NaN,NaN,1.8888888888888888,1.615893285805443,2.1666666666666665,0.8904657730251585,3.666666666666667,0.4444444444444444,0.40296085539465515,3.0,5.0,1.3846153846153846,0.5710988059467873,0.0,0.0
291,1,11.0,22.0,2.0,0.2,0.2,0.1,0.25,0.25,0.125,0.625,0.5454545454545454,0.0,0.16666666666666666,0.5,0.6555555555555554,0.17975095450021672,0.3125,0.36118741562566825,NaN,NaN,NaN,NaN,2.75,1.5811388300841898,2.367243867243867,1.0383918494573894,3.5,0.625,0.8253274474116984,3.0,6.0,1.5853658536585367,0.6699108058576738,0.0,0.0
292,1,12.0,18.0,1.5,0.13636363636363635,0.18181818181818182,0.36363636363636365,0.2222222222222222,0.5555555555555556,0.3333333333333333,0.7777777777777778,0.5833333333333334,0.0,0.42857142857142855,0.42857142857142855,0.8518518518518519,0.19444444444444442,0.5648148148148148,0.4077755071084222,NaN,NaN,NaN,NaN,2.0,1.118033988749895,2.069444444444444,0.8054684731753697,3.5,0.3333333333333333,0.4844158113502586,2.0,4.0,1.25,0.4423258684646914,0.0,0.0
293,1,12.0,27.0,2.25,0.20454545454545456,0.18181818181818182,0.18181818181818182,0.1111111111111111,0.4444444444444444,0.2222222222222222,0.6666666666666666,0.5833333333333334,0.0,0.2857142857142857,0.42857142857142855,0.5499999999999999,0.40623331990874606,0.33730158730158727,0.4076403254348555,NaN,NaN,NaN,NaN,3.0,2.598076211353316,2.1346153846153846,0.8368046759110999,3.3076923076923075,0.4444444444444444,0.6220904900615184,2.0,5.0,1.2424242424242424,0.43519413988924466,0.16666666666666666,0.0
294,1,11.0,16.0,1.4545454545454546,0.14545454545454545,0.2,0.4,0.25,0.25,0.125,0.375,0.5454545454545454,0.0,0.16666666666666666,0.3333333333333333,0.3125,0.3471825374147068,0.21875,0.3644344934278313,NaN,NaN,NaN,NaN,2.0,1.3093073414159542,2.090909090909091,0.7687061147858074,3.0,0.5,0.5916079783099616,2.0,4.0,1.3181818181818181,0.4767312946227962,0.0,0.0
295,1,12.0,28.0,2.3333333333333335,0.21212121212121213,0.18181818181818182,0.18181818181818182,0.2222222222222222,0.3333333333333333,0.2222222222222222,0.7777777777777778,0.5833333333333334,0.0,0.2857142857142857,0.42857142857142855,0.7967592592592592,0.15123152180259375,0.4388888888888889,0.383152131085755,NaN,NaN,NaN,NaN,3.111111111111111,1.964971020425266,2.3752879065379067,1.022946498239145,3.6923076923076925,0.6666666666666666,0.7643059097795211,3.0,6.0,1.4047619047619047,0.5868279263112164,0.0,0.0
296,1,12.0,17.0,1.4166666666666667,0.12878787878787878,0.18181818181818182,0.45454545454545453,0.2222222222222222,0.5555555555555556,0.3333333333333333,0.5555555555555556,0.5833333333333334,0.0,0.42857142857142855,0.42857142857142855,0.5944444444444444,0.4318886173283313,0.38333333333333336,0.47169905660283024,NaN,NaN,NaN,NaN,1.8888888888888888,1.536590742882148,2.0083333333333333,0.7140897999721341,3.0,0.2222222222222222,0.37080992435478316,2.0,3.0,1.15,0.36634754853252327,0.0,0.0
297,1,12.0,18.0,1.5,0.13636363636363635,0.18181818181818182,0.36363636363636365,0.1111111111111111,0.5555555555555556,0.3333333333333333,0.6666666666666666,0.5833333333333334,0.0,0.42857142857142855,0.2857142857142857,0.7328042328042328,0.34539770074585624,0.4907407407407407,0.44574462599670034,NaN,NaN,NaN,NaN,2.0,1.3228756555322954,2.1041666666666665,0.8219871524469704,3.25,0.1111111111111111,0.6727662142861868,2.0,5.0,1.3076923076923077,0.4706787243316417,0.16666666666666666,0.0
298,1,12.0,19.0,1.5833333333333333,0.14393939393939395,0.18181818181818182,0.2727272727272727,0.3333333333333333,0.4444444444444444,0.3333333333333333,0.5555555555555556,0.5833333333333334,0.0,0.42857142857142855,0.2857142857142857,0.6770833333333334,0.3590351654086268,0.38333333333333336,0.47169905660283024,NaN,NaN,NaN,NaN,2.111111111111111,1.6914819275153699,2.2311507936507935,0.9355721548826075,3.75,0.4444444444444444,0.6075474651186258,3.0,5.0,1.5,0.6221710168382552,0.0,0.0
299,1,12.0,26.0,2.1666666666666665,0.19696969696969696,0.18181818181818182,0.09090909090909091,0.1111111111111111,0.4444444444444444,0.2222222222222222,0.7777777777777778,0.5833333333333334,0.0,0.2857142857142857,0.42857142857142855,0.6419753086419753,0.3018859330907612,0.45105820105820105,0.3866961179390423,NaN,NaN,NaN,NaN,2.888888888888889,1.9649710204252657,2.0916666666666663,0.788057963309396,3.333333333333333,0.5555555555555556,0.4887328810913269,3.0,5.0,1.3333333333333333,0.5345224838248488,0.0,0.0
3,1,11.0,22.0,2.0,0.2,0.2,0.3,0.25,0.375,0.25,0.625,0.6363636363636364,0.0,0.2857142857142857,0.42857142857142855,0.6119791666666666,0.33683751484763413,0.3854166666666667,0.4200753428264906,NaN,NaN,NaN,NaN,2.75,2.3754698783308417,2.103030303030303,0.8380472733224733,3.333333333333333,0.625,0.45249827596874853,3.0,4.0,1.3225806451612903,0.5408078385892441,0.0,0.0
30,1,12.0,23.0,1.9166666666666667,0.17424242424242425,0.18181818181818182,0.18181818181818182,0.2222222222222222,0.4444444444444444,0.2222222222222222,0.5555555555555556,0.5833333333333334,0.0,0.2857142857142857,0.42857142857142855,0.6984126984126984,0.34631400494735376,0.3796296296296296,0.42718212497860275,NaN,NaN,NaN,NaN,2.5555555555555554,2.1278575558006176,2.123931623931624,0.7997693569063576,3.1538461538461537,0.3333333333333333,0.46788259416669414,2.0,4.0,1.206896551724138,0.4122508203948855,0.0,0.0
300,1,11.0,14.0,1.2727272727272727,0.12727272727272726,0.2,0.4,0.125,0.5,0.25,0.5,0.5454545454545454,0.0,0.3333333333333333,0.16666666666666666,0.36458333333333326,0.4452961828673029,0.32291666666666663,0.4374291325823488,NaN,NaN,NaN,NaN,1.75,1.164964745021435,2.015151515151515,0.754448089130007,3.0,0.25,0.46896998297635734,2.0,4.0,1.263157894736842,0.4524139283588641,0.0,0.0
301,1,11.0,24.0,2.1818181818181817,0.21818181818181817,0.2,0.2,0.125,0.25,0.125,0.875,0.5454545454545454,0.0,0.16666666666666666,0.5,0.7630787037037037,0.13714731504089933,0.42083333333333334,0.314560666165388,NaN,NaN,NaN,NaN,3.0,1.5118578920369088,2.346969696969697,0.9972341801708414,3.666666666666667,0.5,0.8116710437442116,5.0,8.0,1.7954545454545454,1.001848186395279,0.18181818181818182,0.0
302,1,12.0,20.0,1.6666666666666667,0.15151515151515152,0.18181818181818182,0.2727272727272727,0.4444444444444444,0.3333333333333333,0.2222222222222222,0.4444444444444444,0.5833333333333334,0.0,0.2857142857142857,0.42857142857142855,0.4305555555555556,0.37945845000181216,0.27222222222222225,0.42360883423796114,NaN,NaN,NaN,NaN,2.2222222222222223,1.855921454276674,2.388492063492064,1.0394118866070021,4.0,0.3333333333333333,0.6850088615997775,3.0,7.0,1.6111111111111112,0.72811999708752,0.0,0.0
303,1,12.0,22.0,1.8333333333333333,0.16666666666666666,0.18181818181818182,0.2727272727272727,0.2222222222222222,0.3333333333333333,0.2222222222222222,0.5555555555555556,0.5833333333333334,0.0,0.2857142857142857,0.42857142857142855,0.4930555555555556,0.3703414340548162,0.3611111111111111,0.4166666666666667,NaN,NaN,NaN,NaN,2.4444444444444446,1.3333333333333335,2.216666666666667,0.9043665119180321,3.6,0.5555555555555556,0.7345081105761627,3.0,4.0,1.4242424242424243,0.5607084263625252,0.0,0.0
304,1,12.0,31.0,2.5833333333333335,0.23484848484848486,0.18181818181818182,0.09090909090909091,0.2222222222222222,0.3333333333333333,0.2222222222222222,0.6666666666666666,0.5833333333333334,0.0,0.2857142857142857,0.42857142857142855,0.5407407407407407,0.32946833340406084,0.3202020202020202,0.3992639865375061,NaN,NaN,NaN,NaN,3.4444444444444446,3.2446537223219645,2.2583333333333333,0.8892313103081353,3.333333333333333,0.3333333333333333,0.7796531410253108,2.0,7.0,1.3409090909090908,0.4794949774542018,0.16666666666666666,0.0
305,1,12.0,22.0,1.8333333333333333,0.16666666666666666,0.18181818181818182,0.09090909090909091,0.3333333333333333,0.4444444444444444,0.3333333333333333,0.5555555555555556,0.5833333333333334,0.0,0.42857142857142855,0.2857142857142857,0.7444444444444445,0.27688746209726917,0.42760942760942755,0.4785203616958155,NaN,NaN,NaN,NaN,2.4444444444444446,3.2829526005987013,2.2291666666666665,0.9287257752730704,3.666666666666667,0.3333333333333333,0.674645614487121,3.0,5.0,1.3870967741935485,0.615219167172085,0.0,0.0
306,1,11.0,17.0,1.5454545454545454,0.15454545454545454,0.2,0.2,0.125,0.625,0.375,0.75,0.5454545454545454,0.0,0.5,0.3333333333333333,0.703125,0.3775951866748304,0.5104166666666666,0.4374291325823488,NaN,NaN,NaN,NaN,2.125,1.3562026818605375,1.9515151515151514,0.7223978030549275,3.2,0.375,0.35599441869752796,3.0,4.0,1.2727272727272727,0.5504818825631803,0.0,0.0
307,1,12.0,24.0,2.0,0.18181818181818182,0.18181818181818182,0.18181818181818182,0.1111111111111111,0.4444444444444444,0.2222222222222222,0.6666666666666666,0.5833333333333334,0.0,0.2857142857142857,0.42857142857142855,0.5494791666666666,0.42106242475219097,0.35648148148148145,0.4024184220680672,NaN,NaN,NaN,NaN,2.6666666666666665,2.39791576165636,2.0638888888888887,0.7388850915069124,3.0,0.3333333333333333,0.5279315819625631,2.0,5.0,1.2258064516129032,0.4250237185032414,0.0,0.0
308,1,12.0,21.0,1.75,0.1590909090909091,0.18181818181818182,0.18181818181818182,0.2222222222222222,0.4444444444444444,0.2222222222222222,0.5555555555555556,0.5833333333333334,0.0,0.2857142857142857,0.42857142857142855,0.34391534391534395,0.41399844841922395,0.3148148148148148,0.4098987378714919,NaN,NaN,NaN,NaN,2.3333333333333335,2.3979157616563596,2.1666666666666665,0.9073215103987798,4.0,0.3333333333333333,0.6779794131506388,3.0,5.0,1.2692307692307692,0.533493565673837,0.0,0.0
309,1,11.0,30.0,2.727272727272727,0.2727272727272727,0.2,0.1,0.125,0.375,0.25,0.875,0.5454545454545454,0.0,0.3333333333333333,0.5,0.816574839302112,0.1400684475795649,0.5125,0.3594252466598694,NaN,NaN,NaN,NaN,3.75,2.866057521105554,2.169982290436836,0.8699022207005711,3.2857142857142856,0.5,0.7329533111987778,3.0,7.0,1.3488372093023255,0.5293176618571604,0.36363636363636365,0.0
31,1,12.0,27.0,2.25,0.20454545454545456,0.18181818181818182,0.09090909090909091,0.2222222222222222,0.4444444444444444,0.3333333333333333,0.7777777777777778,0.5833333333333334,0.0,0.42857142857142855,0.42857142857142855,0.8123456790123457,0.21397505078722714,0.4831649831649831,0.4189636715830093,NaN,NaN,NaN,NaN,3.0,3.2015621187164243,2.2041666666666666,0.9171245412932881,3.75,0.3333333333333333,0.6975741441665442,3.0,6.0,1.2941176470588236,0.5239368319955838,0.0,0.0
310,1,11.0,31.0,2.8181818181818183,0.2818181818181818,0.2,0.1,0.25,0.25,0.125,0.75,0.5454545454545454,0.0,0.16666666666666666,0.5,0.7539262820512821,0.12573795908039948,0.36250000000000004,0.34523399012337697,NaN,NaN,NaN,NaN,3.875,2.850438562747845,2.357782369146005,0.9945607404525982,3.5,0.5,0.8233381141708149,3.0,7.0,1.4166666666666667,0.5392403377381663,0.36363636363636365,0.0
311,1,11.0,22.0,2.0,0.2,0.2,0.1,0.25,0.375,0.25,0.625,0.5454545454545454,0.0,0.3333333333333333,0.3333333333333333,0.49826388888888884,0.39047561076386184,0.3541666666666667,0.4196323031432039,NaN,NaN,NaN,NaN,2.75,1.8322507626258087,2.1915584415584415,0.8962389059053741,3.416666666666667,0.375,0.6305375275096492,3.0,5.0,1.3333333333333333,0.5466722735905339,0.0,0.0
312,1,12.0,20.0,1.6666666666666667,0.15151515151515152,0.18181818181818182,0.09090909090909091,0.2222222222222222,0.5555555555555556,0.2222222222222222,0.4444444444444444,0.5833333333333334,0.0,0.2857142857142857,0.2857142857142857,0.4867724867724868,0.4371027693115011,0.3148148148148148,0.42853468390393096,NaN,NaN,NaN,NaN,2.2222222222222223,2.1081851067789197,2.038888888888889,0.7607589688950165,3.3,0.3333333333333333,0.37633194256421026,2.0,4.0,1.2592592592592593,0.44657608470472243,0.0,0.0
313,1,12.0,12.0,1.0,0.09090909090909091,0.18181818181818182,0.36363636363636365,0.5555555555555556,0.4444444444444444,0.2222222222222222,0.3333333333333333,0.5833333333333334,0.0,0.2857142857142857,0.2857142857142857,0.5,0.4330127018922193,0.2777777777777778,0.4409585518440985,NaN,NaN,NaN,NaN,1.3333333333333333,0.7071067811865476,2.25,0.9653072991634227,4.0,0.0,0.0,3.0,4.0,1.5454545454545454,0.6709817063202619,0.0,0.0
314,1,11.0,17.0,1.5454545454545454,0.15454545454545454,0.2,0.3,0.25,0.5,0.375,0.75,0.5454545454545454,0.0,0.5,0.3333333333333333,0.802734375,0.22487246819725398,0.49375,0.44756284474920394,NaN,NaN,NaN,NaN,2.125,1.5526475085202969,2.13474025974026,0.9145006595955752,3.75,0.375,0.5664460759532058,3.0,5.0,1.4615384615384615,0.6468860320501119,0.0,0.0
315,1,12.0,23.0,1.9166666666666667,0.17424242424242425,0.18181818181818182,0.2727272727272727,0.2222222222222222,0.4444444444444444,0.2222222222222222,0.6666666666666666,0.5833333333333334,0.0,0.2857142857142857,0.42857142857142855,0.4782407407407408,0.35949290202302786,0.3595238095238095,0.39856246789722505,NaN,NaN,NaN,NaN,2.5555555555555554,2.242270674512285,2.0805555555555557,0.7517600000286644,3.0,0.3333333333333333,0.5611996999339653,3.0,5.0,1.3,0.5349830806219241,0.0,0.0
316,1,11.0,20.0,1.8181818181818181,0.18181818181818182,0.2,0.2,0.375,0.375,0.25,0.625,0.5454545454545454,0.0,0.3333333333333333,0.3333333333333333,0.732638888888889,0.17311436871642016,0.38958333333333334,0.43633916289895985,NaN,NaN,NaN,NaN,2.5,1.6903085094570331,2.3051652892561982,1.0248382713111872,3.8,0.375,0.7461376188328092,3.0,5.0,1.4516129032258065,0.5679618342470648,0.0,0.0
317,1,12.0,18.0,1.5,0.13636363636363635,0.18181818181818182,0.2727272727272727,0.4444444444444444,0.3333333333333333,0.2222222222222222,0.3333333333333333,0.5833333333333334,0.0,0.2857142857142857,0.42857142857142855,0.4,0.46666666666666673,0.24074074074074073,0.43390275977259196,NaN,NaN,NaN,NaN,2.0,1.8027756377319946,2.2694444444444444,0.9103732538247492,3.4,0.3333333333333333,0.7221266905143664,3.0,4.0,1.391304347826087,0.583027399541909,0.0,0.0
318,1,12.0,22.0,1.8333333333333333,0.16666666666666666,0.18181818181818182,0.18181818181818182,0.4444444444444444,0.3333333333333333,0.2222222222222222,0.4444444444444444,0.5833333333333334,0.0,0.2857142857142857,0.42857142857142855,0.6805555555555556,0.21245914639969937,0.32407407407407407,0.4418326033496352,NaN,NaN,NaN,NaN,2.4444444444444446,1.3333333333333333,2.4791666666666665,1.1052474698894224,3.8,0.5555555555555556,0.7483784779911473,3.0,6.0,1.5476190476190477,0.632547345278267,0.0,0.0
319,1,12.0,19.0,1.5833333333333333,0.14393939393939395,0.18181818181818182,0.09090909090909091,0.4444444444444444,0.4444444444444444,0.2222222222222222,0.3333333333333333,0.5833333333333334,0.0,0.2857142857142857,0.42857142857142855,0.37777777777777777,0.4841946348777983,0.2424242424242424,0.4336087279167935,NaN,NaN,NaN,NaN,2.111111111111111,3.3333333333333335,2.2564102564102564,0.9709792937826405,4.0,0.1111111111111111,0.7388278818399099,3.0,5.0,1.2608695652173914,0.540823555863717,0.0,0.0
32,1,11.0,20.0,1.8181818181818181,0.18181818181818182,0.2,0.2,0.375,0.25,0.125,0.5,0.5454545454545454,0.0,0.16666666666666666,0.3333333333333333,0.4375,0.29462782549439476,0.25416666666666665,0.3554284246924619,NaN,NaN,NaN,NaN,2.5,2.0,2.223140495867768,0.90130735850969,3.4545454545454546,0.375,0.6736907048645456,2.0,5.0,1.3870967741935485,0.49513764785419084,0.18181818181818182,0.0
320,1,12.0,16.0,1.3333333333333333,0.12121212121212122,0.18181818181818182,0.36363636363636365,0.4444444444444444,0.3333333333333333,0.2222222222222222,0.4444444444444444,0.5833333333333334,0.0,0.2857142857142857,0.2857142857142857,0.4074074074074074,0.4006168083848877,0.2962962962962963,0.4230985058813282,NaN,NaN,NaN,NaN,1.7777777777777777,0.9718253158075502,2.3333333333333335,1.0353596944877161,4.25,0.4444444444444444,0.4743416490252569,3.0,5.0,1.52,0.714142842854285,0.0,0.0
321,1,11.0,19.0,1.7272727272727273,0.17272727272727273,0.2,0.2,0.375,0.375,0.25,0.5,0.5454545454545454,0.0,0.3333333333333333,0.5,0.6805555555555555,0.4003415649251298,0.3166666666666667,0.438974273390153,NaN,NaN,NaN,NaN,2.375,2.065879266282796,2.215909090909091,0.9153054631701327,3.375,0.125,0.711165648036636,2.0,5.0,1.3076923076923077,0.4706787243316417,0.36363636363636365,0.0
322,1,12.0,21.0,1.75,0.1590909090909091,0.18181818181818182,0.36363636363636365,0.1111111111111111,0.4444444444444444,0.3333333333333333,0.6666666666666666,0.5833333333333334,0.0,0.42857142857142855,0.42857142857142855,0.6455026455026455,0.3611765159677065,0.4203703703703704,0.45044559556943303,NaN,NaN,NaN,NaN,2.3333333333333335,1.4999999999999998,2.108333333333333,0.7841066460139413,3.25,0.5555555555555556,0.6077388919976743,2.0,5.0,1.34375,0.48255870443481425,0.16666666666666666,0.0
323,1,12.0,17.0,1.4166666666666667,0.12878787878787878,0.18181818181818182,0.18181818181818182,0.3333333333333333,0.5555555555555556,0.3333333333333333,0.4444444444444444,0.5833333333333334,0.0,0.42857142857142855,0.42857142857142855,0.5238095238095238,0.5050762722761053,0.3492063492063492,0.4902681019517619,NaN,NaN,NaN,NaN,1.8888888888888888,1.9649710204252657,2.175925925925926,0.9469169457810213,4.0,0.1111111111111111,0.35801843081697315,3.0,4.0,1.3333333333333333,0.5646597025732798,0.0,0.0
324,1,12.0,25.0,2.0833333333333335,0.1893939393939394,0.18181818181818182,0.18181818181818182,0.4444444444444444,0.3333333333333333,0.2222222222222222,0.5555555555555556,0.5833333333333334,0.0,0.2857142857142857,0.42857142857142855,0.7162808641975308,0.16661533899713118,0.3462962962962963,0.4283185614976974,NaN,NaN,NaN,NaN,2.7777777777777777,1.6414763002993507,2.4263872701372704,1.0672132370130352,3.7777777777777777,0.5555555555555556,0.67131591756657,3.0,8.0,1.5217391304347827,0.5864821844327455,0.0,0.0
325,1,11.0,13.0,1.1818181818181819,0.11818181818181818,0.2,0.3,0.375,0.5,0.25,0.5,0.5454545454545454,0.0,0.3333333333333333,0.3333333333333333,0.7083333333333333,0.3421454253142837,0.3958333333333333,0.4537104523847501,NaN,NaN,NaN,NaN,1.625,0.9161253813129043,2.1493506493506493,0.9796159938270613,4.142857142857142,0.25,0.48478957440265025,3.0,4.0,1.5238095238095237,0.6796357567879738,0.0,0.0
326,1,11.0,20.0,1.8181818181818181,0.18181818181818182,0.2,0.1,0.375,0.25,0.125,0.5,0.5454545454545454,0.0,0.16666666666666666,0.5,0.6134259259259259,0.24133778225150176,0.2708333333333333,0.3556516487211823,NaN,NaN,NaN,NaN,2.5,1.6903085094570331,2.5036130536130536,1.1374803490339813,3.9230769230769234,0.625,0.7236169482314126,3.0,6.0,1.5526315789473684,0.6450379591198859,0.0,0.0
327,1,11.0,24.0,2.1818181818181817,0.21818181818181817,0.2,0.1,0.375,0.25,0.125,0.625,0.5454545454545454,0.0,0.16666666666666666,0.3333333333333333,0.599537037037037,0.17538555271938647,0.2791666666666667,0.341768277573498,NaN,NaN,NaN,NaN,3.0,3.1622776601683795,2.3561497326203207,1.0243957241025607,4.0,0.25,0.793121316190327,3.0,5.0,1.4242424242424243,0.6628679652796168,0.18181818181818182,0.0
328,1,10.0,21.0,2.1,0.23333333333333334,0.2222222222222222,0.1111111111111111,0.14285714285714285,0.5714285714285714,0.2857142857142857,0.5714285714285714,0.5,0.0,0.4,0.4,0.4928571428571429,0.4152873996868004,0.3650793650793651,0.4523113285325399,NaN,NaN,NaN,NaN,3.0,3.0550504633038935,1.9083333333333337,0.7141104282278083,3.0,0.2857142857142857,0.4755253291091218,2.0,5.0,1.1666666666666667,0.3806934938134404,0.0,0.0
329,1,11.0,23.0,2.090909090909091,0.20909090909090908,0.2,0.1,0.25,0.625,0.375,0.5,0.5454545454545454,0.0,0.5,0.5,0.5916666666666666,0.41577152523867544,0.4,0.501426536422407,NaN,NaN,NaN,NaN,2.875,3.226563851175781,2.0611888111888113,0.8731200506892199,3.5,0.375,0.663820290243766,2.0,5.0,1.25,0.44095855184409843,0.0,0.0
33,1,9.0,9.0,1.0,0.125,0.25,0.5,0.3333333333333333,0.5,0.16666666666666666,0.5,0.4444444444444444,0.0,0.25,0.0,0.47222222222222215,0.4002314145406195,0.3611111111111111,0.42709180208405706,NaN,NaN,NaN,NaN,1.5,0.8366600265340756,1.9444444444444444,0.8079466429027214,3.0,0.16666666666666666,0.25,2.0,3.0,1.3571428571428572,0.49724515809884684,0.0,0.0
330,1,10.0,17.0,1.7,0.18888888888888888,0.2222222222222222,0.1111111111111111,0.14285714285714285,0.42857142857142855,0.2857142857142857,0.7142857142857143,0.5,0.0,0.4,0.2,0.6224489795918366,0.3134642557775061,0.4642857142857143,0.4190408549237629,NaN,NaN,NaN,NaN,2.4285714285714284,2.5071326821120348,2.1,0.8999314102807372,3.5,0.42857142857142855,0.6397763089472726,3.0,5.0,1.3478260869565217,0.5727680517510727,0.0,0.0
331,1,12.0,15.0,1.25,0.11363636363636363,0.18181818181818182,0.36363636363636365,0.4444444444444444,0.4444444444444444,0.2222222222222222,0.3333333333333333,0.5833333333333334,0.0,0.2857142857142857,0.42857142857142855,0.2962962962962963,0.42514521847261016,0.25,0.4330127018922193,NaN,NaN,NaN,NaN,1.6666666666666667,1.118033988749895,2.3125,1.0287072646596973,4.0,0.2222222222222222,0.5192714676764526,3.0,5.0,1.5,0.648074069840786,0.0,0.0
332,1,12.0,24.0,2.0,0.18181818181818182,0.18181818181818182,0.2727272727272727,0.2222222222222222,0.4444444444444444,0.3333333333333333,0.7777777777777778,0.5833333333333334,0.0,0.42857142857142855,0.42857142857142855,0.85,0.18181186857726192,0.47592592592592603,0.43820269846073695,NaN,NaN,NaN,NaN,2.6666666666666665,1.9364916731037085,2.2803240740740742,1.003302248428761,4.0,0.4444444444444444,0.7422174792774683,3.0,4.0,1.3333333333333333,0.5466722735905339,0.0,0.0
333,1,11.0,19.0,1.7272727272727273,0.17272727272727273,0.2,0.3,0.125,0.375,0.25,0.75,0.5454545454545454,0.0,0.3333333333333333,0.3333333333333333,0.6640625,0.34828582140658143,0.43125,0.3990502116633588,NaN,NaN,NaN,NaN,2.375,1.685018016012207,2.0787878787878786,0.7948826226798419,3.333333333333333,0.625,0.6421010023399573,3.0,6.0,1.5454545454545454,0.665719023448946,0.0,0.0
334,1,12.0,27.0,2.25,0.20454545454545456,0.18181818181818182,0.18181818181818182,0.1111111111111111,0.3333333333333333,0.2222222222222222,0.6666666666666666,0.5833333333333334,0.0,0.2857142857142857,0.42857142857142855,0.6871693121693121,0.22287396896836964,0.4074074074074074,0.40706530249313455,NaN,NaN,NaN,NaN,3.0,1.3228756555322954,2.3333333333333335,0.9569324411731985,3.5,0.3333333333333333,0.8024179982245189,4.0,7.0,1.5625,0.711792762094567,0.16666666666666666,0.0
335,1,12.0,22.0,1.8333333333333333,0.16666666666666666,0.18181818181818182,0.2727272727272727,0.2222222222222222,0.4444444444444444,0.3333333333333333,0.6666666666666666,0.5833333333333334,0.0,0.42857142857142855,0.42857142857142855,0.6604938271604938,0.33384734032073976,0.5,0.4409585518440984,NaN,NaN,NaN,NaN,2.4444444444444446,1.5898986690282426,2.102777777777778,0.8211175352737308,3.4,0.5555555555555556,0.5396830701975153,2.0,5.0,1.2592592592592593,0.44657608470472243,0.0,0.0
336,1,11.0,11.0,1.0,0.1,0.2,0.6,0.25,0.625,0.375,0.625,0.5454545454545454,0.0,0.5,0.16666666666666666,0.6458333333333333,0.44039574554985506,0.5208333333333333,0.466645407679039,NaN,NaN,NaN,NaN,1.375,0.7440238091428449,1.9545454545454546,0.7229988054812212,3.0,0.125,0.22360679774997896,2.0,3.0,1.2142857142857142,0.4258153136263201,0.0,0.0
337,1,12.0,24.0,2.0,0.18181818181818182,0.18181818181818182,0.09090909090909091,0.2222222222222222,0.4444444444444444,0.2222222222222222,0.6666666666666666,0.5833333333333334,0.0,0.2857142857142857,0.42857142857142855,0.575,0.36721077053920953,0.38359788359788355,0.4007936507936508,NaN,NaN,NaN,NaN,2.6666666666666665,2.39791576165636,2.183838383838384,0.8696392157260181,3.333333333333333,0.4444444444444444,0.6199321088574937,3.0,5.0,1.4210526315789473,0.5517333348917078,0.16666666666666666,0.0
338,1,12.0,14.0,1.1666666666666667,0.10606060606060606,0.18181818181818182,0.36363636363636365,0.2222222222222222,0.5555555555555556,0.4444444444444444,0.6666666666666666,0.5833333333333334,0.0,0.5714285714285714,0.42857142857142855,0.8333333333333334,0.3535533905932738,0.5555555555555556,0.4639803635691685,NaN,NaN,NaN,NaN,1.5555555555555556,0.7264831572567789,2.0625,0.8127185020881238,3.5,0.4444444444444444,0.3856099777560935,3.0,4.0,1.4,0.5982430416161189,0.0,0.0
339,1,12.0,31.0,2.5833333333333335,0.23484848484848486,0.18181818181818182,0.09090909090909091,0.1111111111111111,0.3333333333333333,0.2222222222222222,0.8888888888888888,0.5833333333333334,0.0,0.2857142857142857,0.42857142857142855,0.8329069200779728,0.13023510163957258,0.5053872053872054,0.34798639509367135,NaN,NaN,NaN,NaN,3.4444444444444446,3.1269438398822866,2.2923583662714093,0.9371835592291282,3.7,0.5555555555555556,0.7620991322443468,3.0,8.0,1.5098039215686274,0.6441288386528845,0.16666666666666666,0.0
34,1,11.0,25.0,2.272727272727273,0.22727272727272727,0.2,0.1,0.375,0.25,0.125,0.375,0.5454545454545454,0.0,0.16666666666666666,0.5,0.2700617283950617,0.3547215809678835,0.1857142857142857,0.3475864303027554,NaN,NaN,NaN,NaN,3.125,2.4748737341529163,2.323232323232323,0.9809349853923954,3.5,0.5,0.7262140395749178,2.0,6.0,1.3611111111111112,0.48713610757321957,0.18181818181818182,0.0
340,1,12.0,22.0,1.8333333333333333,0.16666666666666666,0.18181818181818182,0.36363636363636365,0.2222222222222222,0.4444444444444444,0.2222222222222222,0.7777777777777778,0.5833333333333334,0.0,0.2857142857142857,0.2857142857142857,0.7378472222222222,0.19931659498075474,0.4629629629629629,0.3775632560852274,NaN,NaN,NaN,NaN,2.4444444444444446,1.3333333333333333,2.160714285714286,0.8506927222015475,3.5,0.3333333333333333,0.4469863553148107,3.0,5.0,1.4285714285714286,0.6080689921050603,0.0,0.0
341,1,12.0,22.0,1.8333333333333333,0.16666666666666666,0.18181818181818182,0.18181818181818182,0.2222222222222222,0.3333333333333333,0.2222222222222222,0.6666666666666666,0.5833333333333334,0.0,0.2857142857142857,0.2857142857142857,0.5564814814814816,0.34439403753029724,0.3743386243386243,0.39434742187675265,NaN,NaN,NaN,NaN,2.4444444444444446,2.0069324297987157,2.251388888888889,0.9044072318803301,3.666666666666667,0.4444444444444444,0.8196774315979988,4.0,6.0,1.5945945945945945,0.7978951288462893,0.16666666666666666,0.0
342,1,12.0,29.0,2.4166666666666665,0.2196969696969697,0.18181818181818182,0.09090909090909091,0.1111111111111111,0.3333333333333333,0.2222222222222222,0.7777777777777778,0.5833333333333334,0.0,0.2857142857142857,0.42857142857142855,0.7701352145796589,0.20049543754092894,0.4666666666666667,0.37675515184857716,NaN,NaN,NaN,NaN,3.2222222222222223,1.922093765778466,2.2177083333333334,0.8609333322920626,3.4375,0.4444444444444444,0.6789183955438841,3.0,6.0,1.3414634146341464,0.5296109939172797,0.16666666666666666,0.0
343,1,11.0,18.0,1.6363636363636365,0.16363636363636364,0.2,0.2,0.375,0.375,0.125,0.375,0.5454545454545454,0.0,0.16666666666666666,0.3333333333333333,0.4817708333333333,0.2868301158821788,0.25,0.3779644730092272,NaN,NaN,NaN,NaN,2.25,1.6690459207925603,2.2818181818181817,0.9968131036640538,3.6,0.25,0.6166799150670134,2.0,5.0,1.3703703703703705,0.49210287762341137,0.0,0.0
344,1,12.0,18.0,1.5,0.13636363636363635,0.18181818181818182,0.2727272727272727,0.3333333333333333,0.4444444444444444,0.3333333333333333,0.5555555555555556,0.5833333333333334,0.0,0.42857142857142855,0.42857142857142855,0.8209876543209876,0.22868683398571238,0.4629629629629629,0.4697648479246601,NaN,NaN,NaN,NaN,2.0,1.118033988749895,2.2083333333333335,0.8971757032065917,3.5,0.3333333333333333,0.4287464628562721,3.0,4.0,1.4838709677419355,0.6256179740563451,0.0,0.0
345,1,11.0,22.0,2.0,0.2,0.2,0.1,0.375,0.375,0.25,0.5,0.5454545454545454,0.0,0.3333333333333333,0.3333333333333333,0.5297619047619048,0.4162534394067468,0.30000000000000004,0.4407785320154718,NaN,NaN,NaN,NaN,2.75,3.24037034920393,2.187878787878788,0.8803121576744778,3.0666666666666664,0.125,0.7800543881581902,2.0,6.0,1.2592592592592593,0.44657608470472243,0.18181818181818182,0.0
346,1,11.0,20.0,1.8181818181818181,0.18181818181818182,0.2,0.2,0.125,0.5,0.25,0.75,0.5454545454545454,0.0,0.3333333333333333,0.3333333333333333,0.5969696969696969,0.39627016121126796,0.4583333333333333,0.40581096545379314,NaN,NaN,NaN,NaN,2.5,1.8516401995451028,2.068939393939394,0.8078958516236527,3.083333333333333,0.375,0.6990940252500738,2.0,5.0,1.24,0.4358898943540673,0.18181818181818182,0.0
347,1,12.0,15.0,1.25,0.11363636363636363,0.18181818181818182,0.36363636363636365,0.3333333333333333,0.5555555555555556,0.3333333333333333,0.4444444444444444,0.5833333333333334,0.0,0.42857142857142855,0.14285714285714285,0.42592592592592593,0.4648111258522642,0.3703703703703704,0.48432210483785265,NaN,NaN,NaN,NaN,1.6666666666666667,1.118033988749895,2.048611111111111,0.7772477450845755,3.25,0.2222222222222222,0.31810450514017585,2.0,4.0,1.25,0.4442616583193193,0.0,0.0
348,1,11.0,22.0,2.0,0.2,0.2,0.1,0.25,0.375,0.25,0.625,0.5454545454545454,0.0,0.3333333333333333,0.5,0.6307870370370371,0.32076685485172524,0.35833333333333334,0.42003401222826164,NaN,NaN,NaN,NaN,2.75,3.058944729337694,2.1818181818181817,0.9233229405388196,3.666666666666667,0.25,0.7346308866924529,3.0,4.0,1.2592592592592593,0.5256931389634797,0.18181818181818182,0.0
349,1,12.0,35.0,2.9166666666666665,0.26515151515151514,0.18181818181818182,0.09090909090909091,0.1111111111111111,0.3333333333333333,0.2222222222222222,0.8888888888888888,0.5833333333333334,0.0,0.2857142857142857,0.42857142857142855,0.7204526748971194,0.18531530408073585,0.45185185185185195,0.3472555539557092,NaN,NaN,NaN,NaN,3.888888888888889,2.848001248439177,2.198454469507101,0.8468048365765188,3.2857142857142856,0.5555555555555556,0.7164462204146085,3.0,7.0,1.2666666666666666,0.4954336943068623,0.16666666666666666,0.0
35,1,12.0,25.0,2.0833333333333335,0.1893939393939394,0.18181818181818182,0.09090909090909091,0.3333333333333333,0.4444444444444444,0.2222222222222222,0.4444444444444444,0.5833333333333334,0.0,0.2857142857142857,0.42857142857142855,0.4444444444444444,0.40611643103370687,0.28148148148148144,0.4239729784075314,NaN,NaN,NaN,NaN,2.7777777777777777,2.3333333333333335,2.2822420634920637,0.9976215605994516,3.666666666666667,0.4444444444444444,0.6087889101115673,3.0,6.0,1.394736842105263,0.5472028965176681,0.0,0.0
350,1,12.0,22.0,1.8333333333333333,0.16666666666666666,0.18181818181818182,0.36363636363636365,0.2222222222222222,0.3333333333333333,0.2222222222222222,0.5555555555555556,0.5833333333333334,0.0,0.2857142857142857,0.42857142857142855,0.5049382716049382,0.3529903607570325,0.3092592592592593,0.41122370830437893,NaN,NaN,NaN,NaN,2.4444444444444446,1.5092308563562362,2.1472222222222226,0.7859187936220575,3.0,0.3333333333333333,0.6264799697333926,2.0,5.0,1.3333333333333333,0.4794633014853841,0.0,0.0
351,1,12.0,17.0,1.4166666666666667,0.12878787878787878,0.18181818181818182,0.2727272727272727,0.4444444444444444,0.5555555555555556,0.3333333333333333,0.4444444444444444,0.5833333333333334,0.0,0.42857142857142855,0.2857142857142857,0.5222222222222223,0.43652669512362646,0.4074074074074074,0.49378857873975496,NaN,NaN,NaN,NaN,1.8888888888888888,1.6914819275153696,2.1166666666666667,0.8418954084610979,3.4,0.1111111111111111,0.35355339059327373,2.0,4.0,1.3043478260869565,0.4704719688969648,0.0,0.0
352,1,12.0,19.0,1.5833333333333333,0.14393939393939395,0.18181818181818182,0.36363636363636365,0.2222222222222222,0.4444444444444444,0.2222222222222222,0.6666666666666666,0.5833333333333334,0.0,0.2857142857142857,0.42857142857142855,0.7337962962962963,0.2356511041799605,0.4629629629629629,0.39771725175767647,NaN,NaN,NaN,NaN,2.111111111111111,1.0540925533894596,2.125,0.8104861227078727,3.2857142857142856,0.3333333333333333,0.4996418337649252,2.0,4.0,1.3571428571428572,0.4879500364742666,0.0,0.0
353,1,11.0,33.0,3.0,0.3,0.2,0.1,0.375,0.25,0.125,0.625,0.5454545454545454,0.0,0.16666666666666666,0.5,0.6918402777777778,0.13972752306221992,0.26805555555555555,0.3683433286488858,NaN,NaN,NaN,NaN,4.125,2.850438562747845,2.475132821723731,1.0946053547171897,3.6875,0.75,0.8209772908540215,3.0,8.0,1.3829787234042554,0.5337802629384892,0.18181818181818182,0.0
354,1,11.0,22.0,2.0,0.2,0.2,0.1,0.375,0.25,0.125,0.5,0.5454545454545454,0.0,0.16666666666666666,0.3333333333333333,0.48263888888888884,0.34180294739818756,0.275,0.3654742515847438,NaN,NaN,NaN,NaN,2.75,3.011881234615431,2.244696969696969,0.9089239114291563,3.4,0.5,0.6571713995882265,3.0,4.0,1.3448275862068966,0.5526470114022357,0.0,0.0
355,1,12.0,29.0,2.4166666666666665,0.2196969696969697,0.18181818181818182,0.09090909090909091,0.1111111111111111,0.4444444444444444,0.2222222222222222,0.8888888888888888,0.5833333333333334,0.0,0.2857142857142857,0.42857142857142855,0.753968253968254,0.20867319217807268,0.48518518518518516,0.35192372560254487,NaN,NaN,NaN,NaN,3.2222222222222223,1.9860625479688307,2.178240740740741,0.8836023614633953,3.375,0.5555555555555556,0.6613476720496014,3.0,6.0,1.35,0.5795665931516722,0.16666666666666666,0.0
356,1,11.0,13.0,1.1818181818181819,0.11818181818181818,0.2,0.3,0.25,0.5,0.25,0.375,0.5454545454545454,0.0,0.3333333333333333,0.5,0.5703125,0.4244711783501914,0.3125,0.45806269065645216,NaN,NaN,NaN,NaN,1.625,1.0606601717798212,2.1242424242424245,0.9109324781771588,3.666666666666667,0.375,0.5066930942275528,3.0,5.0,1.5416666666666667,0.6580053301400786,0.0,0.0
357,1,11.0,27.0,2.4545454545454546,0.24545454545454545,0.2,0.1,0.125,0.5,0.25,0.625,0.5454545454545454,0.0,0.3333333333333333,0.5,0.6296296296296297,0.32055916998564427,0.4,0.42426406871192857,NaN,NaN,NaN,NaN,3.375,3.2043497223082786,2.0853994490358123,0.8357066130129892,3.2727272727272725,0.25,0.6022803628451687,2.0,5.0,1.21875,0.42001344064515445,0.0,0.0
358,1,12.0,25.0,2.0833333333333335,0.1893939393939394,0.18181818181818182,0.09090909090909091,0.1111111111111111,0.4444444444444444,0.3333333333333333,0.6666666666666666,0.5833333333333334,0.0,0.42857142857142855,0.42857142857142855,0.7379629629629629,0.21830753310947767,0.46464646464646464,0.44581257514559086,NaN,NaN,NaN,NaN,2.7777777777777777,3.153481321404083,2.1259259259259258,0.8259583874280915,3.4,0.4444444444444444,0.5825402015481448,3.0,5.0,1.3333333333333333,0.595119035711904,0.0,0.0
359,1,12.0,27.0,2.25,0.20454545454545456,0.18181818181818182,0.09090909090909091,0.2222222222222222,0.3333333333333333,0.2222222222222222,0.5555555555555556,0.5833333333333334,0.0,0.2857142857142857,0.42857142857142855,0.44699872286079184,0.4176640636487216,0.30723905723905726,0.4118717060130008,NaN,NaN,NaN,NaN,3.0,3.2015621187164243,2.2239583333333335,0.866805286481178,3.333333333333333,0.5555555555555556,0.6907200698846366,2.0,6.0,1.3421052631578947,0.48078290821993175,0.16666666666666666,0.0
36,1,11.0,30.0,2.727272727272727,0.2727272727272727,0.2,0.1,0.125,0.375,0.125,0.75,0.5454545454545454,0.0,0.16666666666666666,0.3333333333333333,0.48153409090909083,0.3417029447485387,0.34791666666666665,0.34976607829206297,NaN,NaN,NaN,NaN,3.75,3.1052950170405937,2.112121212121212,0.809975682388432,3.0,0.375,0.6367782895469303,2.0,5.0,1.2,0.40583972495671394,0.18181818181818182,0.0
360,1,12.0,24.0,2.0,0.18181818181818182,0.18181818181818182,0.18181818181818182,0.1111111111111111,0.5555555555555556,0.3333333333333333,0.8888888888888888,0.5833333333333334,0.0,0.42857142857142855,0.2857142857142857,0.7827160493827161,0.2238214063664908,0.5380952380952382,0.388022195872602,NaN,NaN,NaN,NaN,2.6666666666666665,2.179449471770337,2.0714285714285716,0.7788960362272128,3.0,0.1111111111111111,0.6673779849090026,2.0,5.0,1.2142857142857142,0.4178554470186725,0.16666666666666666,0.0
361,1,10.0,13.0,1.3,0.14444444444444443,0.2222222222222222,0.4444444444444444,0.14285714285714285,0.5714285714285714,0.14285714285714285,0.42857142857142855,0.5,0.0,0.2,0.2,0.39285714285714285,0.41587225857195076,0.3095238095238095,0.4130797993547017,NaN,NaN,NaN,NaN,1.8571428571428572,1.2149857925879117,1.975,0.7857233044215446,3.0,0.14285714285714285,0.4959774085012236,2.0,4.0,1.2352941176470589,0.4372373160976031,0.0,0.0
362,1,12.0,21.0,1.75,0.1590909090909091,0.18181818181818182,0.2727272727272727,0.2222222222222222,0.4444444444444444,0.2222222222222222,0.4444444444444444,0.5833333333333334,0.0,0.2857142857142857,0.2857142857142857,0.3680555555555556,0.4208952099724797,0.28703703703703703,0.42309850588132825,NaN,NaN,NaN,NaN,2.3333333333333335,1.8708286933869707,2.0952380952380953,0.7802842670559019,3.142857142857143,0.3333333333333333,0.5640036322416105,2.0,5.0,1.2592592592592593,0.44657608470472243,0.0,0.0
363,1,12.0,22.0,1.8333333333333333,0.16666666666666666,0.18181818181818182,0.09090909090909091,0.3333333333333333,0.3333333333333333,0.2222222222222222,0.4444444444444444,0.5833333333333334,0.0,0.2857142857142857,0.42857142857142855,0.4375,0.40233692348577704,0.27222222222222225,0.42360883423796114,NaN,NaN,NaN,NaN,2.4444444444444446,1.5898986690282428,2.26984126984127,0.914863483869616,3.571428571428571,0.3333333333333333,0.6737128372327874,3.0,8.0,1.5121951219512195,0.5532608435228448,0.0,0.0
364,1,10.0,24.0,2.4,0.26666666666666666,0.2222222222222222,0.1111111111111111,0.14285714285714285,0.2857142857142857,0.14285714285714285,0.7142857142857143,0.5,0.0,0.2,0.6,0.5823412698412698,0.3143757637148377,0.35000000000000003,0.36527513729506134,NaN,NaN,NaN,NaN,3.4285714285714284,2.439750182371333,2.1338690476190476,0.8823535818723313,3.142857142857143,0.5714285714285714,0.7466683516755563,2.0,6.0,1.3888888888888888,0.49441323247304414,0.2,0.0
365,1,11.0,13.0,1.1818181818181819,0.11818181818181818,0.2,0.4,0.375,0.625,0.375,0.5,0.5454545454545454,0.0,0.5,0.5,0.7708333333333333,0.36663960939129747,0.4583333333333333,0.5019802057692385,NaN,NaN,NaN,NaN,1.625,0.9161253813129043,2.0303030303030303,0.8226589066968623,3.333333333333333,0.125,0.3180245291476761,2.0,3.0,1.25,0.4472135954999579,0.0,0.0
366,1,12.0,17.0,1.4166666666666667,0.12878787878787878,0.18181818181818182,0.18181818181818182,0.3333333333333333,0.4444444444444444,0.2222222222222222,0.4444444444444444,0.5833333333333334,0.0,0.2857142857142857,0.42857142857142855,0.5555555555555555,0.3818813079129867,0.3333333333333333,0.4409585518440985,NaN,NaN,NaN,NaN,1.8888888888888888,0.927960727138337,2.1708333333333334,0.9049282855675371,3.8,0.4444444444444444,0.43731905688677675,3.0,4.0,1.5,0.6382847385042254,0.0,0.0
367,1,12.0,23.0,1.9166666666666667,0.17424242424242425,0.18181818181818182,0.36363636363636365,0.1111111111111111,0.4444444444444444,0.2222222222222222,0.7777777777777778,0.5833333333333334,0.0,0.2857142857142857,0.42857142857142855,0.5486111111111112,0.311761279645358,0.38703703703703707,0.3800381722217901,NaN,NaN,NaN,NaN,2.5555555555555554,1.740051084818425,2.1020833333333333,0.772426690647237,3.0,0.3333333333333333,0.5749957037131125,2.0,5.0,1.3333333333333333,0.478713553878169,0.0,0.0
368,1,11.0,18.0,1.6363636363636365,0.16363636363636364,0.2,0.2,0.375,0.375,0.25,0.625,0.5454545454545454,0.0,0.3333333333333333,0.3333333333333333,0.7638888888888888,0.16880245281867623,0.42083333333333334,0.4338595705803054,NaN,NaN,NaN,NaN,2.25,1.3887301496588271,2.35202676111767,1.0882845984323635,3.857142857142857,0.375,0.7189262382444007,3.0,6.0,1.6470588235294117,0.6911717297975238,0.0,0.0
369,1,11.0,15.0,1.3636363636363635,0.13636363636363635,0.2,0.4,0.25,0.375,0.25,0.625,0.5454545454545454,0.0,0.3333333333333333,0.5,0.6666666666666666,0.3212080372198105,0.3791666666666667,0.4227414309720748,NaN,NaN,NaN,NaN,1.875,1.4577379737113252,2.2575757575757573,0.9954441676503464,3.5,0.625,0.7126966450997984,4.0,6.0,1.8387096774193548,0.8980265101338746,0.0,0.0
37,1,12.0,24.0,2.0,0.18181818181818182,0.18181818181818182,0.09090909090909091,0.2222222222222222,0.5555555555555556,0.3333333333333333,0.5555555555555556,0.5833333333333334,0.0,0.42857142857142855,0.2857142857142857,0.5,0.4341388746703064,0.41358024691358025,0.4690342645153311,NaN,NaN,NaN,NaN,2.6666666666666665,3.0822070014844885,2.051388888888889,0.7686226147503883,3.2,0.3333333333333333,0.5477551721923273,2.0,5.0,1.206896551724138,0.4122508203948855,0.0,0.0
370,1,12.0,20.0,1.6666666666666667,0.15151515151515152,0.18181818181818182,0.2727272727272727,0.3333333333333333,0.4444444444444444,0.2222222222222222,0.3333333333333333,0.5833333333333334,0.0,0.2857142857142857,0.2857142857142857,0.35714285714285715,0.4180249968114152,0.2777777777777778,0.4409585518440985,NaN,NaN,NaN,NaN,2.2222222222222223,2.048034287907418,2.1979166666666665,0.8716793049086692,3.25,0.2222222222222222,0.6492341135603753,2.0,4.0,1.2592592592592593,0.44657608470472243,0.16666666666666666,0.0
371,1,12.0,29.0,2.4166666666666665,0.2196969696969697,0.18181818181818182,0.09090909090909091,0.2222222222222222,0.3333333333333333,0.2222222222222222,0.7777777777777778,0.5833333333333334,0.0,0.2857142857142857,0.42857142857142855,0.7665895061728395,0.1731310879271092,0.43333333333333335,0.37749172176353746,NaN,NaN,NaN,NaN,3.2222222222222223,2.862594006219611,2.248263888888889,0.8955231286974035,3.5,0.6666666666666666,0.6644516903813058,3.0,6.0,1.3055555555555556,0.5247826458609559,0.0,0.0
372,1,12.0,22.0,1.8333333333333333,0.16666666666666666,0.18181818181818182,0.09090909090909091,0.4444444444444444,0.4444444444444444,0.2222222222222222,0.3333333333333333,0.5833333333333334,0.0,0.2857142857142857,0.42857142857142855,0.5079365079365079,0.43366680000207103,0.2777777777777778,0.4409585518440985,NaN,NaN,NaN,NaN,2.4444444444444446,2.1278575558006176,2.2821969696969697,1.0128521562193205,3.75,0.4444444444444444,0.5871470776697019,3.0,5.0,1.40625,0.5599179087296003,0.0,0.0
373,1,12.0,34.0,2.8333333333333335,0.25757575757575757,0.18181818181818182,0.09090909090909091,0.2222222222222222,0.3333333333333333,0.2222222222222222,0.6666666666666666,0.5833333333333334,0.0,0.2857142857142857,0.42857142857142855,0.700690521029504,0.20196491166350877,0.3879268879268879,0.4173615078022376,NaN,NaN,NaN,NaN,3.7777777777777777,3.3829638550307397,2.3674485680559845,0.9839174146080849,3.4615384615384617,0.5555555555555556,0.8386380139177012,3.0,7.0,1.3877551020408163,0.5329292687047474,0.16666666666666666,0.0
374,1,12.0,18.0,1.5,0.13636363636363635,0.18181818181818182,0.18181818181818182,0.2222222222222222,0.5555555555555556,0.3333333333333333,0.5555555555555556,0.5833333333333334,0.0,0.42857142857142855,0.42857142857142855,0.537037037037037,0.46976484792466006,0.40476190476190477,0.47380354147934284,NaN,NaN,NaN,NaN,2.0,2.0,2.069444444444444,0.7960075038138434,3.333333333333333,0.2222222222222222,0.5460793114366126,2.0,4.0,1.2608695652173914,0.44897775854487953,0.0,0.0
375,1,12.0,17.0,1.4166666666666667,0.12878787878787878,0.18181818181818182,0.45454545454545453,0.3333333333333333,0.3333333333333333,0.2222222222222222,0.5555555555555556,0.5833333333333334,0.0,0.2857142857142857,0.2857142857142857,0.6712962962962963,0.2622389942847112,0.3611111111111111,0.4166666666666667,NaN,NaN,NaN,NaN,1.8888888888888888,1.0540925533894598,2.273611111111111,0.8943554287846823,3.25,0.3333333333333333,0.7644188595334743,3.0,4.0,1.4444444444444444,0.5773502691896257,0.16666666666666666,0.0
376,1,12.0,20.0,1.6666666666666667,0.15151515151515152,0.18181818181818182,0.09090909090909091,0.3333333333333333,0.5555555555555556,0.3333333333333333,0.5555555555555556,0.5833333333333334,0.0,0.42857142857142855,0.42857142857142855,0.738095238095238,0.36694147478633066,0.4166666666666667,0.46770717334674267,NaN,NaN,NaN,NaN,2.2222222222222223,2.048034287907418,2.075,0.7967262561712947,3.3,0.2222222222222222,0.36051863226541614,2.0,4.0,1.2592592592592593,0.4465760847047225,0.0,0.0
377,1,10.0,20.0,2.0,0.2222222222222222,0.2222222222222222,0.1111111111111111,0.2857142857142857,0.42857142857142855,0.14285714285714285,0.5714285714285714,0.5,0.0,0.2,0.4,0.5952380952380951,0.2982532924462469,0.3380952380952381,0.3946064947695181,NaN,NaN,NaN,NaN,2.857142857142857,1.864454471471609,2.1575757575757577,0.9686231428043867,3.5454545454545454,0.42857142857142855,0.5662588405286275,2.0,5.0,1.3448275862068966,0.4837252813149745,0.0,0.0
378,1,12.0,25.0,2.0833333333333335,0.1893939393939394,0.18181818181818182,0.18181818181818182,0.2222222222222222,0.4444444444444444,0.3333333333333333,0.6666666666666666,0.5833333333333334,0.0,0.42857142857142855,0.2857142857142857,0.6466049382716048,0.3361506455679879,0.45185185185185184,0.45919951821715166,NaN,NaN,NaN,NaN,2.7777777777777777,3.032234233110042,2.236111111111111,0.9807705003775218,4.0,0.3333333333333333,0.7214953607304454,4.0,6.0,1.5277777777777777,0.8101538164751225,0.0,0.0
379,1,11.0,23.0,2.090909090909091,0.20909090909090908,0.2,0.2,0.25,0.375,0.25,0.625,0.5454545454545454,0.0,0.3333333333333333,0.5,0.6927083333333333,0.2672979328927431,0.3645833333333333,0.42710148045069407,NaN,NaN,NaN,NaN,2.875,2.1671244937540095,2.197979797979798,0.9059722038335214,3.4,0.375,0.6800644665908981,3.0,6.0,1.393939393939394,0.555618683282088,0.18181818181818182,0.0
38,1,11.0,18.0,1.6363636363636365,0.16363636363636364,0.2,0.2,0.375,0.375,0.25,0.5,0.5454545454545454,0.0,0.3333333333333333,0.5,0.5572916666666666,0.39019321373855165,0.3958333333333333,0.4537104523847501,NaN,NaN,NaN,NaN,2.25,1.6690459207925603,2.276515151515152,1.034520945103861,3.875,0.375,0.6124094941505893,4.0,6.0,1.5,0.812403840463596,0.0,0.0
380,1,10.0,15.0,1.5,0.16666666666666666,0.2222222222222222,0.2222222222222222,0.14285714285714285,0.7142857142857143,0.42857142857142855,0.5714285714285714,0.0,0.0,NaN,NaN,0.6171428571428572,0.44950766718393453,0.4571428571428572,0.5126959555693246,NaN,NaN,NaN,NaN,2.142857142857143,1.9518001458970662,1.8742857142857143,0.7077414493893045,3.142857142857143,0.2857142857142857,0.3262056205829428,2.0,4.0,1.2105263157894737,0.41885390829169555,0.0,0.0
381,1,12.0,16.0,1.3333333333333333,0.12121212121212122,0.18181818181818182,0.36363636363636365,0.4444444444444444,0.4444444444444444,0.2222222222222222,0.3333333333333333,0.5833333333333334,0.0,0.2857142857142857,0.42857142857142855,0.5277777777777778,0.44095855184409843,0.2777777777777778,0.4409585518440985,NaN,NaN,NaN,NaN,1.7777777777777777,1.6414763002993507,2.1840277777777777,0.8796697780134135,3.375,0.3333333333333333,0.38285560509394645,3.0,4.0,1.391304347826087,0.583027399541909,0.0,0.0
382,1,12.0,30.0,2.5,0.22727272727272727,0.18181818181818182,0.18181818181818182,0.2222222222222222,0.4444444444444444,0.2222222222222222,0.7777777777777778,0.5833333333333334,0.0,0.2857142857142857,0.42857142857142855,0.7296296296296297,0.17678215128328334,0.42962962962962964,0.38700934687407906,NaN,NaN,NaN,NaN,3.3333333333333335,2.3979157616563596,2.2090964590964592,0.8969664971668339,3.4615384615384617,0.4444444444444444,0.6366194242655862,2.0,6.0,1.2926829268292683,0.4606464174952622,0.0,0.0
383,1,12.0,20.0,1.6666666666666667,0.15151515151515152,0.18181818181818182,0.36363636363636365,0.1111111111111111,0.5555555555555556,0.3333333333333333,0.6666666666666666,0.5833333333333334,0.0,0.42857142857142855,0.42857142857142855,0.5625,0.44633927678392815,0.4074074074074074,0.4553776752987501,NaN,NaN,NaN,NaN,2.2222222222222223,1.922093765778466,2.004166666666667,0.7040332938063929,3.0,0.3333333333333333,0.5306649255018601,2.0,5.0,1.2083333333333333,0.4148511169990534,0.0,0.0
384,1,12.0,17.0,1.4166666666666667,0.12878787878787878,0.18181818181818182,0.36363636363636365,0.2222222222222222,0.4444444444444444,0.2222222222222222,0.6666666666666666,0.5833333333333334,0.0,0.2857142857142857,0.2857142857142857,0.6458333333333334,0.3125,0.4166666666666667,0.3952847075210474,NaN,NaN,NaN,NaN,1.8888888888888888,1.0540925533894598,2.1626984126984126,0.8675910424848399,3.5,0.4444444444444444,0.4401922015851725,3.0,4.0,1.5806451612903225,0.7199163631231569,0.0,0.0
385,1,12.0,25.0,2.0833333333333335,0.1893939393939394,0.18181818181818182,0.18181818181818182,0.4444444444444444,0.3333333333333333,0.2222222222222222,0.4444444444444444,0.5833333333333334,0.0,0.2857142857142857,0.42857142857142855,0.5818518518518518,0.2638976606729245,0.30246913580246915,0.42953383350900753,NaN,NaN,NaN,NaN,2.7777777777777777,2.5385910352879693,2.4416666666666664,1.0606244587148848,3.75,0.6666666666666666,0.795885251360605,3.0,7.0,1.5333333333333334,0.6252272314199782,0.3333333333333333,0.0
386,1,12.0,22.0,1.8333333333333333,0.16666666666666666,0.18181818181818182,0.2727272727272727,0.2222222222222222,0.3333333333333333,0.2222222222222222,0.7777777777777778,0.5833333333333334,0.0,0.2857142857142857,0.2857142857142857,0.6666666666666666,0.2165063509461097,0.42037037037037034,0.3747015273092722,NaN,NaN,NaN,NaN,2.4444444444444446,1.4240006242195884,2.197751322751323,0.8498666253036572,3.428571428571429,0.5555555555555556,0.6443352411436878,2.0,5.0,1.3333333333333333,0.47946330148538413,0.0,0.0
387,1,12.0,23.0,1.9166666666666667,0.17424242424242425,0.18181818181818182,0.09090909090909091,0.2222222222222222,0.4444444444444444,0.3333333333333333,0.5555555555555556,0.5833333333333334,0.0,0.42857142857142855,0.42857142857142855,0.6222222222222222,0.4841946348777983,0.40909090909090906,0.4712827580301755,NaN,NaN,NaN,NaN,2.5555555555555554,3.3208098075285455,2.079761904761905,0.7548841175448451,3.0,0.3333333333333333,0.6019288187279267,2.0,5.0,1.125,0.3378319623460881,0.0,0.0
388,1,11.0,13.0,1.1818181818181819,0.11818181818181818,0.2,0.4,0.375,0.375,0.25,0.25,0.5454545454545454,0.0,0.3333333333333333,0.3333333333333333,0.4,0.42426406871192857,0.25,0.4629100498862757,NaN,NaN,NaN,NaN,1.625,1.407885953173359,2.3246753246753245,1.0867305564912924,4.0,0.375,0.5979425740161308,3.0,5.0,1.5454545454545454,0.7385489458759964,0.0,0.0
389,1,12.0,16.0,1.3333333333333333,0.12121212121212122,0.18181818181818182,0.2727272727272727,0.3333333333333333,0.6666666666666666,0.4444444444444444,0.5555555555555556,0.5833333333333334,0.0,0.5714285714285714,0.2857142857142857,0.6666666666666666,0.414578098794425,0.5,0.5,NaN,NaN,NaN,NaN,1.7777777777777777,1.092906420717,2.0416666666666665,0.8106768589869638,3.5,0.1111111111111111,0.31622776601683794,2.0,3.0,1.3181818181818181,0.4767312946227962,0.0,0.0
39,1,10.0,19.0,1.9,0.2111111111111111,0.2222222222222222,0.1111111111111111,0.14285714285714285,0.5714285714285714,0.2857142857142857,0.7142857142857143,0.5,0.0,0.4,0.4,0.6964285714285714,0.361505177740535,0.46031746031746035,0.43237582450400747,NaN,NaN,NaN,NaN,2.7142857142857144,2.9277002188455996,1.9733333333333334,0.782020175926143,3.0,0.2857142857142857,0.5292730434434758,2.0,4.0,1.1428571428571428,0.35856858280031806,0.0,0.0
390,1,11.0,27.0,2.4545454545454546,0.24545454545454545,0.2,0.1,0.25,0.5,0.25,0.5,0.5454545454545454,0.0,0.3333333333333333,0.3333333333333333,0.6126543209876543,0.3171447824407217,0.35833333333333334,0.4562615512779958,NaN,NaN,NaN,NaN,3.375,3.1594529363709247,2.234756471598577,1.0180820273878535,3.666666666666667,0.5,0.739947512006968,3.0,6.0,1.3428571428571427,0.5912527648415465,0.0,0.0
391,1,11.0,23.0,2.090909090909091,0.20909090909090908,0.2,0.3,0.125,0.375,0.25,0.875,0.5454545454545454,0.0,0.3333333333333333,0.3333333333333333,0.7546296296296295,0.18164607588435755,0.5104166666666666,0.35756423554332517,NaN,NaN,NaN,NaN,2.875,1.6420805617960927,2.142748917748918,0.8570337983769968,3.428571428571429,0.625,0.5883279350973735,2.0,5.0,1.28125,0.45680340939917435,0.0,0.0
392,1,11.0,25.0,2.272727272727273,0.22727272727272727,0.2,0.1,0.25,0.25,0.125,0.5,0.5454545454545454,0.0,0.16666666666666666,0.3333333333333333,0.25925925925925924,0.3399187808606853,0.22291666666666665,0.3414415634773266,NaN,NaN,NaN,NaN,3.125,2.997022331772464,2.1515151515151514,0.8180415143450356,3.0,0.375,0.63879226322456,2.0,6.0,1.1724137931034482,0.3844258722192448,0.0,0.0
393,1,11.0,21.0,1.9090909090909092,0.19090909090909092,0.2,0.2,0.25,0.375,0.125,0.625,0.5454545454545454,0.0,0.16666666666666666,0.5,0.6081349206349206,0.31592421729762643,0.3482142857142857,0.36197132846454216,NaN,NaN,NaN,NaN,2.625,1.9226098333849673,2.1727272727272724,0.8978762822247941,3.5,0.625,0.6476698159372494,3.0,5.0,1.40625,0.5599179087296003,0.0,0.0
394,1,11.0,17.0,1.5454545454545454,0.15454545454545454,0.2,0.3,0.375,0.375,0.25,0.5,0.5454545454545454,0.0,0.3333333333333333,0.5,0.7546296296296297,0.21590446134703017,0.375,0.45206756062017917,NaN,NaN,NaN,NaN,2.125,1.246423454758225,2.2181818181818183,0.9656734709648249,3.666666666666667,0.375,0.5528299151029,3.0,5.0,1.4642857142857142,0.5762035942360842,0.0,0.0
395,1,12.0,21.0,1.75,0.1590909090909091,0.18181818181818182,0.18181818181818182,0.2222222222222222,0.5555555555555556,0.3333333333333333,0.6666666666666666,0.5833333333333334,0.0,0.42857142857142855,0.42857142857142855,0.7160493827160495,0.30987408390150945,0.4907407407407407,0.44574462599670034,NaN,NaN,NaN,NaN,2.3333333333333335,1.3228756555322954,2.1355820105820107,0.894805207410029,3.571428571428571,0.4444444444444444,0.5291840448070819,3.0,6.0,1.5135135135135136,0.6065211190617091,0.0,0.0
396,1,12.0,34.0,2.8333333333333335,0.25757575757575757,0.18181818181818182,0.09090909090909091,0.1111111111111111,0.4444444444444444,0.3333333333333333,0.8888888888888888,0.5833333333333334,0.0,0.42857142857142855,0.42857142857142855,0.8330589849108367,0.15525332218348875,0.5447089947089947,0.38862033163064763,NaN,NaN,NaN,NaN,3.7777777777777777,3.1135902820449006,2.1658459595959596,0.8410872331554947,3.1818181818181817,0.5555555555555556,0.7077970313789981,2.0,6.0,1.2439024390243902,0.43476935292624114,0.0,0.0
397,1,12.0,21.0,1.75,0.1590909090909091,0.18181818181818182,0.2727272727272727,0.1111111111111111,0.5555555555555556,0.3333333333333333,0.7777777777777778,0.5833333333333334,0.0,0.42857142857142855,0.2857142857142857,0.7448559670781892,0.3356117831868688,0.5343915343915344,0.4257697962222749,NaN,NaN,NaN,NaN,2.3333333333333335,1.9999999999999998,2.033333333333333,0.7377278795344693,3.0,0.2222222222222222,0.4918381460447755,2.0,4.0,1.2,0.408248290463863,0.0,0.0
398,1,12.0,29.0,2.4166666666666665,0.2196969696969697,0.18181818181818182,0.09090909090909091,0.2222222222222222,0.3333333333333333,0.2222222222222222,0.6666666666666666,0.5833333333333334,0.0,0.2857142857142857,0.42857142857142855,0.6682630906768838,0.22144208003276275,0.37575757575757573,0.40347150605507087,NaN,NaN,NaN,NaN,3.2222222222222223,3.192874010111336,2.4245310245310248,1.045433960821371,3.7142857142857144,0.5555555555555556,0.9276318301179521,3.0,7.0,1.5686274509803921,0.670966525566941,0.3333333333333333,0.0
399,1,10.0,23.0,2.3,0.25555555555555554,0.2222222222222222,0.1111111111111111,0.14285714285714285,0.42857142857142855,0.14285714285714285,0.5714285714285714,0.5,0.0,0.2,0.4,0.3803571428571429,0.345552632783791,0.28174603174603174,0.3665644398140048,NaN,NaN,NaN,NaN,3.2857142857142856,2.984084768360628,1.9957264957264957,0.7782003172711136,3.111111111111111,0.5714285714285714,0.5368587001900708,2.0,5.0,1.1851851851851851,0.3958473906635696,0.0,0.0
4,1,11.0,20.0,1.8181818181818181,0.18181818181818182,0.2,0.2,0.25,0.375,0.25,0.625,0.5454545454545454,0.0,0.3333333333333333,0.3333333333333333,0.5208333333333334,0.38253021459665787,0.34166666666666673,0.4237961474614588,NaN,NaN,NaN,NaN,2.5,1.7728105208558367,2.215584415584416,0.9294601142039953,3.571428571428571,0.5,0.6564216375720905,3.0,5.0,1.4375,0.564400909900732,0.0,0.0
40,1,12.0,20.0,1.6666666666666667,0.15151515151515152,0.18181818181818182,0.36363636363636365,0.3333333333333333,0.4444444444444444,0.3333333333333333,0.6666666666666666,0.5833333333333334,0.0,0.42857142857142855,0.2857142857142857,0.6851851851851852,0.24216105241892633,0.4388888888888889,0.44984565254219266,NaN,NaN,NaN,NaN,2.2222222222222223,1.4813657362192647,2.2222222222222223,0.9463735497270069,4.0,0.1111111111111111,0.6794820869108681,3.0,6.0,1.4333333333333333,0.6260623155792925,0.16666666666666666,0.0
400,1,12.0,22.0,1.8333333333333333,0.16666666666666666,0.18181818181818182,0.2727272727272727,0.4444444444444444,0.3333333333333333,0.2222222222222222,0.5555555555555556,0.5833333333333334,0.0,0.2857142857142857,0.42857142857142855,0.7290123456790123,0.18214636331268982,0.35555555555555557,0.41866188956934897,NaN,NaN,NaN,NaN,2.4444444444444446,1.4240006242195886,2.367063492063492,1.003829933036592,3.7142857142857144,0.4444444444444444,0.6626420912795665,3.0,6.0,1.5263157894736843,0.6034514291237714,0.16666666666666666,0.0
401,1,12.0,20.0,1.6666666666666667,0.15151515151515152,0.18181818181818182,0.2727272727272727,0.2222222222222222,0.5555555555555556,0.3333333333333333,0.6666666666666666,0.5833333333333334,0.0,0.42857142857142855,0.14285714285714285,0.5444444444444445,0.398978730984219,0.4722222222222222,0.4409585518440985,NaN,NaN,NaN,NaN,2.2222222222222223,1.6414763002993509,2.0444444444444443,0.7671715509272933,3.333333333333333,0.3333333333333333,0.3896917360206745,2.0,4.0,1.2592592592592593,0.44657608470472243,0.0,0.0
402,1,11.0,23.0,2.090909090909091,0.20909090909090908,0.2,0.2,0.25,0.25,0.125,0.625,0.5454545454545454,0.0,0.16666666666666666,0.5,0.6854166666666667,0.18157981759746916,0.35416666666666663,0.37201190457142247,NaN,NaN,NaN,NaN,2.875,1.5526475085202969,2.4642857142857144,1.0925302965957473,3.7142857142857144,0.625,0.8374779297933899,3.0,5.0,1.5277777777777777,0.6540472290116194,0.0,0.0
403,1,12.0,31.0,2.5833333333333335,0.23484848484848486,0.18181818181818182,0.09090909090909091,0.1111111111111111,0.4444444444444444,0.3333333333333333,0.6666666666666666,0.5833333333333334,0.0,0.42857142857142855,0.42857142857142855,0.5883597883597883,0.3896558682237693,0.4408369408369408,0.4493962100199892,NaN,NaN,NaN,NaN,3.4444444444444446,3.4681086744474685,2.0550108932461875,0.7290822751862774,3.0,0.4444444444444444,0.6057091628360753,2.0,7.0,1.25,0.4385290096535146,0.0,0.0
404,1,11.0,24.0,2.1818181818181817,0.21818181818181817,0.2,0.1,0.125,0.625,0.375,0.75,0.5454545454545454,0.0,0.5,0.5,0.7458333333333333,0.331605974080467,0.5083333333333333,0.4562615512779958,NaN,NaN,NaN,NaN,3.0,3.1622776601683795,1.9626623376623378,0.7252926285517728,3.0,0.25,0.5153926866126283,2.0,5.0,1.28125,0.45680340939917435,0.0,0.0
405,1,12.0,17.0,1.4166666666666667,0.12878787878787878,0.18181818181818182,0.36363636363636365,0.2222222222222222,0.5555555555555556,0.4444444444444444,0.6666666666666666,0.5833333333333334,0.0,0.5714285714285714,0.14285714285714285,0.6527777777777778,0.44095855184409843,0.49444444444444446,0.48762462794425976,NaN,NaN,NaN,NaN,1.8888888888888888,1.536590742882148,2.022222222222222,0.7260427309312083,3.0,0.2222222222222222,0.5066873060811676,2.0,4.0,1.2,0.41039134083406165,0.0,0.0
406,1,12.0,28.0,2.3333333333333335,0.21212121212121213,0.18181818181818182,0.09090909090909091,0.1111111111111111,0.4444444444444444,0.2222222222222222,0.7777777777777778,0.5833333333333334,0.0,0.2857142857142857,0.2857142857142857,0.6048148148148148,0.37787825461204033,0.46464646464646464,0.37840890132552046,NaN,NaN,NaN,NaN,3.111111111111111,3.370624736026114,2.1166666666666667,0.7955367922847993,3.1,0.4444444444444444,0.6391545341453181,2.0,5.0,1.1875,0.39655776945626603,0.0,0.0
407,1,12.0,20.0,1.6666666666666667,0.15151515151515152,0.18181818181818182,0.2727272727272727,0.2222222222222222,0.4444444444444444,0.2222222222222222,0.6666666666666666,0.5833333333333334,0.0,0.2857142857142857,0.42857142857142855,0.5648148148148148,0.37216002797150727,0.4166666666666667,0.4039733214513607,NaN,NaN,NaN,NaN,2.2222222222222223,1.3017082793177757,2.2130952380952382,0.9178796719319745,3.571428571428571,0.4444444444444444,0.603220857391964,3.0,6.0,1.46875,0.6213603702179753,0.0,0.0
408,1,12.0,25.0,2.0833333333333335,0.1893939393939394,0.18181818181818182,0.09090909090909091,0.2222222222222222,0.3333333333333333,0.2222222222222222,0.7777777777777778,0.5833333333333334,0.0,0.2857142857142857,0.42857142857142855,0.8015873015873016,0.21896753841567151,0.4388888888888889,0.3739800945386146,NaN,NaN,NaN,NaN,2.7777777777777777,2.1081851067789197,2.214330808080808,0.8508159547596557,3.3636363636363633,0.4444444444444444,0.6705582225950311,3.0,5.0,1.3235294117647058,0.5348796656113336,0.16666666666666666,0.0
409,1,12.0,22.0,1.8333333333333333,0.16666666666666666,0.18181818181818182,0.2727272727272727,0.2222222222222222,0.3333333333333333,0.2222222222222222,0.6666666666666666,0.5833333333333334,0.0,0.2857142857142857,0.42857142857142855,0.5962962962962963,0.32164699613622505,0.36481481481481487,0.39777545002422565,NaN,NaN,NaN,NaN,2.4444444444444446,1.5898986690282428,2.3159722222222223,0.9433877964611289,3.5,0.4444444444444444,0.8034715479586246,3.0,6.0,1.575,0.6359930655967717,0.16666666666666666,0.0
41,1,10.0,30.0,3.0,0.3333333333333333,0.2222222222222222,0.1111111111111111,0.14285714285714285,0.2857142857142857,0.14285714285714285,0.8571428571428571,0.5,0.0,0.2,0.4,0.7341666666666667,0.14284349168682467,0.4126984126984127,0.33580433330222265,NaN,NaN,NaN,NaN,4.285714285714286,2.4299715851758235,2.185576923076923,0.9108774741131824,3.230769230769231,0.5714285714285714,0.7376071060134907,2.0,7.0,1.2162162162162162,0.41734179538380073,0.2,0.0
410,1,11.0,20.0,1.8181818181818181,0.18181818181818182,0.2,0.2,0.375,0.375,0.125,0.375,0.5454545454545454,0.0,0.16666666666666666,0.5,0.3625,0.29781570883445924,0.21875,0.3644344934278313,NaN,NaN,NaN,NaN,2.5,1.4142135623730951,2.2704545454545455,1.0128436566061283,3.75,0.375,0.5462958399409995,3.0,6.0,1.4545454545454546,0.5640760748177663,0.0,0.0
411,1,12.0,27.0,2.25,0.20454545454545456,0.18181818181818182,0.09090909090909091,0.2222222222222222,0.3333333333333333,0.2222222222222222,0.7777777777777778,0.5833333333333334,0.0,0.2857142857142857,0.42857142857142855,0.8286195286195287,0.1810010749801362,0.46111111111111114,0.3732365946093115,NaN,NaN,NaN,NaN,3.0,1.6583123951777,2.221338383838384,0.847329548065085,3.2727272727272725,0.5555555555555556,0.6841741983222469,2.0,6.0,1.2777777777777777,0.45425676257949793,0.16666666666666666,0.0
412,1,12.0,24.0,2.0,0.18181818181818182,0.18181818181818182,0.18181818181818182,0.3333333333333333,0.4444444444444444,0.2222222222222222,0.5555555555555556,0.5833333333333334,0.0,0.2857142857142857,0.42857142857142855,0.6591970121381886,0.30424632347778297,0.3703703703703704,0.4148106811963355,NaN,NaN,NaN,NaN,2.6666666666666665,2.29128784747792,2.202380952380952,0.8929797895561588,3.428571428571429,0.3333333333333333,0.6047888029752855,2.0,6.0,1.3142857142857143,0.47100821595360554,0.16666666666666666,0.0
413,1,12.0,29.0,2.4166666666666665,0.2196969696969697,0.18181818181818182,0.09090909090909091,0.1111111111111111,0.4444444444444444,0.2222222222222222,0.7777777777777778,0.5833333333333334,0.0,0.2857142857142857,0.42857142857142855,0.653061224489796,0.3292397974601038,0.449074074074074,0.38851668696387126,NaN,NaN,NaN,NaN,3.2222222222222223,2.6352313834736494,2.0881410256410255,0.7824721105887048,3.3076923076923075,0.5555555555555556,0.4964199243518374,2.0,5.0,1.2222222222222223,0.4216370213557839,0.0,0.0
414,1,11.0,31.0,2.8181818181818183,0.2818181818181818,0.2,0.2,0.125,0.25,0.125,0.625,0.5454545454545454,0.0,0.16666666666666666,0.5,0.5293255131964809,0.3040089426854305,0.2923611111111111,0.36105539863272257,NaN,NaN,NaN,NaN,3.875,2.5877458475338284,2.2750445632798577,0.9138819476781966,3.2222222222222223,0.625,0.8301381852559842,3.0,6.0,1.372093023255814,0.5355573782764613,0.36363636363636365,0.0
415,1,12.0,26.0,2.1666666666666665,0.19696969696969696,0.18181818181818182,0.09090909090909091,0.2222222222222222,0.3333333333333333,0.2222222222222222,0.6666666666666666,0.5833333333333334,0.0,0.2857142857142857,0.42857142857142855,0.6646090534979423,0.33339048435532775,0.337037037037037,0.3958796269225605,NaN,NaN,NaN,NaN,2.888888888888889,2.9767618499152917,2.2375992063492065,0.8608268382058751,3.142857142857143,0.4444444444444444,0.7856571532674903,3.0,6.0,1.4,0.6039088361275576,0.16666666666666666,0.0
416,1,12.0,15.0,1.25,0.11363636363636363,0.18181818181818182,0.45454545454545453,0.3333333333333333,0.5555555555555556,0.3333333333333333,0.4444444444444444,0.5833333333333334,0.0,0.42857142857142855,0.2857142857142857,0.6388888888888888,0.4166666666666667,0.3611111111111111,0.4859126579037751,NaN,NaN,NaN,NaN,1.6666666666666667,1.3228756555322951,2.069444444444444,0.7960075038138436,3.333333333333333,0.2222222222222222,0.3698276446839619,2.0,5.0,1.3478260869565217,0.486984753557674,0.0,0.0
417,1,12.0,33.0,2.75,0.25,0.18181818181818182,0.09090909090909091,0.2222222222222222,0.3333333333333333,0.2222222222222222,0.5555555555555556,0.5833333333333334,0.0,0.2857142857142857,0.42857142857142855,0.5608465608465608,0.32095668869669686,0.3202020202020202,0.4183739128409202,NaN,NaN,NaN,NaN,3.6666666666666665,3.5000000000000004,2.2527652086475616,0.8795106012098856,3.3076923076923075,0.3333333333333333,0.7562794870766028,2.0,7.0,1.2954545454545454,0.4615215208036401,0.16666666666666666,0.0
418,1,10.0,20.0,2.0,0.2222222222222222,0.2222222222222222,0.1111111111111111,0.14285714285714285,0.42857142857142855,0.14285714285714285,0.5714285714285714,0.5,0.0,0.2,0.6,0.3888888888888889,0.3405847066249912,0.2579365079365079,0.35526401738123636,NaN,NaN,NaN,NaN,2.857142857142857,2.9680841985233184,1.976923076923077,0.7558619868218105,3.0,0.42857142857142855,0.6266181171295975,2.0,6.0,1.3333333333333333,0.4803844614152614,0.0,0.0
419,1,12.0,25.0,2.0833333333333335,0.1893939393939394,0.18181818181818182,0.09090909090909091,0.2222222222222222,0.5555555555555556,0.3333333333333333,0.6666666666666666,0.5833333333333334,0.0,0.42857142857142855,0.42857142857142855,0.5921985815602837,0.39415575553293325,0.41710758377425045,0.46326898427097835,NaN,NaN,NaN,NaN,2.7777777777777777,3.032234233110042,2.1175213675213675,0.8382958450891725,3.25,0.3333333333333333,0.6784676272895116,3.0,6.0,1.4871794871794872,0.6436652804465701,0.16666666666666666,0.0
42,1,11.0,18.0,1.6363636363636365,0.16363636363636364,0.2,0.2,0.375,0.375,0.25,0.5,0.5454545454545454,0.0,0.3333333333333333,0.5,0.7222222222222221,0.22022915754780334,0.35416666666666663,0.4580626906564521,NaN,NaN,NaN,NaN,2.25,1.7525491637693282,2.4794372294372296,1.2149401937107687,4.0,0.375,0.9109694174038508,3.0,5.0,1.696969696969697,0.8095078939102633,0.0,0.0
420,1,12.0,17.0,1.4166666666666667,0.12878787878787878,0.18181818181818182,0.36363636363636365,0.3333333333333333,0.4444444444444444,0.3333333333333333,0.6666666666666666,0.5833333333333334,0.0,0.42857142857142855,0.42857142857142855,0.8888888888888888,0.14433756729740646,0.4851851851851852,0.44941663147014854,NaN,NaN,NaN,NaN,1.8888888888888888,1.3642254619787415,2.261574074074074,0.9784761576533925,4.0,0.2222222222222222,0.5512033363561645,3.0,4.0,1.5517241379310345,0.6858887298634484,0.0,0.0
421,1,11.0,13.0,1.1818181818181819,0.11818181818181818,0.2,0.4,0.25,0.375,0.125,0.5,0.5454545454545454,0.0,0.16666666666666666,0.5,0.5625,0.49551560448255744,0.3125,0.37201190457142247,NaN,NaN,NaN,NaN,1.625,1.0606601717798212,2.0454545454545454,0.7567874686642695,3.0,0.375,0.5340940088190563,2.0,3.0,1.25,0.4472135954999579,0.0,0.0
422,1,11.0,18.0,1.6363636363636365,0.16363636363636364,0.2,0.5,0.375,0.25,0.125,0.375,0.5454545454545454,0.0,0.16666666666666666,0.3333333333333333,0.3177083333333333,0.3101598890024817,0.20833333333333331,0.3535533905932738,NaN,NaN,NaN,NaN,2.25,1.164964745021435,2.3515151515151516,0.9908036733843486,3.5,0.625,0.7784223519559876,3.0,6.0,1.5,0.5679618342470648,0.18181818181818182,0.0
423,1,12.0,26.0,2.1666666666666665,0.19696969696969696,0.18181818181818182,0.09090909090909091,0.2222222222222222,0.5555555555555556,0.3333333333333333,0.5555555555555556,0.5833333333333334,0.0,0.42857142857142855,0.42857142857142855,0.5936213991769547,0.38895624539161455,0.40909090909090906,0.4712827580301755,NaN,NaN,NaN,NaN,2.888888888888889,3.443996386628637,2.074346405228758,0.8024143334943215,3.333333333333333,0.3333333333333333,0.5797686308656389,2.0,6.0,1.375,0.4902903378454601,0.16666666666666666,0.0
424,1,11.0,22.0,2.0,0.2,0.2,0.1,0.25,0.375,0.25,0.625,0.5454545454545454,0.0,0.3333333333333333,0.5,0.6762820512820512,0.3584343138167873,0.37916666666666665,0.4227414309720748,NaN,NaN,NaN,NaN,2.75,3.058944729337694,2.1117424242424243,0.8311571965359714,3.166666666666667,0.5,0.6421791257753008,2.0,6.0,1.3,0.466091599699399,0.18181818181818182,0.0
425,1,12.0,31.0,2.5833333333333335,0.23484848484848486,0.18181818181818182,0.2727272727272727,0.1111111111111111,0.3333333333333333,0.2222222222222222,0.8888888888888888,0.5833333333333334,0.0,0.2857142857142857,0.42857142857142855,0.7558641975308641,0.15735838016437545,0.45105820105820105,0.36593563317764743,NaN,NaN,NaN,NaN,3.4444444444444446,1.810463415200036,2.265972222222222,0.8903626710655248,3.333333333333333,0.6666666666666666,0.7337428597467853,2.0,6.0,1.2857142857142858,0.4572299568592125,0.16666666666666666,0.0
426,1,12.0,16.0,1.3333333333333333,0.12121212121212122,0.18181818181818182,0.36363636363636365,0.3333333333333333,0.4444444444444444,0.2222222222222222,0.5555555555555556,0.5833333333333334,0.0,0.2857142857142857,0.42857142857142855,0.6666666666666666,0.33333333333333337,0.3888888888888889,0.42491829279939874,NaN,NaN,NaN,NaN,1.7777777777777777,1.2018504251546631,2.2222222222222223,1.0083823763012805,4.333333333333334,0.4444444444444444,0.3542075139843351,4.0,5.0,1.6896551724137931,0.8905635565617211,0.0,0.0
427,1,12.0,19.0,1.5833333333333333,0.14393939393939395,0.18181818181818182,0.36363636363636365,0.1111111111111111,0.5555555555555556,0.3333333333333333,0.7777777777777778,0.5833333333333334,0.0,0.42857142857142855,0.2857142857142857,0.7376543209876544,0.34558254826891704,0.5277777777777777,0.4124789556921527,NaN,NaN,NaN,NaN,2.111111111111111,1.3642254619787417,2.0277777777777777,0.7311031285063582,3.0,0.2222222222222222,0.44224602480829545,3.0,4.0,1.3076923076923077,0.5491251783869153,0.0,0.0
428,1,11.0,17.0,1.5454545454545454,0.15454545454545454,0.2,0.3,0.25,0.5,0.375,0.625,0.5454545454545454,0.0,0.5,0.5,0.7986111111111112,0.19683899722596682,0.4895833333333333,0.4765065915032359,NaN,NaN,NaN,NaN,2.125,1.1259916264596033,2.1636363636363636,1.0000505037751892,3.833333333333333,0.5,0.5577440554345237,3.0,5.0,1.5357142857142858,0.6929348671835832,0.0,0.0
429,1,12.0,24.0,2.0,0.18181818181818182,0.18181818181818182,0.18181818181818182,0.3333333333333333,0.3333333333333333,0.2222222222222222,0.5555555555555556,0.5833333333333334,0.0,0.2857142857142857,0.42857142857142855,0.6490299823633157,0.3195491245663394,0.3138888888888889,0.42114262561644256,NaN,NaN,NaN,NaN,2.6666666666666665,2.39791576165636,2.264484126984127,0.8975834264024909,3.4,0.4444444444444444,0.7390536129255243,3.0,7.0,1.5454545454545454,0.6270842625233388,0.3333333333333333,0.0
43,1,12.0,16.0,1.3333333333333333,0.12121212121212122,0.18181818181818182,0.2727272727272727,0.3333333333333333,0.3333333333333333,0.2222222222222222,0.5555555555555556,0.5833333333333334,0.0,0.2857142857142857,0.42857142857142855,0.6772486772486773,0.3348416366623648,0.3370370370370371,0.4151453709393201,NaN,NaN,NaN,NaN,1.7777777777777777,1.3944333775567928,2.548148148148148,1.2260668030176936,4.666666666666666,0.5555555555555556,0.8880262017414936,5.0,7.0,2.142857142857143,1.1597188172965194,0.16666666666666666,0.0
430,1,10.0,22.0,2.2,0.24444444444444444,0.2222222222222222,0.1111111111111111,0.14285714285714285,0.42857142857142855,0.14285714285714285,0.7142857142857143,0.5,0.0,0.2,0.2,0.5178571428571428,0.37566079346403947,0.43650793650793646,0.3773807437450394,NaN,NaN,NaN,NaN,3.142857142857143,2.853569193634026,1.9941176470588236,0.7775333278732771,3.0,0.42857142857142855,0.5372191819956762,2.0,4.0,1.125,0.3378319623460881,0.0,0.0
431,1,12.0,18.0,1.5,0.13636363636363635,0.18181818181818182,0.2727272727272727,0.2222222222222222,0.3333333333333333,0.2222222222222222,0.5555555555555556,0.5833333333333334,0.0,0.2857142857142857,0.42857142857142855,0.6172839506172839,0.35185185185185186,0.3425925925925926,0.4134132240593672,NaN,NaN,NaN,NaN,2.0,1.118033988749895,2.302777777777778,0.9540406714043184,3.666666666666667,0.4444444444444444,0.7317769183587005,3.0,5.0,1.4074074074074074,0.5723943812052382,0.16666666666666666,0.0
432,1,11.0,10.0,0.9090909090909091,0.09090909090909091,0.2,0.5,0.25,0.625,0.375,0.5,0.5454545454545454,0.0,0.5,0.3333333333333333,0.5833333333333333,0.4960158727618966,0.4166666666666667,0.4960158727618966,NaN,NaN,NaN,NaN,1.25,0.7071067811865476,1.9393939393939392,0.7120889741252192,3.0,0.125,0.2721655269759087,2.0,3.0,1.2307692307692308,0.4385290096535146,0.0,0.0
433,1,12.0,17.0,1.4166666666666667,0.12878787878787878,0.18181818181818182,0.36363636363636365,0.3333333333333333,0.5555555555555556,0.3333333333333333,0.6666666666666666,0.5833333333333334,0.0,0.42857142857142855,0.2857142857142857,0.7731481481481481,0.19885862587883824,0.5185185185185185,0.43656204570838086,NaN,NaN,NaN,NaN,1.8888888888888888,1.0540925533894596,2.115079365079365,0.8596544092200179,3.666666666666667,0.2222222222222222,0.32170078731427354,3.0,4.0,1.36,0.5686240703077327,0.0,0.0
434,1,12.0,18.0,1.5,0.13636363636363635,0.18181818181818182,0.2727272727272727,0.3333333333333333,0.4444444444444444,0.2222222222222222,0.5555555555555556,0.5833333333333334,0.0,0.2857142857142857,0.42857142857142855,0.5,0.36324157862838946,0.35,0.4138236339311712,NaN,NaN,NaN,NaN,2.0,1.5,2.1333333333333333,0.8337574678235363,3.5,0.3333333333333333,0.5193321503170598,3.0,4.0,1.3333333333333333,0.5646597025732798,0.0,0.0
435,1,12.0,24.0,2.0,0.18181818181818182,0.18181818181818182,0.09090909090909091,0.1111111111111111,0.5555555555555556,0.3333333333333333,0.6666666666666666,0.5833333333333334,0.0,0.42857142857142855,0.42857142857142855,0.5502645502645502,0.4090623168759639,0.42592592592592593,0.4476878183690611,NaN,NaN,NaN,NaN,2.6666666666666665,2.0615528128088303,2.0290404040404044,0.7435185709313958,3.1818181818181817,0.3333333333333333,0.4291542117455106,2.0,5.0,1.2258064516129032,0.4250237185032414,0.0,0.0
436,1,12.0,26.0,2.1666666666666665,0.19696969696969696,0.18181818181818182,0.09090909090909091,0.2222222222222222,0.4444444444444444,0.3333333333333333,0.6666666666666666,0.5833333333333334,0.0,0.42857142857142855,0.42857142857142855,0.7024305555555556,0.3539046211944368,0.4358024691358025,0.4513962487529145,NaN,NaN,NaN,NaN,2.888888888888889,2.848001248439177,2.123015873015873,0.8062598659759412,3.2857142857142856,0.4444444444444444,0.6273881636607613,2.0,5.0,1.2,0.4068381021724863,0.0,0.0
437,1,12.0,17.0,1.4166666666666667,0.12878787878787878,0.18181818181818182,0.36363636363636365,0.3333333333333333,0.4444444444444444,0.2222222222222222,0.5555555555555556,0.5833333333333334,0.0,0.2857142857142857,0.42857142857142855,0.5486111111111112,0.32140101292794815,0.3611111111111111,0.4166666666666667,NaN,NaN,NaN,NaN,1.8888888888888888,1.2692955176439846,2.3222222222222224,1.1158484866315161,4.333333333333334,0.4444444444444444,0.44563973256637485,4.0,5.0,1.8611111111111112,0.9607371508460952,0.0,0.0
438,1,11.0,32.0,2.909090909090909,0.2909090909090909,0.2,0.1,0.125,0.25,0.125,0.75,0.5454545454545454,0.0,0.16666666666666666,0.5,0.5509259259259259,0.2833739639574384,0.34166666666666673,0.328899077491262,NaN,NaN,NaN,NaN,4.0,3.0237157840738176,2.251993620414673,0.9080374572887965,3.333333333333333,0.5,0.7756580057389832,3.0,7.0,1.2820512820512822,0.5103516820842346,0.18181818181818182,0.0
439,1,12.0,32.0,2.6666666666666665,0.24242424242424243,0.18181818181818182,0.09090909090909091,0.3333333333333333,0.4444444444444444,0.3333333333333333,0.6666666666666666,0.5833333333333334,0.0,0.42857142857142855,0.42857142857142855,0.7455300127713921,0.2166784383860024,0.4313131313131313,0.4539794455770304,NaN,NaN,NaN,NaN,3.5555555555555554,3.3952581312438936,2.238425925925926,0.9213195604730686,3.416666666666667,0.3333333333333333,0.7131508290244579,2.0,7.0,1.3255813953488371,0.4741373235154428,0.16666666666666666,0.0
44,1,12.0,25.0,2.0833333333333335,0.1893939393939394,0.18181818181818182,0.09090909090909091,0.2222222222222222,0.5555555555555556,0.3333333333333333,0.5555555555555556,0.5833333333333334,0.0,0.42857142857142855,0.42857142857142855,0.517094017094017,0.4423541410022082,0.38131313131313127,0.4726204230449158,NaN,NaN,NaN,NaN,2.7777777777777777,3.3458099833141213,2.0743055555555556,0.784214996524812,3.125,0.3333333333333333,0.6616166367875541,2.0,6.0,1.368421052631579,0.48885152952935135,0.16666666666666666,0.0
440,1,12.0,27.0,2.25,0.20454545454545456,0.18181818181818182,0.18181818181818182,0.2222222222222222,0.3333333333333333,0.2222222222222222,0.6666666666666666,0.5833333333333334,0.0,0.2857142857142857,0.2857142857142857,0.6975308641975309,0.2698323540907001,0.404320987654321,0.40851071145288476,NaN,NaN,NaN,NaN,3.0,2.598076211353316,2.327264239028945,0.9557392469177469,3.666666666666667,0.3333333333333333,0.7905825296493537,3.0,5.0,1.3333333333333333,0.5855400437691199,0.0,0.0
441,1,12.0,17.0,1.4166666666666667,0.12878787878787878,0.18181818181818182,0.36363636363636365,0.3333333333333333,0.4444444444444444,0.2222222222222222,0.4444444444444444,0.5833333333333334,0.0,0.2857142857142857,0.42857142857142855,0.5481481481481482,0.46996191072348004,0.3148148148148148,0.42853468390393096,NaN,NaN,NaN,NaN,1.8888888888888888,1.3642254619787417,2.1277777777777778,0.8450489595921317,3.5,0.4444444444444444,0.4927165593352199,2.0,4.0,1.2105263157894737,0.41885390829169555,0.0,0.0
442,1,11.0,17.0,1.5454545454545454,0.15454545454545454,0.2,0.1,0.375,0.5,0.125,0.375,0.5454545454545454,0.0,0.16666666666666666,0.3333333333333333,0.31640625,0.35451390103462194,0.22916666666666666,0.36663960939129747,NaN,NaN,NaN,NaN,2.125,1.3562026818605375,2.165151515151515,0.9486966072065677,3.666666666666667,0.375,0.4016865994565994,3.0,5.0,1.4285714285714286,0.5727497953228164,0.0,0.0
443,1,12.0,24.0,2.0,0.18181818181818182,0.18181818181818182,0.2727272727272727,0.1111111111111111,0.3333333333333333,0.2222222222222222,0.7777777777777778,0.5833333333333334,0.0,0.2857142857142857,0.42857142857142855,0.7736625514403292,0.18373921069305207,0.46031746031746024,0.3912303982179758,NaN,NaN,NaN,NaN,2.6666666666666665,1.8708286933869709,2.2952380952380955,0.9381974146126271,3.666666666666667,0.4444444444444444,0.7016700499871243,3.0,6.0,1.5476190476190477,0.6699974864307038,0.0,0.0
444,1,12.0,36.0,3.0,0.2727272727272727,0.18181818181818182,0.09090909090909091,0.1111111111111111,0.3333333333333333,0.2222222222222222,0.6666666666666666,0.5833333333333334,0.0,0.2857142857142857,0.42857142857142855,0.5403015194681862,0.3130255690184824,0.347979797979798,0.4024531638931914,NaN,NaN,NaN,NaN,4.0,3.278719262151,2.198992673992674,0.8433865589140792,3.230769230769231,0.5555555555555556,0.70314815335494,2.0,8.0,1.2826086956521738,0.45524320622233805,0.16666666666666666,0.0
445,1,11.0,17.0,1.5454545454545454,0.15454545454545454,0.2,0.3,0.25,0.5,0.25,0.5,0.5454545454545454,0.0,0.3333333333333333,0.3333333333333333,0.546875,0.43269039987369395,0.34375,0.4419417382415922,NaN,NaN,NaN,NaN,2.125,1.5526475085202969,2.0303030303030303,0.7916866026197972,3.333333333333333,0.375,0.41024462652760146,2.0,4.0,1.2608695652173914,0.4489777585448795,0.0,0.0
446,1,11.0,21.0,1.9090909090909092,0.19090909090909092,0.2,0.1,0.25,0.5,0.25,0.5,0.5454545454545454,0.0,0.3333333333333333,0.5,0.611111111111111,0.3501070634938536,0.3958333333333333,0.4537104523847501,NaN,NaN,NaN,NaN,2.625,1.7677669529663689,2.347943722943723,1.2101451453992682,4.285714285714286,0.5,0.8663873994064896,4.0,6.0,1.6111111111111112,0.8027729719194864,0.18181818181818182,0.0
447,1,12.0,19.0,1.5833333333333333,0.14393939393939395,0.18181818181818182,0.18181818181818182,0.3333333333333333,0.4444444444444444,0.2222222222222222,0.4444444444444444,0.5833333333333334,0.0,0.2857142857142857,0.2857142857142857,0.4583333333333333,0.39528470752104744,0.3333333333333333,0.43301270189221935,NaN,NaN,NaN,NaN,2.111111111111111,1.4529663145135578,2.1527777777777777,0.8659038989920084,3.5,0.4444444444444444,0.4529521961617995,3.0,4.0,1.4333333333333333,0.5683207771559353,0.0,0.0
448,1,12.0,23.0,1.9166666666666667,0.17424242424242425,0.18181818181818182,0.2727272727272727,0.1111111111111111,0.4444444444444444,0.2222222222222222,0.7777777777777778,0.5833333333333334,0.0,0.2857142857142857,0.42857142857142855,0.5555555555555556,0.3004626062886658,0.4084656084656085,0.38241369854579604,NaN,NaN,NaN,NaN,2.5555555555555554,2.1278575558006176,2.047222222222222,0.7215945213197321,3.0,0.4444444444444444,0.5960711655761157,3.0,6.0,1.393939393939394,0.6092717958449425,0.16666666666666666,0.0
449,1,10.0,23.0,2.3,0.25555555555555554,0.2222222222222222,0.1111111111111111,0.14285714285714285,0.42857142857142855,0.14285714285714285,0.7142857142857143,0.5,0.0,0.2,0.4,0.5729166666666666,0.3060089754493413,0.376984126984127,0.3677653093364337,NaN,NaN,NaN,NaN,3.2857142857142856,2.8702082220799308,2.06078431372549,0.8508513701976395,3.333333333333333,0.5714285714285714,0.5637385473385822,3.0,4.0,1.2758620689655173,0.5275652785700641,0.0,0.0
45,1,12.0,23.0,1.9166666666666667,0.17424242424242425,0.18181818181818182,0.18181818181818182,0.2222222222222222,0.5555555555555556,0.3333333333333333,0.6666666666666666,0.5833333333333334,0.0,0.42857142857142855,0.42857142857142855,0.6481481481481481,0.33535267965693427,0.48148148148148145,0.4444444444444445,NaN,NaN,NaN,NaN,2.5555555555555554,1.6666666666666667,2.0284722222222222,0.7858474992564028,3.375,0.4444444444444444,0.42012824285919864,3.0,5.0,1.3,0.534983080621924,0.0,0.0
450,1,11.0,28.0,2.5454545454545454,0.2545454545454545,0.2,0.1,0.375,0.25,0.125,0.5,0.5454545454545454,0.0,0.16666666666666666,0.3333333333333333,0.42333333333333334,0.323619302982357,0.2375,0.3543101950067402,NaN,NaN,NaN,NaN,3.5,3.2071349029490928,2.33287419651056,0.9678340020753451,3.333333333333333,0.5,0.8012953270843389,3.0,7.0,1.358974358974359,0.5374001492164547,0.18181818181818182,0.0
451,1,12.0,29.0,2.4166666666666665,0.2196969696969697,0.18181818181818182,0.18181818181818182,0.1111111111111111,0.3333333333333333,0.2222222222222222,0.6666666666666666,0.5833333333333334,0.0,0.2857142857142857,0.42857142857142855,0.5921717171717172,0.3747607899428704,0.38580246913580246,0.39879361976588945,NaN,NaN,NaN,NaN,3.2222222222222223,2.5385910352879693,2.2604166666666665,0.8929940912288821,3.4,0.3333333333333333,0.7466468556778338,3.0,5.0,1.3333333333333333,0.5298129428260174,0.16666666666666666,0.0
452,1,12.0,24.0,2.0,0.18181818181818182,0.18181818181818182,0.2727272727272727,0.1111111111111111,0.4444444444444444,0.3333333333333333,0.8888888888888888,0.5833333333333334,0.0,0.42857142857142855,0.42857142857142855,0.8246913580246914,0.18772334662924722,0.5444444444444445,0.39015666369065416,NaN,NaN,NaN,NaN,2.6666666666666665,1.5811388300841895,2.115740740740741,0.7954056956835148,3.2,0.4444444444444444,0.6115625619847307,3.0,5.0,1.411764705882353,0.6567895774291853,0.0,0.0
453,1,11.0,23.0,2.090909090909091,0.20909090909090908,0.2,0.1,0.25,0.5,0.125,0.5,0.5454545454545454,0.0,0.16666666666666666,0.3333333333333333,0.3595679012345679,0.3728568796540843,0.275,0.3761754065697763,NaN,NaN,NaN,NaN,2.875,3.044315545875155,2.109090909090909,0.864239024176235,3.4,0.25,0.5558172418377381,3.0,4.0,1.2758620689655173,0.5275652785700641,0.0,0.0
454,1,11.0,26.0,2.3636363636363638,0.23636363636363636,0.2,0.1,0.25,0.375,0.25,0.625,0.5454545454545454,0.0,0.3333333333333333,0.3333333333333333,0.535108024691358,0.38266248665122005,0.42083333333333334,0.43385957058030533,NaN,NaN,NaN,NaN,3.25,3.1959796173138706,2.087878787878788,0.8116201529824606,3.2,0.5,0.6073974184433318,2.0,5.0,1.2,0.4068381021724863,0.0,0.0
455,1,12.0,26.0,2.1666666666666665,0.19696969696969696,0.18181818181818182,0.18181818181818182,0.1111111111111111,0.4444444444444444,0.3333333333333333,0.6666666666666666,0.5833333333333334,0.0,0.42857142857142855,0.42857142857142855,0.7260802469135803,0.33573194994722133,0.426984126984127,0.4568327321074055,NaN,NaN,NaN,NaN,2.888888888888889,2.666666666666666,2.136111111111111,0.8155630555898776,3.2,0.4444444444444444,0.6285473688369039,2.0,6.0,1.2580645161290323,0.4448027229745693,0.0,0.0
456,1,10.0,14.0,1.4,0.15555555555555556,0.2222222222222222,0.1111111111111111,0.42857142857142855,0.2857142857142857,0.14285714285714285,0.2857142857142857,0.5,0.0,0.2,0.4,0.2857142857142857,0.36911161759471384,0.21428571428571427,0.39339789623472154,NaN,NaN,NaN,NaN,2.0,1.5275252316519468,2.3214285714285716,1.113333944356018,4.0,0.2857142857142857,0.5622297262524073,3.0,5.0,1.434782608695652,0.5897678246195885,0.0,0.0
457,1,10.0,11.0,1.1,0.12222222222222222,0.2222222222222222,0.4444444444444444,0.2857142857142857,0.5714285714285714,0.2857142857142857,0.42857142857142855,0.5,0.0,0.4,0.0,0.35714285714285715,0.4531634835874829,0.31428571428571433,0.4740906081772817,NaN,NaN,NaN,NaN,1.5714285714285714,1.5118578920369092,1.9833333333333336,0.7952404714345263,3.0,0.14285714285714285,0.6532745799184878,2.0,5.0,1.3333333333333333,0.48795003647426666,0.0,0.0
458,1,12.0,18.0,1.5,0.13636363636363635,0.18181818181818182,0.2727272727272727,0.1111111111111111,0.4444444444444444,0.3333333333333333,0.7777777777777778,0.5833333333333334,0.0,0.42857142857142855,0.42857142857142855,0.8055555555555556,0.3486083443891982,0.49444444444444446,0.41866188956934897,NaN,NaN,NaN,NaN,2.0,1.5,2.1547619047619047,0.849988177006792,3.5,0.3333333333333333,0.6414420570077494,3.0,4.0,1.4615384615384615,0.646886032050112,0.0,0.0
459,1,12.0,32.0,2.6666666666666665,0.24242424242424243,0.18181818181818182,0.09090909090909091,0.1111111111111111,0.4444444444444444,0.2222222222222222,0.7777777777777778,0.5833333333333334,0.0,0.2857142857142857,0.42857142857142855,0.6339506172839506,0.31220596592273886,0.43333333333333335,0.3865804501581067,NaN,NaN,NaN,NaN,3.5555555555555554,2.8333333333333335,2.112938596491228,0.8082866663407179,3.25,0.4444444444444444,0.5393520298460072,2.0,6.0,1.2790697674418605,0.4538502687508102,0.0,0.0
46,1,11.0,17.0,1.5454545454545454,0.15454545454545454,0.2,0.2,0.125,0.625,0.5,0.75,0.5454545454545454,0.0,0.6666666666666666,0.16666666666666666,0.7625,0.35531676008879737,0.5875,0.467325215607779,NaN,NaN,NaN,NaN,2.125,1.807721533549109,1.9523809523809523,0.7190318509781666,3.142857142857143,0.375,0.5042503088906075,2.0,5.0,1.3043478260869565,0.4704719688969648,0.0,0.0
460,1,12.0,29.0,2.4166666666666665,0.2196969696969697,0.18181818181818182,0.09090909090909091,0.2222222222222222,0.4444444444444444,0.2222222222222222,0.5555555555555556,0.5833333333333334,0.0,0.2857142857142857,0.42857142857142855,0.3641975308641976,0.39459955001201474,0.2887205387205387,0.4142915162819751,NaN,NaN,NaN,NaN,3.2222222222222223,3.419714088113865,2.1,0.7731609003162135,3.0,0.3333333333333333,0.6112519119281316,2.0,6.0,1.2432432432432432,0.43495883620084,0.0,0.0
461,1,11.0,25.0,2.272727272727273,0.22727272727272727,0.2,0.1,0.25,0.25,0.125,0.75,0.5454545454545454,0.0,0.16666666666666666,0.5,0.7298387096774193,0.14640522561348504,0.3652777777777778,0.3438262501610714,NaN,NaN,NaN,NaN,3.125,2.748376143938713,2.412969406988546,1.0632371953273545,3.666666666666667,0.625,0.8809553930029382,4.0,7.0,1.619047619047619,0.7948732358632751,0.18181818181818182,0.0
462,1,12.0,31.0,2.5833333333333335,0.23484848484848486,0.18181818181818182,0.09090909090909091,0.2222222222222222,0.3333333333333333,0.2222222222222222,0.6666666666666666,0.5833333333333334,0.0,0.2857142857142857,0.42857142857142855,0.5972222222222222,0.30629959915815175,0.35353535353535354,0.4026570383611609,NaN,NaN,NaN,NaN,3.4444444444444446,3.2829526005987018,2.200892857142857,0.8392036779470031,3.2857142857142856,0.4444444444444444,0.6500578121181965,2.0,6.0,1.2564102564102564,0.44235903005475674,0.0,0.0
463,1,12.0,19.0,1.5833333333333333,0.14393939393939395,0.18181818181818182,0.2727272727272727,0.3333333333333333,0.4444444444444444,0.3333333333333333,0.6666666666666666,0.5833333333333334,0.0,0.42857142857142855,0.2857142857142857,0.7805555555555556,0.21241828494218143,0.42962962962962964,0.4550471417716717,NaN,NaN,NaN,NaN,2.111111111111111,1.9649710204252662,2.2465277777777777,0.9341410083069221,3.416666666666667,0.4444444444444444,0.7219832038134226,3.0,5.0,1.5625,0.6690146823211658,0.0,0.0
464,1,11.0,27.0,2.4545454545454546,0.24545454545454545,0.2,0.1,0.375,0.375,0.25,0.5,0.5454545454545454,0.0,0.3333333333333333,0.5,0.5879629629629629,0.40563600231429386,0.30000000000000004,0.4407785320154718,NaN,NaN,NaN,NaN,3.375,3.3354160160315836,2.209090909090909,0.9060403362483874,3.3,0.125,0.7202207638758749,2.0,6.0,1.21875,0.42001344064515445,0.18181818181818182,0.0
465,1,12.0,17.0,1.4166666666666667,0.12878787878787878,0.18181818181818182,0.18181818181818182,0.3333333333333333,0.6666666666666666,0.4444444444444444,0.4444444444444444,0.5833333333333334,0.0,0.5714285714285714,0.42857142857142855,0.7555555555555555,0.4333333333333333,0.4444444444444444,0.5270462766947299,NaN,NaN,NaN,NaN,1.8888888888888888,1.4529663145135578,2.0476190476190474,0.8225336064285707,3.571428571428571,0.1111111111111111,0.28545155987875576,3.0,4.0,1.3846153846153846,0.5710988059467872,0.0,0.0
466,1,12.0,17.0,1.4166666666666667,0.12878787878787878,0.18181818181818182,0.18181818181818182,0.1111111111111111,0.5555555555555556,0.3333333333333333,0.7777777777777778,0.5833333333333334,0.0,0.42857142857142855,0.42857142857142855,0.7222222222222221,0.3333333333333334,0.5,0.414578098794425,NaN,NaN,NaN,NaN,1.8888888888888888,1.2692955176439846,2.138888888888889,0.9234141014158289,4.0,0.2222222222222222,0.5432668671002208,4.0,5.0,1.71875,0.8513509188911317,0.0,0.0
467,1,12.0,22.0,1.8333333333333333,0.16666666666666666,0.18181818181818182,0.2727272727272727,0.1111111111111111,0.4444444444444444,0.2222222222222222,0.5555555555555556,0.5833333333333334,0.0,0.2857142857142857,0.42857142857142855,0.42083333333333334,0.3673171313728778,0.3277777777777778,0.41616636630612575,NaN,NaN,NaN,NaN,2.4444444444444446,1.7400510848184252,2.080357142857143,0.7684232283611502,3.25,0.4444444444444444,0.5248590991365795,2.0,4.0,1.3225806451612903,0.4751909633114914,0.0,0.0
468,1,12.0,24.0,2.0,0.18181818181818182,0.18181818181818182,0.18181818181818182,0.2222222222222222,0.3333333333333333,0.2222222222222222,0.6666666666666666,0.5833333333333334,0.0,0.2857142857142857,0.42857142857142855,0.6126984126984127,0.36206919823203687,0.34920634920634913,0.40493693694511784,NaN,NaN,NaN,NaN,2.6666666666666665,2.2912878474779204,2.2409722222222226,0.8646206788818831,3.125,0.3333333333333333,0.7485552879529896,3.0,6.0,1.3611111111111112,0.5426273532033236,0.16666666666666666,0.0
469,1,12.0,25.0,2.0833333333333335,0.1893939393939394,0.18181818181818182,0.09090909090909091,0.1111111111111111,0.3333333333333333,0.2222222222222222,0.6666666666666666,0.5833333333333334,0.0,0.2857142857142857,0.42857142857142855,0.7364197530864198,0.18399079525904244,0.4444444444444444,0.39965262694272663,NaN,NaN,NaN,NaN,2.7777777777777777,2.223610677354389,2.4361111111111113,1.0911682492393866,4.0,0.4444444444444444,0.8402628556985408,4.0,7.0,1.7173913043478262,0.860569410416689,0.0,0.0
47,1,12.0,17.0,1.4166666666666667,0.12878787878787878,0.18181818181818182,0.36363636363636365,0.2222222222222222,0.5555555555555556,0.4444444444444444,0.7777777777777778,0.5833333333333334,0.0,0.5714285714285714,0.2857142857142857,0.8518518518518517,0.14698618394803284,0.5925925925925926,0.43390275977259196,NaN,NaN,NaN,NaN,1.8888888888888888,1.0540925533894598,2.0972222222222223,0.8889283450839008,4.0,0.2222222222222222,0.3305644805737505,3.0,5.0,1.5806451612903225,0.7199163631231569,0.0,0.0
470,1,11.0,29.0,2.6363636363636362,0.2636363636363636,0.2,0.1,0.125,0.5,0.25,0.625,0.5454545454545454,0.0,0.3333333333333333,0.5,0.5390625,0.3837338584320425,0.36250000000000004,0.42740913821369264,NaN,NaN,NaN,NaN,3.625,3.9977672339873487,2.0363636363636366,0.7809473656263832,3.166666666666667,0.5,0.6106807959013929,2.0,6.0,1.2285714285714286,0.42604296149803583,0.18181818181818182,0.0
471,1,12.0,23.0,1.9166666666666667,0.17424242424242425,0.18181818181818182,0.18181818181818182,0.2222222222222222,0.4444444444444444,0.2222222222222222,0.5555555555555556,0.5833333333333334,0.0,0.2857142857142857,0.42857142857142855,0.4747474747474747,0.3790150833742118,0.3214285714285714,0.4187871214128063,NaN,NaN,NaN,NaN,2.5555555555555554,2.068278940998476,2.1347222222222224,0.8337107731093879,3.25,0.5555555555555556,0.6054856462448306,3.0,5.0,1.4166666666666667,0.5542047068934521,0.16666666666666666,0.0
472,1,12.0,18.0,1.5,0.13636363636363635,0.18181818181818182,0.36363636363636365,0.2222222222222222,0.4444444444444444,0.2222222222222222,0.5555555555555556,0.5833333333333334,0.0,0.2857142857142857,0.42857142857142855,0.5802469135802469,0.3997598730541278,0.3796296296296296,0.42718212497860275,NaN,NaN,NaN,NaN,2.0,1.3228756555322954,2.1493055555555554,0.82255498061099,3.125,0.2222222222222222,0.5284492202959263,2.0,4.0,1.3461538461538463,0.485164524037584,0.0,0.0
473,1,10.0,11.0,1.1,0.12222222222222222,0.2222222222222222,0.4444444444444444,0.2857142857142857,0.5714285714285714,0.2857142857142857,0.42857142857142855,0.5,0.0,0.4,0.4,0.5,0.408248290463863,0.35714285714285715,0.47559486560567094,NaN,NaN,NaN,NaN,1.5714285714285714,1.1338934190276817,2.066666666666667,0.9564595207403265,3.666666666666667,0.42857142857142855,0.4550502247782184,3.0,5.0,1.411764705882353,0.6183469424008422,0.0,0.0
474,1,12.0,15.0,1.25,0.11363636363636363,0.18181818181818182,0.5454545454545454,0.3333333333333333,0.4444444444444444,0.2222222222222222,0.5555555555555556,0.5833333333333334,0.0,0.2857142857142857,0.2857142857142857,0.537037037037037,0.3960769230999777,0.3425925925925926,0.4134132240593672,NaN,NaN,NaN,NaN,1.6666666666666667,1.1180339887498947,2.091666666666667,0.7692479601808666,3.0,0.2222222222222222,0.4427188724235731,2.0,4.0,1.2857142857142858,0.4629100498862757,0.0,0.0
475,1,11.0,22.0,2.0,0.2,0.2,0.1,0.25,0.375,0.25,0.5,0.5454545454545454,0.0,0.3333333333333333,0.5,0.4739583333333333,0.3889198896373848,0.3482142857142857,0.44103889411530245,NaN,NaN,NaN,NaN,2.75,2.3754698783308417,2.1012396694214877,0.8251824013465817,3.3636363636363633,0.5,0.5632161999847819,2.0,6.0,1.34375,0.48255870443481425,0.0,0.0
476,1,11.0,14.0,1.2727272727272727,0.12727272727272726,0.2,0.3,0.375,0.375,0.125,0.375,0.5454545454545454,0.0,0.16666666666666666,0.3333333333333333,0.3645833333333333,0.40809638411796634,0.2333333333333333,0.38709336062669664,NaN,NaN,NaN,NaN,1.75,1.4880476182856899,2.2176308539944904,0.9670245544222221,3.7272727272727275,0.375,0.6350540733047453,3.0,5.0,1.5217391304347827,0.6653478391304606,0.0,0.0
477,1,10.0,11.0,1.1,0.12222222222222222,0.2222222222222222,0.3333333333333333,0.42857142857142855,0.42857142857142855,0.14285714285714285,0.42857142857142855,0.5,0.0,0.2,0.4,0.5178571428571429,0.2925157708406099,0.2857142857142857,0.39339789623472154,NaN,NaN,NaN,NaN,1.5714285714285714,1.133893419027682,2.3600000000000003,1.3359973386533706,5.0,0.14285714285714285,0.3202271920768981,4.0,5.0,1.8095238095238095,1.030487633067356,0.0,0.0
478,1,12.0,29.0,2.4166666666666665,0.2196969696969697,0.18181818181818182,0.09090909090909091,0.1111111111111111,0.4444444444444444,0.3333333333333333,0.7777777777777778,0.5833333333333334,0.0,0.42857142857142855,0.42857142857142855,0.7415716999050332,0.2084082735889745,0.46464646464646464,0.42792972806051116,NaN,NaN,NaN,NaN,3.2222222222222223,3.231786571610886,2.119444444444444,0.8037108798885196,3.333333333333333,0.4444444444444444,0.6386305134242483,3.0,6.0,1.3902439024390243,0.5864319560054604,0.16666666666666666,0.0
479,1,12.0,18.0,1.5,0.13636363636363635,0.18181818181818182,0.45454545454545453,0.4444444444444444,0.3333333333333333,0.2222222222222222,0.5555555555555556,0.5833333333333334,0.0,0.2857142857142857,0.42857142857142855,0.6666666666666666,0.25,0.3277777777777778,0.41616636630612575,NaN,NaN,NaN,NaN,2.0,1.5,2.263888888888889,0.8974102282931246,3.5,0.2222222222222222,0.6642111641550714,3.0,6.0,1.4482758620689655,0.572351471472339,0.0,0.0
48,1,12.0,17.0,1.4166666666666667,0.12878787878787878,0.18181818181818182,0.2727272727272727,0.4444444444444444,0.4444444444444444,0.2222222222222222,0.3333333333333333,0.5833333333333334,0.0,0.2857142857142857,0.42857142857142855,0.42592592592592593,0.3901887996633374,0.2777777777777778,0.4409585518440985,NaN,NaN,NaN,NaN,1.8888888888888888,1.3642254619787415,2.2624999999999997,0.9508668294102635,3.5,0.3333333333333333,0.547286084989861,3.0,5.0,1.5333333333333334,0.6288102248298565,0.0,0.0
480,1,11.0,21.0,1.9090909090909092,0.19090909090909092,0.2,0.1,0.375,0.375,0.125,0.5,0.5454545454545454,0.0,0.16666666666666666,0.5,0.4097222222222222,0.3716413377849903,0.275,0.3654742515847438,NaN,NaN,NaN,NaN,2.625,3.1594529363709247,2.2827094474153298,1.0316341344936093,4.0,0.375,0.6528058170106243,3.0,5.0,1.3793103448275863,0.6218516763579259,0.0,0.0
481,1,11.0,12.0,1.0909090909090908,0.10909090909090909,0.2,0.5,0.25,0.625,0.375,0.5,0.5454545454545454,0.0,0.5,0.3333333333333333,0.59375,0.4617029812088534,0.40625,0.49888268016782117,NaN,NaN,NaN,NaN,1.5,1.0690449676496976,1.9545454545454546,0.7229988054812212,3.0,0.125,0.30151134457776363,2.0,3.0,1.2,0.41403933560541256,0.0,0.0
482,1,12.0,24.0,2.0,0.18181818181818182,0.18181818181818182,0.18181818181818182,0.4444444444444444,0.3333333333333333,0.2222222222222222,0.4444444444444444,0.5833333333333334,0.0,0.2857142857142857,0.42857142857142855,0.6671717171717172,0.21998283387406703,0.3333333333333333,0.4330127018922194,NaN,NaN,NaN,NaN,2.6666666666666665,1.8027756377319946,2.540420227920228,1.1769660800316608,4.0,0.4444444444444444,0.7385124338077236,3.0,6.0,1.608695652173913,0.6824225106865888,0.3333333333333333,0.0
483,1,12.0,25.0,2.0833333333333335,0.1893939393939394,0.18181818181818182,0.09090909090909091,0.1111111111111111,0.3333333333333333,0.2222222222222222,0.7777777777777778,0.5833333333333334,0.0,0.2857142857142857,0.42857142857142855,0.7362433862433863,0.2526357030150206,0.4388888888888889,0.3739800945386146,NaN,NaN,NaN,NaN,2.7777777777777777,1.5634719199411433,2.2723214285714284,0.8925689469946548,3.2857142857142856,0.3333333333333333,0.8471246133504903,4.0,7.0,1.5853658536585367,0.773809077101631,0.16666666666666666,0.0
484,1,12.0,18.0,1.5,0.13636363636363635,0.18181818181818182,0.36363636363636365,0.3333333333333333,0.4444444444444444,0.2222222222222222,0.5555555555555556,0.5833333333333334,0.0,0.2857142857142857,0.42857142857142855,0.5949074074074074,0.34186844764298907,0.32407407407407407,0.41759156606591413,NaN,NaN,NaN,NaN,2.0,1.8027756377319946,2.216666666666667,0.943719270019459,4.0,0.1111111111111111,0.5066873060811677,3.0,4.0,1.3846153846153846,0.6373020054525532,0.0,0.0
485,1,11.0,20.0,1.8181818181818181,0.18181818181818182,0.2,0.1,0.375,0.25,0.125,0.375,0.5454545454545454,0.0,0.16666666666666666,0.5,0.290625,0.3364567208423693,0.17708333333333334,0.3462884268975424,NaN,NaN,NaN,NaN,2.5,1.927248223318863,2.282828282828283,0.9409919068722654,3.5,0.375,0.7042235435004094,3.0,5.0,1.4545454545454546,0.5640760748177664,0.18181818181818182,0.0
486,1,12.0,33.0,2.75,0.25,0.18181818181818182,0.09090909090909091,0.1111111111111111,0.4444444444444444,0.3333333333333333,0.7777777777777778,0.5833333333333334,0.0,0.42857142857142855,0.42857142857142855,0.8049801213643022,0.19570767692857052,0.4712602212602212,0.44181934849966187,NaN,NaN,NaN,NaN,3.6666666666666665,3.3541019662496847,2.1629759129759134,0.8327637003125903,3.0769230769230766,0.3333333333333333,0.6880668686990538,2.0,6.0,1.225,0.42290206176626033,0.16666666666666666,0.0
487,1,12.0,28.0,2.3333333333333335,0.21212121212121213,0.18181818181818182,0.09090909090909091,0.3333333333333333,0.5555555555555556,0.3333333333333333,0.4444444444444444,0.5833333333333334,0.0,0.42857142857142855,0.42857142857142855,0.5004668534080299,0.44002172027343334,0.3611111111111111,0.4859126579037751,NaN,NaN,NaN,NaN,3.111111111111111,2.9767618499152917,2.173611111111111,0.9173264384137169,3.5,0.3333333333333333,0.6326399597212434,2.0,6.0,1.2972972972972974,0.4633731916228157,0.16666666666666666,0.0
488,1,11.0,23.0,2.090909090909091,0.20909090909090908,0.2,0.1,0.125,0.375,0.25,0.875,0.5454545454545454,0.0,0.3333333333333333,0.5,0.7746527777777779,0.18351624773687344,0.49375,0.3590040787671201,NaN,NaN,NaN,NaN,2.875,1.8850918886280925,2.2048368298368293,0.9156759647149766,3.4615384615384617,0.375,0.6792068910729243,3.0,6.0,1.3823529411764706,0.5512908203729235,0.0,0.0
489,1,10.0,21.0,2.1,0.23333333333333334,0.2222222222222222,0.1111111111111111,0.14285714285714285,0.2857142857142857,0.14285714285714285,0.8571428571428571,0.5,0.0,0.2,0.4,0.6875,0.17305466381079324,0.43650793650793646,0.31003214261308903,NaN,NaN,NaN,NaN,3.0,2.70801280154532,2.1016666666666666,0.8478167313025518,3.25,0.7142857142857143,0.6202032863522382,2.0,5.0,1.2307692307692308,0.4296689244236597,0.0,0.0
49,1,10.0,13.0,1.3,0.14444444444444443,0.2222222222222222,0.3333333333333333,0.2857142857142857,0.42857142857142855,0.2857142857142857,0.5714285714285714,0.6,0.0,0.3333333333333333,0.3333333333333333,0.6825396825396826,0.38718447357620533,0.42857142857142855,0.46004370622823615,NaN,NaN,NaN,NaN,1.8571428571428572,1.0690449676496976,1.9666666666666668,0.7609286074783971,3.0,0.2857142857142857,0.34591634777518054,2.0,4.0,1.2777777777777777,0.46088859896247675,0.0,0.0
490,1,12.0,24.0,2.0,0.18181818181818182,0.18181818181818182,0.09090909090909091,0.2222222222222222,0.3333333333333333,0.2222222222222222,0.5555555555555556,0.5833333333333334,0.0,0.2857142857142857,0.2857142857142857,0.5343915343915344,0.3193624038148441,0.3370370370370371,0.4151453709393201,NaN,NaN,NaN,NaN,2.6666666666666665,2.0615528128088303,2.327579365079365,0.9815581800724679,3.7142857142857144,0.5555555555555556,0.6276011549422452,3.0,6.0,1.4736842105263157,0.6466897875841059,0.0,0.0
491,1,12.0,19.0,1.5833333333333333,0.14393939393939395,0.18181818181818182,0.18181818181818182,0.3333333333333333,0.4444444444444444,0.3333333333333333,0.5555555555555556,0.5833333333333334,0.0,0.42857142857142855,0.2857142857142857,0.7175925925925926,0.23178221205942554,0.4444444444444444,0.4639803635691685,NaN,NaN,NaN,NaN,2.111111111111111,1.7638342073763935,2.5009920634920633,1.278140857282469,4.666666666666666,0.5555555555555556,0.7536845968634648,4.0,6.0,1.8205128205128205,0.9139790067782241,0.0,0.0
492,1,12.0,32.0,2.6666666666666665,0.24242424242424243,0.18181818181818182,0.09090909090909091,0.2222222222222222,0.3333333333333333,0.2222222222222222,0.6666666666666666,0.5833333333333334,0.0,0.2857142857142857,0.42857142857142855,0.7725396825396825,0.17283992436871265,0.41111111111111115,0.39826010484495067,NaN,NaN,NaN,NaN,3.5555555555555554,2.2973414586817036,2.3921059332824037,1.0357471900102821,3.8,0.4444444444444444,0.7827851798585015,3.0,8.0,1.469387755102041,0.6158341503036933,0.16666666666666666,0.0
493,1,10.0,13.0,1.3,0.14444444444444443,0.2222222222222222,0.2222222222222222,0.2857142857142857,0.7142857142857143,0.42857142857142855,0.42857142857142855,0.0,0.0,NaN,NaN,0.6857142857142857,0.4740906081772816,0.42857142857142855,0.5345224838248487,NaN,NaN,NaN,NaN,1.8571428571428572,1.5735915849388864,1.9833333333333332,0.8834905520465713,3.5,0.2857142857142857,0.524675995529527,2.0,4.0,1.2941176470588236,0.4696682183138622,0.0,0.0
494,1,11.0,26.0,2.3636363636363638,0.23636363636363636,0.2,0.1,0.125,0.375,0.25,0.75,0.5454545454545454,0.0,0.3333333333333333,0.5,0.7118055555555556,0.22490322237715069,0.39479166666666665,0.40880530304003004,NaN,NaN,NaN,NaN,3.25,2.3754698783308417,2.2780401416765055,0.9814127615068281,3.5,0.5,0.7978238888137648,3.0,7.0,1.525,0.6788942744621109,0.36363636363636365,0.0
495,1,10.0,19.0,1.9,0.2111111111111111,0.2222222222222222,0.1111111111111111,0.14285714285714285,0.42857142857142855,0.14285714285714285,0.5714285714285714,0.5,0.0,0.2,0.4,0.42857142857142855,0.3581994951237066,0.3174603174603174,0.3871844735762053,NaN,NaN,NaN,NaN,2.7142857142857144,2.9277002188455996,1.992857142857143,0.7758357679469932,3.0,0.42857142857142855,0.6006051546809341,2.0,5.0,1.3571428571428572,0.48795003647426666,0.0,0.0
496,1,12.0,23.0,1.9166666666666667,0.17424242424242425,0.18181818181818182,0.09090909090909091,0.1111111111111111,0.5555555555555556,0.3333333333333333,0.6666666666666666,0.5833333333333334,0.0,0.42857142857142855,0.42857142857142855,0.6740740740740742,0.41915000703216226,0.462962962962963,0.43920523057894156,NaN,NaN,NaN,NaN,2.5555555555555554,2.0069324297987157,2.10094696969697,0.8533904287190015,3.6363636363636367,0.4444444444444444,0.5186997430571515,4.0,6.0,1.55,0.7493587001820032,0.0,0.0
497,1,12.0,21.0,1.75,0.1590909090909091,0.18181818181818182,0.18181818181818182,0.2222222222222222,0.4444444444444444,0.2222222222222222,0.5555555555555556,0.5833333333333334,0.0,0.2857142857142857,0.42857142857142855,0.5074074074074074,0.3738046793067269,0.3425925925925926,0.4134132240593672,NaN,NaN,NaN,NaN,2.3333333333333335,1.6583123951777,2.097222222222222,0.8271233261328063,3.5,0.5555555555555556,0.43930560887543646,3.0,5.0,1.375,0.5535807194106618,0.0,0.0
498,1,12.0,30.0,2.5,0.22727272727272727,0.18181818181818182,0.09090909090909091,0.1111111111111111,0.3333333333333333,0.2222222222222222,0.7777777777777778,0.5833333333333334,0.0,0.2857142857142857,0.42857142857142855,0.6707407407407407,0.32678474812166225,0.4313131313131313,0.37894239272800806,NaN,NaN,NaN,NaN,3.3333333333333335,3.2015621187164243,2.2270258980785296,0.8634299053696638,3.2857142857142856,0.4444444444444444,0.760232368132979,3.0,6.0,1.3076923076923077,0.5208215248323987,0.16666666666666666,0.0
499,1,12.0,20.0,1.6666666666666667,0.15151515151515152,0.18181818181818182,0.2727272727272727,0.1111111111111111,0.5555555555555556,0.4444444444444444,0.7777777777777778,0.5833333333333334,0.0,0.5714285714285714,0.42857142857142855,0.762962962962963,0.3417456999828822,0.5185185185185186,0.46543322444766777,NaN,NaN,NaN,NaN,2.2222222222222223,1.922093765778466,2.029166666666667,0.733130998257515,3.0,0.2222222222222222,0.5981275607655682,2.0,4.0,1.15,0.36634754853252327,0.0,0.0
5,1,11.0,12.0,1.0909090909090908,0.10909090909090909,0.2,0.5,0.25,0.5,0.25,0.5,0.5454545454545454,0.0,0.3333333333333333,0.16666666666666666,0.5,0.4629100498862757,0.375,0.44320263021395917,NaN,NaN,NaN,NaN,1.5,1.0690449676496976,2.0,0.7416198487095663,3.0,0.25,0.3692744729379982,2.0,3.0,1.25,0.4472135954999579,0.0,0.0
50,1,12.0,34.0,2.8333333333333335,0.25757575757575757,0.18181818181818182,0.09090909090909091,0.2222222222222222,0.3333333333333333,0.2222222222222222,0.6666666666666666,0.5833333333333334,0.0,0.2857142857142857,0.42857142857142855,0.5089947089947091,0.32466138337873635,0.3202020202020202,0.3992639865375061,NaN,NaN,NaN,NaN,3.7777777777777777,3.632415786283895,2.2056267806267806,0.8310266290246019,3.0,0.3333333333333333,0.8164378257299443,2.0,6.0,1.2790697674418605,0.45385026875081025,0.16666666666666666,0.0
500,1,11.0,14.0,1.2727272727272727,0.12727272727272726,0.2,0.3,0.5,0.375,0.25,0.375,0.5454545454545454,0.0,0.3333333333333333,0.5,0.5729166666666666,0.3100099204761854,0.3125,0.45806269065645216,NaN,NaN,NaN,NaN,1.75,0.7071067811865476,2.333333333333333,1.1055415967851332,4.0,0.125,0.4562682414772128,3.0,5.0,1.56,0.650640709864771,0.0,0.0
501,1,12.0,28.0,2.3333333333333335,0.21212121212121213,0.18181818181818182,0.18181818181818182,0.2222222222222222,0.3333333333333333,0.2222222222222222,0.6666666666666666,0.5833333333333334,0.0,0.2857142857142857,0.42857142857142855,0.6348765432098765,0.3103882696155768,0.37142857142857144,0.4060134711749232,NaN,NaN,NaN,NaN,3.111111111111111,2.088327347690278,2.3666666666666667,1.0031264258619779,3.666666666666667,0.4444444444444444,0.7260369340671518,3.0,7.0,1.4666666666666666,0.5877538136452587,0.16666666666666666,0.0
502,1,12.0,24.0,2.0,0.18181818181818182,0.18181818181818182,0.09090909090909091,0.3333333333333333,0.4444444444444444,0.2222222222222222,0.4444444444444444,0.5833333333333334,0.0,0.2857142857142857,0.42857142857142855,0.4210526315789474,0.43500724354780373,0.29797979797979796,0.430686981925815,NaN,NaN,NaN,NaN,2.6666666666666665,3.3166247903554,2.2538515406162465,0.9893369689089114,4.0,0.3333333333333333,0.6614150292195722,3.0,5.0,1.3823529411764706,0.5512908203729235,0.16666666666666666,0.0
503,1,12.0,17.0,1.4166666666666667,0.12878787878787878,0.18181818181818182,0.36363636363636365,0.4444444444444444,0.3333333333333333,0.2222222222222222,0.5555555555555556,0.5833333333333334,0.0,0.2857142857142857,0.42857142857142855,0.8148148148148148,0.19245008972987526,0.37407407407407406,0.42939808575421334,NaN,NaN,NaN,NaN,1.8888888888888888,1.3642254619787415,2.4880050505050506,1.1521649714855127,4.25,0.3333333333333333,0.7502416268440437,4.0,5.0,1.7647058823529411,0.8548905132596332,0.16666666666666666,0.0
504,1,11.0,12.0,1.0909090909090908,0.10909090909090909,0.2,0.3,0.25,0.5,0.375,0.5,0.5454545454545454,0.0,0.5,0.5,0.7916666666666666,0.3646045912169894,0.40625,0.49888268016782117,NaN,NaN,NaN,NaN,1.5,1.0690449676496976,2.0974025974025974,0.8726412681803184,3.571428571428571,0.25,0.6145461543946569,3.0,4.0,1.4444444444444444,0.6156987634551992,0.0,0.0
505,1,11.0,28.0,2.5454545454545454,0.2545454545454545,0.2,0.1,0.125,0.375,0.125,0.75,0.5454545454545454,0.0,0.16666666666666666,0.5,0.5011363636363636,0.28019858824083665,0.3373015873015873,0.3318181739740773,NaN,NaN,NaN,NaN,3.5,3.0237157840738176,2.0929407713498622,0.818669577407272,3.333333333333333,0.625,0.6009341395328648,3.0,6.0,1.375,0.5856182356695512,0.18181818181818182,0.0
506,1,12.0,29.0,2.4166666666666665,0.2196969696969697,0.18181818181818182,0.09090909090909091,0.2222222222222222,0.4444444444444444,0.2222222222222222,0.6666666666666666,0.5833333333333334,0.0,0.2857142857142857,0.42857142857142855,0.7029914529914529,0.19941461833720872,0.4012345679012346,0.40519178679705675,NaN,NaN,NaN,NaN,3.2222222222222223,2.7284509239574835,2.202050264550264,0.8874857805042741,3.2857142857142856,0.4444444444444444,0.6538567672078135,3.0,6.0,1.4222222222222223,0.5430925289022994,0.16666666666666666,0.0
507,1,12.0,15.0,1.25,0.11363636363636363,0.18181818181818182,0.2727272727272727,0.2222222222222222,0.4444444444444444,0.2222222222222222,0.6666666666666666,0.5833333333333334,0.0,0.2857142857142857,0.42857142857142855,0.6111111111111112,0.33333333333333337,0.42592592592592593,0.39185377721294123,NaN,NaN,NaN,NaN,1.6666666666666667,0.7071067811865476,2.1875,0.9482340044908363,4.0,0.4444444444444444,0.44185755084426837,3.0,4.0,1.4782608695652173,0.6653478391304605,0.0,0.0
508,1,11.0,28.0,2.5454545454545454,0.2545454545454545,0.2,0.1,0.25,0.375,0.25,0.75,0.5454545454545454,0.0,0.3333333333333333,0.3333333333333333,0.7916666666666667,0.14163943093313291,0.4277777777777778,0.4107462988827232,NaN,NaN,NaN,NaN,3.5,2.7774602993176543,2.21086462713257,0.9089320980363296,3.2727272727272725,0.375,0.7004192281051679,2.0,6.0,1.3333333333333333,0.4775669329409193,0.0,0.0
509,1,12.0,13.0,1.0833333333333333,0.09848484848484848,0.18181818181818182,0.45454545454545453,0.3333333333333333,0.5555555555555556,0.3333333333333333,0.4444444444444444,0.5833333333333334,0.0,0.42857142857142855,0.42857142857142855,0.5802469135802468,0.4640727439311728,0.3703703703703704,0.48432210483785265,NaN,NaN,NaN,NaN,1.4444444444444444,0.8819171036881969,2.048611111111111,0.7772477450845755,3.25,0.2222222222222222,0.3256321924907376,2.0,4.0,1.2777777777777777,0.46088859896247675,0.0,0.0
51,1,12.0,21.0,1.75,0.1590909090909091,0.18181818181818182,0.36363636363636365,0.3333333333333333,0.3333333333333333,0.2222222222222222,0.4444444444444444,0.5833333333333334,0.0,0.2857142857142857,0.42857142857142855,0.3472222222222222,0.39638119980084263,0.2777777777777778,0.4228704818788425,NaN,NaN,NaN,NaN,2.3333333333333335,1.3228756555322951,2.3361111111111112,0.9949832071404937,3.666666666666667,0.4444444444444444,0.7256888717793175,3.0,7.0,1.4545454545454546,0.6169941800226468,0.16666666666666666,0.0
510,1,12.0,22.0,1.8333333333333333,0.16666666666666666,0.18181818181818182,0.18181818181818182,0.2222222222222222,0.5555555555555556,0.3333333333333333,0.6666666666666666,0.5833333333333334,0.0,0.42857142857142855,0.42857142857142855,0.6455026455026454,0.32742303721803606,0.48518518518518516,0.44941663147014854,NaN,NaN,NaN,NaN,2.4444444444444446,2.1858128414340006,2.13510101010101,0.8922793180331224,3.5,0.4444444444444444,0.5936771896845786,3.0,6.0,1.3225806451612903,0.5408078385892441,0.0,0.0
511,1,12.0,24.0,2.0,0.18181818181818182,0.18181818181818182,0.18181818181818182,0.3333333333333333,0.4444444444444444,0.3333333333333333,0.5555555555555556,0.5833333333333334,0.0,0.42857142857142855,0.42857142857142855,0.6296296296296297,0.43323538779117277,0.3777777777777778,0.4737556801183966,NaN,NaN,NaN,NaN,2.6666666666666665,2.1213203435596424,2.1673611111111115,0.8468633326628059,3.375,0.3333333333333333,0.5563908274028567,2.0,6.0,1.2903225806451613,0.4614143753790638,0.0,0.0
512,1,12.0,16.0,1.3333333333333333,0.12121212121212122,0.18181818181818182,0.2727272727272727,0.2222222222222222,0.5555555555555556,0.4444444444444444,0.5555555555555556,0.5833333333333334,0.0,0.5714285714285714,0.42857142857142855,0.7222222222222222,0.4409585518440985,0.4666666666666667,0.5099019513592785,NaN,NaN,NaN,NaN,1.7777777777777777,1.3944333775567925,2.0416666666666665,0.7525210155124432,3.0,0.1111111111111111,0.47871355387816905,2.0,3.0,1.2222222222222223,0.4277926319464986,0.0,0.0
513,1,11.0,28.0,2.5454545454545454,0.2545454545454545,0.2,0.1,0.25,0.375,0.125,0.5,0.5454545454545454,0.0,0.16666666666666666,0.5,0.3092206790123457,0.32048161837739036,0.22291666666666665,0.3414415634773266,NaN,NaN,NaN,NaN,3.5,3.1622776601683795,2.130853994490358,0.8441521609623076,3.2727272727272725,0.375,0.5725893926548367,2.0,6.0,1.2285714285714286,0.42604296149803583,0.0,0.0
514,1,12.0,20.0,1.6666666666666667,0.15151515151515152,0.18181818181818182,0.2727272727272727,0.2222222222222222,0.5555555555555556,0.4444444444444444,0.6666666666666666,0.5833333333333334,0.0,0.5714285714285714,0.2857142857142857,0.7361111111111112,0.3560001560548972,0.49444444444444446,0.48762462794425976,NaN,NaN,NaN,NaN,2.2222222222222223,2.5385910352879693,2.113095238095238,0.8377511222901294,3.333333333333333,0.3333333333333333,0.6719758163744431,3.0,5.0,1.3333333333333333,0.5547001962252291,0.0,0.0
515,1,12.0,24.0,2.0,0.18181818181818182,0.18181818181818182,0.18181818181818182,0.2222222222222222,0.4444444444444444,0.2222222222222222,0.6666666666666666,0.5833333333333334,0.0,0.2857142857142857,0.2857142857142857,0.4924554183813443,0.40751001534499665,0.40185185185185185,0.40981401984826915,NaN,NaN,NaN,NaN,2.6666666666666665,2.958039891549808,2.1345315904139435,0.8262104372158939,3.2222222222222223,0.3333333333333333,0.6562958655358209,2.0,5.0,1.2142857142857142,0.4178554470186725,0.0,0.0
516,1,11.0,17.0,1.5454545454545454,0.15454545454545454,0.2,0.2,0.375,0.5,0.25,0.5,0.5454545454545454,0.0,0.3333333333333333,0.5,0.6666666666666666,0.4364357804719848,0.3958333333333333,0.4537104523847501,NaN,NaN,NaN,NaN,2.125,1.7268882005337975,2.1168831168831166,0.8661860614991654,3.2857142857142856,0.125,0.5284521782355266,2.0,4.0,1.2272727272727273,0.42893202722888857,0.18181818181818182,0.0
517,1,12.0,39.0,3.25,0.29545454545454547,0.18181818181818182,0.09090909090909091,0.1111111111111111,0.3333333333333333,0.2222222222222222,0.7777777777777778,0.5833333333333334,0.0,0.2857142857142857,0.42857142857142855,0.6717171717171718,0.2965532536695797,0.4015151515151515,0.38368052309395756,NaN,NaN,NaN,NaN,4.333333333333333,4.0,2.28531746031746,0.9083784141896092,3.4,0.4444444444444444,0.8124152160851951,3.0,8.0,1.32,0.551065757771026,0.3333333333333333,0.0
518,1,11.0,21.0,1.9090909090909092,0.19090909090909092,0.2,0.1,0.25,0.375,0.25,0.5,0.5454545454545454,0.0,0.3333333333333333,0.3333333333333333,0.5,0.4629100498862757,0.3375,0.4438065859293728,NaN,NaN,NaN,NaN,2.625,3.1594529363709247,2.0844155844155847,0.7927079536717613,3.0,0.375,0.6160708123826161,2.0,5.0,1.1304347826086956,0.34435022157509093,0.0,0.0
519,1,11.0,12.0,1.0909090909090908,0.10909090909090909,0.2,0.5,0.375,0.5,0.25,0.5,0.5454545454545454,0.0,0.3333333333333333,0.16666666666666666,0.6145833333333334,0.32409060804383427,0.375,0.44320263021395917,NaN,NaN,NaN,NaN,1.5,0.7559289460184544,2.0969696969696967,0.8544594841775764,3.4,0.25,0.3319161794314193,2.0,4.0,1.4,0.5026246899500346,0.0,0.0
52,1,12.0,24.0,2.0,0.18181818181818182,0.18181818181818182,0.09090909090909091,0.3333333333333333,0.4444444444444444,0.2222222222222222,0.4444444444444444,0.5833333333333334,0.0,0.2857142857142857,0.42857142857142855,0.40497076023391815,0.412368178476326,0.27020202020202017,0.4240394536108039,NaN,NaN,NaN,NaN,2.6666666666666665,3.278719262151,2.1510416666666665,0.834900278703264,3.25,0.3333333333333333,0.6567135181550143,2.0,6.0,1.4390243902439024,0.5024331043932554,0.16666666666666666,0.0
520,1,12.0,28.0,2.3333333333333335,0.21212121212121213,0.18181818181818182,0.18181818181818182,0.2222222222222222,0.3333333333333333,0.2222222222222222,0.6666666666666666,0.5833333333333334,0.0,0.2857142857142857,0.42857142857142855,0.5,0.3535533905932738,0.375,0.4050462936504913,NaN,NaN,NaN,NaN,3.111111111111111,2.666666666666667,2.1893939393939394,0.8360836158376603,3.2727272727272725,0.3333333333333333,0.7210437766589995,2.0,5.0,1.2285714285714286,0.42604296149803583,0.16666666666666666,0.0
521,1,12.0,18.0,1.5,0.13636363636363635,0.18181818181818182,0.2727272727272727,0.3333333333333333,0.4444444444444444,0.2222222222222222,0.5555555555555556,0.5833333333333334,0.0,0.2857142857142857,0.42857142857142855,0.6388888888888888,0.3365728004459065,0.3796296296296296,0.42718212497860275,NaN,NaN,NaN,NaN,2.0,1.118033988749895,2.1656746031746033,0.8737045116213092,3.571428571428571,0.4444444444444444,0.4136696939744944,3.0,5.0,1.4516129032258065,0.5679618342470648,0.0,0.0
522,1,11.0,25.0,2.272727272727273,0.22727272727272727,0.2,0.1,0.375,0.25,0.125,0.625,0.5454545454545454,0.0,0.16666666666666666,0.5,0.8097222222222222,0.12057877766246827,0.35833333333333334,0.36979187625748583,NaN,NaN,NaN,NaN,3.125,1.4577379737113252,2.494269619269619,1.1578827257013826,3.9230769230769234,0.5,0.7263559469393267,4.0,7.0,1.6444444444444444,0.7732915349205615,0.18181818181818182,0.0
523,1,12.0,25.0,2.0833333333333335,0.1893939393939394,0.18181818181818182,0.18181818181818182,0.2222222222222222,0.4444444444444444,0.3333333333333333,0.6666666666666666,0.5833333333333334,0.0,0.42857142857142855,0.42857142857142855,0.6488095238095238,0.3427920325080797,0.39722222222222225,0.4607135166721772,NaN,NaN,NaN,NaN,2.7777777777777777,2.4381231397212986,2.251984126984127,0.9607429620343143,3.833333333333333,0.5555555555555556,0.7615766902798604,3.0,6.0,1.525,0.6400120191179105,0.0,0.0
524,1,11.0,19.0,1.7272727272727273,0.17272727272727273,0.2,0.1,0.25,0.625,0.25,0.5,0.5454545454545454,0.0,0.3333333333333333,0.3333333333333333,0.39814814814814814,0.45436459801427026,0.35833333333333334,0.4562615512779958,NaN,NaN,NaN,NaN,2.375,3.1594529363709247,1.9870129870129871,0.7571551089427746,3.0,0.125,0.5059615950804802,2.0,4.0,1.1,0.3077935056255462,0.0,0.0
525,1,11.0,21.0,1.9090909090909092,0.19090909090909092,0.2,0.2,0.25,0.375,0.25,0.75,0.5454545454545454,0.0,0.3333333333333333,0.5,0.845959595959596,0.15692599227027204,0.4791666666666667,0.39276694491246716,NaN,NaN,NaN,NaN,2.625,1.0606601717798212,2.219805194805195,0.934895175336933,3.6,0.5,0.6247306999995005,4.0,5.0,1.5789473684210527,0.7580764757601939,0.18181818181818182,0.0
526,1,12.0,22.0,1.8333333333333333,0.16666666666666666,0.18181818181818182,0.09090909090909091,0.2222222222222222,0.5555555555555556,0.4444444444444444,0.7777777777777778,0.5833333333333334,0.0,0.5714285714285714,0.42857142857142855,0.887037037037037,0.18704162077258252,0.5572390572390572,0.4471479984491601,NaN,NaN,NaN,NaN,2.4444444444444446,3.2829526005987013,2.0225694444444446,0.7375576897769816,3.0,0.2222222222222222,0.5167862241227038,2.0,4.0,1.125,0.3378319623460881,0.0,0.0
527,1,12.0,14.0,1.1666666666666667,0.10606060606060606,0.18181818181818182,0.36363636363636365,0.2222222222222222,0.4444444444444444,0.2222222222222222,0.5555555555555556,0.5833333333333334,0.0,0.2857142857142857,0.42857142857142855,0.6296296296296295,0.4148106811963355,0.3888888888888889,0.42491829279939874,NaN,NaN,NaN,NaN,1.5555555555555556,0.881917103688197,2.0694444444444446,0.7569820906216246,3.0,0.2222222222222222,0.4295623464921123,2.0,4.0,1.3333333333333333,0.48304589153964794,0.0,0.0
528,1,12.0,18.0,1.5,0.13636363636363635,0.18181818181818182,0.2727272727272727,0.2222222222222222,0.5555555555555556,0.3333333333333333,0.6666666666666666,0.5833333333333334,0.0,0.42857142857142855,0.42857142857142855,0.6666666666666666,0.408248290463863,0.4574074074074074,0.4560634025664566,NaN,NaN,NaN,NaN,2.0,1.5811388300841898,2.0462962962962963,0.7512926881912217,3.0,0.2222222222222222,0.43420484768585127,2.0,4.0,1.2173913043478262,0.42174116783665,0.0,0.0
529,1,11.0,22.0,2.0,0.2,0.2,0.1,0.25,0.25,0.125,0.5,0.5454545454545454,0.0,0.16666666666666666,0.3333333333333333,0.34027777777777773,0.3705274137953867,0.26041666666666663,0.3547788826234667,NaN,NaN,NaN,NaN,2.75,1.8322507626258087,2.062121212121212,0.7642749254137293,3.1,0.625,0.4990015283068031,2.0,4.0,1.1923076923076923,0.40191847623425014,0.0,0.0
53,1,12.0,18.0,1.5,0.13636363636363635,0.18181818181818182,0.2727272727272727,0.2222222222222222,0.4444444444444444,0.3333333333333333,0.6666666666666666,0.5833333333333334,0.0,0.42857142857142855,0.14285714285714285,0.6888888888888889,0.34439963866286377,0.4722222222222222,0.4409585518440985,NaN,NaN,NaN,NaN,2.0,1.0,2.1472222222222226,0.8465567016793673,3.6,0.4444444444444444,0.6738717405638656,3.0,5.0,1.4642857142857142,0.6372477195601849,0.16666666666666666,0.0
530,1,12.0,32.0,2.6666666666666665,0.24242424242424243,0.18181818181818182,0.09090909090909091,0.3333333333333333,0.3333333333333333,0.2222222222222222,0.5555555555555556,0.5833333333333334,0.0,0.2857142857142857,0.42857142857142855,0.6169312169312168,0.24548756943409908,0.3202020202020202,0.4183739128409202,NaN,NaN,NaN,NaN,3.5555555555555554,3.5039660069381067,2.357127192982456,0.9835243204280713,3.5,0.5555555555555556,0.7431472096195418,3.0,7.0,1.3095238095238095,0.5174088932690606,0.0,0.0
531,1,12.0,22.0,1.8333333333333333,0.16666666666666666,0.18181818181818182,0.2727272727272727,0.2222222222222222,0.4444444444444444,0.2222222222222222,0.5555555555555556,0.5833333333333334,0.0,0.2857142857142857,0.42857142857142855,0.41203703703703703,0.3944297728100813,0.3055555555555556,0.4124789556921527,NaN,NaN,NaN,NaN,2.4444444444444446,2.242270674512285,2.064814814814815,0.7418972453337086,3.0,0.3333333333333333,0.4913676828766144,2.0,4.0,1.3125,0.47092907485988494,0.0,0.0
532,1,12.0,16.0,1.3333333333333333,0.12121212121212122,0.18181818181818182,0.36363636363636365,0.4444444444444444,0.3333333333333333,0.2222222222222222,0.4444444444444444,0.5833333333333334,0.0,0.2857142857142857,0.42857142857142855,0.6180555555555556,0.26962873136551635,0.3333333333333333,0.4330127018922194,NaN,NaN,NaN,NaN,1.7777777777777777,0.9718253158075502,2.4166666666666665,1.0998163299369397,4.333333333333334,0.6666666666666666,0.45427496160446784,4.0,5.0,1.7714285714285714,0.8431633114337335,0.0,0.0
533,1,12.0,25.0,2.0833333333333335,0.1893939393939394,0.18181818181818182,0.09090909090909091,0.1111111111111111,0.5555555555555556,0.4444444444444444,0.6666666666666666,0.5833333333333334,0.0,0.5714285714285714,0.2857142857142857,0.6342592592592593,0.4245186089946071,0.5016835016835017,0.48463800145030933,NaN,NaN,NaN,NaN,2.7777777777777777,3.270236145058097,1.9682539682539684,0.6719283189250026,3.0,0.3333333333333333,0.5177718411774157,2.0,6.0,1.25,0.43994134506405985,0.0,0.0
534,1,12.0,17.0,1.4166666666666667,0.12878787878787878,0.18181818181818182,0.18181818181818182,0.2222222222222222,0.5555555555555556,0.3333333333333333,0.6666666666666666,0.5833333333333334,0.0,0.42857142857142855,0.42857142857142855,0.7366255144032922,0.3554612357750116,0.48148148148148145,0.4444444444444445,NaN,NaN,NaN,NaN,1.8888888888888888,1.0540925533894598,2.0388888888888888,0.7693409659478181,3.333333333333333,0.3333333333333333,0.32704859625707844,2.0,4.0,1.3461538461538463,0.485164524037584,0.0,0.0
535,1,12.0,26.0,2.1666666666666665,0.19696969696969696,0.18181818181818182,0.09090909090909091,0.2222222222222222,0.3333333333333333,0.2222222222222222,0.4444444444444444,0.5833333333333334,0.0,0.2857142857142857,0.42857142857142855,0.4303350970017637,0.3932933640706366,0.2962962962962963,0.43122707489611173,NaN,NaN,NaN,NaN,2.888888888888889,2.3154073315749675,2.1547619047619047,0.8073244888793223,3.333333333333333,0.5555555555555556,0.529971251388317,2.0,5.0,1.2424242424242424,0.4351941398892447,0.0,0.0
536,1,12.0,23.0,1.9166666666666667,0.17424242424242425,0.18181818181818182,0.18181818181818182,0.2222222222222222,0.4444444444444444,0.3333333333333333,0.5555555555555556,0.5833333333333334,0.0,0.42857142857142855,0.2857142857142857,0.605324074074074,0.3396394239065968,0.3796296296296296,0.4734461263627587,NaN,NaN,NaN,NaN,2.5555555555555554,1.810463415200036,2.3333333333333335,1.0420453856999636,3.833333333333333,0.4444444444444444,0.7595100470949152,3.0,6.0,1.5,0.6472394602609756,0.0,0.0
537,1,12.0,31.0,2.5833333333333335,0.23484848484848486,0.18181818181818182,0.09090909090909091,0.1111111111111111,0.4444444444444444,0.3333333333333333,0.8888888888888888,0.5833333333333334,0.0,0.42857142857142855,0.42857142857142855,0.8355555555555555,0.1353185542012296,0.5424242424242425,0.3922048058523769,NaN,NaN,NaN,NaN,3.4444444444444446,3.3952581312438936,2.1613756613756614,0.8298479530345072,3.0476190476190474,0.2222222222222222,0.7597055362318206,3.0,7.0,1.4565217391304348,0.6220582944862405,0.0,0.0
538,1,12.0,12.0,1.0,0.09090909090909091,0.18181818181818182,0.36363636363636365,0.4444444444444444,0.5555555555555556,0.3333333333333333,0.3333333333333333,0.5833333333333334,0.0,0.42857142857142855,0.42857142857142855,0.5925925925925926,0.46481112585226425,0.3333333333333333,0.5,NaN,NaN,NaN,NaN,1.3333333333333333,1.0,2.308333333333333,1.1657680521935534,4.5,0.2222222222222222,0.6789028582272216,4.0,5.0,1.6956521739130435,0.8756702684071968,0.16666666666666666,0.0
539,1,11.0,20.0,1.8181818181818181,0.18181818181818182,0.2,0.1,0.25,0.5,0.375,0.5,0.5454545454545454,0.0,0.5,0.3333333333333333,0.755787037037037,0.2259355481947798,0.4583333333333333,0.5019802057692385,NaN,NaN,NaN,NaN,2.5,1.6903085094570331,2.1623376623376624,0.9280717936530539,3.5,0.25,0.5664254662422352,2.0,5.0,1.3448275862068966,0.4837252813149745,0.0,0.0
54,1,12.0,24.0,2.0,0.18181818181818182,0.18181818181818182,0.09090909090909091,0.3333333333333333,0.4444444444444444,0.2222222222222222,0.5555555555555556,0.5833333333333334,0.0,0.2857142857142857,0.2857142857142857,0.4672364672364673,0.3975450176456266,0.3202020202020202,0.4183739128409202,NaN,NaN,NaN,NaN,2.6666666666666665,3.391164991562634,2.1949891067538125,0.8679502021512795,3.2222222222222223,0.2222222222222222,0.705943690566487,2.0,5.0,1.3125,0.47092907485988494,0.16666666666666666,0.0
540,1,11.0,18.0,1.6363636363636365,0.16363636363636364,0.2,0.3,0.25,0.25,0.125,0.625,0.5454545454545454,0.0,0.16666666666666666,0.3333333333333333,0.38125,0.3651687476848399,0.33125,0.34737536305435196,NaN,NaN,NaN,NaN,2.25,1.4880476182856899,2.206060606060606,0.9400730682970201,4.0,0.5,0.6275246756830684,3.0,4.0,1.3043478260869565,0.5587959953568722,0.0,0.0
541,1,9.0,11.0,1.2222222222222223,0.1527777777777778,0.25,0.375,0.16666666666666666,0.5,0.16666666666666666,0.5,0.4444444444444444,0.0,0.25,0.5,0.4166666666666667,0.3763863263545405,0.2833333333333333,0.40207793606049397,NaN,NaN,NaN,NaN,1.8333333333333333,1.6020819787597222,1.9814814814814818,0.8797270901173952,3.5,0.5,0.4846116845975599,3.0,4.0,1.375,0.6191391873668903,0.0,0.0
542,1,10.0,17.0,1.7,0.18888888888888888,0.2222222222222222,0.1111111111111111,0.14285714285714285,0.42857142857142855,0.14285714285714285,0.5714285714285714,0.5,0.0,0.2,0.4,0.3809523809523809,0.34563127583593883,0.2704081632653061,0.36992434810865743,NaN,NaN,NaN,NaN,2.4285714285714284,2.29906813420444,2.033333333333333,0.834443704689715,3.333333333333333,0.42857142857142855,0.5819310877154383,3.0,5.0,1.4814814814814814,0.642732769590452,0.0,0.0
543,1,12.0,21.0,1.75,0.1590909090909091,0.18181818181818182,0.09090909090909091,0.3333333333333333,0.5555555555555556,0.3333333333333333,0.5555555555555556,0.5833333333333334,0.0,0.42857142857142855,0.42857142857142855,0.6995884773662551,0.423683486812277,0.4185185185185185,0.4845132468981143,NaN,NaN,NaN,NaN,2.3333333333333335,2.958039891549808,2.130952380952381,0.8629851400147102,3.5,0.2222222222222222,0.5263005087035478,2.0,4.0,1.2,0.408248290463863,0.0,0.0
544,1,11.0,12.0,1.0909090909090908,0.10909090909090909,0.2,0.5,0.375,0.5,0.25,0.375,0.5454545454545454,0.0,0.3333333333333333,0.16666666666666666,0.28125,0.45193038338727726,0.28125,0.45193038338727726,NaN,NaN,NaN,NaN,1.5,1.0690449676496976,2.1363636363636362,0.9510759457296007,4.0,0.125,0.30151134457776363,3.0,4.0,1.3529411764705883,0.6063390625908325,0.0,0.0
545,1,12.0,21.0,1.75,0.1590909090909091,0.18181818181818182,0.36363636363636365,0.3333333333333333,0.3333333333333333,0.2222222222222222,0.6666666666666666,0.5833333333333334,0.0,0.2857142857142857,0.2857142857142857,0.7337962962962963,0.20379903598373875,0.37407407407407406,0.41080130969774514,NaN,NaN,NaN,NaN,2.3333333333333335,1.6583123951777001,2.2720959595959593,0.8953053038393944,3.333333333333333,0.4444444444444444,0.7505463013936312,3.0,6.0,1.4857142857142858,0.6122008787696948,0.0,0.0
546,1,11.0,15.0,1.3636363636363635,0.13636363636363635,0.2,0.4,0.375,0.5,0.25,0.5,0.5454545454545454,0.0,0.3333333333333333,0.5,0.6041666666666666,0.4172614801981401,0.3958333333333333,0.4537104523847501,NaN,NaN,NaN,NaN,1.875,1.246423454758225,2.0757575757575757,0.834544574282672,3.333333333333333,0.25,0.511766315719159,2.0,4.0,1.25,0.4442616583193193,0.0,0.0
547,1,11.0,15.0,1.3636363636363635,0.13636363636363635,0.2,0.3,0.25,0.625,0.5,0.75,0.5454545454545454,0.0,0.6666666666666666,0.3333333333333333,0.9166666666666666,0.1543033499620919,0.6083333333333334,0.4665816249043812,NaN,NaN,NaN,NaN,1.875,1.4577379737113252,1.9898989898989898,0.7608548562199269,3.0,0.125,0.4296478740880802,2.0,3.0,1.2222222222222223,0.42779263194649864,0.0,0.0
548,1,12.0,24.0,2.0,0.18181818181818182,0.18181818181818182,0.09090909090909091,0.2222222222222222,0.4444444444444444,0.2222222222222222,0.5555555555555556,0.5833333333333334,0.0,0.2857142857142857,0.42857142857142855,0.5158346752549652,0.4460482103033567,0.2993827160493827,0.41522383934775303,NaN,NaN,NaN,NaN,2.6666666666666665,2.6457513110645907,2.2109126984126983,0.8998800043309867,3.4,0.4444444444444444,0.6985714423905163,4.0,6.0,1.6341463414634145,0.7986268703523445,0.16666666666666666,0.0
549,1,12.0,16.0,1.3333333333333333,0.12121212121212122,0.18181818181818182,0.36363636363636365,0.2222222222222222,0.5555555555555556,0.3333333333333333,0.6666666666666666,0.5833333333333334,0.0,0.42857142857142855,0.42857142857142855,0.6851851851851852,0.3480545579483797,0.48148148148148145,0.4365620457083809,NaN,NaN,NaN,NaN,1.7777777777777777,1.6414763002993507,2.09375,0.8344925649213963,3.5,0.3333333333333333,0.5698592662520575,3.0,5.0,1.3478260869565217,0.5727680517510726,0.0,0.0
55,1,12.0,19.0,1.5833333333333333,0.14393939393939395,0.18181818181818182,0.2727272727272727,0.3333333333333333,0.4444444444444444,0.3333333333333333,0.6666666666666666,0.5833333333333334,0.0,0.42857142857142855,0.2857142857142857,0.7928669410150891,0.21726095713230972,0.4666666666666667,0.45215533220835125,NaN,NaN,NaN,NaN,2.111111111111111,1.4529663145135578,2.2338383838383837,0.9215327060465284,3.4,0.4444444444444444,0.7543960205223926,4.0,5.0,1.6363636363636365,0.8222751143238882,0.16666666666666666,0.0
550,1,10.0,15.0,1.5,0.16666666666666666,0.2222222222222222,0.2222222222222222,0.2857142857142857,0.5714285714285714,0.42857142857142855,0.5714285714285714,0.5,0.0,0.6,0.2,0.7809523809523808,0.22921536279159507,0.5238095238095238,0.5039526306789697,NaN,NaN,NaN,NaN,2.142857142857143,1.5735915849388864,2.1071428571428568,0.9777861523038605,3.571428571428571,0.2857142857142857,0.5525363375163629,3.0,5.0,1.380952380952381,0.5895922723535711,0.0,0.0
551,1,12.0,20.0,1.6666666666666667,0.15151515151515152,0.18181818181818182,0.18181818181818182,0.1111111111111111,0.5555555555555556,0.3333333333333333,0.5555555555555556,0.5833333333333334,0.0,0.42857142857142855,0.42857142857142855,0.4907407407407407,0.4339027597725919,0.4074074074074074,0.4722222222222222,NaN,NaN,NaN,NaN,2.2222222222222223,1.922093765778466,2.001984126984127,0.7132357603041778,3.166666666666667,0.4444444444444444,0.4587973272248561,2.0,4.0,1.173913043478261,0.3875533878815898,0.0,0.0
552,1,12.0,29.0,2.4166666666666665,0.2196969696969697,0.18181818181818182,0.09090909090909091,0.2222222222222222,0.3333333333333333,0.2222222222222222,0.7777777777777778,0.5833333333333334,0.0,0.2857142857142857,0.42857142857142855,0.7824074074074073,0.1873713550448895,0.45185185185185184,0.377808413790461,NaN,NaN,NaN,NaN,3.2222222222222223,1.855921454276674,2.228009259259259,0.8557682556779684,3.333333333333333,0.5555555555555556,0.6865561834655598,2.0,5.0,1.25,0.43915503282683993,0.0,0.0
553,1,12.0,22.0,1.8333333333333333,0.16666666666666666,0.18181818181818182,0.18181818181818182,0.1111111111111111,0.4444444444444444,0.3333333333333333,0.7777777777777778,0.5833333333333334,0.0,0.42857142857142855,0.42857142857142855,0.6791666666666667,0.3658252656665474,0.48518518518518516,0.4173697771331766,NaN,NaN,NaN,NaN,2.4444444444444446,1.8782379449307742,2.095734126984127,0.7773663606377224,3.25,0.5555555555555556,0.6024713190679672,2.0,5.0,1.2307692307692308,0.4296689244236597,0.0,0.0
554,1,12.0,25.0,2.0833333333333335,0.1893939393939394,0.18181818181818182,0.09090909090909091,0.2222222222222222,0.5555555555555556,0.3333333333333333,0.6666666666666666,0.5833333333333334,0.0,0.42857142857142855,0.42857142857142855,0.6768837803320562,0.40570985975696705,0.4553872053872053,0.4573845119550392,NaN,NaN,NaN,NaN,2.7777777777777777,3.270236145058097,2.149305555555556,0.893201442755254,3.666666666666667,0.2222222222222222,0.6279651883486678,3.0,6.0,1.6097560975609757,0.7706506595237496,0.16666666666666666,0.0
555,1,12.0,23.0,1.9166666666666667,0.17424242424242425,0.18181818181818182,0.09090909090909091,0.3333333333333333,0.4444444444444444,0.3333333333333333,0.5555555555555556,0.5833333333333334,0.0,0.42857142857142855,0.42857142857142855,0.6527777777777778,0.4124789556921527,0.43209876543209874,0.4761096345252756,NaN,NaN,NaN,NaN,2.5555555555555554,2.650995620097811,2.1538461538461537,0.8491681845794685,3.5,0.3333333333333333,0.5645371562698279,3.0,4.0,1.2592592592592593,0.5256931389634797,0.0,0.0
556,1,11.0,23.0,2.090909090909091,0.20909090909090908,0.2,0.1,0.125,0.375,0.25,0.625,0.5454545454545454,0.0,0.3333333333333333,0.3333333333333333,0.5225694444444444,0.4006125091601494,0.38958333333333334,0.43633916289895985,NaN,NaN,NaN,NaN,2.875,1.9594095320493148,2.046831955922865,0.7735424857715296,3.1818181818181817,0.5,0.5889433568642115,2.0,5.0,1.25,0.44095855184409843,0.0,0.0
557,1,12.0,21.0,1.75,0.1590909090909091,0.18181818181818182,0.2727272727272727,0.3333333333333333,0.3333333333333333,0.2222222222222222,0.6666666666666666,0.5833333333333334,0.0,0.2857142857142857,0.2857142857142857,0.7827160493827161,0.18264930379167335,0.41111111111111115,0.40688518719112343,NaN,NaN,NaN,NaN,2.3333333333333335,1.5,2.292361111111111,0.9247949426910465,3.5,0.4444444444444444,0.7094971764469844,4.0,6.0,1.6216216216216217,0.7941225539113158,0.16666666666666666,0.0
558,1,12.0,17.0,1.4166666666666667,0.12878787878787878,0.18181818181818182,0.36363636363636365,0.3333333333333333,0.4444444444444444,0.3333333333333333,0.5555555555555556,0.5833333333333334,0.0,0.42857142857142855,0.42857142857142855,0.7361111111111112,0.3448530282759761,0.3925925925925926,0.4695677024247875,NaN,NaN,NaN,NaN,1.8888888888888888,1.3642254619787415,2.242261904761905,0.9645019398427463,4.0,0.3333333333333333,0.6270910398569793,3.0,5.0,1.65625,0.745280852019624,0.0,0.0
559,1,12.0,18.0,1.5,0.13636363636363635,0.18181818181818182,0.18181818181818182,0.3333333333333333,0.4444444444444444,0.2222222222222222,0.4444444444444444,0.5833333333333334,0.0,0.2857142857142857,0.42857142857142855,0.5416666666666666,0.3644344934278313,0.3333333333333333,0.43301270189221935,NaN,NaN,NaN,NaN,2.0,1.224744871391589,2.2291666666666665,1.0082519376113142,4.25,0.4444444444444444,0.37267799624996495,3.0,5.0,1.5161290322580645,0.6768046366042657,0.0,0.0
56,1,11.0,24.0,2.1818181818181817,0.21818181818181817,0.2,0.1,0.25,0.5,0.25,0.625,0.5454545454545454,0.0,0.3333333333333333,0.5,0.5742924528301887,0.39803327910871333,0.35833333333333334,0.4293775487436195,NaN,NaN,NaN,NaN,3.0,3.295017884191656,2.1262626262626263,0.8868347477457134,3.5,0.25,0.5991734032993516,3.0,6.0,1.4285714285714286,0.6546536707079772,0.18181818181818182,0.0
560,1,12.0,24.0,2.0,0.18181818181818182,0.18181818181818182,0.36363636363636365,0.2222222222222222,0.3333333333333333,0.2222222222222222,0.6666666666666666,0.5833333333333334,0.0,0.2857142857142857,0.2857142857142857,0.7372685185185186,0.18383113183262567,0.4351851851851852,0.403495529064832,NaN,NaN,NaN,NaN,2.6666666666666665,2.23606797749979,2.4069444444444446,1.0421049582972648,3.666666666666667,0.6666666666666666,0.7853735380078058,3.0,6.0,1.525,0.678894274462111,0.0,0.0
561,1,12.0,23.0,1.9166666666666667,0.17424242424242425,0.18181818181818182,0.09090909090909091,0.4444444444444444,0.3333333333333333,0.2222222222222222,0.4444444444444444,0.5833333333333334,0.0,0.2857142857142857,0.42857142857142855,0.7164021164021164,0.2604625998795298,0.3101851851851852,0.44639329666633887,NaN,NaN,NaN,NaN,2.5555555555555554,2.455153310442706,2.5115440115440117,1.1832431456056627,4.333333333333334,0.4444444444444444,0.7331095885569188,4.0,6.0,1.6341463414634145,0.8293400255919042,0.0,0.0
562,1,12.0,32.0,2.6666666666666665,0.24242424242424243,0.18181818181818182,0.09090909090909091,0.3333333333333333,0.3333333333333333,0.2222222222222222,0.6666666666666666,0.5833333333333334,0.0,0.2857142857142857,0.42857142857142855,0.7348765432098765,0.17843363780447108,0.38131313131313127,0.40108610581663784,NaN,NaN,NaN,NaN,3.5555555555555554,3.2829526005987013,2.4020111832611835,1.0465158232818152,3.833333333333333,0.6666666666666666,0.7913904591324248,3.0,7.0,1.4042553191489362,0.577083162874525,0.16666666666666666,0.0
563,1,11.0,21.0,1.9090909090909092,0.19090909090909092,0.2,0.1,0.375,0.375,0.125,0.5,0.5454545454545454,0.0,0.16666666666666666,0.3333333333333333,0.4416666666666666,0.3245265171252733,0.25,0.3563483225498992,NaN,NaN,NaN,NaN,2.625,2.1998376563477846,2.2830578512396693,1.0169718681537254,3.7272727272727275,0.375,0.5941552527615158,3.0,5.0,1.4242424242424243,0.560708426362525,0.0,0.0
564,1,12.0,17.0,1.4166666666666667,0.12878787878787878,0.18181818181818182,0.45454545454545453,0.2222222222222222,0.5555555555555556,0.3333333333333333,0.6666666666666666,0.5833333333333334,0.0,0.42857142857142855,0.2857142857142857,0.6083333333333333,0.4213074886588179,0.46111111111111114,0.4414307546049676,NaN,NaN,NaN,NaN,1.8888888888888888,1.536590742882148,2.0,0.7083912632282966,3.0,0.2222222222222222,0.37337884876607885,2.0,3.0,1.105263157894737,0.3153017676423058,0.0,0.0
565,1,12.0,19.0,1.5833333333333333,0.14393939393939395,0.18181818181818182,0.36363636363636365,0.3333333333333333,0.3333333333333333,0.2222222222222222,0.4444444444444444,0.5833333333333334,0.0,0.2857142857142857,0.42857142857142855,0.48148148148148145,0.3333333333333333,0.2814814814814815,0.4239729784075314,NaN,NaN,NaN,NaN,2.111111111111111,1.536590742882148,2.3422619047619047,0.9934220495760083,3.857142857142857,0.3333333333333333,0.7402093983833671,3.0,6.0,1.6111111111111112,0.6877614942811737,0.16666666666666666,0.0
566,1,12.0,34.0,2.8333333333333335,0.25757575757575757,0.18181818181818182,0.09090909090909091,0.2222222222222222,0.3333333333333333,0.2222222222222222,0.7777777777777778,0.5833333333333334,0.0,0.2857142857142857,0.42857142857142855,0.7403703703703705,0.18219681394674736,0.39920634920634923,0.3854569982574826,NaN,NaN,NaN,NaN,3.7777777777777777,2.682246156571847,2.3389194139194136,0.965464690715136,3.5384615384615383,0.5555555555555556,0.7765219037522073,3.0,7.0,1.3877551020408163,0.5329292687047474,0.16666666666666666,0.0
567,1,12.0,30.0,2.5,0.22727272727272727,0.18181818181818182,0.09090909090909091,0.2222222222222222,0.3333333333333333,0.2222222222222222,0.6666666666666666,0.5833333333333334,0.0,0.2857142857142857,0.42857142857142855,0.7329416615130901,0.19513080970289648,0.4166666666666667,0.3952847075210474,NaN,NaN,NaN,NaN,3.3333333333333335,2.6457513110645903,2.400462962962963,1.0203791860678963,3.6470588235294117,0.5555555555555556,0.813114873106263,3.0,7.0,1.4222222222222223,0.5834415484039858,0.16666666666666666,0.0
568,1,12.0,27.0,2.25,0.20454545454545456,0.18181818181818182,0.09090909090909091,0.2222222222222222,0.5555555555555556,0.3333333333333333,0.6666666666666666,0.5833333333333334,0.0,0.42857142857142855,0.42857142857142855,0.7213403880070546,0.34067251028848505,0.466931216931217,0.45088167036954724,NaN,NaN,NaN,NaN,3.0,2.5,2.076388888888889,0.794121658660818,3.25,0.2222222222222222,0.558290986473644,2.0,5.0,1.2777777777777777,0.45425676257949793,0.0,0.0
569,1,12.0,16.0,1.3333333333333333,0.12121212121212122,0.18181818181818182,0.2727272727272727,0.2222222222222222,0.5555555555555556,0.3333333333333333,0.4444444444444444,0.5833333333333334,0.0,0.42857142857142855,0.42857142857142855,0.5432098765432098,0.4487876138658424,0.3703703703703704,0.48432210483785265,NaN,NaN,NaN,NaN,1.7777777777777777,1.2018504251546631,2.1166666666666667,0.8538090530030114,3.4,0.3333333333333333,0.5344432894420413,3.0,5.0,1.5172413793103448,0.6336227840855435,0.0,0.0
57,1,11.0,18.0,1.6363636363636365,0.16363636363636364,0.2,0.2,0.25,0.5,0.375,0.5,0.5454545454545454,0.0,0.5,0.3333333333333333,0.5347222222222222,0.46758931844419205,0.40625,0.49888268016782117,NaN,NaN,NaN,NaN,2.25,1.8322507626258087,2.05050505050505,0.8006380732607323,3.2222222222222223,0.375,0.542075009481289,2.0,4.0,1.2380952380952381,0.4364357804719847,0.0,0.0
570,1,12.0,26.0,2.1666666666666665,0.19696969696969696,0.18181818181818182,0.09090909090909091,0.2222222222222222,0.4444444444444444,0.2222222222222222,0.7777777777777778,0.5833333333333334,0.0,0.2857142857142857,0.42857142857142855,0.7141927083333334,0.19523435936874686,0.42901234567901236,0.38216183487942484,NaN,NaN,NaN,NaN,2.888888888888889,2.571208103423585,2.2203839869281046,0.9211006287491138,3.625,0.3333333333333333,0.5412520850184916,3.0,6.0,1.3846153846153846,0.5436419397953522,0.0,0.0
571,1,12.0,25.0,2.0833333333333335,0.1893939393939394,0.18181818181818182,0.09090909090909091,0.3333333333333333,0.3333333333333333,0.2222222222222222,0.5555555555555556,0.5833333333333334,0.0,0.2857142857142857,0.42857142857142855,0.5888888888888888,0.39122315314351674,0.32098765432098764,0.40992488187367876,NaN,NaN,NaN,NaN,2.7777777777777777,2.7284509239574835,2.21875,0.8596461349140861,3.375,0.3333333333333333,0.6366415789123423,2.0,5.0,1.2941176470588236,0.46249729006288026,0.0,0.0
572,1,12.0,25.0,2.0833333333333335,0.1893939393939394,0.18181818181818182,0.18181818181818182,0.2222222222222222,0.4444444444444444,0.3333333333333333,0.7777777777777778,0.5833333333333334,0.0,0.42857142857142855,0.42857142857142855,0.8842592592592592,0.1469861839480328,0.4975308641975309,0.4357403865827841,NaN,NaN,NaN,NaN,2.7777777777777777,2.6822461565718467,2.2462962962962965,0.9629480703329099,4.0,0.2222222222222222,0.6202044001314301,3.0,4.0,1.3636363636363635,0.6030226891555273,0.0,0.0
573,1,12.0,23.0,1.9166666666666667,0.17424242424242425,0.18181818181818182,0.18181818181818182,0.3333333333333333,0.3333333333333333,0.2222222222222222,0.6666666666666666,0.5833333333333334,0.0,0.2857142857142857,0.42857142857142855,0.8248456790123456,0.19150109148098554,0.4166666666666667,0.4039733214513607,NaN,NaN,NaN,NaN,2.5555555555555554,1.3333333333333333,2.2687500000000003,0.9127957179606359,3.5,0.5555555555555556,0.5425952312546041,2.0,5.0,1.3428571428571427,0.4815939919779354,0.0,0.0
574,1,11.0,22.0,2.0,0.2,0.2,0.1,0.125,0.5,0.25,0.75,0.5454545454545454,0.0,0.3333333333333333,0.3333333333333333,0.6215277777777778,0.359945462996229,0.43125,0.3990502116633588,NaN,NaN,NaN,NaN,2.75,3.1052950170405937,2.003409090909091,0.7408629029105797,3.0,0.375,0.531078562865293,2.0,4.0,1.125,0.3378319623460881,0.0,0.0
575,1,12.0,23.0,1.9166666666666667,0.17424242424242425,0.18181818181818182,0.09090909090909091,0.1111111111111111,0.5555555555555556,0.4444444444444444,0.5555555555555556,0.5833333333333334,0.0,0.5714285714285714,0.42857142857142855,0.7662037037037037,0.2374857857994666,0.5,0.5,NaN,NaN,NaN,NaN,2.5555555555555554,1.810463415200036,2.073611111111111,0.7992249507401042,3.416666666666667,0.3333333333333333,0.4431578600102777,2.0,4.0,1.3125,0.47092907485988494,0.0,0.0
576,1,12.0,27.0,2.25,0.20454545454545456,0.18181818181818182,0.09090909090909091,0.2222222222222222,0.3333333333333333,0.2222222222222222,0.6666666666666666,0.5833333333333334,0.0,0.2857142857142857,0.2857142857142857,0.6972222222222222,0.22895293063082736,0.42760942760942755,0.4080217353983659,NaN,NaN,NaN,NaN,3.0,3.1622776601683795,2.3900252525252523,1.0150837645113797,3.666666666666667,0.4444444444444444,0.8699084533416506,3.0,6.0,1.4651162790697674,0.6305265074788244,0.16666666666666666,0.0
577,1,12.0,31.0,2.5833333333333335,0.23484848484848486,0.18181818181818182,0.09090909090909091,0.1111111111111111,0.3333333333333333,0.2222222222222222,0.6666666666666666,0.5833333333333334,0.0,0.2857142857142857,0.42857142857142855,0.5709876543209877,0.3528806210594579,0.33730158730158727,0.4076403254348555,NaN,NaN,NaN,NaN,3.4444444444444446,2.4037008503093262,2.330128205128205,0.946697827210176,3.3076923076923075,0.4444444444444444,0.8270803128253826,3.0,7.0,1.4791666666666667,0.6184945116918239,0.16666666666666666,0.0
578,1,11.0,23.0,2.090909090909091,0.20909090909090908,0.2,0.1,0.25,0.375,0.25,0.625,0.5454545454545454,0.0,0.3333333333333333,0.5,0.6666666666666667,0.25197631533948484,0.3861111111111111,0.43771694041863773,NaN,NaN,NaN,NaN,2.875,2.850438562747845,2.226232917409388,0.9516807170315362,3.666666666666667,0.5,0.8100735514803863,3.0,6.0,1.5476190476190477,0.632547345278267,0.18181818181818182,0.0
579,1,12.0,22.0,1.8333333333333333,0.16666666666666666,0.18181818181818182,0.2727272727272727,0.2222222222222222,0.3333333333333333,0.2222222222222222,0.7777777777777778,0.5833333333333334,0.0,0.2857142857142857,0.2857142857142857,0.7845117845117846,0.18355042521351356,0.4203703703703704,0.3838563260027711,NaN,NaN,NaN,NaN,2.4444444444444446,1.5092308563562362,2.2749368686868685,0.895767930642641,3.333333333333333,0.3333333333333333,0.7486401769234358,3.0,6.0,1.5135135135135136,0.6507099380088055,0.16666666666666666,0.0
58,1,12.0,22.0,1.8333333333333333,0.16666666666666666,0.18181818181818182,0.09090909090909091,0.3333333333333333,0.3333333333333333,0.2222222222222222,0.5555555555555556,0.5833333333333334,0.0,0.2857142857142857,0.42857142857142855,0.6833333333333332,0.21213203435596428,0.3611111111111111,0.4166666666666667,NaN,NaN,NaN,NaN,2.4444444444444446,2.2973414586817036,2.511656746031746,1.1584465987280335,4.25,0.5555555555555556,0.8822199822436969,5.0,7.0,1.8043478260869565,0.9573009562164592,0.16666666666666666,0.0
580,1,10.0,10.0,1.0,0.1111111111111111,0.2222222222222222,0.5555555555555556,0.42857142857142855,0.42857142857142855,0.14285714285714285,0.2857142857142857,0.5,0.0,0.2,0.4,0.21428571428571427,0.39339789623472154,0.21428571428571427,0.39339789623472154,NaN,NaN,NaN,NaN,1.4285714285714286,0.5345224838248488,2.15,0.9732534213770956,3.5,0.42857142857142855,0.5676462121975466,2.0,4.0,1.3571428571428572,0.4972451580988468,0.0,0.0
581,1,12.0,27.0,2.25,0.20454545454545456,0.18181818181818182,0.09090909090909091,0.1111111111111111,0.4444444444444444,0.3333333333333333,0.8888888888888888,0.5833333333333334,0.0,0.42857142857142855,0.42857142857142855,0.8737654320987654,0.13119752854074235,0.5407407407407407,0.39176515704131337,NaN,NaN,NaN,NaN,3.0,1.8708286933869707,2.196969696969697,0.8935541028961653,3.5,0.4444444444444444,0.5428788457677161,3.0,6.0,1.3953488372093024,0.5407021398022307,0.0,0.0
582,1,11.0,32.0,2.909090909090909,0.2909090909090909,0.2,0.1,0.125,0.625,0.375,0.75,0.5454545454545454,0.0,0.5,0.5,0.7200520833333333,0.329189152147918,0.5083333333333333,0.4562615512779958,NaN,NaN,NaN,NaN,4.0,3.854496446637726,1.967914438502674,0.7311003397797363,3.0,0.25,0.538038505724402,2.0,5.0,1.1666666666666667,0.3779644730092272,0.18181818181818182,0.0
583,1,12.0,16.0,1.3333333333333333,0.12121212121212122,0.18181818181818182,0.45454545454545453,0.2222222222222222,0.4444444444444444,0.2222222222222222,0.6666666666666666,0.5833333333333334,0.0,0.2857142857142857,0.42857142857142855,0.6851851851851851,0.3480545579483797,0.4629629629629629,0.39771725175767647,NaN,NaN,NaN,NaN,1.7777777777777777,0.8333333333333334,2.0625,0.7547199962418332,3.25,0.4444444444444444,0.40019526483955303,2.0,4.0,1.25,0.4442616583193193,0.0,0.0
584,1,11.0,22.0,2.0,0.2,0.2,0.2,0.375,0.375,0.125,0.5,0.5454545454545454,0.0,0.16666666666666666,0.5,0.4479166666666666,0.3390506704651344,0.31249999999999994,0.4027435672389827,NaN,NaN,NaN,NaN,2.75,2.187627547301936,2.234848484848485,0.9781062923792685,3.583333333333333,0.5,0.6677480407215327,3.0,6.0,1.375,0.5535807194106618,0.18181818181818182,0.0
585,1,12.0,16.0,1.3333333333333333,0.12121212121212122,0.18181818181818182,0.2727272727272727,0.3333333333333333,0.3333333333333333,0.2222222222222222,0.4444444444444444,0.5833333333333334,0.0,0.2857142857142857,0.42857142857142855,0.5714285714285714,0.35714285714285715,0.3148148148148148,0.42853468390393096,NaN,NaN,NaN,NaN,1.7777777777777777,1.0929064207170003,2.402777777777778,1.0670887738039658,4.166666666666666,0.2222222222222222,0.7428673177976347,4.0,7.0,1.8888888888888888,1.0079052613579391,0.16666666666666666,0.0
586,1,11.0,19.0,1.7272727272727273,0.17272727272727273,0.2,0.1,0.25,0.5,0.25,0.5,0.5454545454545454,0.0,0.3333333333333333,0.5,0.578125,0.4155863972406082,0.3375,0.4438065859293728,NaN,NaN,NaN,NaN,2.375,3.113908889391045,2.0511363636363638,0.7968777852001238,3.0625,0.25,0.6281172263200556,2.0,5.0,1.3793103448275863,0.4938039737912401,0.18181818181818182,0.0
587,1,12.0,19.0,1.5833333333333333,0.14393939393939395,0.18181818181818182,0.18181818181818182,0.2222222222222222,0.4444444444444444,0.2222222222222222,0.6666666666666666,0.5833333333333334,0.0,0.2857142857142857,0.42857142857142855,0.6759259259259259,0.4160296055763933,0.42592592592592593,0.39185377721294123,NaN,NaN,NaN,NaN,2.111111111111111,1.7638342073763935,2.138888888888889,0.8115200643328635,3.125,0.3333333333333333,0.6123061149682815,3.0,5.0,1.3703703703703705,0.5648790304908823,0.0,0.0
588,1,12.0,30.0,2.5,0.22727272727272727,0.18181818181818182,0.09090909090909091,0.1111111111111111,0.4444444444444444,0.2222222222222222,0.6666666666666666,0.5833333333333334,0.0,0.2857142857142857,0.42857142857142855,0.6155555555555554,0.29778814243985235,0.4461279461279461,0.41543282268037957,NaN,NaN,NaN,NaN,3.3333333333333335,3.278719262151,2.0928418803418802,0.790567611597366,3.230769230769231,0.4444444444444444,0.5826927656660122,2.0,5.0,1.2,0.40583972495671394,0.0,0.0
589,1,11.0,21.0,1.9090909090909092,0.19090909090909092,0.2,0.1,0.25,0.375,0.125,0.5,0.5454545454545454,0.0,0.16666666666666666,0.3333333333333333,0.3177083333333333,0.34642269058991443,0.25416666666666665,0.3554284246924619,NaN,NaN,NaN,NaN,2.625,1.9226098333849673,2.1691919191919196,0.89135547922696,3.4444444444444446,0.5,0.5840132092439593,2.0,5.0,1.2962962962962963,0.4653216269680752,0.0,0.0
59,1,12.0,24.0,2.0,0.18181818181818182,0.18181818181818182,0.09090909090909091,0.1111111111111111,0.3333333333333333,0.2222222222222222,0.7777777777777778,0.5833333333333334,0.0,0.2857142857142857,0.42857142857142855,0.8083333333333332,0.170884138786749,0.48148148148148145,0.3859012219291612,NaN,NaN,NaN,NaN,2.6666666666666665,1.5,2.3339646464646466,0.9625709797368335,3.666666666666667,0.3333333333333333,0.7990881909975823,3.0,6.0,1.5909090909090908,0.6583341138789853,0.16666666666666666,0.0
590,1,11.0,23.0,2.090909090909091,0.20909090909090908,0.2,0.2,0.25,0.375,0.25,0.625,0.5454545454545454,0.0,0.3333333333333333,0.5,0.6270833333333333,0.3290121698911879,0.34375,0.42360297936509383,NaN,NaN,NaN,NaN,2.875,2.2320714274285347,2.118181818181818,0.8388303545034381,3.3,0.375,0.5297101899864624,3.0,6.0,1.411764705882353,0.6089059766610502,0.0,0.0
591,1,12.0,11.0,0.9166666666666666,0.08333333333333333,0.18181818181818182,0.45454545454545453,0.3333333333333333,0.5555555555555556,0.3333333333333333,0.4444444444444444,0.5833333333333334,0.0,0.42857142857142855,0.2857142857142857,0.5185185185185185,0.5030769521187454,0.3703703703703704,0.48432210483785265,NaN,NaN,NaN,NaN,1.2222222222222223,0.6666666666666667,2.0833333333333335,0.7929614610987591,3.0,0.0,0.4472135954999579,3.0,4.0,1.375,0.6191391873668903,0.0,0.0
592,1,11.0,20.0,1.8181818181818181,0.18181818181818182,0.2,0.2,0.5,0.25,0.125,0.375,0.5454545454545454,0.0,0.16666666666666666,0.5,0.4192708333333333,0.29005453698331146,0.1875,0.3471825374147068,NaN,NaN,NaN,NaN,2.5,1.927248223318863,2.5159779614325073,1.22897681236982,4.5,0.5,0.7976901674266299,4.0,6.0,1.5757575757575757,0.7917663414126288,0.18181818181818182,0.0
593,1,12.0,22.0,1.8333333333333333,0.16666666666666666,0.18181818181818182,0.18181818181818182,0.4444444444444444,0.3333333333333333,0.2222222222222222,0.4444444444444444,0.5833333333333334,0.0,0.2857142857142857,0.42857142857142855,0.6349206349206349,0.35234877587973196,0.30000000000000004,0.4301162633521314,NaN,NaN,NaN,NaN,2.4444444444444446,2.1278575558006176,2.2676767676767677,0.9031794331473461,3.5454545454545454,0.2222222222222222,0.6581631238845789,2.0,5.0,1.4,0.4970501217477084,0.16666666666666666,0.0
594,1,10.0,19.0,1.9,0.2111111111111111,0.2222222222222222,0.1111111111111111,0.2857142857142857,0.42857142857142855,0.14285714285714285,0.42857142857142855,0.5,0.0,0.2,0.6,0.34598214285714285,0.3737423105993525,0.24603174603174605,0.3820256046526584,NaN,NaN,NaN,NaN,2.7142857142857144,2.984084768360628,2.1285714285714286,0.912125424004641,3.2857142857142856,0.14285714285714285,0.7127803686413617,3.0,6.0,1.3461538461538463,0.5615911461059686,0.0,0.0
595,1,12.0,27.0,2.25,0.20454545454545456,0.18181818181818182,0.18181818181818182,0.2222222222222222,0.4444444444444444,0.2222222222222222,0.7777777777777778,0.5833333333333334,0.0,0.2857142857142857,0.42857142857142855,0.6550925925925926,0.20612252888410876,0.41111111111111115,0.37813504348461424,NaN,NaN,NaN,NaN,3.0,2.8722813232690143,2.0899305555555556,0.7608339107114984,3.0,0.3333333333333333,0.5734917578966896,2.0,6.0,1.3157894736842106,0.4710691208760756,0.0,0.0
596,1,12.0,15.0,1.25,0.11363636363636363,0.18181818181818182,0.45454545454545453,0.3333333333333333,0.4444444444444444,0.2222222222222222,0.4444444444444444,0.5833333333333334,0.0,0.2857142857142857,0.2857142857142857,0.5925925925925927,0.3212509307283438,0.3333333333333333,0.43301270189221935,NaN,NaN,NaN,NaN,1.6666666666666667,0.9999999999999999,2.1944444444444446,0.8928258772784574,3.666666666666667,0.2222222222222222,0.4691543670326645,3.0,4.0,1.434782608695652,0.5897678246195885,0.0,0.0
597,1,12.0,20.0,1.6666666666666667,0.15151515151515152,0.18181818181818182,0.2727272727272727,0.1111111111111111,0.4444444444444444,0.3333333333333333,0.8888888888888888,0.5833333333333334,0.0,0.42857142857142855,0.2857142857142857,0.7893518518518519,0.2237176382081832,0.5648148148148148,0.37216002797150727,NaN,NaN,NaN,NaN,2.2222222222222223,1.092906420717,2.1547619047619047,0.822815505199546,3.0,0.1111111111111111,0.7326950970650465,3.0,6.0,1.4375,0.6189220598177385,0.16666666666666666,0.0
598,1,12.0,39.0,3.25,0.29545454545454547,0.18181818181818182,0.09090909090909091,0.1111111111111111,0.4444444444444444,0.3333333333333333,0.8888888888888888,0.5833333333333334,0.0,0.42857142857142855,0.42857142857142855,0.7985185185185184,0.16134944057947226,0.5053872053872054,0.4098408607865847,NaN,NaN,NaN,NaN,4.333333333333333,3.427827300200522,2.149890618640619,0.8194664233664662,3.1538461538461537,0.5555555555555556,0.7084985272729122,2.0,7.0,1.2173913043478262,0.41702882811414954,0.0,0.0
599,1,12.0,27.0,2.25,0.20454545454545456,0.18181818181818182,0.09090909090909091,0.2222222222222222,0.4444444444444444,0.2222222222222222,0.5555555555555556,0.5833333333333334,0.0,0.2857142857142857,0.42857142857142855,0.4444444444444444,0.39086797998528583,0.32575757575757575,0.4169076438146396,NaN,NaN,NaN,NaN,3.0,3.774917217635375,2.1059027777777777,0.7797881946897126,3.0,0.3333333333333333,0.6979346055865218,2.0,6.0,1.375,0.4902903378454601,0.16666666666666666,0.0
6,1,11.0,31.0,2.8181818181818183,0.2818181818181818,0.2,0.1,0.125,0.375,0.25,0.75,0.5454545454545454,0.0,0.3333333333333333,0.5,0.6704282407407407,0.3188518617525124,0.38750000000000007,0.4086126352846736,NaN,NaN,NaN,NaN,3.875,3.226563851175781,2.1306818181818183,0.8331297099710007,3.166666666666667,0.5,0.6901626509505024,3.0,7.0,1.3333333333333333,0.5773502691896257,0.0,0.0
60,1,12.0,13.0,1.0833333333333333,0.09848484848484848,0.18181818181818182,0.36363636363636365,0.4444444444444444,0.4444444444444444,0.2222222222222222,0.3333333333333333,0.5833333333333334,0.0,0.2857142857142857,0.2857142857142857,0.4320987654320987,0.4354805931964758,0.2962962962962963,0.4547418206595805,NaN,NaN,NaN,NaN,1.4444444444444444,0.8819171036881969,2.172222222222222,0.878685121125618,3.4,0.3333333333333333,0.3148734652924872,3.0,4.0,1.56,0.650640709864771,0.0,0.0
600,1,10.0,22.0,2.2,0.24444444444444444,0.2222222222222222,0.1111111111111111,0.14285714285714285,0.42857142857142855,0.14285714285714285,0.7142857142857143,0.5,0.0,0.2,0.6,0.6269841269841269,0.3121581022110657,0.3585034013605442,0.377531408450607,NaN,NaN,NaN,NaN,3.142857142857143,2.3401261667248794,2.118181818181818,0.9116070678636499,3.333333333333333,0.42857142857142855,0.5912260289574642,3.0,4.0,1.3666666666666667,0.5560534167675355,0.0,0.0
601,1,12.0,24.0,2.0,0.18181818181818182,0.18181818181818182,0.09090909090909091,0.3333333333333333,0.3333333333333333,0.2222222222222222,0.5555555555555556,0.5833333333333334,0.0,0.2857142857142857,0.42857142857142855,0.6527777777777778,0.2779513346692986,0.335016835016835,0.41593906474514164,NaN,NaN,NaN,NaN,2.6666666666666665,3.24037034920393,2.388888888888889,1.0217170468900496,3.666666666666667,0.3333333333333333,0.8809305576167711,4.0,6.0,1.5,0.7881701093115123,0.0,0.0
602,1,11.0,21.0,1.9090909090909092,0.19090909090909092,0.2,0.1,0.375,0.25,0.125,0.5,0.5454545454545454,0.0,0.16666666666666666,0.5,0.7541666666666667,0.22183994897890452,0.3020833333333333,0.38301617314271325,NaN,NaN,NaN,NaN,2.625,1.407885953173359,2.313852813852814,0.9796580794272537,3.666666666666667,0.375,0.6366056156354156,2.0,6.0,1.411764705882353,0.4995541684356422,0.0,0.0
603,1,9.0,11.0,1.2222222222222223,0.1527777777777778,0.25,0.5,0.16666666666666666,0.5,0.16666666666666666,0.3333333333333333,0.4444444444444444,0.0,0.25,0.25,0.23611111111111108,0.3958698813536627,0.2222222222222222,0.4036867138796656,NaN,NaN,NaN,NaN,1.8333333333333333,1.3291601358251257,1.9037037037037037,0.7638434329909872,3.0,0.3333333333333333,0.4085945361229088,2.0,4.0,1.1538461538461537,0.3755338080994054,0.0,0.0
604,1,12.0,23.0,1.9166666666666667,0.17424242424242425,0.18181818181818182,0.18181818181818182,0.1111111111111111,0.4444444444444444,0.2222222222222222,0.7777777777777778,0.5833333333333334,0.0,0.2857142857142857,0.42857142857142855,0.7245370370370369,0.34133904798456965,0.4722222222222222,0.37267799624996495,NaN,NaN,NaN,NaN,2.5555555555555554,1.3333333333333335,2.173611111111111,0.8707206562838975,3.5,0.4444444444444444,0.5968691186849101,3.0,5.0,1.3529411764705883,0.5439670746038949,0.16666666666666666,0.0
605,1,11.0,18.0,1.6363636363636365,0.16363636363636364,0.2,0.2,0.125,0.75,0.5,0.625,0.5454545454545454,0.0,0.6666666666666666,0.3333333333333333,0.6927083333333334,0.4392326800480836,0.525,0.5119988839273549,NaN,NaN,NaN,NaN,2.25,2.052872551885702,1.9406565656565655,0.7563540232786112,3.2222222222222223,0.25,0.44368424569342463,2.0,4.0,1.2272727272727273,0.42893202722888857,0.0,0.0
606,1,10.0,26.0,2.6,0.28888888888888886,0.2222222222222222,0.1111111111111111,0.14285714285714285,0.2857142857142857,0.14285714285714285,0.5714285714285714,0.5,0.0,0.2,0.6,0.3945578231292517,0.341967856532158,0.2579365079365079,0.35526401738123636,NaN,NaN,NaN,NaN,3.7142857142857144,3.3523268393901033,2.0841991341991344,0.8183767719360301,3.0,0.5714285714285714,0.6960374637163739,2.0,7.0,1.25,0.43994134506405985,0.0,0.0
607,1,12.0,27.0,2.25,0.20454545454545456,0.18181818181818182,0.09090909090909091,0.2222222222222222,0.4444444444444444,0.2222222222222222,0.6666666666666666,0.5833333333333334,0.0,0.2857142857142857,0.42857142857142855,0.5777777777777777,0.2990726407487727,0.3529100529100529,0.40320741023876755,NaN,NaN,NaN,NaN,3.0,2.3979157616563596,2.173555611055611,0.8550905153547458,3.3846153846153846,0.4444444444444444,0.5803304197643643,2.0,5.0,1.2972972972972974,0.4633731916228157,0.0,0.0
608,1,11.0,12.0,1.0909090909090908,0.10909090909090909,0.2,0.3,0.25,0.625,0.5,0.625,0.6363636363636364,0.0,0.5714285714285714,0.42857142857142855,0.7708333333333334,0.36663960939129736,0.5416666666666666,0.5019802057692384,NaN,NaN,NaN,NaN,1.5,0.7559289460184544,1.9393939393939397,0.7120889741252193,3.0,0.125,0.24618298195866545,2.0,3.0,1.25,0.4472135954999579,0.0,0.0
609,1,12.0,21.0,1.75,0.1590909090909091,0.18181818181818182,0.09090909090909091,0.1111111111111111,0.3333333333333333,0.2222222222222222,0.6666666666666666,0.5833333333333334,0.0,0.2857142857142857,0.42857142857142855,0.6419753086419753,0.3378265509705156,0.42592592592592593,0.39185377721294123,NaN,NaN,NaN,NaN,2.3333333333333335,1.224744871391589,2.3609126984126987,0.9880785260847885,3.7142857142857144,0.4444444444444444,0.8718819682185756,5.0,7.0,1.9111111111111112,1.0833916068243161,0.16666666666666666,0.0
61,1,12.0,15.0,1.25,0.11363636363636363,0.18181818181818182,0.36363636363636365,0.3333333333333333,0.5555555555555556,0.3333333333333333,0.5555555555555556,0.5833333333333334,0.0,0.42857142857142855,0.42857142857142855,0.6666666666666666,0.4330127018922193,0.42592592592592593,0.4648111258522642,NaN,NaN,NaN,NaN,1.6666666666666667,1.6583123951776997,2.138888888888889,0.9151732554779383,4.0,0.1111111111111111,0.4879500364742666,3.0,4.0,1.263157894736842,0.5619514869490163,0.0,0.0
610,1,12.0,26.0,2.1666666666666665,0.19696969696969696,0.18181818181818182,0.09090909090909091,0.1111111111111111,0.4444444444444444,0.2222222222222222,0.6666666666666666,0.5833333333333334,0.0,0.2857142857142857,0.42857142857142855,0.5255731922398589,0.4102292834120766,0.3194444444444444,0.4028974917877857,NaN,NaN,NaN,NaN,2.888888888888889,2.619372274250285,2.116452991452991,0.8003693325432227,3.230769230769231,0.3333333333333333,0.5197315382926264,2.0,5.0,1.2424242424242424,0.43519413988924466,0.0,0.0
611,1,11.0,15.0,1.3636363636363635,0.13636363636363635,0.2,0.3,0.375,0.5,0.25,0.375,0.5454545454545454,0.0,0.3333333333333333,0.5,0.5833333333333334,0.4960158727618967,0.3125,0.45806269065645216,NaN,NaN,NaN,NaN,1.875,1.7268882005337975,2.121212121212121,0.900897420140696,3.5,0.375,0.5186980037050645,2.0,4.0,1.2222222222222223,0.42779263194649864,0.0,0.0
612,1,11.0,16.0,1.4545454545454546,0.14545454545454545,0.2,0.3,0.375,0.25,0.125,0.5,0.5454545454545454,0.0,0.16666666666666666,0.3333333333333333,0.55859375,0.21419850345865762,0.2708333333333333,0.3556516487211823,NaN,NaN,NaN,NaN,2.0,0.9258200997725514,2.518181818181818,1.1677484162422844,4.2,0.5,0.7312090444371341,4.0,6.0,1.8,0.8331372318284808,0.18181818181818182,0.0
613,1,12.0,23.0,1.9166666666666667,0.17424242424242425,0.18181818181818182,0.09090909090909091,0.4444444444444444,0.3333333333333333,0.2222222222222222,0.4444444444444444,0.5833333333333334,0.0,0.2857142857142857,0.42857142857142855,0.5814814814814815,0.4640136226182467,0.31649831649831645,0.4438414182689152,NaN,NaN,NaN,NaN,2.5555555555555554,3.2829526005987013,2.25,0.8660254037844386,3.0,0.0,0.7358681786057778,2.0,4.0,1.1923076923076923,0.40191847623425014,0.16666666666666666,0.0
614,1,12.0,21.0,1.75,0.1590909090909091,0.18181818181818182,0.18181818181818182,0.1111111111111111,0.4444444444444444,0.3333333333333333,0.7777777777777778,0.5833333333333334,0.0,0.42857142857142855,0.2857142857142857,0.6656378600823045,0.36730340232752795,0.4695767195767197,0.4271268275144572,NaN,NaN,NaN,NaN,2.3333333333333335,2.06155281280883,2.063888888888889,0.7490678831739441,3.166666666666667,0.4444444444444444,0.5864339365220621,2.0,5.0,1.24,0.4358898943540673,0.0,0.0
615,1,11.0,16.0,1.4545454545454546,0.14545454545454545,0.2,0.2,0.375,0.5,0.25,0.375,0.5454545454545454,0.0,0.3333333333333333,0.3333333333333333,0.42500000000000004,0.4204117407328579,0.2916666666666667,0.45206756062017917,NaN,NaN,NaN,NaN,2.0,1.5118578920369088,2.1580086580086575,0.9428254400197217,3.571428571428571,0.375,0.5078535708578867,3.0,4.0,1.391304347826087,0.583027399541909,0.0,0.0
616,1,12.0,29.0,2.4166666666666665,0.2196969696969697,0.18181818181818182,0.09090909090909091,0.2222222222222222,0.4444444444444444,0.2222222222222222,0.4444444444444444,0.5833333333333334,0.0,0.2857142857142857,0.42857142857142855,0.40370370370370373,0.39102587455039506,0.27946127946127947,0.42445280978684224,NaN,NaN,NaN,NaN,3.2222222222222223,3.7006005518624194,2.1555555555555554,0.8308852931484406,3.2,0.2222222222222222,0.625773741092618,2.0,5.0,1.15625,0.36890203262847354,0.0,0.0
617,1,10.0,28.0,2.8,0.3111111111111111,0.2222222222222222,0.1111111111111111,0.14285714285714285,0.5714285714285714,0.2857142857142857,0.7142857142857143,0.5,0.0,0.4,0.6,0.6666666666666666,0.33333333333333337,0.44841269841269843,0.43757085594021683,NaN,NaN,NaN,NaN,4.0,3.415650255319866,1.955,0.7588185261019631,3.0,0.2857142857142857,0.5756839732327426,2.0,5.0,1.1612903225806452,0.373878250552983,0.2,0.0
618,1,11.0,12.0,1.0909090909090908,0.10909090909090909,0.2,0.4,0.25,0.625,0.25,0.375,0.5454545454545454,0.0,0.3333333333333333,0.3333333333333333,0.3125,0.4330127018922193,0.28125,0.45193038338727726,NaN,NaN,NaN,NaN,1.5,1.0690449676496976,2.0454545454545454,0.9070431482169261,4.0,0.125,0.33427896171076077,3.0,5.0,1.55,0.7591546545162482,0.0,0.0
619,1,12.0,17.0,1.4166666666666667,0.12878787878787878,0.18181818181818182,0.2727272727272727,0.2222222222222222,0.6666666666666666,0.4444444444444444,0.6666666666666666,0.5833333333333334,0.0,0.5714285714285714,0.42857142857142855,0.7666666666666667,0.3570714214271425,0.5277777777777778,0.4750730937913075,NaN,NaN,NaN,NaN,1.8888888888888888,1.536590742882148,1.9702380952380951,0.7100251722348818,3.142857142857143,0.2222222222222222,0.27460000375969756,2.0,4.0,1.2608695652173914,0.4489777585448795,0.0,0.0
62,1,11.0,20.0,1.8181818181818181,0.18181818181818182,0.2,0.3,0.25,0.375,0.125,0.75,0.5454545454545454,0.0,0.16666666666666666,0.3333333333333333,0.7139756944444444,0.15297986161391827,0.4375,0.33258845344521415,NaN,NaN,NaN,NaN,2.5,1.1952286093343936,2.1851370851370855,0.9277590457264877,3.5555555555555554,0.625,0.448230117862869,3.0,5.0,1.3666666666666667,0.5560534167675355,0.0,0.0
620,1,12.0,20.0,1.6666666666666667,0.15151515151515152,0.18181818181818182,0.2727272727272727,0.1111111111111111,0.6666666666666666,0.3333333333333333,0.6666666666666666,0.5833333333333334,0.0,0.42857142857142855,0.2857142857142857,0.6003086419753086,0.3904839422955471,0.462962962962963,0.4470410260953078,NaN,NaN,NaN,NaN,2.2222222222222223,1.7873008824606014,1.9825396825396826,0.7304303403473261,3.333333333333333,0.3333333333333333,0.3516744254840877,2.0,4.0,1.3103448275862069,0.4708236154307584,0.0,0.0
621,1,12.0,12.0,1.0,0.09090909090909091,0.18181818181818182,0.5454545454545454,0.1111111111111111,0.6666666666666666,0.2222222222222222,0.5555555555555556,0.5833333333333334,0.0,0.2857142857142857,0.14285714285714285,0.5,0.4330127018922193,0.3888888888888889,0.4166666666666667,NaN,NaN,NaN,NaN,1.3333333333333333,0.5,1.9166666666666667,0.6336522323129239,3.0,0.2222222222222222,0.30151134457776363,2.0,3.0,1.2,0.4140393356054126,0.0,0.0
622,1,11.0,16.0,1.4545454545454546,0.14545454545454545,0.2,0.3,0.25,0.375,0.125,0.75,0.5454545454545454,0.0,0.16666666666666666,0.5,0.7326388888888888,0.13684004681634104,0.4166666666666667,0.3333333333333333,NaN,NaN,NaN,NaN,2.0,0.9258200997725514,2.2424242424242427,0.9757152258831477,3.666666666666667,0.5,0.44811849458060216,3.0,5.0,1.5517241379310345,0.6858887298634484,0.0,0.0
623,1,11.0,28.0,2.5454545454545454,0.2545454545454545,0.2,0.1,0.375,0.25,0.125,0.625,0.5454545454545454,0.0,0.16666666666666666,0.3333333333333333,0.6298611111111112,0.1770306099539574,0.30000000000000004,0.35050983275386566,NaN,NaN,NaN,NaN,3.5,3.070597894314954,2.450949050949051,1.0833367790227617,3.8461538461538463,0.625,0.8602451078819121,3.0,6.0,1.4651162790697674,0.6305265074788244,0.18181818181818182,0.0
624,1,12.0,23.0,1.9166666666666667,0.17424242424242425,0.18181818181818182,0.18181818181818182,0.1111111111111111,0.5555555555555556,0.3333333333333333,0.6666666666666666,0.5833333333333334,0.0,0.42857142857142855,0.42857142857142855,0.5407407407407407,0.40475568000193296,0.41798941798941797,0.45286801960911444,NaN,NaN,NaN,NaN,2.5555555555555554,2.6034165586355513,2.0744949494949494,0.8047426603374197,3.5,0.4444444444444444,0.6197804769928111,3.0,4.0,1.3333333333333333,0.5466722735905339,0.16666666666666666,0.0
625,1,12.0,22.0,1.8333333333333333,0.16666666666666666,0.18181818181818182,0.09090909090909091,0.1111111111111111,0.4444444444444444,0.2222222222222222,0.6666666666666666,0.5833333333333334,0.0,0.2857142857142857,0.2857142857142857,0.5396825396825397,0.3657688451366004,0.3740740740740741,0.3957334181890695,NaN,NaN,NaN,NaN,2.4444444444444446,1.6666666666666667,2.1731481481481483,0.8638838816748368,3.5,0.4444444444444444,0.7244076528752477,3.0,5.0,1.457142857142857,0.6108266887567038,0.16666666666666666,0.0
626,1,11.0,17.0,1.5454545454545454,0.15454545454545454,0.2,0.3,0.25,0.25,0.125,0.375,0.5454545454545454,0.0,0.16666666666666666,0.5,0.45833333333333337,0.3969044260804033,0.22916666666666666,0.36663960939129747,NaN,NaN,NaN,NaN,2.125,1.3562026818605375,2.2803030303030303,0.9341311525160747,3.333333333333333,0.375,0.8662612173773141,3.0,5.0,1.5185185185185186,0.642732769590452,0.18181818181818182,0.0
627,1,12.0,17.0,1.4166666666666667,0.12878787878787878,0.18181818181818182,0.2727272727272727,0.5555555555555556,0.3333333333333333,0.2222222222222222,0.3333333333333333,0.5833333333333334,0.0,0.2857142857142857,0.2857142857142857,0.462962962962963,0.33101042466147185,0.24444444444444446,0.4333333333333333,NaN,NaN,NaN,NaN,1.8888888888888888,1.536590742882148,2.4464285714285716,1.1404703160292995,4.5,0.2222222222222222,0.8099073280023961,3.0,6.0,1.6944444444444444,0.6684499957554019,0.16666666666666666,0.0
628,1,10.0,14.0,1.4,0.15555555555555556,0.2222222222222222,0.3333333333333333,0.2857142857142857,0.42857142857142855,0.14285714285714285,0.42857142857142855,0.5,0.0,0.2,0.2,0.3273809523809524,0.3999627958888653,0.3095238095238095,0.4130797993547017,NaN,NaN,NaN,NaN,2.0,1.1547005383792515,2.04,0.8461678320522471,3.4,0.42857142857142855,0.48295109301228245,2.0,4.0,1.2352941176470589,0.4372373160976031,0.0,0.0
629,1,10.0,20.0,2.0,0.2222222222222222,0.2222222222222222,0.1111111111111111,0.14285714285714285,0.5714285714285714,0.2857142857142857,0.5714285714285714,0.5,0.0,0.4,0.4,0.4568452380952381,0.419798497817514,0.3531746031746032,0.45437807564417354,NaN,NaN,NaN,NaN,2.857142857142857,2.9680841985233184,1.925,0.7269609495854796,3.0,0.2857142857142857,0.49736145915484004,2.0,4.0,1.1363636363636365,0.3512500866571044,0.0,0.0
63,1,12.0,34.0,2.8333333333333335,0.25757575757575757,0.18181818181818182,0.09090909090909091,0.2222222222222222,0.3333333333333333,0.2222222222222222,0.6666666666666666,0.5833333333333334,0.0,0.2857142857142857,0.42857142857142855,0.570464135021097,0.3200001223984526,0.35970819304152635,0.3998502565225767,NaN,NaN,NaN,NaN,3.7777777777777777,3.80058475033046,2.2150462962962965,0.8707592910166859,3.4,0.5555555555555556,0.6714356231890247,2.0,7.0,1.288888888888889,0.45836776730155243,0.16666666666666666,0.0
630,1,10.0,15.0,1.5,0.16666666666666666,0.2222222222222222,0.2222222222222222,0.2857142857142857,0.42857142857142855,0.2857142857142857,0.5714285714285714,0.5,0.0,0.4,0.6,0.7714285714285712,0.38606685826112935,0.38095238095238093,0.4483951394230328,NaN,NaN,NaN,NaN,2.142857142857143,1.5735915849388864,2.066666666666667,0.8541836041681141,3.166666666666667,0.2857142857142857,0.6632850744190539,2.0,4.0,1.2352941176470589,0.4372373160976031,0.2,0.0
631,1,12.0,30.0,2.5,0.22727272727272727,0.18181818181818182,0.09090909090909091,0.1111111111111111,0.4444444444444444,0.3333333333333333,0.7777777777777778,0.5833333333333334,0.0,0.42857142857142855,0.42857142857142855,0.6962260363344374,0.31861497330124866,0.43253968253968256,0.43846063954054515,NaN,NaN,NaN,NaN,3.3333333333333335,2.5,2.1143939393939397,0.8018616424695173,3.2727272727272725,0.3333333333333333,0.6068279363959891,2.0,7.0,1.275,0.4522025867763026,0.16666666666666666,0.0
632,1,12.0,19.0,1.5833333333333333,0.14393939393939395,0.18181818181818182,0.2727272727272727,0.2222222222222222,0.4444444444444444,0.3333333333333333,0.6666666666666666,0.5833333333333334,0.0,0.42857142857142855,0.2857142857142857,0.7222222222222222,0.3410563654946854,0.4484126984126984,0.4450375152980654,NaN,NaN,NaN,NaN,2.111111111111111,2.0883273476902784,2.0879629629629632,0.762276381933857,3.0,0.3333333333333333,0.6220446697385144,2.0,5.0,1.3448275862068966,0.4837252813149745,0.0,0.0
633,1,10.0,11.0,1.1,0.12222222222222222,0.2222222222222222,0.3333333333333333,0.42857142857142855,0.2857142857142857,0.14285714285714285,0.5714285714285714,0.5,0.0,0.2,0.2,0.6428571428571429,0.1966989481173608,0.3333333333333333,0.372677996249965,NaN,NaN,NaN,NaN,1.5714285714285714,0.7867957924694431,2.425,1.2008548909571892,4.333333333333334,0.42857142857142855,0.7142135605692531,5.0,6.0,2.1,1.1249521062602224,0.0,0.0
634,1,11.0,25.0,2.272727272727273,0.22727272727272727,0.2,0.1,0.125,0.5,0.25,0.625,0.5454545454545454,0.0,0.3333333333333333,0.5,0.57421875,0.3968282257463649,0.3715277777777778,0.4238631178585559,NaN,NaN,NaN,NaN,3.125,2.997022331772464,2.0954545454545457,0.8635871862660007,3.333333333333333,0.5,0.6683991377967266,3.0,6.0,1.2903225806451613,0.5287436926083547,0.0,0.0
635,1,12.0,26.0,2.1666666666666665,0.19696969696969696,0.18181818181818182,0.09090909090909091,0.2222222222222222,0.4444444444444444,0.2222222222222222,0.5555555555555556,0.5833333333333334,0.0,0.2857142857142857,0.42857142857142855,0.5444444444444445,0.3704351795148811,0.35353535353535354,0.42774527919676075,NaN,NaN,NaN,NaN,2.888888888888889,3.1797973380564852,2.194444444444444,0.9342888326934143,3.833333333333333,0.5555555555555556,0.6648693721711672,3.0,5.0,1.3714285714285714,0.5983169672316764,0.0,0.0
636,1,12.0,27.0,2.25,0.20454545454545456,0.18181818181818182,0.09090909090909091,0.1111111111111111,0.4444444444444444,0.2222222222222222,0.6666666666666666,0.5833333333333334,0.0,0.2857142857142857,0.42857142857142855,0.5513888888888889,0.3749189727275896,0.39797979797979793,0.39805253655128586,NaN,NaN,NaN,NaN,3.0,3.3541019662496847,2.1249999999999996,0.8223604169969042,3.333333333333333,0.5555555555555556,0.6495372443325902,3.0,5.0,1.3428571428571427,0.5912527648415465,0.0,0.0
637,1,12.0,31.0,2.5833333333333335,0.23484848484848486,0.18181818181818182,0.09090909090909091,0.1111111111111111,0.3333333333333333,0.2222222222222222,0.7777777777777778,0.5833333333333334,0.0,0.2857142857142857,0.42857142857142855,0.6903703703703704,0.3338464981669462,0.4202020202020202,0.38721534169607963,NaN,NaN,NaN,NaN,3.4444444444444446,3.2829526005987013,2.1706349206349205,0.8083715592166093,3.0476190476190474,0.4444444444444444,0.7468904645953318,3.0,5.0,1.2222222222222223,0.48468611999997985,0.16666666666666666,0.0
638,1,12.0,18.0,1.5,0.13636363636363635,0.18181818181818182,0.09090909090909091,0.3333333333333333,0.4444444444444444,0.2222222222222222,0.4444444444444444,0.5833333333333334,0.0,0.2857142857142857,0.2857142857142857,0.529100529100529,0.4372108337828818,0.35185185185185186,0.4444444444444444,NaN,NaN,NaN,NaN,2.0,2.0,2.102777777777778,0.8087224409721709,3.4,0.3333333333333333,0.37424821762442867,2.0,4.0,1.3076923076923077,0.4706787243316417,0.0,0.0
639,1,11.0,30.0,2.727272727272727,0.2727272727272727,0.2,0.1,0.125,0.375,0.125,0.625,0.5454545454545454,0.0,0.16666666666666666,0.3333333333333333,0.4207899305555555,0.33624505590910775,0.3298611111111111,0.36564235834373393,NaN,NaN,NaN,NaN,3.75,2.712405363721075,2.0394605394605394,0.75015523161815,3.0769230769230766,0.625,0.582758431581191,2.0,5.0,1.1515151515151516,0.36410954062720946,0.0,0.0
64,1,11.0,13.0,1.1818181818181819,0.11818181818181818,0.2,0.4,0.125,0.625,0.375,0.5,0.5454545454545454,0.0,0.5,0.3333333333333333,0.5416666666666666,0.4341567268764397,0.41666666666666663,0.4960158727618967,NaN,NaN,NaN,NaN,1.625,0.9161253813129043,1.9696969696969695,0.7521014330903548,3.333333333333333,0.375,0.3600411499115478,2.0,4.0,1.2777777777777777,0.46088859896247675,0.0,0.0
640,1,12.0,16.0,1.3333333333333333,0.12121212121212122,0.18181818181818182,0.2727272727272727,0.3333333333333333,0.4444444444444444,0.2222222222222222,0.4444444444444444,0.5833333333333334,0.0,0.2857142857142857,0.2857142857142857,0.3611111111111111,0.4166666666666667,0.2962962962962963,0.43122707489611173,NaN,NaN,NaN,NaN,1.7777777777777777,1.6414763002993507,2.1805555555555554,0.8746090997932033,3.333333333333333,0.3333333333333333,0.5230784942158405,2.0,4.0,1.3478260869565217,0.486984753557674,0.0,0.0
641,1,12.0,16.0,1.3333333333333333,0.12121212121212122,0.18181818181818182,0.2727272727272727,0.4444444444444444,0.4444444444444444,0.2222222222222222,0.3333333333333333,0.5833333333333334,0.0,0.2857142857142857,0.42857142857142855,0.39814814814814814,0.4365620457083809,0.2962962962962963,0.4547418206595805,NaN,NaN,NaN,NaN,1.7777777777777777,1.2018504251546631,2.2083333333333335,0.8908201872772114,3.5,0.1111111111111111,0.5,2.0,5.0,1.36,0.4898979485566356,0.16666666666666666,0.0
642,1,12.0,16.0,1.3333333333333333,0.12121212121212122,0.18181818181818182,0.36363636363636365,0.4444444444444444,0.3333333333333333,0.2222222222222222,0.4444444444444444,0.5833333333333334,0.0,0.2857142857142857,0.2857142857142857,0.6875,0.3029799910885206,0.32407407407407407,0.44183260334963514,NaN,NaN,NaN,NaN,1.7777777777777777,1.0929064207170003,2.5875,1.3363436661051655,4.833333333333334,0.5555555555555556,0.9206856342080273,5.0,6.0,2.0285714285714285,1.0977440579692166,0.16666666666666666,0.0
643,1,11.0,22.0,2.0,0.2,0.2,0.1,0.25,0.5,0.375,0.625,0.6363636363636364,0.0,0.42857142857142855,0.42857142857142855,0.7268518518518519,0.37506939719749166,0.4416666666666667,0.4766783215358364,NaN,NaN,NaN,NaN,2.75,3.058944729337694,2.061771561771562,0.8387558916747698,3.5,0.375,0.6192034265190103,2.0,4.0,1.1666666666666667,0.3806934938134405,0.0,0.0
644,1,12.0,12.0,1.0,0.09090909090909091,0.18181818181818182,0.45454545454545453,0.3333333333333333,0.5555555555555556,0.3333333333333333,0.4444444444444444,0.5833333333333334,0.0,0.42857142857142855,0.42857142857142855,0.6111111111111112,0.4166666666666667,0.3888888888888889,0.4859126579037751,NaN,NaN,NaN,NaN,1.3333333333333333,0.7071067811865476,2.1666666666666665,0.9613752775282004,4.0,0.2222222222222222,0.45016831868926,3.0,4.0,1.5263157894736843,0.696692268479466,0.0,0.0
645,1,11.0,21.0,1.9090909090909092,0.19090909090909092,0.2,0.2,0.25,0.375,0.25,0.625,0.5454545454545454,0.0,0.3333333333333333,0.3333333333333333,0.5,0.36037498507822363,0.35833333333333334,0.42003401222826164,NaN,NaN,NaN,NaN,2.625,1.9955307206712847,2.3144300144300143,1.0273068001087784,3.7142857142857144,0.5,0.8755981873148789,3.0,6.0,1.5454545454545454,0.6657190234489458,0.18181818181818182,0.0
646,1,10.0,22.0,2.2,0.24444444444444444,0.2222222222222222,0.1111111111111111,0.14285714285714285,0.42857142857142855,0.14285714285714285,0.7142857142857143,0.5,0.0,0.2,0.4,0.5952380952380951,0.29868416111524393,0.3888888888888889,0.36430214023900004,NaN,NaN,NaN,NaN,3.142857142857143,2.853569193634026,2.0799999999999996,0.8691133554901558,3.333333333333333,0.42857142857142855,0.5754392679773871,3.0,4.0,1.3103448275862069,0.5413902920037097,0.0,0.0
647,1,12.0,16.0,1.3333333333333333,0.12121212121212122,0.18181818181818182,0.36363636363636365,0.3333333333333333,0.5555555555555556,0.3333333333333333,0.4444444444444444,0.5833333333333334,0.0,0.42857142857142855,0.42857142857142855,0.5046296296296295,0.4168980838834343,0.37037037037037035,0.4843221048378526,NaN,NaN,NaN,NaN,1.7777777777777777,1.0929064207170003,2.1166666666666667,0.8538090530030114,3.4,0.3333333333333333,0.3860531531240704,2.0,5.0,1.3846153846153846,0.4961389383568338,0.0,0.0
648,1,11.0,21.0,1.9090909090909092,0.19090909090909092,0.2,0.1,0.125,0.5,0.25,0.75,0.5454545454545454,0.0,0.3333333333333333,0.16666666666666666,0.6666666666666667,0.3212080372198105,0.44166666666666665,0.3947070442665684,NaN,NaN,NaN,NaN,2.625,3.0676887530703447,1.987878787878788,0.7283577764430408,3.0,0.375,0.5401547887107877,2.0,5.0,1.2,0.408248290463863,0.0,0.0
649,1,12.0,32.0,2.6666666666666665,0.24242424242424243,0.18181818181818182,0.09090909090909091,0.2222222222222222,0.3333333333333333,0.2222222222222222,0.7777777777777778,0.5833333333333334,0.0,0.2857142857142857,0.42857142857142855,0.734320987654321,0.18945050857388218,0.4064814814814815,0.384007056905321,NaN,NaN,NaN,NaN,3.5555555555555554,2.242270674512285,2.2797619047619047,0.9108184729471177,3.5,0.4444444444444444,0.7097968107199617,3.0,7.0,1.3777777777777778,0.5755980640283038,0.16666666666666666,0.0
65,1,12.0,25.0,2.0833333333333335,0.1893939393939394,0.18181818181818182,0.09090909090909091,0.2222222222222222,0.4444444444444444,0.2222222222222222,0.5555555555555556,0.5833333333333334,0.0,0.2857142857142857,0.2857142857142857,0.6158730158730159,0.30185556156107424,0.4074074074074074,0.42582526990988584,NaN,NaN,NaN,NaN,2.7777777777777777,2.1666666666666665,2.1493055555555554,0.849735983457504,3.5,0.4444444444444444,0.4420268447520823,2.0,5.0,1.3243243243243243,0.47457899787624946,0.0,0.0
650,1,12.0,22.0,1.8333333333333333,0.16666666666666666,0.18181818181818182,0.18181818181818182,0.3333333333333333,0.3333333333333333,0.2222222222222222,0.4444444444444444,0.5833333333333334,0.0,0.2857142857142857,0.42857142857142855,0.5955555555555554,0.26491088648407374,0.35185185185185186,0.4444444444444444,NaN,NaN,NaN,NaN,2.4444444444444446,1.6666666666666667,2.6737359862359864,1.3330946491258908,4.666666666666666,0.6666666666666666,0.9022346995716678,4.0,6.0,1.7272727272727273,0.8724100903534578,0.16666666666666666,0.0
651,1,12.0,18.0,1.5,0.13636363636363635,0.18181818181818182,0.2727272727272727,0.1111111111111111,0.4444444444444444,0.3333333333333333,0.6666666666666666,0.5833333333333334,0.0,0.42857142857142855,0.42857142857142855,0.7013888888888888,0.344853028275976,0.4388888888888889,0.44984565254219266,NaN,NaN,NaN,NaN,2.0,1.5,2.1488095238095237,0.8399014504725393,3.428571428571429,0.3333333333333333,0.6473414506385478,3.0,5.0,1.4827586206896552,0.6336227840855436,0.0,0.0
652,1,12.0,20.0,1.6666666666666667,0.15151515151515152,0.18181818181818182,0.2727272727272727,0.3333333333333333,0.3333333333333333,0.2222222222222222,0.6666666666666666,0.5833333333333334,0.0,0.2857142857142857,0.42857142857142855,0.8611111111111112,0.17179606773406916,0.39814814814814814,0.40349552906483194,NaN,NaN,NaN,NaN,2.2222222222222223,1.2018504251546631,2.322420634920635,0.9392967333385632,3.333333333333333,0.4444444444444444,0.748576193569942,3.0,5.0,1.3793103448275863,0.5614899250748772,0.16666666666666666,0.0
653,1,12.0,17.0,1.4166666666666667,0.12878787878787878,0.18181818181818182,0.18181818181818182,0.5555555555555556,0.3333333333333333,0.2222222222222222,0.3333333333333333,0.5833333333333334,0.0,0.2857142857142857,0.42857142857142855,0.6481481481481481,0.2421610524189263,0.2962962962962963,0.4547418206595805,NaN,NaN,NaN,NaN,1.8888888888888888,0.927960727138337,2.776785714285714,1.5222455871177567,5.0,0.4444444444444444,0.8484191236276256,5.0,6.0,2.0444444444444443,1.0650556015267159,0.16666666666666666,0.0
654,1,10.0,19.0,1.9,0.2111111111111111,0.2222222222222222,0.1111111111111111,0.14285714285714285,0.42857142857142855,0.14285714285714285,0.7142857142857143,0.5,0.0,0.2,0.2,0.4708994708994708,0.36017719418238114,0.35374149659863946,0.36768272215345665,NaN,NaN,NaN,NaN,2.7142857142857144,2.138089935299395,2.083076923076923,0.8644699819946834,3.230769230769231,0.42857142857142855,0.5817590091776269,2.0,4.0,1.28,0.45825756949558405,0.0,0.0
655,1,12.0,15.0,1.25,0.11363636363636363,0.18181818181818182,0.45454545454545453,0.1111111111111111,0.6666666666666666,0.4444444444444444,0.7777777777777778,0.5833333333333334,0.0,0.5714285714285714,0.2857142857142857,0.7638888888888888,0.3333333333333334,0.5833333333333334,0.43301270189221935,NaN,NaN,NaN,NaN,1.6666666666666667,0.9999999999999999,1.9513888888888886,0.6894390317143195,3.25,0.3333333333333333,0.34570302574692924,2.0,4.0,1.2857142857142858,0.4629100498862757,0.0,0.0
656,1,10.0,22.0,2.2,0.24444444444444444,0.2222222222222222,0.1111111111111111,0.14285714285714285,0.5714285714285714,0.2857142857142857,0.7142857142857143,0.5,0.0,0.4,0.6,0.6209523809523809,0.3392241381049053,0.4571428571428572,0.4344917361504921,NaN,NaN,NaN,NaN,3.142857142857143,2.1930626551751344,1.9525396825396826,0.7610115465274477,3.111111111111111,0.42857142857142855,0.4711129928805093,2.0,4.0,1.1923076923076923,0.40191847623425014,0.0,0.0
657,1,12.0,22.0,1.8333333333333333,0.16666666666666666,0.18181818181818182,0.2727272727272727,0.3333333333333333,0.4444444444444444,0.3333333333333333,0.6666666666666666,0.5833333333333334,0.0,0.42857142857142855,0.42857142857142855,0.8319444444444444,0.21927268902619354,0.4388888888888889,0.4498456525421926,NaN,NaN,NaN,NaN,2.4444444444444446,1.7400510848184252,2.175805675805676,0.8535183780748453,3.3636363636363633,0.3333333333333333,0.5497540941298338,2.0,5.0,1.34375,0.48255870443481425,0.0,0.0
658,1,10.0,20.0,2.0,0.2222222222222222,0.2222222222222222,0.1111111111111111,0.2857142857142857,0.2857142857142857,0.14285714285714285,0.7142857142857143,0.5,0.0,0.2,0.6,0.738095238095238,0.13372224292169432,0.3630952380952381,0.3763204266208034,NaN,NaN,NaN,NaN,2.857142857142857,2.544836041121407,2.405555555555556,1.1846931849161755,4.333333333333334,0.7142857142857143,0.8272929228797461,4.0,7.0,1.7894736842105263,0.8748094691970764,0.2,0.0
659,1,11.0,19.0,1.7272727272727273,0.17272727272727273,0.2,0.1,0.375,0.5,0.25,0.375,0.5454545454545454,0.0,0.3333333333333333,0.5,0.4375,0.4172614801981401,0.28125,0.45193038338727726,NaN,NaN,NaN,NaN,2.375,2.669269563007828,2.1114718614718613,0.8569158549817294,3.142857142857143,0.25,0.7025921360536862,3.0,5.0,1.46875,0.5670736994828461,0.18181818181818182,0.0
66,1,12.0,21.0,1.75,0.1590909090909091,0.18181818181818182,0.2727272727272727,0.2222222222222222,0.3333333333333333,0.2222222222222222,0.6666666666666666,0.5833333333333334,0.0,0.2857142857142857,0.2857142857142857,0.7,0.33166247903554,0.42962962962962964,0.40669550595980436,NaN,NaN,NaN,NaN,2.3333333333333335,1.5,2.2432539682539683,0.8674642121032275,3.2857142857142856,0.3333333333333333,0.7693341715323142,3.0,6.0,1.4857142857142858,0.6122008787696949,0.16666666666666666,0.0
660,1,11.0,15.0,1.3636363636363635,0.13636363636363635,0.2,0.4,0.25,0.375,0.125,0.625,0.5454545454545454,0.0,0.16666666666666666,0.3333333333333333,0.515625,0.2708905617192512,0.3541666666666667,0.35002834352355133,NaN,NaN,NaN,NaN,1.875,1.1259916264596033,2.1681818181818184,0.9144049232349767,3.5,0.625,0.40349662180682977,3.0,4.0,1.48,0.6531972647421808,0.0,0.0
661,1,10.0,15.0,1.5,0.16666666666666666,0.2222222222222222,0.1111111111111111,0.14285714285714285,0.5714285714285714,0.2857142857142857,0.5714285714285714,0.5,0.0,0.4,0.4,0.5,0.408248290463863,0.40476190476190477,0.44986770542121873,NaN,NaN,NaN,NaN,2.142857142857143,1.4638501094227998,1.9535714285714285,0.7777463955444043,3.2857142857142856,0.42857142857142855,0.4177779156241804,2.0,4.0,1.3,0.4701623459816272,0.0,0.0
662,1,11.0,18.0,1.6363636363636365,0.16363636363636364,0.2,0.2,0.25,0.375,0.25,0.625,0.5454545454545454,0.0,0.3333333333333333,0.5,0.5625,0.39086797998528583,0.3541666666666667,0.4196323031432039,NaN,NaN,NaN,NaN,2.25,1.3887301496588271,2.1696969696969695,0.8921203886689216,3.333333333333333,0.5,0.6730953655289768,2.0,6.0,1.3461538461538463,0.485164524037584,0.18181818181818182,0.0
663,1,12.0,18.0,1.5,0.13636363636363635,0.18181818181818182,0.2727272727272727,0.2222222222222222,0.4444444444444444,0.3333333333333333,0.5555555555555556,0.5833333333333334,0.0,0.42857142857142855,0.42857142857142855,0.6234567901234568,0.38866836781139547,0.40476190476190477,0.47380354147934284,NaN,NaN,NaN,NaN,2.0,2.0,2.2866161616161613,1.0799197472705286,4.5,0.5555555555555556,0.6525587316124616,4.0,5.0,1.6206896551724137,0.8624629641509367,0.0,0.0
664,1,11.0,37.0,3.3636363636363638,0.33636363636363636,0.2,0.1,0.125,0.25,0.125,0.875,0.5454545454545454,0.0,0.16666666666666666,0.5,0.6805448388203016,0.1495400402803413,0.3657738095238095,0.32054662956168484,NaN,NaN,NaN,NaN,4.625,2.8753881725529062,2.226839826839827,0.8874133031712043,3.2666666666666666,0.75,0.6944364159614358,2.0,6.0,1.2093023255813953,0.41162509149327114,0.0,0.0
665,1,12.0,20.0,1.6666666666666667,0.15151515151515152,0.18181818181818182,0.2727272727272727,0.4444444444444444,0.3333333333333333,0.2222222222222222,0.4444444444444444,0.5833333333333334,0.0,0.2857142857142857,0.42857142857142855,0.5634920634920635,0.3122589773477143,0.30000000000000004,0.4301162633521314,NaN,NaN,NaN,NaN,2.2222222222222223,1.6414763002993509,2.4510582010582014,1.160156633142151,4.5,0.5555555555555556,0.78945885422767,3.0,7.0,1.6666666666666667,0.6622661785325218,0.16666666666666666,0.0
666,1,12.0,33.0,2.75,0.25,0.18181818181818182,0.09090909090909091,0.2222222222222222,0.3333333333333333,0.2222222222222222,0.6666666666666666,0.5833333333333334,0.0,0.2857142857142857,0.42857142857142855,0.7314184933232553,0.20751741010136554,0.3664983164983165,0.4139917196815675,NaN,NaN,NaN,NaN,3.6666666666666665,3.3541019662496847,2.343918611581655,0.9660950106789729,3.428571428571429,0.5555555555555556,0.8734794469906654,3.0,6.0,1.3255813953488371,0.5219437222243747,0.3333333333333333,0.0
667,1,12.0,21.0,1.75,0.1590909090909091,0.18181818181818182,0.18181818181818182,0.1111111111111111,0.5555555555555556,0.3333333333333333,0.6666666666666666,0.5833333333333334,0.0,0.42857142857142855,0.2857142857142857,0.544973544973545,0.44247366340467353,0.45370370370370366,0.4431404481539949,NaN,NaN,NaN,NaN,2.3333333333333335,2.3979157616563596,1.986111111111111,0.6979708444221002,3.0,0.2222222222222222,0.5013210062651986,2.0,4.0,1.1666666666666667,0.3806934938134405,0.0,0.0
668,1,11.0,25.0,2.272727272727273,0.22727272727272727,0.2,0.1,0.125,0.5,0.375,0.75,0.5454545454545454,0.0,0.5,0.5,0.7948113207547169,0.2832658401302783,0.48035714285714287,0.4573939042810577,NaN,NaN,NaN,NaN,3.125,3.440826312717007,2.0681818181818183,0.8103652998444091,3.083333333333333,0.25,0.6196437148340435,2.0,5.0,1.1785714285714286,0.3900210277874798,0.18181818181818182,0.0
669,1,12.0,28.0,2.3333333333333335,0.21212121212121213,0.18181818181818182,0.09090909090909091,0.1111111111111111,0.3333333333333333,0.2222222222222222,0.7777777777777778,0.5833333333333334,0.0,0.2857142857142857,0.42857142857142855,0.694784580498866,0.31259502696972774,0.4296296296296297,0.37097635610658997,NaN,NaN,NaN,NaN,3.111111111111111,2.3154073315749675,2.1997354497354498,0.8371474135931097,3.2857142857142856,0.6666666666666666,0.7330493226292244,4.0,7.0,1.5909090909090908,0.8160649147167843,0.16666666666666666,0.0
67,1,12.0,22.0,1.8333333333333333,0.16666666666666666,0.18181818181818182,0.18181818181818182,0.2222222222222222,0.4444444444444444,0.3333333333333333,0.7777777777777778,0.5833333333333334,0.0,0.42857142857142855,0.2857142857142857,0.7555555555555555,0.2177457105075653,0.5092592592592592,0.40919221840711767,NaN,NaN,NaN,NaN,2.4444444444444446,1.5898986690282426,2.140873015873016,0.8451822024891343,3.5,0.3333333333333333,0.5433078033333969,3.0,5.0,1.3823529411764706,0.5512908203729235,0.0,0.0
670,1,11.0,19.0,1.7272727272727273,0.17272727272727273,0.2,0.1,0.25,0.5,0.25,0.5,0.0,0.0,NaN,NaN,0.47685185185185186,0.46657322487692715,0.3166666666666667,0.4389742733901529,NaN,NaN,NaN,NaN,2.375,3.1594529363709247,2.016317016317016,0.7631617618326846,3.0,0.25,0.5502951758443592,2.0,4.0,1.1,0.3077935056255462,0.0,0.0
671,1,12.0,22.0,1.8333333333333333,0.16666666666666666,0.18181818181818182,0.36363636363636365,0.1111111111111111,0.4444444444444444,0.2222222222222222,0.6666666666666666,0.5833333333333334,0.0,0.2857142857142857,0.2857142857142857,0.6666666666666666,0.3033379120533549,0.4629629629629629,0.4063538566202165,NaN,NaN,NaN,NaN,2.4444444444444446,1.5898986690282426,2.21875,0.9047303088866769,3.5,0.3333333333333333,0.7263590039349705,3.0,5.0,1.4166666666666667,0.554204706893452,0.16666666666666666,0.0
672,1,11.0,15.0,1.3636363636363635,0.13636363636363635,0.2,0.5,0.375,0.25,0.125,0.25,0.5454545454545454,0.0,0.16666666666666666,0.5,0.2222222222222222,0.3463083210995465,0.15625,0.35197148829333974,NaN,NaN,NaN,NaN,1.875,1.246423454758225,2.35,1.0283481900601565,4.0,0.25,0.6775656706882649,3.0,5.0,1.4545454545454546,0.670981706320262,0.0,0.0
673,1,11.0,10.0,0.9090909090909091,0.09090909090909091,0.2,0.4,0.5,0.5,0.25,0.25,0.5454545454545454,0.0,0.3333333333333333,0.5,0.3125,0.45806269065645216,0.25,0.4629100498862757,NaN,NaN,NaN,NaN,1.25,0.4629100498862757,2.5454545454545454,1.5240496293517718,5.5,0.25,0.9067647005823629,5.0,6.0,2.05,1.234376040972246,0.0,0.0
674,1,12.0,22.0,1.8333333333333333,0.16666666666666666,0.18181818181818182,0.36363636363636365,0.2222222222222222,0.3333333333333333,0.2222222222222222,0.6666666666666666,0.5833333333333334,0.0,0.2857142857142857,0.2857142857142857,0.5817901234567902,0.3104441981051896,0.3888888888888889,0.40611643103370687,NaN,NaN,NaN,NaN,2.4444444444444446,1.8782379449307742,2.2351851851851854,0.9340765839701192,4.0,0.3333333333333333,0.737671370479916,3.0,4.0,1.3666666666666667,0.6149478998583782,0.16666666666666666,0.0
675,1,12.0,21.0,1.75,0.1590909090909091,0.18181818181818182,0.2727272727272727,0.2222222222222222,0.4444444444444444,0.2222222222222222,0.5555555555555556,0.5833333333333334,0.0,0.2857142857142857,0.42857142857142855,0.5092592592592593,0.40919221840711767,0.35185185185185186,0.41201102706087017,NaN,NaN,NaN,NaN,2.3333333333333335,1.7320508075688772,2.090277777777778,0.8160776581353911,3.5,0.5555555555555556,0.475907654107491,2.0,4.0,1.2307692307692308,0.4296689244236597,0.0,0.0
676,1,11.0,25.0,2.272727272727273,0.22727272727272727,0.2,0.1,0.25,0.375,0.25,0.625,0.5454545454545454,0.0,0.3333333333333333,0.5,0.6805555555555555,0.34726190249459016,0.37916666666666665,0.4227414309720748,NaN,NaN,NaN,NaN,3.125,3.2705394924123103,2.1253246753246753,0.8331852063774053,3.2,0.5,0.6259017983873268,2.0,6.0,1.2258064516129032,0.4250237185032414,0.0,0.0
677,1,11.0,22.0,2.0,0.2,0.2,0.1,0.375,0.375,0.125,0.5,0.5454545454545454,0.0,0.16666666666666666,0.5,0.4401041666666667,0.33019119866915203,0.26458333333333334,0.37548249383240645,NaN,NaN,NaN,NaN,2.75,3.1509635714446826,2.191919191919192,0.8973086082814942,3.333333333333333,0.375,0.6574641426920297,3.0,5.0,1.4444444444444444,0.557773351022717,0.18181818181818182,0.0
678,1,12.0,25.0,2.0833333333333335,0.1893939393939394,0.18181818181818182,0.18181818181818182,0.2222222222222222,0.3333333333333333,0.2222222222222222,0.6666666666666666,0.5833333333333334,0.0,0.2857142857142857,0.42857142857142855,0.7443482443482443,0.22457021445825023,0.3925925925925926,0.3974843734796298,NaN,NaN,NaN,NaN,2.7777777777777777,2.048034287907418,2.2254419191919195,0.8580996376522748,3.3636363636363633,0.4444444444444444,0.6421371198829406,3.0,7.0,1.3428571428571427,0.5392182327416316,0.16666666666666666,0.0
679,1,12.0,16.0,1.3333333333333333,0.12121212121212122,0.18181818181818182,0.36363636363636365,0.3333333333333333,0.4444444444444444,0.2222222222222222,0.5555555555555556,0.5833333333333334,0.0,0.2857142857142857,0.42857142857142855,0.7407407407407407,0.36430214023900004,0.3888888888888889,0.42491829279939874,NaN,NaN,NaN,NaN,1.7777777777777777,1.2018504251546631,2.1666666666666665,0.915633026044735,4.0,0.2222222222222222,0.3415650255319866,3.0,4.0,1.2857142857142858,0.560611910581388,0.0,0.0
68,1,12.0,24.0,2.0,0.18181818181818182,0.18181818181818182,0.18181818181818182,0.3333333333333333,0.3333333333333333,0.2222222222222222,0.6666666666666666,0.5833333333333334,0.0,0.2857142857142857,0.42857142857142855,0.7226337448559672,0.17431469229355837,0.3777777777777778,0.4109609335312651,NaN,NaN,NaN,NaN,2.6666666666666665,1.7320508075688772,2.5858585858585856,1.2220894068340118,4.090909090909091,0.4444444444444444,0.9333571454051663,4.0,6.0,1.6956521739130435,0.8129388446970605,0.16666666666666666,0.0
680,1,11.0,19.0,1.7272727272727273,0.17272727272727273,0.2,0.1,0.25,0.625,0.375,0.5,0.5454545454545454,0.0,0.5,0.5,0.671875,0.43781876142662374,0.4027777777777778,0.5002204099732356,NaN,NaN,NaN,NaN,2.375,2.8753881725529062,2.0061983471074383,0.7893984338106961,3.25,0.25,0.5414135710995434,2.0,4.0,1.1428571428571428,0.35856858280031806,0.0,0.0
681,1,11.0,19.0,1.7272727272727273,0.17272727272727273,0.2,0.1,0.375,0.25,0.125,0.375,0.5454545454545454,0.0,0.16666666666666666,0.3333333333333333,0.2261904761904762,0.3642156795423418,0.19791666666666666,0.3505593602792045,NaN,NaN,NaN,NaN,2.375,2.38671920665766,2.3044077134986223,1.0035852750468404,4.0,0.375,0.6664431020434084,3.0,4.0,1.3333333333333333,0.5646597025732799,0.0,0.0
682,1,12.0,25.0,2.0833333333333335,0.1893939393939394,0.18181818181818182,0.09090909090909091,0.3333333333333333,0.3333333333333333,0.2222222222222222,0.5555555555555556,0.5833333333333334,0.0,0.2857142857142857,0.42857142857142855,0.6666666666666666,0.36055512754639896,0.32222222222222224,0.4176654695380556,NaN,NaN,NaN,NaN,2.7777777777777777,3.1135902820449006,2.365740740740741,1.0162700924756451,4.0,0.3333333333333333,0.798706516040424,3.0,6.0,1.3823529411764706,0.603761235285532,0.16666666666666666,0.0
683,1,12.0,33.0,2.75,0.25,0.18181818181818182,0.09090909090909091,0.1111111111111111,0.4444444444444444,0.2222222222222222,0.8888888888888888,0.5833333333333334,0.0,0.2857142857142857,0.42857142857142855,0.7754237288135594,0.16275107850497994,0.499037999037999,0.3547111745129357,NaN,NaN,NaN,NaN,3.6666666666666665,3.3166247903554,2.115079365079365,0.7859984618809992,3.0,0.2222222222222222,0.6402162365323819,2.0,6.0,1.326086956521739,0.47395957755848783,0.16666666666666666,0.0
684,1,12.0,20.0,1.6666666666666667,0.15151515151515152,0.18181818181818182,0.36363636363636365,0.1111111111111111,0.4444444444444444,0.2222222222222222,0.6666666666666666,0.5833333333333334,0.0,0.2857142857142857,0.42857142857142855,0.5833333333333334,0.43301270189221935,0.3888888888888889,0.3974746672570607,NaN,NaN,NaN,NaN,2.2222222222222223,1.3944333775567928,2.0083333333333333,0.6815201368776251,3.0,0.4444444444444444,0.48002192932362886,2.0,3.0,1.0952380952380953,0.30079260375911915,0.0,0.0
685,1,12.0,24.0,2.0,0.18181818181818182,0.18181818181818182,0.09090909090909091,0.2222222222222222,0.4444444444444444,0.2222222222222222,0.5555555555555556,0.5833333333333334,0.0,0.2857142857142857,0.42857142857142855,0.4851851851851852,0.4038395965641388,0.35353535353535354,0.42774527919676075,NaN,NaN,NaN,NaN,2.6666666666666665,3.24037034920393,2.092013888888889,0.8118178144947157,3.5,0.4444444444444444,0.5486904104004173,3.0,4.0,1.2142857142857142,0.49867549436206376,0.0,0.0
686,1,11.0,25.0,2.272727272727273,0.22727272727272727,0.2,0.1,0.125,0.625,0.375,0.75,0.5454545454545454,0.0,0.5,0.5,0.7476415094339622,0.3464006594273883,0.5011904761904762,0.46218695356462786,NaN,NaN,NaN,NaN,3.125,3.48209706929603,1.9803719008264464,0.7475181199103403,3.0,0.25,0.5790346084852713,2.0,4.0,1.1481481481481481,0.36201399289824565,0.18181818181818182,0.0
687,1,12.0,15.0,1.25,0.11363636363636363,0.18181818181818182,0.36363636363636365,0.2222222222222222,0.4444444444444444,0.2222222222222222,0.5555555555555556,0.5833333333333334,0.0,0.2857142857142857,0.2857142857142857,0.4629629629629629,0.39771725175767647,0.3703703703703704,0.4148106811963355,NaN,NaN,NaN,NaN,1.6666666666666667,1.1180339887498947,2.125,0.82915619758885,3.5,0.3333333333333333,0.5,3.0,4.0,1.4583333333333333,0.6580053301400784,0.0,0.0
688,1,12.0,18.0,1.5,0.13636363636363635,0.18181818181818182,0.36363636363636365,0.1111111111111111,0.5555555555555556,0.3333333333333333,0.7777777777777778,0.5833333333333334,0.0,0.42857142857142855,0.2857142857142857,0.6319444444444444,0.33721695950497177,0.5092592592592592,0.40919221840711767,NaN,NaN,NaN,NaN,2.0,1.118033988749895,2.0569444444444445,0.7781893752189782,3.333333333333333,0.3333333333333333,0.44827191794523635,3.0,4.0,1.4137931034482758,0.5680317759792736,0.0,0.0
689,1,12.0,26.0,2.1666666666666665,0.19696969696969696,0.18181818181818182,0.09090909090909091,0.2222222222222222,0.3333333333333333,0.2222222222222222,0.6666666666666666,0.5833333333333334,0.0,0.2857142857142857,0.42857142857142855,0.7952380952380953,0.20757382340813865,0.4166666666666667,0.4039733214513607,NaN,NaN,NaN,NaN,2.888888888888889,1.3642254619787417,2.364774114774115,0.9961915531309621,3.6153846153846154,0.5555555555555556,0.7199022772896182,2.0,6.0,1.4,0.49613893835683376,0.16666666666666666,0.0
69,1,12.0,20.0,1.6666666666666667,0.15151515151515152,0.18181818181818182,0.2727272727272727,0.2222222222222222,0.4444444444444444,0.2222222222222222,0.6666666666666666,0.5833333333333334,0.0,0.2857142857142857,0.42857142857142855,0.54320987654321,0.3212842883869902,0.3888888888888889,0.408248290463863,NaN,NaN,NaN,NaN,2.2222222222222223,1.7159383568311666,2.15,0.866491823855298,3.666666666666667,0.3333333333333333,0.49250523196081064,3.0,5.0,1.4,0.6214554662658655,0.0,0.0
690,1,12.0,20.0,1.6666666666666667,0.15151515151515152,0.18181818181818182,0.2727272727272727,0.3333333333333333,0.3333333333333333,0.2222222222222222,0.5555555555555556,0.5833333333333334,0.0,0.2857142857142857,0.42857142857142855,0.65,0.30618621784789724,0.35555555555555557,0.41866188956934897,NaN,NaN,NaN,NaN,2.2222222222222223,1.6414763002993507,2.486111111111111,1.1622390732115588,4.0,0.1111111111111111,0.7426048668734225,4.0,7.0,1.8333333333333333,0.908406985900329,0.16666666666666666,0.0
691,1,12.0,23.0,1.9166666666666667,0.17424242424242425,0.18181818181818182,0.09090909090909091,0.2222222222222222,0.4444444444444444,0.2222222222222222,0.5555555555555556,0.5833333333333334,0.0,0.2857142857142857,0.2857142857142857,0.5916666666666667,0.35222507009013426,0.335016835016835,0.41593906474514164,NaN,NaN,NaN,NaN,2.5555555555555554,3.244653722321964,2.1229575163398695,0.794677127173889,3.0588235294117645,0.3333333333333333,0.5771580950706394,2.0,4.0,1.1851851851851851,0.3958473906635696,0.0,0.0
692,1,12.0,27.0,2.25,0.20454545454545456,0.18181818181818182,0.09090909090909091,0.2222222222222222,0.4444444444444444,0.2222222222222222,0.4444444444444444,0.5833333333333334,0.0,0.2857142857142857,0.42857142857142855,0.38737717309145886,0.390269789352889,0.27946127946127947,0.42445280978684224,NaN,NaN,NaN,NaN,3.0,3.427827300200522,2.1194444444444445,0.8062205544958417,3.1,0.2222222222222222,0.6492184894472759,2.0,5.0,1.375,0.4902903378454601,0.16666666666666666,0.0
693,1,12.0,15.0,1.25,0.11363636363636363,0.18181818181818182,0.18181818181818182,0.4444444444444444,0.4444444444444444,0.2222222222222222,0.3333333333333333,0.5833333333333334,0.0,0.2857142857142857,0.42857142857142855,0.3888888888888889,0.42491829279939874,0.25,0.4330127018922193,NaN,NaN,NaN,NaN,1.6666666666666667,1.118033988749895,2.191666666666667,0.8764166021967296,3.5,0.2222222222222222,0.6397171994233821,3.0,5.0,1.4782608695652173,0.5931093121225481,0.0,0.0
694,1,12.0,32.0,2.6666666666666665,0.24242424242424243,0.18181818181818182,0.09090909090909091,0.1111111111111111,0.4444444444444444,0.2222222222222222,0.7777777777777778,0.5833333333333334,0.0,0.2857142857142857,0.42857142857142855,0.6314267854352242,0.2964915826900113,0.42500000000000004,0.3929942040850532,NaN,NaN,NaN,NaN,3.5555555555555554,3.2446537223219645,2.148949579831933,0.8413026622706916,3.428571428571429,0.4444444444444444,0.5842606827471106,3.0,6.0,1.3111111111111111,0.5144380085554183,0.16666666666666666,0.0
695,1,12.0,29.0,2.4166666666666665,0.2196969696969697,0.18181818181818182,0.09090909090909091,0.3333333333333333,0.3333333333333333,0.2222222222222222,0.5555555555555556,0.5833333333333334,0.0,0.2857142857142857,0.42857142857142855,0.5056980056980057,0.32351866874000235,0.2924242424242424,0.41321157008594583,NaN,NaN,NaN,NaN,3.2222222222222223,3.3458099833141217,2.3305555555555557,0.9529813223108838,3.5,0.3333333333333333,0.811107549609414,3.0,7.0,1.446808510638298,0.5440792237028766,0.3333333333333333,0.0
696,1,11.0,24.0,2.1818181818181817,0.21818181818181817,0.2,0.1,0.125,0.5,0.25,0.5,0.5454545454545454,0.0,0.3333333333333333,0.5,0.48611111111111105,0.38346558565168365,0.31249999999999994,0.44039574554985506,NaN,NaN,NaN,NaN,3.0,2.32992949004287,2.087878787878788,0.8396127053287693,3.3,0.25,0.5904977566800084,2.0,5.0,1.2666666666666666,0.44977644510880355,0.0,0.0
697,1,12.0,14.0,1.1666666666666667,0.10606060606060606,0.18181818181818182,0.36363636363636365,0.4444444444444444,0.3333333333333333,0.2222222222222222,0.3333333333333333,0.5833333333333334,0.0,0.2857142857142857,0.42857142857142855,0.3333333333333333,0.43301270189221935,0.2777777777777778,0.4409585518440985,NaN,NaN,NaN,NaN,1.5555555555555556,0.7264831572567789,2.3958333333333335,1.115277856397094,4.0,0.3333333333333333,0.6694367814779857,3.0,5.0,1.5416666666666667,0.6580053301400786,0.0,0.0
698,1,11.0,14.0,1.2727272727272727,0.12727272727272726,0.2,0.5,0.375,0.25,0.125,0.375,0.5454545454545454,0.0,0.16666666666666666,0.5,0.5625,0.34431321104713264,0.2708333333333333,0.39778653444294343,NaN,NaN,NaN,NaN,1.75,0.8864052604279183,2.381818181818182,1.04097856060361,3.5,0.625,0.7730345513509844,3.0,4.0,1.5454545454545454,0.6709817063202619,0.18181818181818182,0.0
699,1,12.0,25.0,2.0833333333333335,0.1893939393939394,0.18181818181818182,0.09090909090909091,0.2222222222222222,0.4444444444444444,0.2222222222222222,0.5555555555555556,0.5833333333333334,0.0,0.2857142857142857,0.2857142857142857,0.4204980842911878,0.39628874755173277,0.32575757575757575,0.41690764381463963,NaN,NaN,NaN,NaN,2.7777777777777777,3.270236145058097,2.088235294117647,0.7703412266887526,3.0588235294117645,0.3333333333333333,0.5868169174274103,2.0,5.0,1.2727272727272727,0.4522670168666455,0.16666666666666666,0.0
7,1,12.0,15.0,1.25,0.11363636363636363,0.18181818181818182,0.36363636363636365,0.5555555555555556,0.3333333333333333,0.2222222222222222,0.3333333333333333,0.5833333333333334,0.0,0.2857142857142857,0.2857142857142857,0.6296296296296297,0.31914236925211276,0.2962962962962963,0.4547418206595805,NaN,NaN,NaN,NaN,1.6666666666666667,0.8660254037844386,2.5853174603174605,1.2524335549885421,4.333333333333334,0.4444444444444444,0.7363082749931209,4.0,5.0,1.8529411764705883,0.8921323770904851,0.16666666666666666,0.0
70,1,11.0,26.0,2.3636363636363638,0.23636363636363636,0.2,0.1,0.25,0.25,0.125,0.625,0.5454545454545454,0.0,0.16666666666666666,0.5,0.4201388888888889,0.28526872247109303,0.25416666666666665,0.3293512140894917,NaN,NaN,NaN,NaN,3.25,3.011881234615431,2.33030303030303,0.9713054840956801,3.5,0.375,0.8698521340105656,3.0,7.0,1.4651162790697674,0.5915611794348886,0.18181818181818182,0.0
700,1,12.0,17.0,1.4166666666666667,0.12878787878787878,0.18181818181818182,0.2727272727272727,0.2222222222222222,0.4444444444444444,0.2222222222222222,0.4444444444444444,0.5833333333333334,0.0,0.2857142857142857,0.2857142857142857,0.3842592592592593,0.42172851251913823,0.2814814814814815,0.4239729784075314,NaN,NaN,NaN,NaN,1.8888888888888888,1.3642254619787417,2.100694444444444,0.8051009906954875,3.375,0.3333333333333333,0.5364330495659888,2.0,4.0,1.3043478260869565,0.4704719688969648,0.0,0.0
701,1,11.0,18.0,1.6363636363636365,0.16363636363636364,0.2,0.3,0.375,0.375,0.125,0.5,0.5454545454545454,0.0,0.16666666666666666,0.3333333333333333,0.4869791666666667,0.28715418729620856,0.2708333333333333,0.36663960939129747,NaN,NaN,NaN,NaN,2.25,1.8322507626258087,2.2464646464646467,0.9963119420998723,4.0,0.25,0.5112531771869323,3.0,4.0,1.4285714285714286,0.634126487474228,0.0,0.0
702,1,11.0,10.0,0.9090909090909091,0.09090909090909091,0.2,0.4,0.25,0.625,0.375,0.5,0.5454545454545454,0.0,0.5,0.16666666666666666,0.5625,0.49551560448255744,0.4375,0.49551560448255744,NaN,NaN,NaN,NaN,1.25,0.4629100498862757,1.9545454545454546,0.7229988054812212,3.0,0.125,0.23570226039551584,2.0,3.0,1.2857142857142858,0.46880723093849547,0.0,0.0
703,1,11.0,23.0,2.090909090909091,0.20909090909090908,0.2,0.1,0.125,0.5,0.375,0.75,0.5454545454545454,0.0,0.5,0.3333333333333333,0.825,0.1555272083014604,0.525,0.4457025842989848,NaN,NaN,NaN,NaN,2.875,1.7268882005337975,2.137281910009183,0.8977542813190376,3.4545454545454546,0.375,0.6109544433778434,2.0,5.0,1.34375,0.48255870443481425,0.0,0.0
704,1,12.0,18.0,1.5,0.13636363636363635,0.18181818181818182,0.36363636363636365,0.2222222222222222,0.3333333333333333,0.2222222222222222,0.5555555555555556,0.5833333333333334,0.0,0.2857142857142857,0.14285714285714285,0.5111111111111111,0.3858612300930075,0.38888888888888884,0.42491829279939874,NaN,NaN,NaN,NaN,2.0,1.0,2.2791666666666663,0.9059044534540487,3.4,0.3333333333333333,0.8365672544642363,3.0,6.0,1.5483870967741935,0.6752140242135256,0.16666666666666666,0.0
705,1,12.0,26.0,2.1666666666666665,0.19696969696969696,0.18181818181818182,0.09090909090909091,0.2222222222222222,0.3333333333333333,0.2222222222222222,0.5555555555555556,0.5833333333333334,0.0,0.2857142857142857,0.42857142857142855,0.5593869731800766,0.3842303493072587,0.335016835016835,0.41593906474514164,NaN,NaN,NaN,NaN,2.888888888888889,3.2574700476153438,2.380952380952381,1.0128019959057841,3.666666666666667,0.3333333333333333,0.8992894068612539,3.0,7.0,1.4390243902439024,0.5936657514041415,0.3333333333333333,0.0
706,1,11.0,25.0,2.272727272727273,0.22727272727272727,0.2,0.1,0.25,0.375,0.25,0.625,0.5454545454545454,0.0,0.3333333333333333,0.3333333333333333,0.5614583333333334,0.33431217886357045,0.36875,0.4250525177635616,NaN,NaN,NaN,NaN,3.125,1.9594095320493148,2.2389277389277393,0.9564011948301174,3.5,0.5,0.7305281503673017,3.0,6.0,1.3333333333333333,0.5400617248673216,0.18181818181818182,0.0
707,1,12.0,26.0,2.1666666666666665,0.19696969696969696,0.18181818181818182,0.09090909090909091,0.3333333333333333,0.4444444444444444,0.2222222222222222,0.4444444444444444,0.5833333333333334,0.0,0.2857142857142857,0.42857142857142855,0.33444444444444443,0.41058985347640753,0.27020202020202017,0.4240394536108039,NaN,NaN,NaN,NaN,2.888888888888889,3.4075080500434787,2.21875,0.9506651379668104,4.0,0.2222222222222222,0.6786758884316295,3.0,6.0,1.2941176470588236,0.5239368319955838,0.0,0.0
708,1,12.0,22.0,1.8333333333333333,0.16666666666666666,0.18181818181818182,0.09090909090909091,0.3333333333333333,0.5555555555555556,0.3333333333333333,0.4444444444444444,0.5833333333333334,0.0,0.42857142857142855,0.42857142857142855,0.4444444444444444,0.4639803635691685,0.35353535353535354,0.48838671094806657,NaN,NaN,NaN,NaN,2.4444444444444446,3.358240279934981,2.1875,0.960143218483576,4.0,0.1111111111111111,0.6797949780052895,3.0,5.0,1.2592592592592593,0.5256931389634797,0.0,0.0
709,1,12.0,23.0,1.9166666666666667,0.17424242424242425,0.18181818181818182,0.09090909090909091,0.3333333333333333,0.3333333333333333,0.2222222222222222,0.5555555555555556,0.5833333333333334,0.0,0.2857142857142857,0.42857142857142855,0.6872427983539094,0.3181595797924163,0.35185185185185186,0.4265042370217802,NaN,NaN,NaN,NaN,2.5555555555555554,1.3333333333333333,2.2927579365079365,0.9527935332429707,3.571428571428571,0.5555555555555556,0.6378699868739065,3.0,4.0,1.4722222222222223,0.5599036198240404,0.0,0.0
71,1,12.0,27.0,2.25,0.20454545454545456,0.18181818181818182,0.18181818181818182,0.1111111111111111,0.3333333333333333,0.2222222222222222,0.7777777777777778,0.5833333333333334,0.0,0.2857142857142857,0.42857142857142855,0.6201851851851852,0.3096149540204517,0.41111111111111115,0.38042374035044424,NaN,NaN,NaN,NaN,3.0,1.8708286933869707,2.243055555555556,0.8999567423199508,3.5,0.4444444444444444,0.7461916605685126,3.0,6.0,1.4390243902439024,0.5936657514041415,0.16666666666666666,0.0
710,1,11.0,26.0,2.3636363636363638,0.23636363636363636,0.2,0.1,0.125,0.375,0.25,0.75,0.5454545454545454,0.0,0.3333333333333333,0.5,0.6540798611111112,0.304203626147463,0.4,0.40266966255586867,NaN,NaN,NaN,NaN,3.25,3.011881234615431,2.166666666666667,0.8595864638818418,3.0,0.125,0.7787783551792683,2.0,6.0,1.1724137931034482,0.38442587221924474,0.0,0.0
711,1,12.0,16.0,1.3333333333333333,0.12121212121212122,0.18181818181818182,0.36363636363636365,0.2222222222222222,0.5555555555555556,0.3333333333333333,0.4444444444444444,0.5833333333333334,0.0,0.42857142857142855,0.42857142857142855,0.5061728395061729,0.4482858680337113,0.4074074074074074,0.49378857873975496,NaN,NaN,NaN,NaN,1.7777777777777777,1.2018504251546631,2.1041666666666665,0.8356974042769019,3.5,0.2222222222222222,0.6018634258146389,3.0,4.0,1.44,0.5830951894845301,0.0,0.0
712,1,12.0,19.0,1.5833333333333333,0.14393939393939395,0.18181818181818182,0.18181818181818182,0.4444444444444444,0.4444444444444444,0.3333333333333333,0.4444444444444444,0.5833333333333334,0.0,0.42857142857142855,0.2857142857142857,0.5555555555555556,0.4289845892077917,0.3611111111111111,0.4859126579037751,NaN,NaN,NaN,NaN,2.111111111111111,1.6914819275153699,2.2529761904761902,0.9630774456695848,3.7142857142857144,0.3333333333333333,0.663138488890627,3.0,5.0,1.4848484848484849,0.5657523818560178,0.0,0.0
713,1,12.0,30.0,2.5,0.22727272727272727,0.18181818181818182,0.09090909090909091,0.3333333333333333,0.4444444444444444,0.2222222222222222,0.6666666666666666,0.5833333333333334,0.0,0.2857142857142857,0.2857142857142857,0.7258487654320988,0.1819311175733695,0.42760942760942755,0.4080217353983659,NaN,NaN,NaN,NaN,3.3333333333333335,3.3541019662496847,2.1904761904761902,0.8749944782933824,3.428571428571429,0.3333333333333333,0.5750297037682579,2.0,5.0,1.275,0.4522025867763026,0.0,0.0
714,1,11.0,20.0,1.8181818181818181,0.18181818181818182,0.2,0.1,0.25,0.5,0.375,0.75,0.5454545454545454,0.0,0.5,0.3333333333333333,0.8767361111111112,0.15312685588984382,0.5458333333333334,0.4393131363230921,NaN,NaN,NaN,NaN,2.5,1.5118578920369088,2.18099173553719,0.9702960657947497,3.75,0.5,0.5687728504938463,3.0,5.0,1.4516129032258065,0.6238968759562409,0.0,0.0
715,1,12.0,26.0,2.1666666666666665,0.19696969696969696,0.18181818181818182,0.09090909090909091,0.2222222222222222,0.4444444444444444,0.2222222222222222,0.6666666666666666,0.5833333333333334,0.0,0.2857142857142857,0.42857142857142855,0.5876984126984127,0.37725559356995436,0.39814814814814814,0.3947964000986638,NaN,NaN,NaN,NaN,2.888888888888889,2.4209731743889917,2.203174603174603,0.9014368917075265,3.571428571428571,0.3333333333333333,0.6047270042711419,3.0,5.0,1.4102564102564104,0.5946227781653596,0.0,0.0
716,1,12.0,18.0,1.5,0.13636363636363635,0.18181818181818182,0.36363636363636365,0.3333333333333333,0.4444444444444444,0.2222222222222222,0.5555555555555556,0.5833333333333334,0.0,0.2857142857142857,0.2857142857142857,0.574074074074074,0.3707969187281248,0.3796296296296296,0.42718212497860275,NaN,NaN,NaN,NaN,2.0,1.3228756555322954,2.2430555555555554,1.008460631416936,4.333333333333334,0.4444444444444444,0.3740456265202872,4.0,5.0,1.6666666666666667,0.8539125638299664,0.0,0.0
717,1,12.0,25.0,2.0833333333333335,0.1893939393939394,0.18181818181818182,0.09090909090909091,0.1111111111111111,0.5555555555555556,0.3333333333333333,0.7777777777777778,0.5833333333333334,0.0,0.42857142857142855,0.2857142857142857,0.6486625514403292,0.3463990585518161,0.478395061728395,0.42030306199596323,NaN,NaN,NaN,NaN,2.7777777777777777,2.5873624493766707,2.015277777777778,0.7144065253773118,3.0,0.3333333333333333,0.5018465901049841,2.0,5.0,1.2647058823529411,0.4478110755198991,0.0,0.0
718,1,11.0,15.0,1.3636363636363635,0.13636363636363635,0.2,0.3,0.375,0.5,0.25,0.375,0.5454545454545454,0.0,0.3333333333333333,0.3333333333333333,0.3541666666666667,0.440395745549855,0.3125,0.45806269065645216,NaN,NaN,NaN,NaN,1.875,1.246423454758225,2.106060606060606,0.8764598212022146,3.333333333333333,0.375,0.45367400831445676,2.0,5.0,1.3181818181818181,0.4767312946227962,0.0,0.0
719,1,10.0,19.0,1.9,0.2111111111111111,0.2222222222222222,0.1111111111111111,0.2857142857142857,0.42857142857142855,0.14285714285714285,0.5714285714285714,0.5,0.0,0.2,0.2,0.6043290043290044,0.30255951885761806,0.31428571428571433,0.3881853045748006,NaN,NaN,NaN,NaN,2.7142857142857144,1.7994708216848745,2.206060606060606,1.0121998396846377,3.6363636363636367,0.42857142857142855,0.6906345152067433,3.0,6.0,1.4333333333333333,0.5683207771559353,0.2,0.0
72,1,10.0,26.0,2.6,0.28888888888888886,0.2222222222222222,0.1111111111111111,0.14285714285714285,0.42857142857142855,0.14285714285714285,0.7142857142857143,0.5,0.0,0.2,0.4,0.48988095238095236,0.30715434448494916,0.3531746031746032,0.3638479923704791,NaN,NaN,NaN,NaN,3.7142857142857144,2.751622897751175,1.9975,0.783944304679552,3.1,0.5714285714285714,0.5266959785741238,2.0,5.0,1.1666666666666667,0.3790490217894517,0.0,0.0
720,1,11.0,26.0,2.3636363636363638,0.23636363636363636,0.2,0.1,0.125,0.5,0.25,0.75,0.5454545454545454,0.0,0.3333333333333333,0.5,0.6161265432098766,0.31720029186539567,0.4416666666666667,0.39470704426656844,NaN,NaN,NaN,NaN,3.25,3.1959796173138706,1.981818181818182,0.7292863538134975,3.1,0.5,0.48550264727684084,2.0,5.0,1.1666666666666667,0.3790490217894517,0.0,0.0
721,1,10.0,20.0,2.0,0.2222222222222222,0.2222222222222222,0.1111111111111111,0.2857142857142857,0.42857142857142855,0.2857142857142857,0.7142857142857143,0.5,0.0,0.4,0.6,0.8761904761904761,0.18674475564923546,0.4880952380952381,0.4260840516231733,NaN,NaN,NaN,NaN,2.857142857142857,1.5735915849388862,2.1308333333333334,0.9417613030125266,3.5,0.5714285714285714,0.6150755908472879,2.0,5.0,1.32,0.47609522856952335,0.0,0.0
722,1,12.0,20.0,1.6666666666666667,0.15151515151515152,0.18181818181818182,0.2727272727272727,0.3333333333333333,0.5555555555555556,0.3333333333333333,0.5555555555555556,0.5833333333333334,0.0,0.42857142857142855,0.42857142857142855,0.6535493827160493,0.3433191120351656,0.4351851851851852,0.47466687473986285,NaN,NaN,NaN,NaN,2.2222222222222223,1.3017082793177757,2.1552579365079363,0.91155196716978,3.571428571428571,0.4444444444444444,0.4524205232660205,3.0,4.0,1.4193548387096775,0.5641627157943647,0.0,0.0
723,1,12.0,30.0,2.5,0.22727272727272727,0.18181818181818182,0.18181818181818182,0.2222222222222222,0.3333333333333333,0.2222222222222222,0.6666666666666666,0.5833333333333334,0.0,0.2857142857142857,0.42857142857142855,0.49074074074074076,0.32394177193585005,0.3251322751322751,0.40040921370864646,NaN,NaN,NaN,NaN,3.3333333333333335,3.2015621187164243,2.1970959595959596,0.8508895622453286,3.25,0.4444444444444444,0.6688760924775358,2.0,6.0,1.263157894736842,0.4462583499902144,0.0,0.0
724,1,12.0,26.0,2.1666666666666665,0.19696969696969696,0.18181818181818182,0.09090909090909091,0.3333333333333333,0.3333333333333333,0.2222222222222222,0.5555555555555556,0.5833333333333334,0.0,0.2857142857142857,0.42857142857142855,0.500755857898715,0.34046233405792686,0.3009259259259259,0.41446175864935486,NaN,NaN,NaN,NaN,2.888888888888889,2.9767618499152917,2.218711843711844,0.8618872407624887,3.2142857142857144,0.3333333333333333,0.6945799045695004,3.0,6.0,1.4390243902439024,0.5499445648338057,0.0,0.0
725,1,12.0,19.0,1.5833333333333333,0.14393939393939395,0.18181818181818182,0.18181818181818182,0.3333333333333333,0.3333333333333333,0.2222222222222222,0.4444444444444444,0.5833333333333334,0.0,0.2857142857142857,0.42857142857142855,0.4876543209876544,0.4372488501154665,0.2751322751322751,0.42576979622227484,NaN,NaN,NaN,NaN,2.111111111111111,1.9649710204252662,2.2314814814814814,0.8809090465098938,3.5,0.4444444444444444,0.6523395526266677,3.0,5.0,1.4285714285714286,0.634126487474228,0.0,0.0
726,1,9.0,11.0,1.2222222222222223,0.1527777777777778,0.25,0.25,0.3333333333333333,0.3333333333333333,0.16666666666666666,0.5,0.4444444444444444,0.0,0.25,0.5,0.46296296296296297,0.39388327321912353,0.3333333333333333,0.42163702135578396,NaN,NaN,NaN,NaN,1.8333333333333333,0.9831920802501751,2.1037037037037036,0.9381489523471863,3.333333333333333,0.3333333333333333,0.6270018445996098,3.0,4.0,1.411764705882353,0.6183469424008423,0.2222222222222222,0.0
727,1,11.0,16.0,1.4545454545454546,0.14545454545454545,0.2,0.2,0.25,0.5,0.375,0.5,0.5454545454545454,0.0,0.5,0.3333333333333333,0.5166666666666667,0.4642796092394706,0.4166666666666667,0.4960158727618966,NaN,NaN,NaN,NaN,2.0,1.7728105208558367,2.0295454545454543,0.7791676794678233,3.2,0.375,0.545473800165202,3.0,5.0,1.4166666666666667,0.5835920751217648,0.0,0.0
728,1,12.0,19.0,1.5833333333333333,0.14393939393939395,0.18181818181818182,0.09090909090909091,0.3333333333333333,0.4444444444444444,0.2222222222222222,0.5555555555555556,0.5833333333333334,0.0,0.2857142857142857,0.42857142857142855,0.6878306878306879,0.327423037218036,0.4074074074074074,0.42582526990988584,NaN,NaN,NaN,NaN,2.111111111111111,1.9649710204252662,2.1988636363636362,0.9177851303298314,3.6363636363636367,0.4444444444444444,0.4198623284470377,3.0,5.0,1.4333333333333333,0.6260623155792925,0.0,0.0
729,1,12.0,16.0,1.3333333333333333,0.12121212121212122,0.18181818181818182,0.36363636363636365,0.3333333333333333,0.4444444444444444,0.2222222222222222,0.4444444444444444,0.5833333333333334,0.0,0.2857142857142857,0.42857142857142855,0.5111111111111111,0.434293807359846,0.30000000000000004,0.4301162633521314,NaN,NaN,NaN,NaN,1.7777777777777777,1.3944333775567928,2.1458333333333335,0.8288706263051642,3.25,0.2222222222222222,0.42297310789221576,2.0,4.0,1.3043478260869565,0.4704719688969648,0.0,0.0
73,1,12.0,20.0,1.6666666666666667,0.15151515151515152,0.18181818181818182,0.2727272727272727,0.1111111111111111,0.5555555555555556,0.3333333333333333,0.6666666666666666,0.5833333333333334,0.0,0.42857142857142855,0.42857142857142855,0.6557239057239056,0.3686349762844413,0.4574074074074074,0.4560634025664566,NaN,NaN,NaN,NaN,2.2222222222222223,1.563471919941143,2.02281746031746,0.7220797415075303,3.0,0.3333333333333333,0.5733299090647873,2.0,4.0,1.2083333333333333,0.4148511169990534,0.16666666666666666,0.0
730,1,11.0,13.0,1.1818181818181819,0.11818181818181818,0.2,0.4,0.375,0.375,0.25,0.5,0.6363636363636364,0.0,0.2857142857142857,0.42857142857142855,0.6666666666666666,0.3450327796711771,0.375,0.45206756062017917,NaN,NaN,NaN,NaN,1.625,0.9161253813129043,2.234848484848485,1.0677196507160729,4.333333333333334,0.625,0.34216401158831833,4.0,5.0,1.7857142857142858,0.8758971213537393,0.0,0.0
731,1,12.0,29.0,2.4166666666666665,0.2196969696969697,0.18181818181818182,0.09090909090909091,0.2222222222222222,0.4444444444444444,0.2222222222222222,0.5555555555555556,0.5833333333333334,0.0,0.2857142857142857,0.42857142857142855,0.4444444444444444,0.3755782578608322,0.32575757575757575,0.41690764381463963,NaN,NaN,NaN,NaN,3.2222222222222223,3.231786571610886,2.1524305555555556,0.8304884362342773,3.166666666666667,0.4444444444444444,0.6645209015000038,2.0,6.0,1.2894736842105263,0.45960586739381004,0.0,0.0
732,1,11.0,24.0,2.1818181818181817,0.21818181818181817,0.2,0.1,0.25,0.375,0.25,0.75,0.5454545454545454,0.0,0.3333333333333333,0.3333333333333333,0.7442129629629629,0.2275963649318634,0.43125,0.40887354935857534,NaN,NaN,NaN,NaN,3.0,3.070597894314954,2.1050420168067228,0.8077527562428072,3.0,0.375,0.6302362428484396,2.0,4.0,1.1538461538461537,0.36794648440311994,0.0,0.0
733,1,12.0,20.0,1.6666666666666667,0.15151515151515152,0.18181818181818182,0.18181818181818182,0.3333333333333333,0.4444444444444444,0.2222222222222222,0.4444444444444444,0.5833333333333334,0.0,0.2857142857142857,0.42857142857142855,0.3958333333333333,0.41926274578121053,0.30246913580246915,0.42953383350900753,NaN,NaN,NaN,NaN,2.2222222222222223,2.6352313834736494,2.2222222222222223,0.9563275012056746,4.0,0.3333333333333333,0.549770685847785,3.0,4.0,1.3076923076923077,0.5491251783869153,0.0,0.0
734,1,11.0,26.0,2.3636363636363638,0.23636363636363636,0.2,0.1,0.125,0.5,0.375,0.875,0.5454545454545454,0.0,0.5,0.3333333333333333,0.8069444444444445,0.17846469473347928,0.5607142857142857,0.4074281929693917,NaN,NaN,NaN,NaN,3.25,2.2519832529192065,2.078943278943279,0.8279689071296922,3.333333333333333,0.5,0.6373228317677183,3.0,5.0,1.303030303030303,0.5294365215047319,0.0,0.0
735,1,12.0,35.0,2.9166666666666665,0.26515151515151514,0.18181818181818182,0.09090909090909091,0.1111111111111111,0.4444444444444444,0.3333333333333333,0.7777777777777778,0.5833333333333334,0.0,0.42857142857142855,0.42857142857142855,0.8124691358024693,0.18465017624073335,0.47760942760942754,0.43689320886394367,NaN,NaN,NaN,NaN,3.888888888888889,3.140240613569462,2.2170063732563734,0.8921105162291235,3.2727272727272725,0.4444444444444444,0.716030574185744,2.0,6.0,1.2727272727272727,0.4505106334669666,0.0,0.0
736,1,12.0,22.0,1.8333333333333333,0.16666666666666666,0.18181818181818182,0.18181818181818182,0.3333333333333333,0.3333333333333333,0.2222222222222222,0.5555555555555556,0.5833333333333334,0.0,0.2857142857142857,0.2857142857142857,0.6407407407407406,0.24254311058825637,0.35185185185185186,0.4265042370217802,NaN,NaN,NaN,NaN,2.4444444444444446,1.5898986690282426,2.3208333333333333,0.9920676551139204,3.833333333333333,0.4444444444444444,0.553503968022491,3.0,5.0,1.5,0.6546536707079771,0.0,0.0
737,1,12.0,20.0,1.6666666666666667,0.15151515151515152,0.18181818181818182,0.09090909090909091,0.4444444444444444,0.3333333333333333,0.2222222222222222,0.4444444444444444,0.5833333333333334,0.0,0.2857142857142857,0.42857142857142855,0.43827160493827155,0.3843429181577271,0.2814814814814815,0.4239729784075314,NaN,NaN,NaN,NaN,2.2222222222222223,1.9860625479688307,2.3861111111111115,1.0507773297102467,4.0,0.2222222222222222,0.6941779605660731,3.0,7.0,1.6216216216216217,0.7207770248277338,0.0,0.0
738,1,12.0,16.0,1.3333333333333333,0.12121212121212122,0.18181818181818182,0.36363636363636365,0.3333333333333333,0.4444444444444444,0.2222222222222222,0.5555555555555556,0.5833333333333334,0.0,0.2857142857142857,0.42857142857142855,0.6666666666666666,0.33333333333333337,0.3888888888888889,0.42491829279939874,NaN,NaN,NaN,NaN,1.7777777777777777,1.2018504251546631,2.222222222222222,1.0083823763012805,4.333333333333334,0.4444444444444444,0.3542075139843351,4.0,5.0,1.6896551724137931,0.8905635565617211,0.0,0.0
739,1,12.0,24.0,2.0,0.18181818181818182,0.18181818181818182,0.09090909090909091,0.3333333333333333,0.4444444444444444,0.2222222222222222,0.5555555555555556,0.5833333333333334,0.0,0.2857142857142857,0.42857142857142855,0.5573476702508962,0.3952167185542789,0.33024691358024694,0.4153786677066288,NaN,NaN,NaN,NaN,2.6666666666666665,2.6925824035672523,2.1630952380952384,0.8432303451406301,3.2142857142857144,0.3333333333333333,0.5883364900254068,2.0,5.0,1.303030303030303,0.4666937221594376,0.16666666666666666,0.0
74,1,11.0,24.0,2.1818181818181817,0.21818181818181817,0.2,0.1,0.125,0.5,0.25,0.75,0.5454545454545454,0.0,0.3333333333333333,0.3333333333333333,0.5787037037037037,0.32739230913977235,0.43125,0.3990502116633588,NaN,NaN,NaN,NaN,3.0,3.0237157840738176,1.996969696969697,0.732189190101172,3.0,0.375,0.5452012141669775,2.0,5.0,1.2580645161290323,0.4448027229745693,0.0,0.0
740,1,12.0,22.0,1.8333333333333333,0.16666666666666666,0.18181818181818182,0.36363636363636365,0.3333333333333333,0.3333333333333333,0.2222222222222222,0.6666666666666666,0.5833333333333334,0.0,0.2857142857142857,0.42857142857142855,0.7304526748971193,0.17448511142101938,0.38333333333333336,0.40858835573770885,NaN,NaN,NaN,NaN,2.4444444444444446,1.5092308563562362,2.537806637806638,1.188964434330968,4.333333333333334,0.5555555555555556,0.8523243789422086,4.0,5.0,1.7142857142857142,0.8050364114084404,0.16666666666666666,0.0
741,1,11.0,23.0,2.090909090909091,0.20909090909090908,0.2,0.1,0.25,0.375,0.125,0.5,0.5454545454545454,0.0,0.16666666666666666,0.5,0.25925925925925924,0.348564425227526,0.21666666666666665,0.3413325892849034,NaN,NaN,NaN,NaN,2.875,3.226563851175781,2.173160173160173,0.950062112129376,4.0,0.375,0.6231315002098162,3.0,5.0,1.2,0.5,0.0,0.0
742,1,12.0,20.0,1.6666666666666667,0.15151515151515152,0.18181818181818182,0.2727272727272727,0.2222222222222222,0.4444444444444444,0.3333333333333333,0.5555555555555556,0.5833333333333334,0.0,0.42857142857142855,0.42857142857142855,0.632716049382716,0.42713194795077014,0.39814814814814814,0.4672945511461312,NaN,NaN,NaN,NaN,2.2222222222222223,1.7873008824606014,2.119047619047619,0.8185768303652898,3.428571428571429,0.3333333333333333,0.7684710782238946,3.0,5.0,1.4285714285714286,0.5727497953228164,0.16666666666666666,0.0
743,1,11.0,14.0,1.2727272727272727,0.12727272727272726,0.2,0.2,0.125,0.5,0.375,0.375,0.5454545454545454,0.0,0.5,0.5,0.65625,0.3994974521642338,0.375,0.5175491695067657,NaN,NaN,NaN,NaN,1.75,1.164964745021435,2.090909090909091,0.8386948735440625,3.25,0.25,0.5898057978020215,3.0,4.0,1.5,0.6725927091345493,0.0,0.0
744,1,12.0,23.0,1.9166666666666667,0.17424242424242425,0.18181818181818182,0.18181818181818182,0.2222222222222222,0.4444444444444444,0.2222222222222222,0.4444444444444444,0.5833333333333334,0.0,0.2857142857142857,0.42857142857142855,0.6222222222222222,0.34268141991586815,0.32407407407407407,0.4418326033496352,NaN,NaN,NaN,NaN,2.5555555555555554,2.0069324297987157,2.18482905982906,0.8693139375696654,3.3846153846153846,0.3333333333333333,0.5601725832193569,2.0,5.0,1.3333333333333333,0.478713553878169,0.0,0.0
745,1,12.0,28.0,2.3333333333333335,0.21212121212121213,0.18181818181818182,0.09090909090909091,0.2222222222222222,0.3333333333333333,0.2222222222222222,0.5555555555555556,0.5833333333333334,0.0,0.2857142857142857,0.42857142857142855,0.49600893997445705,0.36184780591731097,0.335016835016835,0.41593906474514164,NaN,NaN,NaN,NaN,3.111111111111111,3.1402406135694623,2.1903594771241828,0.847328825033454,3.333333333333333,0.6666666666666666,0.6312343787999414,2.0,6.0,1.325,0.47434164902525683,0.16666666666666666,0.0
746,1,11.0,26.0,2.3636363636363638,0.23636363636363636,0.2,0.1,0.125,0.375,0.125,0.75,0.5454545454545454,0.0,0.16666666666666666,0.5,0.6377840909090908,0.2953014470415267,0.4083333333333333,0.3402846614140149,NaN,NaN,NaN,NaN,3.25,3.011881234615431,2.121212121212121,0.8468599159080072,3.333333333333333,0.375,0.656460334628202,3.0,6.0,1.435897435897436,0.6405126152203485,0.18181818181818182,0.0
747,1,12.0,17.0,1.4166666666666667,0.12878787878787878,0.18181818181818182,0.2727272727272727,0.3333333333333333,0.4444444444444444,0.2222222222222222,0.5555555555555556,0.5833333333333334,0.0,0.2857142857142857,0.42857142857142855,0.6296296296296295,0.32034896096307763,0.3611111111111111,0.42491829279939874,NaN,NaN,NaN,NaN,1.8888888888888888,1.1666666666666667,2.343253968253968,1.152084785979343,4.5,0.3333333333333333,0.5712498261521705,4.0,5.0,1.71875,0.9240295694193397,0.0,0.0
748,1,10.0,9.0,0.9,0.1,0.2222222222222222,0.4444444444444444,0.2857142857142857,0.7142857142857143,0.42857142857142855,0.5714285714285714,0.5,0.0,0.6,0.4,0.7857142857142857,0.39339789623472154,0.5,0.5,NaN,NaN,NaN,NaN,1.2857142857142858,0.48795003647426666,1.95,0.83166499665831,3.5,0.14285714285714285,0.25,3.0,4.0,1.3846153846153846,0.6504436355879909,0.0,0.0
749,1,11.0,18.0,1.6363636363636365,0.16363636363636364,0.2,0.1,0.375,0.5,0.25,0.5,0.5454545454545454,0.0,0.3333333333333333,0.3333333333333333,0.5694444444444444,0.41653437053167075,0.3375,0.4438065859293728,NaN,NaN,NaN,NaN,2.25,3.1509635714446826,2.090909090909091,0.8312094145936334,3.0,0.0,0.5940885257860046,2.0,4.0,1.1904761904761905,0.40237390808147827,0.0,0.0
75,1,11.0,21.0,1.9090909090909092,0.19090909090909092,0.2,0.1,0.25,0.375,0.25,0.5,0.5454545454545454,0.0,0.3333333333333333,0.5,0.375,0.44320263021395917,0.30625,0.43951068571440083,NaN,NaN,NaN,NaN,2.625,3.1594529363709247,2.1975524475524475,0.9610033476030961,4.0,0.375,0.6352449979199847,3.0,4.0,1.2173913043478262,0.518434859512082,0.0,0.0
750,1,12.0,28.0,2.3333333333333335,0.21212121212121213,0.18181818181818182,0.09090909090909091,0.2222222222222222,0.3333333333333333,0.2222222222222222,0.6666666666666666,0.5833333333333334,0.0,0.2857142857142857,0.2857142857142857,0.7445326278659612,0.18846843813697647,0.42760942760942755,0.4080217353983659,NaN,NaN,NaN,NaN,3.111111111111111,3.1402406135694623,2.340191511387163,0.9645025398220456,3.571428571428571,0.3333333333333333,0.784668098358151,3.0,6.0,1.441860465116279,0.6287677132370127,0.16666666666666666,0.0
751,1,10.0,19.0,1.9,0.2111111111111111,0.2222222222222222,0.1111111111111111,0.2857142857142857,0.42857142857142855,0.14285714285714285,0.5714285714285714,0.5,0.0,0.2,0.6,0.45089285714285715,0.2974813669635061,0.28174603174603174,0.3665644398140049,NaN,NaN,NaN,NaN,2.7142857142857144,2.984084768360628,2.152857142857143,0.9993660121816507,4.0,0.2857142857142857,0.6052343585047397,3.0,5.0,1.4814814814814814,0.7529618628798984,0.0,0.0
752,1,12.0,19.0,1.5833333333333333,0.14393939393939395,0.18181818181818182,0.09090909090909091,0.3333333333333333,0.5555555555555556,0.4444444444444444,0.4444444444444444,0.5833333333333334,0.0,0.5714285714285714,0.42857142857142855,0.7444444444444444,0.3669506476050666,0.4444444444444444,0.5270462766947299,NaN,NaN,NaN,NaN,2.111111111111111,1.5365907428821477,2.182638888888889,0.948433439444877,3.625,0.4444444444444444,0.5422181927517806,3.0,5.0,1.4838709677419355,0.625617974056345,0.0,0.0
753,1,12.0,35.0,2.9166666666666665,0.26515151515151514,0.18181818181818182,0.09090909090909091,0.1111111111111111,0.3333333333333333,0.2222222222222222,0.8888888888888888,0.5833333333333334,0.0,0.2857142857142857,0.42857142857142855,0.7883991429445975,0.13412466409361823,0.4388888888888889,0.3780202449017189,NaN,NaN,NaN,NaN,3.888888888888889,2.6666666666666665,2.3357007575757573,0.9570800247241059,3.5,0.4444444444444444,0.7980909940325638,3.0,7.0,1.3846153846153846,0.5296630876560489,0.3333333333333333,0.0
754,1,11.0,14.0,1.2727272727272727,0.12727272727272726,0.2,0.5,0.25,0.375,0.25,0.5,0.5454545454545454,0.0,0.3333333333333333,0.16666666666666666,0.375,0.4225771273642583,0.34375,0.4419417382415922,NaN,NaN,NaN,NaN,1.75,1.164964745021435,2.0606060606060606,0.7683775376753543,3.0,0.375,0.566812090799011,2.0,5.0,1.3157894736842106,0.47756693294091923,0.0,0.0
755,1,11.0,26.0,2.3636363636363638,0.23636363636363636,0.2,0.2,0.125,0.375,0.25,0.625,0.5454545454545454,0.0,0.3333333333333333,0.5,0.5909090909090908,0.3186453025035142,0.36160714285714285,0.4287574001265346,NaN,NaN,NaN,NaN,3.25,2.1213203435596424,2.2340909090909093,0.9383085738700142,3.416666666666667,0.5,0.8025248618243261,2.0,7.0,1.3513513513513513,0.48397751418246104,0.18181818181818182,0.0
756,1,12.0,21.0,1.75,0.1590909090909091,0.18181818181818182,0.18181818181818182,0.2222222222222222,0.4444444444444444,0.3333333333333333,0.5555555555555556,0.5833333333333334,0.0,0.42857142857142855,0.42857142857142855,0.6742424242424243,0.285451288342738,0.42063492063492064,0.4662656197039557,NaN,NaN,NaN,NaN,2.3333333333333335,1.9999999999999998,2.1884920634920633,0.8749036718972507,3.428571428571429,0.3333333333333333,0.6471157341238196,3.0,6.0,1.5405405405405406,0.6495551723463696,0.16666666666666666,0.0
757,1,12.0,21.0,1.75,0.1590909090909091,0.18181818181818182,0.2727272727272727,0.2222222222222222,0.4444444444444444,0.3333333333333333,0.6666666666666666,0.5833333333333334,0.0,0.42857142857142855,0.42857142857142855,0.788888888888889,0.22000631304073479,0.4666666666666667,0.44440972086577946,NaN,NaN,NaN,NaN,2.3333333333333335,1.5811388300841898,2.1547619047619047,0.822815505199546,3.0,0.1111111111111111,0.6524976309583197,3.0,5.0,1.3214285714285714,0.5479640045336466,0.16666666666666666,0.0
758,1,11.0,23.0,2.090909090909091,0.20909090909090908,0.2,0.1,0.25,0.375,0.25,0.625,0.5454545454545454,0.0,0.3333333333333333,0.5,0.7025462962962963,0.2759724180497055,0.4,0.42426406871192857,NaN,NaN,NaN,NaN,2.875,3.044315545875155,2.1961580086580086,0.9050364309246135,3.428571428571429,0.375,0.7048499344999303,2.0,5.0,1.2222222222222223,0.4236592728681617,0.0,0.0
759,1,12.0,11.0,0.9166666666666666,0.08333333333333333,0.18181818181818182,0.45454545454545453,0.4444444444444444,0.3333333333333333,0.2222222222222222,0.3333333333333333,0.5833333333333334,0.0,0.2857142857142857,0.42857142857142855,0.4444444444444444,0.4639803635691685,0.2777777777777778,0.4409585518440985,NaN,NaN,NaN,NaN,1.2222222222222223,0.4409585518440984,2.2916666666666665,0.98761267097926,4.0,0.3333333333333333,0.41560470729681676,3.0,5.0,1.619047619047619,0.7400128699009549,0.0,0.0
76,1,12.0,37.0,3.0833333333333335,0.2803030303030303,0.18181818181818182,0.09090909090909091,0.2222222222222222,0.3333333333333333,0.2222222222222222,0.7777777777777778,0.5833333333333334,0.0,0.2857142857142857,0.42857142857142855,0.7235743680188125,0.16766688011480546,0.3998316498316498,0.3937167526771485,NaN,NaN,NaN,NaN,4.111111111111111,3.370624736026114,2.2465313299232736,0.8792882072302641,3.3529411764705883,0.4444444444444444,0.65137416966709,2.0,7.0,1.2173913043478262,0.41702882811414954,0.0,0.0
760,1,11.0,18.0,1.6363636363636365,0.16363636363636364,0.2,0.1,0.25,0.5,0.25,0.5,0.5454545454545454,0.0,0.3333333333333333,0.16666666666666666,0.4131944444444444,0.4171789179226137,0.35416666666666663,0.44039574554985506,NaN,NaN,NaN,NaN,2.25,1.9086270308410553,2.005050505050505,0.7651573490459999,3.2222222222222223,0.375,0.38312725350035814,2.0,4.0,1.25,0.4423258684646914,0.0,0.0
761,1,12.0,19.0,1.5833333333333333,0.14393939393939395,0.18181818181818182,0.45454545454545453,0.3333333333333333,0.3333333333333333,0.2222222222222222,0.5555555555555556,0.5833333333333334,0.0,0.2857142857142857,0.2857142857142857,0.55,0.39999999999999997,0.3277777777777778,0.41616636630612575,NaN,NaN,NaN,NaN,2.111111111111111,1.69148192751537,2.25,0.8747293953855187,3.333333333333333,0.3333333333333333,0.7262595207554798,3.0,5.0,1.4482758620689655,0.6316761657092368,0.16666666666666666,0.0
762,1,12.0,24.0,2.0,0.18181818181818182,0.18181818181818182,0.09090909090909091,0.2222222222222222,0.4444444444444444,0.3333333333333333,0.5555555555555556,0.5833333333333334,0.0,0.42857142857142855,0.42857142857142855,0.7037037037037037,0.35321222155637555,0.41111111111111115,0.4702245326555295,NaN,NaN,NaN,NaN,2.6666666666666665,2.345207879911715,2.218152218152218,0.9057543445786198,3.5384615384615383,0.3333333333333333,0.6485836667183505,3.0,5.0,1.375,0.5535807194106618,0.0,0.0
763,1,11.0,26.0,2.3636363636363638,0.23636363636363636,0.2,0.1,0.25,0.375,0.25,0.625,0.5454545454545454,0.0,0.3333333333333333,0.5,0.65625,0.3286501372256106,0.3375,0.4255481991987158,NaN,NaN,NaN,NaN,3.25,2.1213203435596424,2.404020979020979,1.154999569195293,4.0,0.375,0.787546878910434,3.0,7.0,1.5348837209302326,0.6672201467675355,0.18181818181818182,0.0
764,1,11.0,27.0,2.4545454545454546,0.24545454545454545,0.2,0.1,0.25,0.375,0.25,0.5,0.5454545454545454,0.0,0.3333333333333333,0.5,0.6445473251028806,0.36642313290712114,0.3166666666666667,0.4389742733901529,NaN,NaN,NaN,NaN,3.375,3.2486260832190936,2.1982093663911844,0.9015334396367135,3.3636363636363633,0.375,0.705854408596055,3.0,6.0,1.2941176470588236,0.5239368319955838,0.0,0.0
765,1,11.0,19.0,1.7272727272727273,0.17272727272727273,0.2,0.2,0.125,0.5,0.375,0.5,0.5454545454545454,0.0,0.5,0.3333333333333333,0.6916666666666667,0.38037158106585683,0.4583333333333333,0.5019802057692385,NaN,NaN,NaN,NaN,2.375,1.5059406173077154,2.043290043290043,0.7997886754488406,3.142857142857143,0.25,0.4750194456690952,2.0,4.0,1.28,0.4582575694955841,0.0,0.0
766,1,11.0,20.0,1.8181818181818181,0.18181818181818182,0.2,0.2,0.125,0.625,0.375,0.625,0.5454545454545454,0.0,0.5,0.5,0.6458333333333334,0.4249182927993987,0.4444444444444445,0.4751310967331989,NaN,NaN,NaN,NaN,2.5,2.7774602993176543,1.9570247933884297,0.7175381570075791,3.0,0.25,0.4858824700322554,2.0,4.0,1.2962962962962963,0.4653216269680752,0.0,0.0
767,1,12.0,24.0,2.0,0.18181818181818182,0.18181818181818182,0.09090909090909091,0.2222222222222222,0.4444444444444444,0.3333333333333333,0.5555555555555556,0.5833333333333334,0.0,0.42857142857142855,0.42857142857142855,0.6111111111111112,0.4304995483285797,0.38131313131313127,0.4726204230449158,NaN,NaN,NaN,NaN,2.6666666666666665,3.278719262151,2.0722222222222224,0.7500617258550076,3.0,0.3333333333333333,0.5937527014939814,2.0,6.0,1.3235294117647058,0.47485807993381707,0.0,0.0
768,1,12.0,23.0,1.9166666666666667,0.17424242424242425,0.18181818181818182,0.18181818181818182,0.2222222222222222,0.5555555555555556,0.4444444444444444,0.6666666666666666,0.5833333333333334,0.0,0.5714285714285714,0.2857142857142857,0.6759259259259259,0.37371177908538084,0.49444444444444446,0.48762462794425976,NaN,NaN,NaN,NaN,2.5555555555555554,2.5549516194593154,2.1001984126984126,0.8186942119441952,3.2857142857142856,0.2222222222222222,0.729630796984121,3.0,6.0,1.3548387096774193,0.5506594287321455,0.16666666666666666,0.0
769,1,11.0,19.0,1.7272727272727273,0.17272727272727273,0.2,0.2,0.25,0.5,0.375,0.625,0.5454545454545454,0.0,0.5,0.5,0.7416666666666667,0.3540020625892741,0.42083333333333334,0.48564717090000076,NaN,NaN,NaN,NaN,2.375,2.065879266282796,2.112987012987013,0.8635582427317694,3.2857142857142856,0.375,0.6806456010147204,3.0,5.0,1.4074074074074074,0.5723943812052383,0.0,0.0
77,1,10.0,15.0,1.5,0.16666666666666666,0.2222222222222222,0.3333333333333333,0.14285714285714285,0.42857142857142855,0.2857142857142857,0.7142857142857143,0.5,0.0,0.4,0.2,0.6714285714285715,0.3773340063934768,0.4571428571428572,0.42370250120079483,NaN,NaN,NaN,NaN,2.142857142857143,1.6761634196950517,2.0833333333333335,0.8579691784155834,3.0,0.14285714285714285,0.7771539448322026,3.0,5.0,1.380952380952381,0.5895922723535711,0.2,0.0
770,1,11.0,19.0,1.7272727272727273,0.17272727272727273,0.2,0.2,0.25,0.5,0.25,0.5,0.5454545454545454,0.0,0.3333333333333333,0.16666666666666666,0.44965277777777773,0.4250439273387499,0.3125,0.43813729094233206,NaN,NaN,NaN,NaN,2.375,1.9955307206712847,2.0295454545454543,0.7730473935841662,3.125,0.375,0.5187387707514272,2.0,5.0,1.2173913043478262,0.42174116783665,0.0,0.0
771,1,11.0,21.0,1.9090909090909092,0.19090909090909092,0.2,0.2,0.5,0.25,0.125,0.25,0.5454545454545454,0.0,0.16666666666666666,0.3333333333333333,0.2643229166666667,0.3284112744011232,0.15,0.3505098327538656,NaN,NaN,NaN,NaN,2.625,2.065879266282796,2.2808080808080806,0.9453471621656195,3.5555555555555554,0.5,0.5757121194177212,2.0,6.0,1.3333333333333333,0.4794633014853841,0.0,0.0
772,1,12.0,12.0,1.0,0.09090909090909091,0.18181818181818182,0.45454545454545453,0.4444444444444444,0.4444444444444444,0.2222222222222222,0.4444444444444444,0.5833333333333334,0.0,0.2857142857142857,0.2857142857142857,0.6481481481481481,0.41201102706087017,0.35185185185185186,0.4444444444444444,NaN,NaN,NaN,NaN,1.3333333333333333,0.7071067811865476,2.125,0.8012773892638271,3.0,0.1111111111111111,0.21320071635561044,2.0,3.0,1.368421052631579,0.4955946277833521,0.0,0.0
773,1,12.0,27.0,2.25,0.20454545454545456,0.18181818181818182,0.18181818181818182,0.2222222222222222,0.3333333333333333,0.2222222222222222,0.5555555555555556,0.5833333333333334,0.0,0.2857142857142857,0.42857142857142855,0.6148148148148148,0.32703541168171246,0.36851851851851847,0.4249546090502919,NaN,NaN,NaN,NaN,3.0,1.5811388300841898,2.22885101010101,0.8728835600474867,3.3636363636363633,0.5555555555555556,0.6647348246526377,3.0,6.0,1.4285714285714286,0.5474043916011735,0.16666666666666666,0.0
774,1,11.0,28.0,2.5454545454545454,0.2545454545454545,0.2,0.1,0.125,0.5,0.25,0.75,0.5454545454545454,0.0,0.3333333333333333,0.3333333333333333,0.6085937499999999,0.32087497528751413,0.4340277777777778,0.4071499156230873,NaN,NaN,NaN,NaN,3.5,2.6186146828319083,2.058333333333333,0.8063894151642175,3.3,0.5,0.4867995880424339,2.0,4.0,1.2058823529411764,0.41042563012190475,0.0,0.0
775,1,11.0,15.0,1.3636363636363635,0.13636363636363635,0.2,0.3,0.25,0.625,0.375,0.5,0.5454545454545454,0.0,0.5,0.3333333333333333,0.6145833333333333,0.4294179800465993,0.4583333333333333,0.5019802057692385,NaN,NaN,NaN,NaN,1.875,1.4577379737113252,2.0025252525252526,0.8221898028006703,3.4444444444444446,0.375,0.4067424828855376,3.0,4.0,1.4090909090909092,0.5903260526902471,0.0,0.0
776,1,11.0,17.0,1.5454545454545454,0.15454545454545454,0.2,0.3,0.125,0.625,0.25,0.5,0.5454545454545454,0.0,0.3333333333333333,0.3333333333333333,0.48125,0.39432356184809886,0.375,0.44320263021395917,NaN,NaN,NaN,NaN,2.125,1.5526475085202969,1.9636363636363638,0.731126155013931,3.0,0.125,0.3842486939776496,2.0,4.0,1.2272727272727273,0.42893202722888857,0.0,0.0
777,1,11.0,23.0,2.090909090909091,0.20909090909090908,0.2,0.1,0.125,0.5,0.125,0.5,0.5454545454545454,0.0,0.16666666666666666,0.3333333333333333,0.3541666666666667,0.34749988897768896,0.275,0.3654742515847438,NaN,NaN,NaN,NaN,2.875,3.181980515339464,2.00487012987013,0.7501739130458158,3.125,0.5,0.5259089953942963,2.0,5.0,1.2413793103448276,0.4354941703556927,0.0,0.0
778,1,12.0,24.0,2.0,0.18181818181818182,0.18181818181818182,0.18181818181818182,0.2222222222222222,0.4444444444444444,0.2222222222222222,0.6666666666666666,0.5833333333333334,0.0,0.2857142857142857,0.42857142857142855,0.7387037037037036,0.18537457907680127,0.4629629629629629,0.39771725175767647,NaN,NaN,NaN,NaN,2.6666666666666665,1.7320508075688772,2.178240740740741,0.8852084739057787,3.5,0.5555555555555556,0.5126865531581931,3.0,5.0,1.475,0.5986094998689324,0.0,0.0
779,1,12.0,15.0,1.25,0.11363636363636363,0.18181818181818182,0.36363636363636365,0.3333333333333333,0.4444444444444444,0.3333333333333333,0.4444444444444444,0.5833333333333334,0.0,0.42857142857142855,0.42857142857142855,0.712962962962963,0.3513641844631532,0.3888888888888889,0.4859126579037751,NaN,NaN,NaN,NaN,1.6666666666666667,0.9999999999999999,2.25,0.9414688716912718,3.5,0.2222222222222222,0.6035608621222174,3.0,4.0,1.44,0.5830951894845301,0.16666666666666666,0.0
78,1,11.0,24.0,2.1818181818181817,0.21818181818181817,0.2,0.1,0.125,0.5,0.125,0.625,0.5454545454545454,0.0,0.16666666666666666,0.3333333333333333,0.44531249999999994,0.338306924110036,0.32638888888888884,0.371418820249154,NaN,NaN,NaN,NaN,3.0,2.6726124191242437,1.9810606060606062,0.7405336937068776,3.125,0.375,0.4507218222258556,2.0,4.0,1.2333333333333334,0.43018306715207627,0.0,0.0
780,1,12.0,19.0,1.5833333333333333,0.14393939393939395,0.18181818181818182,0.18181818181818182,0.2222222222222222,0.3333333333333333,0.2222222222222222,0.4444444444444444,0.5833333333333334,0.0,0.2857142857142857,0.42857142857142855,0.42803030303030304,0.4056038249448806,0.3333333333333333,0.43301270189221935,NaN,NaN,NaN,NaN,2.111111111111111,1.2692955176439846,2.28125,0.9295114185811422,3.625,0.3333333333333333,0.7334928056269077,3.0,6.0,1.5,0.6221710168382552,0.16666666666666666,0.0
781,1,12.0,21.0,1.75,0.1590909090909091,0.18181818181818182,0.36363636363636365,0.1111111111111111,0.4444444444444444,0.3333333333333333,0.6666666666666666,0.5833333333333334,0.0,0.42857142857142855,0.42857142857142855,0.6882716049382716,0.349651992379615,0.41666666666666663,0.452615853800009,NaN,NaN,NaN,NaN,2.3333333333333335,1.7320508075688772,2.045138888888889,0.7259307708085765,3.0,0.4444444444444444,0.4715184999204122,3.0,4.0,1.3103448275862069,0.5413902920037096,0.0,0.0
782,1,11.0,33.0,3.0,0.3,0.2,0.1,0.125,0.25,0.125,0.75,0.5454545454545454,0.0,0.16666666666666666,0.5,0.5396153846153846,0.2811563223868679,0.3104166666666667,0.32353914657283644,NaN,NaN,NaN,NaN,4.125,2.850438562747845,2.313170163170163,0.9567762568594794,3.4615384615384617,0.625,0.8289392981908094,3.0,8.0,1.3695652173913044,0.531609533071195,0.36363636363636365,0.0
783,1,12.0,30.0,2.5,0.22727272727272727,0.18181818181818182,0.09090909090909091,0.1111111111111111,0.4444444444444444,0.3333333333333333,0.7777777777777778,0.5833333333333334,0.0,0.42857142857142855,0.42857142857142855,0.8299319727891157,0.15757663133514177,0.5296296296296297,0.4138049877674683,NaN,NaN,NaN,NaN,3.3333333333333335,2.23606797749979,2.254377104377104,0.9372025184549662,3.466666666666667,0.4444444444444444,0.7774471470844503,3.0,7.0,1.372093023255814,0.5355573782764613,0.16666666666666666,0.0
784,1,11.0,20.0,1.8181818181818181,0.18181818181818182,0.2,0.1,0.375,0.375,0.25,0.5,0.5454545454545454,0.0,0.3333333333333333,0.3333333333333333,0.662037037037037,0.2957584403962931,0.3375,0.4438065859293728,NaN,NaN,NaN,NaN,2.5,3.116774889895918,2.2624999999999997,0.9665499211111653,3.5,0.375,0.7730075725611245,3.0,6.0,1.3333333333333333,0.5547001962252291,0.0,0.0
785,1,12.0,29.0,2.4166666666666665,0.2196969696969697,0.18181818181818182,0.18181818181818182,0.2222222222222222,0.3333333333333333,0.2222222222222222,0.5555555555555556,0.5833333333333334,0.0,0.2857142857142857,0.42857142857142855,0.4650793650793651,0.3737533605821963,0.2944444444444445,0.4126472801046649,NaN,NaN,NaN,NaN,3.2222222222222223,2.279132388529557,2.2255050505050504,0.8562098734618336,3.2727272727272725,0.3333333333333333,0.661526496873392,3.0,7.0,1.3333333333333333,0.5298129428260174,0.0,0.0
786,1,12.0,15.0,1.25,0.11363636363636363,0.18181818181818182,0.36363636363636365,0.2222222222222222,0.5555555555555556,0.3333333333333333,0.5555555555555556,0.5833333333333334,0.0,0.42857142857142855,0.42857142857142855,0.7083333333333334,0.375,0.4166666666666667,0.46770717334674267,NaN,NaN,NaN,NaN,1.6666666666666667,1.1180339887498947,2.1125000000000003,0.8929331136510423,4.0,0.2222222222222222,0.34839769284677014,3.0,4.0,1.3333333333333333,0.5773502691896257,0.0,0.0
787,1,12.0,32.0,2.6666666666666665,0.24242424242424243,0.18181818181818182,0.09090909090909091,0.2222222222222222,0.3333333333333333,0.2222222222222222,0.5555555555555556,0.5833333333333334,0.0,0.2857142857142857,0.42857142857142855,0.5104858104858105,0.34741384304179784,0.3297258297258297,0.4162659004778995,NaN,NaN,NaN,NaN,3.5555555555555554,3.431876713662333,2.4392551892551895,1.0745219576930343,3.857142857142857,0.4444444444444444,0.880788565697235,3.0,7.0,1.391304347826087,0.6138498140448513,0.16666666666666666,0.0
788,1,9.0,17.0,1.8888888888888888,0.2361111111111111,0.25,0.125,0.16666666666666666,0.5,0.16666666666666666,0.5,0.4444444444444444,0.0,0.25,0.5,0.4166666666666667,0.3763863263545405,0.2916666666666667,0.40052049468993056,NaN,NaN,NaN,NaN,2.8333333333333335,2.7868739954771304,1.9401154401154403,0.8057037678304749,3.142857142857143,0.5,0.5408829988653735,2.0,5.0,1.2380952380952381,0.4364357804719847,0.0,0.0
789,1,12.0,21.0,1.75,0.1590909090909091,0.18181818181818182,0.09090909090909091,0.3333333333333333,0.5555555555555556,0.3333333333333333,0.5555555555555556,0.5833333333333334,0.0,0.42857142857142855,0.42857142857142855,0.7325102880658436,0.32855514523879664,0.4444444444444444,0.4714045207910317,NaN,NaN,NaN,NaN,2.3333333333333335,1.6583123951777,2.1129629629629627,0.8478113809527602,3.5555555555555554,0.2222222222222222,0.3208784239598589,3.0,4.0,1.3548387096774193,0.5506594287321455,0.0,0.0
79,1,11.0,17.0,1.5454545454545454,0.15454545454545454,0.2,0.2,0.25,0.5,0.25,0.625,0.5454545454545454,0.0,0.3333333333333333,0.5,0.6041666666666666,0.3325884534452141,0.3958333333333333,0.4172614801981401,NaN,NaN,NaN,NaN,2.125,0.9910312089651149,2.0454545454545454,0.7970114633600152,3.25,0.375,0.41898862823259925,2.0,4.0,1.3043478260869565,0.4704719688969648,0.0,0.0
790,1,11.0,21.0,1.9090909090909092,0.19090909090909092,0.2,0.3,0.25,0.25,0.125,0.5,0.5454545454545454,0.0,0.16666666666666666,0.5,0.3458646616541354,0.33146725481439276,0.2375,0.3543101950067402,NaN,NaN,NaN,NaN,2.625,1.7677669529663689,2.348484848484848,1.0232153717422823,4.0,0.25,0.8492137664710937,3.0,7.0,1.4705882352941178,0.6147329608787305,0.36363636363636365,0.0
791,1,12.0,26.0,2.1666666666666665,0.19696969696969696,0.18181818181818182,0.09090909090909091,0.2222222222222222,0.5555555555555556,0.3333333333333333,0.5555555555555556,0.5833333333333334,0.0,0.42857142857142855,0.42857142857142855,0.5079365079365079,0.43366680000207103,0.38333333333333336,0.47169905660283024,NaN,NaN,NaN,NaN,2.888888888888889,2.934469476943168,2.0915404040404044,0.8054595664921669,3.1818181818181817,0.2222222222222222,0.6841702502087835,2.0,6.0,1.2727272727272727,0.4522670168666455,0.0,0.0
792,1,12.0,30.0,2.5,0.22727272727272727,0.18181818181818182,0.09090909090909091,0.2222222222222222,0.4444444444444444,0.2222222222222222,0.6666666666666666,0.5833333333333334,0.0,0.2857142857142857,0.42857142857142855,0.6491060025542784,0.3037066927881976,0.3998316498316498,0.4109766054503927,NaN,NaN,NaN,NaN,3.3333333333333335,3.2015621187164243,2.18015873015873,0.8757711996395241,3.4,0.5555555555555556,0.6168403239898207,3.0,5.0,1.3571428571428572,0.5328903502931349,0.16666666666666666,0.0
793,1,11.0,13.0,1.1818181818181819,0.11818181818181818,0.2,0.2,0.5,0.375,0.125,0.125,0.5454545454545454,0.0,0.16666666666666666,0.3333333333333333,0.15,0.3505098327538656,0.125,0.3535533905932738,NaN,NaN,NaN,NaN,1.625,1.7677669529663689,2.311688311688312,1.0474812975159224,4.0,0.125,0.5879035294300198,3.0,4.0,1.45,0.6048053188292994,0.0,0.0
794,1,11.0,18.0,1.6363636363636365,0.16363636363636364,0.2,0.2,0.5,0.25,0.125,0.375,0.5454545454545454,0.0,0.16666666666666666,0.5,0.40972222222222215,0.28318156532832245,0.18125,0.3463457191057183,NaN,NaN,NaN,NaN,2.25,1.7525491637693282,2.4987373737373737,1.1666741822749747,4.111111111111111,0.25,0.7573855007458852,3.0,6.0,1.7567567567567568,0.7603144599953877,0.18181818181818182,0.0
795,1,11.0,23.0,2.090909090909091,0.20909090909090908,0.2,0.1,0.25,0.5,0.25,0.75,0.5454545454545454,0.0,0.3333333333333333,0.5,0.7451923076923077,0.2206308367973862,0.4486111111111111,0.40949650764166856,NaN,NaN,NaN,NaN,2.875,2.850438562747845,2.090909090909091,0.8312094145936334,3.0,0.0,0.674199862463242,2.0,5.0,1.2666666666666666,0.44977644510880355,0.18181818181818182,0.0
796,1,12.0,14.0,1.1666666666666667,0.10606060606060606,0.18181818181818182,0.45454545454545453,0.3333333333333333,0.4444444444444444,0.2222222222222222,0.4444444444444444,0.5833333333333334,0.0,0.2857142857142857,0.42857142857142855,0.625,0.33071891388307384,0.3333333333333333,0.43301270189221935,NaN,NaN,NaN,NaN,1.5555555555555556,1.0137937550497034,2.15,0.8458454619222978,3.5,0.3333333333333333,0.3109715368056966,3.0,4.0,1.4090909090909092,0.5903260526902471,0.0,0.0
797,1,11.0,16.0,1.4545454545454546,0.14545454545454545,0.2,0.2,0.375,0.375,0.25,0.5,0.5454545454545454,0.0,0.3333333333333333,0.3333333333333333,0.515625,0.44540060218703276,0.3375,0.4438065859293728,NaN,NaN,NaN,NaN,2.0,1.6035674514745464,2.151515151515152,0.8642740867165328,3.333333333333333,0.375,0.6320894217094897,2.0,6.0,1.4166666666666667,0.5036101551853349,0.0,0.0
798,1,11.0,18.0,1.6363636363636365,0.16363636363636364,0.2,0.1,0.25,0.5,0.25,0.5,0.5454545454545454,0.0,0.3333333333333333,0.5,0.564453125,0.4349765795085779,0.34375,0.4419417382415922,NaN,NaN,NaN,NaN,2.25,1.4880476182856899,2.0389610389610393,0.8077201705048881,3.428571428571429,0.375,0.4443860839367483,3.0,5.0,1.4074074074074074,0.5723943812052383,0.0,0.0
799,1,10.0,14.0,1.4,0.15555555555555556,0.2222222222222222,0.3333333333333333,0.14285714285714285,0.5714285714285714,0.2857142857142857,0.5714285714285714,0.5,0.0,0.4,0.6,0.6285714285714287,0.4502791609116757,0.35000000000000003,0.45552167895721496,NaN,NaN,NaN,NaN,2.0,1.7320508075688772,2.0166666666666666,0.8405245275906478,3.166666666666667,0.14285714285714285,0.6592999580437077,2.0,4.0,1.2777777777777777,0.46088859896247675,0.0,0.0
8,1,10.0,19.0,1.9,0.2111111111111111,0.2222222222222222,0.2222222222222222,0.2857142857142857,0.5714285714285714,0.2857142857142857,0.5714285714285714,0.5,0.0,0.4,0.6,0.6666666666666666,0.33333333333333337,0.4095238095238095,0.4673464436718208,NaN,NaN,NaN,NaN,2.7142857142857144,1.7043362064926932,2.04,0.8783823515733655,3.4,0.14285714285714285,0.639627084337072,2.0,5.0,1.2916666666666667,0.4643056214875365,0.0,0.0
80,1,11.0,32.0,2.909090909090909,0.2909090909090909,0.2,0.1,0.25,0.25,0.125,0.75,0.5454545454545454,0.0,0.16666666666666666,0.5,0.6845421810699589,0.15530259774557825,0.33125000000000004,0.33051637089344216,NaN,NaN,NaN,NaN,4.0,2.5071326821120348,2.3506493506493507,0.988487639185285,3.5,0.5,0.7754752837673393,3.0,7.0,1.3777777777777778,0.5346574472113765,0.36363636363636365,0.0
800,1,11.0,19.0,1.7272727272727273,0.17272727272727273,0.2,0.2,0.125,0.5,0.375,0.5,0.5454545454545454,0.0,0.5,0.3333333333333333,0.5520833333333333,0.42007534282649067,0.4375,0.49551560448255744,NaN,NaN,NaN,NaN,2.375,2.1339098923270936,2.0165289256198347,0.7677036508752857,3.1818181818181817,0.375,0.5351453558901461,2.0,5.0,1.25,0.4423258684646914,0.0,0.0
801,1,11.0,24.0,2.1818181818181817,0.21818181818181817,0.2,0.1,0.25,0.375,0.125,0.625,0.5454545454545454,0.0,0.16666666666666666,0.3333333333333333,0.5146604938271605,0.36471188233254936,0.37916666666666665,0.38335921237696335,NaN,NaN,NaN,NaN,3.0,2.9760952365713798,2.122727272727273,0.8370673916608018,3.25,0.375,0.5571626814703121,2.0,4.0,1.1785714285714286,0.39002102778747977,0.0,0.0
802,1,11.0,20.0,1.8181818181818181,0.18181818181818182,0.2,0.1,0.125,0.5,0.25,0.625,0.5454545454545454,0.0,0.3333333333333333,0.3333333333333333,0.4791666666666667,0.43358509170176934,0.3791666666666667,0.4227414309720748,NaN,NaN,NaN,NaN,2.5,3.116774889895918,2.0818181818181816,0.8447700063546074,3.4,0.25,0.7134792439720635,3.0,5.0,1.2272727272727273,0.5284134548067254,0.0,0.0
803,1,12.0,22.0,1.8333333333333333,0.16666666666666666,0.18181818181818182,0.09090909090909091,0.2222222222222222,0.4444444444444444,0.2222222222222222,0.4444444444444444,0.5833333333333334,0.0,0.2857142857142857,0.42857142857142855,0.5238095238095237,0.35784900427966204,0.35185185185185186,0.4444444444444444,NaN,NaN,NaN,NaN,2.4444444444444446,2.0069324297987157,2.121212121212121,0.8223798027340552,3.4545454545454546,0.3333333333333333,0.405197044111313,2.0,5.0,1.3125,0.47092907485988494,0.0,0.0
804,1,12.0,20.0,1.6666666666666667,0.15151515151515152,0.18181818181818182,0.2727272727272727,0.1111111111111111,0.5555555555555556,0.3333333333333333,0.5555555555555556,0.5833333333333334,0.0,0.42857142857142855,0.42857142857142855,0.6283950617283952,0.4016597936676117,0.43333333333333335,0.4636809247747852,NaN,NaN,NaN,NaN,2.2222222222222223,1.5634719199411433,1.9847222222222223,0.7015660092392342,3.25,0.4444444444444444,0.4081363649537503,2.0,4.0,1.2,0.408248290463863,0.0,0.0
805,1,12.0,19.0,1.5833333333333333,0.14393939393939395,0.18181818181818182,0.36363636363636365,0.2222222222222222,0.5555555555555556,0.3333333333333333,0.5555555555555556,0.5833333333333334,0.0,0.42857142857142855,0.42857142857142855,0.762962962962963,0.3417456999828822,0.4629629629629629,0.4697648479246601,NaN,NaN,NaN,NaN,2.111111111111111,1.5365907428821477,2.097222222222222,0.8301707665796849,3.5,0.2222222222222222,0.5580354010024183,2.0,4.0,1.25,0.4423258684646914,0.0,0.0
806,1,11.0,17.0,1.5454545454545454,0.15454545454545454,0.2,0.2,0.375,0.375,0.25,0.5,0.5454545454545454,0.0,0.3333333333333333,0.5,0.5416666666666666,0.3828672114288472,0.3833333333333333,0.4518041435478255,NaN,NaN,NaN,NaN,2.125,1.4577379737113252,2.227272727272727,0.988019138570614,4.0,0.375,0.5557189302262113,3.0,6.0,1.6451612903225807,0.7549122287513161,0.0,0.0
807,1,12.0,15.0,1.25,0.11363636363636363,0.18181818181818182,0.45454545454545453,0.3333333333333333,0.4444444444444444,0.3333333333333333,0.5555555555555556,0.5833333333333334,0.0,0.42857142857142855,0.2857142857142857,0.6111111111111112,0.3535533905932738,0.4166666666666667,0.46770717334674267,NaN,NaN,NaN,NaN,1.6666666666666667,0.9999999999999999,2.161111111111111,0.8671133270141348,3.666666666666667,0.3333333333333333,0.5395275220875643,3.0,5.0,1.52,0.6531972647421809,0.0,0.0
808,1,10.0,22.0,2.2,0.24444444444444444,0.2222222222222222,0.1111111111111111,0.14285714285714285,0.2857142857142857,0.14285714285714285,0.8571428571428571,0.5,0.0,0.2,0.6,0.7522321428571429,0.1930975597896726,0.4174603174603175,0.32131783316805895,NaN,NaN,NaN,NaN,3.142857142857143,2.911389784311005,2.1266666666666665,0.8656404180335697,3.1,0.42857142857142855,0.7696269468551874,2.0,6.0,1.3666666666666667,0.4901325178535609,0.0,0.0
809,1,11.0,14.0,1.2727272727272727,0.12727272727272726,0.2,0.3,0.5,0.375,0.125,0.25,0.5454545454545454,0.0,0.16666666666666666,0.3333333333333333,0.25,0.3535533905932738,0.1875,0.37201190457142247,NaN,NaN,NaN,NaN,1.75,1.7525491637693282,2.3068181818181817,1.0830564914335559,4.0,0.25,0.6694367814779857,3.0,5.0,1.5416666666666667,0.6580053301400786,0.18181818181818182,0.0
81,1,11.0,19.0,1.7272727272727273,0.17272727272727273,0.2,0.1,0.375,0.375,0.25,0.625,0.5454545454545454,0.0,0.3333333333333333,0.3333333333333333,0.7476851851851852,0.2259253838140777,0.4166666666666667,0.4272466296411038,NaN,NaN,NaN,NaN,2.375,1.7677669529663689,2.1363636363636362,0.8582222640700102,3.4,0.375,0.4540912137548543,2.0,4.0,1.3076923076923077,0.4706787243316417,0.0,0.0
810,1,10.0,16.0,1.6,0.17777777777777778,0.2222222222222222,0.2222222222222222,0.42857142857142855,0.42857142857142855,0.14285714285714285,0.42857142857142855,0.5,0.0,0.2,0.6,0.3968253968253968,0.4011667287650829,0.2789115646258503,0.40446167336584354,NaN,NaN,NaN,NaN,2.2857142857142856,2.214669705568283,2.172727272727273,1.0127289048460815,4.0,0.14285714285714285,0.4321768845092624,3.0,4.0,1.3,0.5712405705774793,0.0,0.0
811,1,12.0,23.0,1.9166666666666667,0.17424242424242425,0.18181818181818182,0.2727272727272727,0.2222222222222222,0.4444444444444444,0.3333333333333333,0.7777777777777778,0.5833333333333334,0.0,0.42857142857142855,0.42857142857142855,0.840877914951989,0.13753724252731195,0.5037037037037037,0.4217833976911624,NaN,NaN,NaN,NaN,2.5555555555555554,1.3333333333333335,2.236772486772487,0.9316762963579811,3.666666666666667,0.3333333333333333,0.5795650797377074,3.0,6.0,1.5,0.5991446895152781,0.0,0.0
812,1,12.0,13.0,1.0833333333333333,0.09848484848484848,0.18181818181818182,0.36363636363636365,0.3333333333333333,0.4444444444444444,0.3333333333333333,0.4444444444444444,0.5833333333333334,0.0,0.42857142857142855,0.42857142857142855,0.7037037037037037,0.4312270748961117,0.3888888888888889,0.4859126579037751,NaN,NaN,NaN,NaN,1.4444444444444444,0.7264831572567789,2.1041666666666665,0.7938566201357353,3.25,0.3333333333333333,0.4694172601242567,3.0,4.0,1.3888888888888888,0.6076849889141857,0.0,0.0
813,1,11.0,20.0,1.8181818181818181,0.18181818181818182,0.2,0.4,0.125,0.5,0.25,0.75,0.5454545454545454,0.0,0.3333333333333333,0.16666666666666666,0.5601851851851851,0.3851228582052856,0.4791666666666667,0.39276694491246716,NaN,NaN,NaN,NaN,2.5,1.8516401995451028,2.031060606060606,0.7641634033835348,3.0,0.375,0.4972651815869611,2.0,4.0,1.2,0.4082482904638631,0.0,0.0
814,1,12.0,24.0,2.0,0.18181818181818182,0.18181818181818182,0.18181818181818182,0.3333333333333333,0.3333333333333333,0.2222222222222222,0.4444444444444444,0.5833333333333334,0.0,0.2857142857142857,0.2857142857142857,0.3411458333333333,0.41102957618643454,0.27469135802469136,0.4231998104454237,NaN,NaN,NaN,NaN,2.6666666666666665,2.6925824035672523,2.2132936507936507,0.844795297912769,3.142857142857143,0.3333333333333333,0.723308089893093,2.0,7.0,1.3235294117647058,0.47485807993381707,0.0,0.0
815,1,10.0,29.0,2.9,0.32222222222222224,0.2222222222222222,0.1111111111111111,0.14285714285714285,0.2857142857142857,0.14285714285714285,0.7142857142857143,0.5,0.0,0.2,0.6,0.525,0.2978219546418072,0.31031746031746027,0.3482825081271985,NaN,NaN,NaN,NaN,4.142857142857143,2.734262327610589,2.2064102564102566,0.929945363050925,3.230769230769231,0.2857142857142857,0.818824641676085,2.0,7.0,1.2285714285714286,0.42604296149803583,0.2,0.0
816,1,11.0,22.0,2.0,0.2,0.2,0.1,0.125,0.5,0.25,0.75,0.5454545454545454,0.0,0.3333333333333333,0.5,0.6186342592592593,0.3312502657518189,0.48333333333333334,0.39920556028827975,NaN,NaN,NaN,NaN,2.75,3.011881234615431,2.1189839572192515,0.9098284598541039,3.75,0.375,0.6033796625518663,3.0,5.0,1.3448275862068966,0.6138788892284814,0.0,0.0
817,1,11.0,21.0,1.9090909090909092,0.19090909090909092,0.2,0.1,0.375,0.5,0.25,0.5,0.5454545454545454,0.0,0.3333333333333333,0.5,0.6788194444444444,0.31351796281402233,0.35416666666666663,0.4580626906564521,NaN,NaN,NaN,NaN,2.625,2.1998376563477846,2.1780303030303028,0.9479676559712766,3.583333333333333,0.375,0.5490793159809385,3.0,6.0,1.4594594594594594,0.5575040903982775,0.0,0.0
818,1,11.0,17.0,1.5454545454545454,0.15454545454545454,0.2,0.1,0.375,0.25,0.125,0.375,0.5454545454545454,0.0,0.16666666666666666,0.5,0.4453125,0.29356049696269443,0.20535714285714285,0.36509014821894414,NaN,NaN,NaN,NaN,2.125,2.03100960115899,2.4,1.0583005244258363,3.5,0.625,0.8269362305593853,3.0,7.0,1.6756756756756757,0.6689151272377143,0.0,0.0
819,1,12.0,21.0,1.75,0.1590909090909091,0.18181818181818182,0.2727272727272727,0.2222222222222222,0.4444444444444444,0.3333333333333333,0.7777777777777778,0.5833333333333334,0.0,0.42857142857142855,0.42857142857142855,0.8130511463844798,0.16299388148941124,0.5129629629629631,0.42260581989881035,NaN,NaN,NaN,NaN,2.3333333333333335,1.5,2.190909090909091,0.8746401595123403,3.333333333333333,0.4444444444444444,0.6289317973652023,3.0,4.0,1.4411764705882353,0.5609070830300027,0.16666666666666666,0.0
82,1,10.0,24.0,2.4,0.26666666666666666,0.2222222222222222,0.1111111111111111,0.2857142857142857,0.42857142857142855,0.14285714285714285,0.5714285714285714,0.5,0.0,0.2,0.4,0.4738095238095238,0.36649075866995084,0.3412698412698413,0.39339789623472154,NaN,NaN,NaN,NaN,3.4285714285714284,2.9358214555806383,2.082222222222222,0.865497787260653,3.2222222222222223,0.42857142857142855,0.5814789172943658,2.0,5.0,1.206896551724138,0.4122508203948855,0.0,0.0
820,1,11.0,23.0,2.090909090909091,0.20909090909090908,0.2,0.1,0.25,0.375,0.125,0.625,0.5454545454545454,0.0,0.16666666666666666,0.3333333333333333,0.5,0.28157719063467174,0.29285714285714287,0.3534090536243709,NaN,NaN,NaN,NaN,2.875,2.2320714274285347,2.309469696969697,1.0356226168568619,3.8,0.5,0.7555087455064111,4.0,6.0,1.5675675675675675,0.7652356405615106,0.18181818181818182,0.0
821,1,10.0,13.0,1.3,0.14444444444444443,0.2222222222222222,0.4444444444444444,0.42857142857142855,0.2857142857142857,0.14285714285714285,0.42857142857142855,0.5,0.0,0.2,0.4,0.38095238095238093,0.2999118036141458,0.21428571428571427,0.36596252735569995,NaN,NaN,NaN,NaN,1.8571428571428572,1.4638501094227998,2.2199999999999998,1.013026269265621,4.0,0.2857142857142857,0.5974303950445415,3.0,6.0,1.6666666666666667,0.761386987626881,0.0,0.0
822,1,12.0,21.0,1.75,0.1590909090909091,0.18181818181818182,0.2727272727272727,0.1111111111111111,0.3333333333333333,0.2222222222222222,0.8888888888888888,0.5833333333333334,0.0,0.2857142857142857,0.42857142857142855,0.8353909465020575,0.1528323259646907,0.5092592592592592,0.334488738299786,NaN,NaN,NaN,NaN,2.3333333333333335,1.0,2.36875,1.0052772684009303,3.75,0.4444444444444444,0.741097962806666,4.0,5.0,1.8,0.9391758525703705,0.0,0.0
823,1,12.0,19.0,1.5833333333333333,0.14393939393939395,0.18181818181818182,0.18181818181818182,0.2222222222222222,0.4444444444444444,0.3333333333333333,0.5555555555555556,0.5833333333333334,0.0,0.42857142857142855,0.42857142857142855,0.6388888888888888,0.33333333333333337,0.3925925925925926,0.4695677024247875,NaN,NaN,NaN,NaN,2.111111111111111,1.3642254619787417,2.173611111111111,0.8736160291168921,3.5,0.4444444444444444,0.5530278754810912,3.0,5.0,1.5,0.6221710168382552,0.0,0.0
824,1,12.0,24.0,2.0,0.18181818181818182,0.18181818181818182,0.09090909090909091,0.1111111111111111,0.5555555555555556,0.2222222222222222,0.6666666666666666,0.5833333333333334,0.0,0.2857142857142857,0.2857142857142857,0.5574074074074074,0.3679061541638098,0.42760942760942755,0.4080217353983659,NaN,NaN,NaN,NaN,2.6666666666666665,3.2015621187164247,1.9812091503267977,0.6903679590375732,3.0,0.3333333333333333,0.5186859808578154,2.0,5.0,1.3235294117647058,0.47485807993381707,0.0,0.0
825,1,12.0,25.0,2.0833333333333335,0.1893939393939394,0.18181818181818182,0.09090909090909091,0.3333333333333333,0.3333333333333333,0.2222222222222222,0.4444444444444444,0.5833333333333334,0.0,0.2857142857142857,0.2857142857142857,0.49947089947089945,0.33452545707478076,0.29797979797979796,0.430686981925815,NaN,NaN,NaN,NaN,2.7777777777777777,3.270236145058097,2.484126984126984,1.1250109751558528,4.0,0.3333333333333333,0.8682351061472264,3.0,6.0,1.627906976744186,0.7874992309581578,0.16666666666666666,0.0
826,1,12.0,19.0,1.5833333333333333,0.14393939393939395,0.18181818181818182,0.18181818181818182,0.2222222222222222,0.5555555555555556,0.4444444444444444,0.6666666666666666,0.5833333333333334,0.0,0.5714285714285714,0.42857142857142855,0.7666666666666666,0.3464101615137755,0.5,0.485912657903775,NaN,NaN,NaN,NaN,2.111111111111111,1.6914819275153699,2.0788690476190474,0.8207739604141941,3.571428571428571,0.3333333333333333,0.5522729806540605,2.0,4.0,1.3043478260869565,0.4704719688969648,0.0,0.0
827,1,12.0,21.0,1.75,0.1590909090909091,0.18181818181818182,0.18181818181818182,0.3333333333333333,0.5555555555555556,0.4444444444444444,0.5555555555555556,0.5833333333333334,0.0,0.5714285714285714,0.42857142857142855,0.8717421124828532,0.17376783811290056,0.5185185185185185,0.5030769521187454,NaN,NaN,NaN,NaN,2.3333333333333335,1.6583123951777,2.131132756132756,0.8663853095949553,3.4545454545454546,0.3333333333333333,0.37502641022040656,2.0,5.0,1.34375,0.48255870443481425,0.0,0.0
828,1,12.0,12.0,1.0,0.09090909090909091,0.18181818181818182,0.45454545454545453,0.3333333333333333,0.5555555555555556,0.3333333333333333,0.4444444444444444,0.5833333333333334,0.0,0.42857142857142855,0.42857142857142855,0.6296296296296297,0.4148106811963355,0.3888888888888889,0.4859126579037751,NaN,NaN,NaN,NaN,1.3333333333333333,0.7071067811865476,2.0833333333333335,0.8211226608993472,3.5,0.2222222222222222,0.21320071635561044,3.0,4.0,1.4210526315789473,0.606976978666884,0.0,0.0
829,1,12.0,27.0,2.25,0.20454545454545456,0.18181818181818182,0.09090909090909091,0.3333333333333333,0.4444444444444444,0.2222222222222222,0.4444444444444444,0.5833333333333334,0.0,0.2857142857142857,0.42857142857142855,0.5361552028218695,0.37477655875978794,0.32407407407407407,0.4418326033496352,NaN,NaN,NaN,NaN,3.0,2.179449471770337,2.251513532763533,0.9615326834771283,3.625,0.4444444444444444,0.5428522645588223,3.0,5.0,1.394736842105263,0.5945460991473914,0.0,0.0
83,1,12.0,19.0,1.5833333333333333,0.14393939393939395,0.18181818181818182,0.36363636363636365,0.3333333333333333,0.3333333333333333,0.2222222222222222,0.5555555555555556,0.5833333333333334,0.0,0.2857142857142857,0.42857142857142855,0.4913194444444444,0.3457956806812048,0.3277777777777778,0.41616636630612575,NaN,NaN,NaN,NaN,2.111111111111111,1.4529663145135578,2.2186507936507938,0.8815674893237992,3.666666666666667,0.4444444444444444,0.6398791342024386,4.0,7.0,1.6176470588235294,0.7790711595597376,0.0,0.0
830,1,12.0,31.0,2.5833333333333335,0.23484848484848486,0.18181818181818182,0.09090909090909091,0.2222222222222222,0.4444444444444444,0.3333333333333333,0.6666666666666666,0.5833333333333334,0.0,0.42857142857142855,0.42857142857142855,0.7222222222222222,0.23333333333333334,0.4313131313131313,0.4539794455770304,NaN,NaN,NaN,NaN,3.4444444444444446,3.320809807528546,2.200892857142857,0.8756499375205695,3.2857142857142856,0.2222222222222222,0.7283282665514234,2.0,7.0,1.275,0.45220258677630254,0.16666666666666666,0.0
831,1,12.0,23.0,1.9166666666666667,0.17424242424242425,0.18181818181818182,0.36363636363636365,0.1111111111111111,0.5555555555555556,0.3333333333333333,0.7777777777777778,0.5833333333333334,0.0,0.42857142857142855,0.42857142857142855,0.6503527336860669,0.34459004838696067,0.5317460317460317,0.40963453652583937,NaN,NaN,NaN,NaN,2.5555555555555554,2.0069324297987157,2.059090909090909,0.7934129644966769,3.5,0.4444444444444444,0.48403209354924615,3.0,4.0,1.2666666666666666,0.5208304597621878,0.0,0.0
832,1,11.0,18.0,1.6363636363636365,0.16363636363636364,0.2,0.3,0.25,0.25,0.125,0.625,0.5454545454545454,0.0,0.16666666666666666,0.5,0.578125,0.24944134008391058,0.3541666666666667,0.35002834352355133,NaN,NaN,NaN,NaN,2.25,1.5811388300841898,2.2803030303030303,0.9791384586523609,4.0,0.375,0.6358088587505288,3.0,5.0,1.5161290322580645,0.625617974056345,0.0,0.0
833,1,11.0,12.0,1.0909090909090908,0.10909090909090909,0.2,0.5,0.25,0.625,0.25,0.5,0.5454545454545454,0.0,0.3333333333333333,0.16666666666666666,0.6354166666666666,0.3725115849908308,0.3958333333333333,0.4537104523847501,NaN,NaN,NaN,NaN,1.5,0.7559289460184544,1.9696969696969697,0.7371799939189502,3.0,0.125,0.22285264114050712,2.0,3.0,1.2941176470588236,0.4696682183138622,0.0,0.0
834,1,11.0,26.0,2.3636363636363638,0.23636363636363636,0.2,0.1,0.375,0.25,0.125,0.625,0.5454545454545454,0.0,0.16666666666666666,0.5,0.6454475308641975,0.1562005250780666,0.28958333333333336,0.36175690118580395,NaN,NaN,NaN,NaN,3.25,3.1509635714446826,2.3798209366391183,1.0106243622398565,3.3636363636363633,0.625,0.8720495114136089,3.0,6.0,1.4871794871794872,0.6436652804465701,0.0,0.0
835,1,12.0,29.0,2.4166666666666665,0.2196969696969697,0.18181818181818182,0.09090909090909091,0.2222222222222222,0.3333333333333333,0.2222222222222222,0.7777777777777778,0.5833333333333334,0.0,0.2857142857142857,0.42857142857142855,0.7675485008818341,0.16947485157285327,0.4351851851851852,0.3836452032481426,NaN,NaN,NaN,NaN,3.2222222222222223,1.986062547968831,2.290645424836601,0.9244190297428169,3.5294117647058822,0.5555555555555556,0.6404457608459692,3.0,7.0,1.4130434782608696,0.5802714673714456,0.16666666666666666,0.0
836,1,12.0,16.0,1.3333333333333333,0.12121212121212122,0.18181818181818182,0.36363636363636365,0.4444444444444444,0.4444444444444444,0.2222222222222222,0.4444444444444444,0.5833333333333334,0.0,0.2857142857142857,0.42857142857142855,0.5074074074074074,0.3600840094021956,0.35185185185185186,0.4444444444444444,NaN,NaN,NaN,NaN,1.7777777777777777,1.3944333775567928,2.3511904761904763,1.13653214582388,4.5,0.4444444444444444,0.3868589716493314,4.0,5.0,1.5925925925925926,0.8439494725697221,0.0,0.0
837,1,11.0,20.0,1.8181818181818181,0.18181818181818182,0.2,0.1,0.375,0.375,0.125,0.375,0.5454545454545454,0.0,0.16666666666666666,0.5,0.3564814814814815,0.3541072243231593,0.20833333333333331,0.3535533905932738,NaN,NaN,NaN,NaN,2.5,2.2677868380553634,2.179850452577725,0.8910125006484348,3.4545454545454546,0.375,0.5953027575226012,3.0,6.0,1.5,0.609449400220044,0.0,0.0
838,1,11.0,18.0,1.6363636363636365,0.16363636363636364,0.2,0.1,0.125,0.375,0.25,0.5,0.5454545454545454,0.0,0.3333333333333333,0.5,0.6089285714285715,0.34608914573127386,0.375,0.44320263021395917,NaN,NaN,NaN,NaN,2.25,1.4880476182856899,2.1818181818181817,0.9020179397530649,3.5,0.25,0.6697233845138648,3.0,5.0,1.4516129032258065,0.5679618342470648,0.18181818181818182,0.0
839,1,12.0,24.0,2.0,0.18181818181818182,0.18181818181818182,0.09090909090909091,0.1111111111111111,0.6666666666666666,0.3333333333333333,0.6666666666666666,0.5833333333333334,0.0,0.42857142857142855,0.2857142857142857,0.5636574074074074,0.4079971925209024,0.44753086419753085,0.46324065745737,NaN,NaN,NaN,NaN,2.6666666666666665,2.6457513110645907,1.9523809523809526,0.6799086846177776,3.0,0.2222222222222222,0.4209883829446916,2.0,4.0,1.1153846153846154,0.325812593608421,0.0,0.0
84,1,12.0,21.0,1.75,0.1590909090909091,0.18181818181818182,0.18181818181818182,0.2222222222222222,0.4444444444444444,0.2222222222222222,0.6666666666666666,0.5833333333333334,0.0,0.2857142857142857,0.42857142857142855,0.4930555555555556,0.3569133687294128,0.35185185185185186,0.40133842435555256,NaN,NaN,NaN,NaN,2.3333333333333335,1.8708286933869707,2.1486111111111112,0.8336804832477176,3.333333333333333,0.4444444444444444,0.5765466890513592,3.0,5.0,1.4411764705882353,0.6125543375075284,0.0,0.0
840,1,9.0,14.0,1.5555555555555556,0.19444444444444445,0.25,0.25,0.16666666666666666,0.3333333333333333,0.16666666666666666,0.8333333333333334,0.4444444444444444,0.0,0.25,0.25,0.7936507936507935,0.13608276348795434,0.4777777777777778,0.3506607519568778,NaN,NaN,NaN,NaN,2.3333333333333335,1.505545305418162,2.1776094276094273,1.0279266762318262,3.666666666666667,0.5,0.7574444191845804,3.0,4.0,1.565217391304348,0.7277666307098063,0.2222222222222222,0.0
841,1,12.0,25.0,2.0833333333333335,0.1893939393939394,0.18181818181818182,0.18181818181818182,0.2222222222222222,0.3333333333333333,0.2222222222222222,0.6666666666666666,0.5833333333333334,0.0,0.2857142857142857,0.42857142857142855,0.8078703703703705,0.15926867973860712,0.42037037037037034,0.4184775463392552,NaN,NaN,NaN,NaN,2.7777777777777777,1.922093765778466,2.3079365079365077,0.9447690033713674,3.428571428571429,0.4444444444444444,0.6770841400658023,3.0,6.0,1.4878048780487805,0.5967391062898507,0.0,0.0
842,1,12.0,28.0,2.3333333333333335,0.21212121212121213,0.18181818181818182,0.09090909090909091,0.1111111111111111,0.3333333333333333,0.2222222222222222,0.7777777777777778,0.5833333333333334,0.0,0.2857142857142857,0.2857142857142857,0.566358024691358,0.30640489420156486,0.42037037037037034,0.3747015273092722,NaN,NaN,NaN,NaN,3.111111111111111,2.7588242262078086,2.1531162464985996,0.8148111088224269,3.428571428571429,0.6666666666666666,0.6431844619121089,3.0,4.0,1.3055555555555556,0.5247826458609559,0.0,0.0
843,1,12.0,18.0,1.5,0.13636363636363635,0.18181818181818182,0.18181818181818182,0.2222222222222222,0.5555555555555556,0.3333333333333333,0.4444444444444444,0.5833333333333334,0.0,0.42857142857142855,0.42857142857142855,0.6222222222222222,0.42295258468165065,0.37037037037037035,0.4843221048378526,NaN,NaN,NaN,NaN,2.0,1.5811388300841898,2.096031746031746,0.8216856573246449,3.2857142857142856,0.3333333333333333,0.5408917085248721,3.0,5.0,1.3846153846153846,0.5710988059467873,0.0,0.0
844,1,11.0,21.0,1.9090909090909092,0.19090909090909092,0.2,0.2,0.375,0.375,0.25,0.5,0.5454545454545454,0.0,0.3333333333333333,0.3333333333333333,0.5516666666666666,0.35833388704276153,0.3166666666666667,0.438974273390153,NaN,NaN,NaN,NaN,2.625,2.2638462845343543,2.221212121212121,0.9192113440060967,3.333333333333333,0.25,0.7749893325772076,2.0,6.0,1.40625,0.49899091723584604,0.18181818181818182,0.0
845,1,12.0,31.0,2.5833333333333335,0.23484848484848486,0.18181818181818182,0.18181818181818182,0.1111111111111111,0.3333333333333333,0.2222222222222222,0.7777777777777778,0.5833333333333334,0.0,0.2857142857142857,0.42857142857142855,0.5563888888888889,0.3203363981599829,0.3777777777777778,0.38251724725095004,NaN,NaN,NaN,NaN,3.4444444444444446,2.4037008503093262,2.26984126984127,0.9001553573814491,3.5,0.4444444444444444,0.7796473241253693,3.0,7.0,1.3777777777777778,0.5755980640283038,0.16666666666666666,0.0
846,1,12.0,23.0,1.9166666666666667,0.17424242424242425,0.18181818181818182,0.2727272727272727,0.2222222222222222,0.3333333333333333,0.2222222222222222,0.7777777777777778,0.5833333333333334,0.0,0.2857142857142857,0.42857142857142855,0.7589285714285714,0.2059386177619785,0.4388888888888889,0.3739800945386146,NaN,NaN,NaN,NaN,2.5555555555555554,1.4240006242195886,2.166170634920635,0.8105117886226725,3.2857142857142856,0.5555555555555556,0.6603151566086924,3.0,5.0,1.411764705882353,0.5569204860727307,0.16666666666666666,0.0
847,1,12.0,25.0,2.0833333333333335,0.1893939393939394,0.18181818181818182,0.18181818181818182,0.2222222222222222,0.5555555555555556,0.3333333333333333,0.5555555555555556,0.5833333333333334,0.0,0.42857142857142855,0.42857142857142855,0.5361111111111111,0.4390794900825033,0.3802469135802469,0.4727701976731995,NaN,NaN,NaN,NaN,2.7777777777777777,2.9059326290271157,2.0347222222222223,0.7380857828840918,3.0,0.2222222222222222,0.5268705653123854,2.0,5.0,1.2333333333333334,0.43018306715207627,0.0,0.0
848,1,11.0,19.0,1.7272727272727273,0.17272727272727273,0.2,0.3,0.125,0.5,0.25,0.625,0.5454545454545454,0.0,0.3333333333333333,0.16666666666666666,0.5558712121212122,0.39900459701314595,0.4,0.43351644482823015,NaN,NaN,NaN,NaN,2.375,1.5979898086569353,2.090909090909091,0.8455229688832177,3.4,0.375,0.7423685817106696,3.0,5.0,1.3928571428571428,0.5669467095138409,0.18181818181818182,0.0
849,1,12.0,30.0,2.5,0.22727272727272727,0.18181818181818182,0.09090909090909091,0.2222222222222222,0.4444444444444444,0.2222222222222222,0.5555555555555556,0.5833333333333334,0.0,0.2857142857142857,0.42857142857142855,0.5515873015873016,0.4049485574972509,0.33024691358024694,0.41537866770662873,NaN,NaN,NaN,NaN,3.3333333333333335,2.958039891549808,2.1329365079365084,0.8399832588895642,3.5,0.5555555555555556,0.6470997668598931,2.0,5.0,1.2,0.40583972495671394,0.0,0.0
85,1,10.0,15.0,1.5,0.16666666666666666,0.2222222222222222,0.3333333333333333,0.2857142857142857,0.42857142857142855,0.14285714285714285,0.5714285714285714,0.5,0.0,0.2,0.4,0.3670634920634921,0.3698947011611412,0.33333333333333337,0.37267799624996495,NaN,NaN,NaN,NaN,2.142857142857143,1.2149857925879117,2.1100000000000003,0.9122012448528621,3.5,0.2857142857142857,0.5202563470700446,2.0,5.0,1.25,0.4442616583193193,0.0,0.0
850,1,12.0,26.0,2.1666666666666665,0.19696969696969696,0.18181818181818182,0.09090909090909091,0.1111111111111111,0.3333333333333333,0.2222222222222222,0.5555555555555556,0.5833333333333334,0.0,0.2857142857142857,0.42857142857142855,0.5964912280701754,0.36024081775228056,0.35353535353535354,0.4195492574545572,NaN,NaN,NaN,NaN,2.888888888888889,3.2188679859713276,2.2936507936507935,0.9183073153531897,3.2857142857142856,0.4444444444444444,0.9156502142433465,3.0,7.0,1.4634146341463414,0.5957164164100968,0.3333333333333333,0.0
851,1,12.0,25.0,2.0833333333333335,0.1893939393939394,0.18181818181818182,0.09090909090909091,0.3333333333333333,0.4444444444444444,0.3333333333333333,0.6666666666666666,0.5833333333333334,0.0,0.42857142857142855,0.42857142857142855,0.7857142857142857,0.23214285714285712,0.4851851851851852,0.44941663147014854,NaN,NaN,NaN,NaN,2.7777777777777777,2.1666666666666665,2.1458333333333335,0.8454609943275283,3.416666666666667,0.2222222222222222,0.5782116426566519,2.0,5.0,1.3333333333333333,0.47809144373375745,0.16666666666666666,0.0
852,1,12.0,14.0,1.1666666666666667,0.10606060606060606,0.18181818181818182,0.45454545454545453,0.2222222222222222,0.4444444444444444,0.3333333333333333,0.6666666666666666,0.5833333333333334,0.0,0.42857142857142855,0.42857142857142855,0.6944444444444444,0.3486083443891982,0.48148148148148145,0.4365620457083809,NaN,NaN,NaN,NaN,1.5555555555555556,0.7264831572567789,2.131944444444444,0.8464560204835184,3.5,0.5555555555555556,0.4612999230951801,3.0,4.0,1.5,0.659380473395787,0.0,0.0
853,1,12.0,28.0,2.3333333333333335,0.21212121212121213,0.18181818181818182,0.18181818181818182,0.1111111111111111,0.3333333333333333,0.2222222222222222,0.7777777777777778,0.5833333333333334,0.0,0.2857142857142857,0.42857142857142855,0.7174211248285322,0.20650841733593223,0.42328042328042326,0.39168797484695356,NaN,NaN,NaN,NaN,3.111111111111111,1.8333333333333333,2.2974206349206345,0.9214899295729739,3.333333333333333,0.5555555555555556,0.7735227715969984,3.0,6.0,1.4883720930232558,0.6680495071209637,0.0,0.0
854,1,11.0,19.0,1.7272727272727273,0.17272727272727273,0.2,0.1,0.5,0.25,0.125,0.375,0.5454545454545454,0.0,0.16666666666666666,0.5,0.23214285714285715,0.3425593945223371,0.171875,0.34678047296318665,NaN,NaN,NaN,NaN,2.375,2.5035688811888406,2.6136363636363638,1.375516431943092,5.0,0.375,0.8326751786959753,4.0,6.0,1.5517241379310345,0.7831350411077501,0.0,0.0
855,1,12.0,30.0,2.5,0.22727272727272727,0.18181818181818182,0.09090909090909091,0.4444444444444444,0.3333333333333333,0.2222222222222222,0.4444444444444444,0.5833333333333334,0.0,0.2857142857142857,0.42857142857142855,0.4600529100529101,0.34587334367722694,0.2666666666666667,0.4242640687119285,NaN,NaN,NaN,NaN,3.3333333333333335,3.0413812651491097,2.310267857142857,0.9278775270073265,3.2857142857142856,0.3333333333333333,0.7625366997778488,3.0,7.0,1.3863636363636365,0.5376914084676802,0.16666666666666666,0.0
856,1,10.0,16.0,1.6,0.17777777777777778,0.2222222222222222,0.2222222222222222,0.14285714285714285,0.42857142857142855,0.2857142857142857,0.7142857142857143,0.5,0.0,0.4,0.2,0.5428571428571429,0.3722597311907324,0.39761904761904765,0.429516154508916,NaN,NaN,NaN,NaN,2.2857142857142856,1.7043362064926935,1.9933333333333334,0.7676804890925216,3.0,0.42857142857142855,0.5817876346673689,2.0,5.0,1.3181818181818181,0.4767312946227962,0.0,0.0
857,1,12.0,24.0,2.0,0.18181818181818182,0.18181818181818182,0.18181818181818182,0.3333333333333333,0.3333333333333333,0.2222222222222222,0.5555555555555556,0.5833333333333334,0.0,0.2857142857142857,0.42857142857142855,0.5767195767195767,0.3233579172613232,0.3138888888888889,0.42114262561644256,NaN,NaN,NaN,NaN,2.6666666666666665,2.3979157616563596,2.3308760683760683,0.9762897166732811,3.75,0.4444444444444444,0.7966897836565193,3.0,5.0,1.5384615384615385,0.6426161105878412,0.16666666666666666,0.0
858,1,12.0,19.0,1.5833333333333333,0.14393939393939395,0.18181818181818182,0.2727272727272727,0.1111111111111111,0.4444444444444444,0.2222222222222222,0.7777777777777778,0.5833333333333334,0.0,0.2857142857142857,0.42857142857142855,0.6704545454545454,0.3303282239488326,0.4537037037037038,0.36588721867554147,NaN,NaN,NaN,NaN,2.111111111111111,1.2692955176439848,2.1194444444444445,0.7974021371617763,3.166666666666667,0.3333333333333333,0.6306550530768861,3.0,5.0,1.3793103448275863,0.5614899250748772,0.16666666666666666,0.0
859,1,12.0,20.0,1.6666666666666667,0.15151515151515152,0.18181818181818182,0.09090909090909091,0.2222222222222222,0.3333333333333333,0.2222222222222222,0.5555555555555556,0.5833333333333334,0.0,0.2857142857142857,0.42857142857142855,0.5714285714285714,0.44907943128238126,0.4074074074074074,0.4258252699098859,NaN,NaN,NaN,NaN,2.2222222222222223,1.922093765778466,2.152777777777778,0.8301707665796849,3.5,0.4444444444444444,0.5114907692398211,3.0,6.0,1.4545454545454546,0.6169941800226468,0.0,0.0
86,1,12.0,29.0,2.4166666666666665,0.2196969696969697,0.18181818181818182,0.09090909090909091,0.2222222222222222,0.4444444444444444,0.3333333333333333,0.7777777777777778,0.5833333333333334,0.0,0.42857142857142855,0.42857142857142855,0.7830246913580248,0.19291783879155777,0.4683501683501683,0.4272004858096637,NaN,NaN,NaN,NaN,3.2222222222222223,3.192874010111336,2.137962962962963,0.8345171165456744,3.333333333333333,0.4444444444444444,0.6140856602121642,3.0,5.0,1.2571428571428571,0.5054326709601878,0.0,0.0
860,1,11.0,23.0,2.090909090909091,0.20909090909090908,0.2,0.1,0.375,0.375,0.25,0.375,0.5454545454545454,0.0,0.3333333333333333,0.5,0.48214285714285715,0.46509348883076146,0.275,0.45276925690687087,NaN,NaN,NaN,NaN,2.875,3.090885217631258,2.2034632034632033,0.8974241064282807,3.166666666666667,0.25,0.7471395384360999,2.0,5.0,1.25,0.44095855184409843,0.36363636363636365,0.0
861,1,11.0,27.0,2.4545454545454546,0.24545454545454545,0.2,0.2,0.125,0.25,0.125,0.875,0.5454545454545454,0.0,0.16666666666666666,0.5,0.7363683127572015,0.15095260801899704,0.4027777777777778,0.31215810221106566,NaN,NaN,NaN,NaN,3.375,2.559994419636775,2.302232854864434,0.9595549132399804,3.666666666666667,0.625,0.7173402150514885,3.0,6.0,1.3513513513513513,0.5876609101729886,0.0,0.0
862,1,12.0,16.0,1.3333333333333333,0.12121212121212122,0.18181818181818182,0.36363636363636365,0.2222222222222222,0.5555555555555556,0.3333333333333333,0.5555555555555556,0.5833333333333334,0.0,0.42857142857142855,0.2857142857142857,0.4861111111111111,0.4487637339278753,0.3888888888888889,0.4695594862326936,NaN,NaN,NaN,NaN,1.7777777777777777,1.3017082793177757,2.069444444444444,0.7960075038138434,3.333333333333333,0.2222222222222222,0.5008095298466126,3.0,5.0,1.434782608695652,0.66237087637185,0.0,0.0
863,1,12.0,21.0,1.75,0.1590909090909091,0.18181818181818182,0.18181818181818182,0.4444444444444444,0.4444444444444444,0.2222222222222222,0.2222222222222222,0.5833333333333334,0.0,0.2857142857142857,0.42857142857142855,0.4074074074074074,0.4654205368697063,0.2222222222222222,0.44095855184409843,NaN,NaN,NaN,NaN,2.3333333333333335,2.692582403567252,2.2328042328042326,0.9201206040443859,3.571428571428571,0.2222222222222222,0.5222956202856632,2.0,5.0,1.2857142857142858,0.4600437062282362,0.0,0.0
864,1,12.0,21.0,1.75,0.1590909090909091,0.18181818181818182,0.2727272727272727,0.1111111111111111,0.5555555555555556,0.3333333333333333,0.7777777777777778,0.5833333333333334,0.0,0.42857142857142855,0.42857142857142855,0.6319444444444444,0.33721695950497177,0.48888888888888893,0.41591599044892597,NaN,NaN,NaN,NaN,2.3333333333333335,1.5811388300841895,2.0073412698412696,0.719395473851278,3.25,0.4444444444444444,0.5091551159330217,3.0,4.0,1.3214285714285714,0.5479640045336466,0.0,0.0
865,1,12.0,29.0,2.4166666666666665,0.2196969696969697,0.18181818181818182,0.09090909090909091,0.2222222222222222,0.3333333333333333,0.2222222222222222,0.6666666666666666,0.5833333333333334,0.0,0.2857142857142857,0.42857142857142855,0.5650793650793651,0.3359316250211379,0.35555555555555557,0.39956573649122834,NaN,NaN,NaN,NaN,3.2222222222222223,2.1081851067789192,2.308006535947712,0.9397568796174474,3.5294117647058822,0.5555555555555556,0.7269054878116363,3.0,6.0,1.3953488372093024,0.5407021398022307,0.16666666666666666,0.0
866,1,12.0,29.0,2.4166666666666665,0.2196969696969697,0.18181818181818182,0.09090909090909091,0.1111111111111111,0.3333333333333333,0.2222222222222222,0.6666666666666666,0.5833333333333334,0.0,0.2857142857142857,0.42857142857142855,0.6507407407407407,0.33011688913751014,0.37575757575757573,0.40347150605507087,NaN,NaN,NaN,NaN,3.2222222222222223,3.270236145058097,2.251984126984127,0.8712439383648123,3.1904761904761907,0.2222222222222222,0.7992781768089344,3.0,6.0,1.3157894736842106,0.5253191132035963,0.16666666666666666,0.0
867,1,11.0,19.0,1.7272727272727273,0.17272727272727273,0.2,0.3,0.125,0.5,0.375,0.75,0.5454545454545454,0.0,0.5,0.3333333333333333,0.7152777777777778,0.32992637199039465,0.4657738095238095,0.45645487044486055,NaN,NaN,NaN,NaN,2.375,2.1998376563477846,1.9757575757575758,0.7144680863864015,3.0,0.375,0.5674515834370006,2.0,4.0,1.1904761904761905,0.40237390808147827,0.0,0.0
868,1,12.0,18.0,1.5,0.13636363636363635,0.18181818181818182,0.45454545454545453,0.1111111111111111,0.4444444444444444,0.3333333333333333,0.7777777777777778,0.5833333333333334,0.0,0.42857142857142855,0.42857142857142855,0.7,0.35000000000000003,0.5222222222222223,0.4085883557377088,NaN,NaN,NaN,NaN,2.0,1.224744871391589,2.0555555555555554,0.7498596950693924,3.333333333333333,0.5555555555555556,0.5379565413466338,3.0,4.0,1.3333333333333333,0.5646597025732799,0.0,0.0
869,1,11.0,22.0,2.0,0.2,0.2,0.1,0.25,0.375,0.25,0.625,0.5454545454545454,0.0,0.3333333333333333,0.5,0.6076388888888888,0.4195502074164782,0.39999999999999997,0.4335164448282302,NaN,NaN,NaN,NaN,2.75,3.058944729337694,2.077922077922078,0.7853600145822541,3.0,0.375,0.6363218279149151,2.0,4.0,1.1363636363636365,0.35125008665710444,0.0,0.0
87,1,10.0,20.0,2.0,0.2222222222222222,0.2222222222222222,0.1111111111111111,0.14285714285714285,0.2857142857142857,0.14285714285714285,0.5714285714285714,0.5,0.0,0.2,0.4,0.42857142857142855,0.34503277967117707,0.3174603174603175,0.3750367412924019,NaN,NaN,NaN,NaN,2.857142857142857,2.911389784311004,2.0761904761904764,0.8387803837262532,3.333333333333333,0.7142857142857143,0.6768059520232637,3.0,4.0,1.32,0.5567764362830022,0.0,0.0
870,1,12.0,16.0,1.3333333333333333,0.12121212121212122,0.18181818181818182,0.36363636363636365,0.2222222222222222,0.6666666666666666,0.4444444444444444,0.6666666666666666,0.5833333333333334,0.0,0.5714285714285714,0.2857142857142857,0.6851851851851852,0.4285346839039309,0.537037037037037,0.46976484792466006,NaN,NaN,NaN,NaN,1.7777777777777777,1.6414763002993507,1.9722222222222223,0.7029279793177563,3.0,0.1111111111111111,0.47140452079103173,2.0,4.0,1.1578947368421053,0.3746343246326776,0.0,0.0
871,1,11.0,18.0,1.6363636363636365,0.16363636363636364,0.2,0.2,0.25,0.375,0.25,0.625,0.5454545454545454,0.0,0.3333333333333333,0.3333333333333333,0.6026785714285714,0.29415931256069516,0.41369047619047616,0.43846063954054515,NaN,NaN,NaN,NaN,2.25,2.052872551885702,2.227272727272727,0.9502126290489094,3.5,0.625,0.711266833439806,3.0,6.0,1.5151515151515151,0.6185270871803089,0.0,0.0
872,1,12.0,18.0,1.5,0.13636363636363635,0.18181818181818182,0.36363636363636365,0.1111111111111111,0.5555555555555556,0.3333333333333333,0.7777777777777778,0.5833333333333334,0.0,0.42857142857142855,0.42857142857142855,0.7175925925925927,0.3552543211785739,0.4907407407407407,0.4134132240593672,NaN,NaN,NaN,NaN,2.0,1.118033988749895,2.0500000000000003,0.758587203592669,3.0,0.1111111111111111,0.46526399843023974,2.0,4.0,1.3571428571428572,0.4879500364742666,0.0,0.0
873,1,12.0,22.0,1.8333333333333333,0.16666666666666666,0.18181818181818182,0.18181818181818182,0.2222222222222222,0.3333333333333333,0.2222222222222222,0.5555555555555556,0.5833333333333334,0.0,0.2857142857142857,0.42857142857142855,0.6814814814814816,0.3131875153212312,0.3657407407407407,0.43390275977259196,NaN,NaN,NaN,NaN,2.4444444444444446,2.242270674512285,2.4446924603174605,1.0811461514377887,3.857142857142857,0.4444444444444444,0.8536457407015737,3.0,6.0,1.6590909090909092,0.7134319875402743,0.3333333333333333,0.0
874,1,11.0,23.0,2.090909090909091,0.20909090909090908,0.2,0.1,0.25,0.5,0.25,0.5,0.5454545454545454,0.0,0.3333333333333333,0.5,0.599537037037037,0.41702659351439053,0.3375,0.4438065859293728,NaN,NaN,NaN,NaN,2.875,3.3567628964311944,2.0586635586635587,0.8098174252351691,3.2222222222222223,0.375,0.5568770939242481,2.0,5.0,1.2142857142857142,0.41785544701867255,0.0,0.0
875,1,11.0,19.0,1.7272727272727273,0.17272727272727273,0.2,0.3,0.375,0.25,0.125,0.5,0.5454545454545454,0.0,0.16666666666666666,0.3333333333333333,0.5151515151515152,0.29998469504883835,0.26458333333333334,0.37548249383240645,NaN,NaN,NaN,NaN,2.375,1.5979898086569353,2.512121212121212,1.229478003713837,4.333333333333334,0.625,0.7769084531908353,4.0,6.0,1.794871794871795,0.8638800836460915,0.18181818181818182,0.0
876,1,12.0,25.0,2.0833333333333335,0.1893939393939394,0.18181818181818182,0.09090909090909091,0.3333333333333333,0.4444444444444444,0.2222222222222222,0.5555555555555556,0.5833333333333334,0.0,0.2857142857142857,0.42857142857142855,0.6366666666666667,0.31240998703626616,0.35555555555555557,0.41866188956934897,NaN,NaN,NaN,NaN,2.7777777777777777,1.922093765778466,2.2270833333333333,0.932366416082424,3.666666666666667,0.4444444444444444,0.4749371303422989,3.0,5.0,1.394736842105263,0.5472028965176681,0.0,0.0
877,1,10.0,17.0,1.7,0.18888888888888888,0.2222222222222222,0.1111111111111111,0.2857142857142857,0.42857142857142855,0.14285714285714285,0.42857142857142855,0.5,0.0,0.2,0.6,0.3392857142857143,0.3712611229694963,0.22222222222222218,0.36851386559504445,NaN,NaN,NaN,NaN,2.4285714285714284,2.9920529661723823,2.15,0.944281031614353,3.5,0.14285714285714285,0.8521167415187139,3.0,6.0,1.4615384615384615,0.5817744738827396,0.0,0.0
878,1,11.0,12.0,1.0909090909090908,0.10909090909090909,0.2,0.6,0.125,0.625,0.25,0.5,0.5454545454545454,0.0,0.3333333333333333,0.16666666666666666,0.4375,0.4172614801981401,0.375,0.44320263021395917,NaN,NaN,NaN,NaN,1.5,0.7559289460184544,1.9545454545454546,0.7229988054812212,3.0,0.125,0.4767312946227962,2.0,3.0,1.2142857142857142,0.4258153136263201,0.0,0.0
879,1,11.0,21.0,1.9090909090909092,0.19090909090909092,0.2,0.1,0.25,0.375,0.25,0.625,0.5454545454545454,0.0,0.3333333333333333,0.3333333333333333,0.6731770833333333,0.2965648181161178,0.4270833333333333,0.4305715562823038,NaN,NaN,NaN,NaN,2.625,1.7677669529663689,2.1333333333333333,0.8544003745317531,3.3,0.375,0.5847714698561071,2.0,5.0,1.2592592592592593,0.44657608470472243,0.0,0.0
88,1,11.0,29.0,2.6363636363636362,0.2636363636363636,0.2,0.1,0.125,0.375,0.25,0.75,0.6363636363636364,0.0,0.2857142857142857,0.42857142857142855,0.6129032258064516,0.32937042750692724,0.415625,0.41905121244400867,NaN,NaN,NaN,NaN,3.625,3.4615231989895516,2.055258467023173,0.7793873806430207,3.0,0.375,0.6128267114584819,2.0,5.0,1.1818181818181819,0.3916747259003201,0.18181818181818182,0.0
880,1,12.0,18.0,1.5,0.13636363636363635,0.18181818181818182,0.18181818181818182,0.3333333333333333,0.5555555555555556,0.3333333333333333,0.4444444444444444,0.5833333333333334,0.0,0.42857142857142855,0.42857142857142855,0.6349206349206349,0.4850368758919848,0.3888888888888889,0.4859126579037751,NaN,NaN,NaN,NaN,2.0,2.0,2.0729166666666665,0.8020894824636388,3.375,0.2222222222222222,0.3515982416472127,2.0,5.0,1.25,0.4423258684646914,0.0,0.0
881,1,12.0,28.0,2.3333333333333335,0.21212121212121213,0.18181818181818182,0.09090909090909091,0.1111111111111111,0.5555555555555556,0.3333333333333333,0.7777777777777778,0.5833333333333334,0.0,0.42857142857142855,0.42857142857142855,0.6191358024691358,0.3522974760906015,0.4831649831649832,0.4189636715830094,NaN,NaN,NaN,NaN,3.111111111111111,3.3706247360261146,1.9773576097105507,0.6815550588938167,3.0,0.3333333333333333,0.50491375711524,2.0,5.0,1.2058823529411764,0.41042563012190475,0.0,0.0
882,1,12.0,29.0,2.4166666666666665,0.2196969696969697,0.18181818181818182,0.18181818181818182,0.1111111111111111,0.4444444444444444,0.2222222222222222,0.6666666666666666,0.5833333333333334,0.0,0.2857142857142857,0.42857142857142855,0.5159143518518517,0.3718409975766267,0.3765432098765432,0.40968952579310786,NaN,NaN,NaN,NaN,3.2222222222222223,2.6822461565718467,2.079563492063492,0.7766832806908975,3.25,0.5555555555555556,0.5161592402039776,2.0,5.0,1.2432432432432432,0.43495883620083997,0.0,0.0
883,1,12.0,17.0,1.4166666666666667,0.12878787878787878,0.18181818181818182,0.2727272727272727,0.4444444444444444,0.3333333333333333,0.2222222222222222,0.3333333333333333,0.5833333333333334,0.0,0.2857142857142857,0.42857142857142855,0.3037037037037037,0.42440953899520617,0.2592592592592593,0.43390275977259196,NaN,NaN,NaN,NaN,1.8888888888888888,1.6914819275153696,2.2708333333333335,0.9502292386895944,4.0,0.2222222222222222,0.5712151649824104,3.0,5.0,1.375,0.5757792451369143,0.0,0.0
884,1,11.0,24.0,2.1818181818181817,0.21818181818181817,0.2,0.1,0.375,0.375,0.25,0.625,0.5454545454545454,0.0,0.3333333333333333,0.5,0.7291666666666666,0.23651925508231111,0.36250000000000004,0.42740913821369264,NaN,NaN,NaN,NaN,3.0,3.116774889895918,2.1818181818181817,0.8738628975053029,3.0,0.0,0.7613869876268811,2.0,6.0,1.3333333333333333,0.478713553878169,0.18181818181818182,0.0
885,1,11.0,18.0,1.6363636363636365,0.16363636363636364,0.2,0.3,0.25,0.375,0.25,0.625,0.6363636363636364,0.0,0.2857142857142857,0.42857142857142855,0.6527777777777778,0.3382572828750172,0.40625,0.43057155628230376,NaN,NaN,NaN,NaN,2.25,1.3887301496588271,2.1818181818181817,0.9901025352472492,4.0,0.5,0.5222882728358954,3.0,6.0,1.5806451612903225,0.7199163631231569,0.0,0.0
886,1,10.0,12.0,1.2,0.13333333333333333,0.2222222222222222,0.3333333333333333,0.42857142857142855,0.42857142857142855,0.14285714285714285,0.5714285714285714,0.5,0.0,0.2,0.2,0.6428571428571429,0.1966989481173608,0.35714285714285715,0.3779644730092272,NaN,NaN,NaN,NaN,1.7142857142857142,0.7559289460184545,2.1266666666666665,0.9335713982098828,3.6,0.2857142857142857,0.31069597121943265,3.0,4.0,1.45,0.6048053188292994,0.0,0.0
887,1,11.0,16.0,1.4545454545454546,0.14545454545454545,0.2,0.1,0.25,0.5,0.25,0.5,0.5454545454545454,0.0,0.3333333333333333,0.3333333333333333,0.5178571428571428,0.465657314657332,0.34375,0.4419417382415922,NaN,NaN,NaN,NaN,2.0,2.449489742783178,2.0537190082644625,0.800521054956708,3.090909090909091,0.25,0.5714075101884157,2.0,4.0,1.25,0.4442616583193193,0.0,0.0
888,1,12.0,27.0,2.25,0.20454545454545456,0.18181818181818182,0.09090909090909091,0.2222222222222222,0.3333333333333333,0.2222222222222222,0.6666666666666666,0.5833333333333334,0.0,0.2857142857142857,0.42857142857142855,0.7471707818930041,0.18156464288351934,0.3935185185185185,0.4151593104898646,NaN,NaN,NaN,NaN,3.0,2.23606797749979,2.3990079365079366,1.0374434281235405,3.666666666666667,0.5555555555555556,0.819331878434504,4.0,7.0,1.6274509803921569,0.7200217861627658,0.16666666666666666,0.0
889,1,11.0,18.0,1.6363636363636365,0.16363636363636364,0.2,0.3,0.25,0.375,0.25,0.625,0.5454545454545454,0.0,0.3333333333333333,0.3333333333333333,0.6458333333333333,0.22603378031008958,0.37916666666666665,0.4227414309720748,NaN,NaN,NaN,NaN,2.25,1.2817398889233114,2.140909090909091,0.8505345912478168,3.25,0.375,0.6803737919203136,3.0,5.0,1.4285714285714286,0.5727497953228164,0.18181818181818182,0.0
89,1,11.0,30.0,2.727272727272727,0.2727272727272727,0.2,0.1,0.125,0.5,0.25,0.75,0.5454545454545454,0.0,0.3333333333333333,0.5,0.637768817204301,0.3140612068316028,0.43125,0.39905021166335874,NaN,NaN,NaN,NaN,3.75,3.453776401067595,2.041830065359477,0.7813436137257851,3.111111111111111,0.5,0.642193219753002,2.0,6.0,1.263157894736842,0.44625834999021435,0.18181818181818182,0.0
890,1,12.0,20.0,1.6666666666666667,0.15151515151515152,0.18181818181818182,0.18181818181818182,0.2222222222222222,0.5555555555555556,0.3333333333333333,0.5555555555555556,0.5833333333333334,0.0,0.42857142857142855,0.42857142857142855,0.6825396825396826,0.42873674060402633,0.4166666666666667,0.46770717334674267,NaN,NaN,NaN,NaN,2.2222222222222223,2.279132388529557,2.0833333333333335,0.8211226608993472,3.5,0.2222222222222222,0.5250313273861306,2.0,4.0,1.25,0.4423258684646914,0.0,0.0
891,1,11.0,17.0,1.5454545454545454,0.15454545454545454,0.2,0.3,0.375,0.375,0.125,0.375,0.5454545454545454,0.0,0.16666666666666666,0.5,0.22916666666666666,0.36663960939129747,0.21875,0.3644344934278313,NaN,NaN,NaN,NaN,2.125,1.3562026818605375,2.251515151515152,1.0340173689024375,4.0,0.375,0.544386084640604,3.0,5.0,1.3636363636363635,0.5810872031479765,0.0,0.0
892,1,10.0,13.0,1.3,0.14444444444444443,0.2222222222222222,0.4444444444444444,0.14285714285714285,0.7142857142857143,0.42857142857142855,0.7142857142857143,0.5,0.0,0.6,0.2,0.6904761904761905,0.365510442529189,0.5952380952380951,0.4498677054212186,NaN,NaN,NaN,NaN,1.8571428571428572,1.2149857925879117,1.8666666666666665,0.6885303726590963,3.0,0.14285714285714285,0.299572344757639,2.0,3.0,1.1875,0.4031128874149275,0.0,0.0
893,1,12.0,19.0,1.5833333333333333,0.14393939393939395,0.18181818181818182,0.18181818181818182,0.3333333333333333,0.4444444444444444,0.2222222222222222,0.4444444444444444,0.5833333333333334,0.0,0.2857142857142857,0.42857142857142855,0.4736842105263158,0.4610898807351377,0.26296296296296295,0.42506353918641265,NaN,NaN,NaN,NaN,2.111111111111111,1.964971020425266,2.3087962962962965,1.013454544665918,3.75,0.3333333333333333,0.768237342583961,4.0,5.0,1.6363636363636365,0.7833494518006402,0.16666666666666666,0.0
894,1,12.0,13.0,1.0833333333333333,0.09848484848484848,0.18181818181818182,0.5454545454545454,0.1111111111111111,0.6666666666666666,0.2222222222222222,0.6666666666666666,0.5833333333333334,0.0,0.2857142857142857,0.14285714285714285,0.5833333333333334,0.39528470752104744,0.4444444444444444,0.39086797998528583,NaN,NaN,NaN,NaN,1.4444444444444444,0.5270462766947299,1.9305555555555554,0.6492354996507307,3.0,0.2222222222222222,0.29538231539940274,2.0,3.0,1.2352941176470589,0.4372373160976031,0.0,0.0
895,1,11.0,14.0,1.2727272727272727,0.12727272727272726,0.2,0.4,0.5,0.375,0.25,0.375,0.5454545454545454,0.0,0.3333333333333333,0.3333333333333333,0.609375,0.32346823094172855,0.275,0.45276925690687087,NaN,NaN,NaN,NaN,1.75,1.3887301496588271,2.242424242424242,0.9898474527915803,4.0,0.125,0.48481206156894957,3.0,5.0,1.6551724137931034,0.6695340634119862,0.0,0.0
896,1,11.0,18.0,1.6363636363636365,0.16363636363636364,0.2,0.2,0.25,0.5,0.375,0.625,0.6363636363636364,0.0,0.42857142857142855,0.42857142857142855,0.6898148148148148,0.37974253063721997,0.43452380952380953,0.4812234031287556,NaN,NaN,NaN,NaN,2.25,2.1213203435596424,2.036363636363636,0.7916866026197973,3.166666666666667,0.375,0.48948270532165394,2.0,5.0,1.32,0.47609522856952335,0.0,0.0
897,1,12.0,29.0,2.4166666666666665,0.2196969696969697,0.18181818181818182,0.09090909090909091,0.3333333333333333,0.3333333333333333,0.2222222222222222,0.5555555555555556,0.5833333333333334,0.0,0.2857142857142857,0.42857142857142855,0.4115646258503401,0.36771766829968666,0.28611111111111115,0.4155401438021495,NaN,NaN,NaN,NaN,3.2222222222222223,2.8625940062196116,2.2305555555555556,0.8630996914847539,3.333333333333333,0.3333333333333333,0.6688367799431393,3.0,7.0,1.3333333333333333,0.5298129428260174,0.0,0.0
898,1,11.0,15.0,1.3636363636363635,0.13636363636363635,0.2,0.3,0.25,0.375,0.25,0.625,0.5454545454545454,0.0,0.3333333333333333,0.16666666666666666,0.7120535714285714,0.24193204280994368,0.4375,0.4172614801981401,NaN,NaN,NaN,NaN,1.875,0.9910312089651149,2.1818181818181817,0.8864866529500519,3.333333333333333,0.25,0.6357930514190953,3.0,4.0,1.4615384615384615,0.5817744738827396,0.18181818181818182,0.0
899,1,12.0,17.0,1.4166666666666667,0.12878787878787878,0.18181818181818182,0.2727272727272727,0.4444444444444444,0.4444444444444444,0.3333333333333333,0.4444444444444444,0.5833333333333334,0.0,0.42857142857142855,0.42857142857142855,0.7291666666666666,0.34232659844072877,0.35555555555555557,0.4876246279442597,NaN,NaN,NaN,NaN,1.8888888888888888,1.536590742882148,2.263888888888889,0.9884646121952417,3.833333333333333,0.3333333333333333,0.5713045500334204,3.0,6.0,1.5862068965517242,0.7327658649308672,0.0,0.0
9,1,12.0,28.0,2.3333333333333335,0.21212121212121213,0.18181818181818182,0.09090909090909091,0.2222222222222222,0.4444444444444444,0.3333333333333333,0.6666666666666666,0.5833333333333334,0.0,0.42857142857142855,0.42857142857142855,0.6728395061728396,0.32327944907585354,0.4127946127946128,0.45422659972480856,NaN,NaN,NaN,NaN,3.111111111111111,3.257470047615344,2.175892857142857,0.8533317940532362,3.2857142857142856,0.4444444444444444,0.7235803525642442,3.0,6.0,1.4680851063829787,0.5457768229098153,0.16666666666666666,0.0
90,1,12.0,18.0,1.5,0.13636363636363635,0.18181818181818182,0.2727272727272727,0.3333333333333333,0.5555555555555556,0.3333333333333333,0.4444444444444444,0.5833333333333334,0.0,0.42857142857142855,0.42857142857142855,0.5333333333333334,0.40688518719112343,0.3703703703703704,0.48432210483785265,NaN,NaN,NaN,NaN,2.0,1.6583123951777,2.052777777777778,0.7843749790400684,3.3,0.2222222222222222,0.3626788492763512,2.0,4.0,1.3703703703703705,0.49210287762341137,0.0,0.0
900,1,12.0,22.0,1.8333333333333333,0.16666666666666666,0.18181818181818182,0.09090909090909091,0.4444444444444444,0.4444444444444444,0.2222222222222222,0.3333333333333333,0.5833333333333334,0.0,0.2857142857142857,0.42857142857142855,0.41111111111111115,0.4321297387488057,0.2424242424242424,0.4336087279167935,NaN,NaN,NaN,NaN,2.4444444444444446,3.2829526005987018,2.3452380952380953,1.0819112020416821,4.0,0.1111111111111111,0.8136784507754244,4.0,5.0,1.4666666666666666,0.7760791522613609,0.0,0.0
901,1,12.0,16.0,1.3333333333333333,0.12121212121212122,0.18181818181818182,0.2727272727272727,0.3333333333333333,0.4444444444444444,0.3333333333333333,0.5555555555555556,0.5833333333333334,0.0,0.42857142857142855,0.42857142857142855,0.7777777777777778,0.3666666666666667,0.41111111111111115,0.4702245326555295,NaN,NaN,NaN,NaN,1.7777777777777777,1.5634719199411429,2.236111111111111,0.9546757166209497,4.0,0.1111111111111111,0.6560791223738299,3.0,4.0,1.3333333333333333,0.5773502691896257,0.16666666666666666,0.0
902,1,12.0,21.0,1.75,0.1590909090909091,0.18181818181818182,0.2727272727272727,0.4444444444444444,0.3333333333333333,0.2222222222222222,0.4444444444444444,0.5833333333333334,0.0,0.2857142857142857,0.42857142857142855,0.5179012345679012,0.4136723685868274,0.34074074074074073,0.4415181441401228,NaN,NaN,NaN,NaN,2.3333333333333335,1.5,2.2575396825396825,0.900835541359299,3.4,0.4444444444444444,0.5460380411491788,3.0,5.0,1.4857142857142858,0.6122008787696948,0.0,0.0
903,1,12.0,19.0,1.5833333333333333,0.14393939393939395,0.18181818181818182,0.18181818181818182,0.1111111111111111,0.4444444444444444,0.3333333333333333,0.5555555555555556,0.5833333333333334,0.0,0.42857142857142855,0.2857142857142857,0.6555555555555556,0.3532832118538578,0.4629629629629629,0.4697648479246601,NaN,NaN,NaN,NaN,2.111111111111111,1.3642254619787417,2.1921296296296298,0.8938826215113648,3.5555555555555554,0.3333333333333333,0.7076681188849575,3.0,5.0,1.4545454545454546,0.5640760748177663,0.16666666666666666,0.0
904,1,12.0,29.0,2.4166666666666665,0.2196969696969697,0.18181818181818182,0.18181818181818182,0.1111111111111111,0.4444444444444444,0.2222222222222222,0.7777777777777778,0.5833333333333334,0.0,0.2857142857142857,0.42857142857142855,0.5825429087624209,0.3209294153168296,0.412037037037037,0.39880705598225635,NaN,NaN,NaN,NaN,3.2222222222222223,2.4381231397212986,2.109027777777778,0.7952943862334316,3.2,0.5555555555555556,0.582683927752127,3.0,5.0,1.3333333333333333,0.5773502691896257,0.16666666666666666,0.0
905,1,12.0,20.0,1.6666666666666667,0.15151515151515152,0.18181818181818182,0.36363636363636365,0.1111111111111111,0.4444444444444444,0.2222222222222222,0.7777777777777778,0.5833333333333334,0.0,0.2857142857142857,0.42857142857142855,0.7006172839506173,0.3184700652207378,0.48148148148148157,0.367465459870082,NaN,NaN,NaN,NaN,2.2222222222222223,1.0929064207170003,2.091666666666667,0.7864862402233149,3.25,0.4444444444444444,0.45552167895721496,3.0,4.0,1.3448275862068966,0.5526470114022356,0.0,0.0
906,1,12.0,16.0,1.3333333333333333,0.12121212121212122,0.18181818181818182,0.2727272727272727,0.3333333333333333,0.3333333333333333,0.2222222222222222,0.4444444444444444,0.5833333333333334,0.0,0.2857142857142857,0.2857142857142857,0.5,0.4330127018922193,0.3333333333333333,0.43301270189221935,NaN,NaN,NaN,NaN,1.7777777777777777,1.3017082793177757,2.1666666666666665,0.8348471099367218,3.5,0.4444444444444444,0.45529294598825787,2.0,5.0,1.3846153846153846,0.4961389383568338,0.0,0.0
907,1,12.0,25.0,2.0833333333333335,0.1893939393939394,0.18181818181818182,0.09090909090909091,0.3333333333333333,0.3333333333333333,0.2222222222222222,0.6666666666666666,0.5833333333333334,0.0,0.2857142857142857,0.2857142857142857,0.7395404663923181,0.1819021252345041,0.42592592592592593,0.40061680838488767,NaN,NaN,NaN,NaN,2.7777777777777777,1.6414763002993509,2.342361111111111,1.0119477274215989,3.7857142857142856,0.6666666666666666,0.6021901558055024,3.0,5.0,1.4878048780487805,0.6372578449698442,0.0,0.0
908,1,12.0,29.0,2.4166666666666665,0.2196969696969697,0.18181818181818182,0.09090909090909091,0.2222222222222222,0.4444444444444444,0.2222222222222222,0.5555555555555556,0.5833333333333334,0.0,0.2857142857142857,0.42857142857142855,0.42673107890499196,0.39097618493330066,0.31385281385281383,0.42085236657808733,NaN,NaN,NaN,NaN,3.2222222222222223,3.562926387738658,2.1574074074074074,0.8524189299714007,3.5,0.3333333333333333,0.6430843186210432,3.0,5.0,1.25,0.5,0.16666666666666666,0.0
909,1,12.0,19.0,1.5833333333333333,0.14393939393939395,0.18181818181818182,0.09090909090909091,0.4444444444444444,0.4444444444444444,0.2222222222222222,0.4444444444444444,0.5833333333333334,0.0,0.2857142857142857,0.42857142857142855,0.5659722222222222,0.4009401927899527,0.3333333333333333,0.4330127018922194,NaN,NaN,NaN,NaN,2.111111111111111,1.7638342073763935,2.225,0.9323723407620916,3.6,0.3333333333333333,0.4311008619991084,3.0,5.0,1.4375,0.564400909900732,0.0,0.0
91,1,12.0,23.0,1.9166666666666667,0.17424242424242425,0.18181818181818182,0.09090909090909091,0.3333333333333333,0.3333333333333333,0.2222222222222222,0.5555555555555556,0.5833333333333334,0.0,0.2857142857142857,0.2857142857142857,0.5578703703703703,0.365590539950413,0.3465608465608465,0.4125839279546041,NaN,NaN,NaN,NaN,2.5555555555555554,2.3511226632776476,2.2411616161616164,0.89349473774054,3.5454545454545454,0.4444444444444444,0.6414366970374314,3.0,5.0,1.393939393939394,0.555618683282088,0.0,0.0
910,1,12.0,26.0,2.1666666666666665,0.19696969696969696,0.18181818181818182,0.2727272727272727,0.2222222222222222,0.3333333333333333,0.2222222222222222,0.7777777777777778,0.5833333333333334,0.0,0.2857142857142857,0.42857142857142855,0.7759934413580248,0.16865266794334063,0.44814814814814813,0.39470844060701277,NaN,NaN,NaN,NaN,2.888888888888889,1.5365907428821481,2.286111111111111,0.9262197345300933,3.5,0.5555555555555556,0.6589619686054546,3.0,7.0,1.5,0.6287677132370127,0.0,0.0
911,1,12.0,19.0,1.5833333333333333,0.14393939393939395,0.18181818181818182,0.2727272727272727,0.3333333333333333,0.4444444444444444,0.2222222222222222,0.4444444444444444,0.5833333333333334,0.0,0.2857142857142857,0.42857142857142855,0.3462962962962963,0.4122076217839623,0.29444444444444445,0.4245913067618999,NaN,NaN,NaN,NaN,2.111111111111111,1.536590742882148,2.2916666666666665,1.075730900224108,4.5,0.3333333333333333,0.898341551894183,3.0,5.0,1.4137931034482758,0.5680317759792736,0.0,0.0
912,1,12.0,17.0,1.4166666666666667,0.12878787878787878,0.18181818181818182,0.18181818181818182,0.2222222222222222,0.4444444444444444,0.3333333333333333,0.5555555555555556,0.5833333333333334,0.0,0.42857142857142855,0.2857142857142857,0.5555555555555556,0.4639803635691685,0.40476190476190477,0.47380354147934284,NaN,NaN,NaN,NaN,1.8888888888888888,1.9649710204252657,2.09375,0.7781187248742958,3.125,0.3333333333333333,0.5564420521069028,2.0,4.0,1.2380952380952381,0.4364357804719847,0.0,0.0
913,1,12.0,21.0,1.75,0.1590909090909091,0.18181818181818182,0.09090909090909091,0.1111111111111111,0.6666666666666666,0.4444444444444444,0.6666666666666666,0.5833333333333334,0.0,0.5714285714285714,0.42857142857142855,0.7333333333333333,0.4242640687119285,0.4788359788359789,0.4980751561502534,NaN,NaN,NaN,NaN,2.3333333333333335,2.3979157616563596,2.040719696969697,0.803697817906013,3.3636363636363633,0.2222222222222222,0.5550467670536297,3.0,4.0,1.3076923076923077,0.5491251783869153,0.0,0.0
914,1,12.0,24.0,2.0,0.18181818181818182,0.18181818181818182,0.09090909090909091,0.3333333333333333,0.3333333333333333,0.2222222222222222,0.5555555555555556,0.5833333333333334,0.0,0.2857142857142857,0.42857142857142855,0.5915404040404042,0.3081015061767084,0.3333333333333333,0.41457809879442503,NaN,NaN,NaN,NaN,2.6666666666666665,1.5811388300841898,2.4791666666666665,1.1732094674632723,4.333333333333334,0.4444444444444444,0.8373093553291634,4.0,6.0,1.7173913043478262,0.860569410416689,0.3333333333333333,0.0
915,1,12.0,34.0,2.8333333333333335,0.25757575757575757,0.18181818181818182,0.09090909090909091,0.1111111111111111,0.3333333333333333,0.2222222222222222,0.6666666666666666,0.5833333333333334,0.0,0.2857142857142857,0.42857142857142855,0.5555246913580247,0.3349538284829172,0.3627946127946127,0.4158125620106304,NaN,NaN,NaN,NaN,3.7777777777777777,3.192874010111336,2.2619047619047623,0.9147883719250011,3.5,0.4444444444444444,0.7314230297338379,3.0,7.0,1.3333333333333333,0.5640760748177662,0.0,0.0
916,1,12.0,25.0,2.0833333333333335,0.1893939393939394,0.18181818181818182,0.18181818181818182,0.2222222222222222,0.3333333333333333,0.2222222222222222,0.7777777777777778,0.5833333333333334,0.0,0.2857142857142857,0.42857142857142855,0.8003703703703704,0.1732487329153957,0.44814814814814813,0.369726291821663,NaN,NaN,NaN,NaN,2.7777777777777777,1.5634719199411433,2.364239926739927,1.0017456702866598,3.6923076923076925,0.4444444444444444,0.754209396514393,3.0,7.0,1.5333333333333334,0.6252272314199782,0.16666666666666666,0.0
917,1,11.0,13.0,1.1818181818181819,0.11818181818181818,0.2,0.4,0.25,0.5,0.375,0.5,0.5454545454545454,0.0,0.5,0.3333333333333333,0.625,0.44320263021395917,0.4375,0.49551560448255744,NaN,NaN,NaN,NaN,1.625,0.9161253813129043,2.0378787878787876,0.7900102288047678,3.25,0.375,0.5215273154310718,2.0,5.0,1.3333333333333333,0.48507125007266594,0.0,0.0
918,1,12.0,27.0,2.25,0.20454545454545456,0.18181818181818182,0.2727272727272727,0.1111111111111111,0.3333333333333333,0.2222222222222222,0.8888888888888888,0.5833333333333334,0.0,0.2857142857142857,0.42857142857142855,0.7612433862433862,0.1741883826653797,0.48809523809523814,0.3525498308324011,NaN,NaN,NaN,NaN,3.0,1.8708286933869707,2.1904761904761907,0.8363889557262044,3.333333333333333,0.5555555555555556,0.6778239569299492,3.0,5.0,1.2941176470588236,0.5239368319955838,0.0,0.0
919,1,12.0,30.0,2.5,0.22727272727272727,0.18181818181818182,0.18181818181818182,0.2222222222222222,0.3333333333333333,0.2222222222222222,0.6666666666666666,0.5833333333333334,0.0,0.2857142857142857,0.42857142857142855,0.5727513227513228,0.36189518923569225,0.3277777777777778,0.3969501787938185,NaN,NaN,NaN,NaN,3.3333333333333335,3.0413812651491097,2.1980769230769233,0.8278641579467674,3.0769230769230766,0.3333333333333333,0.7643391773408528,2.0,5.0,1.2,0.40583972495671394,0.16666666666666666,0.0
92,1,11.0,19.0,1.7272727272727273,0.17272727272727273,0.2,0.4,0.25,0.25,0.125,0.625,0.5454545454545454,0.0,0.16666666666666666,0.3333333333333333,0.5963541666666666,0.28148413975309455,0.34375,0.36307084227177555,NaN,NaN,NaN,NaN,2.375,1.0606601717798212,2.2530303030303034,0.921557202113725,3.5,0.625,0.6047489128252757,3.0,4.0,1.3928571428571428,0.5669467095138409,0.0,0.0
920,1,12.0,37.0,3.0833333333333335,0.2803030303030303,0.18181818181818182,0.09090909090909091,0.1111111111111111,0.4444444444444444,0.3333333333333333,0.7777777777777778,0.5833333333333334,0.0,0.42857142857142855,0.42857142857142855,0.6469184027777778,0.33377554488955513,0.4282267115600449,0.4379693937433418,NaN,NaN,NaN,NaN,4.111111111111111,3.723051317281446,2.149206349206349,0.8186456612919583,3.1,0.3333333333333333,0.7252504858176543,3.0,7.0,1.25,0.48823364593527946,0.0,0.0
921,1,12.0,25.0,2.0833333333333335,0.1893939393939394,0.18181818181818182,0.09090909090909091,0.3333333333333333,0.3333333333333333,0.2222222222222222,0.6666666666666666,0.5833333333333334,0.0,0.2857142857142857,0.42857142857142855,0.6787037037037037,0.21380770465046678,0.372053872053872,0.39677816851317893,NaN,NaN,NaN,NaN,2.7777777777777777,3.1928740101113355,2.2800438596491226,0.9193267893257893,3.4,0.4444444444444444,0.7322465085032109,3.0,6.0,1.435897435897436,0.5522619418008753,0.0,0.0
922,1,11.0,17.0,1.5454545454545454,0.15454545454545454,0.2,0.2,0.375,0.5,0.25,0.5,0.5454545454545454,0.0,0.3333333333333333,0.5,0.5833333333333333,0.38832158167381164,0.375,0.45206756062017917,NaN,NaN,NaN,NaN,2.125,1.1259916264596033,2.3181818181818183,1.1889644080612185,4.5,0.125,0.6846531968814576,4.0,6.0,1.6774193548387097,0.8321496970374801,0.0,0.0
923,1,12.0,18.0,1.5,0.13636363636363635,0.18181818181818182,0.18181818181818182,0.3333333333333333,0.5555555555555556,0.2222222222222222,0.5555555555555556,0.5833333333333334,0.0,0.2857142857142857,0.2857142857142857,0.55,0.3950870157319777,0.3611111111111111,0.4166666666666667,NaN,NaN,NaN,NaN,2.0,1.5,2.061904761904762,0.7757773845646564,3.142857142857143,0.2222222222222222,0.34571251089512095,2.0,4.0,1.28,0.45825756949558405,0.0,0.0
924,1,10.0,25.0,2.5,0.2777777777777778,0.2222222222222222,0.1111111111111111,0.14285714285714285,0.2857142857142857,0.14285714285714285,0.5714285714285714,0.5,0.0,0.2,0.4,0.5584415584415584,0.3158195827255142,0.2984126984126984,0.38954593021366773,NaN,NaN,NaN,NaN,3.5714285714285716,2.9920529661723827,2.2283065953654186,0.954971126612293,3.333333333333333,0.5714285714285714,0.8415370168690339,3.0,6.0,1.3529411764705883,0.5439670746038949,0.4,0.0
925,1,11.0,21.0,1.9090909090909092,0.19090909090909092,0.2,0.1,0.375,0.5,0.25,0.5,0.5454545454545454,0.0,0.3333333333333333,0.5,0.6421568627450981,0.32566564067816106,0.3375,0.4438065859293728,NaN,NaN,NaN,NaN,2.625,3.0676887530703447,2.1386363636363637,0.8952208970670058,3.4,0.25,0.6455364140811592,2.0,5.0,1.3548387096774193,0.4863734571139201,0.18181818181818182,0.0
926,1,11.0,22.0,2.0,0.2,0.2,0.1,0.375,0.375,0.25,0.5,0.5454545454545454,0.0,0.3333333333333333,0.3333333333333333,0.5787037037037036,0.38740583932427197,0.30000000000000004,0.4407785320154718,NaN,NaN,NaN,NaN,2.75,3.24037034920393,2.227272727272727,0.9317627477967866,3.5,0.125,0.8387271329003274,2.0,5.0,1.2962962962962963,0.46532162696807516,0.18181818181818182,0.0
927,1,12.0,25.0,2.0833333333333335,0.1893939393939394,0.18181818181818182,0.09090909090909091,0.3333333333333333,0.4444444444444444,0.2222222222222222,0.5555555555555556,0.5833333333333334,0.0,0.2857142857142857,0.42857142857142855,0.4571428571428571,0.40046210552208766,0.3611111111111111,0.42491829279939874,NaN,NaN,NaN,NaN,2.7777777777777777,2.386303510546059,2.270517676767677,0.997615983799647,4.0,0.3333333333333333,0.7047464617683169,3.0,6.0,1.3235294117647058,0.5348796656113336,0.0,0.0
928,1,12.0,26.0,2.1666666666666665,0.19696969696969696,0.18181818181818182,0.2727272727272727,0.2222222222222222,0.3333333333333333,0.2222222222222222,0.7777777777777778,0.5833333333333334,0.0,0.2857142857142857,0.2857142857142857,0.7414094650205761,0.16313764954566326,0.4388888888888889,0.383152131085755,NaN,NaN,NaN,NaN,2.888888888888889,1.5365907428821477,2.254166666666667,0.8865685466329086,3.5,0.4444444444444444,0.7125664611378096,3.0,6.0,1.4,0.5453768398418632,0.16666666666666666,0.0
929,1,12.0,25.0,2.0833333333333335,0.1893939393939394,0.18181818181818182,0.18181818181818182,0.3333333333333333,0.3333333333333333,0.2222222222222222,0.5555555555555556,0.5833333333333334,0.0,0.2857142857142857,0.2857142857142857,0.6878306878306879,0.2179358251240763,0.3462962962962963,0.4283185614976974,NaN,NaN,NaN,NaN,2.7777777777777777,2.3863035105460586,2.3613816738816737,0.9834632302201516,3.571428571428571,0.4444444444444444,0.822519373673936,3.0,6.0,1.5121951219512195,0.6372578449698441,0.0,0.0
93,1,12.0,21.0,1.75,0.1590909090909091,0.18181818181818182,0.2727272727272727,0.2222222222222222,0.3333333333333333,0.2222222222222222,0.5555555555555556,0.5833333333333334,0.0,0.2857142857142857,0.2857142857142857,0.41435185185185186,0.40456976843415304,0.3462962962962963,0.42831856149769737,NaN,NaN,NaN,NaN,2.3333333333333335,1.414213562373095,2.1408730158730163,0.8178498700555248,3.5,0.5555555555555556,0.6438390083012222,3.0,4.0,1.3333333333333333,0.5547001962252291,0.0,0.0
930,1,11.0,18.0,1.6363636363636365,0.16363636363636364,0.2,0.2,0.25,0.5,0.375,0.625,0.5454545454545454,0.0,0.5,0.3333333333333333,0.7569444444444444,0.21492368614956517,0.48333333333333334,0.48040987791015577,NaN,NaN,NaN,NaN,2.25,1.5811388300841898,2.2482782369146004,1.033086374721007,3.75,0.5,0.8083883986409695,4.0,5.0,1.6875,0.8206016675429032,0.18181818181818182,0.0
931,1,11.0,23.0,2.090909090909091,0.20909090909090908,0.2,0.1,0.25,0.25,0.125,0.625,0.5454545454545454,0.0,0.16666666666666666,0.3333333333333333,0.41203703703703703,0.3176132237579816,0.2854166666666667,0.3405687936006515,NaN,NaN,NaN,NaN,2.875,3.090885217631258,2.1575757575757577,0.8208519840982172,3.0,0.5,0.7186455810996683,2.0,7.0,1.3714285714285714,0.49024089430991125,0.0,0.0
932,1,10.0,19.0,1.9,0.2111111111111111,0.2222222222222222,0.2222222222222222,0.2857142857142857,0.42857142857142855,0.14285714285714285,0.42857142857142855,0.5,0.0,0.2,0.6,0.33428571428571424,0.3409231165945944,0.20238095238095238,0.3659625273557,NaN,NaN,NaN,NaN,2.7142857142857144,2.2146697055682827,2.05,0.8399735445569435,3.25,0.42857142857142855,0.516185401208764,2.0,5.0,1.3076923076923077,0.4706787243316417,0.0,0.0
933,1,10.0,13.0,1.3,0.14444444444444443,0.2222222222222222,0.2222222222222222,0.42857142857142855,0.42857142857142855,0.14285714285714285,0.14285714285714285,0.5,0.0,0.2,0.4,0.17142857142857143,0.37289089429432176,0.14285714285714285,0.37796447300922725,NaN,NaN,NaN,NaN,1.8571428571428572,1.5735915849388864,2.1399999999999997,0.928798507032966,3.4,0.14285714285714285,0.5262348115842176,2.0,5.0,1.3157894736842106,0.4775669329409193,0.0,0.0
934,1,10.0,14.0,1.4,0.15555555555555556,0.2222222222222222,0.3333333333333333,0.2857142857142857,0.42857142857142855,0.2857142857142857,0.5714285714285714,0.5,0.0,0.4,0.2,0.6285714285714287,0.39036002917941326,0.38571428571428573,0.4561745697594706,NaN,NaN,NaN,NaN,2.0,1.7320508075688772,2.1166666666666667,0.9028418780662113,3.333333333333333,0.2857142857142857,0.7293138260712304,3.0,5.0,1.4285714285714286,0.5976143046671968,0.2,0.0
935,1,12.0,13.0,1.0833333333333333,0.09848484848484848,0.18181818181818182,0.36363636363636365,0.2222222222222222,0.6666666666666666,0.4444444444444444,0.5555555555555556,0.5833333333333334,0.0,0.5714285714285714,0.42857142857142855,0.6481481481481481,0.4444444444444444,0.5,0.5,NaN,NaN,NaN,NaN,1.4444444444444444,0.7264831572567789,1.9583333333333333,0.6894771844512245,3.0,0.1111111111111111,0.32025630761017426,2.0,3.0,1.25,0.4472135954999579,0.0,0.0
936,1,11.0,27.0,2.4545454545454546,0.24545454545454545,0.2,0.1,0.125,0.5,0.25,0.5,0.5454545454545454,0.0,0.3333333333333333,0.5,0.4887152777777778,0.39273076595859313,0.3375,0.4438065859293728,NaN,NaN,NaN,NaN,3.375,3.1594529363709247,2.0393939393939395,0.7812835851366906,3.0,0.25,0.5857790271874065,2.0,5.0,1.2424242424242424,0.43519413988924466,0.0,0.0
937,1,11.0,25.0,2.272727272727273,0.22727272727272727,0.2,0.1,0.125,0.375,0.25,0.5,0.5454545454545454,0.0,0.3333333333333333,0.5,0.6546875,0.24751207760512547,0.3645833333333333,0.4541202466447608,NaN,NaN,NaN,NaN,3.125,2.100170061141308,2.203266430539158,0.9325455349616703,3.5454545454545454,0.5,0.6279821379329704,3.0,7.0,1.475,0.6400120191179106,0.0,0.0
938,1,12.0,28.0,2.3333333333333335,0.21212121212121213,0.18181818181818182,0.09090909090909091,0.1111111111111111,0.4444444444444444,0.2222222222222222,0.7777777777777778,0.5833333333333334,0.0,0.2857142857142857,0.2857142857142857,0.5716999050332383,0.3636672903925736,0.4553872053872054,0.3830151325683481,NaN,NaN,NaN,NaN,3.111111111111111,3.2188679859713276,2.0875,0.7627411027989707,3.05,0.4444444444444444,0.5884079472648783,2.0,5.0,1.25,0.43915503282683993,0.16666666666666666,0.0
939,1,11.0,26.0,2.3636363636363638,0.23636363636363636,0.2,0.1,0.25,0.375,0.25,0.625,0.5454545454545454,0.0,0.3333333333333333,0.5,0.5891203703703703,0.31829455258082234,0.4,0.42426406871192857,NaN,NaN,NaN,NaN,3.25,3.1509635714446826,2.118181818181818,0.8388303545034381,3.3,0.375,0.6069469625796108,2.0,5.0,1.2258064516129032,0.4250237185032414,0.0,0.0
94,1,12.0,19.0,1.5833333333333333,0.14393939393939395,0.18181818181818182,0.18181818181818182,0.3333333333333333,0.4444444444444444,0.2222222222222222,0.4444444444444444,0.5833333333333334,0.0,0.2857142857142857,0.42857142857142855,0.4666666666666667,0.4,0.3148148148148148,0.42853468390393096,NaN,NaN,NaN,NaN,2.111111111111111,1.964971020425266,2.240740740740741,0.9570851433219132,3.666666666666667,0.4444444444444444,0.6345695446261237,3.0,5.0,1.4285714285714286,0.634126487474228,0.0,0.0
940,1,11.0,14.0,1.2727272727272727,0.12727272727272726,0.2,0.5,0.375,0.5,0.25,0.375,0.5454545454545454,0.0,0.3333333333333333,0.3333333333333333,0.4166666666666667,0.4960158727618966,0.2708333333333333,0.45371045238475016,NaN,NaN,NaN,NaN,1.75,1.7525491637693282,2.0757575757575757,0.8143287500336169,3.0,0.125,0.46684978092392626,2.0,4.0,1.1764705882352942,0.3929526239966878,0.0,0.0
941,1,11.0,32.0,2.909090909090909,0.2909090909090909,0.2,0.1,0.125,0.25,0.125,0.75,0.5454545454545454,0.0,0.16666666666666666,0.5,0.5550403225806452,0.2816252781789135,0.33125000000000004,0.33051637089344216,NaN,NaN,NaN,NaN,4.0,3.4641016151377544,2.253679653679654,0.8905757288627479,3.1,0.375,0.8607039945376993,3.0,7.0,1.391304347826087,0.5365842946956327,0.36363636363636365,0.0
942,1,11.0,22.0,2.0,0.2,0.2,0.1,0.375,0.5,0.25,0.5,0.5454545454545454,0.0,0.3333333333333333,0.5,0.44560185185185186,0.42576594361446585,0.35833333333333334,0.4562615512779958,NaN,NaN,NaN,NaN,2.75,3.1509635714446826,2.212121212121212,1.0140428138312643,4.0,0.125,0.7597371763975863,3.0,6.0,1.3333333333333333,0.5466722735905339,0.0,0.0
943,1,11.0,31.0,2.8181818181818183,0.2818181818181818,0.2,0.1,0.25,0.375,0.25,0.625,0.5454545454545454,0.0,0.3333333333333333,0.5,0.7394029581529582,0.17052194445599358,0.38333333333333336,0.438974273390153,NaN,NaN,NaN,NaN,3.875,3.044315545875155,2.318044077134986,1.0275928024112433,3.7142857142857144,0.625,0.8074143909340323,3.0,7.0,1.372093023255814,0.5355573782764612,0.36363636363636365,0.0
944,1,12.0,30.0,2.5,0.22727272727272727,0.18181818181818182,0.09090909090909091,0.2222222222222222,0.3333333333333333,0.2222222222222222,0.6666666666666666,0.5833333333333334,0.0,0.2857142857142857,0.42857142857142855,0.61331569664903,0.30193374467025036,0.34259259259259256,0.39625951715797514,NaN,NaN,NaN,NaN,3.3333333333333335,2.692582403567252,2.23510101010101,0.8813837487264731,3.4545454545454546,0.5555555555555556,0.6481178892697207,2.0,6.0,1.3,0.46409548089225705,0.0,0.0
945,1,11.0,24.0,2.1818181818181817,0.21818181818181817,0.2,0.1,0.125,0.375,0.25,0.75,0.5454545454545454,0.0,0.3333333333333333,0.5,0.5972222222222222,0.3316757729201089,0.4,0.40266966255586867,NaN,NaN,NaN,NaN,3.0,3.116774889895918,2.1757575757575762,0.9170109546287281,3.666666666666667,0.5,0.6918376192903783,3.0,4.0,1.3448275862068966,0.6138788892284814,0.0,0.0
946,1,12.0,24.0,2.0,0.18181818181818182,0.18181818181818182,0.18181818181818182,0.1111111111111111,0.3333333333333333,0.2222222222222222,0.6666666666666666,0.5833333333333334,0.0,0.2857142857142857,0.2857142857142857,0.5460317460317461,0.3276065240200489,0.39814814814814814,0.39479640009866374,NaN,NaN,NaN,NaN,2.6666666666666665,2.2912878474779204,2.3228174603174603,0.9653433131044983,3.666666666666667,0.5555555555555556,0.9050473504080656,4.0,7.0,1.697674418604651,0.8319479070496523,0.3333333333333333,0.0
947,1,12.0,24.0,2.0,0.18181818181818182,0.18181818181818182,0.18181818181818182,0.2222222222222222,0.5555555555555556,0.4444444444444444,0.5555555555555556,0.5833333333333334,0.0,0.5714285714285714,0.42857142857142855,0.8194444444444444,0.3472048606770616,0.47619047619047616,0.5050762722761054,NaN,NaN,NaN,NaN,2.6666666666666665,2.345207879911715,2.1342592592592595,0.898139470262496,3.5555555555555554,0.3333333333333333,0.5882822430560688,3.0,6.0,1.393939393939394,0.6092717958449424,0.0,0.0
948,1,12.0,17.0,1.4166666666666667,0.12878787878787878,0.18181818181818182,0.2727272727272727,0.3333333333333333,0.4444444444444444,0.2222222222222222,0.4444444444444444,0.5833333333333334,0.0,0.2857142857142857,0.42857142857142855,0.4907407407407407,0.3690369515440673,0.35185185185185186,0.4444444444444444,NaN,NaN,NaN,NaN,1.8888888888888888,1.0540925533894598,2.236111111111111,1.0086953603374658,4.0,0.3333333333333333,0.5254938542453881,4.0,5.0,1.5555555555555556,0.8006407690254357,0.0,0.0
949,1,11.0,17.0,1.5454545454545454,0.15454545454545454,0.2,0.2,0.25,0.375,0.25,0.5,0.5454545454545454,0.0,0.3333333333333333,0.3333333333333333,0.5052083333333334,0.4048549000313138,0.35416666666666663,0.440395745549855,NaN,NaN,NaN,NaN,2.125,1.3562026818605375,2.1075757575757574,0.8310423052596739,3.25,0.375,0.5165618963981543,3.0,5.0,1.375,0.5757792451369143,0.0,0.0
95,1,11.0,18.0,1.6363636363636365,0.16363636363636364,0.2,0.1,0.25,0.5,0.25,0.5,0.5454545454545454,0.0,0.3333333333333333,0.5,0.4875,0.39448077185723435,0.3229166666666667,0.4374291325823487,NaN,NaN,NaN,NaN,2.25,1.5811388300841898,2.055555555555556,0.821395981256721,3.4444444444444446,0.375,0.37750481402530633,2.0,4.0,1.3333333333333333,0.4803844614152614,0.0,0.0
950,1,12.0,13.0,1.0833333333333333,0.09848484848484848,0.18181818181818182,0.45454545454545453,0.2222222222222222,0.5555555555555556,0.3333333333333333,0.4444444444444444,0.5833333333333334,0.0,0.42857142857142855,0.2857142857142857,0.4722222222222222,0.44095855184409843,0.3611111111111111,0.4859126579037751,NaN,NaN,NaN,NaN,1.4444444444444444,1.0137937550497031,2.0416666666666665,0.7821396449755147,3.5,0.3333333333333333,0.3535533905932738,3.0,4.0,1.3333333333333333,0.5940885257860046,0.0,0.0
951,1,10.0,10.0,1.0,0.1111111111111111,0.2222222222222222,0.3333333333333333,0.2857142857142857,0.5714285714285714,0.2857142857142857,0.42857142857142855,0.5,0.0,0.4,0.2,0.38095238095238093,0.48795003647426655,0.32142857142857145,0.472455591261534,NaN,NaN,NaN,NaN,1.4285714285714286,1.1338934190276815,2.0166666666666666,0.8405245275906478,3.166666666666667,0.14285714285714285,0.51550047598498,2.0,3.0,1.3076923076923077,0.48038446141526137,0.0,0.0
952,1,12.0,22.0,1.8333333333333333,0.16666666666666666,0.18181818181818182,0.18181818181818182,0.2222222222222222,0.3333333333333333,0.2222222222222222,0.6666666666666666,0.5833333333333334,0.0,0.2857142857142857,0.42857142857142855,0.6203703703703703,0.3105455859560559,0.3925925925925926,0.3974843734796298,NaN,NaN,NaN,NaN,2.4444444444444446,1.4240006242195886,2.2958333333333334,1.0165828331059188,4.0,0.5555555555555556,0.5881020295101839,3.0,6.0,1.5675675675675675,0.6888210758059559,0.0,0.0
953,1,9.0,12.0,1.3333333333333333,0.16666666666666666,0.25,0.375,0.5,0.3333333333333333,0.16666666666666666,0.3333333333333333,0.4444444444444444,0.0,0.25,0.25,0.5888888888888889,0.22476324992871616,0.27777777777777773,0.4430533786083753,NaN,NaN,NaN,NaN,2.0,1.2649110640673518,2.377777777777778,1.2364824660660938,4.0,0.5,0.7120653320005383,3.0,5.0,1.7692307692307692,0.7646014547562571,0.2222222222222222,0.0
954,1,12.0,24.0,2.0,0.18181818181818182,0.18181818181818182,0.09090909090909091,0.2222222222222222,0.3333333333333333,0.2222222222222222,0.6666666666666666,0.5833333333333334,0.0,0.2857142857142857,0.42857142857142855,0.6140046296296295,0.3362144010252834,0.35000000000000003,0.40155946010522525,NaN,NaN,NaN,NaN,2.6666666666666665,1.8027756377319946,2.34375,0.9860333053669785,3.625,0.4444444444444444,0.8304903194453451,3.0,7.0,1.5909090909090908,0.6583341138789853,0.16666666666666666,0.0
955,1,12.0,22.0,1.8333333333333333,0.16666666666666666,0.18181818181818182,0.18181818181818182,0.2222222222222222,0.3333333333333333,0.2222222222222222,0.7777777777777778,0.5833333333333334,0.0,0.2857142857142857,0.42857142857142855,0.8148148148148148,0.1793496051409022,0.45185185185185184,0.38518073359251004,NaN,NaN,NaN,NaN,2.4444444444444446,1.5898986690282428,2.359848484848485,1.0445483556148232,4.0,0.2222222222222222,0.731576697931619,4.0,7.0,1.631578947368421,0.8193950514590742,0.0,0.0
956,1,12.0,22.0,1.8333333333333333,0.16666666666666666,0.18181818181818182,0.18181818181818182,0.2222222222222222,0.3333333333333333,0.2222222222222222,0.5555555555555556,0.5833333333333334,0.0,0.2857142857142857,0.42857142857142855,0.6423280423280423,0.3283422634619379,0.35555555555555557,0.41866188956934897,NaN,NaN,NaN,NaN,2.4444444444444446,1.4240006242195886,2.370833333333333,1.0048696752896047,3.857142857142857,0.4444444444444444,0.7150485258925642,4.0,6.0,1.6888888888888889,0.792642938707479,0.16666666666666666,0.0
957,1,12.0,29.0,2.4166666666666665,0.2196969696969697,0.18181818181818182,0.09090909090909091,0.2222222222222222,0.4444444444444444,0.2222222222222222,0.6666666666666666,0.5833333333333334,0.0,0.2857142857142857,0.42857142857142855,0.49845679012345684,0.36152449925710445,0.37407407407407406,0.4044123918922977,NaN,NaN,NaN,NaN,3.2222222222222223,3.073181485764296,2.1634920634920634,0.8501963184915806,3.428571428571429,0.3333333333333333,0.6058697723323925,2.0,5.0,1.263157894736842,0.4462583499902143,0.0,0.0
958,1,12.0,23.0,1.9166666666666667,0.17424242424242425,0.18181818181818182,0.09090909090909091,0.2222222222222222,0.4444444444444444,0.2222222222222222,0.4444444444444444,0.5833333333333334,0.0,0.2857142857142857,0.42857142857142855,0.41830065359477125,0.4369349484458697,0.3148148148148148,0.42853468390393096,NaN,NaN,NaN,NaN,2.5555555555555554,2.6034165586355513,2.207459207459207,0.9090595296718089,3.5,0.4444444444444444,0.6895920419233179,2.0,5.0,1.34375,0.48255870443481425,0.16666666666666666,0.0
959,1,12.0,18.0,1.5,0.13636363636363635,0.18181818181818182,0.36363636363636365,0.3333333333333333,0.4444444444444444,0.2222222222222222,0.4444444444444444,0.5833333333333334,0.0,0.2857142857142857,0.42857142857142855,0.3935185185185185,0.40241842206806727,0.28703703703703703,0.42309850588132825,NaN,NaN,NaN,NaN,2.0,1.8027756377319946,2.1145833333333335,0.7895955763822542,3.0,0.2222222222222222,0.5669981729287804,2.0,5.0,1.3571428571428572,0.4879500364742666,0.0,0.0
96,1,11.0,20.0,1.8181818181818181,0.18181818181818182,0.2,0.1,0.375,0.25,0.125,0.375,0.5454545454545454,0.0,0.16666666666666666,0.3333333333333333,0.24913194444444442,0.33247321030571414,0.19791666666666666,0.3505593602792045,NaN,NaN,NaN,NaN,2.5,1.7728105208558367,2.222222222222222,0.9091442184145171,3.4444444444444446,0.625,0.5358720643919699,2.0,5.0,1.3448275862068966,0.4837252813149745,0.0,0.0
960,1,11.0,26.0,2.3636363636363638,0.23636363636363636,0.2,0.1,0.375,0.25,0.125,0.5,0.5454545454545454,0.0,0.16666666666666666,0.5,0.6939814814814814,0.25848666061037245,0.29583333333333334,0.3843929454450699,NaN,NaN,NaN,NaN,3.25,3.058944729337694,2.438055883510429,1.0955686102691968,3.909090909090909,0.625,0.7561460824524562,3.0,5.0,1.4324324324324325,0.6472394602609756,0.0,0.0
961,1,11.0,10.0,0.9090909090909091,0.09090909090909091,0.2,0.3,0.5,0.5,0.25,0.25,0.5454545454545454,0.0,0.3333333333333333,0.3333333333333333,0.3125,0.45806269065645216,0.25,0.4629100498862757,NaN,NaN,NaN,NaN,1.25,0.4629100498862757,2.227272727272727,1.0335288182638247,4.0,0.125,0.23570226039551584,3.0,4.0,1.5555555555555556,0.7047921864945659,0.0,0.0
962,1,12.0,32.0,2.6666666666666665,0.24242424242424243,0.18181818181818182,0.09090909090909091,0.1111111111111111,0.3333333333333333,0.2222222222222222,0.8888888888888888,0.5833333333333334,0.0,0.2857142857142857,0.42857142857142855,0.7781565656565657,0.20230027884514112,0.44753086419753085,0.3525820882344402,NaN,NaN,NaN,NaN,3.5555555555555554,2.455153310442706,2.2305675805675804,0.8670339503558442,3.3636363636363633,0.6666666666666666,0.6522778254467643,2.0,7.0,1.2954545454545454,0.4615215208036401,0.16666666666666666,0.0
963,1,11.0,26.0,2.3636363636363638,0.23636363636363636,0.2,0.1,0.25,0.25,0.125,0.75,0.5454545454545454,0.0,0.16666666666666666,0.3333333333333333,0.6974537037037037,0.17174490805573453,0.36250000000000004,0.3335416016031583,NaN,NaN,NaN,NaN,3.25,3.1052950170405937,2.3688311688311687,1.033358269693333,4.0,0.25,0.8067781924453198,4.0,6.0,1.5263157894736843,0.7965073116938678,0.18181818181818182,0.0
964,1,12.0,19.0,1.5833333333333333,0.14393939393939395,0.18181818181818182,0.18181818181818182,0.3333333333333333,0.3333333333333333,0.2222222222222222,0.5555555555555556,0.5833333333333334,0.0,0.2857142857142857,0.42857142857142855,0.7731481481481481,0.2492272006239772,0.3796296296296296,0.42718212497860275,NaN,NaN,NaN,NaN,2.111111111111111,1.2692955176439848,2.2589285714285716,0.8786697495401541,3.25,0.2222222222222222,0.6600662336977131,3.0,5.0,1.4193548387096775,0.5641627157943647,0.16666666666666666,0.0
965,1,10.0,11.0,1.1,0.12222222222222222,0.2222222222222222,0.3333333333333333,0.2857142857142857,0.5714285714285714,0.42857142857142855,0.5714285714285714,0.5,0.0,0.6,0.2,0.5714285714285714,0.4498677054212186,0.4642857142857143,0.5088502445991074,NaN,NaN,NaN,NaN,1.5714285714285714,1.133893419027682,2.0,0.8498365855987975,3.5,0.2857142857142857,0.3872983346207417,3.0,4.0,1.375,0.6191391873668903,0.0,0.0
966,1,12.0,31.0,2.5833333333333335,0.23484848484848486,0.18181818181818182,0.09090909090909091,0.1111111111111111,0.4444444444444444,0.3333333333333333,0.8888888888888888,0.5833333333333334,0.0,0.42857142857142855,0.2857142857142857,0.753317901234568,0.20765333984974685,0.5067901234567901,0.4036272438637239,NaN,NaN,NaN,NaN,3.4444444444444446,2.5055493963954847,2.191729323308271,0.8743726427478437,3.428571428571429,0.4444444444444444,0.7146177066951437,3.0,6.0,1.2820512820512822,0.5103516820842346,0.16666666666666666,0.0
967,1,9.0,13.0,1.4444444444444444,0.18055555555555555,0.25,0.125,0.3333333333333333,0.5,0.16666666666666666,0.3333333333333333,0.4444444444444444,0.0,0.25,0.5,0.2380952380952381,0.410740164816149,0.20833333333333334,0.40052049468993056,NaN,NaN,NaN,NaN,2.1666666666666665,2.8577380332470415,2.088888888888889,1.0349449797506682,4.0,0.16666666666666666,0.610170215847752,3.0,4.0,1.2666666666666666,0.5936168397046635,0.0,0.0
968,1,11.0,32.0,2.909090909090909,0.2909090909090909,0.2,0.1,0.125,0.375,0.125,0.625,0.5454545454545454,0.0,0.16666666666666666,0.5,0.4600378787878788,0.32729871780315156,0.3090277777777778,0.3480347635639721,NaN,NaN,NaN,NaN,4.0,3.295017884191656,2.111076423576424,0.8288682860833589,3.230769230769231,0.625,0.6325672719577909,2.0,6.0,1.2307692307692308,0.42683279491835413,0.18181818181818182,0.0
969,1,11.0,24.0,2.1818181818181817,0.21818181818181817,0.2,0.2,0.125,0.625,0.375,0.625,0.5454545454545454,0.0,0.5,0.5,0.6989942528735632,0.43859206389189903,0.4523809523809524,0.47140452079103173,NaN,NaN,NaN,NaN,3.0,2.7774602993176543,2.0446280991735537,0.8407243487037717,3.3,0.375,0.6744306631282336,3.0,5.0,1.3,0.534983080621924,0.18181818181818182,0.0
97,1,12.0,23.0,1.9166666666666667,0.17424242424242425,0.18181818181818182,0.09090909090909091,0.3333333333333333,0.4444444444444444,0.2222222222222222,0.4444444444444444,0.5833333333333334,0.0,0.2857142857142857,0.42857142857142855,0.4914529914529915,0.43345137597199807,0.30000000000000004,0.4301162633521314,NaN,NaN,NaN,NaN,2.5555555555555554,3.0046260628866577,2.1354166666666665,0.8143917371358524,3.125,0.2222222222222222,0.6313902565976784,2.0,5.0,1.3333333333333333,0.478713553878169,0.16666666666666666,0.0
970,1,12.0,25.0,2.0833333333333335,0.1893939393939394,0.18181818181818182,0.09090909090909091,0.3333333333333333,0.3333333333333333,0.2222222222222222,0.5555555555555556,0.5833333333333334,0.0,0.2857142857142857,0.42857142857142855,0.654320987654321,0.29104136380558726,0.3862433862433862,0.4425270431571634,NaN,NaN,NaN,NaN,2.7777777777777777,2.048034287907418,2.475347222222222,1.1470213652830643,3.875,0.6666666666666666,0.8854215686138815,3.0,5.0,1.5609756097560976,0.7088293337540735,0.16666666666666666,0.0
971,1,11.0,25.0,2.272727272727273,0.22727272727272727,0.2,0.1,0.125,0.375,0.25,0.75,0.6363636363636364,0.0,0.2857142857142857,0.42857142857142855,0.6486742424242424,0.3163972190921496,0.44583333333333336,0.41132287553272306,NaN,NaN,NaN,NaN,3.125,3.090885217631258,2.1114081996434937,0.8440063091529011,3.333333333333333,0.5,0.6192224953782925,3.0,5.0,1.303030303030303,0.5294365215047317,0.18181818181818182,0.0
972,1,12.0,28.0,2.3333333333333335,0.21212121212121213,0.18181818181818182,0.09090909090909091,0.3333333333333333,0.3333333333333333,0.2222222222222222,0.5555555555555556,0.5833333333333334,0.0,0.2857142857142857,0.42857142857142855,0.6652421652421653,0.25102063557747295,0.3351851851851852,0.43384940779258335,NaN,NaN,NaN,NaN,3.111111111111111,2.803767306876787,2.366865079365079,1.0030978908442052,3.666666666666667,0.5555555555555556,0.7332168113213362,3.0,6.0,1.5106382978723405,0.6551581430574079,0.16666666666666666,0.0
973,1,12.0,30.0,2.5,0.22727272727272727,0.18181818181818182,0.09090909090909091,0.2222222222222222,0.3333333333333333,0.2222222222222222,0.6666666666666666,0.5833333333333334,0.0,0.2857142857142857,0.42857142857142855,0.5975783475783476,0.3113766426082471,0.3627946127946127,0.3987620817441842,NaN,NaN,NaN,NaN,3.3333333333333335,3.2015621187164243,2.189099326599327,0.8375884756116421,3.3636363636363633,0.5555555555555556,0.6822378592798525,3.0,7.0,1.3414634146341464,0.5296109939172796,0.16666666666666666,0.0
974,1,12.0,32.0,2.6666666666666665,0.24242424242424243,0.18181818181818182,0.09090909090909091,0.1111111111111111,0.3333333333333333,0.2222222222222222,0.7777777777777778,0.5833333333333334,0.0,0.2857142857142857,0.42857142857142855,0.6266031746031746,0.30592410838425754,0.4055555555555556,0.38115322086764236,NaN,NaN,NaN,NaN,3.5555555555555554,2.455153310442706,2.322285353535354,0.9516296615185529,3.5454545454545454,0.4444444444444444,0.8035663518301143,3.0,7.0,1.3636363636363635,0.5742906277822775,0.16666666666666666,0.0
975,1,11.0,28.0,2.5454545454545454,0.2545454545454545,0.2,0.1,0.125,0.375,0.125,0.625,0.5454545454545454,0.0,0.16666666666666666,0.5,0.4375,0.32043497223082784,0.3166666666666667,0.3482381961672804,NaN,NaN,NaN,NaN,3.5,3.1622776601683795,2.1060468942821884,0.8274938704532949,3.3076923076923075,0.625,0.6120740862614611,2.0,6.0,1.3076923076923077,0.467571900119518,0.18181818181818182,0.0
976,1,12.0,17.0,1.4166666666666667,0.12878787878787878,0.18181818181818182,0.36363636363636365,0.3333333333333333,0.3333333333333333,0.2222222222222222,0.6666666666666666,0.5833333333333334,0.0,0.2857142857142857,0.2857142857142857,0.7525252525252525,0.21212121212121213,0.3925925925925926,0.3974843734796298,NaN,NaN,NaN,NaN,1.8888888888888888,1.3642254619787415,2.341666666666667,0.9912878064172458,4.0,0.1111111111111111,0.735596996443345,4.0,6.0,1.6875,0.8206016675429032,0.16666666666666666,0.0
977,1,10.0,18.0,1.8,0.2,0.2222222222222222,0.1111111111111111,0.2857142857142857,0.42857142857142855,0.14285714285714285,0.5714285714285714,0.5,0.0,0.2,0.4,0.4375,0.34798527267687634,0.2936507936507936,0.36671476356025146,NaN,NaN,NaN,NaN,2.5714285714285716,2.935821455580639,2.138333333333333,0.9222908274348013,3.25,0.2857142857142857,0.7258205983789846,3.0,5.0,1.3043478260869565,0.5587959953568722,0.0,0.0
978,1,11.0,13.0,1.1818181818181819,0.11818181818181818,0.2,0.4,0.375,0.5,0.375,0.5,0.5454545454545454,0.0,0.5,0.5,0.8333333333333333,0.3563483225498992,0.4583333333333333,0.5019802057692385,NaN,NaN,NaN,NaN,1.625,0.9161253813129043,2.0454545454545454,0.7891307069980693,3.0,0.125,0.3202563076101744,2.0,3.0,1.2,0.41403933560541256,0.0,0.0
979,1,12.0,23.0,1.9166666666666667,0.17424242424242425,0.18181818181818182,0.09090909090909091,0.2222222222222222,0.4444444444444444,0.2222222222222222,0.5555555555555556,0.5833333333333334,0.0,0.2857142857142857,0.42857142857142855,0.46560846560846564,0.4151521985327623,0.34259259259259256,0.4134132240593672,NaN,NaN,NaN,NaN,2.5555555555555554,2.1278575558006176,2.1638888888888888,0.8534491319788315,3.5,0.3333333333333333,0.5262039961709697,3.0,5.0,1.3714285714285714,0.5469549011258115,0.0,0.0
98,1,11.0,16.0,1.4545454545454546,0.14545454545454545,0.2,0.2,0.25,0.5,0.25,0.5,0.5454545454545454,0.0,0.3333333333333333,0.5,0.546875,0.3896971122368169,0.3625,0.4405759217854998,NaN,NaN,NaN,NaN,2.0,1.6035674514745464,2.121212121212121,0.9131475148290028,3.666666666666667,0.5,0.4886441938140145,3.0,6.0,1.5483870967741935,0.6238968759562409,0.0,0.0
980,1,10.0,17.0,1.7,0.18888888888888888,0.2222222222222222,0.1111111111111111,0.14285714285714285,0.7142857142857143,0.42857142857142855,0.7142857142857143,0.5,0.0,0.6,0.4,0.7678571428571429,0.36944742808199665,0.5555555555555556,0.4714045207910317,NaN,NaN,NaN,NaN,2.4285714285714284,2.9920529661723823,1.876923076923077,0.7023956376723665,3.0,0.14285714285714285,0.43589189065765704,2.0,3.0,1.0588235294117647,0.24253562503633302,0.0,0.0
981,1,12.0,16.0,1.3333333333333333,0.12121212121212122,0.18181818181818182,0.36363636363636365,0.2222222222222222,0.4444444444444444,0.2222222222222222,0.6666666666666666,0.5833333333333334,0.0,0.2857142857142857,0.42857142857142855,0.6435185185185185,0.3274951700708777,0.4351851851851852,0.403495529064832,NaN,NaN,NaN,NaN,1.7777777777777777,1.092906420717,2.1694444444444447,0.9271939129376078,4.0,0.3333333333333333,0.5209633171133815,3.0,4.0,1.434782608695652,0.6623708763718499,0.0,0.0
982,1,12.0,23.0,1.9166666666666667,0.17424242424242425,0.18181818181818182,0.09090909090909091,0.2222222222222222,0.5555555555555556,0.4444444444444444,0.6666666666666666,0.5833333333333334,0.0,0.5714285714285714,0.2857142857142857,0.775132275132275,0.23513369788929445,0.5277777777777778,0.4750730937913076,NaN,NaN,NaN,NaN,2.5555555555555554,2.0069324297987157,2.120833333333333,0.8509983738663855,3.416666666666667,0.3333333333333333,0.5767566396183693,2.0,5.0,1.3333333333333333,0.478713553878169,0.0,0.0
983,1,11.0,27.0,2.4545454545454546,0.24545454545454545,0.2,0.1,0.125,0.375,0.25,0.75,0.5454545454545454,0.0,0.3333333333333333,0.5,0.7129629629629628,0.21299171648540052,0.44166666666666665,0.4143267631552018,NaN,NaN,NaN,NaN,3.375,3.1594529363709247,2.2766233766233763,0.974078329521234,3.333333333333333,0.625,0.845694739079964,3.0,6.0,1.4473684210526316,0.6450379591198859,0.0,0.0
984,1,12.0,21.0,1.75,0.1590909090909091,0.18181818181818182,0.18181818181818182,0.2222222222222222,0.5555555555555556,0.3333333333333333,0.7777777777777778,0.5833333333333334,0.0,0.42857142857142855,0.42857142857142855,0.8341049382716048,0.17026088470771567,0.5555555555555555,0.39965262694272663,NaN,NaN,NaN,NaN,2.3333333333333335,1.7320508075688772,2.1203703703703702,0.8754775298942824,3.666666666666667,0.4444444444444444,0.39066111679006865,3.0,5.0,1.4722222222222223,0.6087979308727327,0.0,0.0
985,1,12.0,14.0,1.1666666666666667,0.10606060606060606,0.18181818181818182,0.2727272727272727,0.4444444444444444,0.5555555555555556,0.3333333333333333,0.4444444444444444,0.5833333333333334,0.0,0.42857142857142855,0.14285714285714285,0.5555555555555556,0.4409585518440985,0.4074074074074074,0.49378857873975496,NaN,NaN,NaN,NaN,1.5555555555555556,1.1303883305208782,2.1527777777777777,0.9085962458909556,3.833333333333333,0.1111111111111111,0.4295623464921122,3.0,4.0,1.4545454545454546,0.5958006000151015,0.0,0.0
986,1,12.0,24.0,2.0,0.18181818181818182,0.18181818181818182,0.09090909090909091,0.2222222222222222,0.3333333333333333,0.2222222222222222,0.5555555555555556,0.5833333333333334,0.0,0.2857142857142857,0.42857142857142855,0.5228535353535353,0.3423621704768878,0.34259259259259256,0.4134132240593672,NaN,NaN,NaN,NaN,2.6666666666666665,1.5,2.4002525252525255,1.031689205692469,3.7142857142857144,0.4444444444444444,0.8583443924193573,3.0,8.0,1.5869565217391304,0.652383219231074,0.3333333333333333,0.0
987,1,12.0,20.0,1.6666666666666667,0.15151515151515152,0.18181818181818182,0.18181818181818182,0.3333333333333333,0.5555555555555556,0.3333333333333333,0.4444444444444444,0.5833333333333334,0.0,0.42857142857142855,0.42857142857142855,0.4930555555555556,0.41890673890828944,0.3611111111111111,0.4859126579037751,NaN,NaN,NaN,NaN,2.2222222222222223,1.3017082793177759,2.1166666666666667,0.8684713145766094,3.5,0.3333333333333333,0.4511972377668341,2.0,5.0,1.3548387096774193,0.48637345711392005,0.16666666666666666,0.0
988,1,12.0,20.0,1.6666666666666667,0.15151515151515152,0.18181818181818182,0.2727272727272727,0.2222222222222222,0.5555555555555556,0.3333333333333333,0.6666666666666666,0.5833333333333334,0.0,0.42857142857142855,0.2857142857142857,0.6666666666666666,0.408248290463863,0.5092592592592592,0.44962261267329573,NaN,NaN,NaN,NaN,2.2222222222222223,2.3333333333333335,2.027777777777778,0.7447911148193194,3.0,0.1111111111111111,0.49559462778335206,2.0,4.0,1.173913043478261,0.38755338788158983,0.0,0.0
989,1,12.0,25.0,2.0833333333333335,0.1893939393939394,0.18181818181818182,0.09090909090909091,0.3333333333333333,0.3333333333333333,0.2222222222222222,0.6666666666666666,0.5833333333333334,0.0,0.2857142857142857,0.42857142857142855,0.7333333333333333,0.23511226632776472,0.35555555555555557,0.4017323597731316,NaN,NaN,NaN,NaN,2.7777777777777777,2.048034287907418,2.3287037037037037,0.9651091403693893,3.7,0.4444444444444444,0.7131631272650985,3.0,6.0,1.475,0.6400120191179106,0.0,0.0
99,1,10.0,24.0,2.4,0.26666666666666666,0.2222222222222222,0.1111111111111111,0.2857142857142857,0.2857142857142857,0.14285714285714285,0.5714285714285714,0.5,0.0,0.2,0.6,0.4666666666666667,0.30550504633038933,0.2603174603174603,0.3594037782741613,NaN,NaN,NaN,NaN,3.4285714285714284,3.04724700110022,2.173333333333333,0.92440170841389,3.4,0.42857142857142855,0.7344962233350133,2.0,5.0,1.2903225806451613,0.4614143753790638,0.2,0.0
990,1,11.0,36.0,3.272727272727273,0.32727272727272727,0.2,0.1,0.125,0.375,0.25,0.75,0.5454545454545454,0.0,0.3333333333333333,0.5,0.616263440860215,0.32277435939865506,0.39375000000000004,0.4057070547645361,NaN,NaN,NaN,NaN,4.5,3.4226138716316967,2.1616161616161613,0.8567332408028813,3.142857142857143,0.5,0.7593047871396326,2.0,7.0,1.1951219512195121,0.4012176588288426,0.36363636363636365,0.0
991,1,11.0,33.0,3.0,0.3,0.2,0.1,0.125,0.25,0.125,0.875,0.5454545454545454,0.0,0.16666666666666666,0.5,0.7286405723905723,0.13499481297986937,0.41041666666666665,0.3223102985810856,NaN,NaN,NaN,NaN,4.125,2.799872446074234,2.3020792338974156,0.93739632874197,3.2222222222222223,0.625,0.8407681764908226,3.0,7.0,1.3695652173913044,0.531609533071195,0.18181818181818182,0.0
992,1,12.0,31.0,2.5833333333333335,0.23484848484848486,0.18181818181818182,0.09090909090909091,0.1111111111111111,0.3333333333333333,0.2222222222222222,0.6666666666666666,0.5833333333333334,0.0,0.2857142857142857,0.42857142857142855,0.4776500638569604,0.37510671891046776,0.36216931216931214,0.41636118809499645,NaN,NaN,NaN,NaN,3.4444444444444446,2.455153310442706,2.16468253968254,0.84102561866608,3.357142857142857,0.5555555555555556,0.6468122817426494,3.0,7.0,1.3255813953488371,0.5219437222243748,0.16666666666666666,0.0
993,1,12.0,19.0,1.5833333333333333,0.14393939393939395,0.18181818181818182,0.2727272727272727,0.1111111111111111,0.5555555555555556,0.3333333333333333,0.6666666666666666,0.5833333333333334,0.0,0.42857142857142855,0.2857142857142857,0.7283950617283951,0.321109122019556,0.48148148148148145,0.45218946100276963,NaN,NaN,NaN,NaN,2.111111111111111,1.69148192751537,2.1472222222222226,0.8907445907362705,3.666666666666667,0.2222222222222222,0.6241095020629811,3.0,6.0,1.4838709677419355,0.625617974056345,0.0,0.0
994,1,11.0,16.0,1.4545454545454546,0.14545454545454545,0.2,0.6,0.375,0.25,0.125,0.375,0.5454545454545454,0.0,0.16666666666666666,0.3333333333333333,0.23958333333333331,0.3434116299996953,0.1875,0.3471825374147068,NaN,NaN,NaN,NaN,2.0,1.3093073414159542,2.227272727272727,0.9045340337332909,3.5,0.375,0.5691733772176395,3.0,5.0,1.391304347826087,0.583027399541909,0.0,0.0
995,1,11.0,12.0,1.0909090909090908,0.10909090909090909,0.2,0.4,0.375,0.5,0.25,0.375,0.5454545454545454,0.0,0.3333333333333333,0.3333333333333333,0.375,0.44320263021395917,0.28125,0.45193038338727726,NaN,NaN,NaN,NaN,1.5,1.0690449676496976,2.090909090909091,0.8312094145936334,3.0,0.0,0.4264014327112209,2.0,4.0,1.368421052631579,0.4955946277833521,0.0,0.0
996,1,12.0,25.0,2.0833333333333335,0.1893939393939394,0.18181818181818182,0.09090909090909091,0.2222222222222222,0.4444444444444444,0.2222222222222222,0.6666666666666666,0.5833333333333334,0.0,0.2857142857142857,0.42857142857142855,0.6267361111111112,0.3144901904052193,0.3888888888888889,0.3974746672570607,NaN,NaN,NaN,NaN,2.7777777777777777,1.4813657362192647,2.1997023809523806,0.9139412631556,3.625,0.5555555555555556,0.5565797673424412,3.0,6.0,1.45,0.5970010522689693,0.0,0.0
997,1,12.0,23.0,1.9166666666666667,0.17424242424242425,0.18181818181818182,0.2727272727272727,0.3333333333333333,0.3333333333333333,0.2222222222222222,0.5555555555555556,0.5833333333333334,0.0,0.2857142857142857,0.42857142857142855,0.6777777777777777,0.3658134011274662,0.3277777777777778,0.41616636630612575,NaN,NaN,NaN,NaN,2.5555555555555554,1.6666666666666667,2.399305555555556,1.0602818994158847,4.0,0.4444444444444444,0.7745665482868963,3.0,5.0,1.4242424242424243,0.6139168831315355,0.16666666666666666,0.0
998,1,10.0,14.0,1.4,0.15555555555555556,0.2222222222222222,0.1111111111111111,0.2857142857142857,0.42857142857142855,0.2857142857142857,0.5714285714285714,0.5,0.0,0.4,0.4,0.7571428571428572,0.28784916685156975,0.4047619047619047,0.44986770542121873,NaN,NaN,NaN,NaN,2.0,1.1547005383792515,2.208333333333333,1.0086432030758503,3.5,0.42857142857142855,0.7277688066257276,3.0,4.0,1.52,0.6531972647421809,0.2,0.0
999,1,12.0,18.0,1.5,0.13636363636363635,0.18181818181818182,0.18181818181818182,0.2222222222222222,0.5555555555555556,0.4444444444444444,0.6666666666666666,0.5833333333333334,0.0,0.5714285714285714,0.2857142857142857,0.7,0.35000000000000003,0.4851851851851852,0.49360102847202614,NaN,NaN,NaN,NaN,2.0,2.0,2.220734126984127,1.0285850140313195,4.333333333333334,0.4444444444444444,0.5475675602326471,4.0,5.0,1.7,0.8769067893689609,0.0,0.0
