SLN_ID,Detritus,S,interactions,L_D,C,Basal,Top,Carniv,Herbiv,Herbiv_true,ProdFeed,Animals,BasalAnimals,AnimHerbiv_true,AnimPred,green_frac_mean,green_frac_sd,green_direct_mean,green_direct_sd,cross_habitat_L,aqu_from_terr,terr_from_aqu,terr_with_aqu,meanInDegree,sdInDegree,mean_NTP,sd_NTP,max_NTP,TrOmniv,q_inCoherence,diameter,max_chain_len,mean_path_len,sd_path_len,loop,Modularity
1,1,19.0,46.0,2.4210526315789473,0.13450292397660818,0.1111111111111111,0.0,0.625,0.3125,0.0625,0.25,0.7368421052631579,0.0,0.07142857142857142,0.5714285714285714,0.5010030864197531,0.32980520246723694,0.14583333333333331,0.29107081994288303,NaN,NaN,NaN,NaN,2.875,2.7294688127912363,2.644374093127556,1.043398927023391,4.166666666666666,0.4375,0.628256915784,4.0,8.0,1.6071428571428572,0.6945199805925966,0.10526315789473684,0.0
10,1,19.0,51.0,2.6842105263157894,0.14912280701754385,0.1111111111111111,0.05555555555555555,0.5625,0.1875,0.0625,0.3125,0.7368421052631579,0.0,0.07142857142857142,0.7142857142857143,0.4030654761904761,0.27351954106133564,0.14375,0.2725649769626807,NaN,NaN,NaN,NaN,3.1875,2.7861263431510066,2.9274954627949183,1.243289532707816,5.0,0.5625,0.6207967785003938,4.0,9.0,1.944,0.9358797827402487,0.2631578947368421,0.0
100,1,19.0,52.0,2.736842105263158,0.15204678362573099,0.1111111111111111,0.05555555555555555,0.5625,0.25,0.0625,0.25,0.7368421052631579,0.0,0.07142857142857142,0.6428571428571429,0.4326171875,0.31989778793633833,0.134375,0.2809025631780529,NaN,NaN,NaN,NaN,3.25,2.32379000772445,2.661184210526316,1.0178698980246657,4.2,0.625,0.6039191774783225,3.0,8.0,1.6346153846153846,0.6544499255128189,0.15789473684210525,0.0
1000,1,19.0,57.0,3.0,0.16666666666666666,0.1111111111111111,0.0,0.5,0.25,0.0625,0.3125,0.7368421052631579,0.0,0.07142857142857142,0.7142857142857143,0.5824413145539905,0.3419072615655601,0.175,0.30392494200109726,NaN,NaN,NaN,NaN,3.5625,3.1191612120354835,2.8342902711323763,1.154461189176202,4.7,0.5625,0.7097250122245381,4.0,9.0,1.6396396396396395,0.7235366773739417,0.10526315789473684,0.0
101,1,19.0,61.0,3.210526315789474,0.1783625730994152,0.1111111111111111,0.0,0.5,0.1875,0.0625,0.4375,0.7368421052631579,0.0,0.07142857142857142,0.6428571428571429,0.6959910702803498,0.23504534955524228,0.22291666666666668,0.30470842164637035,NaN,NaN,NaN,NaN,3.8125,3.25,2.7882623224728484,1.0461872457016186,4.0,0.5,0.5879597055059291,4.0,10.0,1.565217391304348,0.6370220572706061,0.0,0.0
102,1,19.0,44.0,2.3157894736842106,0.1286549707602339,0.1111111111111111,0.05555555555555555,0.625,0.25,0.0,0.3125,0.7368421052631579,0.0,0.0,0.6428571428571429,0.47890625000000003,0.13766798450741308,0.13125,0.21203380233664001,NaN,NaN,NaN,NaN,2.75,2.016597794967223,3.1546475838719608,1.4787454501238257,5.666666666666666,0.375,0.7533616091243639,4.0,9.0,1.9504950495049505,0.9630808649720166,0.0,0.0
103,1,19.0,43.0,2.263157894736842,0.12573099415204678,0.1111111111111111,0.05555555555555555,0.5625,0.25,0.0,0.25,0.7368421052631579,0.0,0.0,0.7142857142857143,0.33230426747311825,0.23069526106631424,0.10833333333333334,0.19720265943665383,NaN,NaN,NaN,NaN,2.6875,2.1823152842795195,2.8031351105035314,1.1582195419921686,4.333333333333334,0.6875,0.5572415933908552,4.0,9.0,1.8521739130434782,0.7636877089867041,0.15789473684210525,0.0
104,1,19.0,43.0,2.263157894736842,0.12573099415204678,0.1111111111111111,0.05555555555555555,0.6875,0.3125,0.0625,0.125,0.7368421052631579,0.0,0.07142857142857142,0.7142857142857143,0.4224111519607843,0.3713600472164466,0.09375,0.2719528145346787,NaN,NaN,NaN,NaN,2.6875,2.3865945054267876,2.811985846970367,1.1979520693814152,4.6,0.25,0.701894957834133,5.0,8.0,1.9326923076923077,0.947807107049353,0.15789473684210525,0.0
105,1,19.0,37.0,1.9473684210526316,0.10818713450292397,0.1111111111111111,0.1111111111111111,0.625,0.1875,0.0625,0.1875,0.7368421052631579,0.0,0.07142857142857142,0.6428571428571429,0.5139322916666667,0.28941063870414113,0.103125,0.2648702512552137,NaN,NaN,NaN,NaN,2.3125,1.5370426148939398,3.03816914080072,1.290000207738843,5.0,0.6875,0.6271302078612528,4.0,9.0,2.0285714285714285,0.8820555413475832,0.0,0.0
106,1,19.0,61.0,3.210526315789474,0.1783625730994152,0.1111111111111111,0.0,0.5,0.1875,0.0,0.375,0.7368421052631579,0.0,0.0,0.6428571428571429,0.5237480612362133,0.1833650024178103,0.15833333333333333,0.23174059571793568,NaN,NaN,NaN,NaN,3.8125,3.208712098854201,2.913018122228648,1.1351233825948912,4.5,0.4375,0.6802607729220473,3.0,10.0,1.7037037037037037,0.6699752064255707,0.21052631578947367,0.0
107,1,19.0,58.0,3.0526315789473686,0.1695906432748538,0.1111111111111111,0.05555555555555555,0.625,0.3125,0.0625,0.25,0.7368421052631579,0.0,0.07142857142857142,0.5714285714285714,0.5983549669867947,0.33445995840925274,0.140625,0.2882237267586877,NaN,NaN,NaN,NaN,3.625,3.6124783736376886,2.820616599979481,1.1854059894933653,4.315789473684211,0.4375,0.7389857491971985,3.0,8.0,1.5053763440860215,0.6531471622240057,0.2631578947368421,0.0
108,1,19.0,72.0,3.789473684210526,0.21052631578947367,0.1111111111111111,0.0,0.5625,0.25,0.125,0.375,0.7368421052631579,0.0,0.14285714285714285,0.6428571428571429,0.7174016085897896,0.23528367986134066,0.22083333333333335,0.3583656316193364,NaN,NaN,NaN,NaN,4.5,3.847076812334269,2.989062777607669,1.2788505126253793,4.5,0.6875,0.8526320588471894,4.0,11.0,1.7054794520547945,0.7350140342941439,0.42105263157894735,0.0
109,1,19.0,51.0,2.6842105263157894,0.14912280701754385,0.1111111111111111,0.0,0.625,0.125,0.0,0.125,0.7368421052631579,0.0,0.0,0.6428571428571429,0.10732677902621722,0.16517337837329202,0.05625,0.1547847968417226,NaN,NaN,NaN,NaN,3.1875,3.187867625859016,2.885321890585048,1.1397727064237746,4.545454545454545,0.5625,0.668913267719954,4.0,10.0,1.8034188034188035,0.8012847037975549,0.21052631578947367,0.0
11,1,19.0,55.0,2.8947368421052633,0.1608187134502924,0.1111111111111111,0.0,0.6875,0.25,0.0625,0.1875,0.7368421052631579,0.0,0.07142857142857142,0.6428571428571429,0.5638887667994998,0.32990441398804743,0.11979166666666666,0.29181543824821876,NaN,NaN,NaN,NaN,3.4375,3.2242570203588508,2.9034051949094706,1.2135645142362959,4.473684210526316,0.3125,0.6958048267075023,3.0,9.0,1.6422018348623852,0.6738905255061629,0.10526315789473684,0.0
110,1,19.0,39.0,2.0526315789473686,0.11403508771929824,0.1111111111111111,0.1111111111111111,0.5,0.25,0.0,0.3125,0.7368421052631579,0.0,0.0,0.7142857142857143,0.42284946236559134,0.228000435435111,0.11354166666666665,0.18045403128610737,NaN,NaN,NaN,NaN,2.4375,1.631716887208072,3.002422723475355,1.3155489025125189,5.0,0.5,0.7626890767253295,4.0,10.0,2.1885245901639343,0.9902997894294664,0.2631578947368421,0.0
111,1,19.0,46.0,2.4210526315789473,0.13450292397660818,0.1111111111111111,0.05555555555555555,0.5625,0.3125,0.0625,0.25,0.7368421052631579,0.0,0.07142857142857142,0.7142857142857143,0.3236979166666667,0.3223672521436221,0.14375,0.2874456470360962,NaN,NaN,NaN,NaN,2.875,2.217355782608345,2.784680232048653,1.1615244338495314,4.5,0.5,0.6337014671300105,3.0,6.0,1.6153846153846154,0.6283882516977819,0.0,0.0
112,1,19.0,47.0,2.473684210526316,0.13742690058479531,0.1111111111111111,0.05555555555555555,0.5,0.3125,0.125,0.375,0.7368421052631579,0.0,0.14285714285714285,0.6428571428571429,0.5833623837981408,0.3350965840508365,0.228125,0.3601295420220854,NaN,NaN,NaN,NaN,2.9375,2.5682354513037415,2.724436090225564,1.139612856036438,4.333333333333334,0.5625,0.6246143420932954,4.0,8.0,1.7777777777777777,0.7555668243468872,0.21052631578947367,0.0
113,1,19.0,65.0,3.4210526315789473,0.19005847953216373,0.1111111111111111,0.0,0.5625,0.25,0.0625,0.4375,0.7368421052631579,0.0,0.07142857142857142,0.7142857142857143,0.6648796795289784,0.14104016687297366,0.203125,0.2918154382482188,NaN,NaN,NaN,NaN,4.0625,2.5157835094989127,2.914219324706941,1.2145041326275912,4.333333333333334,0.6875,0.6666421776140646,3.0,11.0,1.6917808219178083,0.6598335055738989,0.3684210526315789,0.0
114,1,19.0,49.0,2.5789473684210527,0.14327485380116958,0.1111111111111111,0.05555555555555555,0.6875,0.25,0.0,0.125,0.7368421052631579,0.0,0.0,0.6428571428571429,0.22275841346153846,0.16522014674957228,0.046875,0.13597640726733934,NaN,NaN,NaN,NaN,3.0625,2.9769951293208394,3.111299500826564,1.3966959719774048,4.888888888888889,0.625,0.8198416943175837,4.0,10.0,1.9384615384615385,0.8604473881717396,0.3157894736842105,0.0
115,1,19.0,52.0,2.736842105263158,0.15204678362573099,0.1111111111111111,0.0,0.6875,0.25,0.0,0.1875,0.7368421052631579,0.0,0.0,0.6428571428571429,0.3706692913385827,0.19441331296940337,0.075,0.1732050807568877,NaN,NaN,NaN,NaN,3.25,3.0659419433511785,2.992982456140351,1.316874718025385,5.0,0.4375,0.7378647759864478,4.0,9.0,1.8037383177570094,0.8177194741618659,0.15789473684210525,0.0
116,1,19.0,52.0,2.736842105263158,0.15204678362573099,0.1111111111111111,0.0,0.6875,0.1875,0.0,0.125,0.7368421052631579,0.0,0.0,0.6428571428571429,0.2955788804071247,0.2234835608829103,0.07291666666666666,0.20155644370746378,NaN,NaN,NaN,NaN,3.25,3.0441200151549,3.061921449612451,1.3282331773339229,5.142857142857142,0.625,0.6718168279073273,4.0,10.0,1.8524590163934427,0.8097763301789159,0.21052631578947367,0.0
117,1,19.0,34.0,1.7894736842105263,0.09941520467836257,0.1111111111111111,0.05555555555555555,0.5625,0.3125,0.0625,0.25,0.7368421052631579,0.0,0.07142857142857142,0.6428571428571429,0.25231481481481477,0.2698085232749781,0.13541666666666666,0.2803354472109494,NaN,NaN,NaN,NaN,2.125,2.247220505424423,2.9333333333333336,1.3843369853070058,5.4,0.4375,0.786779879463412,5.0,10.0,2.1511627906976742,1.1932894906440483,0.0,0.0
118,1,19.0,36.0,1.894736842105263,0.10526315789473684,0.1111111111111111,0.1111111111111111,0.625,0.25,0.0625,0.1875,0.7368421052631579,0.0,0.07142857142857142,0.6428571428571429,0.4600694444444444,0.3686327013757719,0.11458333333333333,0.2770128356432443,NaN,NaN,NaN,NaN,2.25,1.61245154965971,2.925438596491228,1.3171485700751575,5.142857142857142,0.375,0.5804244151564255,4.0,8.0,2.0,0.9035079029052513,0.15789473684210525,0.0
119,1,19.0,29.0,1.5263157894736843,0.0847953216374269,0.1111111111111111,0.2222222222222222,0.5625,0.3125,0.125,0.25,0.7368421052631579,0.0,0.14285714285714285,0.5714285714285714,0.5302734375,0.40541321740246467,0.16875,0.3497022543059548,NaN,NaN,NaN,NaN,1.8125,1.2763881332363862,2.6600877192982457,1.046402489910163,4.333333333333334,0.1875,0.5759450302652561,4.0,5.0,1.765625,0.811469126250126,0.0,0.0
12,1,19.0,49.0,2.5789473684210527,0.14327485380116958,0.1111111111111111,0.0,0.5625,0.3125,0.0625,0.25,0.7368421052631579,0.0,0.07142857142857142,0.6428571428571429,0.38081038713195203,0.2710582758712517,0.15,0.29439202887759486,NaN,NaN,NaN,NaN,3.0625,3.06526235962492,2.894321489206888,1.2803299327377922,4.5,0.5625,0.8115538941555669,4.0,11.0,1.985611510791367,0.8074437343953867,0.42105263157894735,0.0
120,1,19.0,52.0,2.736842105263158,0.15204678362573099,0.1111111111111111,0.0,0.625,0.1875,0.0625,0.1875,0.7368421052631579,0.0,0.07142857142857142,0.7142857142857143,0.6019675925925926,0.28962846037937706,0.11875,0.28099525500145617,NaN,NaN,NaN,NaN,3.25,3.0441200151549,3.0116155774050513,1.191253466105788,4.5,0.6875,0.6938191348738975,4.0,8.0,1.7128712871287128,0.8041969119981291,0.10526315789473684,0.0
121,1,19.0,58.0,3.0526315789473686,0.1695906432748538,0.1111111111111111,0.0,0.5625,0.1875,0.0,0.25,0.7368421052631579,0.0,0.0,0.6428571428571429,0.36452430978095524,0.2257604124936165,0.10416666666666666,0.19124349420065007,NaN,NaN,NaN,NaN,3.625,3.593976442141304,2.7660964912280703,1.0260014699827469,4.166666666666666,0.625,0.581705063357165,3.0,9.0,1.617391304347826,0.6699385765985941,0.21052631578947367,0.0
122,1,19.0,58.0,3.0526315789473686,0.1695906432748538,0.1111111111111111,0.0,0.5625,0.125,0.0,0.3125,0.7368421052631579,0.0,0.0,0.6428571428571429,0.6413008432539683,0.1749188259792665,0.1552083333333333,0.25507578757578586,NaN,NaN,NaN,NaN,3.625,2.963668897386031,2.92840113103271,1.0915228264673533,4.666666666666666,0.75,0.6172090465480581,4.0,9.0,1.7916666666666667,0.7560941222350043,0.2631578947368421,0.0
123,1,19.0,44.0,2.3157894736842106,0.1286549707602339,0.1111111111111111,0.0,0.5625,0.3125,0.0625,0.25,0.7368421052631579,0.0,0.07142857142857142,0.6428571428571429,0.43220899470899465,0.2844964315281023,0.15625,0.3071297831596664,NaN,NaN,NaN,NaN,2.75,2.792848008753788,2.982728560531764,1.364397888607291,5.0,0.4375,0.8232037720781291,4.0,10.0,2.015873015873016,0.9031865985199469,0.2631578947368421,0.0
124,1,19.0,49.0,2.5789473684210527,0.14327485380116958,0.1111111111111111,0.0,0.625,0.375,0.125,0.125,0.7368421052631579,0.0,0.14285714285714285,0.5714285714285714,0.30554270227392916,0.38811637290331824,0.125,0.3415650255319866,NaN,NaN,NaN,NaN,3.0625,3.06526235962492,2.809501363517984,1.2514347702469026,5.0,0.25,0.7840345069206449,4.0,9.0,1.7428571428571429,0.7848146698004989,0.21052631578947367,0.0
125,1,19.0,53.0,2.789473684210526,0.15497076023391812,0.1111111111111111,0.0,0.625,0.1875,0.0625,0.3125,0.7368421052631579,0.0,0.07142857142857142,0.6428571428571429,0.5672630111524163,0.21173772737615448,0.15,0.2798809270624444,NaN,NaN,NaN,NaN,3.3125,2.891798748184251,3.0632524939800483,1.2744253465399156,4.8,0.75,0.774776927861586,4.0,9.0,1.815126050420168,0.8021833189470974,0.15789473684210525,0.0
126,1,19.0,34.0,1.7894736842105263,0.09941520467836257,0.1111111111111111,0.2222222222222222,0.5625,0.1875,0.0,0.25,0.7368421052631579,0.0,0.0,0.7142857142857143,0.2545138888888889,0.23917053810261896,0.09791666666666665,0.1786653192320667,NaN,NaN,NaN,NaN,2.125,1.1474609652039003,2.8583959899749374,1.168621450684268,5.0,0.5,0.641607448984885,4.0,7.0,1.7307692307692308,0.7502913187136466,0.0,0.0
127,1,19.0,47.0,2.473684210526316,0.13742690058479531,0.1111111111111111,0.05555555555555555,0.5,0.375,0.1875,0.3125,0.7368421052631579,0.0,0.21428571428571427,0.5714285714285714,0.5128787878787879,0.36865780984141056,0.22395833333333331,0.39758384859884177,NaN,NaN,NaN,NaN,2.9375,3.2139020935097986,2.5887073452862928,1.0416276972376863,4.0,0.4375,0.6963956813068011,3.0,7.0,1.5432098765432098,0.652866424241004,0.21052631578947367,0.0
128,1,19.0,54.0,2.8421052631578947,0.15789473684210525,0.1111111111111111,0.0,0.6875,0.1875,0.0625,0.25,0.7368421052631579,0.0,0.07142857142857142,0.5714285714285714,0.5392640485312898,0.21522282319478295,0.14583333333333331,0.2973649709127253,NaN,NaN,NaN,NaN,3.375,3.1806707887907337,3.1124156545209174,1.368339438365243,5.0,0.5,0.7962890689442867,4.0,11.0,1.9219858156028369,0.8286902056499902,0.2631578947368421,0.0
129,1,19.0,59.0,3.1052631578947367,0.17251461988304093,0.1111111111111111,0.0,0.6875,0.1875,0.0,0.25,0.7368421052631579,0.0,0.0,0.5714285714285714,0.5320958609532828,0.1523877343626112,0.10625,0.21054382846263547,NaN,NaN,NaN,NaN,3.6875,3.3008837200563934,3.034929461245251,1.2207007450632161,4.444444444444445,0.6875,0.6993075960175238,4.0,10.0,1.7803030303030303,0.7547750682520386,0.2631578947368421,0.0
13,1,19.0,62.0,3.263157894736842,0.18128654970760233,0.1111111111111111,0.0,0.625,0.1875,0.0625,0.25,0.7368421052631579,0.0,0.07142857142857142,0.7142857142857143,0.3945402922453704,0.2669175464121412,0.11458333333333333,0.26153924710792026,NaN,NaN,NaN,NaN,3.875,2.918332857414772,2.9957393483709276,1.2701692480579603,4.5,0.625,0.6746273804317008,4.0,10.0,1.6554621848739495,0.7299521088297618,0.15789473684210525,0.0
130,1,19.0,46.0,2.4210526315789473,0.13450292397660818,0.1111111111111111,0.05555555555555555,0.5625,0.25,0.0,0.25,0.7368421052631579,0.0,0.0,0.7142857142857143,0.3299479166666666,0.21747295888735732,0.09687499999999999,0.179321638404293,NaN,NaN,NaN,NaN,2.875,2.362907813126304,2.9717522974101924,1.3353978044142496,5.333333333333334,0.625,0.7761280764947934,5.0,10.0,2.0258620689655173,1.0588033187358816,0.2631578947368421,0.0
131,1,19.0,59.0,3.1052631578947367,0.17251461988304093,0.1111111111111111,0.0,0.625,0.25,0.125,0.1875,0.7368421052631579,0.0,0.14285714285714285,0.6428571428571429,0.4931848404255319,0.35585980674195683,0.14583333333333331,0.34359213546813844,NaN,NaN,NaN,NaN,3.6875,3.664582741140752,2.848053300961888,1.2045192276192251,4.333333333333334,0.5,0.7521551191136535,4.0,10.0,1.6935483870967742,0.7120041490109166,0.2631578947368421,0.0
132,1,19.0,58.0,3.0526315789473686,0.1695906432748538,0.1111111111111111,0.0,0.625,0.25,0.125,0.1875,0.7368421052631579,0.0,0.14285714285714285,0.5714285714285714,0.5277704831932774,0.3373364584353566,0.140625,0.34118360159890454,NaN,NaN,NaN,NaN,3.625,3.9136513215495663,2.926536370165179,1.2398714789161842,4.5,0.5625,0.8044628175148825,4.0,11.0,1.7096774193548387,0.730009394620327,0.3157894736842105,0.0
133,1,19.0,65.0,3.4210526315789473,0.19005847953216373,0.1111111111111111,0.0,0.5625,0.1875,0.0,0.25,0.7368421052631579,0.0,0.0,0.7142857142857143,0.2942667895962733,0.16982543529248809,0.10208333333333333,0.18518009252256754,NaN,NaN,NaN,NaN,4.0625,3.275540667838924,2.967451838844761,1.2446767102110379,5.0,0.6875,0.7535229169828931,5.0,11.0,1.7647058823529411,0.862685678286534,0.15789473684210525,0.0
134,1,19.0,44.0,2.3157894736842106,0.1286549707602339,0.1111111111111111,0.05555555555555555,0.5625,0.3125,0.125,0.4375,0.7368421052631579,0.0,0.14285714285714285,0.6428571428571429,0.7579406938584154,0.19173539208235837,0.2708333333333333,0.3645138822738722,NaN,NaN,NaN,NaN,2.75,1.9148542155126762,2.584385305368685,0.9777532851739161,3.947368421052632,0.5,0.5470849373391409,5.0,8.0,1.7575757575757576,0.8092691221462543,0.15789473684210525,0.0
135,1,19.0,51.0,2.6842105263157894,0.14912280701754385,0.1111111111111111,0.0,0.5,0.25,0.125,0.375,0.7368421052631579,0.0,0.14285714285714285,0.6428571428571429,0.7563114872685184,0.270187461473586,0.234375,0.3641564961712254,NaN,NaN,NaN,NaN,3.1875,2.8570089254323303,2.89280922895474,1.218567908424216,4.5,0.6875,0.7455632332124185,4.0,8.0,1.796116504854369,0.8784927299014061,0.0,0.0
136,1,19.0,61.0,3.210526315789474,0.1783625730994152,0.1111111111111111,0.0,0.6875,0.1875,0.0,0.1875,0.7368421052631579,0.0,0.0,0.6428571428571429,0.142875479362196,0.17002669300305573,0.06770833333333333,0.15280934017410208,NaN,NaN,NaN,NaN,3.8125,3.6003472054789385,3.0360967778924435,1.3096085260555377,4.8,0.5,0.6792976953730862,4.0,11.0,1.7419354838709677,0.805176017134177,0.2631578947368421,0.0
137,1,19.0,58.0,3.0526315789473686,0.1695906432748538,0.1111111111111111,0.0,0.6875,0.25,0.0625,0.1875,0.7368421052631579,0.0,0.07142857142857142,0.6428571428571429,0.4599761269507413,0.31008288393525923,0.12499999999999999,0.2950204010522612,NaN,NaN,NaN,NaN,3.625,3.2837986133947576,2.962501990002229,1.2568327904137613,4.555555555555555,0.5,0.7134692842935239,3.0,10.0,1.7109375,0.6775633015143715,0.3157894736842105,0.0
138,1,19.0,57.0,3.0,0.16666666666666666,0.1111111111111111,0.0,0.625,0.25,0.0,0.25,0.7368421052631579,0.0,0.0,0.6428571428571429,0.2661436170212766,0.2234090357475706,0.10833333333333334,0.19720265943665383,NaN,NaN,NaN,NaN,3.5625,4.049176871085447,2.8462889197916423,1.1940584423711555,5.0,0.375,0.7327465807285025,4.0,10.0,1.6859504132231404,0.7074962644334795,0.2631578947368421,0.0
139,1,19.0,58.0,3.0526315789473686,0.1695906432748538,0.1111111111111111,0.05555555555555555,0.625,0.1875,0.0625,0.25,0.7368421052631579,0.0,0.07142857142857142,0.7142857142857143,0.5939704153605015,0.32117575565159767,0.121875,0.2726222967159265,NaN,NaN,NaN,NaN,3.625,2.6801741236966925,2.947646276189822,1.1735923266835062,4.3076923076923075,0.5625,0.621267316056961,4.0,10.0,1.6611570247933884,0.6776641130661569,0.3157894736842105,0.0
14,1,19.0,43.0,2.263157894736842,0.12573099415204678,0.1111111111111111,0.1111111111111111,0.5,0.3125,0.0625,0.375,0.7368421052631579,0.0,0.07142857142857142,0.6428571428571429,0.42596726190476186,0.25599361747922206,0.19270833333333331,0.2977053446316042,NaN,NaN,NaN,NaN,2.6875,2.330057223903882,2.727401545822598,1.160019493773733,5.0,0.4375,0.5799547910959789,4.0,7.0,1.7333333333333334,0.7760458691412744,0.15789473684210525,0.0
140,1,19.0,48.0,2.526315789473684,0.14035087719298245,0.1111111111111111,0.0,0.625,0.125,0.0,0.375,0.7368421052631579,0.0,0.0,0.6428571428571429,0.5241421568627451,0.052490059353161075,0.13645833333333332,0.19590424248142824,NaN,NaN,NaN,NaN,3.0,2.0,3.0980592506908295,1.2662194076743756,4.833333333333334,0.75,0.673941487951433,4.0,8.0,1.896551724137931,0.8585053781181986,0.2631578947368421,0.0
141,1,19.0,60.0,3.1578947368421053,0.17543859649122806,0.1111111111111111,0.0,0.5625,0.1875,0.0,0.25,0.7368421052631579,0.0,0.0,0.6428571428571429,0.3000184132996632,0.1495573370790342,0.08854166666666666,0.16518438070722555,NaN,NaN,NaN,NaN,3.75,3.5118845842842465,3.1938057863958145,1.4395402035295515,5.666666666666666,0.625,0.8831284622536629,4.0,12.0,1.9513888888888888,0.9485348371137124,0.3157894736842105,0.0
142,1,19.0,71.0,3.736842105263158,0.20760233918128654,0.1111111111111111,0.0,0.625,0.3125,0.0,0.125,0.7368421052631579,0.0,0.0,0.6428571428571429,0.19375000000000003,0.18607794065928393,0.05625,0.1547847968417226,NaN,NaN,NaN,NaN,4.4375,4.589389937671455,2.811150705547989,1.1729820768305534,4.428571428571429,0.4375,0.7182816241340237,3.0,11.0,1.5725806451612903,0.6647132409020259,0.15789473684210525,0.0
143,1,19.0,56.0,2.9473684210526314,0.16374269005847952,0.1111111111111111,0.0,0.5,0.3125,0.125,0.375,0.7368421052631579,0.0,0.14285714285714285,0.6428571428571429,0.6587676921773032,0.36326312338798317,0.234375,0.3641564961712254,NaN,NaN,NaN,NaN,3.5,3.4641016151377544,2.639883614264419,1.0101948883265364,3.9411764705882355,0.5,0.6757664349616149,3.0,9.0,1.4945054945054945,0.603206733929889,0.21052631578947367,0.0
144,1,19.0,53.0,2.789473684210526,0.15497076023391812,0.1111111111111111,0.0,0.5625,0.25,0.0,0.375,0.7368421052631579,0.0,0.0,0.7142857142857143,0.5907939347175457,0.18023002078797273,0.165625,0.23652333296534836,NaN,NaN,NaN,NaN,3.3125,2.891798748184251,2.9473876077754197,1.260022948645587,5.0,0.5625,0.6976809596275236,4.0,10.0,1.8739495798319328,0.8882912738886785,0.0,0.0
145,1,19.0,61.0,3.210526315789474,0.1783625730994152,0.1111111111111111,0.0,0.625,0.3125,0.0,0.1875,0.7368421052631579,0.0,0.0,0.7142857142857143,0.25872929936305733,0.17815184010173687,0.0875,0.18929694486000914,NaN,NaN,NaN,NaN,3.8125,3.229422032913423,2.821999294135517,1.1750398662193289,4.444444444444445,0.5,0.6699002566591298,4.0,11.0,1.7746478873239437,0.7184929677045522,0.42105263157894735,0.0
146,1,19.0,50.0,2.6315789473684212,0.14619883040935672,0.1111111111111111,0.0,0.625,0.25,0.0,0.1875,0.7368421052631579,0.0,0.0,0.5714285714285714,0.33249383223684215,0.2503076202707278,0.075,0.1732050807568877,NaN,NaN,NaN,NaN,3.125,3.0740852297878796,2.9432209910741762,1.1991860468810556,4.368421052631579,0.5,0.6753946036638628,3.0,10.0,1.7719298245614035,0.7411434327795,0.21052631578947367,0.0
147,1,19.0,43.0,2.263157894736842,0.12573099415204678,0.1111111111111111,0.0,0.5,0.375,0.125,0.375,0.7368421052631579,0.0,0.14285714285714285,0.5714285714285714,0.5475694444444444,0.2913855065009858,0.234375,0.3641564961712254,NaN,NaN,NaN,NaN,2.6875,3.1983068437325812,2.541606170598911,0.9896042309876554,4.125,0.375,0.5836791831523218,3.0,7.0,1.6914893617021276,0.6882515754202132,0.15789473684210525,0.0
148,1,19.0,50.0,2.6315789473684212,0.14619883040935672,0.1111111111111111,0.05555555555555555,0.5625,0.25,0.0625,0.25,0.7368421052631579,0.0,0.07142857142857142,0.6428571428571429,0.409375,0.24234340113581404,0.13541666666666666,0.2803354472109494,NaN,NaN,NaN,NaN,3.125,2.0615528128088303,2.9433359038622195,1.261769416881061,4.75,0.6875,0.8036228537428974,4.0,9.0,1.8636363636363635,0.8931674666243711,0.3684210526315789,0.0
149,1,19.0,34.0,1.7894736842105263,0.09941520467836257,0.1111111111111111,0.2777777777777778,0.5625,0.3125,0.0625,0.3125,0.7368421052631579,0.0,0.07142857142857142,0.7142857142857143,0.5829613095238094,0.28497315210495694,0.16666666666666669,0.2918650119236376,NaN,NaN,NaN,NaN,2.125,1.2041594578792296,2.9649122807017543,1.3792285057333185,5.5,0.625,0.6090653438932093,5.0,8.0,2.089108910891089,0.9909491399763168,0.15789473684210525,0.0
15,1,19.0,46.0,2.4210526315789473,0.13450292397660818,0.1111111111111111,0.16666666666666666,0.5625,0.3125,0.0625,0.3125,0.7368421052631579,0.0,0.07142857142857142,0.6428571428571429,0.6605324074074075,0.3137649296367567,0.17604166666666665,0.3077979586243765,NaN,NaN,NaN,NaN,2.875,1.6683325008322931,2.841705980637869,1.2417347749545824,4.571428571428571,0.5,0.6198401706236139,4.0,9.0,1.8061224489795917,0.8453409397629466,0.10526315789473684,0.0
150,1,19.0,43.0,2.263157894736842,0.12573099415204678,0.1111111111111111,0.16666666666666666,0.5625,0.3125,0.125,0.3125,0.7368421052631579,0.0,0.14285714285714285,0.5714285714285714,0.4180803571428571,0.3257108102101542,0.19270833333333331,0.34923030446333775,NaN,NaN,NaN,NaN,2.6875,2.3865945054267876,2.8899749373433585,1.2787634419156855,4.666666666666666,0.5625,0.7511723250604041,4.0,8.0,1.8888888888888888,0.8676603408708855,0.2631578947368421,0.0
151,1,19.0,36.0,1.894736842105263,0.10526315789473684,0.1111111111111111,0.0,0.5625,0.3125,0.0625,0.1875,0.7368421052631579,0.0,0.07142857142857142,0.6428571428571429,0.2944010416666667,0.2924421424556108,0.11875,0.28099525500145617,NaN,NaN,NaN,NaN,2.25,3.0441200151549,2.834008097165992,1.239592613482173,4.5,0.5,0.6323998028623031,4.0,7.0,1.7922077922077921,0.8635554158560248,0.0,0.0
152,1,19.0,54.0,2.8421052631578947,0.15789473684210525,0.1111111111111111,0.05555555555555555,0.5625,0.1875,0.0625,0.3125,0.7368421052631579,0.0,0.07142857142857142,0.6428571428571429,0.5847600385038503,0.2892212798759115,0.19270833333333331,0.32733314946815384,NaN,NaN,NaN,NaN,3.375,2.0615528128088303,2.9212433257055683,1.2365091217566633,4.666666666666666,0.75,0.7410964462061411,4.0,9.0,1.8270676691729324,0.7737284602718691,0.2631578947368421,0.0
153,1,19.0,43.0,2.263157894736842,0.12573099415204678,0.1111111111111111,0.0,0.6875,0.1875,0.0625,0.25,0.7368421052631579,0.0,0.07142857142857142,0.6428571428571429,0.7284466911764707,0.2148065787152977,0.1375,0.28722813232690136,NaN,NaN,NaN,NaN,2.6875,3.048906907948049,3.0178975664968877,1.232143127407193,4.625,0.5,0.6434959243803196,4.0,8.0,1.9017857142857142,0.8160531406977909,0.15789473684210525,0.0
154,1,19.0,52.0,2.736842105263158,0.15204678362573099,0.1111111111111111,0.0,0.5625,0.25,0.125,0.3125,0.7368421052631579,0.0,0.14285714285714285,0.5714285714285714,0.571875,0.2512533581865126,0.203125,0.35612205304736,NaN,NaN,NaN,NaN,3.25,3.3366650016645862,2.9941766180156275,1.2590116784630596,4.666666666666666,0.4375,0.7811978497026637,4.0,10.0,1.9197080291970803,0.8230001979896118,0.2631578947368421,0.0
155,1,19.0,45.0,2.3684210526315788,0.13157894736842105,0.1111111111111111,0.0,0.5625,0.25,0.0625,0.25,0.7368421052631579,0.0,0.07142857142857142,0.6428571428571429,0.42823071369636967,0.30080692407977117,0.12708333333333333,0.2760082526946533,NaN,NaN,NaN,NaN,2.8125,2.1360009363293826,3.0494218001143207,1.3967434653718218,5.333333333333334,0.625,0.9208930125383723,5.0,11.0,2.016,0.9331182547884029,0.2631578947368421,0.0
156,1,19.0,51.0,2.6842105263157894,0.14912280701754385,0.1111111111111111,0.0,0.5625,0.25,0.0625,0.25,0.7368421052631579,0.0,0.07142857142857142,0.5714285714285714,0.36615266610241215,0.3572155371620837,0.14583333333333331,0.29107081994288303,NaN,NaN,NaN,NaN,3.1875,3.331040878364199,2.659433198380567,1.0365132706520275,4.0,0.4375,0.6132040170646293,3.0,8.0,1.5876288659793814,0.6250429538504338,0.2631578947368421,0.0
157,1,19.0,52.0,2.736842105263158,0.15204678362573099,0.1111111111111111,0.0,0.5625,0.3125,0.0,0.1875,0.7368421052631579,0.0,0.0,0.7142857142857143,0.2077294685990338,0.2128876853582781,0.08125,0.17594980344783945,NaN,NaN,NaN,NaN,3.25,2.7688746209726918,2.6965852130325816,1.0974376894932207,4.333333333333334,0.5,0.5682643299490726,4.0,7.0,1.588235294117647,0.6653063193326605,0.21052631578947367,0.0
158,1,19.0,39.0,2.0526315789473686,0.11403508771929824,0.1111111111111111,0.16666666666666666,0.5625,0.1875,0.0625,0.25,0.7368421052631579,0.0,0.07142857142857142,0.7142857142857143,0.31788194444444445,0.29175918946953106,0.12083333333333333,0.26801741236966914,NaN,NaN,NaN,NaN,2.4375,1.9653244007033546,3.1279761904761907,1.4384855637510519,5.666666666666666,0.5625,0.8559672877785469,5.0,8.0,2.01980198019802,0.9998019605882156,0.10526315789473684,0.0
159,1,19.0,48.0,2.526315789473684,0.14035087719298245,0.1111111111111111,0.0,0.5,0.25,0.0,0.375,0.7368421052631579,0.0,0.0,0.7142857142857143,0.5772464859437751,0.2479431764949303,0.16666666666666666,0.22771001702132443,NaN,NaN,NaN,NaN,3.0,3.119829055146024,2.9502923976608186,1.3402143350739173,5.333333333333334,0.6875,0.7769294878699055,5.0,8.0,1.8137254901960784,0.9305634634681489,0.21052631578947367,0.0
16,1,19.0,49.0,2.5789473684210527,0.14327485380116958,0.1111111111111111,0.1111111111111111,0.5625,0.25,0.0,0.3125,0.7368421052631579,0.0,0.0,0.7142857142857143,0.3788054935515873,0.23190747920757857,0.15104166666666666,0.24384791480665882,NaN,NaN,NaN,NaN,3.0625,2.694902595642373,2.73499926286304,1.1016830758696399,4.4,0.4375,0.6456699491568786,3.0,7.0,1.5909090909090908,0.6718710131470251,0.0,0.0
160,1,19.0,47.0,2.473684210526316,0.13742690058479531,0.1111111111111111,0.05555555555555555,0.5625,0.125,0.0,0.375,0.7368421052631579,0.0,0.0,0.6428571428571429,0.42905273437499997,0.14053736237668465,0.13125,0.19137659209004637,NaN,NaN,NaN,NaN,2.9375,1.7689450716929191,3.0018607123870282,1.153804797845082,4.5,0.75,0.7300669762462101,4.0,9.0,1.8671875,0.7773475367642106,0.0,0.0
161,1,19.0,45.0,2.3684210526315788,0.13157894736842105,0.1111111111111111,0.0,0.5625,0.3125,0.0625,0.25,0.7368421052631579,0.0,0.07142857142857142,0.7142857142857143,0.6107954545454546,0.4054446085207108,0.14583333333333334,0.29107081994288303,NaN,NaN,NaN,NaN,2.8125,4.0202611855450385,2.7192982456140355,1.145630630661703,4.666666666666666,0.4375,0.6654199727837852,4.0,7.0,1.6329113924050633,0.8034734720282709,0.10526315789473684,0.0
162,1,19.0,58.0,3.0526315789473686,0.1695906432748538,0.1111111111111111,0.0,0.5,0.3125,0.0625,0.375,0.7368421052631579,0.0,0.07142857142857142,0.6428571428571429,0.4361130617977528,0.2692109580289857,0.18645833333333334,0.29181543824821876,NaN,NaN,NaN,NaN,3.625,3.2223180062391936,2.8010105391684337,1.2194063182259316,4.666666666666666,0.5625,0.7481612452392682,4.0,10.0,1.7903225806451613,0.8290870044509102,0.3157894736842105,0.0
163,1,19.0,55.0,2.8947368421052633,0.1608187134502924,0.1111111111111111,0.1111111111111111,0.625,0.25,0.125,0.125,0.7368421052631579,0.0,0.14285714285714285,0.5714285714285714,0.1807842287694974,0.34458731785863794,0.125,0.3415650255319866,NaN,NaN,NaN,NaN,3.4375,4.162831568375865,3.16593874391862,1.5317632267962231,5.5,0.4375,1.0140278408623395,5.0,9.0,1.5903614457831325,0.8700454793034792,0.15789473684210525,0.0
164,1,19.0,44.0,2.3157894736842106,0.1286549707602339,0.1111111111111111,0.16666666666666666,0.5,0.25,0.125,0.375,0.7368421052631579,0.0,0.14285714285714285,0.6428571428571429,0.6114583333333333,0.33228519624878045,0.20729166666666665,0.34226742576637464,NaN,NaN,NaN,NaN,2.75,1.9493588689617927,2.8471491228070174,1.2738951069465156,5.0,0.5625,0.7513431761181251,5.0,8.0,1.9357798165137614,0.9356640477915115,0.15789473684210525,0.0
165,1,19.0,48.0,2.526315789473684,0.14035087719298245,0.1111111111111111,0.1111111111111111,0.625,0.25,0.0625,0.25,0.7368421052631579,0.0,0.07142857142857142,0.6428571428571429,0.39902473958333334,0.25408967461142656,0.134375,0.2809025631780529,NaN,NaN,NaN,NaN,3.0,2.0,2.8837719298245617,1.2059474327375617,4.4,0.625,0.68923028466075,4.0,10.0,1.832,0.7697506927780305,0.3157894736842105,0.0
166,1,19.0,62.0,3.263157894736842,0.18128654970760233,0.1111111111111111,0.0,0.5625,0.25,0.125,0.3125,0.7368421052631579,0.0,0.14285714285714285,0.6428571428571429,0.7140705958549223,0.27912128288628374,0.19375,0.3511291310425079,NaN,NaN,NaN,NaN,3.875,3.1806707887907337,2.8065162907268175,1.120373410318876,4.25,0.4375,0.7349296936607633,3.0,10.0,1.6097560975609757,0.6354828594180603,0.3157894736842105,0.0
167,1,19.0,42.0,2.210526315789474,0.12280701754385964,0.1111111111111111,0.1111111111111111,0.6875,0.1875,0.0625,0.1875,0.7368421052631579,0.0,0.07142857142857142,0.6428571428571429,0.33128720238095244,0.29657915357544506,0.09895833333333333,0.2603749966661333,NaN,NaN,NaN,NaN,2.625,2.362907813126304,3.0856307435254804,1.3666630280647496,5.5,0.4375,0.7700278473937595,4.0,9.0,1.9047619047619047,0.8380817098475256,0.21052631578947367,0.0
168,1,19.0,60.0,3.1578947368421053,0.17543859649122806,0.1111111111111111,0.0,0.5625,0.1875,0.0625,0.3125,0.7368421052631579,0.0,0.07142857142857142,0.7142857142857143,0.60973773676542,0.22455649163377972,0.16979166666666665,0.3017368702841748,NaN,NaN,NaN,NaN,3.75,3.151719107619417,3.0369136849400005,1.2575691745572446,5.333333333333334,0.5,0.7273500913702516,5.0,11.0,1.765625,0.8647458777414704,0.21052631578947367,0.0
169,1,19.0,37.0,1.9473684210526316,0.10818713450292397,0.1111111111111111,0.2222222222222222,0.5625,0.3125,0.125,0.25,0.7368421052631579,0.0,0.14285714285714285,0.5714285714285714,0.447265625,0.35074421802542444,0.171875,0.3502231431530475,NaN,NaN,NaN,NaN,2.3125,1.9568256607747831,2.7587719298245617,1.1762617131972475,4.5,0.4375,0.6601909588157825,4.0,8.0,1.7840909090909092,0.7648734195684818,0.0,0.0
17,1,19.0,46.0,2.4210526315789473,0.13450292397660818,0.1111111111111111,0.0,0.5625,0.3125,0.125,0.3125,0.7368421052631579,0.0,0.14285714285714285,0.6428571428571429,0.7246632996632996,0.27538101990722114,0.22291666666666665,0.37052890125692844,NaN,NaN,NaN,NaN,2.875,2.9860788111948193,2.915427457532721,1.33324120720658,5.666666666666666,0.4375,0.7874800468612185,5.0,7.0,1.7865168539325842,0.9824819002769506,0.10526315789473684,0.0
170,1,19.0,70.0,3.6842105263157894,0.2046783625730994,0.1111111111111111,0.0,0.5625,0.3125,0.125,0.25,0.7368421052631579,0.0,0.14285714285714285,0.6428571428571429,0.5493489583333333,0.354500705648701,0.19166666666666665,0.3666666666666667,NaN,NaN,NaN,NaN,4.375,4.2406760467328,2.6969716424924655,1.0704705555225114,4.0,0.5625,0.6473347188093193,3.0,9.0,1.4958677685950412,0.564564241135715,0.21052631578947367,0.0
171,1,19.0,65.0,3.4210526315789473,0.19005847953216373,0.1111111111111111,0.05555555555555555,0.5625,0.25,0.0625,0.25,0.7368421052631579,0.0,0.07142857142857142,0.7142857142857143,0.6623019560984245,0.29876357599726083,0.14583333333333331,0.2973649709127253,NaN,NaN,NaN,NaN,4.0625,3.8378596465564847,2.916613323850166,1.2164964447305535,4.4,0.625,0.670196630980977,3.0,10.0,1.6456692913385826,0.6961066221824924,0.3157894736842105,0.0
172,1,19.0,56.0,2.9473684210526314,0.16374269005847952,0.1111111111111111,0.0,0.5,0.25,0.125,0.375,0.7368421052631579,0.0,0.14285714285714285,0.6428571428571429,0.6051467369342672,0.31411953158477907,0.18958333333333333,0.33675328918627917,NaN,NaN,NaN,NaN,3.5,3.265986323710904,2.8717607357687753,1.173650535985265,4.333333333333334,0.5,0.7378803601345041,4.0,10.0,1.6982758620689655,0.7485618395204279,0.2631578947368421,0.0
173,1,19.0,64.0,3.3684210526315788,0.1871345029239766,0.1111111111111111,0.0,0.5625,0.1875,0.0,0.1875,0.7368421052631579,0.0,0.0,0.7142857142857143,0.28899115296803657,0.16794087493601445,0.07708333333333334,0.1685312368013057,NaN,NaN,NaN,NaN,4.0,3.63318042491699,3.079881521986785,1.278093427894011,4.636363636363637,0.6875,0.7691124479528891,4.0,11.0,1.7333333333333334,0.7936313667368853,0.2631578947368421,0.0
174,1,19.0,61.0,3.210526315789474,0.1783625730994152,0.1111111111111111,0.05555555555555555,0.5625,0.1875,0.0,0.25,0.7368421052631579,0.0,0.0,0.6428571428571429,0.493468479961897,0.19366672488552394,0.125,0.23174059571793568,NaN,NaN,NaN,NaN,3.8125,2.713392710243027,3.0103975848712694,1.2104668734258073,4.5,0.625,0.7201121601259016,4.0,11.0,1.7746478873239437,0.7282970148256926,0.21052631578947367,0.0
175,1,19.0,60.0,3.1578947368421053,0.17543859649122806,0.1111111111111111,0.0,0.5625,0.375,0.0625,0.3125,0.7368421052631579,0.0,0.07142857142857142,0.5714285714285714,0.4661302689525007,0.24508221188900184,0.1875,0.30956959368344517,NaN,NaN,NaN,NaN,3.75,3.3166247903554,2.716812865497076,1.1461999219285999,4.2,0.5,0.7047740689731844,3.0,10.0,1.7045454545454546,0.6738137596182916,0.3684210526315789,0.0
176,1,19.0,49.0,2.5789473684210527,0.14327485380116958,0.1111111111111111,0.0,0.625,0.1875,0.0625,0.25,0.7368421052631579,0.0,0.07142857142857142,0.6428571428571429,0.604079131652661,0.30201687026445345,0.140625,0.2945787167640771,NaN,NaN,NaN,NaN,3.0625,3.641771546926029,3.219013049866044,1.4668155874389852,6.0,0.3125,0.8542507148496873,5.0,8.0,1.8823529411764706,1.0272921017500312,0.10526315789473684,0.0
177,1,19.0,49.0,2.5789473684210527,0.14327485380116958,0.1111111111111111,0.05555555555555555,0.625,0.1875,0.0,0.1875,0.7368421052631579,0.0,0.0,0.5714285714285714,0.1386574074074074,0.14387649500938837,0.06770833333333333,0.15280934017410208,NaN,NaN,NaN,NaN,3.0625,2.048373338367138,2.932836899942163,1.2279742514087884,4.666666666666666,0.5625,0.734977071923062,4.0,11.0,1.8558558558558558,0.8404203152627299,0.2631578947368421,0.0
178,1,19.0,35.0,1.8421052631578947,0.1023391812865497,0.1111111111111111,0.1111111111111111,0.625,0.25,0.0625,0.25,0.7368421052631579,0.0,0.07142857142857142,0.7142857142857143,0.5846354166666666,0.2834628737774758,0.13541666666666666,0.2916666666666667,NaN,NaN,NaN,NaN,2.1875,1.42448821218944,3.0202670136880663,1.372601094793735,5.666666666666666,0.5625,0.6376925242761186,5.0,7.0,2.0412371134020617,1.009512318040208,0.0,0.0
179,1,19.0,47.0,2.473684210526316,0.13742690058479531,0.1111111111111111,0.0,0.5625,0.25,0.0,0.1875,0.7368421052631579,0.0,0.0,0.5714285714285714,0.23939043209876543,0.19572531533412557,0.08333333333333333,0.18257418583505536,NaN,NaN,NaN,NaN,2.9375,2.9993054751614303,2.888392611623102,1.2505379057495891,4.5,0.6875,0.6742206272896588,4.0,9.0,1.875,0.7945454807677175,0.21052631578947367,0.0
18,1,19.0,57.0,3.0,0.16666666666666666,0.1111111111111111,0.0,0.5625,0.3125,0.0625,0.25,0.7368421052631579,0.0,0.07142857142857142,0.5714285714285714,0.4911728896103896,0.3049700670006493,0.14583333333333331,0.29107081994288303,NaN,NaN,NaN,NaN,3.5625,3.305929017185134,2.8496411483253588,1.2221922310479776,4.666666666666666,0.5,0.7663618233189641,4.0,9.0,1.8189655172413792,0.9098412468407737,0.3157894736842105,0.0
180,1,19.0,72.0,3.789473684210526,0.21052631578947367,0.1111111111111111,0.0,0.5625,0.25,0.0625,0.375,0.7368421052631579,0.0,0.07142857142857142,0.6428571428571429,0.6391177624898957,0.20494121449494634,0.18854166666666666,0.3042123253401954,NaN,NaN,NaN,NaN,4.5,3.265986323710904,2.85014619883041,1.1246751069060545,4.2,0.5,0.745483041758476,3.0,12.0,1.6423841059602649,0.6360751618158256,0.42105263157894735,0.0
181,1,19.0,48.0,2.526315789473684,0.14035087719298245,0.1111111111111111,0.1111111111111111,0.625,0.25,0.0,0.3125,0.7368421052631579,0.0,0.0,0.7142857142857143,0.4412760416666666,0.1442007311745352,0.140625,0.231178041857433,NaN,NaN,NaN,NaN,3.0,2.5298221281347035,2.9377058374837346,1.2448460035415851,5.0,0.375,0.5968095830628714,4.0,8.0,1.9059829059829059,0.8708191346212583,0.10526315789473684,0.0
182,1,19.0,50.0,2.6315789473684212,0.14619883040935672,0.1111111111111111,0.0,0.5625,0.3125,0.0625,0.25,0.7368421052631579,0.0,0.07142857142857142,0.6428571428571429,0.36576967592592585,0.26611039528145425,0.12708333333333333,0.2760082526946533,NaN,NaN,NaN,NaN,3.125,3.138470965295043,2.7846915676287494,1.1338135739063988,4.225806451612903,0.4375,0.7192877016715185,3.0,8.0,1.7047619047619047,0.7060699671667097,0.15789473684210525,0.0
183,1,19.0,50.0,2.6315789473684212,0.14619883040935672,0.1111111111111111,0.05555555555555555,0.5,0.125,0.0625,0.375,0.7368421052631579,0.0,0.07142857142857142,0.7142857142857143,0.6214378720238094,0.29307841251259886,0.15729166666666666,0.2694279777327982,NaN,NaN,NaN,NaN,3.125,1.5,2.8892519760940814,1.0830492164200598,4.3076923076923075,0.625,0.6204599980835441,3.0,9.0,1.7457627118644068,0.6941321911341176,0.10526315789473684,0.0
184,1,19.0,41.0,2.1578947368421053,0.11988304093567251,0.1111111111111111,0.05555555555555555,0.5625,0.3125,0.0,0.1875,0.7368421052631579,0.0,0.0,0.6428571428571429,0.2623611111111111,0.2213709156698927,0.09791666666666667,0.21618536285121415,NaN,NaN,NaN,NaN,2.5625,1.547847968417226,2.8131578947368423,1.206983012391943,4.333333333333334,0.5625,0.6599609395520444,5.0,8.0,2.0081967213114753,0.8860339866188581,0.2631578947368421,0.0
185,1,19.0,66.0,3.473684210526316,0.19298245614035087,0.1111111111111111,0.0,0.5625,0.3125,0.125,0.3125,0.7368421052631579,0.0,0.14285714285714285,0.6428571428571429,0.6725555555555556,0.3312457767414605,0.20729166666666665,0.36326547531461834,NaN,NaN,NaN,NaN,4.125,3.99791612384919,2.7570829247030617,1.1326794834019756,4.086956521739131,0.25,0.689581074625617,3.0,8.0,1.5263157894736843,0.6269821851188843,0.2631578947368421,0.0
186,1,19.0,44.0,2.3157894736842106,0.1286549707602339,0.1111111111111111,0.16666666666666666,0.5625,0.25,0.0625,0.25,0.7368421052631579,0.0,0.07142857142857142,0.5714285714285714,0.6422129629629629,0.277550566334187,0.16666666666666666,0.3220305943597652,NaN,NaN,NaN,NaN,2.75,1.7701224063135672,3.050428153717627,1.3167826087137,5.333333333333334,0.6875,0.7114574936437016,5.0,10.0,2.0254237288135593,0.946986804001776,0.0,0.0
187,1,19.0,67.0,3.526315789473684,0.195906432748538,0.1111111111111111,0.0,0.625,0.1875,0.0625,0.3125,0.7368421052631579,0.0,0.07142857142857142,0.7142857142857143,0.7095999647007711,0.22023021118731817,0.16354166666666667,0.30210488428873683,NaN,NaN,NaN,NaN,4.1875,3.4296501279285034,2.9812902039356333,1.1745103762721407,4.333333333333334,0.75,0.7159040084883358,4.0,11.0,1.7105263157894737,0.6869799436748517,0.3684210526315789,0.0
188,1,19.0,58.0,3.0526315789473686,0.1695906432748538,0.1111111111111111,0.0,0.5625,0.1875,0.0,0.3125,0.7368421052631579,0.0,0.0,0.7142857142857143,0.4992906345626253,0.2146033291429893,0.14791666666666667,0.25032386429790715,NaN,NaN,NaN,NaN,3.625,2.963668897386031,2.9456981614876354,1.2069091066667466,4.666666666666666,0.6875,0.6990508994451952,4.0,9.0,1.71875,0.7310600651777102,0.2631578947368421,0.0
189,1,19.0,37.0,1.9473684210526316,0.10818713450292397,0.1111111111111111,0.05555555555555555,0.625,0.3125,0.0625,0.1875,0.7368421052631579,0.0,0.07142857142857142,0.7142857142857143,0.468359375,0.3230533749597993,0.11875,0.28099525500145617,NaN,NaN,NaN,NaN,2.3125,1.7404501333467348,3.0368534973798127,1.44562048009145,5.333333333333334,0.5,0.8850711619904407,5.0,9.0,2.0442477876106193,0.9295676849537318,0.15789473684210525,0.0
19,1,19.0,59.0,3.1052631578947367,0.17251461988304093,0.1111111111111111,0.05555555555555555,0.5625,0.1875,0.0625,0.3125,0.7368421052631579,0.0,0.07142857142857142,0.6428571428571429,0.6906151838507021,0.2325236720130396,0.17708333333333334,0.3071297831596664,NaN,NaN,NaN,NaN,3.6875,2.600480724789169,3.0271929824561403,1.2868397060779133,4.833333333333334,0.625,0.6733228336626447,4.0,12.0,1.836734693877551,0.7498019494354037,0.42105263157894735,0.0
190,1,19.0,64.0,3.3684210526315788,0.1871345029239766,0.1111111111111111,0.05555555555555555,0.5625,0.125,0.0625,0.375,0.7368421052631579,0.0,0.07142857142857142,0.6428571428571429,0.6687802789548023,0.1625081710926249,0.178125,0.2892339018856538,NaN,NaN,NaN,NaN,4.0,2.8751811537130436,2.882535505430242,1.0342149490923658,4.04,0.625,0.6281135534021202,3.0,10.0,1.5984251968503937,0.6205456191061428,0.15789473684210525,0.0
191,1,19.0,51.0,2.6842105263157894,0.14912280701754385,0.1111111111111111,0.0,0.625,0.25,0.0625,0.125,0.7368421052631579,0.0,0.07142857142857142,0.7142857142857143,0.5304985747734908,0.4036283734887427,0.0875,0.2629955639676583,NaN,NaN,NaN,NaN,3.1875,2.809952550014561,3.136383531291998,1.4861027277364947,5.25,0.5625,0.820763791519312,5.0,11.0,2.0303030303030303,1.0552623055079062,0.3684210526315789,0.0
192,1,19.0,40.0,2.1052631578947367,0.11695906432748537,0.1111111111111111,0.0,0.5,0.375,0.125,0.25,0.7368421052631579,0.0,0.14285714285714285,0.5714285714285714,0.42678357314148674,0.33587564050793567,0.17708333333333331,0.3520771695712935,NaN,NaN,NaN,NaN,2.5,2.9664793948382653,2.6938596491228073,1.1671323214402416,4.5,0.5625,0.6463560746319904,4.0,8.0,1.8461538461538463,0.7854159836441479,0.15789473684210525,0.0
193,1,19.0,44.0,2.3157894736842106,0.1286549707602339,0.1111111111111111,0.0,0.5625,0.25,0.125,0.3125,0.7368421052631579,0.0,0.14285714285714285,0.6428571428571429,0.2682291666666667,0.3355144209978624,0.17708333333333331,0.34003676271838607,NaN,NaN,NaN,NaN,2.75,2.54296414970142,2.9896063688633348,1.3766702227688343,5.166666666666666,0.4375,0.7166500408678164,4.0,9.0,1.8645833333333333,0.8780335884555557,0.10526315789473684,0.0
194,1,19.0,73.0,3.8421052631578947,0.2134502923976608,0.1111111111111111,0.0,0.5625,0.25,0.0625,0.25,0.7368421052631579,0.0,0.07142857142857142,0.7142857142857143,0.5306816527562112,0.3256650845423133,0.12395833333333334,0.2692904772009421,NaN,NaN,NaN,NaN,4.5625,4.32001157405857,2.8608880631191846,1.1701285197280664,4.428571428571429,0.625,0.7817741844461661,4.0,11.0,1.6376811594202898,0.7039205017479798,0.3684210526315789,0.0
195,1,19.0,52.0,2.736842105263158,0.15204678362573099,0.1111111111111111,0.0,0.6875,0.25,0.0,0.25,0.7368421052631579,0.0,0.0,0.5714285714285714,0.32798793859649117,0.18419828828395915,0.109375,0.20348525745124632,NaN,NaN,NaN,NaN,3.25,3.941235001028654,2.8813947093438927,1.200721940874476,4.454545454545455,0.375,0.6236799001265233,4.0,8.0,1.7387387387387387,0.7829049833410267,0.21052631578947367,0.0
196,1,19.0,59.0,3.1052631578947367,0.17251461988304093,0.1111111111111111,0.05555555555555555,0.5,0.1875,0.0625,0.375,0.7368421052631579,0.0,0.07142857142857142,0.7142857142857143,0.6699018463497451,0.24655389157521945,0.18333333333333335,0.2913569784454954,NaN,NaN,NaN,NaN,3.6875,1.8874586088176875,3.0392555274826747,1.2741923907811026,4.833333333333334,0.625,0.83127304577004,4.0,11.0,1.856164383561644,0.7700400887674147,0.3157894736842105,0.0
197,1,19.0,46.0,2.4210526315789473,0.13450292397660818,0.1111111111111111,0.05555555555555555,0.5625,0.1875,0.0625,0.4375,0.7368421052631579,0.0,0.07142857142857142,0.6428571428571429,0.7703344508301404,0.1595784234830131,0.22395833333333331,0.3083990170277845,NaN,NaN,NaN,NaN,2.875,1.7841898254763513,3.052694235588972,1.336755684472187,5.0,0.6875,0.796565827180653,5.0,9.0,2.0,0.8927443537782849,0.3157894736842105,0.0
198,1,19.0,66.0,3.473684210526316,0.19298245614035087,0.1111111111111111,0.0,0.625,0.1875,0.0625,0.3125,0.7368421052631579,0.0,0.07142857142857142,0.6428571428571429,0.5113563351323567,0.27978201934056646,0.16666666666666666,0.3027650354097491,NaN,NaN,NaN,NaN,4.125,3.4809002666934696,2.806509305593974,1.0650242003439654,4.0,0.5625,0.5765022982730101,3.0,10.0,1.6194029850746268,0.6228092566882626,0.2631578947368421,0.0
199,1,19.0,53.0,2.789473684210526,0.15497076023391812,0.1111111111111111,0.05555555555555555,0.5625,0.25,0.0625,0.375,0.7368421052631579,0.0,0.07142857142857142,0.7142857142857143,0.5972826086956521,0.2099126652494701,0.18125,0.2897556441785619,NaN,NaN,NaN,NaN,3.3125,1.9224550276491081,2.868951121118304,1.2079512907354146,4.833333333333334,0.6875,0.687761488822354,4.0,9.0,1.7107438016528926,0.6884525707329155,0.21052631578947367,0.0
2,1,19.0,60.0,3.1578947368421053,0.17543859649122806,0.1111111111111111,0.0,0.5625,0.25,0.0625,0.375,0.7368421052631579,0.0,0.07142857142857142,0.7142857142857143,0.7461310873555773,0.2501633614515293,0.19791666666666666,0.3056186803482041,NaN,NaN,NaN,NaN,3.75,3.0441200151549,2.9601142726427883,1.2603690936206788,4.4375,0.625,0.7429832992641383,4.0,11.0,1.795774647887324,0.7675948657555444,0.3684210526315789,0.0
20,1,19.0,58.0,3.0526315789473686,0.1695906432748538,0.1111111111111111,0.0,0.625,0.125,0.0625,0.25,0.7368421052631579,0.0,0.07142857142857142,0.6428571428571429,0.6695838223787166,0.16782294990405333,0.14166666666666666,0.2970222587992729,NaN,NaN,NaN,NaN,3.625,2.9410882339705484,3.24634686130531,1.407707737375908,5.833333333333334,0.6875,0.8284979675243374,5.0,11.0,1.8985507246376812,0.9145207757252143,0.15789473684210525,0.0
200,1,19.0,49.0,2.5789473684210527,0.14327485380116958,0.1111111111111111,0.16666666666666666,0.625,0.3125,0.0,0.1875,0.7368421052631579,0.0,0.0,0.7142857142857143,0.3382711161387632,0.2298808349340415,0.10416666666666666,0.2266911751455907,NaN,NaN,NaN,NaN,3.0625,2.2647663602823727,2.962806199648305,1.338513630453064,5.0,0.4375,0.6032168852186551,4.0,10.0,1.8629032258064515,0.7997426152964571,0.2631578947368421,0.0
201,1,19.0,38.0,2.0,0.1111111111111111,0.1111111111111111,0.1111111111111111,0.5625,0.25,0.0,0.3125,0.7368421052631579,0.0,0.0,0.7142857142857143,0.4778645833333333,0.22307026769317265,0.13958333333333334,0.21746647251166482,NaN,NaN,NaN,NaN,2.375,1.707825127659933,2.979824561403509,1.3982717909165672,5.2,0.5,0.775039123320961,4.0,8.0,1.9777777777777779,0.9941150180756477,0.10526315789473684,0.0
202,1,19.0,54.0,2.8421052631578947,0.15789473684210525,0.1111111111111111,0.0,0.5,0.3125,0.0625,0.375,0.7368421052631579,0.0,0.07142857142857142,0.6428571428571429,0.6990952660406886,0.3162041647565259,0.19375,0.3060425412210483,NaN,NaN,NaN,NaN,3.375,2.5527762664727724,2.770175438596491,1.1643307162890133,4.5,0.5,0.7830333070999934,4.0,9.0,1.690909090909091,0.7135060680126758,0.21052631578947367,0.0
203,1,19.0,67.0,3.526315789473684,0.195906432748538,0.1111111111111111,0.0,0.5625,0.1875,0.0,0.25,0.7368421052631579,0.0,0.0,0.7142857142857143,0.415596153112603,0.21895398618234407,0.103125,0.19189298232782423,NaN,NaN,NaN,NaN,4.1875,4.003644173333423,2.8251296690925174,1.0603764103480249,4.090909090909091,0.75,0.6059354246780019,4.0,10.0,1.55,0.6331195275257697,0.2631578947368421,0.0
204,1,19.0,64.0,3.3684210526315788,0.1871345029239766,0.1111111111111111,0.0,0.5625,0.25,0.0625,0.25,0.7368421052631579,0.0,0.07142857142857142,0.6428571428571429,0.3555190403722362,0.2800167125063647,0.140625,0.2882237267586877,NaN,NaN,NaN,NaN,4.0,3.286335345030997,2.843282895295279,1.1979150506864729,4.333333333333334,0.6875,0.7418298591712528,4.0,11.0,1.6879432624113475,0.688006974352624,0.42105263157894735,0.0
205,1,19.0,47.0,2.473684210526316,0.13742690058479531,0.1111111111111111,0.0,0.5,0.1875,0.0625,0.25,0.7368421052631579,0.0,0.07142857142857142,0.6428571428571429,0.5826349431818182,0.3295908386166879,0.14583333333333331,0.29107081994288303,NaN,NaN,NaN,NaN,2.9375,3.129829601325499,2.8168859649122804,1.1109934605110174,4.1875,0.3125,0.6884355290210262,4.0,9.0,1.8166666666666667,0.7331677938955055,0.2631578947368421,0.0
206,1,19.0,50.0,2.6315789473684212,0.14619883040935672,0.1111111111111111,0.0,0.6875,0.1875,0.0625,0.1875,0.7368421052631579,0.0,0.07142857142857142,0.6428571428571429,0.6689040492957747,0.3161052908436717,0.11666666666666667,0.2905932629027115,NaN,NaN,NaN,NaN,3.125,3.052321520853704,2.9877145821543105,1.2061302783920391,4.583333333333334,0.625,0.6684791025988187,4.0,8.0,1.7352941176470589,0.7698073642053949,0.10526315789473684,0.0
207,1,19.0,51.0,2.6842105263157894,0.14912280701754385,0.1111111111111111,0.05555555555555555,0.5625,0.1875,0.0625,0.375,0.7368421052631579,0.0,0.07142857142857142,0.7142857142857143,0.7503124999999999,0.2432832663484794,0.18854166666666666,0.3042123253401954,NaN,NaN,NaN,NaN,3.1875,2.7378519560658012,3.103362573099415,1.3821176232911372,5.333333333333334,0.8125,0.8224395947133819,5.0,9.0,1.9603174603174602,0.9748911213118613,0.15789473684210525,0.0
208,1,19.0,38.0,2.0,0.1111111111111111,0.1111111111111111,0.1111111111111111,0.625,0.25,0.0625,0.25,0.7368421052631579,0.0,0.07142857142857142,0.6428571428571429,0.6160714285714285,0.3209055775251326,0.1375,0.2936046724827513,NaN,NaN,NaN,NaN,2.375,1.857417562100671,3.1638130531319386,1.5013001873461338,5.888888888888889,0.5625,0.8624507824304823,6.0,8.0,2.1473684210526316,1.1666320050308812,0.10526315789473684,0.0
209,1,19.0,63.0,3.3157894736842106,0.18421052631578946,0.1111111111111111,0.0,0.5625,0.1875,0.125,0.4375,0.7368421052631579,0.0,0.14285714285714285,0.6428571428571429,0.6677151366715046,0.1856914819568107,0.225,0.34302575219167825,NaN,NaN,NaN,NaN,3.9375,3.1084562084739105,2.9598997493734336,1.2200103705838976,5.0,0.5,0.7685176319765542,4.0,10.0,1.7424242424242424,0.8066632064053274,0.2631578947368421,0.0
21,1,19.0,37.0,1.9473684210526316,0.10818713450292397,0.1111111111111111,0.1111111111111111,0.5625,0.1875,0.0625,0.3125,0.7368421052631579,0.0,0.07142857142857142,0.6428571428571429,0.6015625,0.30275308895264863,0.14791666666666667,0.2783466397351544,NaN,NaN,NaN,NaN,2.3125,1.778341924377874,2.868617566643883,1.1581105739960622,4.4375,0.625,0.6152798956844217,4.0,9.0,1.9908256880733946,0.8659763580302561,0.10526315789473684,0.0
210,1,19.0,43.0,2.263157894736842,0.12573099415204678,0.1111111111111111,0.05555555555555555,0.5625,0.3125,0.125,0.3125,0.7368421052631579,0.0,0.14285714285714285,0.6428571428571429,0.5759387860082303,0.3373339953134686,0.19791666666666666,0.35075975739444143,NaN,NaN,NaN,NaN,2.6875,2.4143667216615348,3.0498827282109016,1.4740767187996597,5.285714285714286,0.5625,0.9474902319814653,5.0,10.0,2.009259259259259,0.971513612108238,0.10526315789473684,0.0
211,1,19.0,41.0,2.1578947368421053,0.11988304093567251,0.1111111111111111,0.16666666666666666,0.625,0.1875,0.0625,0.1875,0.7368421052631579,0.0,0.07142857142857142,0.7142857142857143,0.6166666666666667,0.31122683033070186,0.13541666666666666,0.30561868034820416,NaN,NaN,NaN,NaN,2.5625,1.8246004128758346,2.908636977058029,1.1556163093213214,4.666666666666666,0.5,0.5501637070477521,4.0,7.0,1.8191489361702127,0.8290785915176164,0.0,0.0
212,1,19.0,50.0,2.6315789473684212,0.14619883040935672,0.1111111111111111,0.05555555555555555,0.625,0.25,0.125,0.125,0.7368421052631579,0.0,0.14285714285714285,0.6428571428571429,0.6153892649903286,0.3615239006640626,0.125,0.3415650255319866,NaN,NaN,NaN,NaN,3.125,3.263433774416144,3.087827260458839,1.3691819148118758,4.666666666666666,0.5625,0.9162044529061278,4.0,11.0,1.9435483870967742,0.8862308913379207,0.3684210526315789,0.0
213,1,19.0,46.0,2.4210526315789473,0.13450292397660818,0.1111111111111111,0.1111111111111111,0.625,0.3125,0.0,0.3125,0.7368421052631579,0.0,0.0,0.6428571428571429,0.34552696078431366,0.2177989132705031,0.16041666666666665,0.25069348260818874,NaN,NaN,NaN,NaN,2.875,2.5527762664727724,2.9591478696741853,1.4014552291667095,5.666666666666666,0.4375,0.7864820770575994,6.0,10.0,2.2698412698412698,1.2548319308190936,0.3157894736842105,0.0
214,1,19.0,43.0,2.263157894736842,0.12573099415204678,0.1111111111111111,0.16666666666666666,0.625,0.25,0.0,0.3125,0.7368421052631579,0.0,0.0,0.6428571428571429,0.433984375,0.13408095249854346,0.13020833333333331,0.2085415626040366,NaN,NaN,NaN,NaN,2.6875,1.4476993242152645,3.0503680529996315,1.3628886419758377,4.8,0.5625,0.7182364268419327,5.0,8.0,2.0517241379310347,0.9942865266870634,0.15789473684210525,0.0
215,1,19.0,24.0,1.263157894736842,0.07017543859649122,0.1111111111111111,0.5,0.5625,0.3125,0.0625,0.25,0.7368421052631579,0.0,0.07142857142857142,0.6428571428571429,0.484375,0.39230887066188036,0.15625,0.3010398644698074,NaN,NaN,NaN,NaN,1.5,0.816496580927726,2.5350877192982453,0.935544581897276,4.0,0.25,0.4022255918400505,3.0,4.0,1.558139534883721,0.6655583256397218,0.0,0.0
216,1,19.0,54.0,2.8421052631578947,0.15789473684210525,0.1111111111111111,0.0,0.5,0.25,0.1875,0.4375,0.7368421052631579,0.0,0.21428571428571427,0.5714285714285714,0.7185724431818181,0.30222995374589334,0.2520833333333333,0.3881043674065005,NaN,NaN,NaN,NaN,3.375,2.7294688127912363,2.8911944830728857,1.186734772877901,4.5,0.6875,0.7388476611374254,4.0,8.0,1.7589285714285714,0.7969031920846456,0.10526315789473684,0.0
217,1,19.0,46.0,2.4210526315789473,0.13450292397660818,0.1111111111111111,0.05555555555555555,0.5625,0.3125,0.0625,0.25,0.7368421052631579,0.0,0.07142857142857142,0.6428571428571429,0.5837577160493826,0.2867607386285965,0.16041666666666665,0.31012990109880656,NaN,NaN,NaN,NaN,2.875,2.217355782608345,2.8067460317460315,1.199143777321905,4.666666666666666,0.5,0.6617519162667118,4.0,7.0,1.7821782178217822,0.7823549117381395,0.10526315789473684,0.0
218,1,19.0,69.0,3.6315789473684212,0.20175438596491227,0.1111111111111111,0.0,0.5625,0.25,0.125,0.4375,0.7368421052631579,0.0,0.14285714285714285,0.5714285714285714,0.6888072555182096,0.15308875520249296,0.24479166666666666,0.3580667613107304,NaN,NaN,NaN,NaN,4.3125,3.516034698349833,2.8595238095238096,1.1368552442192867,4.25,0.625,0.7693592095607129,4.0,10.0,1.6412213740458015,0.7023992102903868,0.3157894736842105,0.0
219,1,19.0,71.0,3.736842105263158,0.20760233918128654,0.1111111111111111,0.0,0.5625,0.125,0.0625,0.375,0.7368421052631579,0.0,0.07142857142857142,0.6428571428571429,0.5014508928571427,0.24568555733200556,0.17916666666666667,0.29953667926019045,NaN,NaN,NaN,NaN,4.4375,3.8981833375732,2.985041100366178,1.1997916893838556,4.5,0.75,0.7664447641554453,4.0,11.0,1.72,0.7338415973034549,0.42105263157894735,0.0
22,1,19.0,52.0,2.736842105263158,0.15204678362573099,0.1111111111111111,0.0,0.5,0.25,0.0,0.375,0.7368421052631579,0.0,0.0,0.7142857142857143,0.45771059782608686,0.2038773752014035,0.14895833333333333,0.2063320543848354,NaN,NaN,NaN,NaN,3.25,2.9552213679068666,2.935213032581454,1.3194072864913111,5.333333333333334,0.75,0.7321504306980595,5.0,10.0,1.9268292682926829,0.9510195711498874,0.10526315789473684,0.0
220,1,19.0,54.0,2.8421052631578947,0.15789473684210525,0.1111111111111111,0.0,0.5625,0.3125,0.0625,0.1875,0.7368421052631579,0.0,0.07142857142857142,0.7142857142857143,0.2353962818003914,0.29733721864206986,0.103125,0.2648702512552137,NaN,NaN,NaN,NaN,3.375,3.4034296427770228,2.7761904761904765,1.144232803009507,4.2,0.4375,0.6877510642473912,5.0,9.0,1.7933884297520661,0.8555442261303698,0.2631578947368421,0.0
221,1,19.0,41.0,2.1578947368421053,0.11988304093567251,0.1111111111111111,0.1111111111111111,0.5625,0.25,0.0,0.3125,0.7368421052631579,0.0,0.0,0.6428571428571429,0.4268172626649638,0.2236768770564329,0.14583333333333331,0.23471811304752901,NaN,NaN,NaN,NaN,2.5625,1.672074559741082,2.9272883626069217,1.3252229200396408,5.0,0.5,0.5749591126851604,5.0,8.0,2.1346153846153846,1.1325518253230487,0.10526315789473684,0.0
222,1,19.0,51.0,2.6842105263157894,0.14912280701754385,0.1111111111111111,0.0,0.625,0.3125,0.0,0.1875,0.7368421052631579,0.0,0.0,0.5714285714285714,0.20367183017785423,0.2127993878578117,0.10416666666666666,0.2266911751455907,NaN,NaN,NaN,NaN,3.1875,3.3509948771471834,2.9828984225269055,1.3630295609592378,4.714285714285714,0.4375,0.7842810529173804,4.0,9.0,1.7889908256880733,0.8059201607297141,0.3684210526315789,0.0
223,1,19.0,60.0,3.1578947368421053,0.17543859649122806,0.1111111111111111,0.0,0.625,0.1875,0.0625,0.25,0.7368421052631579,0.0,0.07142857142857142,0.6428571428571429,0.4015083258994944,0.29831173646051273,0.11875,0.26575364531836626,NaN,NaN,NaN,NaN,3.75,3.605551275463989,2.925157493578546,1.1463315232164284,4.2,0.5,0.6804531698871977,3.0,11.0,1.710144927536232,0.6640167370013182,0.3684210526315789,0.0
224,1,19.0,55.0,2.8947368421052633,0.1608187134502924,0.1111111111111111,0.0,0.5625,0.25,0.0625,0.25,0.7368421052631579,0.0,0.07142857142857142,0.6428571428571429,0.25799418604651164,0.2893135653615596,0.134375,0.2809025631780529,NaN,NaN,NaN,NaN,3.4375,3.9994791327538306,2.84727845254161,1.2169460244272265,5.0,0.5,0.7304455181364724,4.0,8.0,1.6176470588235294,0.7181400294663688,0.15789473684210525,0.0
225,1,19.0,68.0,3.5789473684210527,0.19883040935672514,0.1111111111111111,0.0,0.6875,0.25,0.0625,0.125,0.7368421052631579,0.0,0.07142857142857142,0.7142857142857143,0.5558732174688056,0.3242195526477938,0.08333333333333333,0.2581988897471611,NaN,NaN,NaN,NaN,4.25,4.219004621945797,3.145614035087719,1.4625806873616476,5.0,0.5,0.93368019536361,4.0,10.0,1.7559055118110236,0.8972315041022055,0.3157894736842105,0.0
226,1,19.0,36.0,1.894736842105263,0.10526315789473684,0.1111111111111111,0.1111111111111111,0.625,0.25,0.0,0.125,0.7368421052631579,0.0,0.0,0.7142857142857143,0.24973958333333335,0.26756177835044653,0.0625,0.1707825127659933,NaN,NaN,NaN,NaN,2.25,1.5275252316519468,2.814906584643427,1.1567676556631377,4.714285714285714,0.5,0.6249262981632787,4.0,7.0,1.9080459770114941,0.8440239155110224,0.0,0.0
227,1,19.0,61.0,3.210526315789474,0.1783625730994152,0.1111111111111111,0.0,0.5625,0.3125,0.0625,0.25,0.7368421052631579,0.0,0.07142857142857142,0.7142857142857143,0.5439050288820931,0.3787351458651052,0.14479166666666665,0.29793851901207935,NaN,NaN,NaN,NaN,3.8125,3.798574293951175,3.0374420900736694,1.452746772025173,5.5,0.5625,0.9434807526135777,4.0,10.0,1.7685950413223142,0.8733110421313472,0.3684210526315789,0.0
228,1,19.0,38.0,2.0,0.1111111111111111,0.1111111111111111,0.16666666666666666,0.5625,0.3125,0.125,0.375,0.7368421052631579,0.0,0.14285714285714285,0.5714285714285714,0.7274305555555556,0.3183608063907609,0.24166666666666667,0.36968455021364727,NaN,NaN,NaN,NaN,2.375,1.6683325008322931,2.813826232247285,1.2013537534578085,4.428571428571429,0.4375,0.7008762378432015,5.0,9.0,2.0303030303030303,0.9524891713407222,0.0,0.0
229,1,19.0,35.0,1.8421052631578947,0.1023391812865497,0.1111111111111111,0.05555555555555555,0.5,0.3125,0.0625,0.3125,0.7368421052631579,0.0,0.07142857142857142,0.6428571428571429,0.4083333333333333,0.2834476893407188,0.17708333333333331,0.3010398644698074,NaN,NaN,NaN,NaN,2.1875,1.7211914478058505,2.7890977443609026,1.212420840987066,4.6,0.5625,0.6813778867967176,4.0,6.0,1.8875,0.8999824189562703,0.10526315789473684,0.0
23,1,19.0,55.0,2.8947368421052633,0.1608187134502924,0.1111111111111111,0.0,0.5,0.3125,0.125,0.4375,0.7368421052631579,0.0,0.14285714285714285,0.6428571428571429,0.7744763688625012,0.2627237582865319,0.26458333333333334,0.3611645259640193,NaN,NaN,NaN,NaN,3.4375,2.8511693507518396,2.7317682793941374,1.1556327687233126,4.375,0.5625,0.620591769037954,4.0,9.0,1.752,0.7367758883659394,0.21052631578947367,0.0
230,1,19.0,66.0,3.473684210526316,0.19298245614035087,0.1111111111111111,0.0,0.5625,0.3125,0.125,0.3125,0.7368421052631579,0.0,0.14285714285714285,0.6428571428571429,0.5540344149708076,0.3345013785864756,0.203125,0.35612205304736,NaN,NaN,NaN,NaN,4.125,3.556683848755748,2.8615963929431425,1.2511575533732044,4.571428571428571,0.5625,0.8556819887609612,4.0,11.0,1.6666666666666667,0.7483314773547883,0.42105263157894735,0.0
231,1,19.0,45.0,2.3684210526315788,0.13157894736842105,0.1111111111111111,0.05555555555555555,0.625,0.25,0.0,0.1875,0.7368421052631579,0.0,0.0,0.7142857142857143,0.3532736669859514,0.19363113342329144,0.08854166666666666,0.20518453753741894,NaN,NaN,NaN,NaN,2.8125,1.973786547054502,3.0520658263305322,1.371673593253351,5.333333333333334,0.5625,0.6338948984085153,5.0,10.0,2.2028985507246377,1.0884893455272546,0.3157894736842105,0.0
232,1,19.0,42.0,2.210526315789474,0.12280701754385964,0.1111111111111111,0.1111111111111111,0.5625,0.25,0.0625,0.3125,0.7368421052631579,0.0,0.07142857142857142,0.6428571428571429,0.5203373015873015,0.2784755974088749,0.1875,0.3154949081000152,NaN,NaN,NaN,NaN,2.625,1.4548768561863463,2.9674185463659146,1.3949198731414028,5.666666666666666,0.6875,0.6405870974862172,5.0,8.0,2.1166666666666667,0.9803389341295735,0.15789473684210525,0.0
233,1,19.0,55.0,2.8947368421052633,0.1608187134502924,0.1111111111111111,0.0,0.5,0.3125,0.0625,0.3125,0.7368421052631579,0.0,0.07142857142857142,0.6428571428571429,0.5096615387088478,0.289965688593692,0.18125,0.30983119657382857,NaN,NaN,NaN,NaN,3.4375,2.9657770201640803,2.6598997493734338,1.0481156420292796,4.083333333333334,0.5625,0.6510066844743901,3.0,8.0,1.5825242718446602,0.6343789899078266,0.0,0.0
234,1,19.0,59.0,3.1052631578947367,0.17251461988304093,0.1111111111111111,0.0,0.625,0.25,0.0,0.1875,0.7368421052631579,0.0,0.0,0.6428571428571429,0.17474197247706422,0.18488315217400358,0.071875,0.16121285101794255,NaN,NaN,NaN,NaN,3.6875,3.736642878306676,2.8297305764411025,1.143151012042978,4.5,0.5,0.6500003219246859,3.0,9.0,1.608695652173913,0.6310066056583238,0.3157894736842105,0.0
235,1,19.0,47.0,2.473684210526316,0.13742690058479531,0.1111111111111111,0.0,0.5625,0.25,0.125,0.25,0.7368421052631579,0.0,0.14285714285714285,0.5714285714285714,0.616970854555744,0.2740826348987076,0.19791666666666666,0.3712778234990911,NaN,NaN,NaN,NaN,2.9375,2.080664957811965,3.0716695585116636,1.30617813208429,4.666666666666666,0.6875,0.8734588701131479,5.0,10.0,2.062015503875969,0.9742941193539821,0.21052631578947367,0.0
236,1,19.0,47.0,2.473684210526316,0.13742690058479531,0.1111111111111111,0.1111111111111111,0.5,0.1875,0.0625,0.25,0.7368421052631579,0.0,0.07142857142857142,0.7142857142857143,0.5849841269841269,0.3993311212756266,0.13958333333333334,0.2839454172900136,NaN,NaN,NaN,NaN,2.9375,1.9137659209004638,2.8100028626344415,1.1530960580192575,4.5,0.6875,0.6912961808012089,4.0,9.0,1.702970297029703,0.7286227344167289,0.10526315789473684,0.0
237,1,19.0,42.0,2.210526315789474,0.12280701754385964,0.1111111111111111,0.1111111111111111,0.5625,0.25,0.0625,0.3125,0.7368421052631579,0.0,0.07142857142857142,0.6428571428571429,0.6246701388888888,0.21556240965501314,0.18125,0.30983119657382857,NaN,NaN,NaN,NaN,2.625,2.187083293643233,3.3270496034135686,1.766066153673197,6.333333333333333,0.625,0.8969825421745763,6.0,9.0,2.25,1.2761287838212867,0.21052631578947367,0.0
238,1,19.0,42.0,2.210526315789474,0.12280701754385964,0.1111111111111111,0.0,0.625,0.1875,0.125,0.25,0.7368421052631579,0.0,0.14285714285714285,0.5714285714285714,0.5786290322580645,0.39132836192418197,0.153125,0.3393467990124557,NaN,NaN,NaN,NaN,2.625,3.095695936834452,2.9750543024227234,1.2082977177262255,5.0,0.3125,0.7198939261105024,4.0,8.0,1.7676767676767677,0.7260219093265013,0.15789473684210525,0.0
239,1,19.0,46.0,2.4210526315789473,0.13450292397660818,0.1111111111111111,0.1111111111111111,0.5,0.1875,0.0625,0.375,0.7368421052631579,0.0,0.07142857142857142,0.7142857142857143,0.5125000000000001,0.2838470832449519,0.15729166666666666,0.2694279777327982,NaN,NaN,NaN,NaN,2.875,2.5,2.8644156156982845,1.1225527610431942,4.5,0.625,0.7069151240016278,4.0,9.0,1.798165137614679,0.7549811932139064,0.21052631578947367,0.0
24,1,19.0,76.0,4.0,0.2222222222222222,0.1111111111111111,0.0,0.5,0.1875,0.0,0.5,0.7368421052631579,0.0,0.0,0.6428571428571429,0.6283368776493584,0.10022350320702342,0.22291666666666665,0.24395468613840743,NaN,NaN,NaN,NaN,4.75,3.3366650016645862,2.725466235806793,1.0073218924678782,3.833333333333333,0.75,0.5900527665612888,3.0,9.0,1.4744525547445255,0.5156419752400446,0.2631578947368421,0.0
240,1,19.0,48.0,2.526315789473684,0.14035087719298245,0.1111111111111111,0.05555555555555555,0.625,0.1875,0.0625,0.25,0.7368421052631579,0.0,0.07142857142857142,0.5714285714285714,0.573044321895425,0.24048496564388408,0.1375,0.29360467248275124,NaN,NaN,NaN,NaN,3.0,2.160246899469287,3.2678166708637626,1.4634368709533732,5.333333333333334,0.6875,0.83725517958391,5.0,12.0,2.104895104895105,1.0258166565537885,0.2631578947368421,0.0
241,1,19.0,59.0,3.1052631578947367,0.17251461988304093,0.1111111111111111,0.0,0.625,0.1875,0.0,0.1875,0.7368421052631579,0.0,0.0,0.7142857142857143,0.2979894301470588,0.20226864521436985,0.06875,0.15798206649279317,NaN,NaN,NaN,NaN,3.6875,4.142764777295472,2.9403110047846885,1.1462604827263234,4.291666666666666,0.4375,0.6534166965252731,3.0,9.0,1.688,0.6888044808965935,0.21052631578947367,0.0
242,1,19.0,56.0,2.9473684210526314,0.16374269005847952,0.1111111111111111,0.0,0.625,0.1875,0.0625,0.1875,0.7368421052631579,0.0,0.07142857142857142,0.7142857142857143,0.5116640406162465,0.2940464321421461,0.103125,0.2648702512552137,NaN,NaN,NaN,NaN,3.5,3.5402448126271344,3.004310776942356,1.2488797043109734,4.666666666666666,0.625,0.6955100947495856,4.0,9.0,1.6846846846846846,0.7505389818715371,0.10526315789473684,0.0
243,1,19.0,67.0,3.526315789473684,0.195906432748538,0.1111111111111111,0.0,0.5,0.25,0.0625,0.375,0.7368421052631579,0.0,0.07142857142857142,0.6428571428571429,0.5667494147940074,0.218053512447427,0.18645833333333334,0.29181543824821876,NaN,NaN,NaN,NaN,4.1875,3.0598202561588486,2.7584862275305486,1.0337685814170892,3.916666666666667,0.625,0.7025299972144241,3.0,12.0,1.6802721088435375,0.6409153830181936,0.3684210526315789,0.0
244,1,19.0,37.0,1.9473684210526316,0.10818713450292397,0.1111111111111111,0.05555555555555555,0.625,0.3125,0.0625,0.1875,0.7368421052631579,0.0,0.07142857142857142,0.5714285714285714,0.5600090579710145,0.369472183871106,0.125,0.28867513459481287,NaN,NaN,NaN,NaN,2.3125,3.0269621735330623,2.8780240073868883,1.2747489586726077,5.0,0.25,0.7005163892941098,4.0,8.0,1.8048780487804879,0.8231079972079913,0.15789473684210525,0.0
245,1,19.0,59.0,3.1052631578947367,0.17251461988304093,0.1111111111111111,0.0,0.5,0.1875,0.0625,0.4375,0.7368421052631579,0.0,0.07142857142857142,0.6428571428571429,0.6307458143074581,0.24225743338141195,0.20208333333333334,0.2941953873294514,NaN,NaN,NaN,NaN,3.6875,3.1983068437325812,2.812621644200591,1.098035594100057,4.333333333333334,0.625,0.5896281655153932,3.0,9.0,1.6934306569343065,0.6704042217377736,0.2631578947368421,0.0
246,1,19.0,59.0,3.1052631578947367,0.17251461988304093,0.1111111111111111,0.0,0.5625,0.25,0.0,0.25,0.7368421052631579,0.0,0.0,0.7142857142857143,0.280660372994019,0.1820907010838856,0.08333333333333333,0.15811388300841894,NaN,NaN,NaN,NaN,3.6875,2.600480724789169,2.8701496388028893,1.1851101941923352,4.375,0.625,0.6411345816527912,3.0,10.0,1.6349206349206349,0.6400396813095213,0.3157894736842105,0.0
247,1,19.0,47.0,2.473684210526316,0.13742690058479531,0.1111111111111111,0.05555555555555555,0.625,0.25,0.0,0.1875,0.7368421052631579,0.0,0.0,0.7142857142857143,0.15203373015873015,0.20286392598433173,0.07708333333333334,0.1685312368013057,NaN,NaN,NaN,NaN,2.9375,2.4074537032585557,2.742454913507545,1.0729627557840977,4.0,0.375,0.6291571870071458,3.0,7.0,1.4935064935064934,0.5987569716850819,0.0,0.0
248,1,19.0,53.0,2.789473684210526,0.15497076023391812,0.1111111111111111,0.0,0.5,0.375,0.0625,0.25,0.7368421052631579,0.0,0.07142857142857142,0.6428571428571429,0.399048353909465,0.30374112574787526,0.13958333333333334,0.2839454172900136,NaN,NaN,NaN,NaN,3.3125,3.477906458393229,2.7563324244139182,1.2183768025920358,4.5,0.4375,0.7996904207426122,4.0,9.0,1.8692307692307693,0.8571492460789235,0.3684210526315789,0.0
249,1,19.0,62.0,3.263157894736842,0.18128654970760233,0.1111111111111111,0.0,0.5625,0.1875,0.0625,0.3125,0.7368421052631579,0.0,0.07142857142857142,0.6428571428571429,0.7323759439050701,0.2493557313701164,0.18333333333333332,0.3215702215806174,NaN,NaN,NaN,NaN,3.875,3.8622100754188224,2.774937343358396,1.017121639361076,4.0285714285714285,0.625,0.619396880115797,3.0,9.0,1.625,0.6274558051381586,0.21052631578947367,0.0
25,1,19.0,54.0,2.8421052631578947,0.15789473684210525,0.1111111111111111,0.05555555555555555,0.625,0.125,0.0625,0.3125,0.7368421052631579,0.0,0.07142857142857142,0.7142857142857143,0.6563391837899543,0.17800400445308787,0.14583333333333334,0.27638539919628335,NaN,NaN,NaN,NaN,3.375,2.3057898140695015,3.0579646669120355,1.1753765521877648,4.363636363636363,0.5625,0.6647421514188881,4.0,11.0,1.7727272727272727,0.7474221253408238,0.15789473684210525,0.0
250,1,19.0,36.0,1.894736842105263,0.10526315789473684,0.1111111111111111,0.16666666666666666,0.5,0.3125,0.125,0.3125,0.7368421052631579,0.0,0.14285714285714285,0.5714285714285714,0.6575126262626262,0.39089829699119955,0.19270833333333331,0.34923030446333775,NaN,NaN,NaN,NaN,2.25,1.5275252316519468,2.87406015037594,1.3331275575188979,5.1,0.375,0.7483363202045923,5.0,7.0,1.9651162790697674,1.0226571436111582,0.15789473684210525,0.0
251,1,19.0,51.0,2.6842105263157894,0.14912280701754385,0.1111111111111111,0.0,0.6875,0.1875,0.0625,0.1875,0.7368421052631579,0.0,0.07142857142857142,0.7142857142857143,0.5745614035087719,0.383033123441605,0.09895833333333333,0.26037499666613323,NaN,NaN,NaN,NaN,3.1875,3.4296501279285034,3.0014603817235397,1.2603730464947611,4.714285714285714,0.5625,0.6721744153389335,4.0,9.0,1.8387096774193548,0.8203419550148698,0.2631578947368421,0.0
252,1,19.0,48.0,2.526315789473684,0.14035087719298245,0.1111111111111111,0.0,0.5625,0.125,0.0625,0.3125,0.7368421052631579,0.0,0.07142857142857142,0.6428571428571429,0.44518849206349215,0.2541682958633519,0.16666666666666666,0.2918650119236377,NaN,NaN,NaN,NaN,3.0,2.988868236194653,2.9202751196172247,1.1786698219757656,4.5,0.6875,0.6742986985904954,5.0,10.0,2.024390243902439,1.0037912936539717,0.21052631578947367,0.0
253,1,19.0,50.0,2.6315789473684212,0.14619883040935672,0.1111111111111111,0.05555555555555555,0.625,0.125,0.0625,0.3125,0.7368421052631579,0.0,0.07142857142857142,0.5714285714285714,0.6925475823045266,0.13709218896578113,0.153125,0.2924493466745487,NaN,NaN,NaN,NaN,3.125,2.362907813126304,3.11722837796245,1.2459197512836355,4.833333333333334,0.75,0.6625093470073677,4.0,10.0,1.9548872180451127,0.8778819349601193,0.0,0.0
254,1,19.0,44.0,2.3157894736842106,0.1286549707602339,0.1111111111111111,0.0,0.5625,0.1875,0.0625,0.25,0.7368421052631579,0.0,0.07142857142857142,0.7142857142857143,0.4957682291666667,0.3494540361369372,0.15104166666666666,0.30462294544057067,NaN,NaN,NaN,NaN,2.75,3.022140521771503,2.8534500021766576,1.2042094429059653,4.6,0.625,0.6671583093996615,4.0,7.0,1.7916666666666667,0.8197132575244855,0.10526315789473684,0.0
255,1,19.0,47.0,2.473684210526316,0.13742690058479531,0.1111111111111111,0.05555555555555555,0.625,0.1875,0.125,0.3125,0.7368421052631579,0.0,0.14285714285714285,0.6428571428571429,0.7178115615615615,0.27626228434887296,0.19791666666666666,0.35988038136148637,NaN,NaN,NaN,NaN,2.9375,2.322893310794392,2.86244019138756,1.1510616884636342,4.5,0.5,0.6646268963477118,4.0,8.0,1.7523809523809524,0.7567764681268986,0.15789473684210525,0.0
256,1,19.0,43.0,2.263157894736842,0.12573099415204678,0.1111111111111111,0.16666666666666666,0.5625,0.25,0.125,0.3125,0.7368421052631579,0.0,0.14285714285714285,0.6428571428571429,0.5691840277777779,0.36186076700724834,0.1875,0.3476108935769035,NaN,NaN,NaN,NaN,2.6875,1.9568256607747831,2.8885167464114834,1.3002729336633587,5.0,0.4375,0.7849726014045135,4.0,9.0,1.9705882352941178,0.9382507671398086,0.15789473684210525,0.0
257,1,19.0,62.0,3.263157894736842,0.18128654970760233,0.1111111111111111,0.0,0.5625,0.1875,0.0625,0.3125,0.7368421052631579,0.0,0.07142857142857142,0.7142857142857143,0.6405270927056556,0.24740787879059103,0.14270833333333333,0.275410047827679,NaN,NaN,NaN,NaN,3.875,3.383784863137726,3.033323344593368,1.276423215808947,4.666666666666666,0.75,0.77194700453851,4.0,9.0,1.7,0.7329456339494638,0.3157894736842105,0.0
258,1,19.0,37.0,1.9473684210526316,0.10818713450292397,0.1111111111111111,0.05555555555555555,0.6875,0.25,0.0,0.125,0.7368421052631579,0.0,0.0,0.6428571428571429,0.18954918032786885,0.19955551701615443,0.046875,0.13597640726733934,NaN,NaN,NaN,NaN,2.3125,1.8518009252256753,2.905195681511471,1.2289732320993145,4.615384615384615,0.375,0.5951017280080085,4.0,9.0,1.9207920792079207,0.808494506064595,0.21052631578947367,0.0
259,1,19.0,58.0,3.0526315789473686,0.1695906432748538,0.1111111111111111,0.0,0.5625,0.1875,0.0625,0.3125,0.7368421052631579,0.0,0.07142857142857142,0.6428571428571429,0.5739393939393937,0.216718383630982,0.165625,0.29879193491520206,NaN,NaN,NaN,NaN,3.625,3.9136513215495663,2.910670908039329,1.1785843007857113,4.5,0.75,0.63061947928636,4.0,8.0,1.6396396396396395,0.7235366773739418,0.10526315789473684,0.0
26,1,19.0,71.0,3.736842105263158,0.20760233918128654,0.1111111111111111,0.0,0.5625,0.125,0.0,0.3125,0.7368421052631579,0.0,0.0,0.6428571428571429,0.46438912429378526,0.2163628224791044,0.11875,0.19311050377094116,NaN,NaN,NaN,NaN,4.4375,3.7588783788075224,2.9448647724963513,1.0993448376170236,4.181818181818182,0.75,0.6727559265994164,4.0,11.0,1.6102941176470589,0.657411243046284,0.21052631578947367,0.0
260,1,19.0,40.0,2.1052631578947367,0.11695906432748537,0.1111111111111111,0.1111111111111111,0.5,0.25,0.0,0.3125,0.7368421052631579,0.0,0.0,0.6428571428571429,0.36818910256410253,0.22914607854178307,0.13020833333333331,0.2085415626040366,NaN,NaN,NaN,NaN,2.5,2.0330600909302543,2.795252837977296,1.1704388433717958,4.5,0.75,0.5981431203986297,4.0,8.0,1.7666666666666666,0.8079659576764635,0.10526315789473684,0.0
261,1,19.0,64.0,3.3684210526315788,0.1871345029239766,0.1111111111111111,0.0,0.5625,0.3125,0.0625,0.25,0.7368421052631579,0.0,0.07142857142857142,0.5714285714285714,0.2606119791666666,0.2684211405111784,0.14583333333333331,0.29107081994288303,NaN,NaN,NaN,NaN,4.0,4.131182235954578,2.795272271588061,1.1990656551778343,4.333333333333334,0.5625,0.7522391511607469,4.0,11.0,1.7096774193548387,0.7940243647670345,0.21052631578947367,0.0
262,1,19.0,66.0,3.473684210526316,0.19298245614035087,0.1111111111111111,0.0,0.5625,0.125,0.0,0.375,0.7368421052631579,0.0,0.0,0.5714285714285714,0.3465983072916667,0.15287088196699636,0.11979166666666666,0.169336258723637,NaN,NaN,NaN,NaN,4.125,2.80178514522438,3.0296372652060257,1.162519468514313,4.25,0.625,0.7133028507339964,4.0,10.0,1.7205882352941178,0.7472535042167889,0.3157894736842105,0.0
263,1,19.0,37.0,1.9473684210526316,0.10818713450292397,0.1111111111111111,0.16666666666666666,0.5,0.25,0.0625,0.25,0.7368421052631579,0.0,0.07142857142857142,0.6428571428571429,0.46319444444444446,0.28066554499643903,0.13541666666666666,0.2803354472109494,NaN,NaN,NaN,NaN,2.3125,1.4476993242152645,3.1654135338345863,1.5605528670820743,5.666666666666666,0.5,0.8637741601120215,5.0,9.0,2.2990654205607477,1.2070152901989741,0.0,0.0
264,1,19.0,41.0,2.1578947368421053,0.11988304093567251,0.1111111111111111,0.1111111111111111,0.5625,0.1875,0.0625,0.25,0.7368421052631579,0.0,0.07142857142857142,0.5714285714285714,0.45089962121212124,0.24365368977823149,0.13020833333333331,0.27716947282604315,NaN,NaN,NaN,NaN,2.5625,1.631716887208072,3.2806053595527276,1.494923337097612,5.333333333333334,0.5,0.7425832836462989,5.0,10.0,2.235294117647059,1.1402191459966409,0.10526315789473684,0.0
265,1,19.0,49.0,2.5789473684210527,0.14327485380116958,0.1111111111111111,0.0,0.625,0.1875,0.0625,0.3125,0.7368421052631579,0.0,0.07142857142857142,0.6428571428571429,0.7342352642276424,0.24156871282607653,0.15729166666666666,0.2956454802631016,NaN,NaN,NaN,NaN,3.0625,3.2551241655785317,2.9095351017096167,1.1582454319085251,4.833333333333334,0.625,0.7116703308702533,4.0,10.0,1.8245614035087718,0.8009464979987239,0.15789473684210525,0.0
266,1,19.0,61.0,3.210526315789474,0.1783625730994152,0.1111111111111111,0.05555555555555555,0.5625,0.3125,0.125,0.25,0.7368421052631579,0.0,0.14285714285714285,0.5714285714285714,0.5783148484069397,0.28170399973198623,0.19791666666666666,0.3712778234990911,NaN,NaN,NaN,NaN,3.8125,3.25,2.8499545110966564,1.174172991176657,4.260869565217391,0.5,0.7799001713244668,3.0,11.0,1.6528925619834711,0.6672174033708066,0.2631578947368421,0.0
267,1,19.0,63.0,3.3157894736842106,0.18421052631578946,0.1111111111111111,0.0,0.5625,0.1875,0.0625,0.4375,0.7368421052631579,0.0,0.07142857142857142,0.6428571428571429,0.7320488823784723,0.1496408617258763,0.19479166666666664,0.2849118609649632,NaN,NaN,NaN,NaN,3.9375,3.8204493627495357,3.0136800334168754,1.2226972064322172,4.666666666666666,0.5,0.7162712779342381,4.0,11.0,1.736842105263158,0.7774739286489725,0.15789473684210525,0.0
268,1,19.0,51.0,2.6842105263157894,0.14912280701754385,0.1111111111111111,0.05555555555555555,0.5625,0.375,0.125,0.1875,0.7368421052631579,0.0,0.14285714285714285,0.5714285714285714,0.5890394593118514,0.43620063561378347,0.15625,0.3520771695712935,NaN,NaN,NaN,NaN,3.1875,3.970201506221063,2.7483869520348185,1.20553271298117,4.5,0.375,0.7737573224281328,4.0,9.0,1.6458333333333333,0.7395470401275389,0.21052631578947367,0.0
269,1,19.0,49.0,2.5789473684210527,0.14327485380116958,0.1111111111111111,0.0,0.5625,0.25,0.0625,0.3125,0.7368421052631579,0.0,0.07142857142857142,0.5714285714285714,0.3415729717813051,0.24750180409869735,0.16666666666666666,0.2918650119236377,NaN,NaN,NaN,NaN,3.0625,3.1510580233735253,2.7881931841097,1.158473622095955,4.5,0.625,0.5938882053131671,4.0,7.0,1.648936170212766,0.7289327418346004,0.0,0.0
27,1,19.0,40.0,2.1052631578947367,0.11695906432748537,0.1111111111111111,0.1111111111111111,0.625,0.1875,0.0625,0.3125,0.7368421052631579,0.0,0.07142857142857142,0.6428571428571429,0.38702876984126977,0.2921242934307608,0.15104166666666666,0.27924957309559856,NaN,NaN,NaN,NaN,2.5,1.591644851508443,3.0503189792663474,1.3354534891062306,4.727272727272727,0.5625,0.7052515354299621,4.0,8.0,1.9313725490196079,0.8355919692295773,0.10526315789473684,0.0
270,1,19.0,49.0,2.5789473684210527,0.14327485380116958,0.1111111111111111,0.05555555555555555,0.5,0.25,0.0,0.3125,0.7368421052631579,0.0,0.0,0.7142857142857143,0.35265700483091783,0.21498941497639254,0.13333333333333333,0.20763215336529917,NaN,NaN,NaN,NaN,3.0625,2.0155644370746373,2.69701742864526,1.0563478805377489,4.444444444444445,0.75,0.6270924139352333,3.0,8.0,1.6822429906542056,0.6529776620918755,0.10526315789473684,0.0
271,1,19.0,71.0,3.736842105263158,0.20760233918128654,0.1111111111111111,0.0,0.625,0.25,0.0625,0.25,0.7368421052631579,0.0,0.07142857142857142,0.7142857142857143,0.41341706539074974,0.29545816312332057,0.134375,0.2809025631780529,NaN,NaN,NaN,NaN,4.4375,4.032679010285842,2.8159000784454506,1.1299174562117964,4.153846153846153,0.5625,0.6193076953354878,3.0,10.0,1.5970149253731343,0.6502677642241633,0.2631578947368421,0.0
272,1,19.0,35.0,1.8421052631578947,0.1023391812865497,0.1111111111111111,0.16666666666666666,0.6875,0.25,0.0,0.1875,0.7368421052631579,0.0,0.0,0.6428571428571429,0.3443672839506173,0.24359768072868393,0.09374999999999999,0.21054382846263556,NaN,NaN,NaN,NaN,2.1875,2.166987155784116,2.8958448753462602,1.224138542265457,5.0,0.125,0.6869495070411294,4.0,7.0,1.8625,0.8822260395216901,0.15789473684210525,0.0
273,1,19.0,49.0,2.5789473684210527,0.14327485380116958,0.1111111111111111,0.0,0.5,0.3125,0.0625,0.25,0.7368421052631579,0.0,0.07142857142857142,0.6428571428571429,0.467652329749104,0.33638646210290585,0.14583333333333331,0.29107081994288303,NaN,NaN,NaN,NaN,3.0625,2.954516316872639,2.927192131913494,1.3937199941626044,5.333333333333334,0.625,0.8505501572717424,5.0,11.0,2.030534351145038,0.976169368167934,0.3684210526315789,0.0
274,1,19.0,62.0,3.263157894736842,0.18128654970760233,0.1111111111111111,0.0,0.5625,0.25,0.0,0.1875,0.7368421052631579,0.0,0.0,0.7142857142857143,0.3164193373793299,0.2084252991936777,0.08125,0.17594980344783945,NaN,NaN,NaN,NaN,3.875,3.1806707887907337,2.8122259984326137,1.1000167003944181,4.125,0.6875,0.6874583156945863,3.0,11.0,1.6515151515151516,0.6536433241367393,0.21052631578947367,0.0
275,1,19.0,36.0,1.894736842105263,0.10526315789473684,0.1111111111111111,0.3333333333333333,0.625,0.1875,0.0625,0.25,0.7368421052631579,0.0,0.07142857142857142,0.5714285714285714,0.36805555555555564,0.24229083107317695,0.11979166666666666,0.2652195980412933,NaN,NaN,NaN,NaN,2.25,1.4375905768565218,2.9859649122807017,1.2793108334478365,5.0,0.5,0.5252224585376952,4.0,8.0,1.9651162790697674,0.9260628160450488,0.0,0.0
276,1,19.0,35.0,1.8421052631578947,0.1023391812865497,0.1111111111111111,0.05555555555555555,0.625,0.1875,0.0,0.25,0.7368421052631579,0.0,0.0,0.6428571428571429,0.3386501736111111,0.18693461003855386,0.08020833333333333,0.15506495054940328,NaN,NaN,NaN,NaN,2.1875,1.3768926368215255,2.970029239766082,1.2169874495894797,4.833333333333334,0.3125,0.6545117721015287,5.0,8.0,2.0112359550561796,0.9593366792461804,0.0,0.0
277,1,19.0,50.0,2.6315789473684212,0.14619883040935672,0.1111111111111111,0.1111111111111111,0.6875,0.25,0.0,0.0625,0.7368421052631579,0.0,0.0,0.7142857142857143,0.1797047588365243,0.18441347047373927,0.03125,0.125,NaN,NaN,NaN,NaN,3.125,3.0083217912982647,3.0560640732265445,1.3783190368417948,5.0,0.25,0.8211865528421642,5.0,11.0,1.88135593220339,0.8787081769641464,0.3684210526315789,0.0
278,1,19.0,50.0,2.6315789473684212,0.14619883040935672,0.1111111111111111,0.1111111111111111,0.625,0.25,0.0,0.25,0.7368421052631579,0.0,0.0,0.6428571428571429,0.43101851851851847,0.179342369265628,0.09583333333333333,0.18333333333333335,NaN,NaN,NaN,NaN,3.125,2.1563858652847827,3.1179093567251464,1.4188119872441318,5.0,0.4375,0.8183602901533492,6.0,11.0,2.1865671641791047,1.170874041804175,0.3157894736842105,0.0
279,1,19.0,52.0,2.736842105263158,0.15204678362573099,0.1111111111111111,0.1111111111111111,0.5,0.1875,0.0625,0.375,0.7368421052631579,0.0,0.07142857142857142,0.5714285714285714,0.5398263888888888,0.2519965313261504,0.19270833333333331,0.30386210018020665,NaN,NaN,NaN,NaN,3.25,1.879716290649558,2.873143029141481,1.2020900796852694,4.5,0.8125,0.7551294271825395,4.0,9.0,1.7692307692307692,0.7472318500076013,0.2631578947368421,0.0
28,1,19.0,52.0,2.736842105263158,0.15204678362573099,0.1111111111111111,0.05555555555555555,0.6875,0.1875,0.0625,0.25,0.7368421052631579,0.0,0.07142857142857142,0.5714285714285714,0.5616041666666667,0.19330248436831576,0.12708333333333333,0.2760082526946533,NaN,NaN,NaN,NaN,3.25,2.6204325342711394,3.225170502983802,1.422230198540153,5.2,0.6875,0.7321903403721987,4.0,10.0,1.9923664122137406,0.9072035070318428,0.3157894736842105,0.0
280,1,19.0,35.0,1.8421052631578947,0.1023391812865497,0.1111111111111111,0.16666666666666666,0.5625,0.25,0.0625,0.25,0.7368421052631579,0.0,0.07142857142857142,0.6428571428571429,0.5057291666666667,0.32385347981593293,0.13125,0.2798064807445794,NaN,NaN,NaN,NaN,2.1875,1.7211914478058505,3.3025062656641606,1.8074419717608008,7.333333333333333,0.625,0.7656706401469903,7.0,10.0,2.691588785046729,1.5746291264646335,0.0,0.0
281,1,19.0,56.0,2.9473684210526314,0.16374269005847952,0.1111111111111111,0.05555555555555555,0.5625,0.3125,0.125,0.1875,0.7368421052631579,0.0,0.14285714285714285,0.5714285714285714,0.4903595399940147,0.3781381728798863,0.16666666666666666,0.3651483716701107,NaN,NaN,NaN,NaN,3.5,3.03315017762062,2.718369453044376,1.1304809546882895,4.333333333333334,0.4375,0.6844727740202313,4.0,10.0,1.776,0.7605600652829635,0.3157894736842105,0.0
282,1,19.0,32.0,1.6842105263157894,0.0935672514619883,0.1111111111111111,0.3333333333333333,0.5625,0.1875,0.0625,0.375,0.7368421052631579,0.0,0.07142857142857142,0.5714285714285714,0.5685763888888888,0.16991198020892614,0.21875,0.3261376101291305,NaN,NaN,NaN,NaN,2.0,0.8944271909999159,2.9175438596491228,1.2283240826352817,5.0,0.5,0.5525678792697932,4.0,5.0,1.855072463768116,0.9119365676927925,0.0,0.0
283,1,19.0,50.0,2.6315789473684212,0.14619883040935672,0.1111111111111111,0.0,0.625,0.1875,0.0625,0.25,0.7368421052631579,0.0,0.07142857142857142,0.6428571428571429,0.33198529411764705,0.29641258791334174,0.14479166666666665,0.29793851901207935,NaN,NaN,NaN,NaN,3.125,2.963668897386031,2.9067224512895145,1.181481588899766,5.0,0.5,0.6436560063898693,4.0,9.0,1.6814159292035398,0.6716914513490727,0.15789473684210525,0.0
284,1,19.0,45.0,2.3684210526315788,0.13157894736842105,0.1111111111111111,0.0,0.625,0.1875,0.0625,0.1875,0.7368421052631579,0.0,0.07142857142857142,0.6428571428571429,0.559375,0.27078759704038396,0.109375,0.27338541170540415,NaN,NaN,NaN,NaN,2.8125,2.19753649950727,3.139800481596147,1.3422351916565078,4.75,0.6875,0.7805753999369084,4.0,11.0,1.968,0.8513367098559694,0.15789473684210525,0.0
285,1,19.0,45.0,2.3684210526315788,0.13157894736842105,0.1111111111111111,0.1111111111111111,0.5625,0.375,0.125,0.25,0.7368421052631579,0.0,0.14285714285714285,0.6428571428571429,0.6058928571428571,0.3984261127824565,0.18125,0.35443617196894567,NaN,NaN,NaN,NaN,2.8125,2.2573952541221782,2.7021688837478313,1.140646150095835,4.333333333333334,0.4375,0.6156260626349807,4.0,7.0,1.6630434782608696,0.6838349185959032,0.0,0.0
286,1,19.0,39.0,2.0526315789473686,0.11403508771929824,0.1111111111111111,0.05555555555555555,0.5625,0.25,0.125,0.25,0.7368421052631579,0.0,0.14285714285714285,0.5714285714285714,0.4778514309764309,0.3382695920776621,0.1875,0.3645138822738722,NaN,NaN,NaN,NaN,2.4375,1.672074559741082,2.8546181630546954,1.1916266320350006,4.529411764705882,0.5625,0.5794361664828348,4.0,8.0,1.8932038834951457,0.8154467241854435,0.10526315789473684,0.0
287,1,19.0,43.0,2.263157894736842,0.12573099415204678,0.1111111111111111,0.05555555555555555,0.625,0.1875,0.0625,0.25,0.7368421052631579,0.0,0.07142857142857142,0.6428571428571429,0.6291264090177133,0.30857938290377346,0.140625,0.2882237267586877,NaN,NaN,NaN,NaN,2.6875,2.023816526598529,2.9451843170679735,1.173117101210346,4.631578947368421,0.5625,0.675404041789511,4.0,7.0,1.7692307692307692,0.7898934256794544,0.10526315789473684,0.0
288,1,19.0,47.0,2.473684210526316,0.13742690058479531,0.1111111111111111,0.0,0.5625,0.25,0.0,0.3125,0.7368421052631579,0.0,0.0,0.5714285714285714,0.3403103298611111,0.18556997297751793,0.13020833333333331,0.2085415626040366,NaN,NaN,NaN,NaN,2.9375,3.0869348335633306,2.732456140350877,1.1196129413335483,5.0,0.4375,0.5791333759679518,4.0,6.0,1.5609756097560976,0.6684709099298661,0.0,0.0
289,1,19.0,43.0,2.263157894736842,0.12573099415204678,0.1111111111111111,0.16666666666666666,0.5625,0.25,0.0,0.3125,0.7368421052631579,0.0,0.0,0.6428571428571429,0.30930190058479534,0.2712130657035355,0.15104166666666666,0.24384791480665885,NaN,NaN,NaN,NaN,2.6875,1.8518009252256753,2.9331567555251765,1.2714426574476463,5.0,0.5625,0.6039101582580119,4.0,8.0,1.9557522123893805,0.9002914263386116,0.2631578947368421,0.0
29,1,19.0,60.0,3.1578947368421053,0.17543859649122806,0.1111111111111111,0.0,0.625,0.125,0.0625,0.375,0.7368421052631579,0.0,0.07142857142857142,0.6428571428571429,0.7819063076486448,0.12612403925656182,0.17916666666666667,0.29953667926019045,NaN,NaN,NaN,NaN,3.75,2.74469184669852,3.1615050267567786,1.29053471639501,5.0,0.6875,0.7674417816330622,4.0,12.0,1.880281690140845,0.8545447493247744,0.21052631578947367,0.0
290,1,19.0,59.0,3.1052631578947367,0.17251461988304093,0.1111111111111111,0.0,0.5625,0.3125,0.125,0.3125,0.7368421052631579,0.0,0.14285714285714285,0.5714285714285714,0.4085937499999999,0.3215637464993529,0.203125,0.36128468050883417,NaN,NaN,NaN,NaN,3.6875,3.2602402774437755,2.911312658216683,1.3023455286186993,5.166666666666666,0.5,0.793389493391802,4.0,9.0,1.694915254237288,0.7454531642613101,0.21052631578947367,0.0
291,1,19.0,44.0,2.3157894736842106,0.1286549707602339,0.1111111111111111,0.05555555555555555,0.5625,0.375,0.125,0.25,0.7368421052631579,0.0,0.14285714285714285,0.6428571428571429,0.5348938679245283,0.40742028346641074,0.18125,0.35443617196894567,NaN,NaN,NaN,NaN,2.75,3.022140521771503,2.6708256147615415,1.0991692911417457,4.086956521739131,0.3125,0.6090012596167382,3.0,7.0,1.6404494382022472,0.6439789488942934,0.15789473684210525,0.0
292,1,19.0,63.0,3.3157894736842106,0.18421052631578946,0.1111111111111111,0.0,0.625,0.1875,0.0625,0.25,0.7368421052631579,0.0,0.07142857142857142,0.7142857142857143,0.7024622527786858,0.2737899024253043,0.14791666666666667,0.303795435559303,NaN,NaN,NaN,NaN,3.9375,3.2551241655785317,2.871096536490866,1.1394106684431884,4.222222222222222,0.625,0.6856806081770163,3.0,10.0,1.7253521126760563,0.675239555045195,0.3684210526315789,0.0
293,1,19.0,35.0,1.8421052631578947,0.1023391812865497,0.1111111111111111,0.1111111111111111,0.625,0.25,0.0625,0.1875,0.7368421052631579,0.0,0.07142857142857142,0.6428571428571429,0.6076388888888887,0.4194984022198661,0.10416666666666666,0.2644000896509065,NaN,NaN,NaN,NaN,2.1875,1.5152007567755943,3.019298245614035,1.396172713389728,5.4,0.375,0.7352508670753228,5.0,9.0,2.0,0.9888264649460884,0.10526315789473684,0.0
294,1,19.0,41.0,2.1578947368421053,0.11988304093567251,0.1111111111111111,0.1111111111111111,0.625,0.25,0.0,0.1875,0.7368421052631579,0.0,0.0,0.6428571428571429,0.4785028594771241,0.21922689879068483,0.08854166666666666,0.20518453753741894,NaN,NaN,NaN,NaN,2.5625,1.672074559741082,3.0149274959646477,1.3286728034099606,5.166666666666666,0.5,0.7134251687298511,4.0,8.0,1.9914529914529915,0.8559701744695848,0.21052631578947367,0.0
295,1,19.0,76.0,4.0,0.2222222222222222,0.1111111111111111,0.0,0.5625,0.25,0.125,0.3125,0.7368421052631579,0.0,0.14285714285714285,0.6428571428571429,0.49283333333333335,0.32562797795500276,0.18125,0.3424787098005754,NaN,NaN,NaN,NaN,4.75,4.343577634469846,2.754346092503987,1.0930529766884793,4.0,0.625,0.699767534243146,3.0,10.0,1.5378787878787878,0.6227898697286971,0.3684210526315789,0.0
296,1,19.0,70.0,3.6842105263157894,0.2046783625730994,0.1111111111111111,0.0,0.5625,0.3125,0.0,0.1875,0.7368421052631579,0.0,0.0,0.7142857142857143,0.26070031916386077,0.17563510636999655,0.07708333333333334,0.1685312368013057,NaN,NaN,NaN,NaN,4.375,3.810074364978546,2.750472334682861,1.109694709517861,4.0,0.4375,0.6428961994927427,3.0,10.0,1.556390977443609,0.6081957150430811,0.3157894736842105,0.0
297,1,19.0,53.0,2.789473684210526,0.15497076023391812,0.1111111111111111,0.05555555555555555,0.5625,0.25,0.0,0.375,0.7368421052631579,0.0,0.0,0.7142857142857143,0.5409598214285714,0.09207526404707525,0.18541666666666665,0.2535580144003866,NaN,NaN,NaN,NaN,3.3125,2.212653007891959,3.0170817486606962,1.287592049055724,4.888888888888889,0.5,0.7456204791608256,4.0,10.0,1.7413793103448276,0.7589545401425559,0.0,0.0
298,1,19.0,56.0,2.9473684210526314,0.16374269005847952,0.1111111111111111,0.0,0.625,0.25,0.0,0.25,0.7368421052631579,0.0,0.0,0.6428571428571429,0.17642829754601227,0.18518575141286248,0.103125,0.19189298232782423,NaN,NaN,NaN,NaN,3.5,3.4253953543107007,2.8385721247563356,1.1696604092557337,4.333333333333334,0.375,0.6615254768088904,4.0,9.0,1.7321428571428572,0.7939199457809838,0.21052631578947367,0.0
299,1,19.0,53.0,2.789473684210526,0.15497076023391812,0.1111111111111111,0.05555555555555555,0.5625,0.25,0.0625,0.3125,0.7368421052631579,0.0,0.07142857142857142,0.6428571428571429,0.5896505376344086,0.2297218848329829,0.1625,0.29183328574147716,NaN,NaN,NaN,NaN,3.3125,2.2721135535003527,2.9922916849232637,1.2636013882776638,4.666666666666666,0.625,0.7791507221978174,4.0,10.0,1.8384615384615384,0.7855659704048286,0.2631578947368421,0.0
3,1,19.0,56.0,2.9473684210526314,0.16374269005847952,0.1111111111111111,0.0,0.5625,0.25,0.0625,0.375,0.7368421052631579,0.0,0.07142857142857142,0.7142857142857143,0.7446666666666666,0.2545945851305125,0.18333333333333335,0.2913569784454954,NaN,NaN,NaN,NaN,3.5,3.011090610836324,2.8573934837092727,1.1451065398531872,4.5,0.5625,0.6930331855295613,4.0,7.0,1.6285714285714286,0.7105948599202325,0.10526315789473684,0.0
30,1,19.0,55.0,2.8947368421052633,0.1608187134502924,0.1111111111111111,0.0,0.625,0.3125,0.0,0.1875,0.7368421052631579,0.0,0.0,0.5714285714285714,0.35810101162868857,0.23728565143108846,0.10416666666666666,0.2266911751455907,NaN,NaN,NaN,NaN,3.4375,3.61420807370024,2.9407285575048734,1.343083324520933,5.0,0.5,0.7728714195888937,4.0,11.0,1.875968992248062,0.8750692109947692,0.21052631578947367,0.0
300,1,19.0,56.0,2.9473684210526314,0.16374269005847952,0.1111111111111111,0.0,0.5625,0.3125,0.125,0.25,0.7368421052631579,0.0,0.14285714285714285,0.6428571428571429,0.5338541666666667,0.3667988240368483,0.16875,0.3497022543059548,NaN,NaN,NaN,NaN,3.5,3.966526608171604,2.7480367585630745,1.1222493931269482,4.333333333333334,0.5625,0.7259513587439437,4.0,8.0,1.6122448979591837,0.7269857705214808,0.10526315789473684,0.0
301,1,19.0,43.0,2.263157894736842,0.12573099415204678,0.1111111111111111,0.16666666666666666,0.625,0.3125,0.0625,0.125,0.7368421052631579,0.0,0.07142857142857142,0.5714285714285714,0.17985903193612776,0.2795483213686392,0.09375,0.2719528145346787,NaN,NaN,NaN,NaN,2.6875,2.358495283014151,2.84327485380117,1.200165139167754,4.222222222222222,0.25,0.7547608534952349,4.0,9.0,1.846938775510204,0.8415993710593879,0.15789473684210525,0.0
302,1,19.0,48.0,2.526315789473684,0.14035087719298245,0.1111111111111111,0.05555555555555555,0.5625,0.1875,0.0,0.375,0.7368421052631579,0.0,0.0,0.6428571428571429,0.555187908496732,0.16652606846780937,0.14166666666666666,0.20018509953059463,NaN,NaN,NaN,NaN,3.0,2.065591117977289,2.950029239766082,1.2142604097634646,5.0,0.625,0.6587076486830432,4.0,11.0,1.9411764705882353,0.8672195320537927,0.21052631578947367,0.0
303,1,19.0,54.0,2.8421052631578947,0.15789473684210525,0.1111111111111111,0.0,0.625,0.25,0.0625,0.1875,0.7368421052631579,0.0,0.07142857142857142,0.5714285714285714,0.40916149068322977,0.2547817801345748,0.11458333333333333,0.2770128356432443,NaN,NaN,NaN,NaN,3.375,3.0740852297878796,2.883501001922055,1.2080599879079228,4.6,0.625,0.7138235745763104,4.0,11.0,1.7615384615384615,0.7553821985929394,0.2631578947368421,0.0
304,1,19.0,42.0,2.210526315789474,0.12280701754385964,0.1111111111111111,0.16666666666666666,0.625,0.125,0.0625,0.25,0.7368421052631579,0.0,0.07142857142857142,0.6428571428571429,0.3695833333333333,0.3275766803078044,0.11875,0.26575364531836626,NaN,NaN,NaN,NaN,2.625,1.9958289839896939,3.018577694235589,1.2005157782290505,5.0,0.5625,0.6902130301420034,4.0,9.0,1.8846153846153846,0.8396450048264135,0.21052631578947367,0.0
305,1,19.0,49.0,2.5789473684210527,0.14327485380116958,0.1111111111111111,0.0,0.5625,0.3125,0.0625,0.25,0.7368421052631579,0.0,0.07142857142857142,0.6428571428571429,0.3828947368421053,0.2770195715624154,0.134375,0.2809025631780529,NaN,NaN,NaN,NaN,3.0625,3.4345062721348074,2.776748652677445,1.1505842236604402,4.333333333333334,0.5625,0.7281202588292738,4.0,8.0,1.7142857142857142,0.8122769321068951,0.21052631578947367,0.0
306,1,19.0,53.0,2.789473684210526,0.15497076023391812,0.1111111111111111,0.05555555555555555,0.5,0.1875,0.0625,0.4375,0.7368421052631579,0.0,0.07142857142857142,0.6428571428571429,0.7021145594965675,0.14173495192552782,0.21770833333333334,0.29723844711686354,NaN,NaN,NaN,NaN,3.3125,1.8154430129677255,2.978118372855215,1.1845611597075052,4.333333333333334,0.5,0.699077277238474,4.0,9.0,1.8153846153846154,0.765380944666872,0.21052631578947367,0.0
307,1,19.0,37.0,1.9473684210526316,0.10818713450292397,0.1111111111111111,0.16666666666666666,0.625,0.25,0.0625,0.3125,0.7368421052631579,0.0,0.07142857142857142,0.6428571428571429,0.531032986111111,0.3154884594190735,0.16354166666666667,0.30210488428873683,NaN,NaN,NaN,NaN,2.3125,1.7017148213885114,2.693782249742002,1.0367100714992679,4.75,0.375,0.5418076277394419,4.0,5.0,1.6901408450704225,0.785430715245275,0.0,0.0
308,1,19.0,37.0,1.9473684210526316,0.10818713450292397,0.1111111111111111,0.2222222222222222,0.5625,0.1875,0.0,0.3125,0.7368421052631579,0.0,0.0,0.7142857142857143,0.38248697916666663,0.21165724044996864,0.11145833333333333,0.18526445062846422,NaN,NaN,NaN,NaN,2.3125,1.352466881911223,2.985526315789474,1.230921823172712,4.75,0.5625,0.6592718155865811,4.0,7.0,1.989010989010989,0.9602604449315415,0.0,0.0
309,1,19.0,54.0,2.8421052631578947,0.15789473684210525,0.1111111111111111,0.0,0.5625,0.25,0.0625,0.3125,0.7368421052631579,0.0,0.07142857142857142,0.7142857142857143,0.7664322852697945,0.3240093235281388,0.1625,0.2981113388825899,NaN,NaN,NaN,NaN,3.375,2.84897642437888,3.128502415458937,1.5158411805197383,6.0,0.4375,0.891406455738463,5.0,8.0,1.64,0.7979772407579535,0.3157894736842105,0.0
31,1,19.0,32.0,1.6842105263157894,0.0935672514619883,0.1111111111111111,0.16666666666666666,0.6875,0.25,0.0625,0.125,0.7368421052631579,0.0,0.07142857142857142,0.5714285714285714,0.4375,0.4297932319409209,0.08333333333333333,0.2581988897471611,NaN,NaN,NaN,NaN,2.0,1.7888543819998317,3.002923976608187,1.4179035612440363,6.0,0.1875,0.5338938913083983,5.0,6.0,1.8194444444444444,0.8932672878675985,0.0,0.0
310,1,19.0,54.0,2.8421052631578947,0.15789473684210525,0.1111111111111111,0.05555555555555555,0.625,0.1875,0.0,0.25,0.7368421052631579,0.0,0.0,0.7142857142857143,0.25655691964285715,0.15004396931654126,0.08333333333333333,0.15811388300841894,NaN,NaN,NaN,NaN,3.375,3.0740852297878796,2.990577915376677,1.2655285673930068,4.8,0.5,0.6586540320728611,5.0,9.0,1.831858407079646,0.9344847211475179,0.2631578947368421,0.0
311,1,19.0,28.0,1.4736842105263157,0.08187134502923976,0.1111111111111111,0.3333333333333333,0.6875,0.3125,0.0625,0.0625,0.7368421052631579,0.0,0.07142857142857142,0.7142857142857143,0.31249999999999994,0.36324157862838946,0.0625,0.25,NaN,NaN,NaN,NaN,1.75,1.879716290649558,2.9892344497607657,1.3884189190846423,5.0,0.1875,0.7084775223446912,4.0,7.0,1.8571428571428572,0.9132915101370863,0.0,0.0
312,1,19.0,60.0,3.1578947368421053,0.17543859649122806,0.1111111111111111,0.0,0.5625,0.3125,0.0,0.25,0.7368421052631579,0.0,0.0,0.6428571428571429,0.37361633249791143,0.20213653477065416,0.11458333333333331,0.21704027617352842,NaN,NaN,NaN,NaN,3.75,3.872983346207417,2.948792435634541,1.3091241868464514,4.5,0.625,0.7702995057056709,4.0,10.0,1.792857142857143,0.7633363776790549,0.3684210526315789,0.0
313,1,19.0,54.0,2.8421052631578947,0.15789473684210525,0.1111111111111111,0.0,0.5625,0.25,0.0625,0.25,0.7368421052631579,0.0,0.07142857142857142,0.7142857142857143,0.48975044563279857,0.2969716300004352,0.13958333333333334,0.2839454172900136,NaN,NaN,NaN,NaN,3.375,3.4809002666934696,2.9520093941146577,1.3211012647388627,5.333333333333334,0.625,0.84761166659544,5.0,10.0,1.9185185185185185,0.9064598339830919,0.3684210526315789,0.0
314,1,19.0,65.0,3.4210526315789473,0.19005847953216373,0.1111111111111111,0.0,0.5625,0.25,0.0,0.25,0.7368421052631579,0.0,0.0,0.6428571428571429,0.23050323313912427,0.1829109822763769,0.08020833333333333,0.15506495054940328,NaN,NaN,NaN,NaN,4.0625,3.957587649060978,2.879385964912281,1.1458000615406863,4.166666666666666,0.375,0.6982166165619108,3.0,10.0,1.6299212598425197,0.6643190762130969,0.21052631578947367,0.0
315,1,19.0,44.0,2.3157894736842106,0.1286549707602339,0.1111111111111111,0.05555555555555555,0.625,0.3125,0.125,0.1875,0.7368421052631579,0.0,0.14285714285714285,0.6428571428571429,0.5010489004629629,0.36667099101129064,0.14583333333333331,0.34359213546813844,NaN,NaN,NaN,NaN,2.75,2.54296414970142,2.7056786703601112,1.0902658507078977,4.157894736842105,0.3125,0.6141956409316028,3.0,7.0,1.6914893617021276,0.6882515754202132,0.0,0.0
316,1,19.0,29.0,1.5263157894736843,0.0847953216374269,0.1111111111111111,0.2222222222222222,0.5625,0.375,0.0625,0.25,0.7368421052631579,0.0,0.07142857142857142,0.6428571428571429,0.3887152777777777,0.36939287965124207,0.15,0.29439202887759486,NaN,NaN,NaN,NaN,1.8125,1.1086778913041726,2.723684210526316,1.1781677128232038,4.666666666666666,0.375,0.5139525293204765,4.0,6.0,1.8059701492537314,0.8209160804958349,0.0,0.0
317,1,19.0,64.0,3.3684210526315788,0.1871345029239766,0.1111111111111111,0.0,0.5625,0.1875,0.0625,0.375,0.7368421052631579,0.0,0.07142857142857142,0.7142857142857143,0.5503798171936758,0.21573149985305412,0.16145833333333331,0.2746525582946166,NaN,NaN,NaN,NaN,4.0,3.9157800414902435,2.821888053467001,1.1087315889731033,4.333333333333334,0.625,0.6262947033382761,4.0,8.0,1.5585585585585586,0.6833697878852029,0.21052631578947367,0.0
318,1,19.0,49.0,2.5789473684210527,0.14327485380116958,0.1111111111111111,0.1111111111111111,0.625,0.1875,0.0625,0.375,0.7368421052631579,0.0,0.07142857142857142,0.5714285714285714,0.6502565870098038,0.15162598114020498,0.17916666666666667,0.29953667926019045,NaN,NaN,NaN,NaN,3.0625,2.2351360883251234,2.871451355661882,1.09884552457493,4.333333333333334,0.625,0.6668230059453819,4.0,9.0,1.7881355932203389,0.726208923286375,0.21052631578947367,0.0
319,1,19.0,55.0,2.8947368421052633,0.1608187134502924,0.1111111111111111,0.0,0.625,0.125,0.0,0.3125,0.7368421052631579,0.0,0.0,0.5714285714285714,0.3410113007380074,0.15890874944384695,0.109375,0.1818596070232933,NaN,NaN,NaN,NaN,3.4375,3.161618783682393,3.011227795071693,1.207324614049044,4.636363636363637,0.75,0.6648494942573292,4.0,10.0,1.7804878048780488,0.7948253274019191,0.15789473684210525,0.0
32,1,19.0,60.0,3.1578947368421053,0.17543859649122806,0.1111111111111111,0.0,0.5,0.375,0.0625,0.3125,0.7368421052631579,0.0,0.07142857142857142,0.6428571428571429,0.48032189234474804,0.274487259595,0.16666666666666666,0.2918650119236377,NaN,NaN,NaN,NaN,3.75,3.3366650016645862,2.74513699020278,1.1616694375874788,4.142857142857142,0.5,0.7571244919677829,4.0,11.0,1.7664233576642336,0.7402580404894171,0.3684210526315789,0.0
320,1,19.0,57.0,3.0,0.16666666666666666,0.1111111111111111,0.05555555555555555,0.625,0.1875,0.0625,0.1875,0.7368421052631579,0.0,0.07142857142857142,0.5714285714285714,0.14936114133250442,0.2671254228245715,0.11458333333333333,0.2770128356432443,NaN,NaN,NaN,NaN,3.5625,3.6872528165740595,3.045394736842105,1.364695460997455,5.5,0.5625,0.9043788658747702,4.0,10.0,1.6886792452830188,0.7729129507712372,0.3684210526315789,0.0
321,1,19.0,44.0,2.3157894736842106,0.1286549707602339,0.1111111111111111,0.0,0.5625,0.25,0.0625,0.1875,0.7368421052631579,0.0,0.07142857142857142,0.6428571428571429,0.5493551587301586,0.4654182107762293,0.14583333333333331,0.3213109720204723,NaN,NaN,NaN,NaN,2.75,3.255764119219941,2.7852631578947373,1.1797270639512782,4.5,0.5625,0.634246420907236,4.0,8.0,1.6125,0.7546270769833638,0.0,0.0
322,1,19.0,46.0,2.4210526315789473,0.13450292397660818,0.1111111111111111,0.0,0.5625,0.125,0.0625,0.25,0.7368421052631579,0.0,0.07142857142857142,0.6428571428571429,0.28192307692307694,0.3067758288402786,0.134375,0.2809025631780529,NaN,NaN,NaN,NaN,2.875,2.9860788111948193,2.9315958164642377,1.2717683475197992,5.333333333333334,0.625,0.7369363725174636,5.0,8.0,1.8105263157894738,0.9259237692314477,0.10526315789473684,0.0
323,1,19.0,44.0,2.3157894736842106,0.1286549707602339,0.1111111111111111,0.0,0.625,0.3125,0.125,0.25,0.7368421052631579,0.0,0.14285714285714285,0.5714285714285714,0.5509943181818181,0.30627853074500144,0.17708333333333331,0.3520771695712935,NaN,NaN,NaN,NaN,2.75,2.816617356570348,2.8308054619306886,1.2266860414105414,4.5,0.5,0.6512333501366312,4.0,8.0,1.8653846153846154,0.8596419700399811,0.10526315789473684,0.0
324,1,19.0,59.0,3.1052631578947367,0.17251461988304093,0.1111111111111111,0.05555555555555555,0.625,0.25,0.0625,0.3125,0.7368421052631579,0.0,0.07142857142857142,0.5714285714285714,0.6220221634007584,0.2024390918984552,0.18229166666666666,0.31360914279472857,NaN,NaN,NaN,NaN,3.6875,3.718758753491098,2.919620563949058,1.2254338358459613,4.375,0.5,0.6638879913204202,4.0,10.0,1.7,0.7514691493021795,0.21052631578947367,0.0
325,1,19.0,49.0,2.5789473684210527,0.14327485380116958,0.1111111111111111,0.0,0.625,0.3125,0.125,0.1875,0.7368421052631579,0.0,0.14285714285714285,0.6428571428571429,0.6312256764269829,0.3531511535518541,0.1375,0.3403429642777022,NaN,NaN,NaN,NaN,3.0625,3.3954626587059775,3.2495459077802034,1.6407343302393016,5.666666666666666,0.625,1.1686252721109378,5.0,12.0,2.127659574468085,1.0409546705499804,0.42105263157894735,0.0
326,1,19.0,60.0,3.1578947368421053,0.17543859649122806,0.1111111111111111,0.0,0.5625,0.1875,0.0625,0.25,0.7368421052631579,0.0,0.07142857142857142,0.7142857142857143,0.5565343027591351,0.3389310674092614,0.12395833333333332,0.2692904772009422,NaN,NaN,NaN,NaN,3.75,3.2761766334148303,2.8789889809913776,1.1196082844013993,4.333333333333334,0.5625,0.7002333396738086,4.0,11.0,1.791044776119403,0.795425141590811,0.2631578947368421,0.0
327,1,19.0,53.0,2.789473684210526,0.15497076023391812,0.1111111111111111,0.0,0.625,0.3125,0.0,0.1875,0.7368421052631579,0.0,0.0,0.5714285714285714,0.25557735426008965,0.2818311727946766,0.10416666666666666,0.2266911751455907,NaN,NaN,NaN,NaN,3.3125,3.6827299656640586,2.956316890073696,1.3205897778767501,5.0,0.4375,0.8271605753476836,5.0,11.0,1.9126984126984128,0.9467404397813903,0.2631578947368421,0.0
328,1,19.0,68.0,3.5789473684210527,0.19883040935672514,0.1111111111111111,0.0,0.5,0.3125,0.125,0.3125,0.7368421052631579,0.0,0.14285714285714285,0.5714285714285714,0.6187040301789505,0.2867832200960923,0.20833333333333331,0.35746017649212025,NaN,NaN,NaN,NaN,4.25,3.5870136139505613,2.912412046158176,1.2628049810634285,4.4,0.5625,0.8939517585302303,3.0,11.0,1.6934306569343065,0.702537876261952,0.3684210526315789,0.0
329,1,19.0,53.0,2.789473684210526,0.15497076023391812,0.1111111111111111,0.0,0.6875,0.1875,0.0625,0.1875,0.7368421052631579,0.0,0.07142857142857142,0.7142857142857143,0.36482235984354633,0.3305761808067255,0.09375,0.25617376914899,NaN,NaN,NaN,NaN,3.3125,2.8217902119044926,2.846958304853042,1.123537282438425,4.3,0.375,0.6071194168066733,3.0,8.0,1.603960396039604,0.6645179895351528,0.2631578947368421,0.0
33,1,19.0,58.0,3.0526315789473686,0.1695906432748538,0.1111111111111111,0.0,0.5625,0.25,0.0,0.25,0.7368421052631579,0.0,0.0,0.7142857142857143,0.40250726744186044,0.19605009430894688,0.11249999999999999,0.20289570391377607,NaN,NaN,NaN,NaN,3.625,2.7294688127912363,2.8763858562815705,1.147800525891358,4.25,0.625,0.6446670658062633,3.0,12.0,1.7463768115942029,0.6947308905333723,0.3157894736842105,0.0
330,1,19.0,35.0,1.8421052631578947,0.1023391812865497,0.1111111111111111,0.05555555555555555,0.5625,0.25,0.0625,0.25,0.7368421052631579,0.0,0.07142857142857142,0.5714285714285714,0.44496527777777783,0.2627220181033487,0.12708333333333333,0.2760082526946533,NaN,NaN,NaN,NaN,2.1875,1.558578412100805,3.240434419381788,1.5644905332406835,5.444444444444445,0.6875,0.9659512762730308,5.0,10.0,2.209090909090909,1.0324590272915741,0.0,0.0
331,1,19.0,35.0,1.8421052631578947,0.1023391812865497,0.1111111111111111,0.05555555555555555,0.6875,0.25,0.0625,0.125,0.7368421052631579,0.0,0.07142857142857142,0.7142857142857143,0.7183779761904762,0.37145730677154304,0.09375,0.2719528145346787,NaN,NaN,NaN,NaN,2.1875,2.166987155784116,2.951555023923445,1.2328280364502062,4.666666666666666,0.375,0.5917008034203295,4.0,7.0,1.7972972972972974,0.8272703046640177,0.0,0.0
332,1,19.0,48.0,2.526315789473684,0.14035087719298245,0.1111111111111111,0.1111111111111111,0.625,0.25,0.0625,0.25,0.7368421052631579,0.0,0.07142857142857142,0.6428571428571429,0.32410811546840956,0.30093707158057964,0.12708333333333333,0.27600825269465323,NaN,NaN,NaN,NaN,3.0,2.6583202716502514,3.1182366451245174,1.4216252351953567,5.0,0.5,0.7640366761768196,4.0,8.0,1.7916666666666667,0.8695633104479471,0.21052631578947367,0.0
333,1,19.0,42.0,2.210526315789474,0.12280701754385964,0.1111111111111111,0.16666666666666666,0.625,0.25,0.0,0.25,0.7368421052631579,0.0,0.0,0.7142857142857143,0.4832785087719297,0.22638698291451823,0.11979166666666666,0.22764647299412896,NaN,NaN,NaN,NaN,2.625,1.927865832122834,2.874298491326355,1.197374405735227,4.5,0.4375,0.6483485126575425,4.0,9.0,2.0330578512396693,0.8844384687239004,0.2631578947368421,0.0
334,1,19.0,48.0,2.526315789473684,0.14035087719298245,0.1111111111111111,0.0,0.625,0.3125,0.0625,0.1875,0.7368421052631579,0.0,0.07142857142857142,0.5714285714285714,0.24748774509803914,0.2664552984763499,0.125,0.28867513459481287,NaN,NaN,NaN,NaN,3.0,3.3065591380365986,3.0268728246949665,1.4564056618252983,5.0,0.375,0.9628159255309922,4.0,10.0,1.959016393442623,0.9035974107536883,0.3684210526315789,0.0
335,1,19.0,69.0,3.6315789473684212,0.20175438596491227,0.1111111111111111,0.0,0.625,0.1875,0.0625,0.3125,0.7368421052631579,0.0,0.07142857142857142,0.7142857142857143,0.7001886863893375,0.24850612113031081,0.16041666666666665,0.29639032072964566,NaN,NaN,NaN,NaN,4.3125,3.2602402774437755,2.906384881121723,1.1460257315460136,4.333333333333334,0.5,0.6201248296470793,3.0,11.0,1.6170212765957446,0.6285990599066321,0.3157894736842105,0.0
336,1,19.0,50.0,2.6315789473684212,0.14619883040935672,0.1111111111111111,0.05555555555555555,0.5625,0.3125,0.125,0.375,0.7368421052631579,0.0,0.14285714285714285,0.6428571428571429,0.6464770047169809,0.27640346731011806,0.22395833333333331,0.35318491379634737,NaN,NaN,NaN,NaN,3.125,2.3345235059857505,2.7430945785516423,1.1199320066925595,4.071428571428571,0.3125,0.7179471170658415,3.0,9.0,1.688073394495413,0.6762813312577948,0.3157894736842105,0.0
337,1,19.0,44.0,2.3157894736842106,0.1286549707602339,0.1111111111111111,0.1111111111111111,0.5625,0.3125,0.1875,0.3125,0.7368421052631579,0.0,0.21428571428571427,0.5714285714285714,0.34140390390390385,0.3730606812161623,0.21875,0.3966001344763598,NaN,NaN,NaN,NaN,2.75,2.7688746209726918,2.7716693048410503,1.1955783344216628,4.4,0.4375,0.8161279449130623,4.0,9.0,1.6896551724137931,0.7362751133251788,0.2631578947368421,0.0
338,1,19.0,52.0,2.736842105263158,0.15204678362573099,0.1111111111111111,0.0,0.5625,0.25,0.0,0.25,0.7368421052631579,0.0,0.0,0.7142857142857143,0.22075320512820512,0.16681042452306116,0.08854166666666666,0.16518438070722555,NaN,NaN,NaN,NaN,3.25,3.235222815613581,3.1284227939575984,1.5168979276601853,5.666666666666666,0.5625,0.8482226164978586,5.0,11.0,2.074626865671642,1.0450518256864358,0.21052631578947367,0.0
339,1,19.0,76.0,4.0,0.2222222222222222,0.1111111111111111,0.0,0.5625,0.125,0.0,0.3125,0.7368421052631579,0.0,0.0,0.7142857142857143,0.4018198287220026,0.15076418586672632,0.109375,0.17908913050955008,NaN,NaN,NaN,NaN,4.75,3.8901585229053754,2.9611682931097953,1.1120356074647306,4.294117647058823,0.625,0.6387222768013832,3.0,10.0,1.6081081081081081,0.6456040269869004,0.2631578947368421,0.0
34,1,19.0,48.0,2.526315789473684,0.14035087719298245,0.1111111111111111,0.0,0.5625,0.3125,0.125,0.375,0.7368421052631579,0.0,0.14285714285714285,0.6428571428571429,0.6347857142857143,0.2672445852202698,0.228125,0.3549501138657844,NaN,NaN,NaN,NaN,3.0,3.0767948691238205,2.7333855472013364,1.0849433374027788,4.111111111111111,0.5625,0.6940052121935334,3.0,9.0,1.7075471698113207,0.6896097051034492,0.10526315789473684,0.0
340,1,19.0,68.0,3.5789473684210527,0.19883040935672514,0.1111111111111111,0.0,0.625,0.125,0.0,0.1875,0.7368421052631579,0.0,0.0,0.6428571428571429,0.15950368262470704,0.18603105665808828,0.078125,0.17603858478564674,NaN,NaN,NaN,NaN,4.25,3.924283374069717,2.8510164668966844,1.0653596103319831,4.0,0.625,0.6184218923782956,3.0,11.0,1.5546875,0.5860396072449733,0.3157894736842105,0.0
341,1,19.0,53.0,2.789473684210526,0.15497076023391812,0.1111111111111111,0.05555555555555555,0.6875,0.3125,0.0,0.0625,0.7368421052631579,0.0,0.0,0.6428571428571429,0.10958230958230956,0.12836658047997343,0.03125,0.125,NaN,NaN,NaN,NaN,3.3125,2.4958298553119898,2.9423880213353897,1.2829305731744347,4.666666666666666,0.3125,0.6643142074188955,3.0,10.0,1.735042735042735,0.7118838823509601,0.3157894736842105,0.0
342,1,19.0,37.0,1.9473684210526316,0.10818713450292397,0.1111111111111111,0.1111111111111111,0.625,0.3125,0.0625,0.125,0.7368421052631579,0.0,0.07142857142857142,0.7142857142857143,0.4831018518518518,0.3937392264150527,0.08333333333333333,0.2581988897471611,NaN,NaN,NaN,NaN,2.3125,2.600480724789169,2.858524301183581,1.2215215926021243,4.5,0.4375,0.6055121692387155,4.0,7.0,1.8160919540229885,0.8145299062590172,0.0,0.0
343,1,19.0,31.0,1.631578947368421,0.09064327485380116,0.1111111111111111,0.16666666666666666,0.6875,0.25,0.0625,0.1875,0.7368421052631579,0.0,0.07142857142857142,0.6428571428571429,0.47265625,0.25204243814286514,0.125,0.28867513459481287,NaN,NaN,NaN,NaN,1.9375,1.2893796958227628,3.070175438596491,1.3887508703352989,5.0,0.4375,0.6177308457973119,4.0,7.0,1.9615384615384615,0.8892183594085822,0.0,0.0
344,1,19.0,43.0,2.263157894736842,0.12573099415204678,0.1111111111111111,0.05555555555555555,0.5625,0.3125,0.0625,0.1875,0.7368421052631579,0.0,0.07142857142857142,0.6428571428571429,0.21404320987654324,0.26952783204732844,0.10833333333333334,0.268741924943285,NaN,NaN,NaN,NaN,2.6875,2.4689741459426693,2.80511060259344,1.1764432800615197,4.4,0.375,0.7200808817556721,3.0,9.0,1.7641509433962264,0.7111611804774985,0.0,0.0
345,1,19.0,44.0,2.3157894736842106,0.1286549707602339,0.1111111111111111,0.0,0.625,0.25,0.0,0.1875,0.7368421052631579,0.0,0.0,0.5714285714285714,0.1591198979591837,0.19830906144999644,0.078125,0.17603858478564674,NaN,NaN,NaN,NaN,2.75,2.6708300832013507,2.7669286338016987,1.1117904745937235,4.5,0.4375,0.5578720995963116,3.0,7.0,1.6097560975609757,0.6805244448394848,0.10526315789473684,0.0
346,1,19.0,57.0,3.0,0.16666666666666666,0.1111111111111111,0.0,0.5,0.25,0.0,0.3125,0.7368421052631579,0.0,0.0,0.5714285714285714,0.3470901268115941,0.18163049222684358,0.11666666666666667,0.19051586888313607,NaN,NaN,NaN,NaN,3.5625,2.780137886268713,2.914710528006927,1.2127058921802356,4.461538461538462,0.5,0.7842663443571332,4.0,11.0,1.8513513513513513,0.7592053208782603,0.42105263157894735,0.0
347,1,19.0,40.0,2.1052631578947367,0.11695906432748537,0.1111111111111111,0.1111111111111111,0.5625,0.25,0.0625,0.1875,0.7368421052631579,0.0,0.07142857142857142,0.6428571428571429,0.41695963541666664,0.3482028497358454,0.11458333333333333,0.2770128356432443,NaN,NaN,NaN,NaN,2.5,2.503331114069145,2.7389806036831206,1.1176532585720174,4.5,0.5,0.6736303419495876,4.0,10.0,1.7865168539325842,0.8457367701429376,0.0,0.0
348,1,19.0,34.0,1.7894736842105263,0.09941520467836257,0.1111111111111111,0.2222222222222222,0.5625,0.3125,0.0625,0.3125,0.7368421052631579,0.0,0.07142857142857142,0.5714285714285714,0.6277777777777778,0.3050804386945745,0.16875,0.3044043972038463,NaN,NaN,NaN,NaN,2.125,1.5438048235879214,3.1131578947368426,1.4952866167650947,5.5,0.3125,0.7565191681200262,5.0,8.0,2.142857142857143,1.1112698299335921,0.21052631578947367,0.0
349,1,19.0,59.0,3.1052631578947367,0.17251461988304093,0.1111111111111111,0.05555555555555555,0.5625,0.3125,0.0625,0.3125,0.7368421052631579,0.0,0.07142857142857142,0.6428571428571429,0.4564378178455848,0.2804532869142945,0.19791666666666666,0.32896442450908364,NaN,NaN,NaN,NaN,3.6875,3.6463452021624794,2.8624590888987176,1.2902720041564515,5.0,0.5625,0.7773213708946463,4.0,10.0,1.7372881355932204,0.8209642662897694,0.21052631578947367,0.0
35,1,19.0,49.0,2.5789473684210527,0.14327485380116958,0.1111111111111111,0.0,0.5,0.3125,0.1875,0.375,0.7368421052631579,0.0,0.21428571428571427,0.5714285714285714,0.7276152482269503,0.3434142317825738,0.2520833333333333,0.39869579046352277,NaN,NaN,NaN,NaN,3.0625,3.1084562084739105,2.6220368113960792,1.0061848839747662,4.0,0.4375,0.683291960102952,4.0,9.0,1.7142857142857142,0.7864837576396143,0.15789473684210525,0.0
350,1,19.0,41.0,2.1578947368421053,0.11988304093567251,0.1111111111111111,0.0,0.625,0.3125,0.125,0.1875,0.7368421052631579,0.0,0.14285714285714285,0.6428571428571429,0.4656444099378882,0.3202580166192538,0.15625,0.3520771695712935,NaN,NaN,NaN,NaN,2.5625,2.0966242709015206,3.121125730994152,1.5155345978333197,5.5,0.4375,0.8726765822743701,5.0,10.0,1.9661016949152543,0.876397086267187,0.3157894736842105,0.0
351,1,19.0,53.0,2.789473684210526,0.15497076023391812,0.1111111111111111,0.0,0.625,0.125,0.0,0.1875,0.7368421052631579,0.0,0.0,0.5714285714285714,0.2243563685636856,0.18773084608645743,0.08333333333333333,0.18257418583505536,NaN,NaN,NaN,NaN,3.3125,3.400367627183861,2.8377192982456143,1.0899317551838068,4.111111111111111,0.5625,0.6540462872745438,4.0,10.0,1.7094017094017093,0.7078358111273363,0.3157894736842105,0.0
352,1,19.0,49.0,2.5789473684210527,0.14327485380116958,0.1111111111111111,0.0,0.5625,0.25,0.0625,0.1875,0.7368421052631579,0.0,0.07142857142857142,0.6428571428571429,0.2646691635455681,0.34891973085084826,0.11458333333333333,0.2770128356432443,NaN,NaN,NaN,NaN,3.0625,2.839454172900137,2.816311612364244,1.1809890412091846,4.444444444444445,0.5,0.6658448334919598,4.0,9.0,1.7476635514018692,0.7409002421063892,0.15789473684210525,0.0
353,1,19.0,60.0,3.1578947368421053,0.17543859649122806,0.1111111111111111,0.0,0.5,0.3125,0.125,0.3125,0.7368421052631579,0.0,0.14285714285714285,0.6428571428571429,0.5902777777777777,0.3051632348572654,0.20208333333333334,0.3528652559956688,NaN,NaN,NaN,NaN,3.75,3.255764119219941,2.823428558026081,1.1987426868344064,4.333333333333334,0.625,0.7662323238763855,4.0,10.0,1.7164179104477613,0.7002893096933501,0.3157894736842105,0.0
354,1,19.0,56.0,2.9473684210526314,0.16374269005847952,0.1111111111111111,0.0,0.5625,0.3125,0.0,0.25,0.7368421052631579,0.0,0.0,0.6428571428571429,0.3527641504083484,0.24986190499923355,0.125,0.22360679774997896,NaN,NaN,NaN,NaN,3.5,3.32665998663324,2.676563118322121,1.0592657060207573,4.142857142857142,0.4375,0.6270897639210544,3.0,9.0,1.6610169491525424,0.6565949327349222,0.2631578947368421,0.0
355,1,19.0,51.0,2.6842105263157894,0.14912280701754385,0.1111111111111111,0.05555555555555555,0.5625,0.25,0.0,0.25,0.7368421052631579,0.0,0.0,0.6428571428571429,0.320102969348659,0.20464429161255898,0.103125,0.19189298232782423,NaN,NaN,NaN,NaN,3.1875,2.688710967483613,2.7819839453706727,1.1483455346954945,4.285714285714286,0.5,0.6394369370998482,3.0,9.0,1.73109243697479,0.7094695917038907,0.2631578947368421,0.0
356,1,19.0,52.0,2.736842105263158,0.15204678362573099,0.1111111111111111,0.0,0.5625,0.25,0.0625,0.25,0.7368421052631579,0.0,0.07142857142857142,0.6428571428571429,0.34506777108433734,0.2511677007654224,0.134375,0.2809025631780529,NaN,NaN,NaN,NaN,3.25,2.6708300832013507,3.0153331698812247,1.3349818021013788,5.0,0.5625,0.8017136980652771,4.0,12.0,1.9496402877697843,0.8540079506740024,0.3684210526315789,0.0
357,1,19.0,52.0,2.736842105263158,0.15204678362573099,0.1111111111111111,0.0,0.625,0.1875,0.0625,0.1875,0.7368421052631579,0.0,0.07142857142857142,0.6428571428571429,0.4761301000113649,0.2734524588265644,0.11458333333333333,0.2770128356432443,NaN,NaN,NaN,NaN,3.25,2.54296414970142,3.210055366238992,1.5224802479339452,5.333333333333334,0.6875,0.9793758719261532,5.0,11.0,1.9461538461538461,0.9426298233664268,0.3684210526315789,0.0
358,1,19.0,64.0,3.3684210526315788,0.1871345029239766,0.1111111111111111,0.0,0.5625,0.3125,0.125,0.3125,0.7368421052631579,0.0,0.14285714285714285,0.5714285714285714,0.681764705882353,0.30595554074800824,0.21041666666666667,0.36751795118666575,NaN,NaN,NaN,NaN,4.0,3.8297084310253524,2.8164676061535143,1.167251434232133,4.333333333333334,0.5625,0.8226482860948718,4.0,11.0,1.7536231884057971,0.7812734710321765,0.3684210526315789,0.0
359,1,19.0,59.0,3.1052631578947367,0.17251461988304093,0.1111111111111111,0.0,0.5625,0.3125,0.125,0.25,0.7368421052631579,0.0,0.14285714285714285,0.5714285714285714,0.4265282131661442,0.34584530873156316,0.19791666666666666,0.3712778234990911,NaN,NaN,NaN,NaN,3.6875,4.045058714036176,2.8092326776537306,1.2308475986264895,5.0,0.4375,0.8089185976023375,4.0,8.0,1.5212765957446808,0.683582017233529,0.21052631578947367,0.0
36,1,19.0,42.0,2.210526315789474,0.12280701754385964,0.1111111111111111,0.1111111111111111,0.625,0.1875,0.0625,0.3125,0.7368421052631579,0.0,0.07142857142857142,0.5714285714285714,0.2994791666666667,0.2634270446829072,0.14791666666666667,0.2783466397351544,NaN,NaN,NaN,NaN,2.625,2.217355782608345,3.0853402445507707,1.31704231871839,5.0,0.5625,0.7874556763505246,4.0,9.0,2.0084745762711864,0.8818760374916396,0.21052631578947367,0.0
360,1,19.0,62.0,3.263157894736842,0.18128654970760233,0.1111111111111111,0.0,0.5625,0.25,0.0,0.3125,0.7368421052631579,0.0,0.0,0.7142857142857143,0.46944573283859,0.1992504402232056,0.134375,0.21347814095749162,NaN,NaN,NaN,NaN,3.875,3.2015621187164243,2.8703429812177914,1.2139714789745042,5.0,0.5625,0.6718653329964966,4.0,10.0,1.9183673469387754,0.9104432465716051,0.42105263157894735,0.0
361,1,19.0,46.0,2.4210526315789473,0.13450292397660818,0.1111111111111111,0.0,0.6875,0.1875,0.0625,0.125,0.7368421052631579,0.0,0.07142857142857142,0.6428571428571429,0.2619517543859649,0.39402468246925004,0.075,0.2516611478423583,NaN,NaN,NaN,NaN,2.875,3.4229616805723473,2.9921821599453176,1.2447355224281815,5.0,0.375,0.7707660914622021,4.0,7.0,1.5492957746478873,0.7326806436322173,0.10526315789473684,0.0
362,1,19.0,63.0,3.3157894736842106,0.18421052631578946,0.1111111111111111,0.0,0.5,0.25,0.125,0.4375,0.7368421052631579,0.0,0.14285714285714285,0.6428571428571429,0.7003001412429378,0.25669724564649604,0.22083333333333333,0.34115815817431194,NaN,NaN,NaN,NaN,3.9375,3.923752455664518,2.8082276770357266,1.101479651952192,4.117647058823529,0.4375,0.7107388235240368,4.0,10.0,1.7209302325581395,0.7703159273356465,0.21052631578947367,0.0
363,1,19.0,59.0,3.1052631578947367,0.17251461988304093,0.1111111111111111,0.0,0.5,0.125,0.0,0.375,0.7368421052631579,0.0,0.0,0.7142857142857143,0.44938029397110113,0.14155543678367355,0.14375,0.1953984533090156,NaN,NaN,NaN,NaN,3.6875,2.774136502289196,2.8958426768676078,1.0824804241965855,4.333333333333334,0.6875,0.6970368800766596,4.0,10.0,1.7916666666666667,0.7278188508964848,0.2631578947368421,0.0
364,1,19.0,51.0,2.6842105263157894,0.14912280701754385,0.1111111111111111,0.0,0.5,0.1875,0.0,0.375,0.7368421052631579,0.0,0.0,0.5714285714285714,0.45098514211886315,0.20611034970953546,0.18229166666666666,0.2621470290024566,NaN,NaN,NaN,NaN,3.1875,2.9488698400121582,2.7253654970760235,1.0536831429543492,4.125,0.75,0.6217600602327277,3.0,9.0,1.694915254237288,0.633919763267439,0.21052631578947367,0.0
365,1,19.0,32.0,1.6842105263157894,0.0935672514619883,0.1111111111111111,0.2222222222222222,0.625,0.1875,0.0625,0.3125,0.7368421052631579,0.0,0.07142857142857142,0.6428571428571429,0.6000434027777778,0.2743750461381046,0.14270833333333333,0.275410047827679,NaN,NaN,NaN,NaN,2.0,1.3662601021279464,3.0008145363408523,1.24758206889085,5.0,0.6875,0.5671129283420575,4.0,6.0,2.0344827586206895,0.8950545762503647,0.0,0.0
366,1,19.0,45.0,2.3684210526315788,0.13157894736842105,0.1111111111111111,0.16666666666666666,0.5625,0.1875,0.0,0.375,0.7368421052631579,0.0,0.0,0.6428571428571429,0.4901562499999999,0.14613607306350798,0.171875,0.25178759052173466,NaN,NaN,NaN,NaN,2.8125,1.7594980344783944,2.9543539278059403,1.26040258014629,5.0,0.5625,0.6937643078342243,4.0,8.0,1.8173076923076923,0.8333395568600069,0.0,0.0
367,1,19.0,47.0,2.473684210526316,0.13742690058479531,0.1111111111111111,0.0,0.5625,0.1875,0.0625,0.3125,0.7368421052631579,0.0,0.07142857142857142,0.6428571428571429,0.4252616995073891,0.29815618022161666,0.15729166666666666,0.2956454802631016,NaN,NaN,NaN,NaN,2.9375,1.94828984838841,3.0152206173328056,1.2600109353319087,4.857142857142858,0.8125,0.7569520511085648,4.0,8.0,1.9541284403669725,0.9268157464106699,0.2631578947368421,0.0
368,1,19.0,60.0,3.1578947368421053,0.17543859649122806,0.1111111111111111,0.0,0.5625,0.25,0.0625,0.375,0.7368421052631579,0.0,0.07142857142857142,0.6428571428571429,0.6765941160809371,0.24035710634242957,0.196875,0.3063657188781142,NaN,NaN,NaN,NaN,3.75,3.6606010435446255,2.8679473304473304,1.1808912641188614,4.428571428571429,0.5625,0.7300427946632198,3.0,10.0,1.7720588235294117,0.7400391557679343,0.3157894736842105,0.0
369,1,19.0,82.0,4.315789473684211,0.23976608187134502,0.1111111111111111,0.0,0.6875,0.125,0.0,0.25,0.7368421052631579,0.0,0.0,0.7142857142857143,0.411409456842372,0.12337830525190824,0.08020833333333333,0.15506495054940328,NaN,NaN,NaN,NaN,5.125,4.272001872658765,3.090912566822009,1.249172768945013,4.625,0.6875,0.7411029902851254,4.0,11.0,1.606896551724138,0.7197274920657465,0.3684210526315789,0.0
37,1,19.0,39.0,2.0526315789473686,0.11403508771929824,0.1111111111111111,0.1111111111111111,0.5625,0.25,0.0625,0.3125,0.7368421052631579,0.0,0.07142857142857142,0.6428571428571429,0.5783829365079365,0.2588670343871529,0.165625,0.29879193491520206,NaN,NaN,NaN,NaN,2.4375,2.0966242709015206,2.9405752142594244,1.287837323892059,5.166666666666666,0.5,0.5670483348766424,4.0,7.0,2.0,0.9583148474999099,0.0,0.0
370,1,19.0,47.0,2.473684210526316,0.13742690058479531,0.1111111111111111,0.1111111111111111,0.625,0.1875,0.0,0.1875,0.7368421052631579,0.0,0.0,0.6428571428571429,0.22971000514403292,0.24821155753335575,0.09791666666666665,0.21618536285121415,NaN,NaN,NaN,NaN,2.9375,1.7689450716929191,2.823232211544905,1.1099709832216083,4.294117647058823,0.625,0.5691578117111037,3.0,8.0,1.71,0.7005769628014333,0.21052631578947367,0.0
371,1,19.0,39.0,2.0526315789473686,0.11403508771929824,0.1111111111111111,0.1111111111111111,0.6875,0.1875,0.0,0.25,0.7368421052631579,0.0,0.0,0.7142857142857143,0.29226345486111105,0.11376174956470349,0.09895833333333333,0.18563891174954555,NaN,NaN,NaN,NaN,2.4375,1.3149778198382918,2.950578368999422,1.2554405155710668,5.0,0.4375,0.48966365304123216,4.0,7.0,1.93,0.8791065253018447,0.0,0.0
372,1,19.0,69.0,3.6315789473684212,0.20175438596491227,0.1111111111111111,0.0,0.625,0.1875,0.0625,0.3125,0.7368421052631579,0.0,0.07142857142857142,0.7142857142857143,0.6879493861075849,0.2551885911842301,0.1375,0.2723355773061365,NaN,NaN,NaN,NaN,4.3125,3.664582741140752,2.9877048443531846,1.1815558520734923,4.266666666666667,0.5625,0.7058613539281181,4.0,10.0,1.6356589147286822,0.7173952939293217,0.2631578947368421,0.0
373,1,19.0,56.0,2.9473684210526314,0.16374269005847952,0.1111111111111111,0.0,0.625,0.25,0.0625,0.25,0.7368421052631579,0.0,0.07142857142857142,0.6428571428571429,0.3182656930048907,0.2735862326834092,0.14583333333333331,0.2910708199428831,NaN,NaN,NaN,NaN,3.5,3.4641016151377544,2.8609250398724084,1.179533572307493,4.5,0.5,0.7064028094940786,3.0,10.0,1.6666666666666667,0.674000954105922,0.3157894736842105,0.0
374,1,19.0,48.0,2.526315789473684,0.14035087719298245,0.1111111111111111,0.0,0.5625,0.25,0.0625,0.1875,0.7368421052631579,0.0,0.07142857142857142,0.7142857142857143,0.5620659722222222,0.37429553815702804,0.09895833333333333,0.2603749966661333,NaN,NaN,NaN,NaN,3.0,3.0550504633038935,2.748245614035088,1.0710383893020923,4.142857142857142,0.4375,0.5331299724312479,3.0,7.0,1.5666666666666667,0.6368814469962913,0.0,0.0
375,1,19.0,37.0,1.9473684210526316,0.10818713450292397,0.1111111111111111,0.2222222222222222,0.5625,0.3125,0.125,0.25,0.7368421052631579,0.0,0.14285714285714285,0.5714285714285714,0.431640625,0.32238910197603865,0.15833333333333333,0.3415650255319866,NaN,NaN,NaN,NaN,2.3125,1.8874586088176875,2.879664281367068,1.2374041967161018,4.444444444444445,0.4375,0.7576461984564142,4.0,7.0,1.9090909090909092,0.8661762136077472,0.0,0.0
376,1,19.0,58.0,3.0526315789473686,0.1695906432748538,0.1111111111111111,0.0,0.625,0.125,0.0625,0.375,0.7368421052631579,0.0,0.07142857142857142,0.5714285714285714,0.7189867424242425,0.11665866173731047,0.17916666666666667,0.29953667926019045,NaN,NaN,NaN,NaN,3.625,2.3057898140695015,3.151267944377363,1.2526062240574016,4.555555555555555,0.8125,0.7847274909394619,4.0,10.0,1.8732394366197183,0.8065261725983883,0.42105263157894735,0.0
377,1,19.0,37.0,1.9473684210526316,0.10818713450292397,0.1111111111111111,0.0,0.625,0.25,0.0,0.1875,0.7368421052631579,0.0,0.0,0.6428571428571429,0.3250325520833333,0.16876719613493346,0.06458333333333333,0.14930394055974097,NaN,NaN,NaN,NaN,2.3125,2.151549828999242,3.31723701546356,1.6557454051985008,6.333333333333333,0.75,0.9004518713765118,6.0,10.0,2.327433628318584,1.1759682779075096,0.0,0.0
378,1,19.0,54.0,2.8421052631578947,0.15789473684210525,0.1111111111111111,0.0,0.625,0.1875,0.0,0.375,0.7368421052631579,0.0,0.0,0.7142857142857143,0.5622831790123457,0.0667549998498503,0.17083333333333334,0.23940512696016933,NaN,NaN,NaN,NaN,3.375,2.4186773244895647,2.9710089131141766,1.2443863992150388,5.0,0.5625,0.6158410758469862,4.0,8.0,1.719298245614035,0.7585357567927684,0.0,0.0
379,1,19.0,41.0,2.1578947368421053,0.11988304093567251,0.1111111111111111,0.1111111111111111,0.5625,0.3125,0.125,0.3125,0.7368421052631579,0.0,0.14285714285714285,0.6428571428571429,0.5934375,0.3697058233695181,0.196875,0.35141084692042923,NaN,NaN,NaN,NaN,2.5625,1.7114808402861736,2.6850202429149794,1.0975364942970014,4.333333333333334,0.375,0.6314957148924693,4.0,8.0,1.7959183673469388,0.7455598280385926,0.10526315789473684,0.0
38,1,19.0,69.0,3.6315789473684212,0.20175438596491227,0.1111111111111111,0.0,0.5625,0.1875,0.0625,0.3125,0.7368421052631579,0.0,0.07142857142857142,0.7142857142857143,0.41234848484848485,0.283926953361994,0.14166666666666666,0.2709380139578192,NaN,NaN,NaN,NaN,4.3125,3.944933459514875,2.913251782707543,1.1560513435641255,4.333333333333334,0.6875,0.7401799923404881,4.0,9.0,1.547008547008547,0.6758867291314234,0.3157894736842105,0.0
380,1,19.0,54.0,2.8421052631578947,0.15789473684210525,0.1111111111111111,0.0,0.625,0.125,0.0,0.3125,0.7368421052631579,0.0,0.0,0.7142857142857143,0.4441466812015504,0.12877699690299374,0.10937499999999999,0.17405498811837852,NaN,NaN,NaN,NaN,3.375,3.0083217912982647,2.906615520702208,1.1204278725037784,4.4,0.8125,0.6041647961155153,4.0,9.0,1.728,0.7113821168184032,0.2631578947368421,0.0
381,1,19.0,55.0,2.8947368421052633,0.1608187134502924,0.1111111111111111,0.0,0.5625,0.3125,0.125,0.3125,0.7368421052631579,0.0,0.14285714285714285,0.6428571428571429,0.6313713165720465,0.3364993240336785,0.20833333333333331,0.36260375271290485,NaN,NaN,NaN,NaN,3.4375,3.1191612120354835,2.8245856576926185,1.2466490922837554,4.833333333333334,0.5,0.8071284767300415,4.0,10.0,1.7580645161290323,0.7366256591088092,0.3684210526315789,0.0
382,1,19.0,46.0,2.4210526315789473,0.13450292397660818,0.1111111111111111,0.05555555555555555,0.625,0.3125,0.0625,0.1875,0.7368421052631579,0.0,0.07142857142857142,0.6428571428571429,0.3225879519137275,0.3195548303977453,0.12499999999999999,0.2950204010522612,NaN,NaN,NaN,NaN,2.875,2.753785273643051,2.8766879319510896,1.2217806553078339,4.318181818181818,0.4375,0.754444700402408,4.0,9.0,1.9322033898305084,0.8645814516193008,0.21052631578947367,0.0
383,1,19.0,53.0,2.789473684210526,0.15497076023391812,0.1111111111111111,0.0,0.5625,0.1875,0.0625,0.3125,0.7368421052631579,0.0,0.07142857142857142,0.5714285714285714,0.37633298022598877,0.2519745161169006,0.14583333333333331,0.27638539919628335,NaN,NaN,NaN,NaN,3.3125,2.914761282392322,2.8574675324675325,1.195121336184773,4.6,0.75,0.6558459316841192,4.0,10.0,1.7410714285714286,0.7912304901516934,0.21052631578947367,0.0
384,1,19.0,42.0,2.210526315789474,0.12280701754385964,0.1111111111111111,0.0,0.625,0.3125,0.125,0.25,0.7368421052631579,0.0,0.14285714285714285,0.5714285714285714,0.6378787878787877,0.31931735803960504,0.17916666666666667,0.36247605284885903,NaN,NaN,NaN,NaN,2.625,2.918332857414772,2.760233918128655,1.1719534288365638,5.0,0.25,0.6617717229381795,5.0,7.0,1.8202247191011236,0.9115645610309108,0.0,0.0
385,1,19.0,45.0,2.3684210526315788,0.13157894736842105,0.1111111111111111,0.0,0.5625,0.1875,0.0625,0.375,0.7368421052631579,0.0,0.07142857142857142,0.5714285714285714,0.6658528645833334,0.23453258350149556,0.21354166666666666,0.3190970333090965,NaN,NaN,NaN,NaN,2.8125,3.0379543555930306,2.6956140350877194,0.957166634506148,4.0,0.4375,0.5652778088005351,3.0,6.0,1.5375,0.6353260898989819,0.0,0.0
386,1,19.0,54.0,2.8421052631578947,0.15789473684210525,0.1111111111111111,0.0,0.625,0.1875,0.0625,0.1875,0.7368421052631579,0.0,0.07142857142857142,0.6428571428571429,0.4780701754385964,0.30629847613888356,0.09583333333333333,0.2587362449376671,NaN,NaN,NaN,NaN,3.375,2.80178514522438,3.204384350148804,1.4004035443948768,5.0,0.5,0.8035324620343006,5.0,11.0,1.948905109489051,0.910083770249069,0.2631578947368421,0.0
387,1,19.0,64.0,3.3684210526315788,0.1871345029239766,0.1111111111111111,0.0,0.5625,0.1875,0.0625,0.25,0.7368421052631579,0.0,0.07142857142857142,0.7142857142857143,0.39513967559217295,0.36711227712195843,0.134375,0.2809025631780529,NaN,NaN,NaN,NaN,4.0,3.759432581299116,2.75874613003096,1.0996987714587823,4.5,0.5,0.6069940259066575,3.0,8.0,1.5398230088495575,0.6128883350591527,0.21052631578947367,0.0
388,1,19.0,54.0,2.8421052631578947,0.15789473684210525,0.1111111111111111,0.0,0.5,0.1875,0.0625,0.4375,0.7368421052631579,0.0,0.07142857142857142,0.7142857142857143,0.6355063056379822,0.25965115758556406,0.20729166666666668,0.29583333333333334,NaN,NaN,NaN,NaN,3.375,1.746424919657298,3.0368123835229097,1.2661620031311196,4.666666666666666,0.6875,0.7904931427975238,4.0,11.0,2.006622516556291,0.8906678299023482,0.42105263157894735,0.0
389,1,19.0,37.0,1.9473684210526316,0.10818713450292397,0.1111111111111111,0.1111111111111111,0.625,0.25,0.125,0.25,0.7368421052631579,0.0,0.14285714285714285,0.6428571428571429,0.71953125,0.3045135721523755,0.171875,0.3502231431530475,NaN,NaN,NaN,NaN,2.3125,1.579820664927932,3.0303030303030303,1.4418373731850593,6.0,0.3125,0.7071686878799542,6.0,8.0,2.1881188118811883,1.1551006128223524,0.0,0.0
39,1,19.0,61.0,3.210526315789474,0.1783625730994152,0.1111111111111111,0.05555555555555555,0.5,0.1875,0.125,0.3125,0.7368421052631579,0.0,0.14285714285714285,0.5714285714285714,0.36433940445215385,0.28442876925801686,0.1875,0.3435921354681384,NaN,NaN,NaN,NaN,3.8125,4.1668333300001335,2.775665124349335,1.1034515496339286,4.166666666666666,0.75,0.7001045794212343,3.0,10.0,1.5675675675675675,0.6413284737965493,0.3157894736842105,0.0
390,1,19.0,53.0,2.789473684210526,0.15497076023391812,0.1111111111111111,0.0,0.5625,0.25,0.0,0.3125,0.7368421052631579,0.0,0.0,0.6428571428571429,0.5215856481481481,0.2334209791778903,0.14479166666666665,0.23544431990977777,NaN,NaN,NaN,NaN,3.3125,2.441823089414956,2.807862958832488,1.1247013058672888,4.416666666666666,0.6875,0.5894208422170946,4.0,8.0,1.7647058823529411,0.7330674160611208,0.10526315789473684,0.0
391,1,19.0,46.0,2.4210526315789473,0.13450292397660818,0.1111111111111111,0.05555555555555555,0.5625,0.25,0.0625,0.25,0.7368421052631579,0.0,0.07142857142857142,0.6428571428571429,0.2770138888888889,0.3095919839111756,0.12083333333333333,0.26801741236966914,NaN,NaN,NaN,NaN,2.875,2.753785273643051,2.797595437870038,1.0984124580642982,4.5,0.5,0.6495749269067005,3.0,8.0,1.6043956043956045,0.6303283250130819,0.0,0.0
392,1,19.0,45.0,2.3684210526315788,0.13157894736842105,0.1111111111111111,0.1111111111111111,0.625,0.3125,0.0625,0.1875,0.7368421052631579,0.0,0.07142857142857142,0.6428571428571429,0.26701799140708915,0.2536286027924055,0.109375,0.27338541170540415,NaN,NaN,NaN,NaN,2.8125,2.19753649950727,3.067368012104854,1.4625656854844273,5.0,0.4375,0.9281532444980858,5.0,9.0,2.096774193548387,1.0234594199914637,0.2631578947368421,0.0
393,1,19.0,48.0,2.526315789473684,0.14035087719298245,0.1111111111111111,0.0,0.5625,0.3125,0.125,0.25,0.7368421052631579,0.0,0.14285714285714285,0.5714285714285714,0.3756029285099053,0.32746337524694535,0.16666666666666666,0.3442651863295481,NaN,NaN,NaN,NaN,3.0,3.0767948691238205,2.948840633051159,1.368992694889146,5.181818181818182,0.5,0.8653285927802776,4.0,11.0,1.8333333333333333,0.8192017122954082,0.2631578947368421,0.0
394,1,19.0,30.0,1.5789473684210527,0.08771929824561403,0.1111111111111111,0.1111111111111111,0.5625,0.375,0.125,0.1875,0.7368421052631579,0.0,0.14285714285714285,0.6428571428571429,0.4930555555555555,0.4868116645149527,0.15625,0.3520771695712935,NaN,NaN,NaN,NaN,1.875,1.5438048235879214,2.6099415204678365,1.0885795399379397,4.555555555555555,0.25,0.6427887525817325,4.0,7.0,1.8181818181818181,0.8577087708915746,0.10526315789473684,0.0
395,1,19.0,61.0,3.210526315789474,0.1783625730994152,0.1111111111111111,0.0,0.625,0.25,0.0,0.125,0.7368421052631579,0.0,0.0,0.5714285714285714,0.213179347826087,0.19543141695368693,0.05208333333333333,0.1455354099714415,NaN,NaN,NaN,NaN,3.8125,4.08605351572068,2.9043056358845836,1.250490177271266,4.6,0.5,0.7449195198949937,4.0,10.0,1.712,0.7600509320794487,0.2631578947368421,0.0
396,1,19.0,48.0,2.526315789473684,0.14035087719298245,0.1111111111111111,0.05555555555555555,0.5625,0.125,0.0625,0.3125,0.7368421052631579,0.0,0.07142857142857142,0.6428571428571429,0.5272758152173913,0.22740332329334106,0.146875,0.27896759071022326,NaN,NaN,NaN,NaN,3.0,2.0330600909302543,3.0115397188623736,1.2062870867147013,5.0,0.75,0.7539722436953112,4.0,10.0,1.856,0.7694153624668538,0.15789473684210525,0.0
397,1,19.0,48.0,2.526315789473684,0.14035087719298245,0.1111111111111111,0.0,0.5625,0.3125,0.125,0.3125,0.7368421052631579,0.0,0.14285714285714285,0.5714285714285714,0.5208953373015873,0.2779011604169814,0.203125,0.3612846805088341,NaN,NaN,NaN,NaN,3.0,1.96638416050035,2.9573835141376286,1.3447798122230166,5.166666666666666,0.625,0.8815709902976689,4.0,9.0,1.793103448275862,0.7520088040570471,0.10526315789473684,0.0
398,1,19.0,45.0,2.3684210526315788,0.13157894736842105,0.1111111111111111,0.05555555555555555,0.5625,0.25,0.0,0.1875,0.7368421052631579,0.0,0.0,0.7142857142857143,0.24107142857142855,0.1904835756945712,0.07708333333333334,0.1685312368013057,NaN,NaN,NaN,NaN,2.8125,2.638654960391752,2.730251430715827,1.0709830007707692,4.0,0.4375,0.6283047956282681,3.0,7.0,1.6804123711340206,0.6542551705402824,0.10526315789473684,0.0
399,1,19.0,57.0,3.0,0.16666666666666666,0.1111111111111111,0.05555555555555555,0.5625,0.3125,0.0625,0.25,0.7368421052631579,0.0,0.07142857142857142,0.6428571428571429,0.4545301766992046,0.3022180841089143,0.16666666666666666,0.3162277660168379,NaN,NaN,NaN,NaN,3.5625,3.3260336739125176,2.7804919908466816,1.1680959770061294,4.4,0.5625,0.7032596361177904,3.0,10.0,1.6725663716814159,0.7126720077600588,0.21052631578947367,0.0
4,1,19.0,32.0,1.6842105263157894,0.0935672514619883,0.1111111111111111,0.0,0.6875,0.25,0.0625,0.125,0.7368421052631579,0.0,0.07142857142857142,0.6428571428571429,0.34197443181818177,0.37529384005413113,0.078125,0.25361962989222003,NaN,NaN,NaN,NaN,2.0,1.591644851508443,3.1045321637426904,1.4328413389407186,5.375,0.4375,0.7686592455649727,4.0,9.0,2.1176470588235294,0.9365421723210429,0.2631578947368421,0.0
40,1,19.0,42.0,2.210526315789474,0.12280701754385964,0.1111111111111111,0.05555555555555555,0.625,0.1875,0.0625,0.1875,0.7368421052631579,0.0,0.07142857142857142,0.7142857142857143,0.6104166666666665,0.27907751478623155,0.12916666666666665,0.29860788111948194,NaN,NaN,NaN,NaN,2.625,1.408308678285174,3.0586921850079745,1.2623196582242695,5.0,0.625,0.7322272292703655,4.0,8.0,1.9396551724137931,0.8473877312166443,0.15789473684210525,0.0
400,1,19.0,46.0,2.4210526315789473,0.13450292397660818,0.1111111111111111,0.16666666666666666,0.5625,0.25,0.0625,0.25,0.7368421052631579,0.0,0.07142857142857142,0.7142857142857143,0.38541666666666663,0.2906702556693137,0.12916666666666665,0.27267535981795615,NaN,NaN,NaN,NaN,2.875,2.1252450839060106,2.8871345029239763,1.2470115891203566,4.833333333333334,0.5,0.7466997427047587,5.0,9.0,1.982905982905983,0.9375583290627474,0.2631578947368421,0.0
401,1,19.0,49.0,2.5789473684210527,0.14327485380116958,0.1111111111111111,0.0,0.625,0.1875,0.0,0.3125,0.7368421052631579,0.0,0.0,0.6428571428571429,0.5008882732281493,0.06882318652906075,0.13541666666666666,0.21273135553939773,NaN,NaN,NaN,NaN,3.0625,1.691892431568863,3.0703553756185338,1.3268201174171608,4.777777777777778,0.5625,0.6794950584464585,5.0,12.0,1.986206896551724,0.8659147932208883,0.3684210526315789,0.0
402,1,19.0,62.0,3.263157894736842,0.18128654970760233,0.1111111111111111,0.0,0.625,0.125,0.0625,0.3125,0.7368421052631579,0.0,0.07142857142857142,0.6428571428571429,0.44172643442622944,0.23367974103050956,0.12708333333333333,0.26047499346812975,NaN,NaN,NaN,NaN,3.875,3.9644251369734134,3.1156393235340603,1.2399726580102355,4.5,0.625,0.7205416525523664,4.0,11.0,1.7919463087248322,0.7377391301298827,0.3684210526315789,0.0
403,1,19.0,47.0,2.473684210526316,0.13742690058479531,0.1111111111111111,0.0,0.5625,0.375,0.125,0.1875,0.7368421052631579,0.0,0.14285714285714285,0.6428571428571429,0.30828125,0.35215611920235984,0.15,0.3464101615137754,NaN,NaN,NaN,NaN,2.9375,3.2551241655785317,2.895984814405867,1.396703809010345,5.5,0.5,0.8896917840386707,4.0,8.0,1.8125,0.8862992247483203,0.10526315789473684,0.0
404,1,19.0,72.0,3.789473684210526,0.21052631578947367,0.1111111111111111,0.0,0.5,0.1875,0.0,0.375,0.7368421052631579,0.0,0.0,0.7142857142857143,0.40401189692982453,0.18068718806957185,0.13020833333333334,0.18481409578276217,NaN,NaN,NaN,NaN,4.5,3.0767948691238205,2.904966017093278,1.1285162828626325,4.227272727272727,0.625,0.7305828146522112,4.0,12.0,1.7191780821917808,0.7496495796076669,0.21052631578947367,0.0
405,1,19.0,43.0,2.263157894736842,0.12573099415204678,0.1111111111111111,0.05555555555555555,0.625,0.1875,0.0625,0.25,0.7368421052631579,0.0,0.07142857142857142,0.6428571428571429,0.39479166666666665,0.29501669583778695,0.13020833333333331,0.27716947282604315,NaN,NaN,NaN,NaN,2.6875,2.0886598574205424,2.8388734995383196,1.1720174201060518,4.666666666666666,0.5625,0.5633685796658404,5.0,9.0,1.8956521739130434,0.8519730767869335,0.15789473684210525,0.0
406,1,19.0,45.0,2.3684210526315788,0.13157894736842105,0.1111111111111111,0.0,0.5,0.25,0.0,0.3125,0.7368421052631579,0.0,0.0,0.7142857142857143,0.31050347222222224,0.16955670897713357,0.10833333333333334,0.17480147469502527,NaN,NaN,NaN,NaN,2.8125,2.535580144003866,2.7660919540229885,1.1517735073210296,4.666666666666666,0.6875,0.617196165369682,4.0,6.0,1.6979166666666667,0.7415459196012024,0.10526315789473684,0.0
407,1,19.0,72.0,3.789473684210526,0.21052631578947367,0.1111111111111111,0.0,0.5625,0.1875,0.0625,0.4375,0.7368421052631579,0.0,0.07142857142857142,0.6428571428571429,0.7438372364558314,0.12184528165649544,0.225,0.31043577495251795,NaN,NaN,NaN,NaN,4.5,3.32665998663324,2.837568218785735,1.0735326312679545,4.166666666666666,0.75,0.6731232916459864,4.0,12.0,1.6083916083916083,0.6504057783790081,0.21052631578947367,0.0
408,1,19.0,72.0,3.789473684210526,0.21052631578947367,0.1111111111111111,0.0,0.5625,0.1875,0.0625,0.3125,0.7368421052631579,0.0,0.07142857142857142,0.6428571428571429,0.47436079545454546,0.2424151508937774,0.13645833333333332,0.26779060020014805,NaN,NaN,NaN,NaN,4.5,4.305035810923451,2.980142045104962,1.177274596082246,4.333333333333334,0.6875,0.7434798820483708,4.0,12.0,1.6754966887417218,0.6980894773038022,0.3684210526315789,0.0
409,1,19.0,46.0,2.4210526315789473,0.13450292397660818,0.1111111111111111,0.0,0.625,0.25,0.0,0.1875,0.7368421052631579,0.0,0.0,0.6428571428571429,0.33544921875,0.26330897093800715,0.09375,0.20155644370746376,NaN,NaN,NaN,NaN,2.875,3.2429410519876347,2.83048004626952,1.1489343846610673,4.333333333333334,0.5,0.5923331003152049,4.0,7.0,1.6704545454545454,0.738460512786309,0.0,0.0
41,1,19.0,62.0,3.263157894736842,0.18128654970760233,0.1111111111111111,0.0,0.5625,0.3125,0.0625,0.3125,0.7368421052631579,0.0,0.07142857142857142,0.5714285714285714,0.3919303063118811,0.2286234505820338,0.15833333333333333,0.2886751345948128,NaN,NaN,NaN,NaN,3.875,4.112987559751022,2.9980462519936206,1.3609414381367753,5.0,0.5,0.9091701078962946,5.0,11.0,1.8257575757575757,0.8866801631784884,0.2631578947368421,0.0
410,1,19.0,58.0,3.0526315789473686,0.1695906432748538,0.1111111111111111,0.0,0.625,0.25,0.0,0.125,0.7368421052631579,0.0,0.0,0.6428571428571429,0.12856012658227847,0.17664685876114938,0.05625,0.1547847968417226,NaN,NaN,NaN,NaN,3.625,3.1806707887907337,2.8968172178698497,1.216460029843228,4.571428571428571,0.5625,0.6743977337941476,4.0,10.0,1.7265625,0.7286579590314255,0.3157894736842105,0.0
411,1,19.0,56.0,2.9473684210526314,0.16374269005847952,0.1111111111111111,0.05555555555555555,0.5625,0.25,0.0625,0.3125,0.7368421052631579,0.0,0.07142857142857142,0.6428571428571429,0.4365173135464231,0.2312461552510505,0.171875,0.3050026563333021,NaN,NaN,NaN,NaN,3.5,2.780887148615228,2.839859601770959,1.171397792867027,4.555555555555555,0.625,0.6434489910078593,4.0,9.0,1.8091603053435115,0.7855865404690051,0.21052631578947367,0.0
412,1,19.0,46.0,2.4210526315789473,0.13450292397660818,0.1111111111111111,0.0,0.5625,0.25,0.0625,0.3125,0.7368421052631579,0.0,0.07142857142857142,0.5714285714285714,0.5337175282921811,0.29756727003551003,0.16874999999999998,0.3044043972038463,NaN,NaN,NaN,NaN,2.875,1.5864005379054391,2.946001221001221,1.2581630666906443,4.833333333333334,0.5625,0.7344204277023663,4.0,9.0,1.8771929824561404,0.7886400401137849,0.0,0.0
413,1,19.0,50.0,2.6315789473684212,0.14619883040935672,0.1111111111111111,0.05555555555555555,0.5,0.1875,0.0625,0.375,0.7368421052631579,0.0,0.07142857142857142,0.5714285714285714,0.5932992788461539,0.2614259283152463,0.19270833333333331,0.30386210018020665,NaN,NaN,NaN,NaN,3.125,2.276693508870558,3.2766679957469433,1.6283478406293286,6.333333333333333,0.6875,1.0324074438010837,6.0,11.0,2.1703703703703705,1.200377681490293,0.2631578947368421,0.0
414,1,19.0,48.0,2.526315789473684,0.14035087719298245,0.1111111111111111,0.0,0.6875,0.1875,0.0625,0.125,0.7368421052631579,0.0,0.07142857142857142,0.7142857142857143,0.44955433848797255,0.429973075747055,0.078125,0.25361962989222003,NaN,NaN,NaN,NaN,3.0,3.723797345005051,2.9279118849755967,1.2097390226216849,4.5,0.375,0.6250188298976154,3.0,8.0,1.6222222222222222,0.7122961411934302,0.15789473684210525,0.0
415,1,19.0,42.0,2.210526315789474,0.12280701754385964,0.1111111111111111,0.1111111111111111,0.625,0.25,0.125,0.25,0.7368421052631579,0.0,0.14285714285714285,0.6428571428571429,0.4075520833333333,0.3100336703264842,0.16145833333333331,0.3421997873237861,NaN,NaN,NaN,NaN,2.625,1.8929694486000912,2.9094715956558064,1.2802464934400035,4.5625,0.5,0.6937451179985261,5.0,8.0,1.9811320754716981,0.9659057636719531,0.15789473684210525,0.0
416,1,19.0,40.0,2.1052631578947367,0.11695906432748537,0.1111111111111111,0.1111111111111111,0.5625,0.3125,0.125,0.3125,0.7368421052631579,0.0,0.14285714285714285,0.6428571428571429,0.6626790364583334,0.3725046521337066,0.21354166666666666,0.36763602924631855,NaN,NaN,NaN,NaN,2.5,2.2211108331943574,2.726608187134503,1.1191171119434944,4.388888888888889,0.5,0.6601919530306852,4.0,8.0,1.797752808988764,0.8143566239243837,0.0,0.0
417,1,19.0,59.0,3.1052631578947367,0.17251461988304093,0.1111111111111111,0.0,0.5625,0.25,0.0625,0.25,0.7368421052631579,0.0,0.07142857142857142,0.6428571428571429,0.489632561436673,0.3497792276090494,0.13020833333333334,0.2771694728260431,NaN,NaN,NaN,NaN,3.6875,3.700788204333414,2.8450122891770486,1.199636036941013,4.5,0.5625,0.7314417529359872,3.0,9.0,1.5809523809523809,0.6762588316066618,0.2631578947368421,0.0
418,1,19.0,63.0,3.3157894736842106,0.18421052631578946,0.1111111111111111,0.0,0.5,0.1875,0.0625,0.375,0.7368421052631579,0.0,0.07142857142857142,0.7142857142857143,0.6573164682539682,0.23081089043701314,0.19687499999999997,0.30636571887811426,NaN,NaN,NaN,NaN,3.9375,3.17214438511238,2.8594871621187408,1.0625407314157882,4.0,0.5,0.681293507298857,3.0,10.0,1.623076923076923,0.6133575738643942,0.15789473684210525,0.0
419,1,19.0,56.0,2.9473684210526314,0.16374269005847952,0.1111111111111111,0.0,0.5625,0.3125,0.0625,0.25,0.7368421052631579,0.0,0.07142857142857142,0.7142857142857143,0.6077422034764826,0.3212395568324534,0.16041666666666665,0.31012990109880656,NaN,NaN,NaN,NaN,3.5,3.6147844564602556,2.9612591260760595,1.344892539453191,5.0,0.5,0.7875321078518676,4.0,10.0,1.7899159663865547,0.842453535205475,0.2631578947368421,0.0
42,1,19.0,51.0,2.6842105263157894,0.14912280701754385,0.1111111111111111,0.0,0.5625,0.3125,0.0625,0.3125,0.7368421052631579,0.0,0.07142857142857142,0.5714285714285714,0.5087037037037037,0.24047639503835863,0.18229166666666666,0.31360914279472857,NaN,NaN,NaN,NaN,3.1875,3.310966626228661,2.906865463467097,1.3505077683641706,5.333333333333334,0.5,0.8377622341944976,5.0,10.0,1.9844961240310077,0.9436009495215573,0.3157894736842105,0.0
420,1,19.0,62.0,3.263157894736842,0.18128654970760233,0.1111111111111111,0.0,0.625,0.25,0.0625,0.1875,0.7368421052631579,0.0,0.07142857142857142,0.7142857142857143,0.5869076797385621,0.39825716347883416,0.109375,0.27338541170540415,NaN,NaN,NaN,NaN,3.875,4.5,2.8872180451127822,1.2161134212906013,4.571428571428571,0.4375,0.7230457767568668,4.0,11.0,1.7007874015748032,0.7592285206093662,0.2631578947368421,0.0
421,1,19.0,65.0,3.4210526315789473,0.19005847953216373,0.1111111111111111,0.0,0.5,0.1875,0.0625,0.4375,0.7368421052631579,0.0,0.07142857142857142,0.6428571428571429,0.6576046927609427,0.13794758008559826,0.21458333333333335,0.30330738594760653,NaN,NaN,NaN,NaN,4.0625,2.5157835094989127,2.871292815371763,1.0864448488520984,4.3125,0.6875,0.6974270030702154,3.0,11.0,1.7112676056338028,0.7003645040388832,0.3157894736842105,0.0
422,1,19.0,60.0,3.1578947368421053,0.17543859649122806,0.1111111111111111,0.0,0.5625,0.125,0.0625,0.4375,0.7368421052631579,0.0,0.07142857142857142,0.5714285714285714,0.7006277648593465,0.12402435475788218,0.19479166666666664,0.2849118609649632,NaN,NaN,NaN,NaN,3.75,2.4899799195977463,2.9958542188805346,1.1412724837314858,4.444444444444445,0.6875,0.6855872735026969,4.0,11.0,1.8125,0.7382529935716363,0.21052631578947367,0.0
423,1,19.0,57.0,3.0,0.16666666666666666,0.1111111111111111,0.0,0.625,0.1875,0.0625,0.3125,0.7368421052631579,0.0,0.07142857142857142,0.5714285714285714,0.453692317444219,0.25510837387526886,0.15625,0.28686524130097507,NaN,NaN,NaN,NaN,3.5625,2.6068819177963034,2.9415485829959516,1.1950112813116773,4.333333333333334,0.5625,0.6784416847881031,4.0,10.0,1.7518796992481203,0.7007140842328868,0.3157894736842105,0.0
424,1,19.0,37.0,1.9473684210526316,0.10818713450292397,0.1111111111111111,0.2222222222222222,0.625,0.3125,0.0625,0.25,0.7368421052631579,0.0,0.07142857142857142,0.5714285714285714,0.5972222222222221,0.2421610524189263,0.16666666666666666,0.3162277660168379,NaN,NaN,NaN,NaN,2.3125,1.5370426148939398,2.9849624060150375,1.3271056498220501,4.571428571428571,0.5,0.7462499224588899,4.0,6.0,1.9431818181818181,0.9390378365732641,0.0,0.0
425,1,19.0,40.0,2.1052631578947367,0.11695906432748537,0.1111111111111111,0.05555555555555555,0.5625,0.375,0.125,0.25,0.7368421052631579,0.0,0.14285714285714285,0.5714285714285714,0.4153645833333333,0.3088648524945522,0.17708333333333334,0.3520771695712934,NaN,NaN,NaN,NaN,2.5,2.9664793948382653,2.7785714285714285,1.2972935371541592,5.25,0.4375,0.7399405597408023,5.0,7.0,1.8181818181818181,0.9559684085188822,0.0,0.0
426,1,19.0,46.0,2.4210526315789473,0.13450292397660818,0.1111111111111111,0.2222222222222222,0.5625,0.1875,0.0625,0.4375,0.7368421052631579,0.0,0.07142857142857142,0.6428571428571429,0.769552951388889,0.1507110695914399,0.23333333333333334,0.3115076837528042,NaN,NaN,NaN,NaN,2.875,1.857417562100671,2.957756232686981,1.2899538385174052,5.333333333333334,0.625,0.6555646314671293,5.0,9.0,1.9338842975206612,0.9012541002225976,0.15789473684210525,0.0
427,1,19.0,70.0,3.6842105263157894,0.2046783625730994,0.1111111111111111,0.05555555555555555,0.5625,0.25,0.0,0.375,0.7368421052631579,0.0,0.0,0.6428571428571429,0.596947995580808,0.1741602434667097,0.1625,0.23566297341126166,NaN,NaN,NaN,NaN,4.375,2.963668897386031,2.8649958228905597,1.1324590012509725,4.444444444444445,0.6875,0.6228498002463203,3.0,10.0,1.5846153846153845,0.6322669363735908,0.15789473684210525,0.0
428,1,19.0,60.0,3.1578947368421053,0.17543859649122806,0.1111111111111111,0.0,0.5625,0.25,0.0625,0.375,0.7368421052631579,0.0,0.07142857142857142,0.6428571428571429,0.5050223214285715,0.19151195184590944,0.18125,0.2897556441785619,NaN,NaN,NaN,NaN,3.75,3.8384024454626084,2.9787423103212576,1.3200918457389883,5.0,0.5,0.759263415277145,4.0,10.0,1.752,0.7896099486251057,0.3157894736842105,0.0
429,1,19.0,37.0,1.9473684210526316,0.10818713450292397,0.1111111111111111,0.05555555555555555,0.625,0.25,0.0625,0.1875,0.7368421052631579,0.0,0.07142857142857142,0.6428571428571429,0.579214015151515,0.26991206190291106,0.13541666666666666,0.30561868034820416,NaN,NaN,NaN,NaN,2.3125,1.4476993242152645,3.022100706311232,1.3077738614492491,4.727272727272727,0.5,0.6775513867559636,4.0,9.0,1.9821428571428572,0.8162995261207227,0.10526315789473684,0.0
43,1,19.0,37.0,1.9473684210526316,0.10818713450292397,0.1111111111111111,0.16666666666666666,0.5625,0.3125,0.0625,0.25,0.7368421052631579,0.0,0.07142857142857142,0.5714285714285714,0.4109375,0.2832797130634902,0.14583333333333334,0.29107081994288303,NaN,NaN,NaN,NaN,2.3125,1.7017148213885114,2.938625409678041,1.336833380403144,5.166666666666666,0.5,0.6970932462224265,4.0,7.0,1.8255813953488371,0.8144555809231425,0.10526315789473684,0.0
430,1,19.0,51.0,2.6842105263157894,0.14912280701754385,0.1111111111111111,0.0,0.625,0.25,0.0625,0.125,0.7368421052631579,0.0,0.07142857142857142,0.7142857142857143,0.48888807572209214,0.4274627277340025,0.09375,0.2719528145346787,NaN,NaN,NaN,NaN,3.1875,3.6188165653060302,2.722619784756007,1.0615967448958823,4.083333333333334,0.5,0.5611998443757389,3.0,8.0,1.5164835164835164,0.6030042815885835,0.15789473684210525,0.0
431,1,19.0,38.0,2.0,0.1111111111111111,0.1111111111111111,0.05555555555555555,0.5625,0.25,0.125,0.25,0.7368421052631579,0.0,0.14285714285714285,0.5714285714285714,0.6348039215686273,0.2842088832287741,0.1875,0.3645138822738722,NaN,NaN,NaN,NaN,2.375,1.5438048235879214,2.876624276001007,1.174394558940695,4.526315789473684,0.625,0.5675783552261124,4.0,8.0,1.8369565217391304,0.7742727734843822,0.15789473684210525,0.0
432,1,19.0,40.0,2.1052631578947367,0.11695906432748537,0.1111111111111111,0.16666666666666666,0.625,0.1875,0.0625,0.3125,0.7368421052631579,0.0,0.07142857142857142,0.6428571428571429,0.47867647058823526,0.29256573135606867,0.17083333333333334,0.30107830899642724,NaN,NaN,NaN,NaN,2.5,1.8973665961010275,3.1000771158665894,1.4597977510599343,5.333333333333334,0.625,0.7064763273701191,5.0,11.0,2.25,1.078826003681079,0.10526315789473684,0.0
433,1,19.0,75.0,3.9473684210526314,0.21929824561403508,0.1111111111111111,0.0,0.5625,0.25,0.0625,0.3125,0.7368421052631579,0.0,0.07142857142857142,0.6428571428571429,0.575345238095238,0.23473583568692602,0.18229166666666666,0.31360914279472857,NaN,NaN,NaN,NaN,4.6875,3.978588526935987,2.8507583060214636,1.1437270540425906,4.25,0.6875,0.7308181568063062,3.0,12.0,1.6283783783783783,0.6418553613045915,0.42105263157894735,0.0
434,1,19.0,56.0,2.9473684210526314,0.16374269005847952,0.1111111111111111,0.0,0.625,0.1875,0.0,0.25,0.7368421052631579,0.0,0.0,0.6428571428571429,0.38705126859404987,0.1647943067993619,0.084375,0.1630120138721888,NaN,NaN,NaN,NaN,3.5,3.4641016151377544,3.0214430684554525,1.254891327969469,5.0,0.625,0.706521062366965,4.0,9.0,1.744,0.7503117631594775,0.21052631578947367,0.0
435,1,19.0,36.0,1.894736842105263,0.10526315789473684,0.1111111111111111,0.1111111111111111,0.5625,0.3125,0.125,0.25,0.7368421052631579,0.0,0.14285714285714285,0.6428571428571429,0.248125,0.4042972297703757,0.165625,0.344827855603343,NaN,NaN,NaN,NaN,2.25,1.9493588689617927,2.943859649122807,1.3788367108183803,5.0,0.375,0.8030087193022154,4.0,8.0,1.65625,0.8398554297360605,0.0,0.0
436,1,19.0,49.0,2.5789473684210527,0.14327485380116958,0.1111111111111111,0.05555555555555555,0.5625,0.3125,0.125,0.25,0.7368421052631579,0.0,0.14285714285714285,0.6428571428571429,0.7059246112237999,0.37065334043192694,0.17708333333333331,0.3520771695712935,NaN,NaN,NaN,NaN,3.0625,2.743932700826802,2.8151940938318645,1.2332717325963127,4.411764705882353,0.5625,0.7728358966750761,4.0,10.0,1.8157894736842106,0.8044762983323259,0.3157894736842105,0.0
437,1,19.0,47.0,2.473684210526316,0.13742690058479531,0.1111111111111111,0.05555555555555555,0.625,0.3125,0.125,0.25,0.7368421052631579,0.0,0.14285714285714285,0.5714285714285714,0.6265625,0.2960020059053655,0.16875,0.3497022543059548,NaN,NaN,NaN,NaN,2.9375,2.7195281453467866,2.9803634703789506,1.344271916947817,5.0,0.5625,0.8235684491022631,4.0,9.0,1.9739130434782608,0.9028305349446126,0.15789473684210525,0.0
438,1,19.0,55.0,2.8947368421052633,0.1608187134502924,0.1111111111111111,0.0,0.5,0.1875,0.0,0.375,0.7368421052631579,0.0,0.0,0.6428571428571429,0.47865372474747475,0.217049463190501,0.13749999999999998,0.19507833184532714,NaN,NaN,NaN,NaN,3.4375,3.0977142110487423,2.9005774571564045,1.138935171155747,4.5,0.625,0.7288680406290151,4.0,9.0,1.8064516129032258,0.772256953686856,0.2631578947368421,0.0
439,1,19.0,33.0,1.736842105263158,0.09649122807017543,0.1111111111111111,0.1111111111111111,0.625,0.3125,0.125,0.25,0.7368421052631579,0.0,0.14285714285714285,0.6428571428571429,0.6851190476190475,0.3111720461867395,0.1875,0.3645138822738722,NaN,NaN,NaN,NaN,2.0625,1.6520189667999174,2.9535087719298247,1.4267135998182792,5.333333333333334,0.4375,0.7269363437134285,5.0,8.0,2.0833333333333335,0.9697169056961843,0.15789473684210525,0.0
44,1,19.0,48.0,2.526315789473684,0.14035087719298245,0.1111111111111111,0.1111111111111111,0.625,0.1875,0.0,0.3125,0.7368421052631579,0.0,0.0,0.6428571428571429,0.4413470643939394,0.13201928159100682,0.11875,0.19311050377094116,NaN,NaN,NaN,NaN,3.0,2.250925735484551,2.9148640832851362,1.2149224466019612,5.0,0.5,0.7802346208965943,4.0,8.0,1.6363636363636365,0.7064505334524231,0.2631578947368421,0.0
440,1,19.0,33.0,1.736842105263158,0.09649122807017543,0.1111111111111111,0.2777777777777778,0.5625,0.3125,0.125,0.1875,0.7368421052631579,0.0,0.14285714285714285,0.5714285714285714,0.5358072916666666,0.3691473994454804,0.15625,0.3520771695712935,NaN,NaN,NaN,NaN,2.0625,1.7308475765743594,3.0098776352646324,1.3957484627846355,5.5,0.4375,0.7543207785892243,5.0,7.0,2.05,1.0050505371763558,0.15789473684210525,0.0
441,1,19.0,68.0,3.5789473684210527,0.19883040935672514,0.1111111111111111,0.0,0.5625,0.1875,0.0625,0.375,0.7368421052631579,0.0,0.07142857142857142,0.7142857142857143,0.6296823080010453,0.27658361806526716,0.16770833333333335,0.2797133949837464,NaN,NaN,NaN,NaN,4.25,3.296462750686964,2.9027682081457824,1.1369541633209046,4.666666666666666,0.6875,0.7224883706380786,4.0,10.0,1.6141732283464567,0.6906087042980226,0.21052631578947367,0.0
442,1,19.0,78.0,4.105263157894737,0.22807017543859648,0.1111111111111111,0.0,0.5625,0.125,0.0,0.3125,0.7368421052631579,0.0,0.0,0.6428571428571429,0.5086018649669498,0.10570906659016466,0.140625,0.231178041857433,NaN,NaN,NaN,NaN,4.875,4.39507299901454,2.8750711554167063,1.0427733261549534,4.090909090909091,0.6875,0.5744407090503414,3.0,11.0,1.4728682170542635,0.5600993128991301,0.21052631578947367,0.0
443,1,19.0,50.0,2.6315789473684212,0.14619883040935672,0.1111111111111111,0.1111111111111111,0.5625,0.1875,0.0625,0.3125,0.7368421052631579,0.0,0.07142857142857142,0.5714285714285714,0.73108039892814,0.27488026510077157,0.15833333333333333,0.2886751345948128,NaN,NaN,NaN,NaN,3.125,2.187083293643233,2.937698412698413,1.1549871823385847,4.5,0.5,0.7153312680299052,3.0,8.0,1.6818181818181819,0.6626582301168665,0.10526315789473684,0.0
444,1,19.0,47.0,2.473684210526316,0.13742690058479531,0.1111111111111111,0.0,0.5625,0.3125,0.125,0.1875,0.7368421052631579,0.0,0.14285714285714285,0.6428571428571429,0.3303571428571429,0.4313662183575555,0.15,0.3464101615137754,NaN,NaN,NaN,NaN,2.9375,3.2139020935097986,2.7668546365914786,1.18124704726195,5.0,0.3125,0.7079178566271951,4.0,8.0,1.5421686746987953,0.6496003427864107,0.10526315789473684,0.0
445,1,19.0,37.0,1.9473684210526316,0.10818713450292397,0.1111111111111111,0.05555555555555555,0.5625,0.25,0.125,0.1875,0.7368421052631579,0.0,0.14285714285714285,0.5714285714285714,0.5285879629629628,0.32506495341223707,0.15625,0.3520771695712935,NaN,NaN,NaN,NaN,2.3125,1.4476993242152645,3.082581453634085,1.3931797782690194,5.0,0.4375,0.8693933461722605,5.0,10.0,2.1262135922330097,1.0066408091454315,0.0,0.0
446,1,19.0,62.0,3.263157894736842,0.18128654970760233,0.1111111111111111,0.0,0.625,0.25,0.0,0.1875,0.7368421052631579,0.0,0.0,0.5714285714285714,0.3990861973470189,0.20042291370519097,0.09374999999999999,0.21054382846263556,NaN,NaN,NaN,NaN,3.875,3.442382895611701,2.8900922177237964,1.153063505649679,4.2,0.5,0.6674548420040127,3.0,11.0,1.643939393939394,0.6316412132318988,0.3157894736842105,0.0
447,1,19.0,70.0,3.6842105263157894,0.2046783625730994,0.1111111111111111,0.0,0.5625,0.375,0.125,0.1875,0.7368421052631579,0.0,0.14285714285714285,0.6428571428571429,0.42139517278232985,0.360178369404996,0.15,0.3464101615137754,NaN,NaN,NaN,NaN,4.375,4.573474244670748,2.731918706969185,1.1771988161830722,4.5,0.5,0.7781797804880326,4.0,10.0,1.5423728813559323,0.6748734328519717,0.2631578947368421,0.0
448,1,19.0,48.0,2.526315789473684,0.14035087719298245,0.1111111111111111,0.0,0.5625,0.3125,0.0625,0.25,0.7368421052631579,0.0,0.07142857142857142,0.6428571428571429,0.5757125000000001,0.3217680569913677,0.15,0.29439202887759486,NaN,NaN,NaN,NaN,3.0,2.804757862395017,2.755026455026455,1.1541452137314512,4.5,0.5,0.6094818726450895,3.0,9.0,1.7641509433962264,0.7374587871287366,0.0,0.0
449,1,19.0,49.0,2.5789473684210527,0.14327485380116958,0.1111111111111111,0.0,0.5625,0.25,0.0625,0.25,0.7368421052631579,0.0,0.07142857142857142,0.6428571428571429,0.6354166666666665,0.3718758753491098,0.12083333333333333,0.26801741236966914,NaN,NaN,NaN,NaN,3.0625,3.604973416453072,2.983734335839599,1.342181302622543,5.5,0.5,0.8855218973517104,4.0,8.0,1.6046511627906976,0.7400964923964006,0.0,0.0
45,1,19.0,46.0,2.4210526315789473,0.13450292397660818,0.1111111111111111,0.0,0.625,0.25,0.0625,0.25,0.7368421052631579,0.0,0.07142857142857142,0.6428571428571429,0.4464447463768116,0.3055878840292706,0.140625,0.2945787167640771,NaN,NaN,NaN,NaN,2.875,2.6801741236966925,2.890724637681159,1.2248845152344128,5.166666666666666,0.5625,0.59947870183608,4.0,8.0,1.7685185185185186,0.7563621923450429,0.15789473684210525,0.0
450,1,19.0,47.0,2.473684210526316,0.13742690058479531,0.1111111111111111,0.05555555555555555,0.625,0.25,0.125,0.1875,0.7368421052631579,0.0,0.14285714285714285,0.6428571428571429,0.43012293239841787,0.3620463614523475,0.140625,0.34118360159890454,NaN,NaN,NaN,NaN,2.9375,2.322893310794392,2.960116130406989,1.312587875497494,4.846153846153847,0.625,0.7444754856876968,4.0,10.0,1.9193548387096775,0.8322442398069475,0.21052631578947367,0.0
451,1,19.0,48.0,2.526315789473684,0.14035087719298245,0.1111111111111111,0.05555555555555555,0.625,0.25,0.0625,0.1875,0.7368421052631579,0.0,0.07142857142857142,0.6428571428571429,0.5133869684978274,0.307661152971472,0.12499999999999999,0.2950204010522612,NaN,NaN,NaN,NaN,3.0,2.160246899469287,3.0144680611785875,1.3073256361736985,4.777777777777778,0.625,0.7031713070940194,4.0,9.0,1.872,0.7617467193996502,0.2631578947368421,0.0
452,1,19.0,45.0,2.3684210526315788,0.13157894736842105,0.1111111111111111,0.1111111111111111,0.625,0.25,0.0625,0.25,0.7368421052631579,0.0,0.07142857142857142,0.6428571428571429,0.48380681818181803,0.27731510480926186,0.13125,0.2798064807445794,NaN,NaN,NaN,NaN,2.8125,2.344319375284292,2.9021499828001374,1.1958140229916692,4.5,0.4375,0.751571460431144,3.0,8.0,1.868421052631579,0.758586924505518,0.2631578947368421,0.0
453,1,19.0,55.0,2.8947368421052633,0.1608187134502924,0.1111111111111111,0.0,0.5,0.3125,0.0,0.3125,0.7368421052631579,0.0,0.0,0.7142857142857143,0.42417534722222217,0.2135207899686646,0.12395833333333334,0.19794955867032835,NaN,NaN,NaN,NaN,3.4375,3.5017852589786256,2.980135128843781,1.4448621577189849,6.0,0.4375,0.8463582383611757,5.0,9.0,1.9196428571428572,1.1080247245521149,0.0,0.0
454,1,19.0,52.0,2.736842105263158,0.15204678362573099,0.1111111111111111,0.0,0.5625,0.3125,0.125,0.1875,0.7368421052631579,0.0,0.14285714285714285,0.5714285714285714,0.3167503863987635,0.3283286554181793,0.14583333333333331,0.34359213546813844,NaN,NaN,NaN,NaN,3.25,3.0876096471758427,2.8415094313263647,1.251307432808099,4.444444444444445,0.5,0.7678512891908967,4.0,10.0,1.7543859649122806,0.7591495417267456,0.3157894736842105,0.0
455,1,19.0,56.0,2.9473684210526314,0.16374269005847952,0.1111111111111111,0.0,0.625,0.1875,0.0,0.3125,0.7368421052631579,0.0,0.0,0.5714285714285714,0.46803811331775697,0.15921697816819821,0.13020833333333331,0.2085415626040366,NaN,NaN,NaN,NaN,3.5,3.5402448126271344,2.926799535603715,1.2742410397582722,5.0,0.375,0.7683972997167374,4.0,8.0,1.709090909090909,0.8166327658308378,0.2631578947368421,0.0
456,1,19.0,63.0,3.3157894736842106,0.18421052631578946,0.1111111111111111,0.0,0.5,0.25,0.125,0.375,0.7368421052631579,0.0,0.14285714285714285,0.5714285714285714,0.6492562845450679,0.3281729668915055,0.19479166666666667,0.33839045768439135,NaN,NaN,NaN,NaN,3.9375,3.473110997362451,3.0623792938227923,1.3476183998965663,4.8,0.625,0.9707466900925427,4.0,9.0,1.7073170731707317,0.7968350027398166,0.2631578947368421,0.0
457,1,19.0,61.0,3.210526315789474,0.1783625730994152,0.1111111111111111,0.0,0.5,0.25,0.0625,0.4375,0.7368421052631579,0.0,0.07142857142857142,0.7142857142857143,0.7269338348765433,0.23043370457993528,0.21458333333333332,0.30330738594760653,NaN,NaN,NaN,NaN,3.8125,3.1457643480294792,2.869078947368421,1.1633624433780212,4.333333333333334,0.6875,0.6962274779704478,4.0,9.0,1.685483870967742,0.7365811540391912,0.0,0.0
458,1,19.0,51.0,2.6842105263157894,0.14912280701754385,0.1111111111111111,0.0,0.5,0.375,0.1875,0.3125,0.7368421052631579,0.0,0.21428571428571427,0.5714285714285714,0.6093749999999999,0.3720354354444445,0.23958333333333331,0.4035433337601084,NaN,NaN,NaN,NaN,3.1875,3.1244999599935985,2.638659147869674,1.0837712331161953,4.2,0.4375,0.6713669869976254,4.0,9.0,1.6568627450980393,0.7105303839521027,0.21052631578947367,0.0
459,1,19.0,50.0,2.6315789473684212,0.14619883040935672,0.1111111111111111,0.0,0.5625,0.3125,0.125,0.375,0.7368421052631579,0.0,0.14285714285714285,0.5714285714285714,0.697022863700565,0.25310010527653287,0.24479166666666666,0.36952014679701684,NaN,NaN,NaN,NaN,3.125,3.2429410519876347,2.9451697425381638,1.4127600743356494,5.333333333333334,0.5625,0.8897615892973901,5.0,10.0,1.8545454545454545,0.9070201603654819,0.21052631578947367,0.0
46,1,19.0,39.0,2.0526315789473686,0.11403508771929824,0.1111111111111111,0.05555555555555555,0.625,0.25,0.0625,0.1875,0.7368421052631579,0.0,0.07142857142857142,0.5714285714285714,0.2964912280701754,0.3283379149531989,0.109375,0.27338541170540415,NaN,NaN,NaN,NaN,2.4375,1.8607794065928396,2.7737240829346095,1.108707974355844,4.25,0.375,0.6709643666793852,4.0,9.0,1.8064516129032258,0.7697834889862528,0.15789473684210525,0.0
460,1,19.0,49.0,2.5789473684210527,0.14327485380116958,0.1111111111111111,0.0,0.5625,0.3125,0.125,0.3125,0.7368421052631579,0.0,0.14285714285714285,0.5714285714285714,0.523186936936937,0.30881677168533095,0.18958333333333333,0.34890702359097203,NaN,NaN,NaN,NaN,3.0625,2.694902595642373,2.6980234677603097,1.0975419979534906,4.363636363636363,0.375,0.671294514486563,3.0,8.0,1.7454545454545454,0.6964703097837996,0.21052631578947367,0.0
461,1,19.0,44.0,2.3157894736842106,0.1286549707602339,0.1111111111111111,0.2222222222222222,0.5625,0.25,0.0625,0.25,0.7368421052631579,0.0,0.07142857142857142,0.6428571428571429,0.6179687499999998,0.27834962839026745,0.15,0.29439202887759486,NaN,NaN,NaN,NaN,2.75,2.3523038352503134,3.3477443609022557,1.8614308240101454,7.333333333333333,0.375,0.6897428732099392,7.0,11.0,2.5,1.5393985511100314,0.3157894736842105,0.0
462,1,19.0,54.0,2.8421052631578947,0.15789473684210525,0.1111111111111111,0.05555555555555555,0.5625,0.1875,0.0,0.3125,0.7368421052631579,0.0,0.0,0.6428571428571429,0.3997771417179312,0.2111354744020773,0.14479166666666665,0.23544431990977777,NaN,NaN,NaN,NaN,3.375,2.362907813126304,2.990882509303562,1.2486029726126924,4.681818181818182,0.6875,0.6470416100967786,4.0,11.0,1.9202898550724639,0.8376330416423852,0.3684210526315789,0.0
463,1,19.0,34.0,1.7894736842105263,0.09941520467836257,0.1111111111111111,0.16666666666666666,0.5625,0.25,0.125,0.3125,0.7368421052631579,0.0,0.14285714285714285,0.6428571428571429,0.6357638888888888,0.3139878162690904,0.19791666666666666,0.35075975739444143,NaN,NaN,NaN,NaN,2.125,1.2583057392117916,3.020927318295739,1.3734735403270197,4.833333333333334,0.6875,0.8754202822249659,4.0,5.0,2.0416666666666665,0.92811826227692,0.15789473684210525,0.0
464,1,19.0,59.0,3.1052631578947367,0.17251461988304093,0.1111111111111111,0.0,0.5625,0.25,0.0625,0.3125,0.7368421052631579,0.0,0.07142857142857142,0.5714285714285714,0.4811362044817926,0.24642819198136456,0.153125,0.286047053238915,NaN,NaN,NaN,NaN,3.6875,3.700788204333414,3.066323135424769,1.345033021184067,5.0,0.5,0.8368022874292446,5.0,10.0,1.8992248062015504,0.9424449688866956,0.2631578947368421,0.0
465,1,19.0,69.0,3.6315789473684212,0.20175438596491227,0.1111111111111111,0.0,0.6875,0.125,0.0625,0.3125,0.7368421052631579,0.0,0.07142857142857142,0.6428571428571429,0.7054790489642183,0.12437828463082384,0.15625,0.29324967241306577,NaN,NaN,NaN,NaN,4.3125,4.3927022814360335,3.175610362684666,1.3650804598682658,5.333333333333334,0.6875,0.839111764237373,5.0,10.0,1.6929133858267718,0.8499468799799499,0.3157894736842105,0.0
466,1,19.0,59.0,3.1052631578947367,0.17251461988304093,0.1111111111111111,0.0,0.5625,0.3125,0.1875,0.3125,0.7368421052631579,0.0,0.21428571428571427,0.5714285714285714,0.47042854303883713,0.34916849391880705,0.234375,0.4027897507798992,NaN,NaN,NaN,NaN,3.6875,3.628015986734347,2.8727111897390536,1.2495538694290693,4.5,0.5625,0.8160158316824622,4.0,10.0,1.6517857142857142,0.7316502564833132,0.2631578947368421,0.0
467,1,19.0,67.0,3.526315789473684,0.195906432748538,0.1111111111111111,0.0,0.5,0.1875,0.0,0.4375,0.7368421052631579,0.0,0.0,0.6428571428571429,0.45264848216108605,0.13825089801823773,0.16354166666666664,0.2076516625576664,NaN,NaN,NaN,NaN,4.1875,3.208712098854201,2.9953632989817196,1.2227816291536946,5.0,0.5,0.802338874481586,5.0,11.0,1.711111111111111,0.8091516348368852,0.21052631578947367,0.0
468,1,19.0,55.0,2.8947368421052633,0.1608187134502924,0.1111111111111111,0.0,0.625,0.3125,0.0,0.1875,0.7368421052631579,0.0,0.0,0.6428571428571429,0.3212425595238094,0.20730462789502102,0.10416666666666666,0.2266911751455907,NaN,NaN,NaN,NaN,3.4375,3.8291643997091582,2.8920739348370925,1.270291273851623,4.5,0.5625,0.8201492750690702,3.0,9.0,1.7391304347826086,0.72652690417262,0.3157894736842105,0.0
469,1,19.0,61.0,3.210526315789474,0.1783625730994152,0.1111111111111111,0.0,0.625,0.125,0.0625,0.3125,0.7368421052631579,0.0,0.07142857142857142,0.6428571428571429,0.6552177442123093,0.17492832800259667,0.15,0.2798809270624444,NaN,NaN,NaN,NaN,3.8125,3.4683089058886707,3.0255253518411416,1.1796598725704965,4.625,0.625,0.6826147192552946,4.0,10.0,1.7054263565891472,0.7115465196404261,0.3157894736842105,0.0
47,1,19.0,35.0,1.8421052631578947,0.1023391812865497,0.1111111111111111,0.05555555555555555,0.625,0.25,0.0625,0.25,0.7368421052631579,0.0,0.07142857142857142,0.6428571428571429,0.3217486213235295,0.32947599901362934,0.134375,0.2809025631780529,NaN,NaN,NaN,NaN,2.1875,1.682012683265696,2.8604465709728863,1.174760274075079,4.4,0.4375,0.5744478421946488,5.0,7.0,1.967741935483871,0.9940213988513901,0.10526315789473684,0.0
470,1,19.0,67.0,3.526315789473684,0.195906432748538,0.1111111111111111,0.0,0.5,0.1875,0.0,0.4375,0.7368421052631579,0.0,0.0,0.6428571428571429,0.6156052582683016,0.1941861937453506,0.18749999999999997,0.24814123815696992,NaN,NaN,NaN,NaN,4.1875,3.449033681095813,2.7810269293648795,1.0207646408623083,4.0,0.625,0.6254798720514153,3.0,10.0,1.593984962406015,0.6159200310272775,0.3157894736842105,0.0
471,1,19.0,53.0,2.789473684210526,0.15497076023391812,0.1111111111111111,0.0,0.5,0.3125,0.0625,0.3125,0.7368421052631579,0.0,0.07142857142857142,0.6428571428571429,0.4008110894097222,0.2676060936521635,0.15208333333333335,0.28178498501122756,NaN,NaN,NaN,NaN,3.3125,3.135150182473986,2.8429596719070402,1.2022566177586038,4.666666666666666,0.5625,0.7725126834520805,4.0,11.0,1.887218045112782,0.8497248693614309,0.3157894736842105,0.0
472,1,19.0,36.0,1.894736842105263,0.10526315789473684,0.1111111111111111,0.05555555555555555,0.5625,0.3125,0.1875,0.3125,0.7368421052631579,0.0,0.21428571428571427,0.5714285714285714,0.6926136363636364,0.29512510771044526,0.234375,0.4027897507798992,NaN,NaN,NaN,NaN,2.25,1.879716290649558,3.043363499245852,1.4761630837530557,5.5,0.375,0.714435561601436,5.0,8.0,2.148936170212766,1.0969894953331125,0.10526315789473684,0.0
473,1,19.0,53.0,2.789473684210526,0.15497076023391812,0.1111111111111111,0.0,0.5625,0.25,0.0625,0.25,0.7368421052631579,0.0,0.07142857142857142,0.7142857142857143,0.5795092680608366,0.2710926265836162,0.15,0.29439202887759486,NaN,NaN,NaN,NaN,3.3125,2.9601520231231366,2.8878324619042117,1.210582497619249,4.333333333333334,0.6875,0.696404843468794,4.0,12.0,1.822695035460993,0.7395335203767924,0.2631578947368421,0.0
474,1,19.0,56.0,2.9473684210526314,0.16374269005847952,0.1111111111111111,0.0,0.5,0.1875,0.0625,0.3125,0.7368421052631579,0.0,0.07142857142857142,0.7142857142857143,0.46197916666666666,0.2942499685326771,0.15104166666666666,0.27924957309559856,NaN,NaN,NaN,NaN,3.5,3.847076812334269,2.799561403508772,1.1667070882025694,5.0,0.75,0.6409645718652189,4.0,9.0,1.819672131147541,0.881550038356303,0.21052631578947367,0.0
475,1,19.0,68.0,3.5789473684210527,0.19883040935672514,0.1111111111111111,0.0,0.5,0.1875,0.0,0.4375,0.7368421052631579,0.0,0.0,0.6428571428571429,0.439604384271874,0.131694850611797,0.17083333333333334,0.20615528128088298,NaN,NaN,NaN,NaN,4.25,3.2145502536643185,2.72839624143972,1.0500376606081763,4.0,0.6875,0.6181268536342623,3.0,10.0,1.614814814814815,0.6227668784172055,0.3157894736842105,0.0
476,1,19.0,44.0,2.3157894736842106,0.1286549707602339,0.1111111111111111,0.05555555555555555,0.5625,0.25,0.0625,0.3125,0.7368421052631579,0.0,0.07142857142857142,0.7142857142857143,0.6672530864197531,0.31212200875838475,0.17604166666666665,0.3077979586243765,NaN,NaN,NaN,NaN,2.75,2.016597794967223,2.7306158023263287,1.0562538917501787,4.3076923076923075,0.6875,0.6327294230176137,4.0,9.0,1.7128712871287128,0.6831783612405524,0.0,0.0
477,1,19.0,43.0,2.263157894736842,0.12573099415204678,0.1111111111111111,0.05555555555555555,0.5625,0.375,0.1875,0.1875,0.7368421052631579,0.0,0.21428571428571427,0.5714285714285714,0.6247509729429207,0.35198464652284284,0.1875,0.4031128874149275,NaN,NaN,NaN,NaN,2.6875,2.151549828999242,2.953216374269006,1.3767901726610856,4.7,0.625,0.94514493451522,4.0,10.0,1.9017857142857142,0.8160531406977908,0.3157894736842105,0.0
478,1,19.0,61.0,3.210526315789474,0.1783625730994152,0.1111111111111111,0.0,0.625,0.25,0.0,0.25,0.7368421052631579,0.0,0.0,0.7142857142857143,0.4669102658186562,0.20207396872544697,0.11666666666666667,0.2260776661041756,NaN,NaN,NaN,NaN,3.8125,3.709784360309909,2.790372125516438,1.0735424066822599,4.0,0.5,0.6407224360623526,3.0,9.0,1.564102564102564,0.5928396797968609,0.15789473684210525,0.0
479,1,19.0,48.0,2.526315789473684,0.14035087719298245,0.1111111111111111,0.2222222222222222,0.5,0.25,0.0,0.375,0.7368421052631579,0.0,0.0,0.7142857142857143,0.39256365740740734,0.17166505758814785,0.14895833333333333,0.20633205438483537,NaN,NaN,NaN,NaN,3.0,1.7511900715418263,2.6465538847117793,0.9939885207804552,4.0,0.625,0.4810457474887888,3.0,6.0,1.5876288659793814,0.608149127126515,0.10526315789473684,0.0
48,1,19.0,69.0,3.6315789473684212,0.20175438596491227,0.1111111111111111,0.0,0.5,0.1875,0.0625,0.375,0.7368421052631579,0.0,0.07142857142857142,0.6428571428571429,0.4149305555555556,0.2305095335593051,0.17083333333333334,0.28037673068767865,NaN,NaN,NaN,NaN,4.3125,4.482837642981656,2.890763673890609,1.2341266622424085,5.0,0.625,0.8195147494936552,4.0,11.0,1.6793893129770991,0.8158730630201195,0.3684210526315789,0.0
480,1,19.0,66.0,3.473684210526316,0.19298245614035087,0.1111111111111111,0.0,0.5625,0.3125,0.0625,0.25,0.7368421052631579,0.0,0.07142857142857142,0.6428571428571429,0.39655000433688953,0.30158829451297214,0.16041666666666665,0.31012990109880656,NaN,NaN,NaN,NaN,4.125,3.6124783736376886,2.775745532130981,1.1424504279051662,4.25,0.5625,0.7275602737517007,3.0,10.0,1.626865671641791,0.6450696971266355,0.3157894736842105,0.0
481,1,19.0,36.0,1.894736842105263,0.10526315789473684,0.1111111111111111,0.05555555555555555,0.625,0.1875,0.125,0.25,0.7368421052631579,0.0,0.14285714285714285,0.5714285714285714,0.43125,0.3125833222251842,0.153125,0.33934679901245574,NaN,NaN,NaN,NaN,2.25,2.6457513110645907,2.9408521303258146,1.2059599578669757,4.4,0.6875,0.7017852374667974,4.0,7.0,1.9438202247191012,0.8964519781515164,0.0,0.0
482,1,19.0,48.0,2.526315789473684,0.14035087719298245,0.1111111111111111,0.05555555555555555,0.6875,0.125,0.0625,0.25,0.7368421052631579,0.0,0.07142857142857142,0.5714285714285714,0.2984849735799207,0.25767148818450225,0.13020833333333331,0.27716947282604315,NaN,NaN,NaN,NaN,3.0,3.011090610836324,3.002359346642468,1.2234995831510602,4.6,0.5,0.6496718979617646,4.0,9.0,1.8275862068965518,0.7720763880766509,0.2631578947368421,0.0
483,1,19.0,43.0,2.263157894736842,0.12573099415204678,0.1111111111111111,0.16666666666666666,0.625,0.25,0.0625,0.3125,0.7368421052631579,0.0,0.07142857142857142,0.6428571428571429,0.7088541666666667,0.2515777758761986,0.17291666666666666,0.3072503503297885,NaN,NaN,NaN,NaN,2.6875,1.9224550276491081,2.759356725146199,1.092150024351639,4.833333333333334,0.4375,0.6079649316871902,4.0,7.0,1.702127659574468,0.7006876381980032,0.0,0.0
484,1,19.0,68.0,3.5789473684210527,0.19883040935672514,0.1111111111111111,0.0,0.625,0.25,0.0625,0.25,0.7368421052631579,0.0,0.07142857142857142,0.6428571428571429,0.4257812499999999,0.2010722806129013,0.14583333333333331,0.29107081994288303,NaN,NaN,NaN,NaN,4.25,4.090639721771319,3.0996363457663767,1.4091541121120836,5.833333333333334,0.75,0.8845564620797259,5.0,11.0,1.7593984962406015,0.8716961517104528,0.3157894736842105,0.0
485,1,19.0,73.0,3.8421052631578947,0.2134502923976608,0.1111111111111111,0.0,0.625,0.1875,0.0625,0.3125,0.7368421052631579,0.0,0.07142857142857142,0.7142857142857143,0.5720529529507017,0.26073083986306467,0.15,0.2798809270624444,NaN,NaN,NaN,NaN,4.5625,3.539656292165479,2.9497425014148275,1.2028554519970767,4.333333333333334,0.5625,0.6955378950182644,4.0,11.0,1.6734693877551021,0.7324500572634552,0.42105263157894735,0.0
486,1,19.0,46.0,2.4210526315789473,0.13450292397660818,0.1111111111111111,0.0,0.625,0.1875,0.0625,0.1875,0.7368421052631579,0.0,0.07142857142857142,0.6428571428571429,0.5697302416052417,0.4107707498279262,0.10416666666666666,0.2644000896509065,NaN,NaN,NaN,NaN,2.875,3.2429410519876347,2.8059877955758963,1.1030733704456464,4.130434782608695,0.375,0.586279596311855,3.0,8.0,1.5824175824175823,0.6336128166831867,0.15789473684210525,0.0
487,1,19.0,57.0,3.0,0.16666666666666666,0.1111111111111111,0.0,0.6875,0.1875,0.0,0.25,0.7368421052631579,0.0,0.0,0.6428571428571429,0.4956847031413191,0.16032756740505313,0.10625,0.21054382846263547,NaN,NaN,NaN,NaN,3.5625,2.5289984842489197,3.024917557050521,1.2268048207409543,4.5,0.5625,0.7561521191630394,4.0,11.0,1.8758620689655172,0.7982859991246669,0.3684210526315789,0.0
488,1,19.0,61.0,3.210526315789474,0.1783625730994152,0.1111111111111111,0.0,0.5,0.125,0.0,0.5,0.7368421052631579,0.0,0.0,0.6428571428571429,0.630056423611111,0.09516777480770768,0.18333333333333335,0.20789954839350236,NaN,NaN,NaN,NaN,3.8125,2.9713913688147287,2.962107140777501,1.1316995336953726,4.444444444444445,0.75,0.6932167131551253,4.0,8.0,1.6666666666666667,0.736731200205972,0.0,0.0
489,1,19.0,68.0,3.5789473684210527,0.19883040935672514,0.1111111111111111,0.0,0.5625,0.1875,0.0,0.3125,0.7368421052631579,0.0,0.0,0.6428571428571429,0.3485243055555556,0.18248254384719464,0.11979166666666666,0.19237489922505965,NaN,NaN,NaN,NaN,4.25,4.203173404306164,2.833737845346504,1.118806163302395,4.129032258064516,0.5,0.676410466106363,3.0,10.0,1.5819672131147542,0.6783568374507153,0.3157894736842105,0.0
49,1,19.0,42.0,2.210526315789474,0.12280701754385964,0.1111111111111111,0.05555555555555555,0.625,0.3125,0.0625,0.1875,0.7368421052631579,0.0,0.07142857142857142,0.6428571428571429,0.42621917040358737,0.37479262377573264,0.11458333333333333,0.2770128356432443,NaN,NaN,NaN,NaN,2.625,3.3241540277189325,2.701127819548872,1.085568764156109,4.428571428571429,0.3125,0.6201377031087835,3.0,8.0,1.7551020408163265,0.7043491473971493,0.21052631578947367,0.0
490,1,19.0,41.0,2.1578947368421053,0.11988304093567251,0.1111111111111111,0.1111111111111111,0.5625,0.125,0.0625,0.3125,0.7368421052631579,0.0,0.07142857142857142,0.5714285714285714,0.47463348765432095,0.2588504571115388,0.15625,0.28686524130097507,NaN,NaN,NaN,NaN,2.5625,1.75,2.884649122807018,1.0492658484210606,4.5,0.625,0.6663963501764212,4.0,8.0,1.9043478260869566,0.7720320991813004,0.10526315789473684,0.0
491,1,19.0,52.0,2.736842105263158,0.15204678362573099,0.1111111111111111,0.0,0.5625,0.1875,0.0,0.3125,0.7368421052631579,0.0,0.0,0.7142857142857143,0.4397265624999999,0.2093362729351445,0.115625,0.19124046817205476,NaN,NaN,NaN,NaN,3.25,2.32379000772445,2.970233918128655,1.198841823865214,4.444444444444445,0.6875,0.6719401754817725,4.0,8.0,1.8421052631578947,0.8369661539177751,0.0,0.0
492,1,19.0,54.0,2.8421052631578947,0.15789473684210525,0.1111111111111111,0.0,0.625,0.1875,0.0625,0.25,0.7368421052631579,0.0,0.07142857142857142,0.6428571428571429,0.6237594307270232,0.2393169252741574,0.14479166666666665,0.29793851901207935,NaN,NaN,NaN,NaN,3.375,3.11715682420161,3.0944755990808623,1.3049632553470158,4.8125,0.625,0.71721065157109,4.0,10.0,1.876923076923077,0.8354118384206708,0.15789473684210525,0.0
493,1,19.0,46.0,2.4210526315789473,0.13450292397660818,0.1111111111111111,0.1111111111111111,0.5625,0.375,0.1875,0.1875,0.7368421052631579,0.0,0.21428571428571427,0.5714285714285714,0.4494260204081632,0.4198783017112842,0.1875,0.4031128874149275,NaN,NaN,NaN,NaN,2.875,2.187083293643233,2.810505430242272,1.2706948765691677,4.555555555555555,0.5,0.8259860941733439,4.0,7.0,1.7446808510638299,0.7750986092349654,0.10526315789473684,0.0
494,1,19.0,48.0,2.526315789473684,0.14035087719298245,0.1111111111111111,0.0,0.625,0.3125,0.125,0.1875,0.7368421052631579,0.0,0.14285714285714285,0.5714285714285714,0.3342913036463375,0.3219428303940046,0.14583333333333331,0.34359213546813844,NaN,NaN,NaN,NaN,3.0,2.70801280154532,2.94042946628759,1.3251464476289856,4.545454545454545,0.4375,0.8819656097068019,4.0,11.0,1.9153846153846155,0.8168251583395081,0.42105263157894735,0.0
495,1,19.0,71.0,3.736842105263158,0.20760233918128654,0.1111111111111111,0.0,0.5625,0.1875,0.0,0.25,0.7368421052631579,0.0,0.0,0.7142857142857143,0.3470073550610576,0.16293763767095243,0.08854166666666666,0.16518438070722555,NaN,NaN,NaN,NaN,4.4375,3.444198019858905,2.9400857914015806,1.1632120316874137,4.214285714285714,0.5625,0.7166762094153409,3.0,12.0,1.6620689655172414,0.6792631798006941,0.3684210526315789,0.0
496,1,19.0,39.0,2.0526315789473686,0.11403508771929824,0.1111111111111111,0.16666666666666666,0.6875,0.125,0.0,0.25,0.7368421052631579,0.0,0.0,0.5714285714285714,0.5061383928571428,0.12118826414048434,0.10416666666666666,0.20749832663314552,NaN,NaN,NaN,NaN,2.4375,1.459166428707386,3.0016290726817045,1.1722864467020968,4.833333333333334,0.6875,0.5811257341014406,4.0,7.0,1.9351851851851851,0.834682189764051,0.10526315789473684,0.0
497,1,19.0,74.0,3.8947368421052633,0.21637426900584794,0.1111111111111111,0.05555555555555555,0.625,0.25,0.0,0.25,0.7368421052631579,0.0,0.0,0.7142857142857143,0.4642674690988835,0.212784478429709,0.11354166666666665,0.21766596477681627,NaN,NaN,NaN,NaN,4.625,3.757215280851853,2.8133062074890334,1.0829628583111148,4.0,0.625,0.6333167038064564,3.0,10.0,1.4583333333333333,0.5484252985806265,0.3157894736842105,0.0
498,1,19.0,61.0,3.210526315789474,0.1783625730994152,0.1111111111111111,0.0,0.5625,0.25,0.0625,0.25,0.7368421052631579,0.0,0.07142857142857142,0.7142857142857143,0.4100763216679077,0.29520193046276355,0.128125,0.27323295921246393,NaN,NaN,NaN,NaN,3.8125,2.9033027170218864,2.840591675266598,1.180450801907921,4.5,0.625,0.6947925161801884,5.0,11.0,1.8156028368794326,0.8417909214409872,0.3684210526315789,0.0
499,1,19.0,42.0,2.210526315789474,0.12280701754385964,0.1111111111111111,0.2222222222222222,0.5625,0.1875,0.0,0.3125,0.7368421052631579,0.0,0.0,0.5714285714285714,0.3896122685185185,0.18505728366689253,0.13020833333333331,0.2085415626040366,NaN,NaN,NaN,NaN,2.625,2.0936411663256274,3.0003693444136657,1.3437686158209237,5.0,0.5625,0.7003656371340835,4.0,8.0,1.941747572815534,0.9055952729563652,0.10526315789473684,0.0
5,1,19.0,45.0,2.3684210526315788,0.13157894736842105,0.1111111111111111,0.0,0.5625,0.1875,0.0625,0.25,0.7368421052631579,0.0,0.07142857142857142,0.7142857142857143,0.5620165918163672,0.34634412232122747,0.13020833333333331,0.27716947282604315,NaN,NaN,NaN,NaN,2.8125,1.973786547054502,2.9507101086048455,1.2184509114356419,4.5,0.75,0.7692307637786473,4.0,9.0,2.0526315789473686,0.9154878602846401,0.2631578947368421,0.0
50,1,19.0,47.0,2.473684210526316,0.13742690058479531,0.1111111111111111,0.0,0.5625,0.3125,0.125,0.375,0.7368421052631579,0.0,0.14285714285714285,0.6428571428571429,0.6612215909090909,0.30699031444691854,0.24375,0.3665088044013454,NaN,NaN,NaN,NaN,2.9375,3.04343555870664,2.7025525691060497,1.1015949511553849,4.1,0.375,0.5925243577985886,3.0,7.0,1.6701030927835052,0.6880172218734801,0.10526315789473684,0.0
500,1,19.0,40.0,2.1052631578947367,0.11695906432748537,0.1111111111111111,0.1111111111111111,0.625,0.1875,0.0625,0.25,0.7368421052631579,0.0,0.07142857142857142,0.7142857142857143,0.4056332236842105,0.2653440712329773,0.13020833333333331,0.27716947282604315,NaN,NaN,NaN,NaN,2.5,1.4142135623730951,3.003474595579859,1.3135701153715422,4.833333333333334,0.625,0.7059291695422903,5.0,10.0,2.125,0.9557122091778746,0.2631578947368421,0.0
501,1,19.0,40.0,2.1052631578947367,0.11695906432748537,0.1111111111111111,0.1111111111111111,0.625,0.375,0.125,0.25,0.7368421052631579,0.0,0.14285714285714285,0.6428571428571429,0.6489211309523809,0.3626468568184461,0.19791666666666666,0.3712778234990911,NaN,NaN,NaN,NaN,2.5,2.065591117977289,2.755482456140351,1.1882072720195127,4.5,0.25,0.6756794288174427,4.0,9.0,1.7934782608695652,0.8057218929338994,0.0,0.0
502,1,19.0,61.0,3.210526315789474,0.1783625730994152,0.1111111111111111,0.0,0.5625,0.1875,0.0625,0.25,0.7368421052631579,0.0,0.07142857142857142,0.7142857142857143,0.36418064557122887,0.3266312103821479,0.128125,0.27323295921246393,NaN,NaN,NaN,NaN,3.8125,3.449033681095813,2.8079051796157057,1.0862208440347556,4.190476190476191,0.5625,0.6078889186541152,3.0,10.0,1.5775862068965518,0.6064990350035767,0.3157894736842105,0.0
503,1,19.0,68.0,3.5789473684210527,0.19883040935672514,0.1111111111111111,0.0,0.625,0.1875,0.0625,0.3125,0.7368421052631579,0.0,0.07142857142857142,0.7142857142857143,0.7065669802867381,0.2512410648012579,0.18125,0.30983119657382857,NaN,NaN,NaN,NaN,4.25,3.605551275463989,3.0170953700039576,1.3576876814185295,5.333333333333334,0.5625,0.7910631520360513,5.0,10.0,1.7230769230769232,0.8628004216969191,0.3157894736842105,0.0
504,1,19.0,60.0,3.1578947368421053,0.17543859649122806,0.1111111111111111,0.0,0.625,0.1875,0.0625,0.125,0.7368421052631579,0.0,0.07142857142857142,0.7142857142857143,0.4044650302272253,0.3621515390669872,0.0875,0.2629955639676583,NaN,NaN,NaN,NaN,3.75,3.3565855667130946,2.994205867232183,1.30585580420037,5.0,0.5,0.7913867837425884,4.0,10.0,1.6942148760330578,0.7510323473571958,0.2631578947368421,0.0
505,1,19.0,48.0,2.526315789473684,0.14035087719298245,0.1111111111111111,0.0,0.5,0.3125,0.0,0.3125,0.7368421052631579,0.0,0.0,0.6428571428571429,0.352024231678487,0.18483824050578138,0.12916666666666665,0.20253029037286874,NaN,NaN,NaN,NaN,3.0,3.0550504633038935,2.704272778720996,1.1226526031504689,4.333333333333334,0.5,0.6104018336918265,4.0,8.0,1.6597938144329898,0.7200491583065748,0.10526315789473684,0.0
506,1,19.0,39.0,2.0526315789473686,0.11403508771929824,0.1111111111111111,0.16666666666666666,0.5625,0.1875,0.0625,0.25,0.7368421052631579,0.0,0.07142857142857142,0.7142857142857143,0.41874999999999996,0.3191051942541832,0.12395833333333332,0.2692904772009422,NaN,NaN,NaN,NaN,2.4375,1.75,2.8053884711779453,1.1504465382648965,4.8,0.625,0.5175888648989718,4.0,8.0,1.9292929292929293,0.8601438566502515,0.0,0.0
507,1,19.0,47.0,2.473684210526316,0.13742690058479531,0.1111111111111111,0.1111111111111111,0.5625,0.1875,0.125,0.3125,0.7368421052631579,0.0,0.14285714285714285,0.5714285714285714,0.4009164663461538,0.3205547755242845,0.18229166666666663,0.3418613943734551,NaN,NaN,NaN,NaN,2.9375,1.8427786989579984,2.9819845666798575,1.304192056643527,4.714285714285714,0.75,0.8115605908419775,5.0,10.0,1.990990990990991,0.986227850268574,0.15789473684210525,0.0
508,1,19.0,50.0,2.6315789473684212,0.14619883040935672,0.1111111111111111,0.0,0.6875,0.1875,0.0,0.1875,0.7368421052631579,0.0,0.0,0.6428571428571429,0.40440935863874344,0.13907880968952932,0.075,0.1732050807568877,NaN,NaN,NaN,NaN,3.125,2.3909551787239063,3.2371575003876583,1.4477008507426592,5.090909090909091,0.5625,0.8523843980855881,5.0,12.0,2.1156462585034013,0.9828460685976331,0.3684210526315789,0.0
509,1,19.0,59.0,3.1052631578947367,0.17251461988304093,0.1111111111111111,0.05555555555555555,0.625,0.3125,0.0625,0.125,0.7368421052631579,0.0,0.07142857142857142,0.6428571428571429,0.33951086956521737,0.3365561108537372,0.0875,0.2629955639676583,NaN,NaN,NaN,NaN,3.6875,3.4199171529926473,2.8613180386864596,1.2504921660990171,4.555555555555555,0.5,0.6860988535064433,3.0,10.0,1.717741935483871,0.7049244193006118,0.3684210526315789,0.0
51,1,19.0,43.0,2.263157894736842,0.12573099415204678,0.1111111111111111,0.2222222222222222,0.5625,0.1875,0.0,0.25,0.7368421052631579,0.0,0.0,0.7142857142857143,0.29534313725490197,0.20933364447153135,0.08854166666666666,0.16518438070722555,NaN,NaN,NaN,NaN,2.6875,1.778341924377874,2.8646628826969387,1.1010474420523055,4.222222222222222,0.4375,0.5781733880939091,4.0,7.0,1.7244897959183674,0.7148009923452051,0.10526315789473684,0.0
510,1,19.0,43.0,2.263157894736842,0.12573099415204678,0.1111111111111111,0.05555555555555555,0.5625,0.25,0.0625,0.25,0.7368421052631579,0.0,0.07142857142857142,0.7142857142857143,0.622314453125,0.39362231678709564,0.1375,0.28722813232690136,NaN,NaN,NaN,NaN,2.6875,2.4143667216615348,2.956892230576441,1.38251460047247,5.833333333333334,0.625,0.7253075005027132,5.0,9.0,2.088235294117647,1.090943284969122,0.0,0.0
511,1,19.0,55.0,2.8947368421052633,0.1608187134502924,0.1111111111111111,0.05555555555555555,0.5625,0.3125,0.0625,0.1875,0.7368421052631579,0.0,0.07142857142857142,0.6428571428571429,0.44563008130081305,0.3748315034823249,0.109375,0.27338541170540415,NaN,NaN,NaN,NaN,3.4375,3.9491560279803246,2.7556390977443606,1.145323400041111,4.333333333333334,0.4375,0.6884720157377741,3.0,9.0,1.6542056074766356,0.7151039472971449,0.21052631578947367,0.0
512,1,19.0,59.0,3.1052631578947367,0.17251461988304093,0.1111111111111111,0.0,0.5625,0.1875,0.125,0.375,0.7368421052631579,0.0,0.14285714285714285,0.6428571428571429,0.7417557056413189,0.16371981921455747,0.21041666666666667,0.3560001560548971,NaN,NaN,NaN,NaN,3.6875,3.5349446011689256,3.11335864727206,1.3110172045595472,4.777777777777778,0.6875,0.7921351088779689,4.0,11.0,1.8857142857142857,0.831793713061967,0.3157894736842105,0.0
513,1,19.0,59.0,3.1052631578947367,0.17251461988304093,0.1111111111111111,0.05555555555555555,0.5625,0.25,0.0625,0.25,0.7368421052631579,0.0,0.07142857142857142,0.6428571428571429,0.5427911931818181,0.30408477730789896,0.15625,0.3010398644698074,NaN,NaN,NaN,NaN,3.6875,3.9109887922791766,2.968170426065163,1.258169376704762,4.833333333333334,0.5,0.7806161523324917,4.0,8.0,1.6634615384615385,0.7709605271534192,0.21052631578947367,0.0
514,1,19.0,51.0,2.6842105263157894,0.14912280701754385,0.1111111111111111,0.0,0.625,0.25,0.0625,0.25,0.7368421052631579,0.0,0.07142857142857142,0.5714285714285714,0.47978259822804314,0.3153018106001742,0.140625,0.2882237267586877,NaN,NaN,NaN,NaN,3.1875,3.166885957319377,2.892418546365915,1.2767830601794243,5.0,0.4375,0.7117906828332646,4.0,9.0,1.884297520661157,0.867852547427923,0.3157894736842105,0.0
515,1,19.0,63.0,3.3157894736842106,0.18421052631578946,0.1111111111111111,0.0,0.5625,0.25,0.0625,0.1875,0.7368421052631579,0.0,0.07142857142857142,0.5714285714285714,0.27345852017937217,0.25975020565212525,0.11458333333333333,0.2770128356432443,NaN,NaN,NaN,NaN,3.9375,3.8551913052402473,2.8630053394355457,1.2094124646689275,4.388888888888889,0.5625,0.7268282443069278,4.0,10.0,1.7045454545454546,0.7386663902507351,0.3684210526315789,0.0
516,1,19.0,47.0,2.473684210526316,0.13742690058479531,0.1111111111111111,0.0,0.5,0.25,0.0,0.3125,0.7368421052631579,0.0,0.0,0.7142857142857143,0.3507486979166667,0.19100228121232762,0.11770833333333333,0.186534551461355,NaN,NaN,NaN,NaN,2.9375,3.0869348335633306,2.8573787409700726,1.2765629251706765,5.333333333333334,0.625,0.6834602495655391,5.0,10.0,2.032258064516129,0.9953998573190048,0.21052631578947367,0.0
517,1,19.0,42.0,2.210526315789474,0.12280701754385964,0.1111111111111111,0.0,0.625,0.3125,0.0625,0.125,0.7368421052631579,0.0,0.07142857142857142,0.6428571428571429,0.2680722891566265,0.30300761691650724,0.0875,0.2629955639676583,NaN,NaN,NaN,NaN,2.625,3.364025366531392,2.985079469834461,1.3876209032656681,5.0,0.4375,0.8008070467561171,4.0,8.0,2.02,1.0247443632931144,0.10526315789473684,0.0
518,1,19.0,55.0,2.8947368421052633,0.1608187134502924,0.1111111111111111,0.0,0.625,0.25,0.0625,0.1875,0.7368421052631579,0.0,0.07142857142857142,0.5714285714285714,0.32752418851435705,0.25578946124701807,0.109375,0.27338541170540415,NaN,NaN,NaN,NaN,3.4375,3.2035136959282693,2.954461152882206,1.2312243537163876,4.571428571428571,0.5625,0.7677240601673984,4.0,10.0,1.7079646017699115,0.7639350188474748,0.2631578947368421,0.0
519,1,19.0,43.0,2.263157894736842,0.12573099415204678,0.1111111111111111,0.1111111111111111,0.5625,0.25,0.0,0.25,0.7368421052631579,0.0,0.0,0.5714285714285714,0.23518415178571433,0.18643644385591968,0.09895833333333333,0.18563891174954555,NaN,NaN,NaN,NaN,2.6875,2.056493779875511,2.665172546751494,1.0006230350950387,4.0,0.625,0.49702526045923046,3.0,6.0,1.5542168674698795,0.5896053257899082,0.0,0.0
52,1,19.0,54.0,2.8421052631578947,0.15789473684210525,0.1111111111111111,0.0,0.5625,0.25,0.0625,0.3125,0.7368421052631579,0.0,0.07142857142857142,0.6428571428571429,0.3265151515151515,0.3150140833900522,0.16562499999999997,0.29879193491520206,NaN,NaN,NaN,NaN,3.375,2.9410882339705484,2.9024265208475732,1.2076293043963726,4.333333333333334,0.5625,0.6697103892990615,4.0,9.0,1.7181818181818183,0.7796943435675031,0.10526315789473684,0.0
520,1,19.0,58.0,3.0526315789473686,0.1695906432748538,0.1111111111111111,0.05555555555555555,0.5,0.1875,0.0625,0.375,0.7368421052631579,0.0,0.07142857142857142,0.5714285714285714,0.570538838704427,0.18919661866888834,0.19270833333333331,0.2977053446316042,NaN,NaN,NaN,NaN,3.625,2.5527762664727724,2.88084025854109,1.1224333207603858,4.333333333333334,0.375,0.7627907171766192,5.0,11.0,1.7619047619047619,0.8618916073713346,0.2631578947368421,0.0
521,1,19.0,54.0,2.8421052631578947,0.15789473684210525,0.1111111111111111,0.0,0.625,0.3125,0.0625,0.25,0.7368421052631579,0.0,0.07142857142857142,0.7142857142857143,0.4955333769633508,0.30186308464939043,0.15,0.29439202887759486,NaN,NaN,NaN,NaN,3.375,3.593976442141304,2.7722937458736356,1.1410570627654504,4.571428571428571,0.5,0.6595330007670481,3.0,9.0,1.7557251908396947,0.680402630273882,0.2631578947368421,0.0
522,1,19.0,52.0,2.736842105263158,0.15204678362573099,0.1111111111111111,0.0,0.625,0.1875,0.0625,0.3125,0.7368421052631579,0.0,0.07142857142857142,0.7142857142857143,0.7153434684684684,0.2044852201322869,0.16666666666666666,0.2918650119236377,NaN,NaN,NaN,NaN,3.25,3.2145502536643185,2.9590382205513786,1.197029578090777,4.357142857142858,0.5625,0.7002411041146592,4.0,9.0,1.75,0.753370803500884,0.2631578947368421,0.0
523,1,19.0,52.0,2.736842105263158,0.15204678362573099,0.1111111111111111,0.0,0.5625,0.1875,0.0625,0.3125,0.7368421052631579,0.0,0.07142857142857142,0.6428571428571429,0.621968138171842,0.26698683286693375,0.16875,0.3044043972038463,NaN,NaN,NaN,NaN,3.25,3.296462750686964,2.9917153996101367,1.2330658097288163,4.666666666666666,0.6875,0.7327066086497201,4.0,10.0,1.8099173553719008,0.7886068896771579,0.21052631578947367,0.0
524,1,19.0,32.0,1.6842105263157894,0.0935672514619883,0.1111111111111111,0.2222222222222222,0.5625,0.25,0.125,0.1875,0.7368421052631579,0.0,0.14285714285714285,0.6428571428571429,0.528125,0.450831279518838,0.15,0.3464101615137754,NaN,NaN,NaN,NaN,2.0,1.3165611772087666,2.729824561403509,1.10094766904722,4.5,0.5,0.6154221312575435,3.0,5.0,1.5833333333333333,0.6454972243679028,0.0,0.0
525,1,19.0,52.0,2.736842105263158,0.15204678362573099,0.1111111111111111,0.1111111111111111,0.5,0.1875,0.0625,0.5,0.7368421052631579,0.0,0.07142857142857142,0.6428571428571429,0.6384578544061302,0.13015843287884446,0.21458333333333335,0.28276904592499746,NaN,NaN,NaN,NaN,3.25,1.8439088914585775,2.9930094844955533,1.2607140340388494,5.0,0.6875,0.7432716952507352,5.0,11.0,2.0615384615384613,1.047358035773054,0.10526315789473684,0.0
526,1,19.0,62.0,3.263157894736842,0.18128654970760233,0.1111111111111111,0.0,0.5625,0.1875,0.0625,0.3125,0.7368421052631579,0.0,0.07142857142857142,0.6428571428571429,0.5580951875354683,0.1882062169700129,0.16666666666666666,0.3027650354097491,NaN,NaN,NaN,NaN,3.875,2.473189573539939,2.909472209936606,1.1319485082765928,4.35,0.4375,0.6856427466046308,3.0,11.0,1.7013888888888888,0.6377392446849608,0.3684210526315789,0.0
527,1,19.0,33.0,1.736842105263158,0.09649122807017543,0.1111111111111111,0.3333333333333333,0.5625,0.375,0.0625,0.375,0.7368421052631579,0.0,0.07142857142857142,0.5714285714285714,0.6828703703703703,0.23073651857452315,0.23958333333333331,0.338672517447274,NaN,NaN,NaN,NaN,2.0625,0.9287087810503355,2.9321637426900584,1.4760032729249204,5.5,0.375,0.5338679279179532,4.0,7.0,2.0625,1.0230724388770687,0.10526315789473684,0.0
528,1,19.0,49.0,2.5789473684210527,0.14327485380116958,0.1111111111111111,0.05555555555555555,0.5625,0.4375,0.1875,0.1875,0.7368421052631579,0.0,0.21428571428571427,0.5714285714285714,0.5622050071824338,0.4145874605549571,0.1875,0.4031128874149275,NaN,NaN,NaN,NaN,3.0625,3.75,2.8050025425883547,1.3156470042696522,4.666666666666666,0.4375,0.9559041535935935,4.0,10.0,1.7818181818181817,0.7826304526112321,0.3157894736842105,0.0
529,1,19.0,78.0,4.105263157894737,0.22807017543859648,0.1111111111111111,0.0,0.625,0.1875,0.0625,0.3125,0.7368421052631579,0.0,0.07142857142857142,0.6428571428571429,0.6457015487530594,0.23111809229910157,0.16145833333333331,0.2957550757211358,NaN,NaN,NaN,NaN,4.875,4.064070209367287,2.905265000737137,1.1579937079249703,4.285714285714286,0.6875,0.6830351937758891,3.0,10.0,1.5407407407407407,0.6320183608111652,0.2631578947368421,0.0
53,1,19.0,51.0,2.6842105263157894,0.14912280701754385,0.1111111111111111,0.0,0.5625,0.25,0.0625,0.3125,0.7368421052631579,0.0,0.07142857142857142,0.6428571428571429,0.4984375,0.30025184163891555,0.165625,0.29252848864113495,NaN,NaN,NaN,NaN,3.1875,2.9033027170218864,2.935812356979405,1.33996940270083,5.5,0.625,0.8879736080711579,5.0,11.0,1.8709677419354838,0.8455309770181685,0.3684210526315789,0.0
530,1,19.0,49.0,2.5789473684210527,0.14327485380116958,0.1111111111111111,0.0,0.5625,0.25,0.0,0.1875,0.7368421052631579,0.0,0.0,0.6428571428571429,0.2468863224637681,0.194220576773408,0.07708333333333334,0.1685312368013057,NaN,NaN,NaN,NaN,3.0625,3.193091500933434,2.6946336429308566,1.0209758800595656,4.033333333333333,0.625,0.5390522142978592,3.0,7.0,1.6063829787234043,0.6593917873082182,0.10526315789473684,0.0
531,1,19.0,63.0,3.3157894736842106,0.18421052631578946,0.1111111111111111,0.0,0.625,0.125,0.0625,0.25,0.7368421052631579,0.0,0.07142857142857142,0.7142857142857143,0.3777538066694226,0.26091477831890886,0.11458333333333333,0.26153924710792026,NaN,NaN,NaN,NaN,3.9375,3.06526235962492,3.0600895621406456,1.3046968412435467,4.857142857142858,0.6875,0.7565618693903242,5.0,11.0,1.8308823529411764,0.8907354186606957,0.3684210526315789,0.0
532,1,19.0,35.0,1.8421052631578947,0.1023391812865497,0.1111111111111111,0.1111111111111111,0.5625,0.3125,0.0,0.1875,0.7368421052631579,0.0,0.0,0.7142857142857143,0.2552849264705882,0.20048496183361098,0.06770833333333333,0.15280934017410208,NaN,NaN,NaN,NaN,2.1875,1.6418993066973788,2.8584179747614646,1.2307434878615897,4.666666666666666,0.5,0.5833632103241834,4.0,8.0,1.9565217391304348,0.8505078441312639,0.10526315789473684,0.0
533,1,19.0,60.0,3.1578947368421053,0.17543859649122806,0.1111111111111111,0.0,0.5625,0.25,0.0625,0.25,0.7368421052631579,0.0,0.07142857142857142,0.7142857142857143,0.6329399636775038,0.33228879313230675,0.15625,0.3071297831596664,NaN,NaN,NaN,NaN,3.75,3.3166247903554,2.973383458646617,1.3396227032331938,4.68,0.6875,0.816705967455783,4.0,11.0,1.8623188405797102,0.8559966998495907,0.3684210526315789,0.0
534,1,19.0,51.0,2.6842105263157894,0.14912280701754385,0.1111111111111111,0.05555555555555555,0.625,0.125,0.0625,0.3125,0.7368421052631579,0.0,0.07142857142857142,0.7142857142857143,0.7868055555555554,0.18988104836601774,0.15833333333333335,0.2950204010522611,NaN,NaN,NaN,NaN,3.1875,2.372586492979058,2.9287638800104174,1.1094815529908608,4.166666666666666,0.625,0.6254944062455111,3.0,7.0,1.7075471698113207,0.6896097051034492,0.10526315789473684,0.0
535,1,19.0,38.0,2.0,0.1111111111111111,0.1111111111111111,0.1111111111111111,0.5625,0.1875,0.0625,0.3125,0.7368421052631579,0.0,0.07142857142857142,0.6428571428571429,0.613,0.34122438461873766,0.18125,0.30983119657382857,NaN,NaN,NaN,NaN,2.375,1.6683325008322931,2.7811612364243943,1.0994547259513774,4.444444444444445,0.4375,0.5689414356284253,4.0,8.0,1.9278350515463918,0.8569254960858176,0.0,0.0
536,1,19.0,44.0,2.3157894736842106,0.1286549707602339,0.1111111111111111,0.05555555555555555,0.625,0.25,0.0,0.3125,0.7368421052631579,0.0,0.0,0.6428571428571429,0.39735032362459544,0.18342199713645307,0.14583333333333334,0.22669117514559078,NaN,NaN,NaN,NaN,2.75,1.7701224063135672,2.899893673577884,1.2409262042097595,4.666666666666666,0.5,0.6792180287422468,5.0,10.0,2.0703125,0.948962083243093,0.3157894736842105,0.0
537,1,19.0,55.0,2.8947368421052633,0.1608187134502924,0.1111111111111111,0.05555555555555555,0.5,0.25,0.0625,0.375,0.7368421052631579,0.0,0.07142857142857142,0.7142857142857143,0.5403506944444445,0.2838031918054397,0.18645833333333334,0.29181543824821876,NaN,NaN,NaN,NaN,3.4375,2.827690459249975,2.7971505561288845,1.1678438171868315,4.333333333333334,0.75,0.6871583539894597,4.0,9.0,1.7258064516129032,0.7472302208053871,0.15789473684210525,0.0
538,1,19.0,43.0,2.263157894736842,0.12573099415204678,0.1111111111111111,0.05555555555555555,0.5,0.3125,0.0625,0.3125,0.7368421052631579,0.0,0.07142857142857142,0.5714285714285714,0.3902243589743589,0.3436199287601178,0.17708333333333331,0.3071297831596664,NaN,NaN,NaN,NaN,2.6875,2.358495283014151,2.6616541353383463,1.1331315387510832,4.833333333333334,0.5,0.6589872675492171,4.0,8.0,1.7011494252873562,0.7488742330640975,0.10526315789473684,0.0
539,1,19.0,50.0,2.6315789473684212,0.14619883040935672,0.1111111111111111,0.05555555555555555,0.5,0.1875,0.0625,0.3125,0.7368421052631579,0.0,0.07142857142857142,0.6428571428571429,0.4315494095365418,0.29178704080927387,0.18125,0.30983119657382857,NaN,NaN,NaN,NaN,3.125,2.0615528128088303,2.877923976608187,1.2503704779119618,5.166666666666666,0.75,0.7138094002703634,5.0,10.0,1.9024390243902438,0.9091036311857442,0.2631578947368421,0.0
54,1,19.0,56.0,2.9473684210526314,0.16374269005847952,0.1111111111111111,0.1111111111111111,0.625,0.3125,0.0625,0.125,0.7368421052631579,0.0,0.07142857142857142,0.5714285714285714,0.11490633074935401,0.24995091138168826,0.08333333333333333,0.2581988897471611,NaN,NaN,NaN,NaN,3.5,2.6583202716502514,2.955952380952381,1.312054373112843,4.571428571428571,0.5625,0.821652251011347,3.0,11.0,1.6923076923076923,0.7005113706224566,0.3684210526315789,0.0
540,1,19.0,56.0,2.9473684210526314,0.16374269005847952,0.1111111111111111,0.0,0.5,0.1875,0.125,0.25,0.7368421052631579,0.0,0.14285714285714285,0.6428571428571429,0.5929314329738058,0.3486945053135471,0.17083333333333334,0.3468108674447468,NaN,NaN,NaN,NaN,3.5,2.756809750418044,2.908362818811735,1.2324200879505756,4.714285714285714,0.625,0.7446844578496328,4.0,11.0,1.8088235294117647,0.7747372876812807,0.3684210526315789,0.0
541,1,19.0,65.0,3.4210526315789473,0.19005847953216373,0.1111111111111111,0.0,0.5625,0.3125,0.0625,0.3125,0.7368421052631579,0.0,0.07142857142857142,0.6428571428571429,0.6020255094638632,0.2866745276835468,0.17291666666666666,0.3072503503297885,NaN,NaN,NaN,NaN,4.0625,3.7677358364584603,2.872700691121744,1.2221340841796071,4.666666666666666,0.5,0.7958388697373893,4.0,10.0,1.6890756302521008,0.8310489508075746,0.2631578947368421,0.0
542,1,19.0,44.0,2.3157894736842106,0.1286549707602339,0.1111111111111111,0.0,0.5625,0.3125,0.0625,0.3125,0.7368421052631579,0.0,0.07142857142857142,0.6428571428571429,0.48773871527777773,0.2699218017198539,0.15833333333333335,0.2886751345948128,NaN,NaN,NaN,NaN,2.75,3.0876096471758427,2.6504385964912283,1.0245387161531212,4.066666666666666,0.375,0.5926174939925808,3.0,6.0,1.6144578313253013,0.6777172102747255,0.0,0.0
543,1,19.0,73.0,3.8421052631578947,0.2134502923976608,0.1111111111111111,0.0,0.5,0.3125,0.125,0.3125,0.7368421052631579,0.0,0.14285714285714285,0.6428571428571429,0.5171650243515687,0.3288109776052311,0.19166666666666665,0.3458751648060751,NaN,NaN,NaN,NaN,4.5625,4.257835913544188,2.7262265465151714,1.1499783991350196,4.25,0.5,0.7684032319074721,3.0,10.0,1.532258064516129,0.6303371645328755,0.3157894736842105,0.0
544,1,19.0,58.0,3.0526315789473686,0.1695906432748538,0.1111111111111111,0.05555555555555555,0.5625,0.125,0.0,0.375,0.7368421052631579,0.0,0.0,0.6428571428571429,0.4181535859674329,0.15529445271214085,0.13749999999999998,0.19507833184532714,NaN,NaN,NaN,NaN,3.625,2.362907813126304,2.790336434246325,1.0358921799614795,4.0,0.5625,0.6369221830990229,4.0,9.0,1.7107438016528926,0.7122501495135635,0.21052631578947367,0.0
545,1,19.0,55.0,2.8947368421052633,0.1608187134502924,0.1111111111111111,0.0,0.5625,0.3125,0.0625,0.1875,0.7368421052631579,0.0,0.07142857142857142,0.7142857142857143,0.4002375296912114,0.38800349641757825,0.125,0.28867513459481287,NaN,NaN,NaN,NaN,3.4375,3.966001344763598,2.6064454239045896,1.00704617529029,3.931034482758621,0.5,0.632342110778258,3.0,8.0,1.5714285714285714,0.6333236937766509,0.21052631578947367,0.0
546,1,19.0,62.0,3.263157894736842,0.18128654970760233,0.1111111111111111,0.0,0.625,0.1875,0.0625,0.3125,0.7368421052631579,0.0,0.07142857142857142,0.5714285714285714,0.6161732922335601,0.15447611107757153,0.16145833333333331,0.2894259164468709,NaN,NaN,NaN,NaN,3.875,3.383784863137726,2.956952759119942,1.1925566079021552,4.333333333333334,0.625,0.606615862108516,3.0,10.0,1.6911764705882353,0.6832894932533456,0.21052631578947367,0.0
547,1,19.0,49.0,2.5789473684210527,0.14327485380116958,0.1111111111111111,0.05555555555555555,0.5625,0.3125,0.125,0.3125,0.7368421052631579,0.0,0.14285714285714285,0.5714285714285714,0.627733566252588,0.28151350204863723,0.21041666666666667,0.36751795118666575,NaN,NaN,NaN,NaN,3.0625,2.8158776015066183,3.0522576688951704,1.4548959687120897,6.0,0.375,0.799134938890873,5.0,10.0,2.0,1.0294799948658837,0.10526315789473684,0.0
548,1,19.0,62.0,3.263157894736842,0.18128654970760233,0.1111111111111111,0.0,0.5625,0.1875,0.0625,0.3125,0.7368421052631579,0.0,0.07142857142857142,0.7142857142857143,0.5329427083333333,0.2578464915431695,0.140625,0.2715503329648729,NaN,NaN,NaN,NaN,3.875,3.0304015135511886,2.9602474655106237,1.1954459391723067,4.833333333333334,0.75,0.7146318581974908,4.0,9.0,1.786764705882353,0.7926335684641478,0.2631578947368421,0.0
549,1,19.0,47.0,2.473684210526316,0.13742690058479531,0.1111111111111111,0.05555555555555555,0.5625,0.3125,0.0625,0.1875,0.7368421052631579,0.0,0.07142857142857142,0.6428571428571429,0.3251953125,0.25055644634546165,0.109375,0.27338541170540415,NaN,NaN,NaN,NaN,2.9375,2.6700499371110396,3.197539096610304,1.6449130900557636,6.666666666666667,0.5,1.0338751997458262,6.0,10.0,2.076923076923077,1.2187744420455962,0.10526315789473684,0.0
55,1,19.0,37.0,1.9473684210526316,0.10818713450292397,0.1111111111111111,0.2222222222222222,0.625,0.25,0.0625,0.125,0.7368421052631579,0.0,0.07142857142857142,0.5714285714285714,0.26718749999999997,0.27639325094268613,0.09375,0.2719528145346787,NaN,NaN,NaN,NaN,2.3125,2.1203380233664,3.173820915926179,1.6214634766138727,6.5,0.5625,0.933496147912944,6.0,9.0,2.1770833333333335,1.1964402610434064,0.15789473684210525,0.0
550,1,19.0,44.0,2.3157894736842106,0.1286549707602339,0.1111111111111111,0.0,0.5625,0.1875,0.0625,0.3125,0.7368421052631579,0.0,0.07142857142857142,0.6428571428571429,0.45991847826086957,0.27952131479357806,0.14583333333333331,0.27638539919628335,NaN,NaN,NaN,NaN,2.75,3.1091263510296048,2.8830529402685596,1.2113108393493977,4.666666666666666,0.6875,0.6449766314148632,4.0,9.0,1.9469026548672566,0.9047563599093736,0.10526315789473684,0.0
551,1,19.0,65.0,3.4210526315789473,0.19005847953216373,0.1111111111111111,0.0,0.625,0.1875,0.0625,0.25,0.7368421052631579,0.0,0.07142857142857142,0.5714285714285714,0.4458582261029411,0.23233385384017166,0.11145833333333333,0.2601081505835602,NaN,NaN,NaN,NaN,4.0625,4.20267771783657,3.091495630969315,1.2683812457314991,4.666666666666666,0.625,0.7754338549723003,4.0,12.0,1.7702702702702702,0.7745491960290929,0.2631578947368421,0.0
552,1,19.0,59.0,3.1052631578947367,0.17251461988304093,0.1111111111111111,0.0,0.625,0.1875,0.0,0.1875,0.7368421052631579,0.0,0.0,0.6428571428571429,0.2033567844677138,0.17465487483308578,0.0625,0.14433756729740643,NaN,NaN,NaN,NaN,3.6875,3.609593698280551,2.8657181491277597,1.1588889124278041,4.454545454545455,0.5,0.6454553393404909,3.0,9.0,1.6521739130434783,0.6888011229903733,0.21052631578947367,0.0
553,1,19.0,53.0,2.789473684210526,0.15497076023391812,0.1111111111111111,0.0,0.5625,0.3125,0.0,0.1875,0.7368421052631579,0.0,0.0,0.7142857142857143,0.2178084415584416,0.19840678666255215,0.07708333333333334,0.1685312368013057,NaN,NaN,NaN,NaN,3.3125,3.3410327744576227,2.8607970976392028,1.2426776537235877,4.666666666666666,0.5625,0.7138066616435522,4.0,10.0,1.8928571428571428,0.8196896111222259,0.3684210526315789,0.0
554,1,19.0,57.0,3.0,0.16666666666666666,0.1111111111111111,0.0,0.5,0.3125,0.125,0.375,0.7368421052631579,0.0,0.14285714285714285,0.6428571428571429,0.6245199770533847,0.2542321466288352,0.24375,0.3665088044013454,NaN,NaN,NaN,NaN,3.5625,2.5811818998280613,2.7354872983676226,1.1140286659927343,4.333333333333334,0.6875,0.6397341022409772,4.0,10.0,1.7686567164179106,0.7747342896866024,0.3157894736842105,0.0
555,1,19.0,55.0,2.8947368421052633,0.1608187134502924,0.1111111111111111,0.05555555555555555,0.5625,0.4375,0.1875,0.25,0.7368421052631579,0.0,0.21428571428571427,0.5714285714285714,0.6191361961451247,0.40159299553884137,0.21875,0.40697051490249264,NaN,NaN,NaN,NaN,3.4375,3.8291643997091582,2.6057758031442244,1.0846236524934576,4.0,0.1875,0.7281801764364284,3.0,7.0,1.511111111111111,0.6403026749947973,0.21052631578947367,0.0
556,1,19.0,49.0,2.5789473684210527,0.14327485380116958,0.1111111111111111,0.0,0.625,0.125,0.0625,0.3125,0.7368421052631579,0.0,0.07142857142857142,0.5714285714285714,0.5839016693811074,0.24123919543257624,0.14270833333333333,0.275410047827679,NaN,NaN,NaN,NaN,3.0625,2.79210195611359,3.151545530492899,1.3099200264704918,5.0,0.6875,0.7229846548298999,4.0,10.0,2.057142857142857,0.9038003581315314,0.21052631578947367,0.0
557,1,19.0,42.0,2.210526315789474,0.12280701754385964,0.1111111111111111,0.1111111111111111,0.625,0.1875,0.0,0.1875,0.7368421052631579,0.0,0.0,0.7142857142857143,0.4100446428571428,0.19849108074780678,0.07708333333333334,0.1685312368013057,NaN,NaN,NaN,NaN,2.625,2.0289570391377603,3.1810595328901967,1.4304682213010909,5.086956521739131,0.5,0.7257214829055054,4.0,11.0,2.1,0.9821944218702026,0.10526315789473684,0.0
558,1,19.0,42.0,2.210526315789474,0.12280701754385964,0.1111111111111111,0.0,0.5,0.3125,0.125,0.25,0.7368421052631579,0.0,0.14285714285714285,0.6428571428571429,0.4777777777777778,0.376861634234668,0.17083333333333334,0.3468108674447468,NaN,NaN,NaN,NaN,2.625,3.052321520853704,2.570426065162907,0.99214930288863,4.333333333333334,0.5625,0.5026933183287889,4.0,6.0,1.6385542168674698,0.7254655906686385,0.0,0.0
559,1,19.0,49.0,2.5789473684210527,0.14327485380116958,0.1111111111111111,0.0,0.625,0.125,0.0,0.3125,0.7368421052631579,0.0,0.0,0.6428571428571429,0.5140218676122932,0.10182420216613326,0.12708333333333333,0.20699570580623705,NaN,NaN,NaN,NaN,3.0625,3.06526235962492,3.0247284878863825,1.1580407114875686,4.428571428571429,0.375,0.6156951994010635,4.0,8.0,1.8035714285714286,0.803587515926483,0.10526315789473684,0.0
56,1,19.0,57.0,3.0,0.16666666666666666,0.1111111111111111,0.0,0.5,0.1875,0.0,0.4375,0.7368421052631579,0.0,0.0,0.7142857142857143,0.4555322966507177,0.1368556172994615,0.15520833333333334,0.1954784017623317,NaN,NaN,NaN,NaN,3.5625,3.0324632451743474,2.819346790399422,1.1028384081972702,4.333333333333334,0.6875,0.6081643131714936,4.0,9.0,1.7235772357723578,0.7276822965576695,0.15789473684210525,0.0
560,1,19.0,48.0,2.526315789473684,0.14035087719298245,0.1111111111111111,0.0,0.5625,0.25,0.0625,0.25,0.7368421052631579,0.0,0.07142857142857142,0.7142857142857143,0.42594086021505373,0.36722497672130205,0.128125,0.27323295921246393,NaN,NaN,NaN,NaN,3.0,3.0550504633038935,2.7806390977443614,1.1198117284659166,4.333333333333334,0.5625,0.6107672358518054,4.0,9.0,1.8275862068965518,0.8158842849429028,0.21052631578947367,0.0
561,1,19.0,52.0,2.736842105263158,0.15204678362573099,0.1111111111111111,0.1111111111111111,0.5625,0.125,0.0,0.25,0.7368421052631579,0.0,0.0,0.7142857142857143,0.36421401515151514,0.18403182252660089,0.09270833333333334,0.1724516840547906,NaN,NaN,NaN,NaN,3.25,2.516611478423583,3.1707308042834357,1.316946684319719,5.0,0.625,0.6862649057499577,5.0,11.0,1.8888888888888888,0.8964126034118192,0.15789473684210525,0.0
562,1,19.0,39.0,2.0526315789473686,0.11403508771929824,0.1111111111111111,0.05555555555555555,0.625,0.3125,0.0625,0.1875,0.7368421052631579,0.0,0.07142857142857142,0.5714285714285714,0.20982879537953797,0.2577385230549061,0.11458333333333333,0.2770128356432443,NaN,NaN,NaN,NaN,2.4375,2.0320351046836436,2.7779676463886993,1.1504775393503266,4.333333333333334,0.4375,0.6662295750088406,5.0,9.0,1.9320388349514563,0.8661627787323664,0.15789473684210525,0.0
563,1,19.0,50.0,2.6315789473684212,0.14619883040935672,0.1111111111111111,0.05555555555555555,0.5,0.25,0.125,0.3125,0.7368421052631579,0.0,0.14285714285714285,0.6428571428571429,0.49600988700564963,0.3203331227854042,0.18645833333333334,0.3442231592053813,NaN,NaN,NaN,NaN,3.125,2.3345235059857505,2.9220893141945776,1.2854688598806483,4.636363636363637,0.75,0.8478409872648808,4.0,11.0,1.900763358778626,0.830708333819917,0.3157894736842105,0.0
564,1,19.0,52.0,2.736842105263158,0.15204678362573099,0.1111111111111111,0.05555555555555555,0.5625,0.25,0.0625,0.3125,0.7368421052631579,0.0,0.07142857142857142,0.7142857142857143,0.5538558813443072,0.2539548167008972,0.15520833333333334,0.2826277980351936,NaN,NaN,NaN,NaN,3.25,2.2949219304078006,2.9745589463855717,1.3410545587902796,4.888888888888889,0.6875,0.6881375301572821,4.0,10.0,1.8333333333333333,0.8130586853175533,0.2631578947368421,0.0
565,1,19.0,51.0,2.6842105263157894,0.14912280701754385,0.1111111111111111,0.0,0.625,0.3125,0.125,0.1875,0.7368421052631579,0.0,0.14285714285714285,0.5714285714285714,0.41536458333333326,0.3127747634673185,0.1375,0.3403429642777023,NaN,NaN,NaN,NaN,3.1875,4.0202611855450385,2.9803819894564,1.330921711924159,4.833333333333334,0.5625,0.8704754560572872,4.0,9.0,1.8671875,0.7874117248361551,0.2631578947368421,0.0
566,1,19.0,56.0,2.9473684210526314,0.16374269005847952,0.1111111111111111,0.0,0.625,0.25,0.0625,0.1875,0.7368421052631579,0.0,0.07142857142857142,0.6428571428571429,0.4837146253769427,0.35354302511553415,0.11458333333333333,0.2770128356432443,NaN,NaN,NaN,NaN,3.5,3.559026084010437,2.801710083289031,1.1375314090412554,4.4,0.5,0.698126876275844,4.0,10.0,1.6974789915966386,0.707761113686272,0.2631578947368421,0.0
567,1,19.0,45.0,2.3684210526315788,0.13157894736842105,0.1111111111111111,0.05555555555555555,0.5625,0.375,0.1875,0.375,0.7368421052631579,0.0,0.21428571428571427,0.5714285714285714,0.7001129518072289,0.3439471864133512,0.265625,0.4027897507798992,NaN,NaN,NaN,NaN,2.8125,3.1244999599935985,2.6243107769423557,1.0566218444595354,4.0,0.25,0.6867143380970072,4.0,7.0,1.617283950617284,0.7675920341328442,0.21052631578947367,0.0
568,1,19.0,71.0,3.736842105263158,0.20760233918128654,0.1111111111111111,0.05555555555555555,0.625,0.25,0.0,0.3125,0.7368421052631579,0.0,0.0,0.5714285714285714,0.5391995614035087,0.17254721728405092,0.140625,0.2230237281845439,NaN,NaN,NaN,NaN,4.4375,4.456736474147871,2.9917543859649123,1.297855005512801,4.55,0.5625,0.7956460184220723,4.0,10.0,1.5309734513274336,0.708000157134983,0.3157894736842105,0.0
569,1,19.0,65.0,3.4210526315789473,0.19005847953216373,0.1111111111111111,0.0,0.5625,0.25,0.125,0.3125,0.7368421052631579,0.0,0.14285714285714285,0.6428571428571429,0.5928424873737372,0.30055186206549683,0.17395833333333335,0.33955137886465564,NaN,NaN,NaN,NaN,4.0625,3.8724453944934245,3.0884122069880586,1.387701727128353,5.333333333333334,0.6875,0.8893971197240086,5.0,10.0,1.7851239669421488,0.9416883027329861,0.10526315789473684,0.0
57,1,19.0,54.0,2.8421052631578947,0.15789473684210525,0.1111111111111111,0.05555555555555555,0.5625,0.25,0.0625,0.3125,0.7368421052631579,0.0,0.07142857142857142,0.7142857142857143,0.5401392845837291,0.3012890826983492,0.16041666666666665,0.28524680671436226,NaN,NaN,NaN,NaN,3.375,2.9410882339705484,2.6567555251765778,1.018520455071898,4.0,0.5,0.5492621417414898,3.0,9.0,1.6,0.6382315015269023,0.10526315789473684,0.0
570,1,19.0,57.0,3.0,0.16666666666666666,0.1111111111111111,0.0,0.5625,0.3125,0.125,0.25,0.7368421052631579,0.0,0.14285714285714285,0.5714285714285714,0.5616193535018649,0.38001644159975345,0.16875,0.3497022543059548,NaN,NaN,NaN,NaN,3.5625,3.723237838226293,2.770936154488786,1.1871330517321648,4.538461538461538,0.4375,0.7766777526022358,4.0,9.0,1.5742574257425743,0.6685287526122621,0.3157894736842105,0.0
571,1,19.0,55.0,2.8947368421052633,0.1608187134502924,0.1111111111111111,0.05555555555555555,0.5,0.375,0.0625,0.25,0.7368421052631579,0.0,0.07142857142857142,0.5714285714285714,0.44753086419753085,0.3230308507700231,0.14583333333333331,0.29107081994288303,NaN,NaN,NaN,NaN,3.4375,3.932238548206352,2.7162907268170424,1.2087114671865336,4.8,0.5,0.7760785986292704,4.0,8.0,1.6176470588235294,0.7181400294663688,0.2631578947368421,0.0
572,1,19.0,38.0,2.0,0.1111111111111111,0.1111111111111111,0.16666666666666666,0.625,0.25,0.125,0.3125,0.7368421052631579,0.0,0.14285714285714285,0.5714285714285714,0.5751832561728394,0.288164844937125,0.1875,0.3476108935769035,NaN,NaN,NaN,NaN,2.375,1.7841898254763513,2.76140350877193,1.1434333806726071,4.833333333333334,0.375,0.667879409033003,4.0,7.0,1.7912087912087913,0.7530159141963515,0.15789473684210525,0.0
573,1,19.0,61.0,3.210526315789474,0.1783625730994152,0.1111111111111111,0.0,0.5,0.25,0.0625,0.375,0.7368421052631579,0.0,0.07142857142857142,0.6428571428571429,0.5374462502042053,0.2508957507657967,0.1864583333333333,0.29809386726952924,NaN,NaN,NaN,NaN,3.8125,2.8802488318430637,2.7897380689981888,1.1083116235826067,4.133333333333333,0.6875,0.6057028035889053,3.0,8.0,1.6,0.6271182591221289,0.21052631578947367,0.0
574,1,19.0,51.0,2.6842105263157894,0.14912280701754385,0.1111111111111111,0.05555555555555555,0.5625,0.1875,0.0,0.3125,0.7368421052631579,0.0,0.0,0.6428571428571429,0.32619691506410253,0.23741792328734412,0.121875,0.2024588435542724,NaN,NaN,NaN,NaN,3.1875,2.2573952541221782,2.893268916438253,1.1232656128414649,4.333333333333334,0.6875,0.7432564221430115,4.0,9.0,1.7413793103448276,0.735682938029248,0.21052631578947367,0.0
575,1,19.0,40.0,2.1052631578947367,0.11695906432748537,0.1111111111111111,0.1111111111111111,0.625,0.1875,0.0,0.25,0.7368421052631579,0.0,0.0,0.6428571428571429,0.3125164128151261,0.16395668827332713,0.08333333333333333,0.15811388300841894,NaN,NaN,NaN,NaN,2.5,1.3662601021279464,3.0885395306447934,1.3236775772794829,4.833333333333334,0.75,0.7184837039520412,4.0,9.0,2.0697674418604652,0.8943053039897426,0.3157894736842105,0.0
576,1,19.0,58.0,3.0526315789473686,0.1695906432748538,0.1111111111111111,0.0,0.5625,0.1875,0.125,0.1875,0.7368421052631579,0.0,0.14285714285714285,0.6428571428571429,0.5197303921568628,0.39323271992132686,0.15,0.3464101615137754,NaN,NaN,NaN,NaN,3.625,3.383784863137726,2.8516537221245235,1.1709473721711525,4.428571428571429,0.6875,0.7231000515714446,4.0,9.0,1.6666666666666667,0.7612090726840087,0.21052631578947367,0.0
577,1,19.0,41.0,2.1578947368421053,0.11988304093567251,0.1111111111111111,0.0,0.6875,0.25,0.0,0.125,0.7368421052631579,0.0,0.0,0.6428571428571429,0.27561553030303027,0.22323076101251893,0.05208333333333333,0.1455354099714415,NaN,NaN,NaN,NaN,2.5625,2.68250504814685,3.1736842105263157,1.5147252102734927,5.2,0.3125,0.774066445331806,4.0,7.0,1.9195402298850575,0.967114995261893,0.10526315789473684,0.0
578,1,19.0,55.0,2.8947368421052633,0.1608187134502924,0.1111111111111111,0.0,0.6875,0.25,0.0625,0.125,0.7368421052631579,0.0,0.07142857142857142,0.5714285714285714,0.11792149292149293,0.2673302391603143,0.09375,0.2719528145346787,NaN,NaN,NaN,NaN,3.4375,4.146785903966268,2.9859187442289934,1.2930495853063377,5.0,0.3125,0.7863298763200263,4.0,8.0,1.5714285714285714,0.7474825474418509,0.15789473684210525,0.0
579,1,19.0,47.0,2.473684210526316,0.13742690058479531,0.1111111111111111,0.05555555555555555,0.6875,0.25,0.0625,0.125,0.7368421052631579,0.0,0.07142857142857142,0.7142857142857143,0.4224713740458015,0.31735371991530603,0.09375,0.2719528145346787,NaN,NaN,NaN,NaN,2.9375,2.2647663602823727,3.0738218094255245,1.3846329851451664,5.0,0.4375,0.7747251260401035,4.0,11.0,1.9067796610169492,0.857219597428377,0.21052631578947367,0.0
58,1,19.0,61.0,3.210526315789474,0.1783625730994152,0.1111111111111111,0.0,0.5625,0.3125,0.125,0.25,0.7368421052631579,0.0,0.14285714285714285,0.6428571428571429,0.6911655211912943,0.31140747171564753,0.20833333333333331,0.38248698840130013,NaN,NaN,NaN,NaN,3.8125,4.277362894744066,2.8454219164209333,1.2337546145396088,4.333333333333334,0.5625,0.8358541037838234,4.0,10.0,1.7118644067796611,0.8279487051625931,0.2631578947368421,0.0
580,1,19.0,40.0,2.1052631578947367,0.11695906432748537,0.1111111111111111,0.1111111111111111,0.5625,0.25,0.125,0.375,0.7368421052631579,0.0,0.14285714285714285,0.6428571428571429,0.6120721726190474,0.2975266120095929,0.209375,0.3474760183571427,NaN,NaN,NaN,NaN,2.5,1.6733200530681511,3.041311612364244,1.3884796379584938,5.0,0.5,0.8407573061256449,5.0,9.0,2.0,0.9534625892455924,0.15789473684210525,0.0
581,1,19.0,75.0,3.9473684210526314,0.21929824561403508,0.1111111111111111,0.0,0.5,0.25,0.125,0.3125,0.7368421052631579,0.0,0.14285714285714285,0.5714285714285714,0.6140848409925073,0.2710250722749902,0.20833333333333331,0.35746017649212025,NaN,NaN,NaN,NaN,4.6875,3.497022543059548,2.912461911357341,1.1773891422950247,4.285714285714286,0.5,0.7513637624437393,3.0,12.0,1.6153846153846154,0.6491931820721554,0.42105263157894735,0.0
582,1,19.0,50.0,2.6315789473684212,0.14619883040935672,0.1111111111111111,0.05555555555555555,0.5,0.25,0.0,0.375,0.7368421052631579,0.0,0.0,0.7142857142857143,0.44785156249999997,0.18477243725152592,0.15416666666666667,0.21007053489156832,NaN,NaN,NaN,NaN,3.125,2.1563858652847827,2.680395519241861,1.0462825857675315,4.222222222222222,0.625,0.6236866543822139,3.0,7.0,1.6274509803921569,0.6436524587634982,0.0,0.0
583,1,19.0,65.0,3.4210526315789473,0.19005847953216373,0.1111111111111111,0.0,0.5625,0.1875,0.125,0.375,0.7368421052631579,0.0,0.14285714285714285,0.6428571428571429,0.6254388396156688,0.30771050635229763,0.19270833333333331,0.33708822616968137,NaN,NaN,NaN,NaN,4.0625,2.79210195611359,2.9022480220158235,1.1869787867093236,4.666666666666666,0.6875,0.7367884235601208,4.0,11.0,1.7571428571428571,0.7761872184918093,0.3684210526315789,0.0
584,1,19.0,81.0,4.2631578947368425,0.23684210526315788,0.1111111111111111,0.0,0.5625,0.1875,0.0625,0.3125,0.7368421052631579,0.0,0.07142857142857142,0.7142857142857143,0.36657205008488974,0.2781518478648889,0.13125,0.26449637678677823,NaN,NaN,NaN,NaN,5.0625,4.3430979726457934,2.9269327164064007,1.1347146904608498,4.230769230769231,0.3125,0.70184070259082,3.0,11.0,1.4926470588235294,0.5836833683683337,0.3684210526315789,0.0
585,1,19.0,45.0,2.3684210526315788,0.13157894736842105,0.1111111111111111,0.0,0.6875,0.3125,0.0,0.125,0.7368421052631579,0.0,0.0,0.5714285714285714,0.09016531713900135,0.16546476374365765,0.0625,0.1707825127659933,NaN,NaN,NaN,NaN,2.8125,2.344319375284292,2.9966165413533834,1.3756661538914083,5.5,0.375,0.7386903061348876,5.0,10.0,1.9454545454545455,0.9270290281408917,0.2631578947368421,0.0
586,1,19.0,84.0,4.421052631578948,0.24561403508771928,0.1111111111111111,0.0,0.5,0.25,0.0625,0.4375,0.7368421052631579,0.0,0.07142857142857142,0.6428571428571429,0.6151351665736087,0.20618413933448815,0.19895833333333335,0.2875483051206837,NaN,NaN,NaN,NaN,5.25,3.750555514409388,2.8078028404344195,1.082812604612239,4.0,0.625,0.7078681604879185,3.0,12.0,1.5723684210526316,0.6366507321583438,0.42105263157894735,0.0
587,1,19.0,37.0,1.9473684210526316,0.10818713450292397,0.1111111111111111,0.2222222222222222,0.5625,0.3125,0.0625,0.3125,0.7368421052631579,0.0,0.07142857142857142,0.7142857142857143,0.5792317708333333,0.33602697855505625,0.19166666666666665,0.31797973380564853,NaN,NaN,NaN,NaN,2.3125,1.5370426148939398,2.9328947368421048,1.3705130879004996,5.0,0.4375,0.7435720960081557,5.0,8.0,2.0,1.0,0.0,0.0
588,1,19.0,50.0,2.6315789473684212,0.14619883040935672,0.1111111111111111,0.05555555555555555,0.625,0.3125,0.0,0.1875,0.7368421052631579,0.0,0.0,0.7142857142857143,0.3045212765957447,0.19561071574251795,0.0875,0.18929694486000914,NaN,NaN,NaN,NaN,3.125,2.753785273643051,2.8323715113575796,1.244289847805655,5.333333333333334,0.5,0.5958728106232646,5.0,10.0,1.975609756097561,0.995592044259376,0.3157894736842105,0.0
589,1,19.0,46.0,2.4210526315789473,0.13450292397660818,0.1111111111111111,0.05555555555555555,0.5625,0.1875,0.0625,0.25,0.7368421052631579,0.0,0.07142857142857142,0.6428571428571429,0.6474527994791667,0.3028401490422317,0.14479166666666665,0.2979385190120793,NaN,NaN,NaN,NaN,2.875,2.247220505424423,2.8852380952380954,1.1357541727602427,4.333333333333334,0.75,0.6644529819183193,4.0,10.0,1.7962962962962963,0.7582476016491678,0.0,0.0
59,1,19.0,51.0,2.6842105263157894,0.14912280701754385,0.1111111111111111,0.0,0.625,0.1875,0.0,0.25,0.7368421052631579,0.0,0.0,0.6428571428571429,0.4391276041666667,0.13517230556530532,0.09895833333333333,0.18563891174954555,NaN,NaN,NaN,NaN,3.1875,3.208712098854201,2.96990046417291,1.2174333562414223,4.363636363636363,0.625,0.6135911456377827,4.0,7.0,1.7522935779816513,0.783581087330047,0.10526315789473684,0.0
590,1,19.0,56.0,2.9473684210526314,0.16374269005847952,0.1111111111111111,0.0,0.5625,0.1875,0.0625,0.375,0.7368421052631579,0.0,0.07142857142857142,0.7142857142857143,0.7705574022538307,0.24539897419869788,0.19895833333333332,0.3181234764934778,NaN,NaN,NaN,NaN,3.5,2.4765567494675613,2.918342330184436,1.1951443692149992,4.833333333333334,0.75,0.6969535359691637,4.0,9.0,1.7203389830508475,0.7497645581483344,0.21052631578947367,0.0
591,1,19.0,52.0,2.736842105263158,0.15204678362573099,0.1111111111111111,0.0,0.625,0.1875,0.0,0.25,0.7368421052631579,0.0,0.0,0.6428571428571429,0.553092660675381,0.19332648354658954,0.11354166666666665,0.2176659647768163,NaN,NaN,NaN,NaN,3.25,3.0,3.01786703601108,1.2949048978357809,4.666666666666666,0.5625,0.6761258132281732,3.0,9.0,1.6923076923076923,0.751398993941031,0.21052631578947367,0.0
592,1,19.0,53.0,2.789473684210526,0.15497076023391812,0.1111111111111111,0.05555555555555555,0.5625,0.25,0.0625,0.25,0.7368421052631579,0.0,0.07142857142857142,0.5714285714285714,0.5114540989159891,0.2495337017651995,0.15625,0.3071297831596664,NaN,NaN,NaN,NaN,3.3125,2.330057223903882,3.0158336969278796,1.2355422499810502,4.444444444444445,0.625,0.7410338068155446,4.0,11.0,1.7603305785123966,0.7305796031055268,0.21052631578947367,0.0
593,1,19.0,51.0,2.6842105263157894,0.14912280701754385,0.1111111111111111,0.0,0.5,0.125,0.0625,0.375,0.7368421052631579,0.0,0.07142857142857142,0.7142857142857143,0.5881809413580246,0.282932488418503,0.20729166666666665,0.31989400733043744,NaN,NaN,NaN,NaN,3.1875,2.9261749776799064,2.9090402287770707,1.2071746267340557,4.666666666666666,0.8125,0.6708673251165667,4.0,8.0,1.8363636363636364,0.9038883661614794,0.0,0.0
594,1,19.0,49.0,2.5789473684210527,0.14327485380116958,0.1111111111111111,0.0,0.625,0.25,0.0625,0.125,0.7368421052631579,0.0,0.07142857142857142,0.7142857142857143,0.356417088150289,0.41698712788658376,0.10416666666666666,0.291070819942883,NaN,NaN,NaN,NaN,3.0625,2.644963767867782,2.7912109820004556,1.1461801749384053,4.25,0.4375,0.6787598311614231,3.0,9.0,1.6857142857142857,0.6837999836080852,0.21052631578947367,0.0
595,1,19.0,34.0,1.7894736842105263,0.09941520467836257,0.1111111111111111,0.1111111111111111,0.5625,0.3125,0.125,0.3125,0.7368421052631579,0.0,0.14285714285714285,0.6428571428571429,0.6145833333333334,0.36258601931014517,0.2,0.36106837353937604,NaN,NaN,NaN,NaN,2.125,1.4548768561863463,3.007150451887294,1.4573364958130837,5.666666666666666,0.375,0.7122901909450714,6.0,10.0,2.3168316831683167,1.224178851878327,0.10526315789473684,0.0
596,1,19.0,58.0,3.0526315789473686,0.1695906432748538,0.1111111111111111,0.0,0.5625,0.25,0.0625,0.3125,0.7368421052631579,0.0,0.07142857142857142,0.6428571428571429,0.6315639803041636,0.29937133603473765,0.171875,0.30500265633330204,NaN,NaN,NaN,NaN,3.625,3.0740852297878796,2.870698979754286,1.1957824374262527,4.3,0.5625,0.664549903392541,3.0,10.0,1.7063492063492063,0.7050385557395886,0.21052631578947367,0.0
597,1,19.0,54.0,2.8421052631578947,0.15789473684210525,0.1111111111111111,0.0,0.625,0.25,0.0,0.1875,0.7368421052631579,0.0,0.0,0.5714285714285714,0.28841610310146654,0.2167656638099363,0.08541666666666667,0.20292992769809864,NaN,NaN,NaN,NaN,3.375,3.304037933599835,3.0564745196324146,1.342842615267571,5.5,0.625,0.7990610876443716,5.0,10.0,1.9140625,0.8875991127977596,0.2631578947368421,0.0
598,1,19.0,65.0,3.4210526315789473,0.19005847953216373,0.1111111111111111,0.0,0.5625,0.25,0.125,0.3125,0.7368421052631579,0.0,0.14285714285714285,0.6428571428571429,0.6935891826332596,0.2796538818585975,0.18958333333333335,0.34890702359097203,NaN,NaN,NaN,NaN,4.0625,3.355964838909967,2.897862070849687,1.1675163025918944,4.3076923076923075,0.4375,0.7457272972591193,3.0,10.0,1.6311475409836065,0.6827365896002845,0.2631578947368421,0.0
599,1,19.0,52.0,2.736842105263158,0.15204678362573099,0.1111111111111111,0.0,0.625,0.1875,0.0625,0.25,0.7368421052631579,0.0,0.07142857142857142,0.6428571428571429,0.5597643097643098,0.2689860594691391,0.12395833333333334,0.2692904772009421,NaN,NaN,NaN,NaN,3.25,3.3763886032268267,2.9919634349175945,1.2868699594483302,5.0,0.5625,0.7430866565703299,4.0,10.0,1.8888888888888888,0.8692269873603531,0.3157894736842105,0.0
6,1,19.0,29.0,1.5263157894736843,0.0847953216374269,0.1111111111111111,0.2777777777777778,0.625,0.1875,0.0625,0.25,0.7368421052631579,0.0,0.07142857142857142,0.5714285714285714,0.4114583333333333,0.25724456946361085,0.140625,0.2945787167640771,NaN,NaN,NaN,NaN,1.8125,1.1086778913041726,3.2750626566416035,1.5849083880151444,5.75,0.625,0.8003489874584796,6.0,8.0,2.3058823529411763,1.3275786176322657,0.0,0.0
60,1,19.0,46.0,2.4210526315789473,0.13450292397660818,0.1111111111111111,0.05555555555555555,0.6875,0.1875,0.0,0.1875,0.7368421052631579,0.0,0.0,0.7142857142857143,0.34537109374999997,0.13364510599800286,0.078125,0.17603858478564674,NaN,NaN,NaN,NaN,2.875,1.9958289839896939,3.1092314118629907,1.3016406463701313,4.928571428571429,0.6875,0.6498646304142812,4.0,9.0,1.8224299065420562,0.8104632278058412,0.10526315789473684,0.0
600,1,19.0,40.0,2.1052631578947367,0.11695906432748537,0.1111111111111111,0.16666666666666666,0.5625,0.1875,0.0625,0.3125,0.7368421052631579,0.0,0.07142857142857142,0.5714285714285714,0.6592732279693484,0.26359832860522325,0.19791666666666666,0.32896442450908364,NaN,NaN,NaN,NaN,2.5,1.7888543819998317,3.0593490304709143,1.3963866721917841,5.333333333333334,0.6875,0.698332319195019,5.0,9.0,2.1130434782608694,0.9979383782904577,0.10526315789473684,0.0
601,1,19.0,48.0,2.526315789473684,0.14035087719298245,0.1111111111111111,0.0,0.625,0.3125,0.0625,0.1875,0.7368421052631579,0.0,0.07142857142857142,0.6428571428571429,0.4222269144144144,0.28381043679058204,0.125,0.28867513459481287,NaN,NaN,NaN,NaN,3.0,3.0983866769659336,2.9920536635706916,1.3625619340056125,5.0,0.4375,0.8704560804466916,5.0,10.0,2.0425531914893615,0.9477216320171831,0.42105263157894735,0.0
602,1,19.0,73.0,3.8421052631578947,0.2134502923976608,0.1111111111111111,0.0,0.5625,0.25,0.0,0.3125,0.7368421052631579,0.0,0.0,0.6428571428571429,0.3565332387845592,0.23708503304733486,0.14479166666666665,0.23544431990977777,NaN,NaN,NaN,NaN,4.5625,3.966001344763598,2.7753702437912966,1.1065115358172797,4.0,0.625,0.6795208824573217,3.0,10.0,1.5454545454545454,0.609888443855634,0.2631578947368421,0.0
603,1,19.0,61.0,3.210526315789474,0.1783625730994152,0.1111111111111111,0.05555555555555555,0.6875,0.25,0.0,0.1875,0.7368421052631579,0.0,0.0,0.7142857142857143,0.4360297213678969,0.1965949538723845,0.09375,0.21054382846263556,NaN,NaN,NaN,NaN,3.8125,3.4296501279285034,3.0994060033533715,1.4113429918038622,5.0,0.5,0.8835457519838738,4.0,11.0,1.7846153846153847,0.8625239274031036,0.3684210526315789,0.0
604,1,19.0,48.0,2.526315789473684,0.14035087719298245,0.1111111111111111,0.05555555555555555,0.625,0.3125,0.125,0.125,0.7368421052631579,0.0,0.14285714285714285,0.5714285714285714,0.14921218487394958,0.33651172367945303,0.125,0.3415650255319866,NaN,NaN,NaN,NaN,3.0,3.794733192202055,3.014816452896948,1.4552032148135747,6.0,0.1875,0.9454813831367295,5.0,9.0,1.6823529411764706,0.8892447933617652,0.10526315789473684,0.0
605,1,19.0,46.0,2.4210526315789473,0.13450292397660818,0.1111111111111111,0.0,0.5625,0.3125,0.0625,0.25,0.7368421052631579,0.0,0.07142857142857142,0.5714285714285714,0.5163378476656733,0.2990343586920094,0.15625,0.3071297831596664,NaN,NaN,NaN,NaN,2.875,1.927865832122834,2.8864336955749703,1.278097876059015,5.0,0.5625,0.6740711046036648,4.0,10.0,1.9523809523809523,0.856571237968148,0.2631578947368421,0.0
606,1,19.0,44.0,2.3157894736842106,0.1286549707602339,0.1111111111111111,0.1111111111111111,0.5625,0.3125,0.125,0.3125,0.7368421052631579,0.0,0.14285714285714285,0.6428571428571429,0.5430941358024691,0.36535021735513573,0.20729166666666665,0.36326547531461834,NaN,NaN,NaN,NaN,2.75,2.1447610589527217,2.7797250479139026,1.1613122737841244,4.25,0.4375,0.6644555954231421,4.0,7.0,1.7142857142857142,0.7642820056281477,0.15789473684210525,0.0
607,1,19.0,56.0,2.9473684210526314,0.16374269005847952,0.1111111111111111,0.0,0.5625,0.25,0.0625,0.3125,0.7368421052631579,0.0,0.07142857142857142,0.7142857142857143,0.4899088541666666,0.2578635104021312,0.16666666666666666,0.2918650119236377,NaN,NaN,NaN,NaN,3.5,3.3862466931200785,2.821514682427995,1.1892983550613043,4.4,0.6875,0.7076410869216732,4.0,8.0,1.6936936936936937,0.7838459124180049,0.0,0.0
608,1,19.0,53.0,2.789473684210526,0.15497076023391812,0.1111111111111111,0.0,0.625,0.25,0.0625,0.25,0.7368421052631579,0.0,0.07142857142857142,0.6428571428571429,0.43234049479166664,0.3453972031759775,0.14479166666666665,0.29793851901207935,NaN,NaN,NaN,NaN,3.3125,3.477906458393229,2.886226857466246,1.194917695878261,4.428571428571429,0.5,0.6713934871965854,4.0,8.0,1.693069306930693,0.796775680570457,0.0,0.0
609,1,19.0,43.0,2.263157894736842,0.12573099415204678,0.1111111111111111,0.1111111111111111,0.625,0.1875,0.0625,0.25,0.7368421052631579,0.0,0.07142857142857142,0.7142857142857143,0.36141098484848494,0.25698247013440817,0.12395833333333334,0.2692904772009421,NaN,NaN,NaN,NaN,2.6875,1.7017148213885114,2.9111642743221693,1.2277937966169645,4.666666666666666,0.625,0.5966271456238313,4.0,8.0,1.864864864864865,0.7918503817180536,0.21052631578947367,0.0
61,1,19.0,66.0,3.473684210526316,0.19298245614035087,0.1111111111111111,0.0,0.6875,0.25,0.0,0.1875,0.7368421052631579,0.0,0.0,0.6428571428571429,0.3979057591623037,0.16713246860905626,0.075,0.1732050807568877,NaN,NaN,NaN,NaN,4.125,4.193248541803041,3.0588782562466776,1.3519501843513924,4.916666666666666,0.625,0.8443249200700887,4.0,11.0,1.75177304964539,0.7760341337190406,0.3684210526315789,0.0
610,1,19.0,64.0,3.3684210526315788,0.1871345029239766,0.1111111111111111,0.0,0.625,0.25,0.125,0.25,0.7368421052631579,0.0,0.14285714285714285,0.6428571428571429,0.42256977550489727,0.36309053439137357,0.15625,0.34003676271838607,NaN,NaN,NaN,NaN,4.0,3.6514837167011076,2.9073077994130627,1.2053376964635651,4.384615384615385,0.4375,0.7407541564202388,4.0,10.0,1.6666666666666667,0.7155417527999327,0.2631578947368421,0.0
611,1,19.0,33.0,1.736842105263158,0.09649122807017543,0.1111111111111111,0.1111111111111111,0.5625,0.375,0.125,0.1875,0.7368421052631579,0.0,0.14285714285714285,0.5714285714285714,0.4451388888888889,0.35417483650707704,0.14583333333333331,0.34359213546813844,NaN,NaN,NaN,NaN,2.0625,1.4818344486930155,2.852213868003342,1.306131450660856,4.833333333333334,0.5,0.7035134375448396,4.0,8.0,2.032258064516129,0.8778879410418211,0.0,0.0
612,1,19.0,50.0,2.6315789473684212,0.14619883040935672,0.1111111111111111,0.0,0.625,0.25,0.0,0.3125,0.7368421052631579,0.0,0.0,0.6428571428571429,0.5385328389830508,0.16964108254704835,0.15104166666666666,0.24384791480665882,NaN,NaN,NaN,NaN,3.125,3.11715682420161,2.824722233390964,1.1384771688551751,4.235294117647059,0.3125,0.585202314858987,3.0,8.0,1.6391752577319587,0.6950055007322675,0.10526315789473684,0.0
613,1,19.0,51.0,2.6842105263157894,0.14912280701754385,0.1111111111111111,0.0,0.625,0.25,0.0,0.25,0.7368421052631579,0.0,0.0,0.7142857142857143,0.4723454785954786,0.2090694722969619,0.10937499999999999,0.21239103960314262,NaN,NaN,NaN,NaN,3.1875,3.081531004765867,3.002541341391757,1.2929299308167674,5.0,0.5,0.7132557973203894,4.0,10.0,1.9193548387096775,0.8797336458837834,0.2631578947368421,0.0
614,1,19.0,63.0,3.3157894736842106,0.18421052631578946,0.1111111111111111,0.0,0.625,0.125,0.0625,0.375,0.7368421052631579,0.0,0.07142857142857142,0.6428571428571429,0.758854968565563,0.12335762191006852,0.17395833333333335,0.2926867083747728,NaN,NaN,NaN,NaN,3.9375,2.434988021873345,3.1263366750208856,1.2703004792104913,4.666666666666666,0.6875,0.7326359584658224,4.0,11.0,1.781456953642384,0.7384130708043147,0.2631578947368421,0.0
615,1,19.0,60.0,3.1578947368421053,0.17543859649122806,0.1111111111111111,0.05555555555555555,0.6875,0.1875,0.0,0.0625,0.7368421052631579,0.0,0.0,0.5714285714285714,0.08630046583850931,0.133507770046381,0.03125,0.125,NaN,NaN,NaN,NaN,3.75,3.1091263510296048,2.840023856432525,1.1003379045301946,4.214285714285714,0.5,0.570212580874638,3.0,11.0,1.5909090909090908,0.6396021490668312,0.2631578947368421,0.0
616,1,19.0,39.0,2.0526315789473686,0.11403508771929824,0.1111111111111111,0.2222222222222222,0.5625,0.125,0.0,0.375,0.7368421052631579,0.0,0.0,0.7142857142857143,0.5500578703703703,0.143056991382782,0.15833333333333333,0.23174059571793568,NaN,NaN,NaN,NaN,2.4375,1.547847968417226,2.914985380116959,1.0955928849226693,4.666666666666666,0.75,0.6274426223716696,5.0,8.0,2.018867924528302,0.9358584760271405,0.10526315789473684,0.0
617,1,19.0,44.0,2.3157894736842106,0.1286549707602339,0.1111111111111111,0.0,0.625,0.1875,0.0,0.25,0.7368421052631579,0.0,0.0,0.7142857142857143,0.4805555555555555,0.14646380471138584,0.103125,0.19189298232782423,NaN,NaN,NaN,NaN,2.75,3.0,3.1294956140350876,1.4044641031483018,6.0,0.3125,0.8033696644096363,5.0,9.0,1.9553571428571428,0.9240372916419101,0.15789473684210525,0.0
618,1,19.0,56.0,2.9473684210526314,0.16374269005847952,0.1111111111111111,0.0,0.625,0.25,0.0,0.1875,0.7368421052631579,0.0,0.0,0.6428571428571429,0.19433593750000003,0.18761877748259237,0.06875,0.15798206649279317,NaN,NaN,NaN,NaN,3.5,3.669695718539436,2.8225677830940987,1.1006448116226824,4.071428571428571,0.4375,0.6454494741501811,3.0,9.0,1.5922330097087378,0.6632790381348472,0.10526315789473684,0.0
619,1,19.0,44.0,2.3157894736842106,0.1286549707602339,0.1111111111111111,0.0,0.625,0.25,0.0625,0.1875,0.7368421052631579,0.0,0.07142857142857142,0.6428571428571429,0.43368055555555557,0.3715525692663086,0.11458333333333333,0.2770128356432443,NaN,NaN,NaN,NaN,2.75,3.0876096471758427,3.0162280701754383,1.4055623454057853,5.0,0.5,0.9157716136052576,5.0,9.0,2.1825396825396823,1.1056277395275043,0.2631578947368421,0.0
62,1,19.0,47.0,2.473684210526316,0.13742690058479531,0.1111111111111111,0.16666666666666666,0.5625,0.3125,0.0625,0.1875,0.7368421052631579,0.0,0.07142857142857142,0.6428571428571429,0.27799479166666663,0.2827918465443851,0.11875,0.28099525500145617,NaN,NaN,NaN,NaN,2.9375,2.048373338367138,2.7914344685242516,1.1831226183664518,4.5,0.5,0.6649116884507162,3.0,9.0,1.7410714285714286,0.6810899546928633,0.10526315789473684,0.0
620,1,19.0,64.0,3.3684210526315788,0.1871345029239766,0.1111111111111111,0.0,0.5625,0.3125,0.125,0.3125,0.7368421052631579,0.0,0.14285714285714285,0.5714285714285714,0.41878686479128857,0.3234042272687705,0.2,0.3559026084010437,NaN,NaN,NaN,NaN,4.0,3.8643671323171835,2.9224037658248188,1.2630684370467862,4.428571428571429,0.5,0.8547734057006697,4.0,11.0,1.6953125,0.748316680510804,0.3684210526315789,0.0
621,1,19.0,54.0,2.8421052631578947,0.15789473684210525,0.1111111111111111,0.0,0.625,0.1875,0.0625,0.25,0.7368421052631579,0.0,0.07142857142857142,0.6428571428571429,0.3695047669491526,0.24238237277336308,0.13541666666666666,0.2803354472109494,NaN,NaN,NaN,NaN,3.375,2.9860788111948193,2.8550054112554113,1.1633408599480024,4.333333333333334,0.625,0.6771471304315408,4.0,9.0,1.7456140350877194,0.7620582690746095,0.10526315789473684,0.0
622,1,19.0,39.0,2.0526315789473686,0.11403508771929824,0.1111111111111111,0.05555555555555555,0.5625,0.375,0.125,0.1875,0.7368421052631579,0.0,0.14285714285714285,0.6428571428571429,0.3813534278959811,0.39889157150817334,0.15625,0.3520771695712935,NaN,NaN,NaN,NaN,2.4375,3.1404617494884413,2.9952582505214083,1.4729956700083273,5.25,0.375,0.8487351632204898,5.0,9.0,1.9120879120879122,0.9504192250247799,0.21052631578947367,0.0
623,1,19.0,52.0,2.736842105263158,0.15204678362573099,0.1111111111111111,0.0,0.5,0.25,0.0625,0.375,0.7368421052631579,0.0,0.07142857142857142,0.6428571428571429,0.7228724747474746,0.2976452975422229,0.20416666666666666,0.3196931399071673,NaN,NaN,NaN,NaN,3.25,3.0876096471758427,2.867690058479532,1.1684888806354352,4.666666666666666,0.625,0.693594995389506,4.0,11.0,1.8174603174603174,0.7735713919301167,0.10526315789473684,0.0
624,1,19.0,42.0,2.210526315789474,0.12280701754385964,0.1111111111111111,0.05555555555555555,0.5625,0.1875,0.0625,0.1875,0.7368421052631579,0.0,0.07142857142857142,0.6428571428571429,0.2875,0.2967136112688453,0.09895833333333333,0.2603749966661333,NaN,NaN,NaN,NaN,2.625,1.9958289839896939,2.763314536340852,1.0628562718848644,4.166666666666666,0.5625,0.5946424035199889,4.0,8.0,1.7777777777777777,0.7499055118106487,0.15789473684210525,0.0
625,1,19.0,53.0,2.789473684210526,0.15497076023391812,0.1111111111111111,0.0,0.5625,0.1875,0.0625,0.3125,0.7368421052631579,0.0,0.07142857142857142,0.6428571428571429,0.5907165028258777,0.35130207721224743,0.171875,0.30500265633330204,NaN,NaN,NaN,NaN,3.3125,2.9825883613622137,2.953708133971291,1.2709958622613906,4.75,0.75,0.7796291889226077,5.0,9.0,1.7657657657657657,0.8197001109602658,0.2631578947368421,0.0
626,1,19.0,57.0,3.0,0.16666666666666666,0.1111111111111111,0.0,0.5,0.3125,0.0625,0.375,0.7368421052631579,0.0,0.07142857142857142,0.6428571428571429,0.4956105736591989,0.2573957821024556,0.18229166666666666,0.28902574215738924,NaN,NaN,NaN,NaN,3.5625,3.1826351764955194,2.8349780701754383,1.2920225351593715,5.0,0.5,0.7898424469117272,5.0,10.0,1.9328358208955223,0.9748550013178544,0.3684210526315789,0.0
627,1,19.0,51.0,2.6842105263157894,0.14912280701754385,0.1111111111111111,0.0,0.5625,0.1875,0.0625,0.25,0.7368421052631579,0.0,0.07142857142857142,0.7142857142857143,0.4219114583333334,0.28696033024614515,0.13958333333333334,0.2839454172900136,NaN,NaN,NaN,NaN,3.1875,2.613267431141839,2.8868984054338744,1.191053925199946,4.333333333333334,0.75,0.7058279010375932,4.0,11.0,1.8455882352941178,0.7782094973633337,0.3157894736842105,0.0
628,1,19.0,65.0,3.4210526315789473,0.19005847953216373,0.1111111111111111,0.0,0.5625,0.125,0.0625,0.375,0.7368421052631579,0.0,0.07142857142857142,0.6428571428571429,0.5620654926335175,0.20775245139856435,0.1625,0.27718826333979824,NaN,NaN,NaN,NaN,4.0625,2.9993054751614303,3.0697917041407345,1.2116657929726253,4.666666666666666,0.8125,0.742606687244446,4.0,12.0,1.8,0.7422556138059281,0.42105263157894735,0.0
629,1,19.0,42.0,2.210526315789474,0.12280701754385964,0.1111111111111111,0.05555555555555555,0.5,0.125,0.0625,0.3125,0.7368421052631579,0.0,0.07142857142857142,0.6428571428571429,0.5470328282828282,0.3653251504683715,0.15104166666666666,0.2792495730955986,NaN,NaN,NaN,NaN,2.625,1.8211717839530315,2.816898014266435,1.1645274130623549,4.75,0.6875,0.7331590219063786,4.0,9.0,1.9444444444444444,0.9051600089180631,0.15789473684210525,0.0
63,1,19.0,44.0,2.3157894736842106,0.1286549707602339,0.1111111111111111,0.1111111111111111,0.5,0.1875,0.0625,0.4375,0.7368421052631579,0.0,0.07142857142857142,0.6428571428571429,0.68748779296875,0.24977870637814203,0.19895833333333335,0.2875483051206837,NaN,NaN,NaN,NaN,2.75,1.983263304085802,3.0144679881521994,1.3016634369103528,5.333333333333334,0.625,0.7811619407632191,5.0,8.0,1.9433962264150944,0.9839685310419547,0.10526315789473684,0.0
630,1,19.0,33.0,1.736842105263158,0.09649122807017543,0.1111111111111111,0.16666666666666666,0.5,0.25,0.0625,0.3125,0.7368421052631579,0.0,0.07142857142857142,0.5714285714285714,0.5297067901234567,0.3324039684818158,0.15625,0.28198207192814384,NaN,NaN,NaN,NaN,2.0625,1.4361406616345072,2.811842105263158,1.2297662247400403,5.0,0.4375,0.6255527858452777,4.0,8.0,2.046511627906977,0.9929987470424658,0.0,0.0
631,1,19.0,65.0,3.4210526315789473,0.19005847953216373,0.1111111111111111,0.0,0.5625,0.25,0.125,0.3125,0.7368421052631579,0.0,0.14285714285714285,0.6428571428571429,0.653988413547237,0.3491655031251671,0.19270833333333331,0.34923030446333775,NaN,NaN,NaN,NaN,4.0625,3.906724971123511,2.8817251461988307,1.2580038688170794,4.777777777777778,0.625,0.8802834184509524,4.0,10.0,1.6495726495726495,0.7691939277944478,0.2631578947368421,0.0
632,1,19.0,46.0,2.4210526315789473,0.13450292397660818,0.1111111111111111,0.1111111111111111,0.6875,0.1875,0.0625,0.125,0.7368421052631579,0.0,0.07142857142857142,0.5714285714285714,0.5389835858585857,0.23528880330807656,0.09375,0.2719528145346787,NaN,NaN,NaN,NaN,2.875,2.6044833140823407,3.0518178931491624,1.2545153684789856,4.538461538461538,0.5,0.6138181863453354,4.0,8.0,1.7578947368421052,0.7679177354223952,0.10526315789473684,0.0
633,1,19.0,58.0,3.0526315789473686,0.1695906432748538,0.1111111111111111,0.0,0.625,0.25,0.0,0.25,0.7368421052631579,0.0,0.0,0.7142857142857143,0.4477628968253968,0.1958380164022306,0.11041666666666666,0.2159282288168918,NaN,NaN,NaN,NaN,3.625,3.8622100754188224,3.0527834008097168,1.3275079744593525,5.0,0.4375,0.8280512595946324,4.0,9.0,1.828125,0.8334481548192746,0.3157894736842105,0.0
634,1,19.0,51.0,2.6842105263157894,0.14912280701754385,0.1111111111111111,0.0,0.5,0.375,0.125,0.25,0.7368421052631579,0.0,0.14285714285714285,0.6428571428571429,0.5364159095655806,0.37059327546935156,0.17708333333333331,0.3520771695712935,NaN,NaN,NaN,NaN,3.1875,3.2907699200440415,2.6540837387586613,1.1138247315204919,4.333333333333334,0.5,0.7081734907578461,5.0,9.0,1.8461538461538463,0.8965007126887624,0.15789473684210525,0.0
635,1,19.0,52.0,2.736842105263158,0.15204678362573099,0.1111111111111111,0.0,0.5625,0.1875,0.0,0.25,0.7368421052631579,0.0,0.0,0.7142857142857143,0.340943287037037,0.18427531508334602,0.075,0.14719601443879743,NaN,NaN,NaN,NaN,3.25,3.151719107619417,3.1184419381787802,1.3667936892411545,5.5,0.5,0.7134123171868001,4.0,10.0,1.992537313432836,0.9135263300748898,0.21052631578947367,0.0
636,1,19.0,53.0,2.789473684210526,0.15497076023391812,0.1111111111111111,0.0,0.5625,0.375,0.0625,0.1875,0.7368421052631579,0.0,0.07142857142857142,0.5714285714285714,0.31221846846846846,0.2814079824670046,0.13541666666666666,0.30561868034820416,NaN,NaN,NaN,NaN,3.3125,3.516034698349833,2.705123233810079,1.15140505899584,4.285714285714286,0.5,0.7206655988476612,4.0,10.0,1.7829457364341086,0.7391003854991289,0.2631578947368421,0.0
637,1,19.0,48.0,2.526315789473684,0.14035087719298245,0.1111111111111111,0.1111111111111111,0.5,0.25,0.125,0.375,0.7368421052631579,0.0,0.14285714285714285,0.5714285714285714,0.6126790364583333,0.29679193334571635,0.20833333333333331,0.3456073558887953,NaN,NaN,NaN,NaN,3.0,2.6583202716502514,2.8771198830409355,1.235238140941444,5.333333333333334,0.5625,0.6943187016773705,5.0,10.0,1.9230769230769231,0.9662748070049845,0.0,0.0
638,1,19.0,59.0,3.1052631578947367,0.17251461988304093,0.1111111111111111,0.0,0.5625,0.1875,0.0625,0.25,0.7368421052631579,0.0,0.07142857142857142,0.7142857142857143,0.390443044867141,0.29412354769103755,0.134375,0.2809025631780529,NaN,NaN,NaN,NaN,3.6875,2.5223996511258875,2.8993067604909712,1.200660593973837,4.714285714285714,0.75,0.6471851860709346,4.0,11.0,1.7647058823529411,0.7326794470389419,0.3157894736842105,0.0
639,1,19.0,73.0,3.8421052631578947,0.2134502923976608,0.1111111111111111,0.0,0.5625,0.25,0.0,0.25,0.7368421052631579,0.0,0.0,0.7142857142857143,0.2705598825331971,0.18369631020056595,0.09687499999999999,0.179321638404293,NaN,NaN,NaN,NaN,4.5625,3.444198019858905,2.6802592488351005,1.0003244497722241,3.8,0.6875,0.5699304787680796,3.0,10.0,1.5,0.5305482838361476,0.3684210526315789,0.0
64,1,19.0,65.0,3.4210526315789473,0.19005847953216373,0.1111111111111111,0.0,0.5625,0.25,0.125,0.25,0.7368421052631579,0.0,0.14285714285714285,0.6428571428571429,0.5188437701770482,0.3112834397810867,0.16145833333333331,0.3421997873237861,NaN,NaN,NaN,NaN,4.0625,3.991136012048032,3.0736044657097286,1.4294836325457243,5.333333333333334,0.6875,0.9294470282465702,5.0,11.0,1.8120300751879699,0.9703980434466026,0.3157894736842105,0.0
640,1,19.0,58.0,3.0526315789473686,0.1695906432748538,0.1111111111111111,0.0,0.5,0.1875,0.0625,0.375,0.7368421052631579,0.0,0.07142857142857142,0.7142857142857143,0.6081149193548387,0.29468246964755473,0.15729166666666666,0.2694279777327982,NaN,NaN,NaN,NaN,3.625,3.930648801406709,2.868671679197995,1.119653461791222,4.5,0.5,0.6945649923561391,4.0,9.0,1.7226890756302522,0.7803125161406474,0.15789473684210525,0.0
641,1,19.0,56.0,2.9473684210526314,0.16374269005847952,0.1111111111111111,0.05555555555555555,0.5625,0.25,0.0625,0.3125,0.7368421052631579,0.0,0.07142857142857142,0.5714285714285714,0.36847358230926786,0.2891279954082116,0.171875,0.30500265633330204,NaN,NaN,NaN,NaN,3.5,3.4641016151377544,3.086745710429921,1.4301533306223624,5.333333333333334,0.6875,0.8473690523518099,5.0,11.0,2.051851851851852,1.074247522260287,0.3684210526315789,0.0
642,1,19.0,50.0,2.6315789473684212,0.14619883040935672,0.1111111111111111,0.05555555555555555,0.625,0.125,0.0625,0.25,0.7368421052631579,0.0,0.07142857142857142,0.5714285714285714,0.4422619047619046,0.1846970512917245,0.14583333333333331,0.2973649709127253,NaN,NaN,NaN,NaN,3.125,2.9410882339705484,3.6040003855793334,1.7008935045224,6.666666666666667,0.75,1.0450781787999543,6.0,11.0,2.0955882352941178,1.108075919785605,0.3684210526315789,0.0
643,1,19.0,44.0,2.3157894736842106,0.1286549707602339,0.1111111111111111,0.1111111111111111,0.5,0.3125,0.0,0.375,0.7368421052631579,0.0,0.0,0.5714285714285714,0.4755859375,0.19281904459871418,0.17708333333333331,0.2393567769390845,NaN,NaN,NaN,NaN,2.75,2.7688746209726918,2.565902659875495,0.9614653972424587,4.0,0.5,0.5089420904741206,3.0,7.0,1.6666666666666667,0.681005224606999,0.15789473684210525,0.0
644,1,19.0,61.0,3.210526315789474,0.1783625730994152,0.1111111111111111,0.0,0.625,0.1875,0.0625,0.3125,0.7368421052631579,0.0,0.07142857142857142,0.6428571428571429,0.4408790219000348,0.23748130268797715,0.14583333333333331,0.27638539919628335,NaN,NaN,NaN,NaN,3.8125,3.1457643480294792,2.9554732419283507,1.2061054347055662,4.333333333333334,0.6875,0.6266716847125537,4.0,9.0,1.7251908396946565,0.7447605202552213,0.21052631578947367,0.0
645,1,19.0,68.0,3.5789473684210527,0.19883040935672514,0.1111111111111111,0.05555555555555555,0.5625,0.25,0.0,0.3125,0.7368421052631579,0.0,0.0,0.7142857142857143,0.5796220216714559,0.19646690914081075,0.16666666666666666,0.25819888974716115,NaN,NaN,NaN,NaN,4.25,3.803507153492243,2.844330233478433,1.1591404956731712,4.25,0.5625,0.7324312500074817,3.0,10.0,1.5806451612903225,0.6514121519936625,0.3157894736842105,0.0
646,1,19.0,57.0,3.0,0.16666666666666666,0.1111111111111111,0.0,0.5625,0.3125,0.0625,0.25,0.7368421052631579,0.0,0.07142857142857142,0.6428571428571429,0.41513596491228066,0.26755697873010936,0.16041666666666665,0.31012990109880656,NaN,NaN,NaN,NaN,3.5625,3.4052655305178967,2.9048378522062737,1.2866078466856994,4.5,0.5,0.797208243972942,4.0,10.0,1.792,0.8356569754661067,0.21052631578947367,0.0
647,1,19.0,78.0,4.105263157894737,0.22807017543859648,0.1111111111111111,0.0,0.5625,0.3125,0.0625,0.25,0.7368421052631579,0.0,0.07142857142857142,0.6428571428571429,0.36910797464947986,0.2714744766569486,0.13020833333333334,0.27716947282604315,NaN,NaN,NaN,NaN,4.875,4.303099657998484,2.8506697752252217,1.2100358354328915,4.25,0.625,0.7738319482023709,3.0,11.0,1.5407407407407407,0.6320183608111654,0.3684210526315789,0.0
648,1,19.0,38.0,2.0,0.1111111111111111,0.1111111111111111,0.05555555555555555,0.625,0.375,0.0625,0.125,0.7368421052631579,0.0,0.07142857142857142,0.6428571428571429,0.3486328125,0.32763945971127445,0.09375,0.2719528145346787,NaN,NaN,NaN,NaN,2.375,2.0615528128088303,2.820906432748538,1.2604216171453482,4.666666666666666,0.3125,0.7441478972555924,4.0,7.0,1.9230769230769231,0.8972893653265959,0.15789473684210525,0.0
649,1,19.0,49.0,2.5789473684210527,0.14327485380116958,0.1111111111111111,0.0,0.5625,0.1875,0.0625,0.375,0.7368421052631579,0.0,0.07142857142857142,0.7142857142857143,0.6648299114331722,0.36842469428330443,0.19479166666666667,0.3157424378144899,NaN,NaN,NaN,NaN,3.0625,2.619637379485947,2.8449730094466936,1.1304709540936433,4.777777777777778,0.375,0.6038640419210947,4.0,7.0,1.6043956043956045,0.7130392053911963,0.10526315789473684,0.0
65,1,19.0,55.0,2.8947368421052633,0.1608187134502924,0.1111111111111111,0.05555555555555555,0.5625,0.1875,0.0,0.25,0.7368421052631579,0.0,0.0,0.7142857142857143,0.32648335375816995,0.18210194025727555,0.09270833333333334,0.1724516840547906,NaN,NaN,NaN,NaN,3.4375,2.337199178504049,2.8513298105403364,1.1800884329576748,4.875,0.6875,0.656061982548029,4.0,9.0,1.7685950413223142,0.750114775423428,0.15789473684210525,0.0
650,1,19.0,49.0,2.5789473684210527,0.14327485380116958,0.1111111111111111,0.0,0.5,0.3125,0.0625,0.3125,0.7368421052631579,0.0,0.07142857142857142,0.7142857142857143,0.47044330837173576,0.2768542897846509,0.17083333333333334,0.2948634335492355,NaN,NaN,NaN,NaN,3.0625,2.112463017427761,2.7652605779153765,1.1739610632644326,4.333333333333334,0.625,0.686963806533641,5.0,10.0,1.934782608695652,0.8388950130421647,0.2631578947368421,0.0
651,1,19.0,39.0,2.0526315789473686,0.11403508771929824,0.1111111111111111,0.1111111111111111,0.625,0.25,0.0625,0.1875,0.7368421052631579,0.0,0.07142857142857142,0.6428571428571429,0.5032852564102563,0.2617700368901224,0.11875,0.28099525500145617,NaN,NaN,NaN,NaN,2.4375,1.998958061924595,2.985087719298246,1.3243551276842334,5.0,0.5625,0.683063648877653,4.0,8.0,1.946236559139785,0.9132549455685542,0.21052631578947367,0.0
652,1,19.0,55.0,2.8947368421052633,0.1608187134502924,0.1111111111111111,0.0,0.625,0.25,0.125,0.25,0.7368421052631579,0.0,0.14285714285714285,0.5714285714285714,0.7082627118644067,0.25293338699257123,0.17916666666666667,0.36247605284885903,NaN,NaN,NaN,NaN,3.4375,3.244867742553873,3.2361354398638493,1.5151280271164502,5.5,0.6875,1.0297403074316367,5.0,11.0,2.0,1.0,0.3157894736842105,0.0
653,1,19.0,38.0,2.0,0.1111111111111111,0.1111111111111111,0.1111111111111111,0.5625,0.25,0.0625,0.25,0.7368421052631579,0.0,0.07142857142857142,0.7142857142857143,0.5160590277777777,0.37269205647948256,0.12395833333333334,0.2692904772009421,NaN,NaN,NaN,NaN,2.375,1.9958289839896939,2.8649122807017546,1.2271226851747286,4.5,0.5,0.7182174439702359,4.0,7.0,1.9052631578947368,0.851452878601795,0.15789473684210525,0.0
654,1,19.0,44.0,2.3157894736842106,0.1286549707602339,0.1111111111111111,0.1111111111111111,0.6875,0.25,0.0625,0.0625,0.7368421052631579,0.0,0.07142857142857142,0.7142857142857143,0.6041666666666666,0.4589642122738418,0.0625,0.25,NaN,NaN,NaN,NaN,2.75,3.678767909685705,2.9778171390013495,1.2757327674768766,4.5,0.375,0.7698829417240356,4.0,8.0,1.618421052631579,0.7477451484413281,0.15789473684210525,0.0
655,1,19.0,48.0,2.526315789473684,0.14035087719298245,0.1111111111111111,0.05555555555555555,0.625,0.25,0.0625,0.1875,0.7368421052631579,0.0,0.07142857142857142,0.7142857142857143,0.3426816239316239,0.27277039007517406,0.09895833333333333,0.2603749966661333,NaN,NaN,NaN,NaN,3.0,2.160246899469287,2.9232456140350878,1.2749261021533431,5.0,0.5,0.7028604977060657,4.0,10.0,1.8376068376068375,0.8195590168022128,0.3157894736842105,0.0
656,1,19.0,45.0,2.3684210526315788,0.13157894736842105,0.1111111111111111,0.0,0.625,0.1875,0.0625,0.1875,0.7368421052631579,0.0,0.07142857142857142,0.5714285714285714,0.4564342948717949,0.2990015132540754,0.09895833333333333,0.2603749966661333,NaN,NaN,NaN,NaN,2.8125,2.5876308340513594,3.0100668337510443,1.277188786350462,4.833333333333334,0.5,0.7249134039914562,4.0,9.0,1.8611111111111112,0.869615161778482,0.15789473684210525,0.0
657,1,19.0,50.0,2.6315789473684212,0.14619883040935672,0.1111111111111111,0.0,0.625,0.3125,0.125,0.1875,0.7368421052631579,0.0,0.14285714285714285,0.6428571428571429,0.3482510288065843,0.40559290962315797,0.16666666666666666,0.3651483716701107,NaN,NaN,NaN,NaN,3.125,3.947573094109004,2.9494736842105262,1.3452033042720946,5.0,0.375,0.8247803913027703,5.0,9.0,1.9210526315789473,0.9326405262413293,0.2631578947368421,0.0
658,1,19.0,63.0,3.3157894736842106,0.18421052631578946,0.1111111111111111,0.05555555555555555,0.5625,0.25,0.0625,0.3125,0.7368421052631579,0.0,0.07142857142857142,0.7142857142857143,0.703464345725688,0.2970361373526159,0.17291666666666666,0.3072503503297885,NaN,NaN,NaN,NaN,3.9375,2.644963767867782,2.8073684210526317,1.1105220790862471,4.055555555555555,0.5625,0.6756175262701277,3.0,10.0,1.5901639344262295,0.6132705759692713,0.2631578947368421,0.0
659,1,19.0,46.0,2.4210526315789473,0.13450292397660818,0.1111111111111111,0.0,0.625,0.1875,0.0,0.25,0.7368421052631579,0.0,0.0,0.7142857142857143,0.3500298394097222,0.15231958326205836,0.08333333333333333,0.15811388300841894,NaN,NaN,NaN,NaN,2.875,3.0304015135511886,2.952631578947369,1.2197402894083529,5.0,0.4375,0.6322800854144046,4.0,8.0,1.8349514563106797,0.8755624229282208,0.0,0.0
66,1,19.0,45.0,2.3684210526315788,0.13157894736842105,0.1111111111111111,0.0,0.625,0.25,0.0,0.1875,0.7368421052631579,0.0,0.0,0.7142857142857143,0.3498076923076923,0.2335589498124089,0.0875,0.18929694486000911,NaN,NaN,NaN,NaN,2.8125,2.5876308340513594,2.9957556935817804,1.3804975916514792,5.5,0.5625,0.7291381379507456,4.0,8.0,1.8526315789473684,0.8987985012229781,0.10526315789473684,0.0
660,1,19.0,53.0,2.789473684210526,0.15497076023391812,0.1111111111111111,0.05555555555555555,0.625,0.1875,0.0625,0.1875,0.7368421052631579,0.0,0.07142857142857142,0.6428571428571429,0.5780623697290362,0.27350995906506637,0.12499999999999999,0.2950204010522612,NaN,NaN,NaN,NaN,3.3125,2.5223996511258875,3.0662049861495846,1.3243221075004095,4.833333333333334,0.6875,0.6381604962086904,4.0,10.0,1.9154929577464788,0.8032995585714701,0.3684210526315789,0.0
661,1,19.0,60.0,3.1578947368421053,0.17543859649122806,0.1111111111111111,0.0,0.5625,0.3125,0.0625,0.3125,0.7368421052631579,0.0,0.07142857142857142,0.5714285714285714,0.5790105468343226,0.2671913676582891,0.16875,0.3044043972038464,NaN,NaN,NaN,NaN,3.75,3.4544657088084305,2.8433799951609955,1.1689778640318922,4.166666666666666,0.5,0.7712511740974567,4.0,10.0,1.748091603053435,0.75796804733122,0.42105263157894735,0.0
662,1,19.0,55.0,2.8947368421052633,0.1608187134502924,0.1111111111111111,0.05555555555555555,0.5625,0.1875,0.0625,0.3125,0.7368421052631579,0.0,0.07142857142857142,0.7142857142857143,0.590095029239766,0.2748259946233624,0.16979166666666665,0.3017368702841748,NaN,NaN,NaN,NaN,3.4375,2.1281838892977896,2.8608303054286432,1.1442395748752134,4.416666666666666,0.75,0.6027709533337102,4.0,10.0,1.7761194029850746,0.7112605673438446,0.21052631578947367,0.0
663,1,19.0,72.0,3.789473684210526,0.21052631578947367,0.1111111111111111,0.0,0.625,0.25,0.0,0.1875,0.7368421052631579,0.0,0.0,0.7142857142857143,0.20914977477477478,0.15505323889055264,0.071875,0.16121285101794253,NaN,NaN,NaN,NaN,4.5,3.687817782917155,2.880744642354549,1.1896634437746216,4.333333333333334,0.5625,0.732915814628729,4.0,11.0,1.6214285714285714,0.693939407539357,0.3684210526315789,0.0
664,1,19.0,62.0,3.263157894736842,0.18128654970760233,0.1111111111111111,0.0,0.5625,0.375,0.125,0.375,0.7368421052631579,0.0,0.14285714285714285,0.6428571428571429,0.6541527777777776,0.23504887373750058,0.24479166666666666,0.36952014679701684,NaN,NaN,NaN,NaN,3.875,4.064070209367287,2.8630952380952377,1.2804784508097582,4.666666666666666,0.4375,0.8344061859055796,4.0,10.0,1.6638655462184875,0.7396438781702593,0.21052631578947367,0.0
665,1,19.0,67.0,3.526315789473684,0.195906432748538,0.1111111111111111,0.0,0.5625,0.1875,0.0,0.3125,0.7368421052631579,0.0,0.0,0.7142857142857143,0.389958109919571,0.209723400836548,0.109375,0.17908913050955008,NaN,NaN,NaN,NaN,4.1875,3.798574293951175,2.8671961767163006,1.1088422050357216,4.428571428571429,0.75,0.6874982230615991,4.0,10.0,1.664179104477612,0.7144484159888429,0.21052631578947367,0.0
666,1,19.0,63.0,3.3157894736842106,0.18421052631578946,0.1111111111111111,0.0,0.5625,0.1875,0.125,0.375,0.7368421052631579,0.0,0.14285714285714285,0.6428571428571429,0.6139018691588786,0.3354774019671807,0.2,0.34399612400917157,NaN,NaN,NaN,NaN,3.9375,4.3736902801486375,2.8330258670549053,1.0979881689697717,4.178571428571429,0.5625,0.6559435155921742,4.0,9.0,1.606837606837607,0.7065855849919112,0.21052631578947367,0.0
667,1,19.0,64.0,3.3684210526315788,0.1871345029239766,0.1111111111111111,0.0,0.5625,0.125,0.0625,0.375,0.7368421052631579,0.0,0.07142857142857142,0.7142857142857143,0.6828894412878787,0.17603113954928962,0.171875,0.2828242976360647,NaN,NaN,NaN,NaN,4.0,2.804757862395017,3.005743125756976,1.1502272198192562,4.428571428571429,0.75,0.7530729520338968,4.0,10.0,1.707142857142857,0.6942355515441061,0.2631578947368421,0.0
668,1,19.0,62.0,3.263157894736842,0.18128654970760233,0.1111111111111111,0.0,0.5625,0.1875,0.0,0.25,0.7368421052631579,0.0,0.0,0.6428571428571429,0.3120397751491901,0.20475257239104896,0.08958333333333333,0.16984470030655127,NaN,NaN,NaN,NaN,3.875,3.2837986133947576,2.9409888357256775,1.196756067507008,4.666666666666666,0.6875,0.7095852295642039,4.0,11.0,1.7153846153846153,0.7391029067310065,0.3157894736842105,0.0
669,1,19.0,31.0,1.631578947368421,0.09064327485380116,0.1111111111111111,0.1111111111111111,0.5625,0.3125,0.125,0.25,0.7368421052631579,0.0,0.14285714285714285,0.6428571428571429,0.2586805555555555,0.3262706641674919,0.15625,0.34003676271838607,NaN,NaN,NaN,NaN,1.9375,1.1236102527122116,3.0008771929824563,1.4078754864387475,5.0,0.375,0.7028900061975738,4.0,8.0,2.046511627906977,0.9690137708508045,0.15789473684210525,0.0
67,1,19.0,51.0,2.6842105263157894,0.14912280701754385,0.1111111111111111,0.0,0.6875,0.25,0.0625,0.1875,0.7368421052631579,0.0,0.07142857142857142,0.6428571428571429,0.5963061465721039,0.21139130070499051,0.125,0.28867513459481287,NaN,NaN,NaN,NaN,3.1875,3.0598202561588486,3.1794790005316322,1.4391049310200839,5.0,0.5625,0.8283369467463159,4.0,12.0,1.888,0.8539849662497844,0.42105263157894735,0.0
670,1,19.0,46.0,2.4210526315789473,0.13450292397660818,0.1111111111111111,0.05555555555555555,0.5625,0.25,0.0625,0.1875,0.7368421052631579,0.0,0.07142857142857142,0.6428571428571429,0.27293679549114336,0.29728371415026505,0.11875,0.28099525500145617,NaN,NaN,NaN,NaN,2.875,2.3345235059857505,2.8595864661654136,1.2372809996609921,4.857142857142858,0.6875,0.8096714084343002,4.0,8.0,1.6046511627906976,0.6735170161166174,0.21052631578947367,0.0
671,1,19.0,71.0,3.736842105263158,0.20760233918128654,0.1111111111111111,0.0,0.5625,0.1875,0.0625,0.3125,0.7368421052631579,0.0,0.07142857142857142,0.6428571428571429,0.4869206276260504,0.28703388205680247,0.146875,0.27896759071022326,NaN,NaN,NaN,NaN,4.4375,3.6691279617914665,2.9425495557074504,1.1654601400415356,4.333333333333334,0.5,0.7152689842725239,4.0,10.0,1.6153846153846154,0.6975551478253191,0.2631578947368421,0.0
672,1,19.0,68.0,3.5789473684210527,0.19883040935672514,0.1111111111111111,0.0,0.5625,0.1875,0.0625,0.4375,0.7368421052631579,0.0,0.07142857142857142,0.5714285714285714,0.7523871527777779,0.13166068872925404,0.215625,0.3070449810212998,NaN,NaN,NaN,NaN,4.25,3.7327380477785117,2.9437400318979265,1.1737040889103172,4.5,0.6875,0.735978531248087,4.0,10.0,1.6412213740458015,0.7132666163512592,0.15789473684210525,0.0
673,1,19.0,44.0,2.3157894736842106,0.1286549707602339,0.1111111111111111,0.0,0.5625,0.375,0.1875,0.25,0.7368421052631579,0.0,0.21428571428571427,0.5714285714285714,0.5580357142857143,0.4008358849349064,0.203125,0.40019526483955303,NaN,NaN,NaN,NaN,2.75,2.8635642126552705,2.6585812356979406,1.092369486571415,4.0,0.25,0.7050383077639257,4.0,7.0,1.684782608695652,0.7098885197433816,0.10526315789473684,0.0
674,1,19.0,41.0,2.1578947368421053,0.11988304093567251,0.1111111111111111,0.1111111111111111,0.5625,0.25,0.0625,0.25,0.7368421052631579,0.0,0.07142857142857142,0.6428571428571429,0.5226562499999999,0.32292058689376685,0.14583333333333334,0.29107081994288303,NaN,NaN,NaN,NaN,2.5625,1.8246004128758346,2.80806342780027,1.1549167499956814,4.461538461538462,0.5625,0.5009125136010594,3.0,6.0,1.7191011235955056,0.706926189488752,0.0,0.0
675,1,19.0,44.0,2.3157894736842106,0.1286549707602339,0.1111111111111111,0.0,0.5625,0.25,0.0625,0.1875,0.7368421052631579,0.0,0.07142857142857142,0.6428571428571429,0.3157665505226481,0.34588485313702005,0.11875,0.28099525500145617,NaN,NaN,NaN,NaN,2.75,2.4358434541926814,2.843674976915974,1.24980565429265,5.25,0.5625,0.716843425673218,5.0,9.0,2.0672268907563027,1.063501511533233,0.2631578947368421,0.0
676,1,19.0,46.0,2.4210526315789473,0.13450292397660818,0.1111111111111111,0.1111111111111111,0.625,0.1875,0.0625,0.3125,0.7368421052631579,0.0,0.07142857142857142,0.7142857142857143,0.44256944444444435,0.35539966924171346,0.16041666666666665,0.29639032072964566,NaN,NaN,NaN,NaN,2.875,2.6299556396765835,3.003084634663582,1.2773611886996412,5.0,0.3125,0.5726578525785251,4.0,6.0,1.6666666666666667,0.7874992309581579,0.0,0.0
677,1,19.0,45.0,2.3684210526315788,0.13157894736842105,0.1111111111111111,0.05555555555555555,0.5625,0.1875,0.0625,0.3125,0.7368421052631579,0.0,0.07142857142857142,0.6428571428571429,0.43353851010101,0.245061647218071,0.15208333333333335,0.28178498501122756,NaN,NaN,NaN,NaN,2.8125,1.7211914478058505,3.0087301587301587,1.2198381716559679,4.466666666666667,0.625,0.7224929487636933,4.0,9.0,1.9285714285714286,0.8017837257372731,0.21052631578947367,0.0
678,1,19.0,57.0,3.0,0.16666666666666666,0.1111111111111111,0.0,0.625,0.125,0.0625,0.3125,0.7368421052631579,0.0,0.07142857142857142,0.6428571428571429,0.3698412698412698,0.27441823722918923,0.13020833333333331,0.2617051457907034,NaN,NaN,NaN,NaN,3.5625,2.9432125305522874,3.062531328320802,1.2209480686168839,4.857142857142858,0.5625,0.6791394059958422,4.0,10.0,1.8031496062992125,0.7972111118175658,0.10526315789473684,0.0
679,1,19.0,47.0,2.473684210526316,0.13742690058479531,0.1111111111111111,0.0,0.6875,0.25,0.0,0.125,0.7368421052631579,0.0,0.0,0.5714285714285714,0.08854166666666666,0.13187132476886815,0.046875,0.13597640726733934,NaN,NaN,NaN,NaN,2.9375,3.04343555870664,3.07396331738437,1.4407071187433091,5.125,0.3125,0.8238017915754885,5.0,8.0,2.0,1.0677078252031311,0.15789473684210525,0.0
68,1,19.0,58.0,3.0526315789473686,0.1695906432748538,0.1111111111111111,0.0,0.5625,0.25,0.0,0.25,0.7368421052631579,0.0,0.0,0.6428571428571429,0.46909471218206145,0.24601830494473,0.12916666666666665,0.23629078131263043,NaN,NaN,NaN,NaN,3.625,3.364025366531392,2.832282698210676,1.142745548860764,4.5,0.625,0.6796016149067465,3.0,9.0,1.626086956521739,0.6550863016028297,0.21052631578947367,0.0
680,1,19.0,57.0,3.0,0.16666666666666666,0.1111111111111111,0.0,0.625,0.125,0.0625,0.25,0.7368421052631579,0.0,0.07142857142857142,0.6428571428571429,0.40147176135690593,0.25922303392626306,0.13020833333333331,0.27716947282604315,NaN,NaN,NaN,NaN,3.5625,2.6068819177963034,2.879518726887148,1.116826756785964,4.2,0.625,0.6877111583043376,3.0,11.0,1.672,0.6447805328046676,0.2631578947368421,0.0
681,1,19.0,45.0,2.3684210526315788,0.13157894736842105,0.1111111111111111,0.05555555555555555,0.625,0.25,0.0625,0.125,0.7368421052631579,0.0,0.07142857142857142,0.5714285714285714,0.39411609299516903,0.32463345698419366,0.10416666666666666,0.291070819942883,NaN,NaN,NaN,NaN,2.8125,2.4281337140555777,2.9588369391859093,1.2370399120090716,4.8,0.5,0.6639191968579703,4.0,11.0,1.8440366972477065,0.7837978755724933,0.10526315789473684,0.0
682,1,19.0,44.0,2.3157894736842106,0.1286549707602339,0.1111111111111111,0.0,0.5625,0.3125,0.125,0.1875,0.7368421052631579,0.0,0.14285714285714285,0.6428571428571429,0.4913865546218487,0.3872845582578258,0.14583333333333334,0.34359213546813844,NaN,NaN,NaN,NaN,2.75,2.1134489978863145,2.7995228455754773,1.204867657494427,4.5,0.5,0.7241897397330934,4.0,9.0,1.9380530973451326,0.837547289077586,0.2631578947368421,0.0
683,1,19.0,66.0,3.473684210526316,0.19298245614035087,0.1111111111111111,0.0,0.5,0.25,0.0625,0.375,0.7368421052631579,0.0,0.07142857142857142,0.6428571428571429,0.5277094687279872,0.28028086232698873,0.20208333333333334,0.30803288665215484,NaN,NaN,NaN,NaN,4.125,3.095695936834452,2.855857081514976,1.1819679546149708,4.333333333333334,0.5625,0.7095060283771879,4.0,11.0,1.7862068965517242,0.7922033873296374,0.3684210526315789,0.0
684,1,19.0,64.0,3.3684210526315788,0.1871345029239766,0.1111111111111111,0.0,0.625,0.1875,0.0,0.3125,0.7368421052631579,0.0,0.0,0.6428571428571429,0.5175426136363637,0.09997155996236397,0.13958333333333334,0.21746647251166482,NaN,NaN,NaN,NaN,4.0,3.8815804341359033,2.8493278182806794,1.1032089475297566,4.064516129032258,0.5625,0.5960536489584949,3.0,8.0,1.5486725663716814,0.6407466409598966,0.15789473684210525,0.0
685,1,19.0,49.0,2.5789473684210527,0.14327485380116958,0.1111111111111111,0.0,0.6875,0.25,0.0,0.1875,0.7368421052631579,0.0,0.0,0.6428571428571429,0.5131172839506173,0.21583385863100174,0.08854166666666666,0.20518453753741894,NaN,NaN,NaN,NaN,3.0625,2.931865162884087,2.9591822693989878,1.2428324308423295,4.411764705882353,0.3125,0.6489920443159514,3.0,8.0,1.7339449541284404,0.7282933097935502,0.10526315789473684,0.0
686,1,19.0,43.0,2.263157894736842,0.12573099415204678,0.1111111111111111,0.05555555555555555,0.625,0.125,0.0625,0.375,0.7368421052631579,0.0,0.07142857142857142,0.7142857142857143,0.839657738095238,0.18215282613553102,0.17916666666666667,0.29953667926019045,NaN,NaN,NaN,NaN,2.6875,1.9224550276491081,2.8719715956558063,1.0968261562308843,4.571428571428571,0.625,0.6391003130143295,3.0,6.0,1.670731707317073,0.7210225600275306,0.10526315789473684,0.0
687,1,19.0,47.0,2.473684210526316,0.13742690058479531,0.1111111111111111,0.0,0.5625,0.1875,0.0,0.25,0.7368421052631579,0.0,0.0,0.6428571428571429,0.2986819727891156,0.2094391955587065,0.10833333333333334,0.19720265943665383,NaN,NaN,NaN,NaN,2.9375,2.489143092177172,2.8372180451127815,1.1613379034351283,4.5,0.6875,0.6869624446243758,4.0,8.0,1.7476635514018692,0.7280557974667905,0.21052631578947367,0.0
688,1,19.0,58.0,3.0526315789473686,0.1695906432748538,0.1111111111111111,0.0,0.625,0.125,0.0625,0.3125,0.7368421052631579,0.0,0.07142857142857142,0.7142857142857143,0.7320652838962312,0.14977317768318782,0.15625,0.29324967241306577,NaN,NaN,NaN,NaN,3.625,3.5378901433858383,3.15385071446192,1.3104702647291655,5.0,0.75,0.7138983453679107,4.0,9.0,1.8307692307692307,0.8457688721467745,0.21052631578947367,0.0
689,1,19.0,63.0,3.3157894736842106,0.18421052631578946,0.1111111111111111,0.1111111111111111,0.6875,0.25,0.0625,0.0625,0.7368421052631579,0.0,0.07142857142857142,0.7142857142857143,0.5679202876835481,0.42186992627449443,0.0625,0.25,NaN,NaN,NaN,NaN,3.9375,3.8029593739612837,2.90361649738381,1.193659382102447,4.2631578947368425,0.5,0.6805728151630651,3.0,10.0,1.4848484848484849,0.6286304576769324,0.3157894736842105,0.0
69,1,19.0,47.0,2.473684210526316,0.13742690058479531,0.1111111111111111,0.05555555555555555,0.5,0.25,0.0,0.3125,0.7368421052631579,0.0,0.0,0.6428571428571429,0.39502928187403985,0.20445171919021177,0.12083333333333333,0.19621416870348585,NaN,NaN,NaN,NaN,2.9375,1.94828984838841,2.8889885699096225,1.2011353206858149,4.555555555555555,0.5,0.7317625339447784,4.0,10.0,1.9473684210526316,0.8286150317327082,0.3157894736842105,0.0
690,1,19.0,51.0,2.6842105263157894,0.14912280701754385,0.1111111111111111,0.0,0.5625,0.375,0.0625,0.3125,0.7368421052631579,0.0,0.07142857142857142,0.6428571428571429,0.3763085399449036,0.25119502043935665,0.18125,0.3037954355593031,NaN,NaN,NaN,NaN,3.1875,3.25,2.8950331082429424,1.3439578634314702,5.0,0.5,0.7641042703785453,4.0,10.0,1.9516129032258065,0.9270535430610638,0.2631578947368421,0.0
691,1,19.0,43.0,2.263157894736842,0.12573099415204678,0.1111111111111111,0.05555555555555555,0.625,0.1875,0.0,0.3125,0.7368421052631579,0.0,0.0,0.6428571428571429,0.5834957246787603,0.16499921887764057,0.121875,0.21140786890992738,NaN,NaN,NaN,NaN,2.6875,2.0886598574205424,3.0567251461988305,1.281067730449032,5.0,0.4375,0.6616261876314615,4.0,8.0,2.024193548387097,0.8877092990573181,0.15789473684210525,0.0
692,1,19.0,42.0,2.210526315789474,0.12280701754385964,0.1111111111111111,0.1111111111111111,0.5625,0.375,0.1875,0.3125,0.7368421052631579,0.0,0.21428571428571427,0.5714285714285714,0.5549894323671498,0.37940159967292675,0.25,0.41275945824459354,NaN,NaN,NaN,NaN,2.625,1.707825127659933,2.5976019594440647,1.043575804176605,4.181818181818182,0.4375,0.6403954225825266,3.0,6.0,1.6125,0.6461913734639612,0.10526315789473684,0.0
693,1,19.0,46.0,2.4210526315789473,0.13450292397660818,0.1111111111111111,0.05555555555555555,0.5625,0.3125,0.125,0.25,0.7368421052631579,0.0,0.14285714285714285,0.6428571428571429,0.5675420673076922,0.33689537539440084,0.18125,0.35443617196894567,NaN,NaN,NaN,NaN,2.875,2.753785273643051,2.802395695120153,1.1973244530509364,4.380952380952381,0.5625,0.7496705073449557,4.0,10.0,1.7927927927927927,0.7641646314424556,0.21052631578947367,0.0
694,1,19.0,57.0,3.0,0.16666666666666666,0.1111111111111111,0.0,0.6875,0.25,0.0,0.125,0.7368421052631579,0.0,0.0,0.7142857142857143,0.1657433712121212,0.15934023084731413,0.046875,0.13597640726733934,NaN,NaN,NaN,NaN,3.5625,3.9994791327538306,2.8123684210526316,1.1177735414915133,4.08,0.3125,0.5958415706530518,3.0,8.0,1.5257731958762886,0.6469927792158026,0.10526315789473684,0.0
695,1,19.0,56.0,2.9473684210526314,0.16374269005847952,0.1111111111111111,0.1111111111111111,0.5625,0.25,0.0625,0.3125,0.7368421052631579,0.0,0.07142857142857142,0.5714285714285714,0.4103349673202615,0.2611926102765783,0.1875,0.3154949081000152,NaN,NaN,NaN,NaN,3.5,3.847076812334269,2.905834297281666,1.3069021425134237,4.833333333333334,0.625,0.8331047376157168,4.0,11.0,1.7226890756302522,0.7470208599621765,0.2631578947368421,0.0
696,1,19.0,37.0,1.9473684210526316,0.10818713450292397,0.1111111111111111,0.05555555555555555,0.5625,0.1875,0.0625,0.25,0.7368421052631579,0.0,0.07142857142857142,0.5714285714285714,0.5512152777777779,0.22031819786765658,0.13541666666666666,0.2803354472109494,NaN,NaN,NaN,NaN,2.3125,1.579820664927932,3.260541705140043,1.4579607110940402,5.555555555555555,0.625,0.7463926755437175,5.0,9.0,2.28125,1.0569418074104027,0.15789473684210525,0.0
697,1,19.0,55.0,2.8947368421052633,0.1608187134502924,0.1111111111111111,0.0,0.5625,0.25,0.0625,0.375,0.7368421052631579,0.0,0.07142857142857142,0.6428571428571429,0.6026515151515149,0.23817350656158712,0.196875,0.3063657188781142,NaN,NaN,NaN,NaN,3.4375,2.6575364531836625,2.9940692317839135,1.300475143453374,4.666666666666666,0.625,0.753665989872044,4.0,9.0,1.9280575539568345,0.8651069111260362,0.2631578947368421,0.0
698,1,19.0,45.0,2.3684210526315788,0.13157894736842105,0.1111111111111111,0.05555555555555555,0.5625,0.25,0.125,0.375,0.7368421052631579,0.0,0.14285714285714285,0.6428571428571429,0.4694236111111111,0.2949707503634197,0.22291666666666665,0.34996692965457726,NaN,NaN,NaN,NaN,2.8125,2.4281337140555777,2.8031328320802005,1.1687024815776215,4.5,0.5625,0.6435412825882908,5.0,8.0,1.8613861386138615,0.9594759295604766,0.0,0.0
699,1,19.0,52.0,2.736842105263158,0.15204678362573099,0.1111111111111111,0.0,0.625,0.3125,0.0625,0.125,0.7368421052631579,0.0,0.07142857142857142,0.6428571428571429,0.2772513944388944,0.2934052985436755,0.09375,0.2719528145346787,NaN,NaN,NaN,NaN,3.25,3.0876096471758427,2.871594202898551,1.251671016387022,4.833333333333334,0.5,0.7800136137481418,5.0,10.0,1.921875,0.8927474623296685,0.3684210526315789,0.0
7,1,19.0,59.0,3.1052631578947367,0.17251461988304093,0.1111111111111111,0.0,0.5,0.3125,0.0,0.3125,0.7368421052631579,0.0,0.0,0.7142857142857143,0.4618406285072951,0.2586040601577181,0.15624999999999997,0.2543601267378086,NaN,NaN,NaN,NaN,3.6875,3.78978891232744,2.8165100250626565,1.2314386837100653,5.0,0.625,0.7666456855053769,4.0,8.0,1.6261682242990654,0.7336052674393374,0.10526315789473684,0.0
70,1,19.0,40.0,2.1052631578947367,0.11695906432748537,0.1111111111111111,0.05555555555555555,0.625,0.25,0.0625,0.25,0.7368421052631579,0.0,0.07142857142857142,0.5714285714285714,0.46435546874999994,0.29775047379505926,0.121875,0.2726222967159265,NaN,NaN,NaN,NaN,2.5,2.1291625896895083,2.8995614035087716,1.2391207857337503,5.0,0.4375,0.7055259853147976,4.0,10.0,2.0353982300884956,0.9056292557804274,0.0,0.0
700,1,19.0,65.0,3.4210526315789473,0.19005847953216373,0.1111111111111111,0.0,0.5,0.1875,0.0,0.375,0.7368421052631579,0.0,0.0,0.7142857142857143,0.5586805555555555,0.17821668909393684,0.159375,0.22827604715279198,NaN,NaN,NaN,NaN,4.0625,3.7677358364584603,2.939390142021721,1.1779865177991014,4.666666666666666,0.5625,0.6991070756085093,4.0,10.0,1.7537313432835822,0.8174466680465691,0.21052631578947367,0.0
701,1,19.0,30.0,1.5789473684210527,0.08771929824561403,0.1111111111111111,0.2222222222222222,0.6875,0.3125,0.0,0.0625,0.7368421052631579,0.0,0.0,0.6428571428571429,0.22509765625,0.22147151454432532,0.03125,0.125,NaN,NaN,NaN,NaN,1.875,1.8211717839530315,3.102631578947368,1.4932384968842043,5.75,0.3125,0.7344349093114553,5.0,7.0,2.04,1.0959384476698868,0.0,0.0
702,1,19.0,39.0,2.0526315789473686,0.11403508771929824,0.1111111111111111,0.1111111111111111,0.625,0.375,0.0625,0.125,0.7368421052631579,0.0,0.07142857142857142,0.5714285714285714,0.3048145325203252,0.3439677547156466,0.09375,0.2719528145346787,NaN,NaN,NaN,NaN,2.4375,2.0320351046836436,2.8142610313662946,1.265241742159503,4.833333333333334,0.4375,0.7446261437571867,4.0,9.0,1.8854166666666667,0.8318627374964501,0.2631578947368421,0.0
703,1,19.0,35.0,1.8421052631578947,0.1023391812865497,0.1111111111111111,0.1111111111111111,0.6875,0.25,0.0,0.125,0.7368421052631579,0.0,0.0,0.5714285714285714,0.23419744318181818,0.19309289358498088,0.04375,0.13149778198382917,NaN,NaN,NaN,NaN,2.1875,1.8697147732564272,3.005263157894737,1.3001460344327487,4.666666666666666,0.5,0.7026338504022508,4.0,9.0,2.108108108108108,0.9180151647722615,0.10526315789473684,0.0
704,1,19.0,37.0,1.9473684210526316,0.10818713450292397,0.1111111111111111,0.1111111111111111,0.5,0.25,0.0625,0.25,0.7368421052631579,0.0,0.07142857142857142,0.7142857142857143,0.5043836805555556,0.33657200940098553,0.13958333333333334,0.2839454172900136,NaN,NaN,NaN,NaN,2.3125,1.778341924377874,2.913157894736842,1.4130408824278957,6.0,0.6875,0.4990920184122791,5.0,7.0,2.1052631578947367,1.0765753841096186,0.0,0.0
705,1,19.0,40.0,2.1052631578947367,0.11695906432748537,0.1111111111111111,0.05555555555555555,0.6875,0.25,0.0625,0.0625,0.7368421052631579,0.0,0.07142857142857142,0.5714285714285714,0.16527777777777777,0.2633083282392804,0.0625,0.25,NaN,NaN,NaN,NaN,2.5,3.22490309931942,3.0467105263157896,1.3487895943708346,4.6875,0.5,0.8314942045375223,4.0,9.0,1.903225806451613,0.8854440807845255,0.0,0.0
706,1,19.0,59.0,3.1052631578947367,0.17251461988304093,0.1111111111111111,0.0,0.625,0.3125,0.0625,0.3125,0.7368421052631579,0.0,0.07142857142857142,0.6428571428571429,0.6053367045120516,0.24896042454649248,0.18229166666666666,0.31360914279472857,NaN,NaN,NaN,NaN,3.6875,3.400367627183861,2.7739965300748124,1.1354693263297317,4.129032258064516,0.4375,0.69926892097813,3.0,9.0,1.5631067961165048,0.6518435833159845,0.15789473684210525,0.0
707,1,19.0,55.0,2.8947368421052633,0.1608187134502924,0.1111111111111111,0.0,0.5,0.25,0.125,0.375,0.7368421052631579,0.0,0.14285714285714285,0.5714285714285714,0.731521095127866,0.3297762930312766,0.234375,0.3641564961712254,NaN,NaN,NaN,NaN,3.4375,3.365882747016994,2.9257044125465184,1.3543576837510098,5.833333333333334,0.6875,0.7481738508049576,5.0,8.0,1.8256880733944953,0.941276091048031,0.0,0.0
708,1,19.0,39.0,2.0526315789473686,0.11403508771929824,0.1111111111111111,0.16666666666666666,0.625,0.1875,0.0,0.25,0.7368421052631579,0.0,0.0,0.5714285714285714,0.3955078125,0.18567378260965914,0.10625,0.21054382846263547,NaN,NaN,NaN,NaN,2.4375,1.75,3.158333333333333,1.4178229969761593,6.0,0.6875,0.7431300964036759,5.0,8.0,2.141509433962264,1.072945915694445,0.0,0.0
709,1,19.0,50.0,2.6315789473684212,0.14619883040935672,0.1111111111111111,0.05555555555555555,0.5625,0.25,0.125,0.4375,0.7368421052631579,0.0,0.14285714285714285,0.5714285714285714,0.8038998983739836,0.18800420004315468,0.265625,0.36415649617122536,NaN,NaN,NaN,NaN,3.125,2.276693508870558,2.880701754385965,1.2482292559239452,5.0,0.5,0.7145181934599205,4.0,8.0,1.6699029126213591,0.7328208928993939,0.21052631578947367,0.0
71,1,19.0,46.0,2.4210526315789473,0.13450292397660818,0.1111111111111111,0.0,0.5625,0.1875,0.0625,0.375,0.7368421052631579,0.0,0.07142857142857142,0.5714285714285714,0.6398371848739495,0.20917836510543275,0.203125,0.3117583792571373,NaN,NaN,NaN,NaN,2.875,2.526525941551627,3.2493067345783815,1.632827903749556,6.333333333333333,0.75,0.9528816938272959,6.0,11.0,2.024390243902439,1.0747734388335393,0.15789473684210525,0.0
710,1,19.0,71.0,3.736842105263158,0.20760233918128654,0.1111111111111111,0.0,0.625,0.25,0.0,0.25,0.7368421052631579,0.0,0.0,0.6428571428571429,0.4990948980483178,0.21575991136874553,0.10625,0.21054382846263547,NaN,NaN,NaN,NaN,4.4375,3.915247970009903,2.910653330157974,1.1637868471125752,4.266666666666667,0.625,0.6935321632238436,3.0,11.0,1.6482758620689655,0.661763578993857,0.2631578947368421,0.0
711,1,19.0,46.0,2.4210526315789473,0.13450292397660818,0.1111111111111111,0.0,0.625,0.1875,0.0,0.25,0.7368421052631579,0.0,0.0,0.6428571428571429,0.1772225935828877,0.15920604384731749,0.0875,0.16583123951776996,NaN,NaN,NaN,NaN,2.875,1.927865832122834,2.811270965876229,1.085913430901546,4.125,0.5,0.5404499769676868,3.0,7.0,1.7339449541284404,0.7024059424955109,0.21052631578947367,0.0
712,1,19.0,67.0,3.526315789473684,0.195906432748538,0.1111111111111111,0.0,0.5,0.375,0.125,0.25,0.7368421052631579,0.0,0.14285714285714285,0.6428571428571429,0.5858943577430972,0.39253507940579246,0.1875,0.3645138822738722,NaN,NaN,NaN,NaN,4.1875,3.816084380618437,2.641054674303313,1.0900506185517767,4.090909090909091,0.625,0.7337038777014891,3.0,10.0,1.5137614678899083,0.6326703971773076,0.21052631578947367,0.0
713,1,19.0,43.0,2.263157894736842,0.12573099415204678,0.1111111111111111,0.0,0.5,0.25,0.0625,0.3125,0.7368421052631579,0.0,0.07142857142857142,0.6428571428571429,0.3895752583979327,0.30403497878332053,0.16145833333333331,0.2894259164468709,NaN,NaN,NaN,NaN,2.6875,1.9568256607747831,2.7673317910160016,1.1449861773849248,4.5,0.6875,0.6585613475600144,4.0,10.0,1.8333333333333333,0.7673233000039631,0.21052631578947367,0.0
714,1,19.0,64.0,3.3684210526315788,0.1871345029239766,0.1111111111111111,0.0,0.5,0.3125,0.0,0.25,0.7368421052631579,0.0,0.0,0.7142857142857143,0.3051454004423491,0.19098223517036517,0.10208333333333333,0.18518009252256754,NaN,NaN,NaN,NaN,4.0,3.2041639575194445,2.76640868591333,1.1550221368620606,4.384615384615385,0.5625,0.6418665702758941,3.0,10.0,1.6209677419354838,0.6450908039124574,0.2631578947368421,0.0
715,1,19.0,41.0,2.1578947368421053,0.11988304093567251,0.1111111111111111,0.16666666666666666,0.5625,0.25,0.0625,0.3125,0.7368421052631579,0.0,0.07142857142857142,0.6428571428571429,0.5811805555555556,0.24564267559622874,0.17083333333333334,0.2948634335492355,NaN,NaN,NaN,NaN,2.5625,2.064582282206258,2.9605472013366754,1.3300428483317284,5.333333333333334,0.5625,0.5906963867663757,5.0,8.0,1.9813084112149533,0.941509310279871,0.21052631578947367,0.0
716,1,19.0,57.0,3.0,0.16666666666666666,0.1111111111111111,0.05555555555555555,0.5625,0.25,0.0625,0.25,0.7368421052631579,0.0,0.07142857142857142,0.7142857142857143,0.6141512345679012,0.2737347158252396,0.15,0.30061665018819295,NaN,NaN,NaN,NaN,3.5625,2.920473705868051,3.0240885592116493,1.2499463620762155,4.35483870967742,0.5625,0.7213198135485825,4.0,10.0,1.7364341085271318,0.7128220746283882,0.21052631578947367,0.0
717,1,19.0,36.0,1.894736842105263,0.10526315789473684,0.1111111111111111,0.16666666666666666,0.5625,0.25,0.0,0.25,0.7368421052631579,0.0,0.0,0.7142857142857143,0.39276620370370374,0.25384519321017723,0.103125,0.19189298232782423,NaN,NaN,NaN,NaN,2.25,1.9148542155126762,2.783500417710944,1.1117771554672964,4.5,0.5625,0.6671888529483135,4.0,8.0,1.990566037735849,0.8451010987012476,0.15789473684210525,0.0
718,1,19.0,52.0,2.736842105263158,0.15204678362573099,0.1111111111111111,0.0,0.5625,0.25,0.125,0.3125,0.7368421052631579,0.0,0.14285714285714285,0.5714285714285714,0.4621598639455782,0.31556165260800295,0.17708333333333331,0.34003676271838607,NaN,NaN,NaN,NaN,3.25,2.6708300832013507,2.9374589305939423,1.2866324241137117,4.666666666666666,0.5625,0.8416627317021754,4.0,11.0,2.00709219858156,0.9448843761518368,0.42105263157894735,0.0
719,1,19.0,34.0,1.7894736842105263,0.09941520467836257,0.1111111111111111,0.2222222222222222,0.625,0.25,0.125,0.3125,0.7368421052631579,0.0,0.14285714285714285,0.5714285714285714,0.290625,0.337842761475633,0.19270833333333331,0.34923030446333775,NaN,NaN,NaN,NaN,2.125,1.7841898254763513,3.085964912280702,1.4474036264842347,5.0,0.375,0.7650283458632446,4.0,7.0,1.8028169014084507,0.9042711083654875,0.0,0.0
72,1,19.0,52.0,2.736842105263158,0.15204678362573099,0.1111111111111111,0.0,0.5625,0.25,0.125,0.25,0.7368421052631579,0.0,0.14285714285714285,0.5714285714285714,0.5415974069148937,0.3798790995064097,0.17708333333333331,0.3520771695712935,NaN,NaN,NaN,NaN,3.25,3.2761766334148303,2.7598863125178914,1.1402253411921357,4.5,0.5625,0.6707234153737889,4.0,8.0,1.7383177570093458,0.7811028560073545,0.10526315789473684,0.0
720,1,19.0,44.0,2.3157894736842106,0.1286549707602339,0.1111111111111111,0.0,0.625,0.25,0.0,0.25,0.7368421052631579,0.0,0.0,0.6428571428571429,0.47509765625,0.22235797691461714,0.10416666666666666,0.20749832663314552,NaN,NaN,NaN,NaN,2.75,2.9776948578836393,3.057934609250399,1.3266106266220812,5.0,0.625,0.7242107947844257,5.0,8.0,1.9428571428571428,0.9590517294600013,0.0,0.0
721,1,19.0,53.0,2.789473684210526,0.15497076023391812,0.1111111111111111,0.0,0.625,0.3125,0.0625,0.125,0.7368421052631579,0.0,0.07142857142857142,0.6428571428571429,0.37581699346405223,0.32882215882158233,0.08333333333333333,0.2581988897471611,NaN,NaN,NaN,NaN,3.3125,3.6463452021624794,2.9876775271512117,1.353257285366223,4.75,0.5625,0.8403288759520668,4.0,10.0,1.8559322033898304,0.8797379536880321,0.21052631578947367,0.0
722,1,19.0,45.0,2.3684210526315788,0.13157894736842105,0.1111111111111111,0.05555555555555555,0.5625,0.375,0.125,0.25,0.7368421052631579,0.0,0.14285714285714285,0.5714285714285714,0.4691943127962085,0.4299560985206938,0.1875,0.35939764421413045,NaN,NaN,NaN,NaN,2.8125,3.4296501279285034,2.6062007961079168,1.0388649341933895,4.0,0.3125,0.6580420377430607,3.0,7.0,1.5365853658536586,0.6323603042183301,0.15789473684210525,0.0
723,1,19.0,51.0,2.6842105263157894,0.14912280701754385,0.1111111111111111,0.0,0.625,0.1875,0.0625,0.3125,0.7368421052631579,0.0,0.07142857142857142,0.5714285714285714,0.4237478390318863,0.23791996247524788,0.15625,0.28686524130097507,NaN,NaN,NaN,NaN,3.1875,2.2276669409945464,2.9615567027616887,1.2548559789616065,4.545454545454545,0.625,0.7216022849410697,4.0,10.0,1.7583333333333333,0.7217606080620775,0.2631578947368421,0.0
724,1,19.0,51.0,2.6842105263157894,0.14912280701754385,0.1111111111111111,0.05555555555555555,0.625,0.3125,0.125,0.25,0.7368421052631579,0.0,0.14285714285714285,0.5714285714285714,0.5839626446372942,0.2862448791083997,0.18229166666666666,0.3628829394967168,NaN,NaN,NaN,NaN,3.1875,2.286737122335374,2.9253224974200207,1.2790475926959788,4.5625,0.5625,0.7718602135562467,4.0,10.0,1.9640287769784173,0.8547401668279507,0.42105263157894735,0.0
725,1,19.0,48.0,2.526315789473684,0.14035087719298245,0.1111111111111111,0.05555555555555555,0.5625,0.1875,0.0625,0.3125,0.7368421052631579,0.0,0.07142857142857142,0.5714285714285714,0.2066612853628536,0.25054408096848657,0.13541666666666666,0.2650558990658945,NaN,NaN,NaN,NaN,3.0,3.183289703016886,2.9427546138072453,1.2769360668682137,5.0,0.5625,0.7260715152437323,4.0,9.0,1.693069306930693,0.7448835379765852,0.21052631578947367,0.0
726,1,19.0,45.0,2.3684210526315788,0.13157894736842105,0.1111111111111111,0.0,0.625,0.25,0.0,0.1875,0.7368421052631579,0.0,0.0,0.6428571428571429,0.28157552083333337,0.18151513535145675,0.06458333333333333,0.14930394055974097,NaN,NaN,NaN,NaN,2.8125,2.9033027170218864,3.189463889251665,1.5211847117992707,5.333333333333334,0.5,0.822531699936994,5.0,10.0,2.0901639344262297,0.9958932064677039,0.21052631578947367,0.0
727,1,19.0,42.0,2.210526315789474,0.12280701754385964,0.1111111111111111,0.2222222222222222,0.5625,0.125,0.0625,0.375,0.7368421052631579,0.0,0.07142857142857142,0.7142857142857143,0.8264973958333334,0.1935250967483802,0.20833333333333331,0.3234650361779919,NaN,NaN,NaN,NaN,2.625,1.5438048235879214,2.7892743221690592,1.0052116598108378,4.0,0.6875,0.6009602707166941,3.0,7.0,1.7448979591836735,0.6932847927895994,0.0,0.0
728,1,19.0,28.0,1.4736842105263157,0.08187134502923976,0.1111111111111111,0.16666666666666666,0.625,0.1875,0.0,0.125,0.7368421052631579,0.0,0.0,0.6428571428571429,0.2640625,0.21310176399956876,0.05625,0.1547847968417226,NaN,NaN,NaN,NaN,1.75,1.1832159566199232,3.0193817878028404,1.363630807138562,5.4,0.5625,0.6688774148014065,5.0,8.0,2.3440860215053765,1.1932293016989286,0.21052631578947367,0.0
729,1,19.0,52.0,2.736842105263158,0.15204678362573099,0.1111111111111111,0.0,0.5625,0.25,0.0625,0.3125,0.7368421052631579,0.0,0.07142857142857142,0.5714285714285714,0.3955190373563218,0.24908074411609685,0.15104166666666666,0.27924957309559856,NaN,NaN,NaN,NaN,3.25,3.1728010758108782,2.953467000835422,1.2779402683507968,4.666666666666666,0.6875,0.7278583526031689,4.0,9.0,1.805084745762712,0.7872756723091118,0.15789473684210525,0.0
73,1,19.0,50.0,2.6315789473684212,0.14619883040935672,0.1111111111111111,0.0,0.5625,0.1875,0.0625,0.3125,0.7368421052631579,0.0,0.07142857142857142,0.7142857142857143,0.6339419056152926,0.22455035350523048,0.171875,0.30500265633330204,NaN,NaN,NaN,NaN,3.125,3.138470965295043,3.057249567914388,1.3659898003947233,5.666666666666666,0.6875,0.7097986950414422,5.0,9.0,1.959016393442623,0.9740224256553066,0.15789473684210525,0.0
730,1,19.0,32.0,1.6842105263157894,0.0935672514619883,0.1111111111111111,0.16666666666666666,0.5625,0.3125,0.125,0.25,0.7368421052631579,0.0,0.14285714285714285,0.5714285714285714,0.5864583333333333,0.4482669818724518,0.16145833333333331,0.3421997873237861,NaN,NaN,NaN,NaN,2.0,1.4605934866804429,2.740031897926635,1.1529044556050925,5.0,0.4375,0.5915314114493095,4.0,7.0,1.8333333333333333,0.8558004242796233,0.0,0.0
731,1,19.0,45.0,2.3684210526315788,0.13157894736842105,0.1111111111111111,0.1111111111111111,0.625,0.125,0.0625,0.25,0.7368421052631579,0.0,0.07142857142857142,0.7142857142857143,0.6324145299145297,0.19653473376346028,0.15104166666666666,0.30462294544057067,NaN,NaN,NaN,NaN,2.8125,1.682012683265696,3.2994987468671684,1.4450514067347355,5.5,0.75,0.7765023261263755,4.0,11.0,2.0808823529411766,0.9432422182837985,0.15789473684210525,0.0
732,1,19.0,51.0,2.6842105263157894,0.14912280701754385,0.1111111111111111,0.1111111111111111,0.625,0.125,0.0,0.375,0.7368421052631579,0.0,0.0,0.6428571428571429,0.5782740162037037,0.07019917751208485,0.14166666666666666,0.21576736443576344,NaN,NaN,NaN,NaN,3.1875,1.905037182489273,2.994736842105263,1.1911038897943793,5.0,0.6875,0.6836037644380059,4.0,7.0,1.6893203883495145,0.7279992217943512,0.0,0.0
733,1,19.0,59.0,3.1052631578947367,0.17251461988304093,0.1111111111111111,0.0,0.5,0.25,0.0625,0.3125,0.7368421052631579,0.0,0.07142857142857142,0.6428571428571429,0.44839261615577386,0.27413413485675575,0.14479166666666665,0.27194217454506087,NaN,NaN,NaN,NaN,3.6875,2.676284738214527,2.9547635036554705,1.2918773553426564,4.555555555555555,0.75,0.8270897395369609,4.0,12.0,1.7941176470588236,0.7709315870961385,0.42105263157894735,0.0
734,1,19.0,45.0,2.3684210526315788,0.13157894736842105,0.1111111111111111,0.0,0.5625,0.25,0.0,0.25,0.7368421052631579,0.0,0.0,0.6428571428571429,0.40961371527777773,0.1781901557044845,0.10416666666666666,0.19124349420065004,NaN,NaN,NaN,NaN,2.8125,2.9261749776799064,3.104429626101453,1.4443283430673974,5.333333333333334,0.5,0.8104774406685528,5.0,9.0,2.0277777777777777,1.05421568785088,0.21052631578947367,0.0
735,1,19.0,59.0,3.1052631578947367,0.17251461988304093,0.1111111111111111,0.05555555555555555,0.5625,0.25,0.125,0.375,0.7368421052631579,0.0,0.14285714285714285,0.6428571428571429,0.6360244313607084,0.2613657353879916,0.228125,0.3601295420220854,NaN,NaN,NaN,NaN,3.6875,2.151549828999242,2.772471242208084,1.1164125526134436,4.222222222222222,0.625,0.5975319900152278,3.0,8.0,1.625,0.6359337738364604,0.10526315789473684,0.0
736,1,19.0,50.0,2.6315789473684212,0.14619883040935672,0.1111111111111111,0.05555555555555555,0.5625,0.3125,0.0625,0.1875,0.7368421052631579,0.0,0.07142857142857142,0.7142857142857143,0.45215419501133786,0.3556725014765988,0.12916666666666665,0.29860788111948194,NaN,NaN,NaN,NaN,3.125,3.0740852297878796,2.846936389381943,1.2437460152945263,4.333333333333334,0.5625,0.7840439383052478,4.0,10.0,1.824,0.7626777952417645,0.3157894736842105,0.0
737,1,19.0,34.0,1.7894736842105263,0.09941520467836257,0.1111111111111111,0.16666666666666666,0.625,0.25,0.0,0.1875,0.7368421052631579,0.0,0.0,0.5714285714285714,0.2314236111111111,0.18383690310828354,0.08333333333333333,0.18257418583505536,NaN,NaN,NaN,NaN,2.125,1.5,2.8909774436090228,1.2577288344291477,5.0,0.5,0.545748420570893,4.0,8.0,1.8977272727272727,0.8715130551085627,0.0,0.0
738,1,19.0,51.0,2.6842105263157894,0.14912280701754385,0.1111111111111111,0.0,0.625,0.25,0.125,0.25,0.7368421052631579,0.0,0.14285714285714285,0.5714285714285714,0.6159924845269672,0.2914430795896181,0.17916666666666667,0.36247605284885903,NaN,NaN,NaN,NaN,3.1875,3.1244999599935985,2.923824573689125,1.2402623764971306,4.666666666666666,0.4375,0.7571847363246637,4.0,8.0,1.7735849056603774,0.8197911333054179,0.15789473684210525,0.0
739,1,19.0,37.0,1.9473684210526316,0.10818713450292397,0.1111111111111111,0.1111111111111111,0.6875,0.25,0.0625,0.125,0.7368421052631579,0.0,0.07142857142857142,0.5714285714285714,0.10720486111111112,0.2702685082486044,0.09375,0.2719528145346787,NaN,NaN,NaN,NaN,2.3125,1.9568256607747831,3.0259398496240606,1.3558373221937396,5.0,0.375,0.6954469811901578,4.0,9.0,1.7906976744186047,0.7987678609954422,0.0,0.0
74,1,19.0,42.0,2.210526315789474,0.12280701754385964,0.1111111111111111,0.05555555555555555,0.5625,0.1875,0.0625,0.25,0.7368421052631579,0.0,0.07142857142857142,0.6428571428571429,0.3729745370370369,0.28473191032746464,0.11979166666666666,0.2652195980412933,NaN,NaN,NaN,NaN,2.625,1.857417562100671,2.979618163054696,1.2841318257051073,4.625,0.6875,0.7552262078672255,4.0,9.0,1.9292035398230087,0.842157244386743,0.21052631578947367,0.0
740,1,19.0,33.0,1.736842105263158,0.09649122807017543,0.1111111111111111,0.1111111111111111,0.625,0.25,0.0,0.1875,0.7368421052631579,0.0,0.0,0.6428571428571429,0.2803819444444445,0.1939291286641706,0.08333333333333333,0.18257418583505533,NaN,NaN,NaN,NaN,2.0625,1.5692354826475214,2.8505116959064325,1.210040231419017,5.0,0.4375,0.5961955323553325,4.0,6.0,1.8571428571428572,0.856107034580598,0.0,0.0
741,1,19.0,50.0,2.6315789473684212,0.14619883040935672,0.1111111111111111,0.0,0.5625,0.1875,0.0,0.25,0.7368421052631579,0.0,0.0,0.6428571428571429,0.1936724713740458,0.24207706656723438,0.109375,0.20348525745124632,NaN,NaN,NaN,NaN,3.125,3.5753787678137448,2.7836257309941517,1.094614378115475,4.5,0.5,0.6030242084851556,3.0,8.0,1.550561797752809,0.6573230137710797,0.10526315789473684,0.0
742,1,19.0,57.0,3.0,0.16666666666666666,0.1111111111111111,0.0,0.5625,0.1875,0.0,0.375,0.7368421052631579,0.0,0.0,0.6428571428571429,0.5709294093851133,0.1764243217665667,0.13645833333333335,0.19590424248142824,NaN,NaN,NaN,NaN,3.5625,3.1404617494884413,3.0919858551437502,1.2895242283045223,4.619047619047619,0.75,0.7707776111924395,4.0,10.0,1.8518518518518519,0.8242456390001248,0.3157894736842105,0.0
743,1,19.0,72.0,3.789473684210526,0.21052631578947367,0.1111111111111111,0.0,0.5625,0.25,0.125,0.25,0.7368421052631579,0.0,0.14285714285714285,0.5714285714285714,0.6171603732638888,0.3442545876875636,0.16875,0.3497022543059548,NaN,NaN,NaN,NaN,4.5,4.48701831212369,2.8566880911957315,1.1374459964805044,4.193548387096774,0.375,0.7215553144806288,4.0,9.0,1.5378151260504203,0.6863057080150283,0.15789473684210525,0.0
744,1,19.0,31.0,1.631578947368421,0.09064327485380116,0.1111111111111111,0.2777777777777778,0.5625,0.1875,0.0625,0.3125,0.7368421052631579,0.0,0.07142857142857142,0.6428571428571429,0.5803571428571429,0.3971625551812447,0.14791666666666664,0.27834663973515433,NaN,NaN,NaN,NaN,1.9375,1.2893796958227628,2.955639097744361,1.2679748710838568,5.0,0.375,0.7126295871531646,5.0,7.0,1.96,1.0192737212932153,0.21052631578947367,0.0
745,1,19.0,42.0,2.210526315789474,0.12280701754385964,0.1111111111111111,0.16666666666666666,0.625,0.25,0.0,0.3125,0.7368421052631579,0.0,0.0,0.5714285714285714,0.4110460069444444,0.18446075707763027,0.140625,0.231178041857433,NaN,NaN,NaN,NaN,2.625,1.5438048235879214,3.044896331738437,1.369705276423509,5.333333333333334,0.5625,0.6292345618723182,5.0,8.0,2.0508474576271185,0.9682785643818335,0.0,0.0
746,1,19.0,44.0,2.3157894736842106,0.1286549707602339,0.1111111111111111,0.05555555555555555,0.625,0.1875,0.125,0.3125,0.7368421052631579,0.0,0.14285714285714285,0.5714285714285714,0.6454303075396826,0.293566725392797,0.16875,0.33757715167548497,NaN,NaN,NaN,NaN,2.75,2.0816659994661326,2.932174185463659,1.1518846510438645,4.5,0.625,0.632473560969502,4.0,8.0,1.8571428571428572,0.8037876871877584,0.10526315789473684,0.0
747,1,19.0,61.0,3.210526315789474,0.1783625730994152,0.1111111111111111,0.0,0.625,0.25,0.125,0.25,0.7368421052631579,0.0,0.14285714285714285,0.6428571428571429,0.7240298646994832,0.2771058684804209,0.18229166666666666,0.36288293949671674,NaN,NaN,NaN,NaN,3.8125,2.83357842077234,2.9642893152421284,1.2591209660850762,4.375,0.5625,0.7895564612327,4.0,11.0,1.7625899280575539,0.7669130084348007,0.3684210526315789,0.0
748,1,19.0,52.0,2.736842105263158,0.15204678362573099,0.1111111111111111,0.0,0.625,0.25,0.125,0.1875,0.7368421052631579,0.0,0.14285714285714285,0.5714285714285714,0.5379920977011493,0.27484193259156486,0.140625,0.34118360159890454,NaN,NaN,NaN,NaN,3.25,3.0,3.1675992613111728,1.4114770055294463,5.0,0.5625,0.8509757657811412,4.0,11.0,1.8943089430894309,0.8571111232170052,0.21052631578947367,0.0
749,1,19.0,44.0,2.3157894736842106,0.1286549707602339,0.1111111111111111,0.0,0.625,0.25,0.0625,0.25,0.7368421052631579,0.0,0.07142857142857142,0.6428571428571429,0.5634765625,0.30706040468024504,0.13020833333333331,0.27716947282604315,NaN,NaN,NaN,NaN,2.75,3.0876096471758427,2.899726466704395,1.2243681990730715,4.666666666666666,0.5625,0.6841063597121987,4.0,8.0,1.7582417582417582,0.8211192813695671,0.0,0.0
75,1,19.0,53.0,2.789473684210526,0.15497076023391812,0.1111111111111111,0.0,0.5625,0.25,0.0,0.25,0.7368421052631579,0.0,0.0,0.7142857142857143,0.41308603226589036,0.22856257288768828,0.10833333333333334,0.19720265943665383,NaN,NaN,NaN,NaN,3.3125,3.135150182473986,2.9524296480952827,1.2951460909748118,4.444444444444445,0.625,0.7621217646877467,4.0,12.0,1.8091603053435115,0.765752559118694,0.3157894736842105,0.0
750,1,19.0,46.0,2.4210526315789473,0.13450292397660818,0.1111111111111111,0.0,0.625,0.3125,0.125,0.125,0.7368421052631579,0.0,0.14285714285714285,0.5714285714285714,0.3706452326757713,0.3086733781787524,0.125,0.3415650255319866,NaN,NaN,NaN,NaN,2.875,3.263433774416144,3.2140856950067476,1.6044969841932635,5.5,0.625,1.0182542339754395,5.0,10.0,1.991150442477876,0.977383307075937,0.3157894736842105,0.0
751,1,19.0,61.0,3.210526315789474,0.1783625730994152,0.1111111111111111,0.0,0.6875,0.1875,0.0625,0.1875,0.7368421052631579,0.0,0.07142857142857142,0.6428571428571429,0.38022552255225517,0.32966284783706246,0.10625,0.2719528145346786,NaN,NaN,NaN,NaN,3.8125,3.637192140465866,3.2499443052074626,1.5086609659099282,5.2,0.375,0.963414817716764,4.0,11.0,1.7983870967741935,0.8832666522739014,0.3684210526315789,0.0
752,1,19.0,55.0,2.8947368421052633,0.1608187134502924,0.1111111111111111,0.0,0.5625,0.25,0.0625,0.3125,0.7368421052631579,0.0,0.07142857142857142,0.7142857142857143,0.5054963235294118,0.2535394073549208,0.15520833333333334,0.2826277980351936,NaN,NaN,NaN,NaN,3.4375,3.2242570203588508,2.8938347121985566,1.2326339285315913,4.666666666666666,0.6875,0.6650868444376127,4.0,9.0,1.8489208633093526,0.7977656212482623,0.2631578947368421,0.0
753,1,19.0,43.0,2.263157894736842,0.12573099415204678,0.1111111111111111,0.1111111111111111,0.5625,0.3125,0.125,0.25,0.7368421052631579,0.0,0.14285714285714285,0.6428571428571429,0.5328124999999999,0.3756726220813562,0.16875,0.3497022543059548,NaN,NaN,NaN,NaN,2.6875,1.9906029237394383,3.0644618539355384,1.5209669242307204,5.5,0.5,1.060078856267005,5.0,9.0,1.8888888888888888,0.978220884960673,0.15789473684210525,0.0
754,1,19.0,53.0,2.789473684210526,0.15497076023391812,0.1111111111111111,0.0,0.5625,0.1875,0.0,0.25,0.7368421052631579,0.0,0.0,0.7142857142857143,0.28442950581395343,0.21141805030712582,0.09375,0.17969882210706523,NaN,NaN,NaN,NaN,3.3125,2.937544325906703,2.8536796536796536,1.0959748927131052,4.181818181818182,0.625,0.6086528705819036,3.0,9.0,1.6460176991150441,0.6535665063751148,0.15789473684210525,0.0
755,1,19.0,33.0,1.736842105263158,0.09649122807017543,0.1111111111111111,0.16666666666666666,0.6875,0.3125,0.0625,0.125,0.7368421052631579,0.0,0.07142857142857142,0.6428571428571429,0.3969907407407407,0.3317983777325246,0.10416666666666666,0.291070819942883,NaN,NaN,NaN,NaN,2.0625,1.2893796958227628,3.217483101693628,1.7063440412729105,6.333333333333333,0.4375,0.8524065494241269,6.0,9.0,2.3142857142857145,1.16284040271991,0.10526315789473684,0.0
756,1,19.0,41.0,2.1578947368421053,0.11988304093567251,0.1111111111111111,0.1111111111111111,0.5,0.25,0.0625,0.3125,0.7368421052631579,0.0,0.07142857142857142,0.5714285714285714,0.4520182291666666,0.284175491867176,0.15833333333333333,0.2886751345948128,NaN,NaN,NaN,NaN,2.5625,1.8607794065928396,2.873245614035088,1.185312930950469,4.666666666666666,0.5,0.7301729667359661,4.0,9.0,1.926605504587156,0.8466319111233536,0.21052631578947367,0.0
757,1,19.0,36.0,1.894736842105263,0.10526315789473684,0.1111111111111111,0.16666666666666666,0.6875,0.25,0.0625,0.125,0.7368421052631579,0.0,0.07142857142857142,0.6428571428571429,0.2961538461538461,0.3452413141608791,0.10416666666666666,0.291070819942883,NaN,NaN,NaN,NaN,2.25,1.8439088914585775,3.070697577276525,1.3777338013291704,5.0,0.3125,0.750839463959294,4.0,7.0,1.8717948717948718,0.8732529774187789,0.15789473684210525,0.0
758,1,19.0,69.0,3.6315789473684212,0.20175438596491227,0.1111111111111111,0.0,0.625,0.1875,0.0,0.3125,0.7368421052631579,0.0,0.0,0.6428571428571429,0.5351140873015873,0.18889847907882984,0.134375,0.2219833785903133,NaN,NaN,NaN,NaN,4.3125,3.9109887922791766,2.8493243243243245,1.0858677995143635,4.166666666666666,0.6875,0.6293664641381406,3.0,11.0,1.6330935251798562,0.6609598300855798,0.2631578947368421,0.0
759,1,19.0,52.0,2.736842105263158,0.15204678362573099,0.1111111111111111,0.0,0.625,0.1875,0.0625,0.3125,0.7368421052631579,0.0,0.07142857142857142,0.5714285714285714,0.6669534250960308,0.20821450074971815,0.16354166666666667,0.30210488428873683,NaN,NaN,NaN,NaN,3.25,3.296462750686964,3.0339766705763935,1.2407184362891255,4.378378378378379,0.75,0.7486739912138536,4.0,9.0,1.829268292682927,0.8068082945473106,0.21052631578947367,0.0
76,1,19.0,66.0,3.473684210526316,0.19298245614035087,0.1111111111111111,0.0,0.5625,0.25,0.0,0.25,0.7368421052631579,0.0,0.0,0.6428571428571429,0.3458679537308569,0.20215373247549,0.11458333333333331,0.21704027617352842,NaN,NaN,NaN,NaN,4.125,3.8275318418009276,3.015706840543763,1.3813672754361115,5.0,0.5625,0.9224735415319688,4.0,10.0,1.7461538461538462,0.8743683297946486,0.3157894736842105,0.0
760,1,19.0,32.0,1.6842105263157894,0.0935672514619883,0.1111111111111111,0.3333333333333333,0.5625,0.1875,0.0625,0.3125,0.7368421052631579,0.0,0.07142857142857142,0.6428571428571429,0.4782986111111111,0.24066783529263822,0.16666666666666666,0.2918650119236377,NaN,NaN,NaN,NaN,2.0,1.3662601021279464,2.9650717703349283,1.3040784948630437,5.5,0.625,0.6241889714015407,5.0,7.0,2.0,0.9579389640386956,0.0,0.0
761,1,19.0,50.0,2.6315789473684212,0.14619883040935672,0.1111111111111111,0.0,0.5625,0.25,0.0625,0.25,0.7368421052631579,0.0,0.07142857142857142,0.6428571428571429,0.4389105902777778,0.2299382520573723,0.13541666666666666,0.2803354472109494,NaN,NaN,NaN,NaN,3.125,2.6299556396765835,2.8416007968639545,1.1333178202858818,4.111111111111111,0.4375,0.7066018103422715,4.0,9.0,1.6944444444444444,0.6898236715417315,0.0,0.0
762,1,19.0,48.0,2.526315789473684,0.14035087719298245,0.1111111111111111,0.05555555555555555,0.5625,0.25,0.0625,0.3125,0.7368421052631579,0.0,0.07142857142857142,0.6428571428571429,0.6110131766381766,0.28173966768081415,0.17604166666666665,0.3077979586243765,NaN,NaN,NaN,NaN,3.0,2.1291625896895083,2.8753884711779447,1.200051859682206,4.666666666666666,0.625,0.6524080954376286,4.0,8.0,1.7719298245614035,0.7529891785387285,0.10526315789473684,0.0
763,1,19.0,46.0,2.4210526315789473,0.13450292397660818,0.1111111111111111,0.1111111111111111,0.6875,0.25,0.0,0.0625,0.7368421052631579,0.0,0.0,0.5714285714285714,0.05490373044524669,0.12661420454978928,0.03125,0.125,NaN,NaN,NaN,NaN,2.875,2.918332857414772,3.0035087719298246,1.3153014364570348,5.0,0.4375,0.7316872353767777,4.0,10.0,1.7857142857142858,0.7760905889885552,0.21052631578947367,0.0
764,1,19.0,57.0,3.0,0.16666666666666666,0.1111111111111111,0.0,0.5625,0.25,0.125,0.4375,0.7368421052631579,0.0,0.14285714285714285,0.6428571428571429,0.6303759398496241,0.16928544740689278,0.24375,0.34970225430595475,NaN,NaN,NaN,NaN,3.5625,2.9432125305522874,3.0111368699526597,1.2797104143185059,4.4375,0.75,0.8616910566984214,4.0,11.0,1.8195488721804511,0.7961516003246343,0.21052631578947367,0.0
765,1,19.0,47.0,2.473684210526316,0.13742690058479531,0.1111111111111111,0.05555555555555555,0.5625,0.125,0.0,0.25,0.7368421052631579,0.0,0.0,0.6428571428571429,0.4576581790123456,0.19338295048056095,0.11458333333333331,0.21704027617352842,NaN,NaN,NaN,NaN,2.9375,2.048373338367138,2.9538606130711393,1.0892938051907273,4.238095238095238,0.6875,0.557404716165007,3.0,8.0,1.7155963302752293,0.6679396612700279,0.0,0.0
766,1,19.0,51.0,2.6842105263157894,0.14912280701754385,0.1111111111111111,0.0,0.625,0.1875,0.0625,0.25,0.7368421052631579,0.0,0.07142857142857142,0.6428571428571429,0.6167551742919389,0.27179743528615563,0.140625,0.2945787167640771,NaN,NaN,NaN,NaN,3.1875,2.8570089254323303,3.0133498089910016,1.2785871563749491,5.0,0.5625,0.6594719835856535,4.0,9.0,1.875,0.803535494759617,0.2631578947368421,0.0
767,1,19.0,41.0,2.1578947368421053,0.11988304093567251,0.1111111111111111,0.1111111111111111,0.625,0.25,0.0625,0.125,0.7368421052631579,0.0,0.07142857142857142,0.6428571428571429,0.39829282407407407,0.28038909085232067,0.078125,0.25361962989222003,NaN,NaN,NaN,NaN,2.5625,2.220172665957913,3.174436090225564,1.430025900255006,5.0,0.4375,0.9069548581107764,5.0,11.0,2.0892857142857144,0.9823081059062961,0.10526315789473684,0.0
768,1,19.0,49.0,2.5789473684210527,0.14327485380116958,0.1111111111111111,0.16666666666666666,0.5625,0.25,0.0625,0.3125,0.7368421052631579,0.0,0.07142857142857142,0.6428571428571429,0.3721770833333334,0.27682388751528303,0.165625,0.29252848864113495,NaN,NaN,NaN,NaN,3.0625,2.0155644370746373,2.7683580609277207,1.120565029297631,4.363636363636363,0.5625,0.5160822043894416,3.0,6.0,1.6666666666666667,0.7142857142857143,0.0,0.0
769,1,19.0,62.0,3.263157894736842,0.18128654970760233,0.1111111111111111,0.0,0.625,0.125,0.0625,0.3125,0.7368421052631579,0.0,0.07142857142857142,0.6428571428571429,0.4353889627659574,0.2460027933266132,0.13645833333333332,0.26779060020014805,NaN,NaN,NaN,NaN,3.875,3.5753787678137448,3.125930215930216,1.2987483197443126,5.0,0.6875,0.7964462487444625,4.0,10.0,1.8,0.8572535919611143,0.2631578947368421,0.0
77,1,19.0,57.0,3.0,0.16666666666666666,0.1111111111111111,0.0,0.625,0.1875,0.0625,0.375,0.7368421052631579,0.0,0.07142857142857142,0.5714285714285714,0.6980763090676884,0.15483207780441655,0.19270833333333334,0.30386210018020665,NaN,NaN,NaN,NaN,3.5625,3.0977142110487423,2.851125409678041,1.0921936324170232,4.3076923076923075,0.5625,0.6353678882043965,3.0,9.0,1.677685950413223,0.6734844224016103,0.2631578947368421,0.0
770,1,19.0,58.0,3.0526315789473686,0.1695906432748538,0.1111111111111111,0.05555555555555555,0.5625,0.3125,0.0,0.25,0.7368421052631579,0.0,0.0,0.7142857142857143,0.4402812156215621,0.23771823504059814,0.11979166666666666,0.22764647299412896,NaN,NaN,NaN,NaN,3.625,2.5787593916455256,2.808492711279089,1.1964030972684216,4.636363636363637,0.5,0.6627051174393466,4.0,10.0,1.7265625,0.7499589883800104,0.2631578947368421,0.0
771,1,19.0,47.0,2.473684210526316,0.13742690058479531,0.1111111111111111,0.05555555555555555,0.5,0.25,0.125,0.3125,0.7368421052631579,0.0,0.14285714285714285,0.6428571428571429,0.45605962643678155,0.32150928091806785,0.18645833333333334,0.3442231592053813,NaN,NaN,NaN,NaN,2.9375,2.5682354513037415,2.9191144527986634,1.3667673521566008,5.5,0.75,0.7975483341330222,5.0,8.0,1.8363636363636364,0.8729079601667264,0.21052631578947367,0.0
772,1,19.0,50.0,2.6315789473684212,0.14619883040935672,0.1111111111111111,0.0,0.625,0.1875,0.0625,0.3125,0.7368421052631579,0.0,0.07142857142857142,0.6428571428571429,0.6764995974235105,0.18257364214542085,0.18125,0.30983119657382857,NaN,NaN,NaN,NaN,3.125,2.9860788111948193,2.955239449976292,1.184082338629864,4.333333333333334,0.5625,0.6859290695589441,4.0,9.0,1.7886178861788617,0.7493388618251403,0.2631578947368421,0.0
773,1,19.0,55.0,2.8947368421052633,0.1608187134502924,0.1111111111111111,0.0,0.5625,0.3125,0.125,0.3125,0.7368421052631579,0.0,0.14285714285714285,0.6428571428571429,0.5516747992274068,0.2702921458486171,0.19375,0.3511291310425079,NaN,NaN,NaN,NaN,3.4375,2.5552234083669996,2.9652744300943747,1.3103183560498148,4.666666666666666,0.6875,0.8065207705605935,4.0,12.0,1.8257575757575757,0.7566116928510712,0.21052631578947367,0.0
774,1,19.0,54.0,2.8421052631578947,0.15789473684210525,0.1111111111111111,0.0,0.5625,0.3125,0.125,0.3125,0.7368421052631579,0.0,0.14285714285714285,0.5714285714285714,0.616511279926335,0.3356152208623969,0.21354166666666666,0.36763602924631855,NaN,NaN,NaN,NaN,3.375,3.442382895611701,2.9366056071551427,1.311023420328059,4.555555555555555,0.625,0.8423251531601715,4.0,9.0,1.8461538461538463,0.8113682430070124,0.3157894736842105,0.0
775,1,19.0,75.0,3.9473684210526314,0.21929824561403508,0.1111111111111111,0.0,0.5625,0.1875,0.125,0.375,0.7368421052631579,0.0,0.14285714285714285,0.6428571428571429,0.8036357839875804,0.1716801634675829,0.215625,0.3572253542285369,NaN,NaN,NaN,NaN,4.6875,4.045058714036176,2.8784757592907,1.0912091185699375,4.133333333333333,0.5625,0.659099336881742,3.0,10.0,1.5555555555555556,0.6189382659962364,0.2631578947368421,0.0
776,1,19.0,46.0,2.4210526315789473,0.13450292397660818,0.1111111111111111,0.1111111111111111,0.625,0.1875,0.0625,0.3125,0.7368421052631579,0.0,0.07142857142857142,0.7142857142857143,0.6790223817567568,0.24326051160824624,0.14583333333333331,0.27638539919628335,NaN,NaN,NaN,NaN,2.875,1.927865832122834,3.1591307814992025,1.4281089269517664,5.166666666666666,0.6875,0.7347994830154795,4.0,9.0,1.9761904761904763,0.8714519903176373,0.2631578947368421,0.0
777,1,19.0,53.0,2.789473684210526,0.15497076023391812,0.1111111111111111,0.0,0.625,0.25,0.125,0.3125,0.7368421052631579,0.0,0.14285714285714285,0.6428571428571429,0.5683876811594203,0.30546596765456685,0.203125,0.3612846805088341,NaN,NaN,NaN,NaN,3.3125,3.135150182473986,3.0405083220872693,1.3706044200961527,5.0,0.4375,0.7905962214839349,4.0,11.0,1.9338235294117647,0.879412311189635,0.2631578947368421,0.0
778,1,19.0,45.0,2.3684210526315788,0.13157894736842105,0.1111111111111111,0.05555555555555555,0.625,0.1875,0.125,0.25,0.7368421052631579,0.0,0.14285714285714285,0.6428571428571429,0.7101483585858587,0.3150424898120098,0.153125,0.3393467990124557,NaN,NaN,NaN,NaN,2.8125,2.0402205763103165,3.4034203154946194,1.6540534117489212,6.0,0.5625,1.0912917063128602,5.0,9.0,2.253968253968254,1.1928889835119305,0.3684210526315789,0.0
779,1,19.0,45.0,2.3684210526315788,0.13157894736842105,0.1111111111111111,0.05555555555555555,0.625,0.25,0.0625,0.25,0.7368421052631579,0.0,0.07142857142857142,0.7142857142857143,0.7034979423868312,0.31116314586512306,0.15,0.30061665018819295,NaN,NaN,NaN,NaN,2.8125,2.0726392192886185,3.0411027568922306,1.3787533317839464,5.0,0.4375,0.7787621064679627,5.0,9.0,2.0526315789473686,0.9852191280732315,0.0,0.0
78,1,19.0,57.0,3.0,0.16666666666666666,0.1111111111111111,0.0,0.625,0.1875,0.0625,0.375,0.7368421052631579,0.0,0.07142857142857142,0.6428571428571429,0.6438870204285002,0.13453665819078478,0.17708333333333331,0.28686524130097507,NaN,NaN,NaN,NaN,3.5625,3.705289012569285,3.0913522545101495,1.2946600023708592,4.777777777777778,0.6875,0.7326915836810084,4.0,10.0,1.910344827586207,0.849160053779537,0.2631578947368421,0.0
780,1,19.0,49.0,2.5789473684210527,0.14327485380116958,0.1111111111111111,0.0,0.5625,0.25,0.0625,0.1875,0.7368421052631579,0.0,0.07142857142857142,0.7142857142857143,0.4089506172839506,0.34952926298824966,0.125,0.2950204010522612,NaN,NaN,NaN,NaN,3.0625,2.5421447637772325,2.7801680775364983,1.1421224933405174,4.25,0.5625,0.6144176925990628,3.0,8.0,1.6944444444444444,0.6898236715417315,0.10526315789473684,0.0
781,1,19.0,65.0,3.4210526315789473,0.19005847953216373,0.1111111111111111,0.05555555555555555,0.625,0.1875,0.0,0.25,0.7368421052631579,0.0,0.0,0.7142857142857143,0.4883636193600367,0.1780993734195269,0.11041666666666666,0.2159282288168918,NaN,NaN,NaN,NaN,4.0625,3.5490609086536304,3.0238710453670414,1.2139353572475442,4.555555555555555,0.5625,0.6699209424144816,4.0,11.0,1.6842105263157894,0.7320417798624028,0.21052631578947367,0.0
782,1,19.0,48.0,2.526315789473684,0.14035087719298245,0.1111111111111111,0.0,0.625,0.25,0.125,0.1875,0.7368421052631579,0.0,0.14285714285714285,0.5714285714285714,0.48474702380952367,0.30149844000619325,0.140625,0.34118360159890454,NaN,NaN,NaN,NaN,3.0,1.96638416050035,3.1016613503455606,1.3631945061754096,4.75,0.75,0.8208291086001746,4.0,12.0,2.0,0.8348471099367218,0.3157894736842105,0.0
783,1,19.0,41.0,2.1578947368421053,0.11988304093567251,0.1111111111111111,0.1111111111111111,0.625,0.1875,0.125,0.3125,0.7368421052631579,0.0,0.14285714285714285,0.6428571428571429,0.7454044117647058,0.177219391673058,0.19791666666666666,0.35988038136148637,NaN,NaN,NaN,NaN,2.5625,1.672074559741082,3.5087301587301587,1.7986982989575302,6.166666666666667,0.75,0.9004364294314194,6.0,11.0,2.338582677165354,1.2164251060978464,0.3684210526315789,0.0
784,1,19.0,52.0,2.736842105263158,0.15204678362573099,0.1111111111111111,0.0,0.625,0.1875,0.0,0.375,0.7368421052631579,0.0,0.0,0.6428571428571429,0.572938829787234,0.06760022677119298,0.15625,0.2294821061369209,NaN,NaN,NaN,NaN,3.25,2.7688746209726918,3.1559391900804643,1.3595625301395384,5.0,0.5625,0.7414084824210386,4.0,9.0,1.937007874015748,0.8705775449908351,0.21052631578947367,0.0
785,1,19.0,46.0,2.4210526315789473,0.13450292397660818,0.1111111111111111,0.0,0.6875,0.1875,0.0,0.25,0.7368421052631579,0.0,0.0,0.7142857142857143,0.3357796717171717,0.19056566207032152,0.09583333333333333,0.18333333333333335,NaN,NaN,NaN,NaN,2.875,3.1806707887907337,3.0800877192982457,1.4251000044705775,6.0,0.3125,0.7517142263161992,5.0,8.0,1.898876404494382,1.044954803505273,0.10526315789473684,0.0
786,1,19.0,51.0,2.6842105263157894,0.14912280701754385,0.1111111111111111,0.0,0.5625,0.25,0.0625,0.3125,0.7368421052631579,0.0,0.07142857142857142,0.7142857142857143,0.7496376811594203,0.26697923873356694,0.2020833333333333,0.33120850543739677,NaN,NaN,NaN,NaN,3.1875,2.9713913688147287,2.799561403508772,1.1287778600946672,4.6,0.5625,0.7334062278090545,4.0,9.0,1.8695652173913044,0.8637102658536373,0.21052631578947367,0.0
787,1,19.0,83.0,4.368421052631579,0.24269005847953215,0.1111111111111111,0.0,0.5625,0.1875,0.125,0.375,0.7368421052631579,0.0,0.14285714285714285,0.6428571428571429,0.5472406914893616,0.27404583123855697,0.19895833333333332,0.3406132133536677,NaN,NaN,NaN,NaN,5.1875,4.277362894744066,2.9804824561403507,1.2065745628542877,4.666666666666666,0.6875,0.8139041485336794,4.0,12.0,1.6158940397350994,0.7010556530672666,0.42105263157894735,0.0
788,1,19.0,68.0,3.5789473684210527,0.19883040935672514,0.1111111111111111,0.0,0.5,0.25,0.0625,0.375,0.7368421052631579,0.0,0.07142857142857142,0.6428571428571429,0.6294160454384096,0.2999281255815495,0.19687499999999997,0.30636571887811426,NaN,NaN,NaN,NaN,4.25,3.5683796509527026,2.807555207090811,1.124584103013227,4.117647058823529,0.5625,0.6921614751348012,3.0,10.0,1.6390977443609023,0.6890743226908423,0.3684210526315789,0.0
789,1,19.0,69.0,3.6315789473684212,0.20175438596491227,0.1111111111111111,0.0,0.5625,0.1875,0.0,0.3125,0.7368421052631579,0.0,0.0,0.7142857142857143,0.5288414179104478,0.18106835927913065,0.13541666666666666,0.22524677824801656,NaN,NaN,NaN,NaN,4.3125,3.156342820417326,2.841534521923538,1.0533143344010305,4.043478260869565,0.75,0.647881939313946,3.0,11.0,1.6041666666666667,0.5819998077523534,0.2631578947368421,0.0
79,1,19.0,61.0,3.210526315789474,0.1783625730994152,0.1111111111111111,0.0,0.625,0.125,0.0625,0.25,0.7368421052631579,0.0,0.07142857142857142,0.7142857142857143,0.6490594504365691,0.18331972897314147,0.15625,0.3071297831596664,NaN,NaN,NaN,NaN,3.8125,2.535580144003866,3.005270128365289,1.2057593130775115,4.5,0.5625,0.6627798083693756,3.0,10.0,1.7430555555555556,0.6767520930838674,0.3684210526315789,0.0
790,1,19.0,55.0,2.8947368421052633,0.1608187134502924,0.1111111111111111,0.0,0.625,0.25,0.125,0.3125,0.7368421052631579,0.0,0.14285714285714285,0.6428571428571429,0.6055345117845117,0.24831558237575752,0.19270833333333331,0.34923030446333775,NaN,NaN,NaN,NaN,3.4375,2.4757153848265085,3.0578855355171144,1.4102383521039508,5.166666666666666,0.625,0.7812831784623729,5.0,10.0,1.8943089430894309,0.9126884097434464,0.3157894736842105,0.0
791,1,19.0,34.0,1.7894736842105263,0.09941520467836257,0.1111111111111111,0.16666666666666666,0.5625,0.1875,0.125,0.3125,0.7368421052631579,0.0,0.14285714285714285,0.5714285714285714,0.625,0.24495840285975753,0.21875,0.36877550131532644,NaN,NaN,NaN,NaN,2.125,1.3102162671355697,3.099122807017544,1.3986487491814177,5.666666666666666,0.5625,0.7465522854521606,5.0,8.0,2.1666666666666665,1.0816501267506373,0.15789473684210525,0.0
792,1,19.0,39.0,2.0526315789473686,0.11403508771929824,0.1111111111111111,0.05555555555555555,0.5625,0.3125,0.125,0.3125,0.7368421052631579,0.0,0.14285714285714285,0.6428571428571429,0.6239177489177489,0.2787205940871368,0.19791666666666666,0.35988038136148637,NaN,NaN,NaN,NaN,2.4375,1.547847968417226,2.9312640575798468,1.3216423593889681,4.666666666666666,0.625,0.6693308954235851,4.0,9.0,1.9912280701754386,0.8569922092053817,0.21052631578947367,0.0
793,1,19.0,49.0,2.5789473684210527,0.14327485380116958,0.1111111111111111,0.0,0.5625,0.3125,0.0625,0.25,0.7368421052631579,0.0,0.07142857142857142,0.6428571428571429,0.5021785714285715,0.3378597897006962,0.15,0.29439202887759486,NaN,NaN,NaN,NaN,3.0625,3.315996582225822,2.695238095238095,1.1103219986972839,4.333333333333334,0.5,0.6102352181073661,4.0,8.0,1.780701754385965,0.7843465453374138,0.21052631578947367,0.0
794,1,19.0,52.0,2.736842105263158,0.15204678362573099,0.1111111111111111,0.05555555555555555,0.5625,0.25,0.0625,0.3125,0.7368421052631579,0.0,0.07142857142857142,0.6428571428571429,0.6184445359692478,0.265592677485689,0.16145833333333331,0.2957550757211358,NaN,NaN,NaN,NaN,3.25,3.3565855667130946,2.952800269905533,1.256586402751411,4.666666666666666,0.5,0.7724898227588576,4.0,10.0,1.7478991596638656,0.750350058362118,0.21052631578947367,0.0
795,1,19.0,58.0,3.0526315789473686,0.1695906432748538,0.1111111111111111,0.0,0.5625,0.1875,0.0,0.25,0.7368421052631579,0.0,0.0,0.6428571428571429,0.21176927860696515,0.19238515996285416,0.10833333333333334,0.19720265943665383,NaN,NaN,NaN,NaN,3.625,2.8722813232690143,2.809374830264516,1.1363480443088214,4.333333333333334,0.5,0.7208295857898512,3.0,10.0,1.6583333333333334,0.6797902955606054,0.3157894736842105,0.0
796,1,19.0,50.0,2.6315789473684212,0.14619883040935672,0.1111111111111111,0.0,0.6875,0.1875,0.0625,0.25,0.7368421052631579,0.0,0.07142857142857142,0.6428571428571429,0.7010416666666666,0.23121809089159862,0.13229166666666667,0.29062313320786337,NaN,NaN,NaN,NaN,3.125,3.4034296427770228,3.213157112924915,1.4025709060655593,5.333333333333334,0.6875,0.7716625431127264,5.0,9.0,1.9646017699115044,0.9721956330520162,0.21052631578947367,0.0
797,1,19.0,43.0,2.263157894736842,0.12573099415204678,0.1111111111111111,0.05555555555555555,0.625,0.1875,0.0,0.125,0.7368421052631579,0.0,0.0,0.6428571428571429,0.20419730392156865,0.1973302336005532,0.0625,0.1707825127659933,NaN,NaN,NaN,NaN,2.6875,2.358495283014151,3.1564327485380113,1.3946550221674814,5.0,0.625,0.7605769282040323,4.0,10.0,2.0852713178294575,0.9356732849259035,0.3684210526315789,0.0
798,1,19.0,49.0,2.5789473684210527,0.14327485380116958,0.1111111111111111,0.05555555555555555,0.5,0.3125,0.1875,0.4375,0.7368421052631579,0.0,0.21428571428571427,0.5714285714285714,0.7042747928849903,0.2704889208112815,0.28125,0.4012422838764259,NaN,NaN,NaN,NaN,3.0625,1.4818344486930155,2.7018665544981335,1.0697629192090659,4.066666666666666,0.6875,0.6202918891615444,3.0,8.0,1.6902654867256637,0.641978610259206,0.10526315789473684,0.0
799,1,19.0,55.0,2.8947368421052633,0.1608187134502924,0.1111111111111111,0.05555555555555555,0.625,0.125,0.0625,0.1875,0.7368421052631579,0.0,0.07142857142857142,0.6428571428571429,0.6586575352977286,0.16552006821523435,0.12916666666666665,0.29860788111948194,NaN,NaN,NaN,NaN,3.4375,2.6068819177963034,3.0936832022585192,1.2325831745918798,4.666666666666666,0.75,0.6336698385601703,4.0,12.0,1.9328859060402686,0.8594815339289629,0.3684210526315789,0.0
8,1,19.0,32.0,1.6842105263157894,0.0935672514619883,0.1111111111111111,0.16666666666666666,0.6875,0.25,0.0625,0.1875,0.7368421052631579,0.0,0.07142857142857142,0.5714285714285714,0.17740885416666669,0.2758805425625887,0.109375,0.27338541170540415,NaN,NaN,NaN,NaN,2.0,1.8618986725025255,3.112519936204147,1.4701323457065971,5.666666666666666,0.375,0.5527331517325526,5.0,7.0,1.9605263157894737,1.0255507720073698,0.0,0.0
80,1,19.0,43.0,2.263157894736842,0.12573099415204678,0.1111111111111111,0.1111111111111111,0.5625,0.3125,0.125,0.3125,0.7368421052631579,0.0,0.14285714285714285,0.5714285714285714,0.6900664251207729,0.3203939290141959,0.22395833333333331,0.37849452024019037,NaN,NaN,NaN,NaN,2.6875,1.8518009252256753,2.7118552961350746,1.085772412580506,4.052631578947368,0.4375,0.6474679629945472,4.0,8.0,1.7755102040816326,0.7803067364745654,0.15789473684210525,0.0
800,1,19.0,52.0,2.736842105263158,0.15204678362573099,0.1111111111111111,0.0,0.5625,0.1875,0.0625,0.25,0.7368421052631579,0.0,0.07142857142857142,0.7142857142857143,0.47187808641975315,0.31884542632891927,0.12395833333333332,0.2692904772009422,NaN,NaN,NaN,NaN,3.25,2.54296414970142,2.83843984962406,1.1532411936980278,4.416666666666666,0.5625,0.7179039606705,4.0,9.0,1.834710743801653,0.8098056087524598,0.2631578947368421,0.0
801,1,19.0,53.0,2.789473684210526,0.15497076023391812,0.1111111111111111,0.0,0.5625,0.1875,0.0625,0.3125,0.7368421052631579,0.0,0.07142857142857142,0.5714285714285714,0.5078896604938271,0.3260554551650451,0.19270833333333331,0.32733314946815384,NaN,NaN,NaN,NaN,3.3125,2.3865945054267876,2.7190401703559597,1.0372717990966722,4.181818181818182,0.625,0.6265761563359123,3.0,8.0,1.6237623762376239,0.6610822210363073,0.10526315789473684,0.0
802,1,19.0,52.0,2.736842105263158,0.15204678362573099,0.1111111111111111,0.05555555555555555,0.5625,0.1875,0.0625,0.3125,0.7368421052631579,0.0,0.07142857142857142,0.6428571428571429,0.604320987654321,0.26582275778442,0.17083333333333334,0.30107830899642724,NaN,NaN,NaN,NaN,3.25,2.463060426921489,2.9143337044016158,1.1987316213499104,4.666666666666666,0.6875,0.7132601552404918,4.0,8.0,1.782258064516129,0.7604072921365463,0.21052631578947367,0.0
803,1,19.0,47.0,2.473684210526316,0.13742690058479531,0.1111111111111111,0.0,0.625,0.1875,0.0,0.1875,0.7368421052631579,0.0,0.0,0.6428571428571429,0.18015813253012047,0.19185874167635142,0.071875,0.16121285101794253,NaN,NaN,NaN,NaN,2.9375,2.8628365886535216,3.055764411027569,1.3728441299573666,5.333333333333334,0.5,0.829240548876434,5.0,10.0,1.8849557522123894,0.933046205307614,0.15789473684210525,0.0
804,1,19.0,53.0,2.789473684210526,0.15497076023391812,0.1111111111111111,0.0,0.5625,0.1875,0.0625,0.25,0.7368421052631579,0.0,0.07142857142857142,0.6428571428571429,0.43424010791366907,0.35231242468761814,0.1375,0.2936046724827513,NaN,NaN,NaN,NaN,3.3125,3.092329219213245,2.7431886167030477,1.0502853502534861,4.2,0.4375,0.6432092508771027,3.0,9.0,1.6666666666666667,0.6651497894641796,0.15789473684210525,0.0
805,1,19.0,58.0,3.0526315789473686,0.1695906432748538,0.1111111111111111,0.0,0.5625,0.25,0.0625,0.3125,0.7368421052631579,0.0,0.07142857142857142,0.6428571428571429,0.295123106060606,0.278698081858546,0.15,0.2798809270624444,NaN,NaN,NaN,NaN,3.625,2.9410882339705484,2.850770308123249,1.1501094709472266,4.235294117647059,0.4375,0.7148129825324854,3.0,10.0,1.6752136752136753,0.7050196845999729,0.21052631578947367,0.0
806,1,19.0,52.0,2.736842105263158,0.15204678362573099,0.1111111111111111,0.0,0.5625,0.3125,0.0625,0.3125,0.7368421052631579,0.0,0.07142857142857142,0.6428571428571429,0.4641465603416939,0.2657880738306518,0.15625,0.28686524130097507,NaN,NaN,NaN,NaN,3.25,2.9097537123726926,2.922647527910686,1.2920993897520836,5.0,0.375,0.839800763819837,5.0,12.0,1.9710144927536233,0.91971138749326,0.3684210526315789,0.0
807,1,19.0,40.0,2.1052631578947367,0.11695906432748537,0.1111111111111111,0.0,0.625,0.1875,0.0625,0.25,0.7368421052631579,0.0,0.07142857142857142,0.7142857142857143,0.7059461805555555,0.40241186833469555,0.121875,0.2726222967159265,NaN,NaN,NaN,NaN,2.5,3.0767948691238205,3.007101086048454,1.4409562479253522,6.0,0.3125,0.8573353834564049,5.0,7.0,1.661764705882353,0.8912559328499365,0.10526315789473684,0.0
808,1,19.0,45.0,2.3684210526315788,0.13157894736842105,0.1111111111111111,0.05555555555555555,0.5625,0.25,0.0625,0.25,0.7368421052631579,0.0,0.07142857142857142,0.7142857142857143,0.5083100961538461,0.26076718636924573,0.15,0.29439202887759486,NaN,NaN,NaN,NaN,2.8125,2.007278422807027,2.786797121007647,1.1238490115007935,4.222222222222222,0.5625,0.5706661452005743,4.0,9.0,1.7894736842105263,0.7344094516440964,0.10526315789473684,0.0
809,1,19.0,67.0,3.526315789473684,0.195906432748538,0.1111111111111111,0.0,0.5625,0.1875,0.0,0.375,0.7368421052631579,0.0,0.0,0.6428571428571429,0.5443629476584022,0.18641673925673954,0.14999999999999997,0.22068915628934666,NaN,NaN,NaN,NaN,4.1875,3.6188165653060302,2.893642193719593,1.0928590301374252,4.088235294117647,0.625,0.6734484090558489,4.0,10.0,1.64,0.722897396012249,0.10526315789473684,0.0
81,1,19.0,63.0,3.3157894736842106,0.18421052631578946,0.1111111111111111,0.0,0.5625,0.125,0.0,0.3125,0.7368421052631579,0.0,0.0,0.7142857142857143,0.34447211371527775,0.1867929976932584,0.10520833333333333,0.17253220311324813,NaN,NaN,NaN,NaN,3.9375,3.1510580233735253,2.8963317384370018,1.0892963043061383,4.227272727272727,0.6875,0.6511069036762379,3.0,9.0,1.6978417266187051,0.6555744937053279,0.2631578947368421,0.0
810,1,19.0,58.0,3.0526315789473686,0.1695906432748538,0.1111111111111111,0.0,0.625,0.1875,0.0625,0.1875,0.7368421052631579,0.0,0.07142857142857142,0.5714285714285714,0.5513630809421479,0.23614310159800594,0.13541666666666666,0.30561868034820416,NaN,NaN,NaN,NaN,3.625,3.304037933599835,3.205649080025811,1.4215704898997974,5.166666666666666,0.75,0.8842878237589693,4.0,12.0,1.8657718120805369,0.802510571798728,0.42105263157894735,0.0
811,1,19.0,51.0,2.6842105263157894,0.14912280701754385,0.1111111111111111,0.1111111111111111,0.5625,0.125,0.0625,0.375,0.7368421052631579,0.0,0.07142857142857142,0.7142857142857143,0.7098165335213033,0.2661413293948693,0.21354166666666666,0.3248486114644333,NaN,NaN,NaN,NaN,3.1875,2.19753649950727,2.786111111111111,1.095425157516553,4.333333333333334,0.625,0.6720309825381301,4.0,9.0,1.8275862068965518,0.826473514859743,0.3157894736842105,0.0
812,1,19.0,34.0,1.7894736842105263,0.09941520467836257,0.1111111111111111,0.1111111111111111,0.5625,0.375,0.125,0.1875,0.7368421052631579,0.0,0.14285714285714285,0.5714285714285714,0.36079545454545453,0.33729141090126885,0.15625,0.3520771695712935,NaN,NaN,NaN,NaN,2.125,2.0289570391377603,2.7949039264828737,1.257775189134012,4.714285714285714,0.5625,0.702873150017644,4.0,8.0,1.9325842696629214,0.8501036408605073,0.15789473684210525,0.0
813,1,19.0,61.0,3.210526315789474,0.1783625730994152,0.1111111111111111,0.0,0.5625,0.125,0.0,0.375,0.7368421052631579,0.0,0.0,0.6428571428571429,0.4231515522875817,0.12586025617498695,0.12708333333333333,0.18577914008006627,NaN,NaN,NaN,NaN,3.8125,2.4281337140555777,2.963457987072946,1.1277807822282686,4.133333333333333,0.6875,0.7057618585540224,3.0,9.0,1.639344262295082,0.6436668427617961,0.2631578947368421,0.0
814,1,19.0,68.0,3.5789473684210527,0.19883040935672514,0.1111111111111111,0.0,0.5625,0.25,0.0625,0.25,0.7368421052631579,0.0,0.07142857142857142,0.6428571428571429,0.5853438879140744,0.27146768581859865,0.16041666666666665,0.31012990109880656,NaN,NaN,NaN,NaN,4.25,3.9916579679793878,3.0863182492039116,1.3434276160031222,5.0,0.5625,0.9233286610076049,4.0,10.0,1.680327868852459,0.8056247864684156,0.3157894736842105,0.0
815,1,19.0,37.0,1.9473684210526316,0.10818713450292397,0.1111111111111111,0.1111111111111111,0.625,0.25,0.0,0.3125,0.7368421052631579,0.0,0.0,0.7142857142857143,0.572979797979798,0.17765326505136306,0.15104166666666666,0.24384791480665885,NaN,NaN,NaN,NaN,2.3125,1.7017148213885114,2.998961218836565,1.3114757033408726,5.0,0.4375,0.7195220938041954,4.0,8.0,2.0970873786407767,0.9652243781283486,0.10526315789473684,0.0
816,1,19.0,37.0,1.9473684210526316,0.10818713450292397,0.1111111111111111,0.2777777777777778,0.625,0.25,0.125,0.375,0.7368421052631579,0.0,0.14285714285714285,0.5714285714285714,0.6952380952380951,0.14699496857407135,0.234375,0.3641564961712254,NaN,NaN,NaN,NaN,2.3125,1.6214705259938174,3.140364068064899,1.5177454592771569,6.0,0.4375,0.7894065254046382,6.0,9.0,2.2596153846153846,1.2067383006944616,0.10526315789473684,0.0
817,1,19.0,41.0,2.1578947368421053,0.11988304093567251,0.1111111111111111,0.1111111111111111,0.5625,0.3125,0.125,0.25,0.7368421052631579,0.0,0.14285714285714285,0.6428571428571429,0.5274234693877551,0.3974624276191072,0.18125,0.35443617196894567,NaN,NaN,NaN,NaN,2.5625,2.42126000256065,2.7384382007650707,1.1754828522677818,4.714285714285714,0.5,0.6866881019005692,4.0,7.0,1.7674418604651163,0.7922331594505297,0.0,0.0
818,1,19.0,41.0,2.1578947368421053,0.11988304093567251,0.1111111111111111,0.05555555555555555,0.625,0.3125,0.125,0.1875,0.7368421052631579,0.0,0.14285714285714285,0.5714285714285714,0.5186491935483871,0.34453363128088593,0.1375,0.3403429642777022,NaN,NaN,NaN,NaN,2.5625,2.5552234083669996,3.1982263350684406,1.5518723262893703,5.066666666666666,0.5,0.9671358014760183,5.0,11.0,2.165289256198347,1.0275140504961195,0.3157894736842105,0.0
819,1,19.0,55.0,2.8947368421052633,0.1608187134502924,0.1111111111111111,0.0,0.625,0.125,0.0,0.3125,0.7368421052631579,0.0,0.0,0.6428571428571429,0.3591986762152777,0.11828668363025811,0.10416666666666666,0.16804981624726856,NaN,NaN,NaN,NaN,3.4375,3.0977142110487423,3.065894997164347,1.2483226235271017,4.777777777777778,0.6875,0.7154881295708337,5.0,9.0,1.808,0.8490602015207469,0.10526315789473684,0.0
82,1,19.0,37.0,1.9473684210526316,0.10818713450292397,0.1111111111111111,0.05555555555555555,0.625,0.25,0.0625,0.25,0.7368421052631579,0.0,0.07142857142857142,0.6428571428571429,0.513454861111111,0.31574415609236767,0.15104166666666666,0.3046229454405706,NaN,NaN,NaN,NaN,2.3125,1.579820664927932,2.685925039872408,1.0468895788301062,4.375,0.3125,0.5324380171776575,3.0,5.0,1.6710526315789473,0.6809436177293358,0.0,0.0
820,1,19.0,53.0,2.789473684210526,0.15497076023391812,0.1111111111111111,0.0,0.625,0.1875,0.0,0.25,0.7368421052631579,0.0,0.0,0.6428571428571429,0.3249758325441918,0.18193616736933138,0.090625,0.17721808598447283,NaN,NaN,NaN,NaN,3.3125,3.1138133106102126,2.928341687552214,1.1361834629180145,4.285714285714286,0.5,0.6942873839583176,4.0,10.0,1.8676470588235294,0.8056175319859527,0.2631578947368421,0.0
821,1,19.0,80.0,4.2105263157894735,0.23391812865497075,0.1111111111111111,0.0,0.5625,0.1875,0.0625,0.375,0.7368421052631579,0.0,0.07142857142857142,0.5714285714285714,0.6408005727243952,0.13205336412475507,0.18958333333333333,0.30349049652580806,NaN,NaN,NaN,NaN,5.0,4.049691346263317,2.9761719614351194,1.1626917246535953,4.222222222222222,0.5,0.715743738325277,3.0,12.0,1.625,0.6790380808406757,0.3684210526315789,0.0
822,1,19.0,42.0,2.210526315789474,0.12280701754385964,0.1111111111111111,0.05555555555555555,0.5625,0.25,0.0625,0.25,0.7368421052631579,0.0,0.07142857142857142,0.7142857142857143,0.5778356481481481,0.39859370257077686,0.15,0.29439202887759486,NaN,NaN,NaN,NaN,2.625,2.0615528128088303,2.7548245614035087,1.1024526031547701,4.333333333333334,0.5625,0.5483598431237026,4.0,8.0,1.7472527472527473,0.7541500969584031,0.0,0.0
823,1,19.0,54.0,2.8421052631578947,0.15789473684210525,0.1111111111111111,0.0,0.5625,0.25,0.0625,0.375,0.7368421052631579,0.0,0.07142857142857142,0.7142857142857143,0.6128903554175292,0.2141557862241083,0.20625,0.3103686577341592,NaN,NaN,NaN,NaN,3.375,2.963668897386031,2.929797995171956,1.246961074290823,4.333333333333334,0.6875,0.7266410972178233,4.0,9.0,1.8076923076923077,0.7685297939093942,0.2631578947368421,0.0
824,1,19.0,50.0,2.6315789473684212,0.14619883040935672,0.1111111111111111,0.0,0.5625,0.25,0.0625,0.3125,0.7368421052631579,0.0,0.07142857142857142,0.6428571428571429,0.47215277777777787,0.3329801755737162,0.16145833333333331,0.2894259164468709,NaN,NaN,NaN,NaN,3.125,2.7778888866667555,2.7038712165027956,1.0534039712137369,4.133333333333333,0.625,0.5933474032007134,4.0,7.0,1.625,0.6844129255293028,0.10526315789473684,0.0
825,1,19.0,69.0,3.6315789473684212,0.20175438596491227,0.1111111111111111,0.0,0.625,0.1875,0.0625,0.3125,0.7368421052631579,0.0,0.07142857142857142,0.6428571428571429,0.6579273939659721,0.2284745414140462,0.14791666666666667,0.28975564417856176,NaN,NaN,NaN,NaN,4.3125,3.3807050546693165,2.929665274540621,1.1251983444326692,4.162162162162162,0.5625,0.6845713007294935,4.0,11.0,1.6785714285714286,0.7123560780337412,0.21052631578947367,0.0
826,1,19.0,46.0,2.4210526315789473,0.13450292397660818,0.1111111111111111,0.1111111111111111,0.5625,0.1875,0.0625,0.3125,0.7368421052631579,0.0,0.07142857142857142,0.7142857142857143,0.7003306878306879,0.25648320284883774,0.1625,0.2981113388825899,NaN,NaN,NaN,NaN,2.875,2.0936411663256274,3.1042557373826725,1.348506839529546,5.5,0.5,0.7632058724741461,5.0,10.0,2.2116788321167884,1.0532209486527409,0.15789473684210525,0.0
827,1,19.0,50.0,2.6315789473684212,0.14619883040935672,0.1111111111111111,0.0,0.5625,0.125,0.0,0.375,0.7368421052631579,0.0,0.0,0.7142857142857143,0.6180178140096618,0.10047607457856003,0.15,0.22068915628934668,NaN,NaN,NaN,NaN,3.125,2.895398648430529,2.9995485508643402,1.197638522660253,5.0,0.6875,0.6059175504982706,4.0,9.0,1.8583333333333334,0.8530305178748122,0.10526315789473684,0.0
828,1,19.0,51.0,2.6842105263157894,0.14912280701754385,0.1111111111111111,0.05555555555555555,0.5625,0.3125,0.0625,0.1875,0.7368421052631579,0.0,0.07142857142857142,0.6428571428571429,0.3207547169811321,0.2851741915254586,0.11875,0.28099525500145617,NaN,NaN,NaN,NaN,3.1875,2.4005207768315606,2.7521487800125572,1.1435922709123505,4.272727272727273,0.5,0.692342148925902,3.0,10.0,1.7235772357723578,0.644024398887797,0.3157894736842105,0.0
829,1,19.0,54.0,2.8421052631578947,0.15789473684210525,0.1111111111111111,0.1111111111111111,0.5625,0.3125,0.0625,0.25,0.7368421052631579,0.0,0.07142857142857142,0.7142857142857143,0.5091145833333333,0.29455061867502463,0.14479166666666665,0.29793851901207935,NaN,NaN,NaN,NaN,3.375,2.1563858652847827,2.906617505301716,1.275546653803636,4.833333333333334,0.4375,0.729443677180572,4.0,10.0,1.7596899224806202,0.726455368966859,0.15789473684210525,0.0
83,1,19.0,64.0,3.3684210526315788,0.1871345029239766,0.1111111111111111,0.0,0.5625,0.25,0.0625,0.375,0.7368421052631579,0.0,0.07142857142857142,0.6428571428571429,0.5957793105431253,0.23189688229229583,0.19270833333333334,0.2977053446316042,NaN,NaN,NaN,NaN,4.0,3.1622776601683795,2.7847918917528425,1.1089044277060933,4.090909090909091,0.4375,0.6437545125572928,3.0,10.0,1.6390977443609023,0.6667236248167698,0.3684210526315789,0.0
830,1,19.0,53.0,2.789473684210526,0.15497076023391812,0.1111111111111111,0.0,0.5625,0.1875,0.0625,0.3125,0.7368421052631579,0.0,0.07142857142857142,0.6428571428571429,0.5428571428571429,0.2057341260273679,0.1708333333333333,0.29486343354923555,NaN,NaN,NaN,NaN,3.3125,3.609593698280551,3.5024038591101405,1.8526696749579885,6.5,0.6875,1.216828848112524,6.0,11.0,2.0381679389312977,1.185843290675924,0.3157894736842105,0.0
831,1,19.0,49.0,2.5789473684210527,0.14327485380116958,0.1111111111111111,0.0,0.5625,0.1875,0.125,0.25,0.7368421052631579,0.0,0.14285714285714285,0.6428571428571429,0.3553921568627451,0.34871915561331174,0.165625,0.344827855603343,NaN,NaN,NaN,NaN,3.0625,3.129829601325499,3.1059403559403562,1.3679441250395368,5.090909090909091,0.5,0.8447047023817221,4.0,10.0,1.9224137931034482,0.8958926766951062,0.3157894736842105,0.0
832,1,19.0,59.0,3.1052631578947367,0.17251461988304093,0.1111111111111111,0.0,0.5,0.1875,0.0625,0.4375,0.7368421052631579,0.0,0.07142857142857142,0.7142857142857143,0.7179499421296296,0.15870939519393454,0.20833333333333334,0.2917380864938808,NaN,NaN,NaN,NaN,3.6875,2.2721135535003527,3.039750110570544,1.2561085972063837,4.777777777777778,0.5625,0.7869483699805196,6.0,11.0,2.084967320261438,1.1058915932541817,0.3684210526315789,0.0
833,1,19.0,28.0,1.4736842105263157,0.08187134502923976,0.1111111111111111,0.2222222222222222,0.625,0.25,0.0625,0.1875,0.7368421052631579,0.0,0.07142857142857142,0.6428571428571429,0.14583333333333331,0.2989178011625468,0.09895833333333333,0.2603749966661333,NaN,NaN,NaN,NaN,1.75,1.2382783747337807,2.8552631578947367,1.2011575259761837,4.75,0.3125,0.50002755655986,3.0,6.0,1.6896551724137931,0.7540974982736658,0.10526315789473684,0.0
834,1,19.0,67.0,3.526315789473684,0.195906432748538,0.1111111111111111,0.0,0.5,0.3125,0.125,0.25,0.7368421052631579,0.0,0.14285714285714285,0.6428571428571429,0.5160333928993232,0.35282093754343025,0.16666666666666666,0.3442651863295481,NaN,NaN,NaN,NaN,4.1875,3.9364747342429793,2.870917605314889,1.2738392873731266,4.454545454545455,0.6875,0.8874633188800476,4.0,10.0,1.6484375,0.7163978544264156,0.3157894736842105,0.0
835,1,19.0,48.0,2.526315789473684,0.14035087719298245,0.1111111111111111,0.05555555555555555,0.625,0.25,0.0625,0.25,0.7368421052631579,0.0,0.07142857142857142,0.6428571428571429,0.2786072530864197,0.2951845724347054,0.134375,0.2809025631780529,NaN,NaN,NaN,NaN,3.0,2.6832815729997477,2.9040204678362573,1.230403393207824,5.0,0.3125,0.6879275574445328,4.0,9.0,1.6826923076923077,0.7004079681742644,0.0,0.0
836,1,19.0,91.0,4.7894736842105265,0.26608187134502925,0.1111111111111111,0.0,0.625,0.25,0.0625,0.25,0.7368421052631579,0.0,0.07142857142857142,0.7142857142857143,0.5376157407407407,0.28542896326880063,0.140625,0.2882237267586877,NaN,NaN,NaN,NaN,5.6875,4.7710061831861,2.884520123839009,1.1940085119102348,4.147058823529411,0.5,0.7152886706094554,3.0,11.0,1.4532374100719425,0.6164769185088063,0.3684210526315789,0.0
837,1,19.0,45.0,2.3684210526315788,0.13157894736842105,0.1111111111111111,0.3333333333333333,0.5625,0.125,0.0625,0.375,0.7368421052631579,0.0,0.07142857142857142,0.6428571428571429,0.6686921296296295,0.2751364583810234,0.17395833333333333,0.2862897231050315,NaN,NaN,NaN,NaN,2.8125,2.007278422807027,3.0278699198977836,1.2575068820888111,4.777777777777778,0.75,0.7405007305718431,4.0,8.0,1.9491525423728813,0.8558242653215317,0.15789473684210525,0.0
838,1,19.0,44.0,2.3157894736842106,0.1286549707602339,0.1111111111111111,0.05555555555555555,0.6875,0.1875,0.0625,0.1875,0.7368421052631579,0.0,0.07142857142857142,0.6428571428571429,0.66044921875,0.2462165205460364,0.11979166666666666,0.2918154382482187,NaN,NaN,NaN,NaN,2.75,1.9493588689617927,3.260600364547733,1.4650883662554137,5.5,0.75,0.862687467045536,5.0,12.0,1.9763779527559056,0.8770854235164223,0.15789473684210525,0.0
839,1,19.0,41.0,2.1578947368421053,0.11988304093567251,0.1111111111111111,0.2777777777777778,0.5625,0.3125,0.125,0.25,0.7368421052631579,0.0,0.14285714285714285,0.6428571428571429,0.5869791666666666,0.3230779167287324,0.18125,0.35443617196894567,NaN,NaN,NaN,NaN,2.5625,2.1899391163530857,2.81234335839599,1.2334411507620802,5.0,0.375,0.632166299795969,4.0,6.0,1.6575342465753424,0.8202164023765615,0.10526315789473684,0.0
84,1,19.0,68.0,3.5789473684210527,0.19883040935672514,0.1111111111111111,0.0,0.5,0.25,0.0625,0.3125,0.7368421052631579,0.0,0.07142857142857142,0.6428571428571429,0.5617292839015778,0.25876108105637835,0.19166666666666665,0.32375116187407704,NaN,NaN,NaN,NaN,4.25,3.235222815613581,2.751708817498291,1.082565674989629,3.9696969696969697,0.75,0.6051766804342271,4.0,10.0,1.6312056737588652,0.6591265596847575,0.3684210526315789,0.0
840,1,19.0,50.0,2.6315789473684212,0.14619883040935672,0.1111111111111111,0.0,0.625,0.3125,0.0625,0.25,0.7368421052631579,0.0,0.07142857142857142,0.6428571428571429,0.4256578947368421,0.29109563544489847,0.15,0.29439202887759486,NaN,NaN,NaN,NaN,3.125,3.344149119482164,2.9343671679197993,1.3340980044942736,5.333333333333334,0.4375,0.824428298317161,5.0,8.0,1.8288288288288288,0.8829071182887696,0.2631578947368421,0.0
841,1,19.0,44.0,2.3157894736842106,0.1286549707602339,0.1111111111111111,0.05555555555555555,0.5625,0.25,0.0,0.3125,0.7368421052631579,0.0,0.0,0.6428571428571429,0.5183541666666667,0.2184241382417856,0.13229166666666667,0.22611605918691896,NaN,NaN,NaN,NaN,2.75,1.7320508075688772,2.988471177944862,1.3184090580525207,5.0,0.4375,0.6779928802322244,5.0,10.0,2.076923076923077,1.0183983889002322,0.10526315789473684,0.0
842,1,19.0,41.0,2.1578947368421053,0.11988304093567251,0.1111111111111111,0.16666666666666666,0.5625,0.25,0.125,0.25,0.7368421052631579,0.0,0.14285714285714285,0.5714285714285714,0.5257109788359788,0.3402284977590268,0.18229166666666666,0.36288293949671674,NaN,NaN,NaN,NaN,2.5625,1.5903353943953669,2.883959899749374,1.2154677932707627,4.666666666666666,0.625,0.6542240743263191,4.0,9.0,2.033613445378151,0.8629155654164715,0.15789473684210525,0.0
843,1,19.0,45.0,2.3684210526315788,0.13157894736842105,0.1111111111111111,0.05555555555555555,0.625,0.1875,0.0625,0.1875,0.7368421052631579,0.0,0.07142857142857142,0.6428571428571429,0.28911458333333334,0.3218070316587256,0.103125,0.2648702512552137,NaN,NaN,NaN,NaN,2.8125,1.905037182489273,2.74391124871001,1.039409515515632,4.166666666666666,0.5625,0.46373166118003045,3.0,6.0,1.65,0.625630994607957,0.0,0.0
844,1,19.0,37.0,1.9473684210526316,0.10818713450292397,0.1111111111111111,0.05555555555555555,0.625,0.125,0.0625,0.1875,0.7368421052631579,0.0,0.07142857142857142,0.6428571428571429,0.28298611111111105,0.32202560252738843,0.09895833333333333,0.26037499666613323,NaN,NaN,NaN,NaN,2.3125,1.6214705259938174,3.0106516290726817,1.2599496605633091,4.666666666666666,0.625,0.6933068146969938,4.0,7.0,1.8795180722891567,0.9159506638306718,0.0,0.0
845,1,19.0,36.0,1.894736842105263,0.10526315789473684,0.1111111111111111,0.1111111111111111,0.5625,0.3125,0.125,0.3125,0.7368421052631579,0.0,0.14285714285714285,0.6428571428571429,0.3194444444444444,0.33322220369752825,0.20208333333333334,0.3528652559956688,NaN,NaN,NaN,NaN,2.25,1.570562531918633,2.8820175438596496,1.3288067350752277,5.5,0.4375,0.7781543872785895,4.0,6.0,1.6944444444444444,0.7437796298065578,0.10526315789473684,0.0
846,1,19.0,57.0,3.0,0.16666666666666666,0.1111111111111111,0.0,0.625,0.1875,0.0625,0.3125,0.7368421052631579,0.0,0.07142857142857142,0.6428571428571429,0.5200303819444444,0.24007195606731835,0.153125,0.286047053238915,NaN,NaN,NaN,NaN,3.5625,3.161618783682393,3.001889527740921,1.2198011928756647,5.0,0.625,0.6485560270210152,4.0,7.0,1.7064220183486238,0.7970170346892076,0.0,0.0
847,1,19.0,64.0,3.3684210526315788,0.1871345029239766,0.1111111111111111,0.0,0.625,0.1875,0.0625,0.1875,0.7368421052631579,0.0,0.07142857142857142,0.7142857142857143,0.40032894736842095,0.3337954437621831,0.10833333333333332,0.268741924943285,NaN,NaN,NaN,NaN,4.0,4.633213427705081,2.8000000000000003,1.0934146311237816,4.033333333333333,0.5,0.6527169846733948,3.0,10.0,1.5508474576271187,0.6215153473240166,0.21052631578947367,0.0
848,1,19.0,55.0,2.8947368421052633,0.1608187134502924,0.1111111111111111,0.0,0.6875,0.25,0.0,0.1875,0.7368421052631579,0.0,0.0,0.5714285714285714,0.5059185606060606,0.21165185389886707,0.08541666666666667,0.20292992769809864,NaN,NaN,NaN,NaN,3.4375,3.3856314034460397,3.010552697533307,1.3322648047994536,5.0,0.375,0.7994863365193123,4.0,8.0,1.724770642201835,0.8035979236122023,0.2631578947368421,0.0
849,1,19.0,44.0,2.3157894736842106,0.1286549707602339,0.1111111111111111,0.16666666666666666,0.625,0.1875,0.0625,0.3125,0.7368421052631579,0.0,0.07142857142857142,0.7142857142857143,0.7512385670731705,0.22128099271004975,0.19270833333333331,0.3273331494681539,NaN,NaN,NaN,NaN,2.75,1.7701224063135672,2.829127683462049,1.1212599279285898,4.333333333333334,0.5625,0.6509905391646772,4.0,8.0,1.8333333333333333,0.8215336218008213,0.15789473684210525,0.0
85,1,19.0,51.0,2.6842105263157894,0.14912280701754385,0.1111111111111111,0.0,0.625,0.25,0.0,0.1875,0.7368421052631579,0.0,0.0,0.7142857142857143,0.28566075136025204,0.19128790827945316,0.06458333333333333,0.14930394055974097,NaN,NaN,NaN,NaN,3.1875,3.081531004765867,2.982057086471348,1.2612044381677117,4.583333333333334,0.5625,0.7822133636885502,4.0,10.0,1.8778625954198473,0.8040560711729843,0.2631578947368421,0.0
850,1,19.0,52.0,2.736842105263158,0.15204678362573099,0.1111111111111111,0.0,0.5625,0.25,0.0,0.25,0.7368421052631579,0.0,0.0,0.7142857142857143,0.17866721082089554,0.18551997631461564,0.08854166666666666,0.16518438070722555,NaN,NaN,NaN,NaN,3.25,3.0441200151549,3.0024697021067257,1.3396939195314241,5.0,0.5625,0.7890331127250165,4.0,10.0,1.864,0.8264186239040623,0.2631578947368421,0.0
851,1,19.0,61.0,3.210526315789474,0.1783625730994152,0.1111111111111111,0.0,0.5625,0.3125,0.125,0.3125,0.7368421052631579,0.0,0.14285714285714285,0.5714285714285714,0.45614346590909094,0.3442976094849734,0.19270833333333331,0.3492303044633378,NaN,NaN,NaN,NaN,3.8125,3.986957904635229,2.6706467760914223,1.0552624192788074,4.0,0.4375,0.6356400694902204,3.0,9.0,1.5471698113207548,0.6492790943177359,0.10526315789473684,0.0
852,1,19.0,65.0,3.4210526315789473,0.19005847953216373,0.1111111111111111,0.0,0.5625,0.1875,0.0625,0.3125,0.7368421052631579,0.0,0.07142857142857142,0.7142857142857143,0.6105848765432099,0.2780120689194972,0.16562499999999997,0.29879193491520206,NaN,NaN,NaN,NaN,4.0625,3.04343555870664,2.862835775335775,1.1148192717708205,4.333333333333334,0.6875,0.5975164975910418,4.0,9.0,1.646153846153846,0.7137795293071668,0.2631578947368421,0.0
853,1,19.0,45.0,2.3684210526315788,0.13157894736842105,0.1111111111111111,0.0,0.5625,0.25,0.0,0.25,0.7368421052631579,0.0,0.0,0.7142857142857143,0.33234214933018125,0.19289604322804585,0.08541666666666667,0.16237530828528313,NaN,NaN,NaN,NaN,2.8125,1.682012683265696,2.938569909622541,1.2397644220159587,4.583333333333334,0.625,0.7815221831514639,4.0,11.0,2.028985507246377,0.8873978114131428,0.2631578947368421,0.0
854,1,19.0,40.0,2.1052631578947367,0.11695906432748537,0.1111111111111111,0.16666666666666666,0.5625,0.125,0.0625,0.375,0.7368421052631579,0.0,0.07142857142857142,0.5714285714285714,0.6053240740740741,0.2563633457932332,0.16354166666666664,0.27650053579748496,NaN,NaN,NaN,NaN,2.5,1.3662601021279464,2.990810359231412,1.1449816842598368,4.444444444444445,0.5625,0.6411170921451477,4.0,8.0,1.9380530973451326,0.8481406748283898,0.15789473684210525,0.0
855,1,19.0,38.0,2.0,0.1111111111111111,0.1111111111111111,0.2222222222222222,0.5625,0.25,0.0625,0.25,0.7368421052631579,0.0,0.07142857142857142,0.6428571428571429,0.30316840277777773,0.31312365430885525,0.13958333333333334,0.2839454172900136,NaN,NaN,NaN,NaN,2.375,1.5438048235879214,2.7464912280701754,1.1377986508958897,4.416666666666666,0.375,0.5589247449834059,4.0,6.0,1.7349397590361446,0.7976235640860336,0.0,0.0
856,1,19.0,60.0,3.1578947368421053,0.17543859649122806,0.1111111111111111,0.0,0.5625,0.25,0.0625,0.3125,0.7368421052631579,0.0,0.07142857142857142,0.6428571428571429,0.6068352971727204,0.21325090879042755,0.18124999999999997,0.3098311965738286,NaN,NaN,NaN,NaN,3.75,3.5870136139505613,3.1117585630743525,1.360395783941822,5.0,0.625,0.8855747990372085,5.0,11.0,1.8450704225352113,0.8446391201172512,0.2631578947368421,0.0
857,1,19.0,74.0,3.8947368421052633,0.21637426900584794,0.1111111111111111,0.0,0.5,0.4375,0.1875,0.3125,0.7368421052631579,0.0,0.21428571428571427,0.5714285714285714,0.6245648844333054,0.3432982537284668,0.25,0.41275945824459354,NaN,NaN,NaN,NaN,4.625,4.39507299901454,2.7124049512576005,1.1778990033892374,4.032258064516129,0.4375,0.8458642915524311,3.0,11.0,1.583941605839416,0.6490075655140402,0.42105263157894735,0.0
858,1,19.0,47.0,2.473684210526316,0.13742690058479531,0.1111111111111111,0.0,0.5625,0.25,0.125,0.3125,0.7368421052631579,0.0,0.14285714285714285,0.5714285714285714,0.4217555105713,0.28375313250238515,0.18229166666666666,0.3418613943734551,NaN,NaN,NaN,NaN,2.9375,2.174664725116648,2.9396891351184977,1.3286867005685363,5.0,0.5625,0.7526711328027593,4.0,11.0,1.9316239316239316,0.8682770863800823,0.21052631578947367,0.0
859,1,19.0,72.0,3.789473684210526,0.21052631578947367,0.1111111111111111,0.0,0.5625,0.1875,0.0625,0.375,0.7368421052631579,0.0,0.07142857142857142,0.7142857142857143,0.6683978163519448,0.23513728955715574,0.171875,0.2910211109817242,NaN,NaN,NaN,NaN,4.5,3.3065591380365986,2.961695142096804,1.1809043962748256,4.571428571428571,0.5625,0.6694603771511026,4.0,12.0,1.7171052631578947,0.7495496498485004,0.3684210526315789,0.0
86,1,19.0,43.0,2.263157894736842,0.12573099415204678,0.1111111111111111,0.05555555555555555,0.625,0.1875,0.0625,0.25,0.7368421052631579,0.0,0.07142857142857142,0.7142857142857143,0.46940104166666663,0.3049843639263878,0.115625,0.26439790089938314,NaN,NaN,NaN,NaN,2.6875,1.7017148213885114,3.1189705031810298,1.354762000109862,5.0,0.5,0.709709778956671,4.0,7.0,1.911764705882353,0.845523344601877,0.10526315789473684,0.0
860,1,19.0,37.0,1.9473684210526316,0.10818713450292397,0.1111111111111111,0.16666666666666666,0.625,0.25,0.125,0.3125,0.7368421052631579,0.0,0.14285714285714285,0.6428571428571429,0.7314814814814815,0.2720355558036471,0.2,0.3610683735393761,NaN,NaN,NaN,NaN,2.3125,1.4930394055974097,2.7306599832915626,1.0376729845548363,4.0,0.375,0.6114357713864566,4.0,7.0,1.8255813953488371,0.7998802920013393,0.0,0.0
861,1,19.0,62.0,3.263157894736842,0.18128654970760233,0.1111111111111111,0.0,0.5625,0.1875,0.0,0.3125,0.7368421052631579,0.0,0.0,0.7142857142857143,0.49247491638795987,0.1647673927389547,0.13333333333333333,0.20763215336529917,NaN,NaN,NaN,NaN,3.875,3.2015621187164243,2.8979564899710093,1.1046129606957025,4.166666666666666,0.5,0.6322168523425292,3.0,11.0,1.726027397260274,0.6799649884009544,0.2631578947368421,0.0
862,1,19.0,53.0,2.789473684210526,0.15497076023391812,0.1111111111111111,0.0,0.5625,0.125,0.0,0.375,0.7368421052631579,0.0,0.0,0.5714285714285714,0.3996207209543568,0.1190262469855831,0.1375,0.20207259421636903,NaN,NaN,NaN,NaN,3.3125,3.0269621735330623,3.0012588288904083,1.2030303372200895,4.642857142857142,0.8125,0.6813009411789638,4.0,11.0,1.8873239436619718,0.7727503753109425,0.2631578947368421,0.0
863,1,19.0,67.0,3.526315789473684,0.195906432748538,0.1111111111111111,0.0,0.5,0.25,0.0625,0.3125,0.7368421052631579,0.0,0.07142857142857142,0.6428571428571429,0.5241966773908512,0.28753073357054404,0.17083333333333334,0.2948634335492355,NaN,NaN,NaN,NaN,4.1875,3.6188165653060302,2.7273980707737513,1.0670461180036248,4.0344827586206895,0.5625,0.6906423127599527,3.0,10.0,1.625,0.6317230992088813,0.3684210526315789,0.0
864,1,19.0,50.0,2.6315789473684212,0.14619883040935672,0.1111111111111111,0.0,0.625,0.1875,0.0,0.25,0.7368421052631579,0.0,0.0,0.7142857142857143,0.4618460157721281,0.19094647129971973,0.11979166666666666,0.22764647299412896,NaN,NaN,NaN,NaN,3.125,2.918332857414772,2.9520885547201337,1.2439028874437443,5.333333333333334,0.5625,0.6353214739324814,5.0,9.0,1.8362068965517242,0.9226046825698697,0.10526315789473684,0.0
865,1,19.0,53.0,2.789473684210526,0.15497076023391812,0.1111111111111111,0.0,0.5625,0.25,0.125,0.375,0.7368421052631579,0.0,0.14285714285714285,0.6428571428571429,0.5876298125633233,0.24610994571877415,0.228125,0.3549501138657844,NaN,NaN,NaN,NaN,3.3125,3.0269621735330623,3.147827903091061,1.5759528124348041,6.333333333333333,0.625,1.0330666850868773,6.0,11.0,2.236641221374046,1.357781341117828,0.2631578947368421,0.0
866,1,19.0,50.0,2.6315789473684212,0.14619883040935672,0.1111111111111111,0.0,0.5625,0.3125,0.0,0.25,0.7368421052631579,0.0,0.0,0.6428571428571429,0.3871155753968254,0.24593432817829133,0.13541666666666666,0.2525334594625991,NaN,NaN,NaN,NaN,3.125,2.9410882339705484,2.793607354727898,1.1978910347108083,4.545454545454545,0.5,0.6701131945672816,4.0,8.0,1.71,0.7692971999287284,0.21052631578947367,0.0
867,1,19.0,49.0,2.5789473684210527,0.14327485380116958,0.1111111111111111,0.0,0.625,0.25,0.125,0.3125,0.7368421052631579,0.0,0.14285714285714285,0.6428571428571429,0.5385237068965517,0.3958522270386401,0.19270833333333331,0.34923030446333775,NaN,NaN,NaN,NaN,3.0625,3.2345787979271736,2.838619275461381,1.164925596631334,4.166666666666666,0.4375,0.694153016443748,4.0,8.0,1.5833333333333333,0.7478214678592511,0.10526315789473684,0.0
868,1,19.0,45.0,2.3684210526315788,0.13157894736842105,0.1111111111111111,0.05555555555555555,0.5625,0.3125,0.1875,0.25,0.7368421052631579,0.0,0.21428571428571427,0.5714285714285714,0.5309360224586288,0.4452671466556212,0.203125,0.40019526483955303,NaN,NaN,NaN,NaN,2.8125,3.187867625859016,2.7295321637426904,1.1837318239248673,5.0,0.375,0.6979607943735836,4.0,8.0,1.6144578313253013,0.7127980814420269,0.10526315789473684,0.0
869,1,19.0,45.0,2.3684210526315788,0.13157894736842105,0.1111111111111111,0.0,0.5625,0.25,0.125,0.25,0.7368421052631579,0.0,0.14285714285714285,0.6428571428571429,0.6429324894514767,0.38002704929569875,0.15833333333333335,0.3415650255319866,NaN,NaN,NaN,NaN,2.8125,2.993743475984541,2.9039264828738514,1.2486629414054626,5.0,0.25,0.7633539008528569,5.0,8.0,1.7415730337078652,0.8858494881345207,0.10526315789473684,0.0
87,1,19.0,52.0,2.736842105263158,0.15204678362573099,0.1111111111111111,0.0,0.5625,0.25,0.0,0.25,0.7368421052631579,0.0,0.0,0.7142857142857143,0.41381633499170806,0.2162636602445767,0.11875,0.22210066119600752,NaN,NaN,NaN,NaN,3.25,3.5308167138307627,2.859049303099647,1.201220887890116,4.454545454545455,0.4375,0.7013092262421963,3.0,8.0,1.6796116504854368,0.7304791904675128,0.15789473684210525,0.0
870,1,19.0,49.0,2.5789473684210527,0.14327485380116958,0.1111111111111111,0.05555555555555555,0.5625,0.1875,0.0625,0.3125,0.7368421052631579,0.0,0.07142857142857142,0.7142857142857143,0.6604640151515152,0.25801065533094214,0.1708333333333333,0.29486343354923555,NaN,NaN,NaN,NaN,3.0625,2.462214450449026,3.1429852483258056,1.4484258949402602,5.444444444444445,0.8125,0.8257938397522573,5.0,12.0,1.9765625,0.9429793941520014,0.3684210526315789,0.0
871,1,19.0,44.0,2.3157894736842106,0.1286549707602339,0.1111111111111111,0.05555555555555555,0.5625,0.3125,0.125,0.25,0.7368421052631579,0.0,0.14285714285714285,0.5714285714285714,0.35423889316897794,0.35168690415755804,0.18229166666666666,0.36288293949671674,NaN,NaN,NaN,NaN,2.75,2.04939015319192,2.832645716856243,1.2348516588937795,4.461538461538462,0.375,0.7697994737196079,4.0,9.0,1.8240740740740742,0.8068480696797034,0.21052631578947367,0.0
872,1,19.0,62.0,3.263157894736842,0.18128654970760233,0.1111111111111111,0.0,0.5625,0.1875,0.0625,0.3125,0.7368421052631579,0.0,0.07142857142857142,0.7142857142857143,0.6971450617283949,0.22208750774955754,0.175,0.30392494200109726,NaN,NaN,NaN,NaN,3.875,3.9812058474788765,2.875137880262534,1.1100342467926836,4.333333333333334,0.625,0.6736338566984741,4.0,12.0,1.7777777777777777,0.7427452804767942,0.2631578947368421,0.0
873,1,19.0,48.0,2.526315789473684,0.14035087719298245,0.1111111111111111,0.16666666666666666,0.5625,0.25,0.0625,0.25,0.7368421052631579,0.0,0.07142857142857142,0.7142857142857143,0.5137212643678161,0.3652934099235813,0.134375,0.2809025631780529,NaN,NaN,NaN,NaN,3.0,2.3944379994757297,2.7471177944862157,1.1048290605579072,4.4,0.625,0.5208184226166886,4.0,7.0,1.6767676767676767,0.7118283849052329,0.10526315789473684,0.0
874,1,19.0,48.0,2.526315789473684,0.14035087719298245,0.1111111111111111,0.0,0.625,0.3125,0.0625,0.25,0.7368421052631579,0.0,0.07142857142857142,0.6428571428571429,0.37833679667519177,0.26325561921725443,0.1375,0.28722813232690136,NaN,NaN,NaN,NaN,3.0,3.119829055146024,2.905451127819549,1.2808518992835656,5.0,0.4375,0.7456260259018883,4.0,7.0,1.7173913043478262,0.7749666700599287,0.21052631578947367,0.0
875,1,19.0,56.0,2.9473684210526314,0.16374269005847952,0.1111111111111111,0.0,0.5625,0.3125,0.0,0.25,0.7368421052631579,0.0,0.0,0.7142857142857143,0.408786525974026,0.20945040546604432,0.10833333333333332,0.19720265943665383,NaN,NaN,NaN,NaN,3.5,2.988868236194653,2.7751593897023255,1.1403777349978417,4.166666666666666,0.5625,0.6444519519131169,3.0,9.0,1.7107438016528926,0.6884525707329155,0.21052631578947367,0.0
876,1,19.0,50.0,2.6315789473684212,0.14619883040935672,0.1111111111111111,0.0,0.625,0.3125,0.125,0.1875,0.7368421052631579,0.0,0.14285714285714285,0.6428571428571429,0.4070696721311475,0.34013084349218564,0.1375,0.3403429642777022,NaN,NaN,NaN,NaN,3.125,3.0083217912982647,3.2632253711201082,1.6371422556881234,5.461538461538462,0.5625,1.0084152100888626,5.0,12.0,2.1492537313432836,1.0223624615592655,0.2631578947368421,0.0
877,1,19.0,59.0,3.1052631578947367,0.17251461988304093,0.1111111111111111,0.0,0.5,0.1875,0.125,0.4375,0.7368421052631579,0.0,0.14285714285714285,0.5714285714285714,0.7215878739316239,0.18045021168177156,0.246875,0.3589706864128375,NaN,NaN,NaN,NaN,3.6875,2.3865945054267876,2.9276347921084764,1.147656705808885,4.25,0.6875,0.7265464073310993,4.0,12.0,1.8344827586206895,0.7729254770697161,0.3684210526315789,0.0
878,1,19.0,49.0,2.5789473684210527,0.14327485380116958,0.1111111111111111,0.0,0.6875,0.3125,0.0,0.1875,0.7368421052631579,0.0,0.0,0.7142857142857143,0.3808400718778077,0.23838669303753451,0.10416666666666666,0.2266911751455907,NaN,NaN,NaN,NaN,3.0625,3.2139020935097986,2.781127976681516,1.193446850620782,4.545454545454545,0.25,0.6305046172979483,3.0,8.0,1.6699029126213591,0.6915221845017699,0.15789473684210525,0.0
879,1,19.0,54.0,2.8421052631578947,0.15789473684210525,0.1111111111111111,0.0,0.5625,0.25,0.125,0.3125,0.7368421052631579,0.0,0.14285714285714285,0.5714285714285714,0.6402270210409744,0.27662270499444597,0.21354166666666666,0.36763602924631855,NaN,NaN,NaN,NaN,3.375,2.6551836094703507,2.8536682615629982,1.1972648397781895,4.333333333333334,0.5625,0.7356987550927263,4.0,10.0,1.7692307692307692,0.7210937164357518,0.3684210526315789,0.0
88,1,19.0,55.0,2.8947368421052633,0.1608187134502924,0.1111111111111111,0.0,0.5625,0.25,0.0625,0.3125,0.7368421052631579,0.0,0.07142857142857142,0.6428571428571429,0.5058091391318432,0.310486891224904,0.14791666666666667,0.2783466397351544,NaN,NaN,NaN,NaN,3.4375,2.756053942384534,2.75597647966069,1.0989038172543477,4.208333333333334,0.375,0.6378763333757852,3.0,10.0,1.7355371900826446,0.7161074761202902,0.21052631578947367,0.0
880,1,19.0,71.0,3.736842105263158,0.20760233918128654,0.1111111111111111,0.0,0.625,0.1875,0.0625,0.3125,0.7368421052631579,0.0,0.07142857142857142,0.7142857142857143,0.6644498884639897,0.2538642606113828,0.15520833333333334,0.2826277980351936,NaN,NaN,NaN,NaN,4.4375,4.130677910464576,3.0848385331143953,1.3590695900627465,5.333333333333334,0.6875,0.9285109474721436,5.0,12.0,1.703448275862069,0.8260022357636753,0.42105263157894735,0.0
881,1,19.0,68.0,3.5789473684210527,0.19883040935672514,0.1111111111111111,0.0,0.625,0.3125,0.125,0.25,0.7368421052631579,0.0,0.14285714285714285,0.5714285714285714,0.6543103139334863,0.30755160600083753,0.16875,0.3497022543059548,NaN,NaN,NaN,NaN,4.25,4.374166587286466,2.886806040299688,1.2682333063384077,4.75,0.5625,0.8716636209896196,4.0,10.0,1.603305785123967,0.7243311724500886,0.21052631578947367,0.0
882,1,19.0,45.0,2.3684210526315788,0.13157894736842105,0.1111111111111111,0.1111111111111111,0.5,0.25,0.0625,0.25,0.7368421052631579,0.0,0.07142857142857142,0.7142857142857143,0.5351181773879142,0.3486824266553652,0.13958333333333334,0.2839454172900136,NaN,NaN,NaN,NaN,2.8125,2.0402205763103165,3.012531328320802,1.3610778575579947,5.0,0.5625,0.7941530797930098,4.0,10.0,2.0327868852459017,0.9353871892837577,0.3157894736842105,0.0
883,1,19.0,40.0,2.1052631578947367,0.11695906432748537,0.1111111111111111,0.1111111111111111,0.5625,0.3125,0.0625,0.3125,0.7368421052631579,0.0,0.07142857142857142,0.6428571428571429,0.484375,0.2359157688667716,0.165625,0.29252848864113495,NaN,NaN,NaN,NaN,2.5,1.6733200530681511,2.9719298245614034,1.3608673433772682,5.0,0.5,0.7560890582412184,4.0,6.0,1.8837209302325582,0.8999163967857405,0.10526315789473684,0.0
884,1,19.0,59.0,3.1052631578947367,0.17251461988304093,0.1111111111111111,0.0,0.625,0.125,0.0,0.25,0.7368421052631579,0.0,0.0,0.6428571428571429,0.4428135702054794,0.10712951709124714,0.103125,0.19189298232782423,NaN,NaN,NaN,NaN,3.6875,2.914761282392322,2.993578115951875,1.1555766304553328,4.5,0.75,0.6418104076429494,3.0,9.0,1.6694214876033058,0.6878520886555254,0.15789473684210525,0.0
885,1,19.0,66.0,3.473684210526316,0.19298245614035087,0.1111111111111111,0.05555555555555555,0.625,0.3125,0.0,0.125,0.7368421052631579,0.0,0.0,0.6428571428571429,0.1636139562430323,0.18700423651783077,0.0625,0.1707825127659933,NaN,NaN,NaN,NaN,4.125,4.031128874149275,2.9388790680174384,1.2966207201998203,4.4,0.5625,0.824855923433007,4.0,11.0,1.676923076923077,0.7283344556646272,0.42105263157894735,0.0
886,1,19.0,52.0,2.736842105263158,0.15204678362573099,0.1111111111111111,0.0,0.625,0.1875,0.0625,0.25,0.7368421052631579,0.0,0.07142857142857142,0.5714285714285714,0.34188988095238093,0.2636841497503292,0.13020833333333331,0.27716947282604315,NaN,NaN,NaN,NaN,3.25,2.695675549220764,2.9235940729015524,1.2644703834531041,4.8,0.625,0.8162181088128029,4.0,9.0,1.7425742574257426,0.8204080124734846,0.21052631578947367,0.0
887,1,19.0,73.0,3.8421052631578947,0.2134502923976608,0.1111111111111111,0.0,0.5625,0.1875,0.0625,0.3125,0.7368421052631579,0.0,0.07142857142857142,0.5714285714285714,0.48843041200114845,0.24505397937976453,0.16145833333333334,0.29575507572113574,NaN,NaN,NaN,NaN,4.5625,3.932238548206352,2.8468507300640264,1.1067212340576262,4.166666666666666,0.5625,0.5930002227735707,3.0,8.0,1.5,0.5773502691896257,0.15789473684210525,0.0
888,1,19.0,56.0,2.9473684210526314,0.16374269005847952,0.1111111111111111,0.0,0.5,0.25,0.0,0.375,0.7368421052631579,0.0,0.0,0.5714285714285714,0.5666158527315626,0.24371650919898086,0.17916666666666664,0.2615834970443011,NaN,NaN,NaN,NaN,3.5,3.5777087639996634,3.0115168557999774,1.3849436427516721,5.5,0.625,0.9042111776192034,5.0,11.0,1.888,0.9855078926379093,0.15789473684210525,0.0
889,1,19.0,80.0,4.2105263157894735,0.23391812865497075,0.1111111111111111,0.0,0.625,0.1875,0.0,0.375,0.7368421052631579,0.0,0.0,0.7142857142857143,0.5536650174918764,0.06289938352217206,0.15729166666666666,0.23253583953160137,NaN,NaN,NaN,NaN,5.0,3.366501646120693,3.00520632633982,1.1978959625927996,4.555555555555555,0.75,0.7669257409061988,3.0,12.0,1.6666666666666667,0.6940608259421698,0.42105263157894735,0.0
89,1,19.0,49.0,2.5789473684210527,0.14327485380116958,0.1111111111111111,0.1111111111111111,0.625,0.3125,0.0,0.25,0.7368421052631579,0.0,0.0,0.5714285714285714,0.4826719576719576,0.20747239920433797,0.13541666666666666,0.24509068616421245,NaN,NaN,NaN,NaN,3.0625,2.2351360883251234,2.848558897243108,1.220543488622826,4.5,0.5,0.6046712354697676,4.0,10.0,1.794871794871795,0.7490046445514753,0.21052631578947367,0.0
890,1,19.0,41.0,2.1578947368421053,0.11988304093567251,0.1111111111111111,0.0,0.625,0.25,0.0,0.1875,0.7368421052631579,0.0,0.0,0.6428571428571429,0.28250000000000003,0.2260367062947799,0.0875,0.18929694486000911,NaN,NaN,NaN,NaN,2.5625,2.27943706500823,2.867794486215539,1.2175680216687828,4.666666666666666,0.5,0.6751702769944662,4.0,8.0,1.8453608247422681,0.8458256098034113,0.15789473684210525,0.0
891,1,19.0,57.0,3.0,0.16666666666666666,0.1111111111111111,0.0,0.5625,0.25,0.0625,0.3125,0.7368421052631579,0.0,0.07142857142857142,0.6428571428571429,0.5420454545454545,0.30229380195386824,0.15520833333333334,0.2826277980351936,NaN,NaN,NaN,NaN,3.5625,3.9994791327538306,2.9351817042606516,1.4208504791893768,6.0,0.4375,0.913919817930474,5.0,10.0,1.972972972972973,1.1943766686165744,0.21052631578947367,0.0
892,1,19.0,63.0,3.3157894736842106,0.18421052631578946,0.1111111111111111,0.05555555555555555,0.5,0.1875,0.0625,0.4375,0.7368421052631579,0.0,0.07142857142857142,0.7142857142857143,0.6955971545815296,0.17892964413236473,0.221875,0.3055486110321952,NaN,NaN,NaN,NaN,3.9375,2.2051077071199945,2.871825349032383,1.1418019878668588,4.222222222222222,0.8125,0.6232497205873513,3.0,8.0,1.6065573770491803,0.6499507552760997,0.10526315789473684,0.0
893,1,19.0,54.0,2.8421052631578947,0.15789473684210525,0.1111111111111111,0.0,0.625,0.25,0.0625,0.25,0.7368421052631579,0.0,0.07142857142857142,0.6428571428571429,0.3433013830532213,0.2974614323455289,0.140625,0.2882237267586877,NaN,NaN,NaN,NaN,3.375,3.052321520853704,2.8451467584431573,1.1842517974031563,4.4,0.5,0.6695115585520844,4.0,9.0,1.6363636363636365,0.713272246584797,0.2631578947368421,0.0
894,1,19.0,45.0,2.3684210526315788,0.13157894736842105,0.1111111111111111,0.05555555555555555,0.5625,0.25,0.0625,0.1875,0.7368421052631579,0.0,0.07142857142857142,0.7142857142857143,0.28229166666666666,0.3104040825189715,0.10833333333333332,0.268741924943285,NaN,NaN,NaN,NaN,2.8125,2.2276669409945464,2.8838377996272735,1.2063772835651914,4.5,0.4375,0.6881488808000481,4.0,9.0,1.7311827956989247,0.782134550670771,0.0,0.0
895,1,19.0,57.0,3.0,0.16666666666666666,0.1111111111111111,0.0,0.5,0.25,0.0625,0.3125,0.7368421052631579,0.0,0.07142857142857142,0.6428571428571429,0.4138157894736842,0.25634193470419153,0.15520833333333334,0.2826277980351936,NaN,NaN,NaN,NaN,3.5625,3.244867742553873,2.7559433342715076,1.1284123377184765,4.272727272727273,0.625,0.6306597569808676,3.0,9.0,1.6576576576576576,0.7070488667115591,0.10526315789473684,0.0
896,1,19.0,41.0,2.1578947368421053,0.11988304093567251,0.1111111111111111,0.0,0.5625,0.1875,0.0625,0.25,0.7368421052631579,0.0,0.07142857142857142,0.7142857142857143,0.6164717348927875,0.36564857159211256,0.14583333333333334,0.29736497091272523,NaN,NaN,NaN,NaN,2.5625,1.7876893839068724,2.9460108604845447,1.2955106035526598,5.111111111111111,0.5,0.6865972485816254,5.0,11.0,2.134920634920635,1.0068022614450136,0.21052631578947367,0.0
897,1,19.0,54.0,2.8421052631578947,0.15789473684210525,0.1111111111111111,0.05555555555555555,0.5625,0.3125,0.0625,0.1875,0.7368421052631579,0.0,0.07142857142857142,0.6428571428571429,0.32756073667711594,0.2851520193577292,0.10833333333333332,0.268741924943285,NaN,NaN,NaN,NaN,3.375,3.0740852297878796,2.746539425486793,1.1240084593145856,4.3,0.625,0.662118742579408,3.0,8.0,1.6696428571428572,0.6895408167516539,0.10526315789473684,0.0
898,1,19.0,41.0,2.1578947368421053,0.11988304093567251,0.1111111111111111,0.2222222222222222,0.5625,0.25,0.125,0.375,0.7368421052631579,0.0,0.14285714285714285,0.6428571428571429,0.5362268518518518,0.3325731859044331,0.22395833333333331,0.3583898534236663,NaN,NaN,NaN,NaN,2.5625,1.4127396551853895,2.766431813800235,1.142588132327116,4.5,0.5,0.6870821827340892,3.0,6.0,1.696629213483146,0.6974709896544812,0.0,0.0
899,1,19.0,56.0,2.9473684210526314,0.16374269005847952,0.1111111111111111,0.0,0.5,0.1875,0.0,0.3125,0.7368421052631579,0.0,0.0,0.7142857142857143,0.43038508469710013,0.2546324751541114,0.11979166666666666,0.19237489922505965,NaN,NaN,NaN,NaN,3.5,3.0767948691238205,2.8396932659703555,1.143378447742102,4.333333333333334,0.75,0.6617704217842088,4.0,11.0,1.7786259541984732,0.7675142327507967,0.2631578947368421,0.0
9,1,19.0,48.0,2.526315789473684,0.14035087719298245,0.1111111111111111,0.0,0.625,0.25,0.0625,0.1875,0.7368421052631579,0.0,0.07142857142857142,0.7142857142857143,0.39937140804597704,0.37366805512058765,0.1,0.2633122354417533,NaN,NaN,NaN,NaN,3.0,3.40587727318528,3.0563705014169416,1.4034612860365112,5.333333333333334,0.5,0.9009194211930501,5.0,10.0,1.8857142857142857,0.943747498359249,0.3157894736842105,0.0
90,1,19.0,64.0,3.3684210526315788,0.1871345029239766,0.1111111111111111,0.0,0.5625,0.25,0.125,0.25,0.7368421052631579,0.0,0.14285714285714285,0.6428571428571429,0.4617706938866577,0.33312005348291374,0.15625,0.34003676271838607,NaN,NaN,NaN,NaN,4.0,3.5777087639996634,2.9602189381937665,1.3056663062172211,4.666666666666666,0.5625,0.9043836861571904,4.0,10.0,1.728,0.8169178898210502,0.21052631578947367,0.0
900,1,19.0,54.0,2.8421052631578947,0.15789473684210525,0.1111111111111111,0.05555555555555555,0.5625,0.1875,0.125,0.4375,0.7368421052631579,0.0,0.14285714285714285,0.6428571428571429,0.8341304485784738,0.15760421777758396,0.25520833333333337,0.35935738684696816,NaN,NaN,NaN,NaN,3.375,2.4460853078609777,2.8035087719298244,1.0978876877526127,4.125,0.625,0.6823337413433881,4.0,9.0,1.7890625,0.7700326585772779,0.21052631578947367,0.0
901,1,19.0,54.0,2.8421052631578947,0.15789473684210525,0.1111111111111111,0.05555555555555555,0.625,0.25,0.0625,0.3125,0.7368421052631579,0.0,0.07142857142857142,0.6428571428571429,0.5023012142577361,0.19275678315700528,0.153125,0.286047053238915,NaN,NaN,NaN,NaN,3.375,2.80178514522438,2.9526087947140582,1.232548612927868,4.5,0.5,0.7479724686418178,4.0,10.0,1.7207207207207207,0.7528270496924023,0.2631578947368421,0.0
902,1,19.0,72.0,3.789473684210526,0.21052631578947367,0.1111111111111111,0.0,0.5625,0.1875,0.0625,0.375,0.7368421052631579,0.0,0.07142857142857142,0.6428571428571429,0.595797950634058,0.13661442841924207,0.18854166666666666,0.3042123253401954,NaN,NaN,NaN,NaN,4.5,3.6514837167011076,2.9828718258284823,1.1882687964695131,4.466666666666667,0.75,0.7364715271688149,4.0,12.0,1.6711409395973154,0.6920685114903066,0.2631578947368421,0.0
903,1,19.0,35.0,1.8421052631578947,0.1023391812865497,0.1111111111111111,0.1111111111111111,0.5625,0.25,0.0625,0.3125,0.7368421052631579,0.0,0.07142857142857142,0.7142857142857143,0.7116126543209875,0.37388586844527266,0.16145833333333331,0.2894259164468709,NaN,NaN,NaN,NaN,2.1875,1.6007810593582121,2.738191632928475,1.1084807440991484,4.6923076923076925,0.4375,0.4575641691251964,4.0,6.0,1.7464788732394365,0.8232047108562094,0.0,0.0
904,1,19.0,40.0,2.1052631578947367,0.11695906432748537,0.1111111111111111,0.1111111111111111,0.625,0.1875,0.0,0.25,0.7368421052631579,0.0,0.0,0.6428571428571429,0.4458333333333333,0.2002313476771122,0.125,0.23174059571793568,NaN,NaN,NaN,NaN,2.5,1.4605934866804429,3.389421517594892,1.7695827272139086,6.5,0.5625,1.0003356136432293,5.0,10.0,2.1372549019607843,1.0994077225134755,0.2631578947368421,0.0
905,1,19.0,61.0,3.210526315789474,0.1783625730994152,0.1111111111111111,0.0,0.5625,0.25,0.0,0.3125,0.7368421052631579,0.0,0.0,0.6428571428571429,0.419539741847826,0.19645227877061788,0.15104166666666666,0.24384791480665882,NaN,NaN,NaN,NaN,3.8125,3.9533740863554345,3.099240413868897,1.4020140321188794,5.5,0.6875,0.8714615857122999,5.0,12.0,1.8175182481751824,0.8593685960376559,0.2631578947368421,0.0
906,1,19.0,43.0,2.263157894736842,0.12573099415204678,0.1111111111111111,0.0,0.625,0.25,0.0625,0.1875,0.7368421052631579,0.0,0.07142857142857142,0.5714285714285714,0.2497632575757576,0.3353174099841457,0.109375,0.27338541170540415,NaN,NaN,NaN,NaN,2.6875,3.156342820417326,2.799122807017544,1.1805584795285426,5.0,0.4375,0.7157838356118721,4.0,7.0,1.6363636363636365,0.7417811230071583,0.10526315789473684,0.0
907,1,19.0,49.0,2.5789473684210527,0.14327485380116958,0.1111111111111111,0.1111111111111111,0.625,0.1875,0.0625,0.3125,0.7368421052631579,0.0,0.07142857142857142,0.6428571428571429,0.5043402777777777,0.25956787600372744,0.16666666666666666,0.3027650354097491,NaN,NaN,NaN,NaN,3.0625,2.080664957811965,3.0506879944960437,1.3199451943287441,5.0,0.5,0.6529103855673157,4.0,8.0,1.8198198198198199,0.8333742823681892,0.10526315789473684,0.0
908,1,19.0,62.0,3.263157894736842,0.18128654970760233,0.1111111111111111,0.0,0.5625,0.1875,0.0625,0.3125,0.7368421052631579,0.0,0.07142857142857142,0.6428571428571429,0.6075329094154396,0.22538562743969606,0.15520833333333334,0.2826277980351936,NaN,NaN,NaN,NaN,3.875,3.052321520853704,3.0861707934076357,1.2520608275793963,4.333333333333334,0.6875,0.7618013394796642,4.0,11.0,1.7196969696969697,0.7445926591649626,0.2631578947368421,0.0
909,1,19.0,42.0,2.210526315789474,0.12280701754385964,0.1111111111111111,0.05555555555555555,0.5625,0.3125,0.125,0.3125,0.7368421052631579,0.0,0.14285714285714285,0.6428571428571429,0.650173611111111,0.3236283034254056,0.203125,0.36128468050883417,NaN,NaN,NaN,NaN,2.625,2.0615528128088303,2.75062656641604,1.1488392934447138,4.571428571428571,0.5625,0.6158219512976866,4.0,6.0,1.755813953488372,0.7659833589288678,0.0,0.0
91,1,19.0,52.0,2.736842105263158,0.15204678362573099,0.1111111111111111,0.0,0.625,0.25,0.0625,0.1875,0.7368421052631579,0.0,0.07142857142857142,0.6428571428571429,0.4720473875033885,0.2590399687912876,0.109375,0.27338541170540415,NaN,NaN,NaN,NaN,3.25,2.32379000772445,3.0477359173334406,1.363964968417632,5.166666666666666,0.625,0.7788640909131098,4.0,10.0,1.8837209302325582,0.796750303741158,0.3157894736842105,0.0
910,1,19.0,71.0,3.736842105263158,0.20760233918128654,0.1111111111111111,0.0,0.5,0.1875,0.0625,0.4375,0.7368421052631579,0.0,0.07142857142857142,0.7142857142857143,0.6264388888888889,0.2275946094236046,0.20104166666666667,0.2837884416772988,NaN,NaN,NaN,NaN,4.4375,3.6872528165740595,2.7919773446089233,1.0435362357880829,4.083333333333334,0.6875,0.6314982315025374,3.0,10.0,1.5851851851851853,0.639323163385756,0.21052631578947367,0.0
911,1,19.0,39.0,2.0526315789473686,0.11403508771929824,0.1111111111111111,0.1111111111111111,0.625,0.25,0.0625,0.1875,0.7368421052631579,0.0,0.07142857142857142,0.6428571428571429,0.44930555555555546,0.31053435295010423,0.11875,0.28099525500145617,NaN,NaN,NaN,NaN,2.4375,1.8246004128758346,2.9247737556561084,1.3019780372065874,4.875,0.5625,0.6282037123887655,4.0,10.0,2.0,0.8901981971385244,0.0,0.0
912,1,19.0,49.0,2.5789473684210527,0.14327485380116958,0.1111111111111111,0.05555555555555555,0.5625,0.1875,0.0625,0.3125,0.7368421052631579,0.0,0.07142857142857142,0.6428571428571429,0.6308471993032637,0.219778498016096,0.165625,0.298791934915202,NaN,NaN,NaN,NaN,3.0625,2.048373338367138,3.0536273375747065,1.297178371994584,4.833333333333334,0.75,0.7561170790061404,4.0,10.0,1.9130434782608696,0.7874773626181191,0.2631578947368421,0.0
913,1,19.0,78.0,4.105263157894737,0.22807017543859648,0.1111111111111111,0.0,0.5625,0.1875,0.0,0.375,0.7368421052631579,0.0,0.0,0.7142857142857143,0.5359574468085107,0.1609345724911409,0.14583333333333334,0.20507451220362705,NaN,NaN,NaN,NaN,4.875,3.9812058474788765,2.841194293548864,1.060642815865846,4.0,0.6875,0.67985762639591,3.0,11.0,1.5594405594405594,0.6007316855815553,0.3684210526315789,0.0
914,1,19.0,68.0,3.5789473684210527,0.19883040935672514,0.1111111111111111,0.0,0.625,0.25,0.0625,0.25,0.7368421052631579,0.0,0.07142857142857142,0.5714285714285714,0.4579144813519814,0.19146489992276552,0.140625,0.2882237267586877,NaN,NaN,NaN,NaN,4.25,3.8384024454626084,3.232332729597273,1.5184779773191532,5.833333333333334,0.625,1.0762600047214619,5.0,11.0,1.795774647887324,0.8795447919548154,0.3684210526315789,0.0
915,1,19.0,76.0,4.0,0.2222222222222222,0.1111111111111111,0.0,0.625,0.125,0.0625,0.375,0.7368421052631579,0.0,0.07142857142857142,0.7142857142857143,0.7740065219144291,0.1370671898172253,0.17395833333333333,0.2926867083747728,NaN,NaN,NaN,NaN,4.75,3.4351128074635335,2.9856398407893305,1.1232486471961998,4.2,0.75,0.657516090461439,3.0,11.0,1.5774647887323943,0.6338438815096821,0.2631578947368421,0.0
916,1,19.0,42.0,2.210526315789474,0.12280701754385964,0.1111111111111111,0.16666666666666666,0.5625,0.1875,0.0,0.1875,0.7368421052631579,0.0,0.0,0.7142857142857143,0.3207465277777778,0.24302061587492188,0.0875,0.18929694486000914,NaN,NaN,NaN,NaN,2.625,1.6278820596099706,2.6692307692307695,0.9637550898349888,4.0,0.5625,0.4865711341617982,3.0,7.0,1.6022727272727273,0.5976923578647696,0.0,0.0
917,1,19.0,45.0,2.3684210526315788,0.13157894736842105,0.1111111111111111,0.05555555555555555,0.5,0.3125,0.0625,0.25,0.7368421052631579,0.0,0.07142857142857142,0.6428571428571429,0.4132850241545894,0.29644822996711445,0.13958333333333334,0.2839454172900136,NaN,NaN,NaN,NaN,2.8125,2.8570089254323303,2.7578508771929826,1.1937994807723773,4.8,0.6875,0.7353503701959021,4.0,8.0,1.7244897959183674,0.7836027323605022,0.10526315789473684,0.0
918,1,19.0,46.0,2.4210526315789473,0.13450292397660818,0.1111111111111111,0.1111111111111111,0.625,0.1875,0.0,0.25,0.7368421052631579,0.0,0.0,0.6428571428571429,0.23269412878787873,0.13560891711114342,0.078125,0.1505199322349037,NaN,NaN,NaN,NaN,2.875,1.707825127659933,2.961027568922306,1.2040514903911606,4.333333333333334,0.5,0.5967337455140796,4.0,10.0,1.817391304347826,0.7900989133685595,0.15789473684210525,0.0
919,1,19.0,52.0,2.736842105263158,0.15204678362573099,0.1111111111111111,0.0,0.5625,0.25,0.0,0.3125,0.7368421052631579,0.0,0.0,0.6428571428571429,0.32411521084337347,0.1858459796820869,0.12395833333333332,0.19794955867032835,NaN,NaN,NaN,NaN,3.25,3.3565855667130946,2.887335273668041,1.2919191922048612,5.333333333333334,0.5,0.7947953458482616,5.0,8.0,1.8421052631578947,0.9176629354822472,0.2631578947368421,0.0
92,1,19.0,38.0,2.0,0.1111111111111111,0.1111111111111111,0.0,0.6875,0.1875,0.0,0.125,0.7368421052631579,0.0,0.0,0.6428571428571429,0.15277777777777776,0.1511114940763121,0.05208333333333333,0.1455354099714415,NaN,NaN,NaN,NaN,2.375,1.8211717839530315,3.170983832129343,1.4558472218144436,5.5,0.5625,0.7872228680535919,5.0,8.0,2.0784313725490198,0.9919105927232117,0.10526315789473684,0.0
920,1,19.0,54.0,2.8421052631578947,0.15789473684210525,0.1111111111111111,0.0,0.625,0.125,0.0625,0.375,0.7368421052631579,0.0,0.07142857142857142,0.5714285714285714,0.6872787309368192,0.10332406797196186,0.17395833333333335,0.2926867083747728,NaN,NaN,NaN,NaN,3.375,3.442382895611701,3.1786662168241113,1.3799957306195048,5.666666666666666,0.6875,0.779311952027486,5.0,10.0,2.015267175572519,1.0450228766316552,0.15789473684210525,0.0
921,1,19.0,53.0,2.789473684210526,0.15497076023391812,0.1111111111111111,0.05555555555555555,0.5625,0.1875,0.0,0.3125,0.7368421052631579,0.0,0.0,0.7142857142857143,0.2833567743716032,0.20038851936128724,0.109375,0.17908913050955008,NaN,NaN,NaN,NaN,3.3125,2.4689741459426693,2.86967418546366,1.0937200032542875,4.333333333333334,0.6875,0.6746788752265246,4.0,9.0,1.6896551724137931,0.7029601151830955,0.10526315789473684,0.0
922,1,19.0,63.0,3.3157894736842106,0.18421052631578946,0.1111111111111111,0.0,0.5625,0.25,0.0625,0.25,0.7368421052631579,0.0,0.07142857142857142,0.6428571428571429,0.46413125948406675,0.32808079399633805,0.14583333333333331,0.29107081994288303,NaN,NaN,NaN,NaN,3.9375,3.8204493627495357,2.6776811939350638,1.0504032166962831,4.076923076923077,0.4375,0.6198350042645977,3.0,9.0,1.5666666666666667,0.6315691187991447,0.2631578947368421,0.0
923,1,19.0,39.0,2.0526315789473686,0.11403508771929824,0.1111111111111111,0.05555555555555555,0.5625,0.3125,0.0625,0.1875,0.7368421052631579,0.0,0.07142857142857142,0.5714285714285714,0.2507440476190476,0.263799737297703,0.11458333333333333,0.2770128356432443,NaN,NaN,NaN,NaN,2.4375,1.7876893839068724,2.9119320737741794,1.3268399521440564,4.846153846153847,0.625,0.7825162559407752,4.0,9.0,2.0265486725663715,0.8604419233239398,0.2631578947368421,0.0
924,1,19.0,57.0,3.0,0.16666666666666666,0.1111111111111111,0.0,0.5625,0.1875,0.0625,0.375,0.7368421052631579,0.0,0.07142857142857142,0.6428571428571429,0.6329902074176883,0.21677075763998818,0.19270833333333331,0.30386210018020665,NaN,NaN,NaN,NaN,3.5625,3.650913127789631,3.025198137888581,1.329140021660958,5.166666666666666,0.6875,0.7417598247820393,4.0,9.0,1.7983193277310925,0.8885317534149596,0.21052631578947367,0.0
925,1,19.0,45.0,2.3684210526315788,0.13157894736842105,0.1111111111111111,0.0,0.625,0.25,0.0625,0.25,0.7368421052631579,0.0,0.07142857142857142,0.5714285714285714,0.455630523989899,0.24497850892368414,0.140625,0.2882237267586877,NaN,NaN,NaN,NaN,2.8125,3.0159299284521404,3.02781954887218,1.348249906704777,4.75,0.625,0.7603433036123419,4.0,7.0,1.8229166666666667,0.8825178294506268,0.10526315789473684,0.0
926,1,19.0,56.0,2.9473684210526314,0.16374269005847952,0.1111111111111111,0.0,0.5625,0.1875,0.0625,0.25,0.7368421052631579,0.0,0.07142857142857142,0.6428571428571429,0.4023038416819152,0.28616900612317164,0.13020833333333331,0.27716947282604315,NaN,NaN,NaN,NaN,3.5,3.22490309931942,2.961472411091525,1.252872072329089,4.5,0.75,0.7179018817293575,4.0,11.0,1.781954887218045,0.7521519215563663,0.3684210526315789,0.0
927,1,19.0,48.0,2.526315789473684,0.14035087719298245,0.1111111111111111,0.0,0.625,0.1875,0.0625,0.25,0.7368421052631579,0.0,0.07142857142857142,0.7142857142857143,0.27368827160493825,0.3295109198090921,0.11875,0.26575364531836626,NaN,NaN,NaN,NaN,3.0,3.141125063837266,3.00265664160401,1.265405967637447,5.0,0.375,0.7750180125017482,4.0,7.0,1.5925925925925926,0.7870479302078396,0.0,0.0
928,1,19.0,52.0,2.736842105263158,0.15204678362573099,0.1111111111111111,0.05555555555555555,0.6875,0.25,0.0625,0.125,0.7368421052631579,0.0,0.07142857142857142,0.7142857142857143,0.6370063438170122,0.32356977610126825,0.09375,0.2719528145346787,NaN,NaN,NaN,NaN,3.25,3.5683796509527026,3.140559732664996,1.4486533562177117,5.0,0.3125,0.9053069284629522,4.0,9.0,1.7889908256880733,0.8396802135492796,0.3157894736842105,0.0
929,1,19.0,44.0,2.3157894736842106,0.1286549707602339,0.1111111111111111,0.1111111111111111,0.5,0.3125,0.0,0.3125,0.7368421052631579,0.0,0.0,0.6428571428571429,0.3643198529411764,0.24281845921970513,0.13958333333333334,0.21746647251166482,NaN,NaN,NaN,NaN,2.75,1.8439088914585775,2.687983715269034,1.0833430289819854,4.285714285714286,0.5,0.6046104986320288,3.0,7.0,1.75,0.7398435111918139,0.21052631578947367,0.0
93,1,19.0,52.0,2.736842105263158,0.15204678362573099,0.1111111111111111,0.0,0.625,0.1875,0.0625,0.3125,0.7368421052631579,0.0,0.07142857142857142,0.7142857142857143,0.6303385416666667,0.25206866205010786,0.146875,0.27896759071022326,NaN,NaN,NaN,NaN,3.25,3.1728010758108782,2.9784859876965144,1.242809512351893,5.0,0.625,0.6958404163502306,4.0,11.0,1.921259842519685,0.8962558734402613,0.2631578947368421,0.0
930,1,19.0,31.0,1.631578947368421,0.09064327485380116,0.1111111111111111,0.2222222222222222,0.5625,0.25,0.125,0.25,0.7368421052631579,0.0,0.14285714285714285,0.6428571428571429,0.35,0.4301162633521313,0.165625,0.344827855603343,NaN,NaN,NaN,NaN,1.9375,1.4361406616345072,2.8815789473684212,1.3211117505002903,5.0,0.3125,0.7308339616971097,5.0,7.0,1.9393939393939394,1.09374146683318,0.0,0.0
931,1,19.0,42.0,2.210526315789474,0.12280701754385964,0.1111111111111111,0.05555555555555555,0.6875,0.25,0.0625,0.0625,0.7368421052631579,0.0,0.07142857142857142,0.6428571428571429,0.33927266081871343,0.3583227529986166,0.0625,0.25,NaN,NaN,NaN,NaN,2.625,3.2015621187164243,3.263157894736842,1.6483023341593985,6.0,0.25,0.9228799039274671,6.0,10.0,2.15,1.217506974240079,0.15789473684210525,0.0
932,1,19.0,72.0,3.789473684210526,0.21052631578947367,0.1111111111111111,0.0,0.5625,0.1875,0.0625,0.3125,0.7368421052631579,0.0,0.07142857142857142,0.7142857142857143,0.7256699346405229,0.25040493617952886,0.16666666666666666,0.30110906108363233,NaN,NaN,NaN,NaN,4.5,3.8297084310253524,2.8876254808143353,1.1101128429649645,4.272727272727273,0.625,0.7319543241322268,3.0,10.0,1.5777777777777777,0.6285100441694553,0.3157894736842105,0.0
933,1,19.0,57.0,3.0,0.16666666666666666,0.1111111111111111,0.0,0.5625,0.1875,0.0625,0.375,0.7368421052631579,0.0,0.07142857142857142,0.7142857142857143,0.64780856918239,0.2459895583108844,0.16770833333333335,0.2797133949837464,NaN,NaN,NaN,NaN,3.5625,3.346017533327244,2.92428290059869,1.160041034776214,4.666666666666666,0.625,0.6970953592321336,4.0,9.0,1.7622950819672132,0.8337238844562407,0.15789473684210525,0.0
934,1,19.0,80.0,4.2105263157894735,0.23391812865497075,0.1111111111111111,0.0,0.5,0.1875,0.0,0.375,0.7368421052631579,0.0,0.0,0.7142857142857143,0.5649416251905657,0.1704960631011348,0.14999999999999997,0.22068915628934666,NaN,NaN,NaN,NaN,5.0,3.483293460696835,2.927907606854976,1.1094383975784083,4.083333333333334,0.625,0.6673489615975975,3.0,12.0,1.5759493670886076,0.5896593402528001,0.42105263157894735,0.0
935,1,19.0,34.0,1.7894736842105263,0.09941520467836257,0.1111111111111111,0.2222222222222222,0.625,0.3125,0.0625,0.125,0.7368421052631579,0.0,0.07142857142857142,0.6428571428571429,0.24272727272727274,0.3407296946613218,0.0875,0.2629955639676583,NaN,NaN,NaN,NaN,2.125,1.5438048235879214,2.7197577276524645,1.0930676275171511,4.125,0.375,0.5680647884468806,3.0,7.0,1.6883116883116882,0.6739463562078188,0.10526315789473684,0.0
936,1,19.0,80.0,4.2105263157894735,0.23391812865497075,0.1111111111111111,0.0,0.5625,0.25,0.0,0.25,0.7368421052631579,0.0,0.0,0.7142857142857143,0.3834314501116902,0.18175831978763252,0.10833333333333332,0.19720265943665383,NaN,NaN,NaN,NaN,5.0,4.427188724235731,2.804999340456404,1.1074103291719342,4.05,0.4375,0.6470930415937451,3.0,9.0,1.4848484848484849,0.5727241517232815,0.2631578947368421,0.0
937,1,19.0,41.0,2.1578947368421053,0.11988304093567251,0.1111111111111111,0.05555555555555555,0.625,0.1875,0.0625,0.1875,0.7368421052631579,0.0,0.07142857142857142,0.5714285714285714,0.2960069444444444,0.3415837195225266,0.109375,0.27338541170540415,NaN,NaN,NaN,NaN,2.5625,2.5552234083669996,2.909356725146199,1.2102684981262857,4.5,0.4375,0.625559069435177,4.0,7.0,1.75,0.7768193328323317,0.10526315789473684,0.0
938,1,19.0,66.0,3.473684210526316,0.19298245614035087,0.1111111111111111,0.0,0.5625,0.25,0.0625,0.3125,0.7368421052631579,0.0,0.07142857142857142,0.6428571428571429,0.44983253093412334,0.2434983775287061,0.146875,0.27896759071022326,NaN,NaN,NaN,NaN,4.125,3.364025366531392,2.9975235291024767,1.292340985733919,5.0,0.6875,0.7946542573313599,4.0,12.0,1.8344827586206895,0.8417392138985562,0.3684210526315789,0.0
939,1,19.0,48.0,2.526315789473684,0.14035087719298245,0.1111111111111111,0.0,0.625,0.1875,0.0625,0.25,0.7368421052631579,0.0,0.07142857142857142,0.6428571428571429,0.45972679093567254,0.28124322650635647,0.15104166666666666,0.30462294544057067,NaN,NaN,NaN,NaN,3.0,1.8973665961010275,3.0168072424651373,1.2834833980796276,4.888888888888889,0.5625,0.6517911187496395,4.0,9.0,1.8455284552845528,0.7578282205675491,0.15789473684210525,0.0
94,1,19.0,56.0,2.9473684210526314,0.16374269005847952,0.1111111111111111,0.05555555555555555,0.625,0.25,0.0625,0.25,0.7368421052631579,0.0,0.07142857142857142,0.7142857142857143,0.38037383177570094,0.314544130319391,0.134375,0.2809025631780529,NaN,NaN,NaN,NaN,3.5,2.851899951494325,2.914682427995121,1.2463684780243365,4.666666666666666,0.4375,0.6367989151351183,4.0,10.0,1.7333333333333334,0.7417142684500607,0.3157894736842105,0.0
940,1,19.0,35.0,1.8421052631578947,0.1023391812865497,0.1111111111111111,0.05555555555555555,0.5625,0.3125,0.125,0.1875,0.7368421052631579,0.0,0.14285714285714285,0.6428571428571429,0.4388888888888889,0.4062880244946147,0.15,0.3464101615137754,NaN,NaN,NaN,NaN,2.1875,2.5876308340513594,2.666347687400319,1.074994700212989,4.333333333333334,0.375,0.6095683693662964,4.0,7.0,1.8048780487804879,0.7768093079988657,0.10526315789473684,0.0
941,1,19.0,37.0,1.9473684210526316,0.10818713450292397,0.1111111111111111,0.1111111111111111,0.5,0.375,0.125,0.25,0.7368421052631579,0.0,0.14285714285714285,0.5714285714285714,0.43784722222222217,0.3147290869115026,0.17708333333333331,0.3520771695712935,NaN,NaN,NaN,NaN,2.3125,2.4689741459426693,2.833333333333333,1.317592267249641,5.0,0.5625,0.9017972267856219,4.0,9.0,1.9230769230769231,0.8972893653265959,0.10526315789473684,0.0
942,1,19.0,40.0,2.1052631578947367,0.11695906432748537,0.1111111111111111,0.0,0.625,0.375,0.0625,0.125,0.7368421052631579,0.0,0.07142857142857142,0.6428571428571429,0.3730436991869918,0.3587894234368539,0.09375,0.2719528145346787,NaN,NaN,NaN,NaN,2.5,2.6583202716502514,2.7461683053788315,1.1950402400332023,4.571428571428571,0.3125,0.7473334189165375,4.0,9.0,1.8736842105263158,0.8659284190253257,0.15789473684210525,0.0
943,1,19.0,71.0,3.736842105263158,0.20760233918128654,0.1111111111111111,0.0,0.5625,0.125,0.0625,0.375,0.7368421052631579,0.0,0.07142857142857142,0.7142857142857143,0.7951942136417942,0.1565990741056271,0.18645833333333334,0.2980938672695292,NaN,NaN,NaN,NaN,4.4375,3.61420807370024,3.0258145363408517,1.1412922661433236,4.4,0.5625,0.6844647841046689,3.0,10.0,1.608695652173913,0.6442874478487154,0.3157894736842105,0.0
944,1,19.0,40.0,2.1052631578947367,0.11695906432748537,0.1111111111111111,0.1111111111111111,0.6875,0.25,0.0625,0.1875,0.7368421052631579,0.0,0.07142857142857142,0.5714285714285714,0.14755859374999997,0.2628784143262388,0.109375,0.27338541170540415,NaN,NaN,NaN,NaN,2.5,2.1291625896895083,2.998515519568151,1.2999914489706446,4.75,0.4375,0.6296782756454321,5.0,8.0,2.087719298245614,1.0005432463246529,0.15789473684210525,0.0
945,1,19.0,48.0,2.526315789473684,0.14035087719298245,0.1111111111111111,0.05555555555555555,0.625,0.1875,0.0,0.25,0.7368421052631579,0.0,0.0,0.7142857142857143,0.24122807017543862,0.15028310587852944,0.0875,0.16583123951776996,NaN,NaN,NaN,NaN,3.0,1.5491933384829668,2.8812257917521076,1.1595676074899772,4.571428571428571,0.5,0.5720531323503987,3.0,7.0,1.719626168224299,0.6976293080026351,0.2631578947368421,0.0
946,1,19.0,42.0,2.210526315789474,0.12280701754385964,0.1111111111111111,0.1111111111111111,0.6875,0.25,0.0625,0.125,0.7368421052631579,0.0,0.07142857142857142,0.5714285714285714,0.2907738095238095,0.32247844414592347,0.09375,0.2719528145346787,NaN,NaN,NaN,NaN,2.625,2.473189573539939,3.0276744492810974,1.3163924711726371,4.666666666666666,0.5,0.8702619071736808,5.0,10.0,2.0095238095238095,1.004750620564033,0.15789473684210525,0.0
947,1,19.0,57.0,3.0,0.16666666666666666,0.1111111111111111,0.0,0.5625,0.125,0.0625,0.3125,0.7368421052631579,0.0,0.07142857142857142,0.6428571428571429,0.4970315600198413,0.23971568483900632,0.15520833333333334,0.2826277980351936,NaN,NaN,NaN,NaN,3.5625,2.874456470360962,2.9438909774436093,1.1705554792099655,4.833333333333334,0.8125,0.7168286056503063,4.0,9.0,1.7669172932330828,0.7373911634649919,0.3157894736842105,0.0
948,1,19.0,70.0,3.6842105263157894,0.2046783625730994,0.1111111111111111,0.0,0.5625,0.25,0.125,0.3125,0.7368421052631579,0.0,0.14285714285714285,0.5714285714285714,0.4405656948270585,0.32092112113133137,0.17708333333333331,0.34003676271838607,NaN,NaN,NaN,NaN,4.375,3.5753787678137448,2.796954507480823,1.1320255197567832,4.090909090909091,0.5,0.7430901477742847,4.0,10.0,1.5873015873015872,0.6725455079899503,0.3684210526315789,0.0
949,1,19.0,40.0,2.1052631578947367,0.11695906432748537,0.1111111111111111,0.05555555555555555,0.6875,0.1875,0.0,0.125,0.7368421052631579,0.0,0.0,0.5714285714285714,0.22207031249999998,0.17434949316883364,0.04375,0.13149778198382917,NaN,NaN,NaN,NaN,2.5,2.0976176963403033,3.2434210526315788,1.5311996500852045,5.333333333333334,0.5625,0.9018692009130569,5.0,7.0,2.128712871287129,1.1194942280926121,0.10526315789473684,0.0
95,1,19.0,55.0,2.8947368421052633,0.1608187134502924,0.1111111111111111,0.0,0.5625,0.25,0.0625,0.1875,0.7368421052631579,0.0,0.07142857142857142,0.6428571428571429,0.32235241975615825,0.3079450414869444,0.11875,0.28099525500145617,NaN,NaN,NaN,NaN,3.4375,3.244867742553873,2.8681731373735215,1.2254707366690656,4.5,0.625,0.7376136350556334,4.0,10.0,1.7479674796747968,0.7530647321027846,0.2631578947368421,0.0
950,1,19.0,64.0,3.3684210526315788,0.1871345029239766,0.1111111111111111,0.0,0.625,0.25,0.0625,0.125,0.7368421052631579,0.0,0.07142857142857142,0.5714285714285714,0.2943576388888889,0.27527709045677917,0.10416666666666666,0.291070819942883,NaN,NaN,NaN,NaN,4.0,4.396968652757639,2.960336578122422,1.277403154904296,4.5,0.5625,0.8569464410409088,4.0,11.0,1.6446280991735538,0.7286917973582454,0.3157894736842105,0.0
951,1,19.0,60.0,3.1578947368421053,0.17543859649122806,0.1111111111111111,0.0,0.625,0.25,0.0,0.25,0.7368421052631579,0.0,0.0,0.6428571428571429,0.3947202177736395,0.18023997882948548,0.11979166666666666,0.22764647299412896,NaN,NaN,NaN,NaN,3.75,3.1728010758108782,2.9136878472404786,1.2569579633088492,5.0,0.5,0.7393106334294063,4.0,10.0,1.7251908396946565,0.7651388523007171,0.21052631578947367,0.0
952,1,19.0,61.0,3.210526315789474,0.1783625730994152,0.1111111111111111,0.0,0.625,0.1875,0.0625,0.1875,0.7368421052631579,0.0,0.07142857142857142,0.6428571428571429,0.23850724272440393,0.28203838225605976,0.09895833333333333,0.2603749966661333,NaN,NaN,NaN,NaN,3.8125,3.310966626228661,2.944673885671116,1.214530845761617,4.5,0.5,0.737616980045457,3.0,11.0,1.7,0.6893430194392429,0.2631578947368421,0.0
953,1,19.0,39.0,2.0526315789473686,0.11403508771929824,0.1111111111111111,0.16666666666666666,0.5625,0.1875,0.0,0.1875,0.7368421052631579,0.0,0.0,0.7142857142857143,0.30769097222222225,0.21389097446674402,0.071875,0.16121285101794255,NaN,NaN,NaN,NaN,2.4375,1.5041608956491324,2.863972431077694,1.1000145904018495,4.625,0.25,0.6383087427091048,4.0,8.0,1.8191489361702127,0.7892117471759886,0.0,0.0
954,1,19.0,43.0,2.263157894736842,0.12573099415204678,0.1111111111111111,0.16666666666666666,0.5625,0.1875,0.0625,0.375,0.7368421052631579,0.0,0.07142857142857142,0.7142857142857143,0.6212962962962963,0.2847985193366873,0.178125,0.29556717291286544,NaN,NaN,NaN,NaN,2.6875,1.6620770138594663,2.798767752715121,1.0280444460653804,4.0,0.4375,0.6388193984260078,3.0,7.0,1.7156862745098038,0.6803821142519137,0.0,0.0
955,1,19.0,36.0,1.894736842105263,0.10526315789473684,0.1111111111111111,0.0,0.5625,0.25,0.0625,0.1875,0.7368421052631579,0.0,0.07142857142857142,0.7142857142857143,0.32343073593073596,0.32893019119880695,0.10833333333333332,0.268741924943285,NaN,NaN,NaN,NaN,2.25,2.0816659994661326,2.8406309295505974,1.249683771072646,4.857142857142858,0.5625,0.6019293881488121,4.0,7.0,1.956043956043956,0.9056868223997853,0.10526315789473684,0.0
956,1,19.0,33.0,1.736842105263158,0.09649122807017543,0.1111111111111111,0.2222222222222222,0.625,0.25,0.0,0.25,0.7368421052631579,0.0,0.0,0.6428571428571429,0.40234375,0.18676069525375694,0.090625,0.17721808598447283,NaN,NaN,NaN,NaN,2.0625,1.3889444433333777,3.0041771094402674,1.3791859823824546,5.0,0.1875,0.8475028766908236,5.0,7.0,2.0,1.036822067666386,0.0,0.0
957,1,19.0,70.0,3.6842105263157894,0.2046783625730994,0.1111111111111111,0.0,0.5625,0.25,0.125,0.375,0.7368421052631579,0.0,0.14285714285714285,0.6428571428571429,0.5847945052490506,0.2794052087365324,0.22291666666666665,0.35910769044025403,NaN,NaN,NaN,NaN,4.375,3.3241540277189325,2.9371971595655806,1.2541252569686694,4.428571428571429,0.625,0.809622119531293,5.0,11.0,1.7183098591549295,0.8196712468738631,0.3684210526315789,0.0
958,1,19.0,32.0,1.6842105263157894,0.0935672514619883,0.1111111111111111,0.3333333333333333,0.6875,0.25,0.0625,0.25,0.7368421052631579,0.0,0.07142857142857142,0.6428571428571429,0.6979166666666665,0.21789183521153757,0.14791666666666667,0.303795435559303,NaN,NaN,NaN,NaN,2.0,1.7511900715418263,3.2076792859341334,1.510955813526242,5.666666666666666,0.5625,0.593030088377292,5.0,8.0,2.324074074074074,1.1007958353379,0.10526315789473684,0.0
959,1,19.0,72.0,3.789473684210526,0.21052631578947367,0.1111111111111111,0.0,0.5625,0.3125,0.0625,0.25,0.7368421052631579,0.0,0.07142857142857142,0.6428571428571429,0.5141380218725059,0.2973687145263988,0.13958333333333334,0.2839454172900136,NaN,NaN,NaN,NaN,4.5,3.794733192202055,2.6637731273079233,1.0380096464930209,3.8666666666666667,0.5625,0.7023696413004679,3.0,10.0,1.4919354838709677,0.5484044519862148,0.3684210526315789,0.0
96,1,19.0,43.0,2.263157894736842,0.12573099415204678,0.1111111111111111,0.1111111111111111,0.625,0.1875,0.0625,0.1875,0.7368421052631579,0.0,0.07142857142857142,0.6428571428571429,0.616543458781362,0.26193059988578743,0.11458333333333333,0.2770128356432443,NaN,NaN,NaN,NaN,2.6875,2.4143667216615348,3.038220551378446,1.29592858036799,5.0,0.5,0.6374766042768109,4.0,11.0,1.9026548672566372,0.8124544137751396,0.21052631578947367,0.0
960,1,19.0,28.0,1.4736842105263157,0.08187134502923976,0.1111111111111111,0.1111111111111111,0.625,0.375,0.125,0.1875,0.7368421052631579,0.0,0.14285714285714285,0.5714285714285714,0.4140625,0.4395043372937291,0.15625,0.3520771695712935,NaN,NaN,NaN,NaN,1.75,1.7320508075688772,2.732589048378522,1.1766381841396032,4.555555555555555,0.125,0.545831495827921,4.0,6.0,1.8253968253968254,0.8526936926811095,0.0,0.0
961,1,19.0,58.0,3.0526315789473686,0.1695906432748538,0.1111111111111111,0.0,0.625,0.1875,0.0,0.25,0.7368421052631579,0.0,0.0,0.5714285714285714,0.29296308876811594,0.16033370558058435,0.09895833333333333,0.18563891174954555,NaN,NaN,NaN,NaN,3.625,3.4809002666934696,2.9630553656869445,1.2935873515439829,5.333333333333334,0.6875,0.7690455293144028,5.0,11.0,1.8333333333333333,0.883838493991159,0.3157894736842105,0.0
962,1,19.0,60.0,3.1578947368421053,0.17543859649122806,0.1111111111111111,0.0,0.625,0.25,0.0,0.1875,0.7368421052631579,0.0,0.0,0.6428571428571429,0.30522041536050154,0.20271007570895389,0.06875,0.15798206649279317,NaN,NaN,NaN,NaN,3.75,3.2145502536643185,2.943842449260406,1.2046354599828877,4.333333333333334,0.5625,0.7744426634648709,4.0,11.0,1.7591240875912408,0.7328986311944498,0.3684210526315789,0.0
963,1,19.0,56.0,2.9473684210526314,0.16374269005847952,0.1111111111111111,0.05555555555555555,0.625,0.1875,0.0,0.3125,0.7368421052631579,0.0,0.0,0.7142857142857143,0.4265466054842989,0.12298136945397468,0.11979166666666666,0.19237489922505965,NaN,NaN,NaN,NaN,3.5,2.556038601690775,3.0389751087119508,1.343375990663485,5.5,0.5625,0.7043039542191109,4.0,11.0,1.916083916083916,0.851647148852115,0.42105263157894735,0.0
964,1,19.0,56.0,2.9473684210526314,0.16374269005847952,0.1111111111111111,0.0,0.625,0.1875,0.0625,0.1875,0.7368421052631579,0.0,0.07142857142857142,0.6428571428571429,0.43154761904761907,0.2760091084851046,0.10833333333333334,0.268741924943285,NaN,NaN,NaN,NaN,3.5,4.08248290463863,2.927954076367389,1.2251097127858372,4.5,0.625,0.7550920767404355,4.0,10.0,1.743801652892562,0.7586053609512076,0.3157894736842105,0.0
965,1,19.0,51.0,2.6842105263157894,0.14912280701754385,0.1111111111111111,0.0,0.5625,0.25,0.125,0.3125,0.7368421052631579,0.0,0.14285714285714285,0.6428571428571429,0.6930421560402684,0.2782929028324843,0.196875,0.35141084692042923,NaN,NaN,NaN,NaN,3.1875,3.5255023282741806,2.739091262639357,1.07094857709225,4.25,0.4375,0.6105212700668438,3.0,8.0,1.6372549019607843,0.6717675176338984,0.15789473684210525,0.0
966,1,19.0,40.0,2.1052631578947367,0.11695906432748537,0.1111111111111111,0.05555555555555555,0.5,0.25,0.0,0.375,0.7368421052631579,0.0,0.0,0.5714285714285714,0.4845036008230452,0.23660060367176472,0.171875,0.24432209690700724,NaN,NaN,NaN,NaN,2.5,2.1908902300206643,2.724385964912281,1.0929838266068586,4.666666666666666,0.6875,0.42978228603598057,4.0,6.0,1.7325581395348837,0.7734478742792473,0.0,0.0
967,1,19.0,51.0,2.6842105263157894,0.14912280701754385,0.1111111111111111,0.05555555555555555,0.625,0.1875,0.0625,0.1875,0.7368421052631579,0.0,0.07142857142857142,0.7142857142857143,0.5789991258741258,0.23077670817687324,0.109375,0.27338541170540415,NaN,NaN,NaN,NaN,3.1875,2.638654960391752,3.1013157894736842,1.3325757777247857,5.0,0.4375,0.7741387089796896,4.0,11.0,1.7647058823529411,0.7669649888473705,0.15789473684210525,0.0
968,1,19.0,43.0,2.263157894736842,0.12573099415204678,0.1111111111111111,0.05555555555555555,0.625,0.25,0.0625,0.25,0.7368421052631579,0.0,0.07142857142857142,0.6428571428571429,0.7440476190476192,0.31571943303041405,0.14791666666666667,0.303795435559303,NaN,NaN,NaN,NaN,2.6875,2.774136502289196,3.12772461456672,1.4268837705391457,5.25,0.375,0.8546710098524064,4.0,9.0,2.0,0.9629500128629352,0.21052631578947367,0.0
969,1,19.0,53.0,2.789473684210526,0.15497076023391812,0.1111111111111111,0.0,0.5,0.1875,0.0625,0.3125,0.7368421052631579,0.0,0.07142857142857142,0.7142857142857143,0.4319745069745069,0.29536344612837484,0.16041666666666665,0.28524680671436226,NaN,NaN,NaN,NaN,3.3125,3.135150182473986,2.7659722222222225,1.1050334114628595,4.333333333333334,0.8125,0.6435054973872778,4.0,10.0,1.75,0.7394240782390541,0.21052631578947367,0.0
97,1,19.0,68.0,3.5789473684210527,0.19883040935672514,0.1111111111111111,0.0,0.5625,0.3125,0.125,0.1875,0.7368421052631579,0.0,0.14285714285714285,0.5714285714285714,0.5130733005733005,0.3592180364104242,0.15625,0.3520771695712935,NaN,NaN,NaN,NaN,4.25,4.234776656841932,2.8561172720201755,1.217793385529797,4.428571428571429,0.5,0.8613590891201952,4.0,11.0,1.6541353383458646,0.707589942692317,0.3684210526315789,0.0
970,1,19.0,58.0,3.0526315789473686,0.1695906432748538,0.1111111111111111,0.0,0.5625,0.25,0.0,0.3125,0.7368421052631579,0.0,0.0,0.7142857142857143,0.46310763888888884,0.2121521462990848,0.12708333333333333,0.20699570580623705,NaN,NaN,NaN,NaN,3.625,3.383784863137726,2.8208138718007136,1.1185875949845074,4.166666666666666,0.6875,0.7117800914811367,4.0,10.0,1.694915254237288,0.7221581446741188,0.21052631578947367,0.0
971,1,19.0,47.0,2.473684210526316,0.13742690058479531,0.1111111111111111,0.0,0.625,0.3125,0.125,0.1875,0.7368421052631579,0.0,0.14285714285714285,0.6428571428571429,0.48952754148288175,0.4095919288921908,0.140625,0.34118360159890454,NaN,NaN,NaN,NaN,2.9375,3.2139020935097986,2.8223475355054304,1.1871811914678208,4.285714285714286,0.5,0.783105567660475,4.0,9.0,1.72,0.7531750973530174,0.21052631578947367,0.0
972,1,19.0,35.0,1.8421052631578947,0.1023391812865497,0.1111111111111111,0.2777777777777778,0.625,0.25,0.0625,0.125,0.7368421052631579,0.0,0.07142857142857142,0.6428571428571429,0.15333333333333335,0.2868371586031969,0.0875,0.2629955639676583,NaN,NaN,NaN,NaN,2.1875,2.166987155784116,3.0353383458646617,1.4309216256979564,6.0,0.1875,0.5833060319782452,5.0,7.0,1.8142857142857143,0.9523861283503242,0.10526315789473684,0.0
973,1,19.0,49.0,2.5789473684210527,0.14327485380116958,0.1111111111111111,0.0,0.5625,0.25,0.0625,0.3125,0.7368421052631579,0.0,0.07142857142857142,0.6428571428571429,0.7164884868421052,0.34629523121521055,0.171875,0.2988693973404883,NaN,NaN,NaN,NaN,3.0625,3.5490609086536304,2.8688995215311004,1.2457526164020638,5.0,0.4375,0.713070206801324,4.0,8.0,1.6046511627906976,0.7558255286917486,0.10526315789473684,0.0
974,1,19.0,48.0,2.526315789473684,0.14035087719298245,0.1111111111111111,0.0,0.625,0.1875,0.0,0.25,0.7368421052631579,0.0,0.0,0.6428571428571429,0.45687486831015595,0.2313158449570265,0.11979166666666666,0.22764647299412896,NaN,NaN,NaN,NaN,3.0,2.065591117977289,3.014348071134775,1.2859829281953437,4.857142857142858,0.625,0.7281745941223712,4.0,11.0,2.060810810810811,0.8668211637646825,0.42105263157894735,0.0
975,1,19.0,45.0,2.3684210526315788,0.13157894736842105,0.1111111111111111,0.1111111111111111,0.625,0.25,0.0,0.25,0.7368421052631579,0.0,0.0,0.7142857142857143,0.4658843708165997,0.20643729297341376,0.10625,0.21054382846263547,NaN,NaN,NaN,NaN,2.8125,2.535580144003866,2.9451263648632073,1.2637972836397056,4.727272727272727,0.375,0.7443873533763615,4.0,8.0,1.8155339805825244,0.8254241074546665,0.15789473684210525,0.0
976,1,19.0,53.0,2.789473684210526,0.15497076023391812,0.1111111111111111,0.0,0.625,0.25,0.125,0.1875,0.7368421052631579,0.0,0.14285714285714285,0.6428571428571429,0.47567250040512066,0.3906313071976854,0.14583333333333331,0.34359213546813844,NaN,NaN,NaN,NaN,3.3125,3.048906907948049,2.964275855723224,1.3452449208586537,5.0,0.5,0.7718905977967452,5.0,9.0,1.96,0.9870124357813821,0.3157894736842105,0.0
977,1,19.0,65.0,3.4210526315789473,0.19005847953216373,0.1111111111111111,0.0,0.5625,0.3125,0.125,0.375,0.7368421052631579,0.0,0.14285714285714285,0.6428571428571429,0.7233817552930983,0.25880736636498197,0.22083333333333333,0.35316033500695143,NaN,NaN,NaN,NaN,4.0625,4.0574006457336695,2.8249139595399986,1.1856177362266387,4.315789473684211,0.4375,0.7969410416616014,4.0,10.0,1.702290076335878,0.7912468883258744,0.2631578947368421,0.0
978,1,19.0,44.0,2.3157894736842106,0.1286549707602339,0.1111111111111111,0.1111111111111111,0.625,0.25,0.125,0.1875,0.7368421052631579,0.0,0.14285714285714285,0.5714285714285714,0.5554166666666666,0.28651632666991883,0.16666666666666666,0.36514837167011066,NaN,NaN,NaN,NaN,2.75,1.8439088914585775,3.222295321637427,1.4708790513946046,5.0,0.625,0.8822597596801911,4.0,10.0,2.0387596899224807,0.9048748253832697,0.3157894736842105,0.0
979,1,19.0,40.0,2.1052631578947367,0.11695906432748537,0.1111111111111111,0.0,0.625,0.25,0.0625,0.125,0.7368421052631579,0.0,0.07142857142857142,0.6428571428571429,0.5402621722846441,0.46570941633771645,0.10416666666666666,0.291070819942883,NaN,NaN,NaN,NaN,2.5,3.2041639575194445,3.173761609907121,1.5746533085106822,6.0,0.25,0.9281001825960535,5.0,8.0,1.7435897435897436,0.9178729991076339,0.21052631578947367,0.0
98,1,19.0,63.0,3.3157894736842106,0.18421052631578946,0.1111111111111111,0.0,0.5625,0.25,0.0,0.3125,0.7368421052631579,0.0,0.0,0.7142857142857143,0.4888240120094958,0.15999153142091702,0.13541666666666666,0.22745573439926972,NaN,NaN,NaN,NaN,3.9375,3.275540667838924,3.010325632922887,1.257666504667405,4.571428571428571,0.75,0.7172681391849932,4.0,12.0,1.756578947368421,0.718688195396904,0.42105263157894735,0.0
980,1,19.0,58.0,3.0526315789473686,0.1695906432748538,0.1111111111111111,0.0,0.625,0.25,0.0625,0.1875,0.7368421052631579,0.0,0.07142857142857142,0.6428571428571429,0.28618476430976425,0.2836180482943581,0.10833333333333334,0.268741924943285,NaN,NaN,NaN,NaN,3.625,4.031128874149275,2.865570175438597,1.1883239848416625,4.333333333333334,0.5,0.6854490227948197,3.0,11.0,1.6722689075630253,0.7024080095084891,0.2631578947368421,0.0
981,1,19.0,37.0,1.9473684210526316,0.10818713450292397,0.1111111111111111,0.1111111111111111,0.5625,0.3125,0.125,0.3125,0.7368421052631579,0.0,0.14285714285714285,0.6428571428571429,0.6763237847222222,0.3136635800971986,0.21354166666666666,0.36763602924631855,NaN,NaN,NaN,NaN,2.3125,1.8154430129677255,2.948297213622291,1.381257034113111,5.333333333333334,0.625,0.7335505284627825,5.0,9.0,2.061224489795918,1.0236011478645044,0.0,0.0
982,1,19.0,52.0,2.736842105263158,0.15204678362573099,0.1111111111111111,0.0,0.625,0.1875,0.0625,0.1875,0.7368421052631579,0.0,0.07142857142857142,0.6428571428571429,0.5923921725239616,0.32190574550463963,0.1,0.2633122354417533,NaN,NaN,NaN,NaN,3.25,2.8635642126552705,3.0987395888711675,1.3063122312409388,5.0,0.625,0.7413641337716591,4.0,9.0,1.7933884297520661,0.7844037584040165,0.3157894736842105,0.0
983,1,19.0,59.0,3.1052631578947367,0.17251461988304093,0.1111111111111111,0.0,0.6875,0.125,0.0,0.1875,0.7368421052631579,0.0,0.0,0.5714285714285714,0.4608004385964912,0.0726274494672497,0.075,0.1732050807568877,NaN,NaN,NaN,NaN,3.6875,3.477906458393229,3.1723141186299078,1.3045189618309565,5.0,0.6875,0.7142219391672894,4.0,9.0,1.776,0.8018526934141231,0.10526315789473684,0.0
984,1,19.0,39.0,2.0526315789473686,0.11403508771929824,0.1111111111111111,0.1111111111111111,0.625,0.25,0.0625,0.3125,0.7368421052631579,0.0,0.07142857142857142,0.5714285714285714,0.42210477941176466,0.34399918552898906,0.15625,0.28686524130097507,NaN,NaN,NaN,NaN,2.4375,1.8607794065928396,2.7356275303643725,1.070871920505433,4.076923076923077,0.25,0.6077217416627362,4.0,8.0,1.6951219512195121,0.7484803433961821,0.10526315789473684,0.0
985,1,19.0,59.0,3.1052631578947367,0.17251461988304093,0.1111111111111111,0.0,0.5625,0.25,0.0,0.25,0.7368421052631579,0.0,0.0,0.7142857142857143,0.2793204759799588,0.1693604260372617,0.09270833333333334,0.1724516840547906,NaN,NaN,NaN,NaN,3.6875,3.048906907948049,2.768971289704336,1.1171857440265651,4.333333333333334,0.5625,0.6481156048531416,4.0,9.0,1.736842105263158,0.7577352304240824,0.2631578947368421,0.0
986,1,19.0,39.0,2.0526315789473686,0.11403508771929824,0.1111111111111111,0.0,0.6875,0.25,0.0,0.125,0.7368421052631579,0.0,0.0,0.5714285714285714,0.11693431712962964,0.1553929496628572,0.05208333333333333,0.1455354099714415,NaN,NaN,NaN,NaN,2.4375,2.365551380404436,2.7552631578947366,1.0795239667565604,4.25,0.375,0.5712986445376553,4.0,7.0,1.6533333333333333,0.7069793630791636,0.0,0.0
987,1,19.0,79.0,4.157894736842105,0.2309941520467836,0.1111111111111111,0.0,0.625,0.1875,0.0625,0.1875,0.7368421052631579,0.0,0.07142857142857142,0.7142857142857143,0.551386154855643,0.37901148224918224,0.109375,0.27338541170540415,NaN,NaN,NaN,NaN,4.9375,4.711245412131842,2.8186331212647002,1.1178907366269135,4.416666666666666,0.375,0.693293431519081,3.0,10.0,1.488,0.6039653910187132,0.2631578947368421,0.0
988,1,19.0,48.0,2.526315789473684,0.14035087719298245,0.1111111111111111,0.0,0.5625,0.3125,0.125,0.1875,0.7368421052631579,0.0,0.14285714285714285,0.5714285714285714,0.30625,0.3360927451364181,0.15625,0.3520771695712935,NaN,NaN,NaN,NaN,3.0,3.444802848737017,2.9352548036758566,1.3908936480187566,5.333333333333334,0.4375,0.8873149535443761,6.0,10.0,2.058333333333333,1.1022957962402669,0.2631578947368421,0.0
989,1,19.0,49.0,2.5789473684210527,0.14327485380116958,0.1111111111111111,0.0,0.5625,0.125,0.0625,0.3125,0.7368421052631579,0.0,0.07142857142857142,0.6428571428571429,0.7174246331957819,0.23465983476578225,0.16145833333333331,0.2894259164468709,NaN,NaN,NaN,NaN,3.0625,2.9090376415577714,2.9355874011046423,1.1256219958736808,4.545454545454545,0.4375,0.5781476195889509,4.0,9.0,1.773109243697479,0.7414709931800362,0.21052631578947367,0.0
99,1,19.0,50.0,2.6315789473684212,0.14619883040935672,0.1111111111111111,0.1111111111111111,0.625,0.3125,0.0625,0.25,0.7368421052631579,0.0,0.07142857142857142,0.5714285714285714,0.39775028935185186,0.29410317535901415,0.1375,0.28722813232690136,NaN,NaN,NaN,NaN,3.125,2.5787593916455256,2.8930555555555553,1.250009773624342,4.6,0.5625,0.7600302611672095,4.0,10.0,1.8018018018018018,0.7956680420172932,0.2631578947368421,0.0
990,1,19.0,55.0,2.8947368421052633,0.1608187134502924,0.1111111111111111,0.0,0.625,0.25,0.0,0.25,0.7368421052631579,0.0,0.0,0.7142857142857143,0.40651559908789386,0.23445973918388716,0.125,0.23174059571793568,NaN,NaN,NaN,NaN,3.4375,3.3260336739125176,2.878444107062528,1.2489550585231064,5.0,0.375,0.7181753850798687,4.0,10.0,1.7739130434782608,0.859016875487458,0.15789473684210525,0.0
991,1,19.0,41.0,2.1578947368421053,0.11988304093567251,0.1111111111111111,0.1111111111111111,0.625,0.3125,0.0,0.125,0.7368421052631579,0.0,0.0,0.5714285714285714,0.057986111111111106,0.14425869466917518,0.05208333333333333,0.1455354099714415,NaN,NaN,NaN,NaN,2.5625,2.6323310328806797,2.9591767881241564,1.3302465545232875,5.0,0.3125,0.7385609184353408,4.0,9.0,1.65,0.7308742813848861,0.0,0.0
992,1,19.0,53.0,2.789473684210526,0.15497076023391812,0.1111111111111111,0.0,0.5625,0.3125,0.0625,0.25,0.7368421052631579,0.0,0.07142857142857142,0.6428571428571429,0.3937310038436791,0.2573937182250665,0.16041666666666665,0.31012990109880656,NaN,NaN,NaN,NaN,3.3125,2.358495283014151,2.7882110579479003,1.1262328879471626,4.125,0.5625,0.7454437045943891,4.0,11.0,1.7985074626865671,0.7231910358819307,0.3684210526315789,0.0
993,1,19.0,48.0,2.526315789473684,0.14035087719298245,0.1111111111111111,0.05555555555555555,0.5625,0.25,0.0625,0.25,0.7368421052631579,0.0,0.07142857142857142,0.6428571428571429,0.34156250000000005,0.31594389372399884,0.12083333333333333,0.26801741236966914,NaN,NaN,NaN,NaN,3.0,2.851899951494325,2.994436090225564,1.2856032193124225,5.333333333333334,0.4375,0.7828743616483483,5.0,7.0,1.8041237113402062,0.9201355794316848,0.15789473684210525,0.0
994,1,19.0,54.0,2.8421052631578947,0.15789473684210525,0.1111111111111111,0.0,0.625,0.25,0.0,0.25,0.7368421052631579,0.0,0.0,0.7142857142857143,0.3151019541206456,0.20064390352937558,0.10937499999999999,0.21239103960314262,NaN,NaN,NaN,NaN,3.375,3.364025366531392,2.9360337117303064,1.2700397835706376,5.0,0.5,0.6918792034697794,5.0,10.0,1.8677685950413223,0.9304313404753962,0.2631578947368421,0.0
995,1,19.0,43.0,2.263157894736842,0.12573099415204678,0.1111111111111111,0.0,0.5625,0.3125,0.125,0.25,0.7368421052631579,0.0,0.14285714285714285,0.6428571428571429,0.5398809523809524,0.32057559824757575,0.165625,0.344827855603343,NaN,NaN,NaN,NaN,2.6875,3.092329219213245,3.0132946001367054,1.4350158462686282,5.333333333333334,0.625,0.9256852373247,5.0,9.0,2.0344827586206895,0.977405923263505,0.15789473684210525,0.0
996,1,19.0,33.0,1.736842105263158,0.09649122807017543,0.1111111111111111,0.1111111111111111,0.625,0.25,0.0625,0.1875,0.7368421052631579,0.0,0.07142857142857142,0.6428571428571429,0.16093749999999998,0.2877188176945602,0.09895833333333333,0.2603749966661333,NaN,NaN,NaN,NaN,2.0625,1.5692354826475214,2.926065162907268,1.3291197294755126,5.5,0.3125,0.6798518336887417,4.0,7.0,1.704225352112676,0.7633453851713354,0.0,0.0
997,1,19.0,38.0,2.0,0.1111111111111111,0.1111111111111111,0.0,0.5625,0.25,0.0,0.3125,0.7368421052631579,0.0,0.0,0.7142857142857143,0.5282118055555556,0.22498955094049905,0.12708333333333333,0.20699570580623705,NaN,NaN,NaN,NaN,2.375,3.0304015135511886,2.9472620946305157,1.3089026091758624,5.2,0.3125,0.7342846330706608,5.0,8.0,1.9887640449438202,1.0279545225887792,0.0,0.0
998,1,19.0,50.0,2.6315789473684212,0.14619883040935672,0.1111111111111111,0.0,0.625,0.25,0.125,0.25,0.7368421052631579,0.0,0.14285714285714285,0.5714285714285714,0.6362390350877192,0.2670771590301239,0.17708333333333331,0.3520771695712935,NaN,NaN,NaN,NaN,3.125,3.052321520853704,3.245263662028635,1.680655844212294,6.166666666666667,0.625,1.1663665776394185,5.0,11.0,2.0,0.9759000729485332,0.3684210526315789,0.0
999,1,19.0,54.0,2.8421052631578947,0.15789473684210525,0.1111111111111111,0.0,0.5625,0.25,0.0625,0.25,0.7368421052631579,0.0,0.07142857142857142,0.6428571428571429,0.5020246119281044,0.32146608595295423,0.134375,0.2809025631780529,NaN,NaN,NaN,NaN,3.375,3.11715682420161,2.9718782249742004,1.3330392343980055,5.0,0.5,0.7203842284722093,4.0,10.0,1.8571428571428572,0.8458301078990812,0.21052631578947367,0.0
