SLN_ID,Detritus,S,interactions,L_D,C,Basal,Top,Carniv,Herbiv,Herbiv_true,ProdFeed,Animals,BasalAnimals,AnimHerbiv_true,AnimPred,green_frac_mean,green_frac_sd,green_direct_mean,green_direct_sd,cross_habitat_L,aqu_from_terr,terr_from_aqu,terr_with_aqu,meanInDegree,sdInDegree,mean_NTP,sd_NTP,max_NTP,TrOmniv,q_inCoherence,diameter,max_chain_len,mean_path_len,sd_path_len,loop,Modularity
1,1,65.0,180.0,2.769230769230769,0.04326923076923077,0.171875,0.140625,0.3018867924528302,0.6226415094339622,0.2830188679245283,0.41509433962264153,0.2153846153846154,0.0,0.0,0.7142857142857143,0.5367500665095554,0.4112929005932996,0.3606108252334667,0.45930184457946516,NaN,NaN,NaN,NaN,3.3962264150943398,3.844774789050666,2.2684676377898887,0.9648526054174021,4.888888888888889,0.20754716981132076,0.4039817638919975,5.0,9.0,2.037313432835821,0.8999000269949862,0.09230769230769231,0.0
10,1,66.0,192.0,2.909090909090909,0.044755244755244755,0.16923076923076924,0.16923076923076924,0.25925925925925924,0.6111111111111112,0.24074074074074073,0.3888888888888889,0.21212121212121213,0.0,0.07142857142857142,0.6428571428571429,0.46679067460317447,0.43445661351717985,0.335163139329806,0.4529478002115672,NaN,NaN,NaN,NaN,3.5555555555555554,3.379553764596554,2.222790547202108,0.865041863708438,4.5,0.25925925925925924,0.2896778841395451,4.0,6.0,1.5754189944134078,0.6970600268949471,0.0,0.0
100,1,66.0,228.0,3.4545454545454546,0.05314685314685315,0.16923076923076924,0.06153846153846154,0.2222222222222222,0.5925925925925926,0.2222222222222222,0.4444444444444444,0.21212121212121213,0.0,0.07142857142857142,0.5714285714285714,0.5316458131857049,0.393649931464678,0.3488220596880727,0.4426829266301117,NaN,NaN,NaN,NaN,4.222222222222222,5.787646788282086,2.312907805253791,1.0450905348479995,5.75,0.3333333333333333,0.44927696129185063,5.0,12.0,2.1354309165526675,1.0307547037302498,0.09090909090909091,0.0
1000,1,66.0,261.0,3.9545454545454546,0.06083916083916084,0.15384615384615385,0.046153846153846156,0.2545454545454545,0.6363636363636364,0.2727272727272727,0.43636363636363634,0.21212121212121213,0.0,0.07142857142857142,0.5714285714285714,0.5397170532803931,0.40677166450606767,0.3671909357264327,0.4658726469085133,NaN,NaN,NaN,NaN,4.745454545454545,6.532591176152651,2.293040525213705,0.9773961511353816,4.727272727272727,0.2545454545454545,0.36817490819286475,4.0,9.0,1.986468200270636,0.8985570199830661,0.045454545454545456,0.0
101,1,67.0,206.0,3.074626865671642,0.046585255540479424,0.16666666666666666,0.07575757575757576,0.3090909090909091,0.6181818181818182,0.2,0.4,0.208955223880597,0.0,0.0,0.5714285714285714,0.48150041188235637,0.39064131734324736,0.33661616161616165,0.441120249419799,NaN,NaN,NaN,NaN,3.7454545454545456,4.287009584599873,2.28585922783684,1.0246180270381058,5.5,0.2,0.32877916889462566,5.0,8.0,1.8581081081081081,1.003448692999619,0.04477611940298507,0.0
102,1,66.0,197.0,2.984848484848485,0.04592074592074592,0.16923076923076924,0.1076923076923077,0.24074074074074073,0.6296296296296297,0.25925925925925924,0.4074074074074074,0.21212121212121213,0.0,0.07142857142857142,0.5714285714285714,0.5677786532613349,0.4143845999051746,0.3497721928277484,0.4612817249179902,NaN,NaN,NaN,NaN,3.6481481481481484,3.9723450011078714,2.332490149263296,1.1305960676154612,5.818181818181818,0.2777777777777778,0.4496223260389081,6.0,10.0,2.341708542713568,1.2573885378212852,0.045454545454545456,0.0
103,1,68.0,245.0,3.6029411764705883,0.053775241439859525,0.16417910447761194,0.1044776119402985,0.25,0.625,0.23214285714285715,0.44642857142857145,0.20588235294117646,0.0,0.07142857142857142,0.5714285714285714,0.5281159394874673,0.39055561847170056,0.3417479491796719,0.4421676411416052,NaN,NaN,NaN,NaN,4.375,5.086747487343951,2.299611170201833,1.0553984281753237,5.75,0.25,0.3623941517033615,5.0,7.0,1.8645276292335116,0.9577728069232759,0.0,0.0
104,1,67.0,284.0,4.2388059701492535,0.0642243328810493,0.15151515151515152,0.06060606060606061,0.23214285714285715,0.6071428571428571,0.25,0.42857142857142855,0.208955223880597,0.0,0.07142857142857142,0.6428571428571429,0.5193772655884658,0.4065093527833398,0.356310808756461,0.46117394823742636,NaN,NaN,NaN,NaN,5.071428571428571,7.172820271647035,2.3193832884082157,0.976935905429683,5.0,0.26785714285714285,0.4322379433963493,5.0,11.0,1.8486842105263157,0.7949102618459807,0.07462686567164178,0.0
105,1,67.0,331.0,4.940298507462686,0.07485300768882859,0.16666666666666666,0.06060606060606061,0.23636363636363636,0.6363636363636364,0.16363636363636364,0.43636363636363634,0.208955223880597,0.0,0.07142857142857142,0.7142857142857143,0.5310866673623772,0.3801561813225361,0.3285729897560029,0.4236769228834201,NaN,NaN,NaN,NaN,6.0181818181818185,8.497256439779077,2.2027781244029065,0.8330262905026328,4.137931034482758,0.2545454545454545,0.39013426627679326,5.0,12.0,1.7565217391304349,0.7599082335845612,0.07462686567164178,0.0
106,1,63.0,207.0,3.2857142857142856,0.052995391705069124,0.16129032258064516,0.0967741935483871,0.25,0.6346153846153846,0.23076923076923078,0.4230769230769231,0.2222222222222222,0.0,0.07142857142857142,0.6428571428571429,0.5443199819207042,0.3884148406789307,0.3467851592851593,0.445022704998876,NaN,NaN,NaN,NaN,3.980769230769231,5.143015002724606,2.282498579317477,0.9628856738110534,4.612903225806452,0.25,0.4544093118376405,5.0,12.0,2.0760135135135136,1.0222394975452727,0.07936507936507936,0.0
107,1,65.0,230.0,3.5384615384615383,0.055288461538461536,0.171875,0.15625,0.3018867924528302,0.5849056603773585,0.18867924528301888,0.4339622641509434,0.2153846153846154,0.0,0.07142857142857142,0.6428571428571429,0.5413756879958477,0.39295736427842737,0.35491096953361106,0.4418735690303926,NaN,NaN,NaN,NaN,4.339622641509434,4.1368112776835515,2.30509933549299,1.0008593866682616,4.666666666666666,0.2641509433962264,0.4629549366808502,4.0,10.0,1.7597042513863217,0.7312616604707821,0.07692307692307693,0.0
108,1,68.0,322.0,4.735294117647059,0.07067603160667252,0.16417910447761194,0.05970149253731343,0.2857142857142857,0.625,0.125,0.44642857142857145,0.20588235294117646,0.0,0.0,0.6428571428571429,0.5339838046171752,0.3883116286427469,0.3316055068962046,0.4286348102034823,NaN,NaN,NaN,NaN,5.75,7.214253568142344,2.276002262725172,0.9487897060305055,4.916666666666666,0.23214285714285715,0.3673129860503709,4.0,10.0,1.736842105263158,0.7415473807221652,0.058823529411764705,0.0
109,1,67.0,198.0,2.955223880597015,0.04477611940298507,0.16666666666666666,0.09090909090909091,0.2545454545454545,0.6181818181818182,0.2545454545454545,0.43636363636363634,0.208955223880597,0.0,0.07142857142857142,0.5714285714285714,0.4821686574368392,0.44258247844197435,0.35544289044289046,0.4548250518062542,NaN,NaN,NaN,NaN,3.6,4.085203653294275,2.267287727466993,0.9643867559042915,5.333333333333334,0.21818181818181817,0.39913076023487415,4.0,9.0,1.62015503875969,0.7466033459686552,0.04477611940298507,0.0
11,1,68.0,339.0,4.985294117647059,0.0744073748902546,0.16417910447761194,0.014925373134328358,0.23214285714285715,0.6071428571428571,0.19642857142857142,0.44642857142857145,0.20588235294117646,0.0,0.07142857142857142,0.6428571428571429,0.544945851087709,0.3938577818327983,0.352396261534917,0.44682103866776673,NaN,NaN,NaN,NaN,6.053571428571429,8.194054702498175,2.2952728532955593,0.9889002628496484,4.803571428571429,0.2857142857142857,0.43706236735319504,5.0,11.0,1.9563164108618654,0.9598215131565202,0.08823529411764706,0.0
110,1,65.0,225.0,3.4615384615384617,0.054086538461538464,0.15625,0.125,0.2962962962962963,0.6296296296296297,0.2777777777777778,0.4074074074074074,0.2153846153846154,0.0,0.07142857142857142,0.6428571428571429,0.5410070912098935,0.4065545437944059,0.363095238095238,0.4639976529372625,NaN,NaN,NaN,NaN,4.166666666666667,5.134970742691908,2.290332342194615,0.9672940821237465,4.878787878787879,0.2037037037037037,0.44838062105754967,4.0,10.0,1.7893738140417457,0.7746218178942927,0.1076923076923077,0.0
111,1,65.0,279.0,4.292307692307692,0.06706730769230769,0.15625,0.109375,0.2222222222222222,0.6481481481481481,0.16666666666666666,0.4074074074074074,0.2153846153846154,0.0,0.07142857142857142,0.5714285714285714,0.4651409344157629,0.39931683755519565,0.3485420443753777,0.4456903016524354,NaN,NaN,NaN,NaN,5.166666666666667,6.5351011598759,2.343779962018218,1.1273717551100377,5.5,0.24074074074074073,0.3735434630736309,5.0,10.0,1.7415506958250497,0.9782511332962164,0.09230769230769231,0.0
112,1,68.0,259.0,3.8088235294117645,0.05684811237928007,0.16417910447761194,0.13432835820895522,0.26785714285714285,0.6428571428571429,0.25,0.42857142857142855,0.20588235294117646,0.0,0.07142857142857142,0.5714285714285714,0.5341602190324416,0.41889149830153266,0.3572118241235889,0.4545423288915014,NaN,NaN,NaN,NaN,4.625,6.746211057798565,2.2414478472372554,0.9360298941578101,5.0,0.17857142857142858,0.35089392614978,5.0,8.0,1.8741721854304636,0.9396702838104852,0.04411764705882353,0.0
113,1,67.0,238.0,3.5522388059701493,0.053821800090456805,0.16666666666666666,0.07575757575757576,0.2727272727272727,0.6,0.21818181818181817,0.41818181818181815,0.208955223880597,0.0,0.07142857142857142,0.5714285714285714,0.5451936582487998,0.41394242833458983,0.3433872692963602,0.4478976907411853,NaN,NaN,NaN,NaN,4.327272727272727,5.018685623468099,2.2481052017926473,0.8843704582363563,4.318181818181818,0.2909090909090909,0.409753667498344,4.0,9.0,1.7788461538461537,0.7048112223272339,0.05970149253731343,0.0
114,1,66.0,261.0,3.9545454545454546,0.06083916083916084,0.16923076923076924,0.046153846153846156,0.25925925925925924,0.6111111111111112,0.25925925925925924,0.4444444444444444,0.21212121212121213,0.0,0.07142857142857142,0.6428571428571429,0.5408964057895552,0.4049793676869618,0.367146164021164,0.45883730040570925,NaN,NaN,NaN,NaN,4.833333333333333,7.86381730723123,2.28398091987328,0.9785365879897469,4.75,0.2777777777777778,0.4262303549092523,5.0,11.0,2.0895316804407713,0.9932048028348817,0.06060606060606061,0.0
115,1,68.0,228.0,3.3529411764705883,0.05004389815627744,0.16417910447761194,0.16417910447761194,0.25,0.6071428571428571,0.21428571428571427,0.42857142857142855,0.20588235294117646,0.0,0.07142857142857142,0.5714285714285714,0.4964120780114767,0.39392039020763336,0.33779053287981853,0.44357253161202637,NaN,NaN,NaN,NaN,4.071428571428571,4.503966505838414,2.2756582471774864,0.9753082041473308,5.8,0.25,0.2856032658851026,5.0,7.0,2.0657672849915683,1.0908364289256043,0.0,0.0
116,1,68.0,293.0,4.3088235294117645,0.06431079894644424,0.16417910447761194,0.014925373134328358,0.26785714285714285,0.6071428571428571,0.21428571428571427,0.44642857142857145,0.20588235294117646,0.0,0.0,0.6428571428571429,0.5382762875854729,0.3971563273673924,0.34671230294350597,0.44711579120949524,NaN,NaN,NaN,NaN,5.232142857142857,5.8246843735903875,2.306981363692571,0.9857232869559666,4.53125,0.2857142857142857,0.4641353042666133,5.0,12.0,2.006880733944954,0.8783391040060192,0.10294117647058823,0.0
117,1,67.0,224.0,3.343283582089552,0.0506558118498417,0.16666666666666666,0.12121212121212122,0.2545454545454545,0.6181818181818182,0.2545454545454545,0.41818181818181815,0.208955223880597,0.0,0.07142857142857142,0.6428571428571429,0.5541955867674258,0.4053615607788341,0.34513832910384634,0.4471346307899975,NaN,NaN,NaN,NaN,4.072727272727272,4.83373387403394,2.2007238507960913,0.8232685458251194,4.042105263157895,0.23636363636363636,0.3743956034606387,4.0,8.0,1.6206225680933852,0.5773863959688712,0.04477611940298507,0.0
118,1,64.0,212.0,3.3125,0.05257936507936508,0.14285714285714285,0.12698412698412698,0.3148148148148148,0.6296296296296297,0.25925925925925924,0.35185185185185186,0.21875,0.0,0.07142857142857142,0.5714285714285714,0.49186489997961197,0.4159307737585213,0.33744855967078186,0.4643773526230005,NaN,NaN,NaN,NaN,3.925925925925926,5.980634950363033,2.4161471861471857,1.2148164619775246,6.2,0.2037037037037037,0.3971339801874561,6.0,8.0,1.6722689075630253,1.017619305576062,0.03125,0.0
119,1,66.0,224.0,3.393939393939394,0.052214452214452214,0.16923076923076924,0.12307692307692308,0.3148148148148148,0.6111111111111112,0.25925925925925924,0.42592592592592593,0.21212121212121213,0.0,0.07142857142857142,0.5714285714285714,0.5296918097379959,0.4215751802309453,0.3616838710792959,0.4641932231456946,NaN,NaN,NaN,NaN,4.148148148148148,5.31784964133311,2.271246534133606,0.9632863422219697,4.931034482758621,0.18518518518518517,0.31146332867186477,4.0,8.0,1.7677824267782427,0.8358124750463801,0.030303030303030304,0.0
12,1,66.0,220.0,3.3333333333333335,0.05128205128205128,0.16923076923076924,0.1076923076923077,0.2962962962962963,0.5925925925925926,0.2222222222222222,0.4074074074074074,0.21212121212121213,0.0,0.07142857142857142,0.5714285714285714,0.44782512785000883,0.3973979271942508,0.32749636891793754,0.43749937452498966,NaN,NaN,NaN,NaN,4.074074074074074,5.091064506145081,2.2750428317079483,0.9377522106839011,4.454545454545455,0.2777777777777778,0.40678833196664416,4.0,10.0,1.6244444444444444,0.6798583487847115,0.09090909090909091,0.0
120,1,62.0,244.0,3.935483870967742,0.06451612903225806,0.18032786885245902,0.01639344262295082,0.3,0.58,0.28,0.46,0.22580645161290322,0.0,0.07142857142857142,0.6428571428571429,0.5972618765849534,0.39982221202856866,0.36899633699633694,0.45683069418086886,NaN,NaN,NaN,NaN,4.88,7.506840417993744,2.329110869498202,1.0840041017879884,5.6,0.26,0.4013782765750089,5.0,10.0,1.9445378151260504,0.9650192753776669,0.06451612903225806,0.0
121,1,66.0,194.0,2.9393939393939394,0.04522144522144522,0.16923076923076924,0.12307692307692308,0.2962962962962963,0.5925925925925926,0.2222222222222222,0.42592592592592593,0.21212121212121213,0.0,0.0,0.7142857142857143,0.4640852986237275,0.41367973622992305,0.34558063380527143,0.4409521769254762,NaN,NaN,NaN,NaN,3.5925925925925926,3.82897847610954,2.2617325224470166,0.934035705635951,5.5,0.2222222222222222,0.41004905742667436,4.0,8.0,1.7540229885057472,0.777981050925627,0.06060606060606061,0.0
122,1,66.0,258.0,3.909090909090909,0.06013986013986014,0.16923076923076924,0.06153846153846154,0.25925925925925924,0.6111111111111112,0.2037037037037037,0.4444444444444444,0.21212121212121213,0.0,0.07142857142857142,0.5714285714285714,0.5324580472998149,0.38464402350860344,0.33882473977245225,0.44204168795165744,NaN,NaN,NaN,NaN,4.777777777777778,5.2221107084752925,2.3627282315204745,1.1350884428157872,5.666666666666666,0.2777777777777778,0.5098791344378094,5.0,10.0,1.8037542662116042,0.8794245793663799,0.09090909090909091,0.0
123,1,68.0,284.0,4.176470588235294,0.06233538191395961,0.16417910447761194,0.08955223880597014,0.25,0.625,0.23214285714285715,0.42857142857142855,0.20588235294117646,0.0,0.07142857142857142,0.5714285714285714,0.517182260029811,0.4046340011078979,0.3488345020315067,0.45187240451739596,NaN,NaN,NaN,NaN,5.071428571428571,6.298216610083561,2.2774099234907617,0.9724917829893044,4.666666666666666,0.26785714285714285,0.3443319854554431,5.0,12.0,1.9795918367346939,0.9038540082245555,0.07352941176470588,0.0
124,1,66.0,241.0,3.6515151515151514,0.05617715617715618,0.16923076923076924,0.13846153846153847,0.24074074074074073,0.6296296296296297,0.24074074074074073,0.46296296296296297,0.21212121212121213,0.0,0.0,0.6428571428571429,0.5420642819107989,0.39142117602213405,0.3679183023269044,0.4499329202433308,NaN,NaN,NaN,NaN,4.462962962962963,5.247507810858166,2.221940626831931,0.8735672766953438,4.25,0.2777777777777778,0.4221536975127203,4.0,10.0,1.77,0.742530978314212,0.07575757575757576,0.0
125,1,68.0,232.0,3.411764705882353,0.050921861281826165,0.16417910447761194,0.14925373134328357,0.25,0.625,0.14285714285714285,0.42857142857142855,0.20588235294117646,0.0,0.07142857142857142,0.5714285714285714,0.5050948873027954,0.37396107790762206,0.31993829583115296,0.41307035900867733,NaN,NaN,NaN,NaN,4.142857142857143,4.822027379842224,2.3144599159895183,1.0692281494883877,5.833333333333334,0.26785714285714285,0.37562989749616654,5.0,10.0,1.9947089947089947,1.0608551512414024,0.08823529411764706,0.0
126,1,67.0,222.0,3.3134328358208953,0.050203527815468114,0.16666666666666666,0.045454545454545456,0.2545454545454545,0.6181818181818182,0.2545454545454545,0.4,0.208955223880597,0.0,0.07142857142857142,0.6428571428571429,0.5333524367804146,0.4045390435974906,0.3532163742690058,0.4605061259846113,NaN,NaN,NaN,NaN,4.036363636363636,4.662552298837402,2.3690371399325962,1.152040711284233,5.454545454545455,0.2909090909090909,0.5284935581975513,5.0,11.0,2.1964573268921095,1.1259635344172378,0.11940298507462686,0.0
127,1,67.0,291.0,4.343283582089552,0.06580732700135686,0.16666666666666666,0.030303030303030304,0.2545454545454545,0.6181818181818182,0.2,0.43636363636363634,0.208955223880597,0.0,0.0,0.6428571428571429,0.5079480661682443,0.3990572583898208,0.3479988965283083,0.44188591953491047,NaN,NaN,NaN,NaN,5.290909090909091,7.174214958402087,2.2400456305618808,0.8898354727444113,4.353658536585366,0.2727272727272727,0.4012844423751155,4.0,10.0,1.8139841688654355,0.7508443224654728,0.05970149253731343,0.0
128,1,66.0,272.0,4.121212121212121,0.06340326340326341,0.16923076923076924,0.07692307692307693,0.25925925925925924,0.6296296296296297,0.25925925925925924,0.4444444444444444,0.21212121212121213,0.0,0.07142857142857142,0.6428571428571429,0.5091622050054591,0.41894011972085643,0.368287037037037,0.45651182980424826,NaN,NaN,NaN,NaN,5.037037037037037,6.112044906739364,2.2351809367340354,0.8906087409824835,4.172413793103448,0.24074074074074073,0.4044545185775151,4.0,10.0,1.6323024054982818,0.6629002084496082,0.06060606060606061,0.0
129,1,66.0,227.0,3.4393939393939394,0.052913752913752915,0.16923076923076924,0.09230769230769231,0.25925925925925924,0.6481481481481481,0.18518518518518517,0.46296296296296297,0.21212121212121213,0.0,0.07142857142857142,0.5714285714285714,0.5807687749317753,0.3925120608556698,0.36134693495804604,0.44116588630046166,NaN,NaN,NaN,NaN,4.203703703703703,4.56971007556311,2.2183171043097496,0.9044197455380106,4.857142857142858,0.2037037037037037,0.3800721861476236,4.0,8.0,1.6428571428571428,0.7309965966329185,0.045454545454545456,0.0
13,1,65.0,196.0,3.0153846153846153,0.047115384615384615,0.140625,0.171875,0.2909090909090909,0.6363636363636364,0.23636363636363636,0.4,0.2153846153846154,0.0,0.07142857142857142,0.6428571428571429,0.5076687991816833,0.41558151928534953,0.3468181818181818,0.45069531018889303,NaN,NaN,NaN,NaN,3.5636363636363635,3.952325318198821,2.3608138478063294,1.093582839923819,5.6,0.21818181818181817,0.4278574428083556,6.0,11.0,2.1077844311377247,1.15080809930984,0.09230769230769231,0.0
130,1,67.0,246.0,3.671641791044776,0.05563093622795115,0.16666666666666666,0.0,0.2545454545454545,0.6363636363636364,0.3090909090909091,0.41818181818181815,0.19402985074626866,0.0,0.07692307692307693,0.6153846153846154,0.5139428496987233,0.4305606731362848,0.35844377844377845,0.46645320720981587,NaN,NaN,NaN,NaN,4.472727272727273,7.289908157361174,2.255867126576082,0.9623692015888614,4.866666666666667,0.21818181818181817,0.4435806880264035,5.0,12.0,2.1847826086956523,1.089760358864073,0.07462686567164178,0.0
131,1,64.0,247.0,3.859375,0.06125992063492063,0.1746031746031746,0.0,0.2692307692307692,0.5961538461538461,0.21153846153846154,0.46153846153846156,0.21875,0.0,0.07142857142857142,0.5714285714285714,0.4984931547518219,0.3896849381602166,0.3501124488256841,0.43829212197479056,NaN,NaN,NaN,NaN,4.75,5.735595768839486,2.2810962045657175,0.9582494293556358,4.551724137931035,0.25,0.4875133530493191,5.0,11.0,2.071335927367056,0.9251721664942149,0.09375,0.0
132,1,65.0,199.0,3.0615384615384613,0.04783653846153846,0.171875,0.046875,0.2641509433962264,0.6226415094339622,0.24528301886792453,0.4339622641509434,0.2153846153846154,0.0,0.07142857142857142,0.5714285714285714,0.581265295500151,0.4018936275470246,0.36502395126146514,0.4521684554594921,NaN,NaN,NaN,NaN,3.7547169811320753,4.995789228391625,2.32192686303068,1.0790058910665405,5.4,0.2830188679245283,0.43614011343664993,7.0,10.0,2.2568306010928962,1.301870415562117,0.07692307692307693,0.0
133,1,67.0,281.0,4.1940298507462686,0.06354590682948892,0.15151515151515152,0.07575757575757576,0.26785714285714285,0.6607142857142857,0.08928571428571429,0.39285714285714285,0.208955223880597,0.0,0.0,0.5714285714285714,0.47272968442486935,0.3848456871292145,0.32599141929499076,0.43136130584052534,NaN,NaN,NaN,NaN,5.017857142857143,5.079338079383508,2.2964686084018613,1.0111429571240578,4.984848484848484,0.19642857142857142,0.42597138057819306,5.0,9.0,1.9970845481049562,1.0166455282287228,0.07462686567164178,0.0
134,1,67.0,299.0,4.462686567164179,0.0676164631388512,0.16666666666666666,0.030303030303030304,0.23636363636363636,0.6363636363636364,0.21818181818181817,0.45454545454545453,0.208955223880597,0.0,0.14285714285714285,0.6428571428571429,0.5802752105027107,0.4019518581782352,0.3526881720430108,0.4384519211554007,NaN,NaN,NaN,NaN,5.4363636363636365,7.678164413074831,2.246092008005377,0.9249946928542782,5.0,0.23636363636363636,0.4235321793235094,4.0,8.0,1.5806451612903225,0.6407629312619747,0.029850746268656716,0.0
135,1,67.0,241.0,3.5970149253731343,0.05450022614201719,0.15151515151515152,0.09090909090909091,0.2857142857142857,0.625,0.21428571428571427,0.4107142857142857,0.208955223880597,0.0,0.07142857142857142,0.6428571428571429,0.49462544359635013,0.3878011384914398,0.326750283446712,0.4340594108977807,NaN,NaN,NaN,NaN,4.303571428571429,5.975463900917553,2.301420452039479,0.9590407630640855,4.636363636363637,0.23214285714285715,0.43978269925920843,4.0,12.0,1.9423929098966026,0.8147614849427441,0.1044776119402985,0.0
136,1,68.0,273.0,4.014705882352941,0.05992098331870061,0.16417910447761194,0.029850746268656716,0.21428571428571427,0.6071428571428571,0.26785714285714285,0.42857142857142855,0.20588235294117646,0.0,0.07142857142857142,0.6428571428571429,0.5118211664241878,0.40687624838813313,0.3437232905982906,0.4543244405846336,NaN,NaN,NaN,NaN,4.875,6.728670002311007,2.3226815558395533,1.0297479665397105,4.916666666666666,0.32142857142857145,0.4094951258145057,6.0,13.0,2.272517321016166,1.1203250520464978,0.04411764705882353,0.0
137,1,66.0,240.0,3.6363636363636362,0.055944055944055944,0.16923076923076924,0.13846153846153847,0.2962962962962963,0.5925925925925926,0.18518518518518517,0.42592592592592593,0.21212121212121213,0.0,0.0,0.6428571428571429,0.49737920693255605,0.4087363384116512,0.34645061728395066,0.43896000825823067,NaN,NaN,NaN,NaN,4.444444444444445,5.846032896668545,2.2591865576491243,0.9156741223746934,5.0,0.2037037037037037,0.3736063455496018,4.0,7.0,1.732368896925859,0.725306777604857,0.0,0.0
138,1,63.0,236.0,3.746031746031746,0.06041986687147977,0.16129032258064516,0.16129032258064516,0.28846153846153844,0.5961538461538461,0.19230769230769232,0.4230769230769231,0.2222222222222222,0.0,0.0,0.7142857142857143,0.49241240156069954,0.4062405727220663,0.3499389499389499,0.44278564761040373,NaN,NaN,NaN,NaN,4.538461538461538,5.785246748382317,2.286370392375814,0.9539162006832673,5.391304347826087,0.23076923076923078,0.357337628618381,6.0,9.0,1.9271402550091075,0.9973373403410807,0.047619047619047616,0.0
139,1,67.0,220.0,3.283582089552239,0.04975124378109453,0.15151515151515152,0.12121212121212122,0.26785714285714285,0.6428571428571429,0.2857142857142857,0.375,0.208955223880597,0.0,0.0,0.5714285714285714,0.49531301998914046,0.4271514508611081,0.3489042207792208,0.4643594336346962,NaN,NaN,NaN,NaN,3.9285714285714284,5.284134548067255,2.2629771142312882,0.9183517084742471,4.875,0.19642857142857142,0.3570469453629247,4.0,8.0,1.672055427251732,0.7808943570808462,0.04477611940298507,0.0
14,1,59.0,206.0,3.4915254237288136,0.06019871420222092,0.1724137931034483,0.10344827586206896,0.3333333333333333,0.5833333333333334,0.22916666666666666,0.4791666666666667,0.23728813559322035,0.0,0.14285714285714285,0.5714285714285714,0.7041385427366578,0.3643637830191986,0.4109863516113516,0.4646574227181632,NaN,NaN,NaN,NaN,4.291666666666667,4.712854008751111,2.310549696122141,1.0065992580215435,4.766666666666667,0.20833333333333334,0.4112106342168941,4.0,9.0,1.9964601769911505,0.9148042851125326,0.05084745762711865,0.0
140,1,67.0,253.0,3.7761194029850746,0.05721393034825871,0.16666666666666666,0.10606060606060606,0.2727272727272727,0.6,0.2,0.43636363636363634,0.208955223880597,0.0,0.07142857142857142,0.6428571428571429,0.5199430105592867,0.38174336792284747,0.3498319327731092,0.4430574141945958,NaN,NaN,NaN,NaN,4.6,4.089734212137254,2.3392891302694463,1.056701867573272,5.166666666666666,0.2909090909090909,0.48077833665717173,5.0,11.0,2.030812324929972,0.9703328103105319,0.07462686567164178,0.0
141,1,67.0,222.0,3.3134328358208953,0.050203527815468114,0.16666666666666666,0.13636363636363635,0.2909090909090909,0.6363636363636364,0.18181818181818182,0.38181818181818183,0.208955223880597,0.0,0.0,0.6428571428571429,0.44288478708322876,0.40573828842857285,0.33437229437229443,0.4414309956660686,NaN,NaN,NaN,NaN,4.036363636363636,3.901394035582079,2.3359083623265904,1.1324077982373308,6.0,0.18181818181818182,0.5587696723877902,5.0,10.0,1.7903225806451613,0.8694518746878263,0.1044776119402985,0.0
142,1,64.0,204.0,3.1875,0.050595238095238096,0.14285714285714285,0.15873015873015872,0.25925925925925924,0.6111111111111112,0.16666666666666666,0.4074074074074074,0.21875,0.0,0.07142857142857142,0.5714285714285714,0.4390989497921759,0.3967225436591964,0.325977366255144,0.43015151712711613,NaN,NaN,NaN,NaN,3.7777777777777777,3.632487928880029,2.3009393316731224,0.9436216321107201,5.0,0.2037037037037037,0.40886373749883287,4.0,9.0,1.7559241706161137,0.8467629988278835,0.0625,0.0
143,1,66.0,294.0,4.454545454545454,0.06853146853146853,0.15384615384615385,0.06153846153846154,0.2727272727272727,0.6,0.14545454545454545,0.41818181818181815,0.21212121212121213,0.0,0.0,0.6428571428571429,0.5057931132633369,0.3972289408387605,0.3394654335563427,0.43662791840238463,NaN,NaN,NaN,NaN,5.345454545454546,5.764573100438836,2.3028545549231145,0.960350965129682,5.0,0.23636363636363636,0.42259212311806127,4.0,10.0,1.8099415204678362,0.8359530884692375,0.06060606060606061,0.0
144,1,67.0,298.0,4.447761194029851,0.0673903211216644,0.16666666666666666,0.09090909090909091,0.2545454545454545,0.6181818181818182,0.21818181818181817,0.45454545454545453,0.19402985074626866,0.0,0.07692307692307693,0.6923076923076923,0.5314465844015587,0.3945712375241185,0.3602496783251135,0.4439855268864984,NaN,NaN,NaN,NaN,5.418181818181818,7.5269661122672025,2.210648268700891,0.8472347586884882,4.318181818181818,0.2545454545454545,0.4329729673732756,3.0,10.0,1.702928870292887,0.6555775412041385,0.05970149253731343,0.0
145,1,67.0,229.0,3.417910447761194,0.05178652193577567,0.16666666666666666,0.12121212121212122,0.23636363636363636,0.6545454545454545,0.2909090909090909,0.43636363636363634,0.208955223880597,0.0,0.14285714285714285,0.5714285714285714,0.5764914000471201,0.42730135211537756,0.3765656565656565,0.4694948969760688,NaN,NaN,NaN,NaN,4.163636363636364,5.283670288461583,2.2954969099168676,1.06224124788137,5.043478260869565,0.23636363636363636,0.4948121768199997,5.0,9.0,1.7765957446808511,0.8900570801650884,0.08955223880597014,0.0
146,1,68.0,271.0,3.985294117647059,0.05948200175592625,0.16417910447761194,0.05970149253731343,0.25,0.6071428571428571,0.26785714285714285,0.42857142857142855,0.20588235294117646,0.0,0.0,0.5714285714285714,0.5449176941507573,0.3994512139705372,0.36127884633385515,0.4617532375519906,NaN,NaN,NaN,NaN,4.839285714285714,6.166704691587457,2.251044946972332,0.8904115652696547,4.264705882352941,0.2857142857142857,0.38147796268899803,3.0,10.0,1.7449275362318841,0.6741195907313882,0.058823529411764705,0.0
147,1,68.0,224.0,3.2941176470588234,0.04916593503072871,0.16417910447761194,0.04477611940298507,0.23214285714285715,0.625,0.30357142857142855,0.4642857142857143,0.20588235294117646,0.0,0.07142857142857142,0.6428571428571429,0.5154993281771174,0.4153769317020051,0.3737138605442177,0.4656271521567714,NaN,NaN,NaN,NaN,4.0,4.624047813530715,2.2758699486138996,0.9619908293920217,4.673076923076923,0.2857142857142857,0.47834067236485506,4.0,12.0,1.9838945827232797,0.8483404883528906,0.10294117647058823,0.0
148,1,68.0,218.0,3.2058823529411766,0.04784899034240562,0.16417910447761194,0.08955223880597014,0.25,0.625,0.25,0.4107142857142857,0.20588235294117646,0.0,0.0,0.5714285714285714,0.5112516617638434,0.40462884790854853,0.35105917366946776,0.45690206406265516,NaN,NaN,NaN,NaN,3.892857142857143,4.654142129441145,2.3541926869190366,1.1484091658026252,5.708333333333334,0.25,0.37512617568927936,5.0,11.0,2.3267776096822996,1.184122252792557,0.07352941176470588,0.0
149,1,68.0,276.0,4.0588235294117645,0.06057945566286216,0.16417910447761194,0.04477611940298507,0.25,0.625,0.17857142857142858,0.42857142857142855,0.20588235294117646,0.0,0.07142857142857142,0.5714285714285714,0.5012154605761655,0.39679715874763355,0.3334608504486324,0.4401170444934582,NaN,NaN,NaN,NaN,4.928571428571429,5.03029781463246,2.283758032127399,0.9729203571547851,4.666666666666666,0.2857142857142857,0.39320480813228637,5.0,10.0,1.948509485094851,0.9275252379715013,0.07352941176470588,0.0
15,1,67.0,262.0,3.91044776119403,0.05924920850293985,0.16666666666666666,0.10606060606060606,0.2909090909090909,0.6,0.21818181818181817,0.41818181818181815,0.208955223880597,0.0,0.07142857142857142,0.7142857142857143,0.541384534021278,0.4050473906295244,0.35245689982532086,0.45040366707147367,NaN,NaN,NaN,NaN,4.763636363636364,5.909702118091835,2.321433716255088,1.050102773900296,5.0285714285714285,0.2545454545454545,0.41821376572996755,6.0,11.0,1.9771615008156607,1.0661765579082287,0.07462686567164178,0.0
150,1,65.0,241.0,3.707692307692308,0.05793269230769231,0.171875,0.046875,0.3018867924528302,0.6037735849056604,0.22641509433962265,0.4339622641509434,0.2153846153846154,0.0,0.07142857142857142,0.6428571428571429,0.5984188926367433,0.4031108679428797,0.3584873619503164,0.4497533539936165,NaN,NaN,NaN,NaN,4.547169811320755,6.416822955013968,2.263919249412207,0.9277234109440112,4.466666666666667,0.22641509433962265,0.35376414447532367,5.0,8.0,1.8970814132104454,0.8504337849547495,0.03076923076923077,0.0
151,1,67.0,322.0,4.8059701492537314,0.07281772953414745,0.16666666666666666,0.030303030303030304,0.23636363636363636,0.6,0.23636363636363636,0.41818181818181815,0.208955223880597,0.0,0.0,0.7142857142857143,0.5263622191863327,0.3996054871587308,0.3531627459046814,0.45876735284732295,NaN,NaN,NaN,NaN,5.8545454545454545,8.59030069283177,2.2997834726158177,1.0014581429488731,5.0,0.2545454545454545,0.37903657051879114,6.0,10.0,2.1911589008363204,1.242881441390087,0.07462686567164178,0.0
152,1,66.0,226.0,3.4242424242424243,0.05268065268065268,0.16923076923076924,0.06153846153846154,0.25925925925925924,0.6296296296296297,0.25925925925925924,0.4444444444444444,0.21212121212121213,0.0,0.07142857142857142,0.5714285714285714,0.5104281725560721,0.41308576625396604,0.3532633851261302,0.45142214395369834,NaN,NaN,NaN,NaN,4.185185185185185,5.9876415934699905,2.274045479667789,0.977435679969783,4.722222222222222,0.2222222222222222,0.41922437594199297,4.0,10.0,1.9431643625192012,0.8328792334779308,0.045454545454545456,0.0
153,1,66.0,253.0,3.8333333333333335,0.05897435897435897,0.16923076923076924,0.15384615384615385,0.24074074074074073,0.5925925925925926,0.2222222222222222,0.46296296296296297,0.21212121212121213,0.0,0.0,0.6428571428571429,0.5625484054197402,0.3838741965044161,0.3638414055080722,0.44725442121617326,NaN,NaN,NaN,NaN,4.685185185185185,6.1023474421473285,2.3482822522080324,1.1222589652906527,5.9,0.2962962962962963,0.35873352394213986,5.0,9.0,1.9381818181818182,1.082984964431317,0.07575757575757576,0.0
154,1,65.0,240.0,3.6923076923076925,0.057692307692307696,0.171875,0.125,0.2830188679245283,0.6226415094339622,0.24528301886792453,0.41509433962264153,0.2153846153846154,0.0,0.0,0.7142857142857143,0.523766727269198,0.40663249262535683,0.3450826242446664,0.4531837885073019,NaN,NaN,NaN,NaN,4.528301886792453,7.220706798945828,2.2974999858227703,1.0493176166327889,5.666666666666666,0.22641509433962265,0.38786322282566243,6.0,10.0,2.2318435754189943,1.1680561621235304,0.0,0.0
155,1,66.0,249.0,3.772727272727273,0.05804195804195804,0.13846153846153847,0.1076923076923077,0.26785714285714285,0.6071428571428571,0.23214285714285715,0.4107142857142857,0.21212121212121213,0.0,0.07142857142857142,0.6428571428571429,0.4718002661590952,0.40363793287892563,0.32997949179671865,0.44169118374982325,NaN,NaN,NaN,NaN,4.446428571428571,6.790152342265145,2.343349432553978,0.9957460003071804,5.175,0.25,0.30850967716276506,5.0,9.0,1.8245614035087718,0.8818180416691082,0.0,0.0
156,1,68.0,284.0,4.176470588235294,0.06233538191395961,0.16417910447761194,0.05970149253731343,0.19642857142857142,0.625,0.17857142857142858,0.42857142857142855,0.20588235294117646,0.0,0.07142857142857142,0.5714285714285714,0.49061416925157664,0.38436376085884805,0.3354738181504486,0.4369355372345897,NaN,NaN,NaN,NaN,5.071428571428571,5.858504751391597,2.278752166387071,0.9626080928856916,4.666666666666666,0.32142857142857145,0.3739385003656134,4.0,8.0,1.691151919866444,0.7449530356852991,0.058823529411764705,0.0
157,1,67.0,210.0,3.1343283582089554,0.04748982360922659,0.15151515151515152,0.10606060606060606,0.26785714285714285,0.6071428571428571,0.23214285714285715,0.4107142857142857,0.208955223880597,0.0,0.07142857142857142,0.5714285714285714,0.548173116544706,0.4043266282921373,0.34594190531690533,0.4454616787667189,NaN,NaN,NaN,NaN,3.75,3.890547986641938,2.2981357168616436,0.9509729906991866,4.548387096774194,0.26785714285714285,0.45428031634304716,5.0,10.0,2.027027027027027,0.957265889054776,0.05970149253731343,0.0
158,1,63.0,286.0,4.5396825396825395,0.07322068612391193,0.1774193548387097,0.11290322580645161,0.2549019607843137,0.5882352941176471,0.17647058823529413,0.4117647058823529,0.2222222222222222,0.0,0.07142857142857142,0.5714285714285714,0.5234881723071807,0.40045021773490636,0.3537581699346405,0.4456611206092113,NaN,NaN,NaN,NaN,5.607843137254902,6.6425249156402835,2.2821146694417935,0.9922727255980432,5.0,0.29411764705882354,0.42074973855724307,6.0,10.0,2.0637037037037036,1.2206560117501866,0.09523809523809523,0.0
159,1,68.0,315.0,4.632352941176471,0.06913959613696224,0.16417910447761194,0.029850746268656716,0.25,0.625,0.23214285714285715,0.42857142857142855,0.20588235294117646,0.0,0.0,0.5714285714285714,0.49882969080990275,0.39024863743689625,0.3497850529100529,0.4506036844265291,NaN,NaN,NaN,NaN,5.625,7.435938529747393,2.26524221532941,0.942871579197115,4.677966101694915,0.2857142857142857,0.34525602803060257,4.0,10.0,1.8120567375886525,0.7274149912932111,0.058823529411764705,0.0
16,1,66.0,263.0,3.984848484848485,0.06130536130536131,0.16923076923076924,0.12307692307692308,0.2962962962962963,0.6111111111111112,0.24074074074074073,0.42592592592592593,0.21212121212121213,0.0,0.07142857142857142,0.5714285714285714,0.4840851516154555,0.3944834209093509,0.3385942760942761,0.441116731060805,NaN,NaN,NaN,NaN,4.87037037037037,7.081856425138491,2.2821858940279993,0.9796887712173896,4.770833333333334,0.2222222222222222,0.37667230152579817,5.0,11.0,1.9460227272727273,0.8747678933251675,0.06060606060606061,0.0
160,1,68.0,259.0,3.8088235294117645,0.05684811237928007,0.16417910447761194,0.04477611940298507,0.30357142857142855,0.6428571428571429,0.21428571428571427,0.42857142857142855,0.20588235294117646,0.0,0.14285714285714285,0.6428571428571429,0.5297939454765865,0.40709990626337755,0.35286654135338347,0.4502027048928426,NaN,NaN,NaN,NaN,4.625,5.265885058994875,2.2862522157412197,1.0077204385710055,4.815789473684211,0.21428571428571427,0.4600798144417313,4.0,9.0,1.858974358974359,0.8718808137782256,0.08823529411764706,0.0
161,1,67.0,208.0,3.1044776119402986,0.04703753957485301,0.15151515151515152,0.10606060606060606,0.2857142857142857,0.6071428571428571,0.25,0.4107142857142857,0.208955223880597,0.0,0.07142857142857142,0.5714285714285714,0.504664565540839,0.4079956828219,0.3424111807732498,0.45162845112751276,NaN,NaN,NaN,NaN,3.7142857142857144,4.716371046064531,2.37498333605781,1.1202550463197827,5.818181818181818,0.26785714285714285,0.3653663019493564,6.0,10.0,2.5724233983286906,1.417038174252892,0.05970149253731343,0.0
162,1,68.0,287.0,4.220588235294118,0.06299385425812117,0.16417910447761194,0.0,0.26785714285714285,0.6071428571428571,0.25,0.42857142857142855,0.20588235294117646,0.0,0.0,0.5714285714285714,0.5391163522116013,0.3835754708807075,0.35767708506166696,0.45496127110699586,NaN,NaN,NaN,NaN,5.125,7.094331924469382,2.30403774562889,0.996145693262872,4.7924528301886795,0.2857142857142857,0.4050818318761916,5.0,12.0,1.955451348182884,0.8267158506336437,0.07352941176470588,0.0
163,1,65.0,240.0,3.6923076923076925,0.057692307692307696,0.15625,0.125,0.2962962962962963,0.6111111111111112,0.25925925925925924,0.3888888888888889,0.2153846153846154,0.0,0.0,0.6428571428571429,0.4978515336017431,0.4116928494405676,0.34229864785420333,0.46072709978879534,NaN,NaN,NaN,NaN,4.444444444444445,4.541908279303983,2.3162341511780125,1.000439121256809,4.818181818181818,0.24074074074074073,0.44199445396688664,5.0,11.0,1.8694942903752039,0.82995348246488,0.12307692307692308,0.0
164,1,68.0,267.0,3.926470588235294,0.058604038630377525,0.16417910447761194,0.08955223880597014,0.25,0.6071428571428571,0.25,0.4107142857142857,0.20588235294117646,0.0,0.0,0.5714285714285714,0.5291241768089184,0.3957540943911822,0.34092261904761906,0.4520158399932219,NaN,NaN,NaN,NaN,4.767857142857143,5.3051983817883634,2.3230971223340795,1.0313275371547286,4.818181818181818,0.30357142857142855,0.4409055391421504,5.0,12.0,1.9222873900293256,0.9026647056003113,0.10294117647058823,0.0
165,1,66.0,254.0,3.8484848484848486,0.05920745920745921,0.16923076923076924,0.12307692307692308,0.24074074074074073,0.6296296296296297,0.2037037037037037,0.4444444444444444,0.19696969696969696,0.0,0.0,0.5384615384615384,0.5186433643790477,0.4008660706721689,0.3696061140505585,0.448679878092999,NaN,NaN,NaN,NaN,4.703703703703703,4.709002336471248,2.187254042695479,0.8371968994377023,4.238095238095238,0.2222222222222222,0.31974977086102874,3.0,8.0,1.6125954198473282,0.6461488652612558,0.030303030303030304,0.0
166,1,68.0,256.0,3.764705882352941,0.056189640035118525,0.16417910447761194,0.08955223880597014,0.26785714285714285,0.625,0.25,0.4107142857142857,0.20588235294117646,0.0,0.07142857142857142,0.6428571428571429,0.5053486554843787,0.40195540252920614,0.3491496598639455,0.4538366141579208,NaN,NaN,NaN,NaN,4.571428571428571,6.935697232715404,2.3124463463705127,1.0401819637973253,5.036363636363636,0.26785714285714285,0.39328263671945757,5.0,10.0,2.0719424460431655,0.9872405562937167,0.10294117647058823,0.0
167,1,67.0,273.0,4.074626865671642,0.06173677069199457,0.15151515151515152,0.12121212121212122,0.26785714285714285,0.6607142857142857,0.25,0.39285714285714285,0.208955223880597,0.0,0.0,0.5714285714285714,0.4946686611316712,0.40325008091139625,0.3515963203463203,0.4566897922858211,NaN,NaN,NaN,NaN,4.875,5.376928829393563,2.2976832320378056,1.0162241170547153,5.0,0.21428571428571427,0.42644856455078534,4.0,10.0,1.724820143884892,0.817486239258666,0.1044776119402985,0.0
168,1,65.0,236.0,3.6307692307692307,0.05673076923076923,0.171875,0.15625,0.2641509433962264,0.6415094339622641,0.20754716981132076,0.41509433962264153,0.2153846153846154,0.0,0.14285714285714285,0.5714285714285714,0.5756819577418859,0.40173805958568093,0.34976176862969316,0.4431564138867297,NaN,NaN,NaN,NaN,4.452830188679245,5.548963998025111,2.2417203211715364,0.9354896748873105,4.6,0.22641509433962265,0.35646592358842544,4.0,8.0,1.5980861244019138,0.7719272168128328,0.046153846153846156,0.0
169,1,67.0,226.0,3.373134328358209,0.05110809588421529,0.15151515151515152,0.15151515151515152,0.2857142857142857,0.625,0.17857142857142858,0.4107142857142857,0.208955223880597,0.0,0.0,0.5714285714285714,0.4809661423299845,0.3996588224602026,0.33821054937126366,0.4417212599126974,NaN,NaN,NaN,NaN,4.035714285714286,3.4322761369854087,2.299335263189903,0.9658891406050261,4.8,0.23214285714285715,0.39870361097212215,4.0,9.0,1.8581687612208257,0.8437192116806839,0.05970149253731343,0.0
17,1,67.0,220.0,3.283582089552239,0.04975124378109453,0.16666666666666666,0.07575757575757576,0.2727272727272727,0.6,0.2545454545454545,0.41818181818181815,0.208955223880597,0.0,0.07142857142857142,0.6428571428571429,0.5069433805157747,0.4111249372749456,0.3490048457289837,0.4529780348090475,NaN,NaN,NaN,NaN,4.0,5.965952781626133,2.3277096851173327,1.07694712858821,5.619047619047619,0.2909090909090909,0.4498575787119167,5.0,9.0,2.149920255183413,1.0930418148296388,0.04477611940298507,0.0
170,1,67.0,263.0,3.925373134328358,0.05947535052012664,0.16666666666666666,0.07575757575757576,0.23636363636363636,0.6,0.18181818181818182,0.45454545454545453,0.208955223880597,0.0,0.07142857142857142,0.5714285714285714,0.5342935600573381,0.401990634054386,0.3513997113997114,0.4378382130258095,NaN,NaN,NaN,NaN,4.781818181818182,5.829970170468472,2.2874678796539083,0.9941400470013421,5.277777777777778,0.2909090909090909,0.35393799275124205,5.0,9.0,2.056716417910448,1.0601102518454701,0.05970149253731343,0.0
171,1,66.0,230.0,3.484848484848485,0.053613053613053616,0.15384615384615385,0.1076923076923077,0.2545454545454545,0.6181818181818182,0.16363636363636364,0.43636363636363634,0.21212121212121213,0.0,0.07142857142857142,0.5714285714285714,0.4882039916950703,0.3940611364199058,0.34436999868818047,0.4338165359173286,NaN,NaN,NaN,NaN,4.181818181818182,4.582943050417168,2.3151072412436045,1.0320947014683026,5.833333333333334,0.2545454545454545,0.3804897236269408,5.0,9.0,1.4754098360655739,0.7086137122706947,0.0,0.0
172,1,67.0,206.0,3.074626865671642,0.046585255540479424,0.16666666666666666,0.13636363636363635,0.2909090909090909,0.6181818181818182,0.21818181818181817,0.41818181818181815,0.208955223880597,0.0,0.07142857142857142,0.5714285714285714,0.5361332573372046,0.39453517319582326,0.34274284195336824,0.44265272371138664,NaN,NaN,NaN,NaN,3.7454545454545456,4.489568905388238,2.3110811590205493,1.0347566220122493,5.181818181818182,0.2545454545454545,0.35085661799186696,7.0,9.0,2.283582089552239,1.263141855317694,0.0,0.0
173,1,65.0,208.0,3.2,0.05,0.171875,0.171875,0.32075471698113206,0.6037735849056604,0.24528301886792453,0.39622641509433965,0.2153846153846154,0.0,0.0,0.5714285714285714,0.48745696215954415,0.4354907873025032,0.36189727463312366,0.4643957315317284,NaN,NaN,NaN,NaN,3.9245283018867925,3.556408390301468,2.385823586741957,1.1850726584492222,5.571428571428571,0.24528301886792453,0.6065408697830522,6.0,11.0,1.9534412955465588,1.0714146302595562,0.1076923076923077,0.0
174,1,68.0,306.0,4.5,0.06716417910447761,0.16417910447761194,0.08955223880597014,0.21428571428571427,0.6071428571428571,0.19642857142857142,0.44642857142857145,0.20588235294117646,0.0,0.07142857142857142,0.6428571428571429,0.5361817453257121,0.38889717311885946,0.34698937003931585,0.438740104316184,NaN,NaN,NaN,NaN,5.464285714285714,6.211321878676025,2.2797619442085355,0.9466819126430912,4.666666666666666,0.3392857142857143,0.4282771726155628,5.0,11.0,1.7924528301886793,0.7913480664533331,0.08823529411764706,0.0
175,1,67.0,266.0,3.970149253731343,0.060153776571687016,0.16666666666666666,0.12121212121212122,0.23636363636363636,0.6,0.2,0.45454545454545453,0.208955223880597,0.0,0.0,0.6428571428571429,0.511940446839981,0.39500816318760845,0.347002886002886,0.43963230276136656,NaN,NaN,NaN,NaN,4.836363636363636,6.860416887137389,2.2245376875417984,0.8447717461461403,4.32,0.3090909090909091,0.37195566066137864,4.0,8.0,1.9137199434229137,0.8413338564453053,0.0,0.0
176,1,67.0,202.0,3.014925373134328,0.04568068747173225,0.15151515151515152,0.18181818181818182,0.2857142857142857,0.625,0.21428571428571427,0.4107142857142857,0.208955223880597,0.0,0.07142857142857142,0.5714285714285714,0.49758619356833644,0.4091040106906993,0.34526643990929706,0.44843219036632,NaN,NaN,NaN,NaN,3.607142857142857,4.1590146185608186,2.282306371505115,0.9590199255919974,5.052631578947368,0.19642857142857142,0.2994361057525648,4.0,6.0,1.6043956043956045,0.7588467526649978,0.0,0.0
177,1,66.0,209.0,3.1666666666666665,0.04871794871794872,0.16923076923076924,0.09230769230769231,0.25925925925925924,0.6296296296296297,0.3148148148148148,0.4444444444444444,0.19696969696969696,0.0,0.07692307692307693,0.6153846153846154,0.542835112070701,0.4188971587244102,0.37479341646008313,0.46680093661744726,NaN,NaN,NaN,NaN,3.8703703703703702,5.00959945032439,2.276698304550571,0.9972003224372379,4.886363636363637,0.25925925925925924,0.439318412772298,4.0,9.0,1.9151624548736461,0.8642096341887795,0.030303030303030304,0.0
178,1,67.0,231.0,3.4477611940298507,0.05223880597014925,0.15151515151515152,0.10606060606060606,0.2857142857142857,0.625,0.30357142857142855,0.4107142857142857,0.208955223880597,0.0,0.07142857142857142,0.6428571428571429,0.45827643196996953,0.42427184112015254,0.3476190476190476,0.46523784046039085,NaN,NaN,NaN,NaN,4.125,5.3836874824873435,2.291526578353722,0.9465693414848794,4.4897959183673475,0.23214285714285715,0.39933516788932705,7.0,9.0,2.1447587354409317,1.28348872869784,0.029850746268656716,0.0
179,1,64.0,198.0,3.09375,0.049107142857142856,0.1746031746031746,0.15873015873015872,0.3076923076923077,0.5961538461538461,0.28846153846153844,0.46153846153846156,0.21875,0.0,0.07142857142857142,0.5714285714285714,0.5424400190265575,0.42147873548254705,0.38639875082182773,0.46385969390176973,NaN,NaN,NaN,NaN,3.8076923076923075,4.238194498763764,2.322723721872812,1.1029194420208501,5.785714285714286,0.21153846153846154,0.47498433073707946,6.0,8.0,1.937365010799136,1.113847885066663,0.03125,0.0
18,1,68.0,324.0,4.764705882352941,0.07111501316944688,0.16417910447761194,0.0,0.25,0.6428571428571429,0.25,0.42857142857142855,0.20588235294117646,0.0,0.07142857142857142,0.5714285714285714,0.511983434319463,0.4122203774679201,0.35641594516594516,0.4596229653277557,NaN,NaN,NaN,NaN,5.785714285714286,8.339858916867044,2.2529015242358503,0.9247035646260369,4.369747899159664,0.26785714285714285,0.3904829875287788,4.0,10.0,1.8138020833333333,0.8028418379983099,0.07352941176470588,0.0
180,1,66.0,235.0,3.5606060606060606,0.054778554778554776,0.16923076923076924,0.06153846153846154,0.3148148148148148,0.6111111111111112,0.25925925925925924,0.3888888888888889,0.21212121212121213,0.0,0.07142857142857142,0.6428571428571429,0.5878893843784928,0.4130531857757282,0.34388594944150497,0.4607075981876822,NaN,NaN,NaN,NaN,4.351851851851852,6.687519796923354,2.2967697572282915,0.9883467621853627,5.083333333333334,0.2222222222222222,0.4284827515045048,5.0,12.0,2.002865329512894,0.9231552385505798,0.07575757575757576,0.0
181,1,66.0,262.0,3.9696969696969697,0.061072261072261075,0.16923076923076924,0.1076923076923077,0.24074074074074073,0.6481481481481481,0.16666666666666666,0.42592592592592593,0.21212121212121213,0.0,0.07142857142857142,0.5714285714285714,0.5215950436840826,0.38582458058709795,0.34997795414462085,0.4376277762776421,NaN,NaN,NaN,NaN,4.851851851851852,5.678185357908818,2.2231391328671894,0.8996174607212959,4.444444444444445,0.24074074074074073,0.38458801977594453,5.0,10.0,2.0465465465465464,1.1128484464415866,0.06060606060606061,0.0
182,1,66.0,242.0,3.6666666666666665,0.05641025641025641,0.16923076923076924,0.09230769230769231,0.25925925925925924,0.6111111111111112,0.2777777777777778,0.4444444444444444,0.21212121212121213,0.0,0.0,0.6428571428571429,0.5651292669542008,0.3955003899466911,0.37356030979219385,0.46150860399382126,NaN,NaN,NaN,NaN,4.481481481481482,5.004679850431092,2.254525575299215,0.9355125861293102,4.916666666666666,0.2777777777777778,0.41665162006574824,5.0,10.0,1.9761146496815287,0.9606630815288348,0.07575757575757576,0.0
183,1,68.0,308.0,4.529411764705882,0.06760316066725197,0.16417910447761194,0.05970149253731343,0.19642857142857142,0.6428571428571429,0.23214285714285715,0.42857142857142855,0.20588235294117646,0.0,0.0,0.6428571428571429,0.46923806047111744,0.4157375799869555,0.346961069684284,0.4486581253759615,NaN,NaN,NaN,NaN,5.5,7.979519238195198,2.220982368437833,0.8774477037290931,4.590909090909091,0.25,0.3595309379397917,6.0,9.0,1.8723076923076922,1.059407586921007,0.08823529411764706,0.0
184,1,68.0,276.0,4.0588235294117645,0.06057945566286216,0.16417910447761194,0.08955223880597014,0.2857142857142857,0.625,0.21428571428571427,0.4107142857142857,0.20588235294117646,0.0,0.07142857142857142,0.5714285714285714,0.49225167701984024,0.3975482655050728,0.35517340708213113,0.455279328860992,NaN,NaN,NaN,NaN,4.928571428571429,5.084225668609789,2.3180888344541644,1.0420942560688558,4.933333333333334,0.26785714285714285,0.4532104784268346,5.0,12.0,1.9929775280898876,1.0027843709251045,0.08823529411764706,0.0
185,1,67.0,249.0,3.716417910447761,0.056309362279511534,0.15151515151515152,0.10606060606060606,0.2857142857142857,0.625,0.2857142857142857,0.42857142857142855,0.208955223880597,0.0,0.0,0.6428571428571429,0.521857338553532,0.40769543476573233,0.3563576369282891,0.458474878561616,NaN,NaN,NaN,NaN,4.446428571428571,7.019245343682268,2.2293059816396608,0.8266674602862796,4.073170731707317,0.21428571428571427,0.37410201491029443,3.0,10.0,1.8112391930835734,0.6945181500447829,0.07462686567164178,0.0
186,1,64.0,303.0,4.734375,0.07514880952380952,0.1746031746031746,0.09523809523809523,0.19230769230769232,0.5961538461538461,0.21153846153846154,0.46153846153846156,0.21875,0.0,0.07142857142857142,0.6428571428571429,0.5638173055061648,0.38685660281064993,0.35867057621865317,0.4488810861635263,NaN,NaN,NaN,NaN,5.826923076923077,6.8132545384516146,2.2942257118385445,0.9880835952031202,4.787878787878788,0.36538461538461536,0.3655700222521777,5.0,9.0,1.7546296296296295,0.8302493164879837,0.046875,0.0
187,1,67.0,238.0,3.5522388059701493,0.053821800090456805,0.16666666666666666,0.06060606060606061,0.2545454545454545,0.6181818181818182,0.23636363636363636,0.4,0.208955223880597,0.0,0.07142857142857142,0.5714285714285714,0.4907105261899295,0.41513701268399894,0.32424012855831036,0.44584816715451797,NaN,NaN,NaN,NaN,4.327272727272727,4.910512326950347,2.236757929153545,0.8992765920065535,4.64516129032258,0.23636363636363636,0.38154019714671106,5.0,8.0,1.8,0.8103934776714841,0.04477611940298507,0.0
188,1,67.0,231.0,3.4477611940298507,0.05223880597014925,0.16666666666666666,0.12121212121212122,0.2727272727272727,0.6181818181818182,0.2,0.41818181818181815,0.19402985074626866,0.0,0.07692307692307693,0.5384615384615384,0.48159036796536797,0.40407551989625035,0.34868686868686866,0.44421510754358967,NaN,NaN,NaN,NaN,4.2,4.539538237244776,2.232214535556521,0.9120826759715054,4.8,0.2,0.37983414747082656,5.0,8.0,1.7426160337552743,0.8682795753492024,0.04477611940298507,0.0
189,1,67.0,247.0,3.6865671641791047,0.05585707824513795,0.16666666666666666,0.045454545454545456,0.2545454545454545,0.6181818181818182,0.2545454545454545,0.43636363636363634,0.208955223880597,0.0,0.0,0.5714285714285714,0.5398943983938045,0.389435485143985,0.358417610418348,0.45717535362752304,NaN,NaN,NaN,NaN,4.490909090909091,5.364052942790924,2.259905271769703,0.9230827417088828,4.576923076923077,0.23636363636363636,0.3808470956304475,4.0,10.0,1.7785714285714285,0.7805127175282657,0.05970149253731343,0.0
19,1,64.0,199.0,3.109375,0.04935515873015873,0.1746031746031746,0.1111111111111111,0.3076923076923077,0.5961538461538461,0.3269230769230769,0.4230769230769231,0.21875,0.0,0.07142857142857142,0.5714285714285714,0.56356055868251,0.4090710137619442,0.38098290598290596,0.4734865122792753,NaN,NaN,NaN,NaN,3.826923076923077,5.411393767207367,2.347621615756381,1.1151392423945832,5.35,0.23076923076923078,0.3880206477204013,4.0,10.0,1.8716707021791767,1.014696074846778,0.109375,0.0
190,1,67.0,266.0,3.970149253731343,0.060153776571687016,0.16666666666666666,0.045454545454545456,0.2545454545454545,0.6181818181818182,0.16363636363636364,0.4,0.208955223880597,0.0,0.07142857142857142,0.5714285714285714,0.481738732856677,0.3842587329391451,0.3132346767908265,0.42989345003139556,NaN,NaN,NaN,NaN,4.836363636363636,6.181704296831742,2.2948511709241908,1.0086731613219988,5.088235294117647,0.2545454545454545,0.36275471419878574,7.0,9.0,2.4302325581395348,1.4741114622125984,0.04477611940298507,0.0
191,1,66.0,201.0,3.0454545454545454,0.04685314685314685,0.16923076923076924,0.1076923076923077,0.24074074074074073,0.6481481481481481,0.3148148148148148,0.42592592592592593,0.18181818181818182,0.0,0.08333333333333333,0.6666666666666666,0.4990553621038436,0.4258119130113112,0.3700059653491026,0.4687082045624927,NaN,NaN,NaN,NaN,3.7222222222222223,4.001964926188167,2.1908540012635895,0.8541239371448126,4.537313432835822,0.24074074074074073,0.35327521199248435,4.0,7.0,1.6713615023474178,0.7062587599933784,0.030303030303030304,0.0
192,1,68.0,218.0,3.2058823529411766,0.04784899034240562,0.16417910447761194,0.16417910447761194,0.2857142857142857,0.625,0.25,0.39285714285714285,0.20588235294117646,0.0,0.07142857142857142,0.6428571428571429,0.5155016052524405,0.4334084542040761,0.3514041033079898,0.4592992082367777,NaN,NaN,NaN,NaN,3.892857142857143,5.051295320567232,2.248862554241686,0.9163836634349711,4.727272727272727,0.21428571428571427,0.29976532484978335,5.0,9.0,1.9698681732580037,0.9976556395078172,0.0,0.0
193,1,68.0,223.0,3.2794117647058822,0.048946444249341525,0.16417910447761194,0.16417910447761194,0.2857142857142857,0.6071428571428571,0.19642857142857142,0.42857142857142855,0.20588235294117646,0.0,0.07142857142857142,0.5714285714285714,0.5287890191611082,0.383256674032019,0.33921671738870984,0.43773639891332516,NaN,NaN,NaN,NaN,3.982142857142857,4.63775443870913,2.2788726023012926,0.9640418717629802,4.818181818181818,0.25,0.329087686047954,4.0,9.0,1.8775862068965516,0.8397596299411232,0.0,0.0
194,1,67.0,186.0,2.7761194029850746,0.04206241519674356,0.16666666666666666,0.21212121212121213,0.2545454545454545,0.6545454545454545,0.23636363636363636,0.41818181818181815,0.208955223880597,0.0,0.14285714285714285,0.5714285714285714,0.5106860269360269,0.4219064870557047,0.3602466977466977,0.46052496639263807,NaN,NaN,NaN,NaN,3.381818181818182,3.5667752272726014,2.272858401808312,1.0316761883422865,5.333333333333334,0.21818181818181817,0.3298611961470266,5.0,8.0,2.19811320754717,1.1205235351526095,0.0,0.0
195,1,68.0,237.0,3.485294117647059,0.05201931518876207,0.16417910447761194,0.05970149253731343,0.25,0.6071428571428571,0.19642857142857142,0.42857142857142855,0.20588235294117646,0.0,0.0,0.6428571428571429,0.49044650350407404,0.3905446661192413,0.3327728818800248,0.4367692300954286,NaN,NaN,NaN,NaN,4.232142857142857,4.793901699711155,2.254117647948967,0.9071024037502133,4.75,0.25,0.35429375433341237,4.0,8.0,1.9297971918876755,0.8766420963281436,0.029411764705882353,0.0
196,1,68.0,270.0,3.9705882352941178,0.05926251097453907,0.16417910447761194,0.13432835820895522,0.23214285714285715,0.6428571428571429,0.23214285714285715,0.4107142857142857,0.20588235294117646,0.0,0.0,0.5714285714285714,0.496694425859243,0.4110725802031735,0.35162513968904946,0.45097697534044273,NaN,NaN,NaN,NaN,4.821428571428571,6.60607748518436,2.241776606272206,0.931806553202638,4.548387096774194,0.26785714285714285,0.39901043903395267,4.0,10.0,1.7147766323024054,0.7589431470481102,0.07352941176470588,0.0
197,1,67.0,294.0,4.388059701492537,0.06648575305291723,0.15151515151515152,0.045454545454545456,0.26785714285714285,0.6428571428571429,0.25,0.39285714285714285,0.208955223880597,0.0,0.07142857142857142,0.5714285714285714,0.5115379298145543,0.4002083671509865,0.33565296310832027,0.455654259584934,NaN,NaN,NaN,NaN,5.25,6.48144203932203,2.3227044453493657,1.0207954989646157,4.9,0.25,0.36076409003742954,5.0,11.0,2.015990159901599,0.9382355097864469,0.04477611940298507,0.0
198,1,67.0,245.0,3.656716417910448,0.05540479421076436,0.16666666666666666,0.09090909090909091,0.2727272727272727,0.6181818181818182,0.23636363636363636,0.41818181818181815,0.208955223880597,0.0,0.07142857142857142,0.7142857142857143,0.5716513347731734,0.4098445999229147,0.3462235717498876,0.45237565325206686,NaN,NaN,NaN,NaN,4.454545454545454,5.408560367835904,2.274076873926292,0.951410973503831,4.589743589743589,0.23636363636363636,0.3470821498552134,4.0,10.0,1.803163444639719,0.8070489471948991,0.04477611940298507,0.0
199,1,68.0,217.0,3.1911764705882355,0.04762949956101844,0.16417910447761194,0.13432835820895522,0.23214285714285715,0.6607142857142857,0.2857142857142857,0.4107142857142857,0.20588235294117646,0.0,0.14285714285714285,0.5714285714285714,0.5300542308308185,0.4294075801593792,0.35886646325196747,0.46612503871578403,NaN,NaN,NaN,NaN,3.875,4.600642247655113,2.2234380094648154,0.9322234641121533,5.0,0.16071428571428573,0.4080421204138172,4.0,8.0,1.5398936170212767,0.7181487232130143,0.029411764705882353,0.0
2,1,68.0,206.0,3.0294117647058822,0.04521510096575944,0.16417910447761194,0.14925373134328357,0.2857142857142857,0.625,0.23214285714285715,0.39285714285714285,0.20588235294117646,0.0,0.0,0.5714285714285714,0.5176854249290809,0.3973532760924203,0.33214285714285713,0.44452456889590736,NaN,NaN,NaN,NaN,3.6785714285714284,4.032175784665341,2.3310318579000207,1.0645616721423279,5.0,0.21428571428571427,0.4197812048585631,6.0,9.0,2.1883830455259026,1.0635425218639465,0.07352941176470588,0.0
20,1,66.0,264.0,4.0,0.06153846153846154,0.15384615384615385,0.16923076923076924,0.2545454545454545,0.6181818181818182,0.16363636363636364,0.41818181818181815,0.21212121212121213,0.0,0.0,0.7142857142857143,0.501074364844165,0.40013656323027186,0.3419979010888102,0.4347039565721225,NaN,NaN,NaN,NaN,4.8,7.21469693416514,2.2265697255088934,0.8332762642594054,4.315789473684211,0.2545454545454545,0.28765497514150123,5.0,7.0,1.8541666666666667,0.919120562655222,0.0,0.0
200,1,68.0,279.0,4.102941176470588,0.061237928007023705,0.16417910447761194,0.04477611940298507,0.25,0.6428571428571429,0.25,0.44642857142857145,0.20588235294117646,0.0,0.14285714285714285,0.5714285714285714,0.5586551568101327,0.40924492045808014,0.36398046398046396,0.4574425017081677,NaN,NaN,NaN,NaN,4.982142857142857,6.09766295448457,2.2224116625650536,0.8904061955211449,4.653846153846153,0.21428571428571427,0.34851280334240065,4.0,9.0,1.931564245810056,0.8925853453109716,0.058823529411764705,0.0
201,1,68.0,285.0,4.1911764705882355,0.06255487269534679,0.16417910447761194,0.014925373134328358,0.23214285714285715,0.625,0.17857142857142858,0.44642857142857145,0.20588235294117646,0.0,0.0,0.6428571428571429,0.5158182179262633,0.3845863460007317,0.34147405174190887,0.43691250563175577,NaN,NaN,NaN,NaN,5.089285714285714,7.022759845257122,2.2774277389869773,0.9751056041809215,5.1,0.30357142857142855,0.38164606516770155,5.0,9.0,1.849645390070922,0.8611422212442852,0.04411764705882353,0.0
202,1,67.0,259.0,3.8656716417910446,0.05857078245137946,0.16666666666666666,0.13636363636363635,0.2545454545454545,0.6181818181818182,0.18181818181818182,0.41818181818181815,0.208955223880597,0.0,0.07142857142857142,0.7142857142857143,0.4851649024496913,0.39309530539070564,0.32643918173329933,0.43249077963619753,NaN,NaN,NaN,NaN,4.709090909090909,5.54667977853928,2.3193962281803002,1.0649617971981706,5.583333333333334,0.2727272727272727,0.3935846708433055,6.0,10.0,1.985553772070626,1.0477889627822738,0.07462686567164178,0.0
203,1,66.0,268.0,4.0606060606060606,0.06247086247086247,0.15384615384615385,0.1076923076923077,0.2727272727272727,0.6181818181818182,0.2727272727272727,0.38181818181818183,0.21212121212121213,0.0,0.0,0.5714285714285714,0.4678171944195755,0.4230541861999586,0.3445238095238095,0.4619843928522943,NaN,NaN,NaN,NaN,4.872727272727273,6.277692857206985,2.265834280120519,0.9083229887413408,5.0,0.21818181818181817,0.4042157713876938,4.0,11.0,1.7350877192982457,0.826832784031175,0.09090909090909091,0.0
204,1,67.0,345.0,5.149253731343284,0.0780189959294437,0.16666666666666666,0.045454545454545456,0.21818181818181817,0.6363636363636364,0.21818181818181817,0.41818181818181815,0.208955223880597,0.0,0.07142857142857142,0.5714285714285714,0.5154217279768529,0.4007923512913984,0.35124098124098124,0.4570501036680366,NaN,NaN,NaN,NaN,6.2727272727272725,8.327674846568419,2.246743801619683,0.9161949585189999,4.354166666666666,0.2909090909090909,0.37896864513611594,4.0,11.0,1.7956371986222732,0.7517209537865747,0.1044776119402985,0.0
205,1,68.0,301.0,4.426470588235294,0.0660667251975417,0.16417910447761194,0.014925373134328358,0.23214285714285715,0.625,0.17857142857142858,0.44642857142857145,0.20588235294117646,0.0,0.07142857142857142,0.6428571428571429,0.4848595520846068,0.37766325513808763,0.3264681719209583,0.4239725920326119,NaN,NaN,NaN,NaN,5.375,8.531359265034553,2.3082539130712996,1.035464332518484,5.8,0.2857142857142857,0.4599569007234889,5.0,10.0,1.7949438202247192,0.8234107974908302,0.058823529411764705,0.0
206,1,68.0,290.0,4.264705882352941,0.0636523266022827,0.16417910447761194,0.05970149253731343,0.26785714285714285,0.6071428571428571,0.16071428571428573,0.4107142857142857,0.20588235294117646,0.0,0.0,0.5714285714285714,0.5067283500405481,0.38423470912882096,0.32960126628604886,0.4316359184708825,NaN,NaN,NaN,NaN,5.178571428571429,5.66362281376712,2.255763166213169,0.913075150704561,4.5,0.25,0.3965275293058166,5.0,10.0,1.7235649546827794,0.7445336717446001,0.058823529411764705,0.0
207,1,65.0,205.0,3.1538461538461537,0.04927884615384615,0.15625,0.15625,0.2777777777777778,0.6481481481481481,0.3333333333333333,0.4074074074074074,0.2153846153846154,0.0,0.07142857142857142,0.6428571428571429,0.5673296160598084,0.42153559560069204,0.37006974506974505,0.47908197097514904,NaN,NaN,NaN,NaN,3.7962962962962963,3.8430512132332026,2.3361927925266914,1.0772588735250295,5.0588235294117645,0.2222222222222222,0.5776025040522403,4.0,11.0,1.740909090909091,0.793572752690252,0.12307692307692308,0.0
208,1,66.0,235.0,3.5606060606060606,0.054778554778554776,0.16923076923076924,0.03076923076923077,0.24074074074074073,0.6296296296296297,0.2037037037037037,0.4074074074074074,0.21212121212121213,0.0,0.07142857142857142,0.6428571428571429,0.5037728377212022,0.4132034880166597,0.3366786505675395,0.4462285539517352,NaN,NaN,NaN,NaN,4.351851851851852,6.28312326915316,2.2562276669624977,0.9577438670288198,4.7431192660550465,0.2222222222222222,0.41674381760263235,5.0,10.0,2.152080344332855,0.9543303329246696,0.030303030303030304,0.0
209,1,67.0,189.0,2.8208955223880596,0.042740841248303935,0.16666666666666666,0.15151515151515152,0.2727272727272727,0.6181818181818182,0.23636363636363636,0.41818181818181815,0.208955223880597,0.0,0.07142857142857142,0.5714285714285714,0.4891227753727754,0.4144200509718262,0.34221840251252017,0.4552644692179514,NaN,NaN,NaN,NaN,3.4363636363636365,3.5888904525124024,2.382703708571096,1.2058142301525556,5.666666666666666,0.2545454545454545,0.4803061234791205,5.0,10.0,2.2683823529411766,1.185250186479583,0.1044776119402985,0.0
21,1,67.0,289.0,4.313432835820896,0.06535504296698326,0.16666666666666666,0.06060606060606061,0.2545454545454545,0.6363636363636364,0.18181818181818182,0.43636363636363634,0.208955223880597,0.0,0.0,0.5714285714285714,0.5228154802194414,0.38300788757368304,0.33672846477194307,0.4323132991372418,NaN,NaN,NaN,NaN,5.254545454545455,6.63943934998693,2.270222852589323,0.9855362661169536,5.0285714285714285,0.23636363636363636,0.37181989221499384,6.0,11.0,2.1622971285892634,1.142859009941403,0.04477611940298507,0.0
210,1,68.0,293.0,4.3088235294117645,0.06431079894644424,0.16417910447761194,0.029850746268656716,0.23214285714285715,0.6071428571428571,0.25,0.42857142857142855,0.20588235294117646,0.0,0.07142857142857142,0.5714285714285714,0.5215015169978094,0.3999479135415589,0.34988247445954207,0.45727208425234506,NaN,NaN,NaN,NaN,5.232142857142857,7.050444399735824,2.355132694908328,1.1062749640371763,5.304347826086957,0.30357142857142855,0.45901917484783944,5.0,12.0,2.020408163265306,1.0193588554711965,0.11764705882352941,0.0
211,1,67.0,244.0,3.6417910447761193,0.055178652193577565,0.15151515151515152,0.19696969696969696,0.26785714285714285,0.625,0.17857142857142858,0.39285714285714285,0.208955223880597,0.0,0.0,0.5714285714285714,0.5331519453631255,0.39511218841979356,0.31835101794340925,0.4304467503251976,NaN,NaN,NaN,NaN,4.357142857142857,6.1774621780338705,2.287525369727219,0.9509359681193531,5.0,0.19642857142857142,0.2954841930752193,4.0,7.0,1.625,0.7438709223007618,0.0,0.0
212,1,65.0,255.0,3.923076923076923,0.06129807692307692,0.15625,0.03125,0.2962962962962963,0.6296296296296297,0.2037037037037037,0.4444444444444444,0.2153846153846154,0.0,0.0,0.6428571428571429,0.5445863056405609,0.3835957893167853,0.3587134573245684,0.4455090777804745,NaN,NaN,NaN,NaN,4.722222222222222,7.504505983933458,2.273427861938715,0.9246278536530542,4.647058823529411,0.2037037037037037,0.408689724625942,4.0,8.0,1.903137789904502,0.7824254561145003,0.0,0.0
213,1,67.0,271.0,4.044776119402985,0.061284486657620985,0.16666666666666666,0.07575757575757576,0.21818181818181817,0.6181818181818182,0.23636363636363636,0.43636363636363634,0.208955223880597,0.0,0.07142857142857142,0.6428571428571429,0.47917602059085135,0.4042018893989551,0.3473426573426574,0.45037361262016046,NaN,NaN,NaN,NaN,4.927272727272728,5.956181182275626,2.3018798730321817,1.0154222429976079,5.103448275862069,0.2909090909090909,0.38039812274489443,6.0,11.0,1.9287974683544304,1.0100884821639322,0.0,0.0
214,1,67.0,312.0,4.656716417910448,0.07055630936227951,0.15151515151515152,0.10606060606060606,0.23214285714285715,0.6428571428571429,0.19642857142857142,0.39285714285714285,0.208955223880597,0.0,0.07142857142857142,0.6428571428571429,0.49117627174233064,0.3964242679707522,0.32568612589963525,0.4368835910639327,NaN,NaN,NaN,NaN,5.571428571428571,8.12148025660603,2.3089066371691263,1.0202604837529547,4.911764705882353,0.26785714285714285,0.3897966566377434,5.0,10.0,1.950904392764858,0.9771876422319019,0.08955223880597014,0.0
215,1,66.0,289.0,4.378787878787879,0.06736596736596737,0.16923076923076924,0.06153846153846154,0.2777777777777778,0.6111111111111112,0.16666666666666666,0.4074074074074074,0.21212121212121213,0.0,0.0,0.6428571428571429,0.4595867704215301,0.38564078477129593,0.3260288065843622,0.4327814230773001,NaN,NaN,NaN,NaN,5.351851851851852,7.371944285171706,2.2522929875812343,0.9208124973291296,4.803921568627451,0.2962962962962963,0.33463403145772214,5.0,10.0,1.9473684210526316,0.9405797990466138,0.0,0.0
216,1,64.0,254.0,3.96875,0.06299603174603174,0.15873015873015872,0.031746031746031744,0.2830188679245283,0.6226415094339622,0.22641509433962265,0.4528301886792453,0.203125,0.0,0.0,0.6923076923076923,0.5198834637366477,0.38778628163556167,0.3576819407008086,0.4473599756395902,NaN,NaN,NaN,NaN,4.7924528301886795,5.212258076164294,2.2996086487801604,0.9900842302980761,4.909090909090909,0.24528301886792453,0.3477741648711202,6.0,10.0,2.0938833570412516,1.0806532914087612,0.046875,0.0
217,1,68.0,287.0,4.220588235294118,0.06299385425812117,0.16417910447761194,0.08955223880597014,0.23214285714285715,0.6071428571428571,0.2857142857142857,0.44642857142857145,0.20588235294117646,0.0,0.07142857142857142,0.7142857142857143,0.5510568153915826,0.4048608923656447,0.3652236283957019,0.4618660480308281,NaN,NaN,NaN,NaN,5.125,5.9515085940839025,2.243382922107347,0.8768592868088643,4.25,0.30357142857142855,0.42773700318963187,5.0,12.0,1.8729763387297633,0.7935553905012309,0.07352941176470588,0.0
218,1,66.0,223.0,3.378787878787879,0.05198135198135198,0.16923076923076924,0.12307692307692308,0.2222222222222222,0.6111111111111112,0.25925925925925924,0.48148148148148145,0.21212121212121213,0.0,0.07142857142857142,0.5714285714285714,0.5776468812042067,0.3946050971622167,0.37693950324669273,0.4575549519733452,NaN,NaN,NaN,NaN,4.12962962962963,4.2870859007739694,2.2535111876262426,0.9270272934154506,4.735294117647059,0.2777777777777778,0.41516546886953726,6.0,10.0,2.029850746268657,1.0450505770455938,0.045454545454545456,0.0
219,1,68.0,244.0,3.588235294117647,0.053555750658472345,0.16417910447761194,0.14925373134328357,0.25,0.6428571428571429,0.25,0.42857142857142855,0.20588235294117646,0.0,0.07142857142857142,0.5714285714285714,0.4728981092771531,0.4139388645260918,0.352125104427736,0.4590910538889258,NaN,NaN,NaN,NaN,4.357142857142857,4.184076183160807,2.288510081477126,1.0311794587565997,5.4,0.21428571428571427,0.43945899186194703,4.0,9.0,1.7352941176470589,0.842468897110121,0.029411764705882353,0.0
22,1,65.0,247.0,3.8,0.059375,0.15625,0.0625,0.2777777777777778,0.5925925925925926,0.24074074074074073,0.4444444444444444,0.2153846153846154,0.0,0.07142857142857142,0.5714285714285714,0.5815005066067316,0.39891699382291057,0.36678357650579874,0.45262877484900516,NaN,NaN,NaN,NaN,4.574074074074074,4.7567304922122275,2.314160268977817,0.9672498757691456,4.636363636363637,0.2962962962962963,0.4202918698319114,4.0,11.0,1.9110429447852761,0.8540501598690019,0.1076923076923077,0.0
220,1,67.0,242.0,3.611940298507463,0.05472636815920398,0.16666666666666666,0.10606060606060606,0.2727272727272727,0.6363636363636364,0.2545454545454545,0.41818181818181815,0.19402985074626866,0.0,0.07692307692307693,0.6153846153846154,0.5473156572087053,0.4076838214565031,0.3628787878787879,0.4617116929074919,NaN,NaN,NaN,NaN,4.4,4.927624324304916,2.246515353828575,0.9453513704161355,4.75,0.23636363636363636,0.37638213510154755,4.0,9.0,1.6973180076628354,0.7385417041528465,0.04477611940298507,0.0
221,1,65.0,228.0,3.5076923076923077,0.05480769230769231,0.171875,0.0625,0.2830188679245283,0.6037735849056604,0.18867924528301888,0.41509433962264153,0.2153846153846154,0.0,0.07142857142857142,0.5714285714285714,0.53261338187947,0.39640242511316104,0.3376135569531796,0.43342548339049736,NaN,NaN,NaN,NaN,4.30188679245283,4.88948992801584,2.3003477328196773,1.007110559945753,4.826086956521739,0.24528301886792453,0.4535786430995559,4.0,10.0,1.7629482071713147,0.7876172873446371,0.07692307692307693,0.0
222,1,63.0,220.0,3.492063492063492,0.05632360471070148,0.16129032258064516,0.11290322580645161,0.28846153846153844,0.5961538461538461,0.25,0.4230769230769231,0.2222222222222222,0.0,0.0,0.5714285714285714,0.5915397807947171,0.4022560509401265,0.3573794261294261,0.4567222068611963,NaN,NaN,NaN,NaN,4.230769230769231,5.012202304945537,2.4080149040486827,1.200604028712352,5.875,0.2692307692307692,0.46567562888805686,6.0,9.0,1.8485523385300668,1.0975841562064648,0.031746031746031744,0.0
223,1,68.0,235.0,3.4558823529411766,0.051580333625987705,0.16417910447761194,0.08955223880597014,0.2857142857142857,0.625,0.25,0.42857142857142855,0.20588235294117646,0.0,0.07142857142857142,0.5714285714285714,0.5613716053092712,0.39302129437399375,0.35315688775510207,0.45258535083369134,NaN,NaN,NaN,NaN,4.196428571428571,4.481962406467396,2.3509802444520074,1.1197788474780481,5.416666666666666,0.25,0.5539311015080216,5.0,12.0,2.0404191616766467,0.9991815861148966,0.11764705882352941,0.0
224,1,67.0,229.0,3.417910447761194,0.05178652193577567,0.16666666666666666,0.07575757575757576,0.2545454545454545,0.6363636363636364,0.23636363636363636,0.43636363636363634,0.208955223880597,0.0,0.07142857142857142,0.5714285714285714,0.5047981072796387,0.39866743896008344,0.35425751016660106,0.45116984607058674,NaN,NaN,NaN,NaN,4.163636363636364,4.821877751509783,2.293194334042675,1.0138981676374192,5.111111111111111,0.2545454545454545,0.40032439417387505,5.0,10.0,1.817325800376648,0.8414728805779655,0.04477611940298507,0.0
225,1,67.0,248.0,3.701492537313433,0.05608322026232474,0.16666666666666666,0.12121212121212122,0.2909090909090909,0.6,0.2,0.41818181818181815,0.208955223880597,0.0,0.0,0.5714285714285714,0.5185874381792482,0.40255171569242093,0.33491851285968927,0.44207576418761296,NaN,NaN,NaN,NaN,4.509090909090909,5.227678215864049,2.2834129932144944,0.9766704975350349,5.214285714285714,0.21818181818181817,0.34937135999383717,5.0,9.0,1.8444846292947559,0.9636751043468701,0.04477611940298507,0.0
226,1,65.0,232.0,3.5692307692307694,0.05576923076923077,0.15625,0.140625,0.2777777777777778,0.6296296296296297,0.2777777777777778,0.42592592592592593,0.2,0.0,0.07692307692307693,0.5384615384615384,0.5364293874290633,0.41335870241864425,0.37909318048206936,0.46772706168276396,NaN,NaN,NaN,NaN,4.296296296296297,4.114537639398108,2.258604403460062,0.9179522437602851,4.484848484848484,0.2037037037037037,0.35969015841005225,4.0,7.0,1.6588486140724947,0.730027189301057,0.07692307692307693,0.0
227,1,67.0,253.0,3.7761194029850746,0.05721393034825871,0.16666666666666666,0.07575757575757576,0.2909090909090909,0.6181818181818182,0.2545454545454545,0.4,0.208955223880597,0.0,0.0,0.5714285714285714,0.5028062488256648,0.4151317454117395,0.3544733044733045,0.46355266332608486,NaN,NaN,NaN,NaN,4.6,6.04489377414862,2.396634715367145,1.2246401934480984,5.7,0.2,0.43946455420134944,6.0,11.0,1.9338374291115312,1.1135225212535358,0.08955223880597014,0.0
228,1,67.0,265.0,3.955223880597015,0.059927634554500224,0.15151515151515152,0.07575757575757576,0.2857142857142857,0.6428571428571429,0.30357142857142855,0.39285714285714285,0.208955223880597,0.0,0.07142857142857142,0.6428571428571429,0.5260720208169536,0.41942768133328207,0.35560064935064933,0.4701269399300101,NaN,NaN,NaN,NaN,4.732142857142857,5.168052460430934,2.368819500099506,1.1061436628124846,4.9523809523809526,0.25,0.49787764357706715,5.0,12.0,2.148194271481943,1.0278933263676167,0.08955223880597014,0.0
229,1,66.0,228.0,3.4545454545454546,0.05314685314685315,0.15384615384615385,0.1076923076923077,0.2909090909090909,0.6,0.23636363636363636,0.43636363636363634,0.21212121212121213,0.0,0.0,0.7142857142857143,0.48659420522792385,0.41453320285031653,0.3560644410644411,0.4508144569904171,NaN,NaN,NaN,NaN,4.1454545454545455,6.096198517407086,2.288321097004155,0.9162103492469169,4.764705882352941,0.21818181818181817,0.4772602895013757,5.0,12.0,2.014903129657228,0.9009538632674035,0.10606060606060606,0.0
23,1,67.0,272.0,4.059701492537314,0.06151062867480778,0.16666666666666666,0.12121212121212122,0.2545454545454545,0.6181818181818182,0.16363636363636364,0.4,0.208955223880597,0.0,0.0,0.5714285714285714,0.4697432709202874,0.3875927100492353,0.3326839826839827,0.43049025534252894,NaN,NaN,NaN,NaN,4.945454545454545,7.341960031515909,2.2570827388684265,0.9576608710786452,4.9523809523809526,0.2727272727272727,0.3843234613378194,4.0,10.0,1.8270944741532977,0.9488980112222561,0.029850746268656716,0.0
230,1,67.0,290.0,4.3283582089552235,0.06558118498417007,0.16666666666666666,0.07575757575757576,0.23636363636363636,0.6363636363636364,0.21818181818181817,0.4,0.208955223880597,0.0,0.0,0.5714285714285714,0.47792852562223065,0.3905296048053973,0.326439393939394,0.4481169770652042,NaN,NaN,NaN,NaN,5.2727272727272725,6.392862181268017,2.321626822780088,1.059306598991597,5.090909090909091,0.2909090909090909,0.3471876811959135,5.0,10.0,2.067331670822943,0.9857689570450116,0.0,0.0
231,1,68.0,308.0,4.529411764705882,0.06760316066725197,0.16417910447761194,0.08955223880597014,0.17857142857142858,0.625,0.23214285714285715,0.44642857142857145,0.20588235294117646,0.0,0.07142857142857142,0.5714285714285714,0.5267555434002215,0.38451153694451057,0.35476601931095025,0.44409539177518814,NaN,NaN,NaN,NaN,5.5,7.009085013557242,2.28358501145856,0.9898728960607759,4.7,0.35714285714285715,0.43295055145076583,5.0,10.0,1.9498806682577565,0.929983098770401,0.07352941176470588,0.0
232,1,67.0,232.0,3.462686567164179,0.052464947987336044,0.16666666666666666,0.10606060606060606,0.3090909090909091,0.6,0.21818181818181817,0.41818181818181815,0.208955223880597,0.0,0.0,0.5714285714285714,0.4370899836878097,0.4040113773515649,0.3464646464646464,0.44320024358882826,NaN,NaN,NaN,NaN,4.218181818181818,5.817250556784026,2.259355336514451,0.9178593876505924,5.0,0.18181818181818182,0.33254709675381594,4.0,8.0,1.6399132321041214,0.734588906818081,0.029850746268656716,0.0
233,1,65.0,252.0,3.876923076923077,0.06057692307692308,0.15625,0.0,0.2777777777777778,0.6296296296296297,0.24074074074074073,0.42592592592592593,0.2153846153846154,0.0,0.07142857142857142,0.5714285714285714,0.569208686340929,0.3986672507737321,0.34906863729131116,0.44981281248822985,NaN,NaN,NaN,NaN,4.666666666666667,7.3072721596430465,2.288617553998464,0.9546804661637636,4.772727272727273,0.24074074074074073,0.44246043727522527,4.0,10.0,1.8616010854816825,0.7371022423320892,0.06153846153846154,0.0
234,1,66.0,262.0,3.9696969696969697,0.061072261072261075,0.15384615384615385,0.07692307692307693,0.2727272727272727,0.6181818181818182,0.2727272727272727,0.45454545454545453,0.21212121212121213,0.0,0.07142857142857142,0.6428571428571429,0.5338956325572043,0.40508003799756415,0.36967729240456515,0.45858467003168946,NaN,NaN,NaN,NaN,4.763636363636364,5.520881694089693,2.2899632652079043,0.9337711213917538,4.454545454545455,0.2727272727272727,0.39783386123937553,6.0,11.0,1.8573667711598747,0.8930398724448824,0.045454545454545456,0.0
235,1,68.0,290.0,4.264705882352941,0.0636523266022827,0.16417910447761194,0.08955223880597014,0.26785714285714285,0.6607142857142857,0.23214285714285715,0.39285714285714285,0.20588235294117646,0.0,0.07142857142857142,0.6428571428571429,0.5085850988450864,0.4103637405700735,0.3438379329004329,0.4586387690421335,NaN,NaN,NaN,NaN,5.178571428571429,6.211740036874877,2.279670784909738,1.0133066915760855,5.076923076923077,0.19642857142857142,0.4277739520785853,5.0,12.0,1.859304084720121,0.9373683987462662,0.04411764705882353,0.0
236,1,67.0,266.0,3.970149253731343,0.060153776571687016,0.16666666666666666,0.12121212121212122,0.2727272727272727,0.6,0.23636363636363636,0.41818181818181815,0.208955223880597,0.0,0.0,0.7142857142857143,0.5190568852402428,0.3926161740627618,0.33870448672774256,0.4498864817393091,NaN,NaN,NaN,NaN,4.836363636363636,7.205357154032805,2.2667908870570295,0.9371586240067532,5.0,0.2545454545454545,0.3608533919852825,5.0,10.0,1.8271787296898079,0.790831252594034,0.05970149253731343,0.0
237,1,67.0,255.0,3.8059701492537314,0.057666214382632294,0.16666666666666666,0.09090909090909091,0.2727272727272727,0.6,0.2545454545454545,0.41818181818181815,0.208955223880597,0.0,0.07142857142857142,0.5714285714285714,0.5036789452215533,0.42426186201249105,0.36004907373328426,0.46535663830361307,NaN,NaN,NaN,NaN,4.636363636363637,4.885214413443882,2.297457017909397,0.9950393699628111,5.054054054054054,0.2545454545454545,0.42774584690001144,4.0,9.0,1.938176197836167,0.9104884613525362,0.04477611940298507,0.0
238,1,63.0,170.0,2.6984126984126986,0.04352278545826933,0.1774193548387097,0.20967741935483872,0.3137254901960784,0.6274509803921569,0.21568627450980393,0.37254901960784315,0.2222222222222222,0.0,0.14285714285714285,0.5714285714285714,0.47066853944643,0.4235475227721976,0.3343137254901961,0.45265772898277473,NaN,NaN,NaN,NaN,3.3333333333333335,3.1853832841067438,2.2547922410167307,0.9648608003880081,4.625,0.19607843137254902,0.38622798540836645,4.0,9.0,1.57,0.7395424781059414,0.047619047619047616,0.0
239,1,65.0,297.0,4.569230769230769,0.07139423076923077,0.15625,0.03125,0.24074074074074073,0.6296296296296297,0.2037037037037037,0.46296296296296297,0.2,0.0,0.07692307692307693,0.6153846153846154,0.5560222082302199,0.3891685193508461,0.37047841967432615,0.44808935631484476,NaN,NaN,NaN,NaN,5.5,6.4126937794840915,2.210355277100043,0.834895255295314,4.363636363636363,0.2222222222222222,0.37179958360079957,4.0,10.0,1.7321428571428572,0.7523294319620202,0.06153846153846154,0.0
24,1,67.0,246.0,3.671641791044776,0.05563093622795115,0.16666666666666666,0.06060606060606061,0.2727272727272727,0.6363636363636364,0.2909090909090909,0.41818181818181815,0.208955223880597,0.0,0.14285714285714285,0.5714285714285714,0.5478837606745324,0.4121318150945137,0.36863370547581076,0.47132560084260056,NaN,NaN,NaN,NaN,4.472727272727273,5.877939124401371,2.3084748070678613,1.0729742054442106,5.5,0.2,0.4874273172370014,5.0,11.0,1.7893700787401574,0.9425955587771586,0.05970149253731343,0.0
240,1,67.0,241.0,3.5970149253731343,0.05450022614201719,0.16666666666666666,0.10606060606060606,0.3090909090909091,0.6181818181818182,0.2727272727272727,0.4,0.208955223880597,0.0,0.0,0.6428571428571429,0.545893692573089,0.4194844938689711,0.35945735550998703,0.46548072560316683,NaN,NaN,NaN,NaN,4.381818181818182,4.847645129303846,2.2900599940147677,0.9920032287072634,5.046511627906977,0.2,0.41392185496481965,5.0,11.0,1.910091743119266,0.9782510799336015,0.1044776119402985,0.0
241,1,68.0,257.0,3.7794117647058822,0.056409130816505705,0.16417910447761194,0.14925373134328357,0.2857142857142857,0.625,0.14285714285714285,0.42857142857142855,0.20588235294117646,0.0,0.0,0.5714285714285714,0.45999770135051765,0.3662983052205151,0.3178393901420217,0.41667112930032374,NaN,NaN,NaN,NaN,4.589285714285714,5.280415912387225,2.257513880312309,0.9261624130352085,4.576923076923077,0.23214285714285715,0.4039813893026929,4.0,11.0,1.8035426731078905,0.7808516918777384,0.10294117647058823,0.0
242,1,67.0,261.0,3.8955223880597014,0.059023066485753055,0.15151515151515152,0.10606060606060606,0.25,0.625,0.23214285714285715,0.42857142857142855,0.208955223880597,0.0,0.07142857142857142,0.5714285714285714,0.5423346633768601,0.4070813116751332,0.34753465780251497,0.4512134495315922,NaN,NaN,NaN,NaN,4.660714285714286,4.235249421502548,2.2584107442229397,0.8841368599345742,4.382978723404255,0.23214285714285715,0.3204162697122437,5.0,9.0,1.7980132450331126,0.8555327841563027,0.07462686567164178,0.0
243,1,66.0,221.0,3.3484848484848486,0.051515151515151514,0.15384615384615385,0.03076923076923077,0.2727272727272727,0.6181818181818182,0.2545454545454545,0.41818181818181815,0.21212121212121213,0.0,0.07142857142857142,0.6428571428571429,0.49781352943998297,0.4035711772135405,0.3387244538407329,0.4462019317849142,NaN,NaN,NaN,NaN,4.0181818181818185,6.044559565154468,2.3060412279292017,0.9934992033089204,4.756756756756756,0.2727272727272727,0.4804663659400107,4.0,11.0,1.842911877394636,0.8417133312184067,0.09090909090909091,0.0
244,1,68.0,262.0,3.8529411764705883,0.05750658472344162,0.16417910447761194,0.08955223880597014,0.2857142857142857,0.6071428571428571,0.19642857142857142,0.39285714285714285,0.20588235294117646,0.0,0.0,0.6428571428571429,0.51342621662011,0.39627417871851695,0.3348323303680446,0.44819524821845097,NaN,NaN,NaN,NaN,4.678571428571429,6.755757525271294,2.343520365949193,1.076921893722834,5.3,0.26785714285714285,0.386731441159632,5.0,9.0,2.167315175097276,1.0290686385627117,0.058823529411764705,0.0
245,1,68.0,291.0,4.279411764705882,0.06387181738366988,0.16417910447761194,0.05970149253731343,0.25,0.6071428571428571,0.23214285714285715,0.42857142857142855,0.20588235294117646,0.0,0.07142857142857142,0.5714285714285714,0.5466981714274789,0.4103817485278637,0.34322439120575765,0.4492115691573079,NaN,NaN,NaN,NaN,5.196428571428571,6.2796052072118,2.2989465724815243,0.9928126892782049,5.0,0.26785714285714285,0.4586074390455741,5.0,11.0,1.891218872870249,0.8480107697901558,0.08823529411764706,0.0
246,1,67.0,292.0,4.358208955223881,0.06603346901854365,0.16666666666666666,0.07575757575757576,0.2545454545454545,0.6,0.2,0.41818181818181815,0.208955223880597,0.0,0.0,0.5714285714285714,0.5018654775220817,0.39403196221545905,0.34527050727050723,0.44652861046195513,NaN,NaN,NaN,NaN,5.3090909090909095,6.508890578712824,2.3401944352629314,1.0946528363909462,5.666666666666666,0.2909090909090909,0.35632895237411605,6.0,9.0,2.12242090784044,1.1969339499085996,0.029850746268656716,0.0
247,1,68.0,274.0,4.029411764705882,0.0601404741000878,0.16417910447761194,0.08955223880597014,0.23214285714285715,0.6428571428571429,0.25,0.42857142857142855,0.20588235294117646,0.0,0.07142857142857142,0.5714285714285714,0.5213620419370157,0.40122773434140363,0.34971909218232744,0.4463901380146757,NaN,NaN,NaN,NaN,4.892857142857143,5.726107900512502,2.2093465240040318,0.8491852671436629,4.1684210526315795,0.25,0.355256533178462,4.0,9.0,1.7893982808022924,0.7422884728118507,0.058823529411764705,0.0
248,1,68.0,286.0,4.205882352941177,0.06277436347673397,0.16417910447761194,0.1044776119402985,0.26785714285714285,0.625,0.26785714285714285,0.4107142857142857,0.20588235294117646,0.0,0.0,0.6428571428571429,0.53161087662232,0.41847353405530124,0.352721552356501,0.4552605546415212,NaN,NaN,NaN,NaN,5.107142857142857,7.660236339645192,2.229642360752943,0.8613375978473936,4.214285714285714,0.23214285714285715,0.32700568739996855,4.0,9.0,1.7132132132132132,0.6982510091399782,0.058823529411764705,0.0
249,1,68.0,267.0,3.926470588235294,0.058604038630377525,0.16417910447761194,0.16417910447761194,0.2857142857142857,0.625,0.17857142857142858,0.4107142857142857,0.20588235294117646,0.0,0.0,0.6428571428571429,0.487594245137028,0.3967905017650447,0.33217893217893213,0.4409987735016032,NaN,NaN,NaN,NaN,4.767857142857143,5.608406260179516,2.2795843494637986,0.9655831984245521,4.888888888888889,0.19642857142857142,0.28923265903178286,4.0,7.0,1.6893203883495145,0.8325705145770173,0.029411764705882353,0.0
25,1,68.0,271.0,3.985294117647059,0.05948200175592625,0.16417910447761194,0.05970149253731343,0.23214285714285715,0.625,0.26785714285714285,0.42857142857142855,0.20588235294117646,0.0,0.07142857142857142,0.6428571428571429,0.5290168579962431,0.4187637793458281,0.3530503101623791,0.4561623410285591,NaN,NaN,NaN,NaN,4.839285714285714,6.54155051321039,2.2700191821512066,0.9503897600752244,4.75,0.26785714285714285,0.48154853870528347,5.0,11.0,1.965612104539202,0.9301650543818675,0.07352941176470588,0.0
250,1,68.0,228.0,3.3529411764705883,0.05004389815627744,0.16417910447761194,0.029850746268656716,0.26785714285714285,0.625,0.26785714285714285,0.39285714285714285,0.20588235294117646,0.0,0.0,0.5714285714285714,0.5195724424371579,0.4130360529106018,0.3436110481895365,0.4608395420203941,NaN,NaN,NaN,NaN,4.071428571428571,6.569508471601323,2.296027836069396,1.0107650725158477,5.285714285714286,0.25,0.40279087045651596,5.0,9.0,1.862135922330097,0.9159329517768515,0.08823529411764706,0.0
251,1,64.0,204.0,3.1875,0.050595238095238096,0.15873015873015872,0.07936507936507936,0.3018867924528302,0.6037735849056604,0.2641509433962264,0.37735849056603776,0.21875,0.0,0.07142857142857142,0.5714285714285714,0.5636365347697413,0.43130021993569934,0.3414263933131858,0.46454635155797513,NaN,NaN,NaN,NaN,3.849056603773585,5.482125592866801,2.4438012429422207,1.268646388118267,5.545454545454545,0.24528301886792453,0.5643170426444036,6.0,12.0,2.3799705449189985,1.1799502510704951,0.109375,0.0
252,1,65.0,218.0,3.353846153846154,0.052403846153846155,0.171875,0.171875,0.24528301886792453,0.5849056603773585,0.22641509433962265,0.4716981132075472,0.2153846153846154,0.0,0.07142857142857142,0.5714285714285714,0.5231076841303318,0.39821423467319633,0.37092760488986914,0.4482204440340079,NaN,NaN,NaN,NaN,4.113207547169812,4.079311675339031,2.3264715009780046,1.0694973571989288,4.916666666666666,0.3018867924528302,0.5302311701973349,4.0,11.0,1.922365988909427,0.9136205666895529,0.1076923076923077,0.0
253,1,66.0,290.0,4.393939393939394,0.0675990675990676,0.15384615384615385,0.12307692307692308,0.2727272727272727,0.6,0.21818181818181817,0.4,0.21212121212121213,0.0,0.0,0.6428571428571429,0.48388192145023984,0.41479633157298923,0.34746029512283383,0.45512960577137884,NaN,NaN,NaN,NaN,5.2727272727272725,6.216628076897043,2.3119328235053453,0.964342006823633,5.0,0.2545454545454545,0.32931727611403755,5.0,9.0,1.7512355848434926,0.8496131650444093,0.045454545454545456,0.0
254,1,66.0,237.0,3.590909090909091,0.05524475524475524,0.15384615384615385,0.06153846153846154,0.2545454545454545,0.6,0.2545454545454545,0.43636363636363634,0.21212121212121213,0.0,0.07142857142857142,0.5714285714285714,0.5602196415467551,0.4183101359839404,0.3569033596149584,0.4564094555570312,NaN,NaN,NaN,NaN,4.3090909090909095,5.7247763251557675,2.3123407525303947,1.003328545102918,4.958333333333334,0.2727272727272727,0.388803604003789,5.0,9.0,1.9224283305227656,0.9120363531495311,0.06060606060606061,0.0
255,1,67.0,283.0,4.223880597014926,0.0639981908638625,0.16666666666666666,0.10606060606060606,0.2727272727272727,0.6,0.21818181818181817,0.41818181818181815,0.208955223880597,0.0,0.0,0.5714285714285714,0.4638961874702359,0.4154602828424605,0.35588023088023085,0.45117477747745155,NaN,NaN,NaN,NaN,5.1454545454545455,6.586794257137425,2.256482571697678,0.9264565168967873,5.0,0.2545454545454545,0.37873707773412063,4.0,9.0,1.577570093457944,0.6794617294598372,0.04477611940298507,0.0
256,1,66.0,249.0,3.772727272727273,0.05804195804195804,0.16923076923076924,0.12307692307692308,0.3148148148148148,0.5925925925925926,0.16666666666666666,0.4074074074074074,0.21212121212121213,0.0,0.0,0.6428571428571429,0.466987027063912,0.3945047961761147,0.33228582117471006,0.4378611591967408,NaN,NaN,NaN,NaN,4.611111111111111,5.618086247269707,2.3525733618376146,1.1252018844178326,6.5,0.25925925925925924,0.3572157953988269,6.0,8.0,1.9732441471571907,1.0463079432708215,0.06060606060606061,0.0
257,1,67.0,229.0,3.417910447761194,0.05178652193577567,0.16666666666666666,0.15151515151515152,0.2727272727272727,0.6,0.23636363636363636,0.41818181818181815,0.208955223880597,0.0,0.0,0.5714285714285714,0.5272183155180785,0.4029736481782036,0.34892385392385394,0.45550617447573516,NaN,NaN,NaN,NaN,4.163636363636364,3.7847825729596574,2.2856911344547037,0.9730707330713944,4.925925925925926,0.2545454545454545,0.3585587844395677,4.0,10.0,1.8862068965517242,0.85825228603299,0.05970149253731343,0.0
258,1,67.0,256.0,3.8208955223880596,0.05789235639981909,0.16666666666666666,0.12121212121212122,0.2909090909090909,0.6,0.23636363636363636,0.43636363636363634,0.208955223880597,0.0,0.0,0.5714285714285714,0.5653163098479856,0.3965083999207477,0.3628066378066378,0.45421334808903674,NaN,NaN,NaN,NaN,4.654545454545454,4.591530777655191,2.2791561666088906,0.9449947522345888,4.571428571428571,0.2727272727272727,0.3736804381386137,4.0,10.0,1.7867768595041322,0.7650198184638349,0.08955223880597014,0.0
259,1,65.0,192.0,2.953846153846154,0.046153846153846156,0.15625,0.203125,0.3333333333333333,0.5925925925925926,0.2777777777777778,0.3888888888888889,0.2153846153846154,0.0,0.07142857142857142,0.5714285714285714,0.4602309436878499,0.4332522654599023,0.3478101116990006,0.46645031802976805,NaN,NaN,NaN,NaN,3.5555555555555554,3.800033101477807,2.3435457869856524,1.0404460463038223,5.4,0.24074074074074073,0.3551677378831025,5.0,11.0,1.8469135802469137,0.9755788355101387,0.06153846153846154,0.0
26,1,67.0,245.0,3.656716417910448,0.05540479421076436,0.16666666666666666,0.10606060606060606,0.23636363636363636,0.6181818181818182,0.2545454545454545,0.45454545454545453,0.208955223880597,0.0,0.07142857142857142,0.6428571428571429,0.5305755870689364,0.39881909855029946,0.3640909090909091,0.45340392804648166,NaN,NaN,NaN,NaN,4.454545454545454,4.272297420887883,2.3089612870466616,1.0289611729363934,4.774193548387097,0.2909090909090909,0.44862386940995785,5.0,11.0,1.9196141479099678,0.9168143995100373,0.029850746268656716,0.0
260,1,67.0,241.0,3.5970149253731343,0.05450022614201719,0.16666666666666666,0.10606060606060606,0.2727272727272727,0.6,0.2727272727272727,0.4,0.208955223880597,0.0,0.07142857142857142,0.6428571428571429,0.4932864823348695,0.40080673602346134,0.3529924242424242,0.4590496233028713,NaN,NaN,NaN,NaN,4.381818181818182,6.299591136323728,2.3468283521124373,1.0934463545112356,5.666666666666666,0.2909090909090909,0.4053564573268996,5.0,10.0,1.7280898876404494,0.9657407141863439,0.07462686567164178,0.0
261,1,64.0,184.0,2.875,0.04563492063492063,0.1746031746031746,0.19047619047619047,0.3076923076923077,0.5961538461538461,0.21153846153846154,0.40384615384615385,0.21875,0.0,0.0,0.6428571428571429,0.4386382064116439,0.4248407966547105,0.3302922771672771,0.4385342168519636,NaN,NaN,NaN,NaN,3.5384615384615383,4.8525778007382,2.241316344246032,0.8953075657046239,4.5625,0.19230769230769232,0.3677261107616359,4.0,8.0,1.805491990846682,0.8465618799379916,0.0625,0.0
262,1,66.0,201.0,3.0454545454545454,0.04685314685314685,0.16923076923076924,0.13846153846153847,0.2777777777777778,0.6111111111111112,0.16666666666666666,0.4444444444444444,0.21212121212121213,0.0,0.0,0.5714285714285714,0.5171318704015463,0.3913248327226387,0.3429099192988082,0.4380345844243306,NaN,NaN,NaN,NaN,3.7222222222222223,3.2355144040970516,2.290752082513446,1.0005606863391965,4.8,0.25925925925925924,0.408128567343138,4.0,9.0,1.8852459016393444,0.8966899780977549,0.06060606060606061,0.0
263,1,63.0,239.0,3.7936507936507935,0.061187916026625704,0.1774193548387097,0.0967741935483871,0.3137254901960784,0.6078431372549019,0.23529411764705882,0.43137254901960786,0.2222222222222222,0.0,0.0,0.5714285714285714,0.5411870965494923,0.4090072798277899,0.3572704496579929,0.4530060865639349,NaN,NaN,NaN,NaN,4.686274509803922,5.829203019550549,2.391603742000662,1.228251905601988,6.095238095238095,0.23529411764705882,0.437098194541727,6.0,11.0,2.145,1.2150867155106053,0.1111111111111111,0.0
264,1,62.0,272.0,4.387096774193548,0.07191961924907457,0.16393442622950818,0.13114754098360656,0.27450980392156865,0.6078431372549019,0.23529411764705882,0.43137254901960786,0.22580645161290322,0.0,0.0,0.5714285714285714,0.545123345553437,0.4108092645740618,0.37395523866112096,0.4632525424858451,NaN,NaN,NaN,NaN,5.333333333333333,7.58858792310313,2.303016263194351,0.9899547428583235,4.909090909090909,0.2549019607843137,0.3122674802426902,5.0,8.0,1.944356120826709,1.0759771623355816,0.06451612903225806,0.0
265,1,68.0,284.0,4.176470588235294,0.06233538191395961,0.16417910447761194,0.11940298507462686,0.21428571428571427,0.6071428571428571,0.23214285714285715,0.42857142857142855,0.20588235294117646,0.0,0.0,0.5714285714285714,0.48332951265738966,0.39504462624071696,0.3419563075813076,0.4457618906101846,NaN,NaN,NaN,NaN,5.071428571428571,5.263449069184207,2.319374046424335,1.0361668311674765,4.833333333333334,0.32142857142857145,0.4295335226564962,5.0,11.0,1.78060413354531,0.8443549628155772,0.10294117647058823,0.0
266,1,67.0,205.0,3.0597014925373136,0.046359113523292625,0.16666666666666666,0.16666666666666666,0.2909090909090909,0.6181818181818182,0.3090909090909091,0.43636363636363634,0.208955223880597,0.0,0.07142857142857142,0.7142857142857143,0.5405523719282631,0.4230499853984271,0.3669083886998325,0.4710605092189736,NaN,NaN,NaN,NaN,3.727272727272727,4.2095770239465535,2.366875868590751,1.1312644809410586,5.545454545454545,0.2545454545454545,0.42852908959682257,7.0,10.0,2.4203821656050954,1.3759260232656438,0.04477611940298507,0.0
267,1,67.0,227.0,3.388059701492537,0.05133423790140208,0.15151515151515152,0.10606060606060606,0.26785714285714285,0.6428571428571429,0.21428571428571427,0.4107142857142857,0.208955223880597,0.0,0.0,0.5714285714285714,0.49226283016443023,0.3983860252524778,0.34412202380952384,0.44743085909695396,NaN,NaN,NaN,NaN,4.053571428571429,4.999707783668753,2.3621305475200054,1.1135420257736321,5.809523809523809,0.26785714285714285,0.4173850781464102,6.0,12.0,2.0913621262458473,1.1111109422034886,0.07462686567164178,0.0
268,1,66.0,272.0,4.121212121212121,0.06340326340326341,0.16923076923076924,0.03076923076923077,0.2777777777777778,0.6296296296296297,0.25925925925925924,0.42592592592592593,0.21212121212121213,0.0,0.0,0.5714285714285714,0.5356736884019069,0.3945680233518661,0.3611868451084137,0.46154996184457586,NaN,NaN,NaN,NaN,5.037037037037037,5.623276970361217,2.316469214623857,1.057058937134775,5.3,0.24074074074074073,0.4376299109906289,5.0,11.0,2.1334164588528677,1.0293595447112096,0.07575757575757576,0.0
269,1,67.0,258.0,3.8507462686567164,0.05834464043419267,0.16666666666666666,0.015151515151515152,0.23636363636363636,0.6363636363636364,0.2,0.41818181818181815,0.19402985074626866,0.0,0.07692307692307693,0.6153846153846154,0.4703553309565215,0.40620962907718006,0.3416702741702742,0.44348082345310513,NaN,NaN,NaN,NaN,4.6909090909090905,6.188019270459854,2.223414042342144,0.9189382831979782,5.25,0.2,0.42052541550350536,6.0,9.0,2.0637254901960786,1.1812187566386456,0.05970149253731343,0.0
27,1,61.0,184.0,3.0163934426229506,0.05027322404371585,0.16666666666666666,0.13333333333333333,0.32,0.56,0.22,0.42,0.22950819672131148,0.0,0.0,0.6428571428571429,0.4895632843829656,0.39552510141612696,0.3430531135531135,0.44006400334878115,NaN,NaN,NaN,NaN,3.68,4.528548895842996,2.3187440394672016,0.9767321657868271,4.794871794871795,0.24,0.36000291372204296,4.0,9.0,1.6694444444444445,0.775071007419879,0.04918032786885246,0.0
270,1,64.0,249.0,3.890625,0.061755952380952384,0.15873015873015872,0.12698412698412698,0.32075471698113206,0.6226415094339622,0.20754716981132076,0.41509433962264153,0.21875,0.0,0.07142857142857142,0.6428571428571429,0.554730404756196,0.39584860042007414,0.3560781671159029,0.451735887216868,NaN,NaN,NaN,NaN,4.69811320754717,6.150625064108956,2.22934153316419,0.8478232099898615,4.3,0.18867924528301888,0.32360769824125885,4.0,8.0,1.6153846153846154,0.6683115412781175,0.046875,0.0
271,1,65.0,207.0,3.1846153846153844,0.04975961538461538,0.171875,0.140625,0.2641509433962264,0.6037735849056604,0.18867924528301888,0.4339622641509434,0.2153846153846154,0.0,0.0,0.6428571428571429,0.511366500435285,0.39348024191334846,0.3490116801437556,0.44376984456337765,NaN,NaN,NaN,NaN,3.9056603773584904,4.288913036689422,2.3434855557085585,1.1418959110099693,5.888888888888889,0.2830188679245283,0.445419741868183,5.0,11.0,1.8713968957871396,0.9961492747973223,0.09230769230769231,0.0
272,1,65.0,257.0,3.953846153846154,0.061778846153846156,0.15625,0.046875,0.2777777777777778,0.6296296296296297,0.18518518518518517,0.4444444444444444,0.2153846153846154,0.0,0.0,0.5714285714285714,0.5240630229367846,0.37469425906718073,0.34325358283691615,0.43835796129581645,NaN,NaN,NaN,NaN,4.7592592592592595,5.35154777535376,2.309702529001324,0.9857989413920109,4.818181818181818,0.24074074074074073,0.41308552738442395,4.0,13.0,2.0053691275167784,0.8980104379272286,0.12307692307692308,0.0
273,1,66.0,288.0,4.363636363636363,0.06713286713286713,0.15384615384615385,0.0,0.21818181818181817,0.6545454545454545,0.23636363636363636,0.41818181818181815,0.21212121212121213,0.0,0.07142857142857142,0.6428571428571429,0.48781013809024004,0.40128743731605304,0.3449731077003804,0.4489121287182977,NaN,NaN,NaN,NaN,5.236363636363636,7.819642021652995,2.269273132766264,0.9256730776076381,4.454545454545455,0.2909090909090909,0.437239956360584,5.0,11.0,1.8823529411764706,0.8881891327503718,0.06060606060606061,0.0
274,1,67.0,208.0,3.1044776119402986,0.04703753957485301,0.16666666666666666,0.10606060606060606,0.2727272727272727,0.6,0.2727272727272727,0.41818181818181815,0.208955223880597,0.0,0.07142857142857142,0.5714285714285714,0.5499095661143854,0.4173522737003266,0.365021645021645,0.46015542275003896,NaN,NaN,NaN,NaN,3.7818181818181817,4.817756159331272,2.1977662513072036,0.8157517872331845,4.272727272727273,0.2545454545454545,0.37975686694442706,5.0,9.0,1.8276515151515151,0.8187975261102731,0.029850746268656716,0.0
275,1,68.0,311.0,4.573529411764706,0.06826163301141353,0.16417910447761194,0.07462686567164178,0.23214285714285715,0.625,0.17857142857142858,0.4107142857142857,0.20588235294117646,0.0,0.0,0.5714285714285714,0.45066807616125615,0.3792670827860669,0.3330066237021124,0.4356728043638119,NaN,NaN,NaN,NaN,5.553571428571429,6.684907404967326,2.3453766303672223,1.1023272530411248,5.222222222222222,0.2857142857142857,0.4459127507675634,6.0,12.0,2.011764705882353,1.0774303573459891,0.10294117647058823,0.0
276,1,68.0,238.0,3.5,0.05223880597014925,0.16417910447761194,0.1044776119402985,0.25,0.625,0.14285714285714285,0.375,0.20588235294117646,0.0,0.0,0.7142857142857143,0.4536957621089449,0.39539564970719504,0.30372023809523807,0.4246616429009691,NaN,NaN,NaN,NaN,4.25,5.4112677056137395,2.275399185384192,0.9579733332631263,4.875,0.26785714285714285,0.3240184416256654,5.0,8.0,1.760154738878143,0.8262401855553445,0.029411764705882353,0.0
277,1,67.0,271.0,4.044776119402985,0.061284486657620985,0.15151515151515152,0.09090909090909091,0.23214285714285715,0.625,0.19642857142857142,0.42857142857142855,0.208955223880597,0.0,0.0,0.6428571428571429,0.48620133405520793,0.40345539990836127,0.3409066180235535,0.44369038455559495,NaN,NaN,NaN,NaN,4.839285714285714,5.558864454722207,2.2607881847987965,0.897898377461807,4.727272727272727,0.30357142857142855,0.32652370755872445,5.0,10.0,1.913946587537092,0.9243357536917927,0.05970149253731343,0.0
278,1,67.0,212.0,3.1641791044776117,0.04794210764360018,0.16666666666666666,0.13636363636363635,0.2909090909090909,0.6181818181818182,0.21818181818181817,0.4,0.208955223880597,0.0,0.07142857142857142,0.5714285714285714,0.46489516193682856,0.41786896939533413,0.3395165945165945,0.45001373594533634,NaN,NaN,NaN,NaN,3.8545454545454545,3.5663976109222473,2.3358397849795165,1.101853167117424,6.157894736842105,0.2,0.47103652030611215,6.0,9.0,1.8490990990990992,1.0633326795732356,0.04477611940298507,0.0
279,1,68.0,276.0,4.0588235294117645,0.06057945566286216,0.16417910447761194,0.05970149253731343,0.26785714285714285,0.6428571428571429,0.23214285714285715,0.42857142857142855,0.20588235294117646,0.0,0.07142857142857142,0.6428571428571429,0.47530874297676806,0.40720368110735783,0.35096037503352334,0.45185822031878675,NaN,NaN,NaN,NaN,4.928571428571429,7.003524159260869,2.2409923133691203,0.9147433299225278,4.8,0.21428571428571427,0.41931525070652853,4.0,8.0,1.7676470588235293,0.7394702511082543,0.0,0.0
28,1,66.0,217.0,3.287878787878788,0.05058275058275058,0.15384615384615385,0.13846153846153847,0.3090909090909091,0.6181818181818182,0.2727272727272727,0.38181818181818183,0.21212121212121213,0.0,0.07142857142857142,0.5714285714285714,0.5818690476190477,0.4181895768393573,0.35090909090909084,0.46348305802956163,NaN,NaN,NaN,NaN,3.9454545454545453,5.243755304833521,2.2563877932646266,0.8978455308539615,5.0,0.18181818181818182,0.24177914941394188,5.0,7.0,1.6666666666666667,0.869162750063043,0.0,0.0
280,1,67.0,285.0,4.253731343283582,0.06445047489823609,0.16666666666666666,0.07575757575757576,0.23636363636363636,0.6181818181818182,0.2727272727272727,0.45454545454545453,0.208955223880597,0.0,0.07142857142857142,0.7142857142857143,0.5674478699025252,0.40071593337018563,0.3673824857411195,0.4599390419081464,NaN,NaN,NaN,NaN,5.181818181818182,7.542695532252108,2.2705479068391563,0.9543620402546027,4.833333333333334,0.2545454545454545,0.3592887424598552,5.0,9.0,1.8824451410658307,0.9674314870982339,0.029850746268656716,0.0
281,1,67.0,222.0,3.3134328358208953,0.050203527815468114,0.16666666666666666,0.19696969696969696,0.2545454545454545,0.6181818181818182,0.18181818181818182,0.4,0.208955223880597,0.0,0.07142857142857142,0.5714285714285714,0.4460495311191333,0.417747175307567,0.34506771006771003,0.44769769611066096,NaN,NaN,NaN,NaN,4.036363636363636,3.6664830073379098,2.355163814631576,1.1711003215840916,6.2727272727272725,0.21818181818181817,0.35480259272137754,6.0,10.0,2.159045725646123,1.3052730491988107,0.0,0.0
282,1,67.0,237.0,3.537313432835821,0.05359565807327001,0.15151515151515152,0.07575757575757576,0.2857142857142857,0.6428571428571429,0.17857142857142858,0.375,0.208955223880597,0.0,0.0,0.6428571428571429,0.44476308472760195,0.3906527083955547,0.31600765306122447,0.429702207102126,NaN,NaN,NaN,NaN,4.232142857142857,5.056017374209832,2.3187266889189835,1.0210251538149235,5.071428571428571,0.17857142857142858,0.41324071761817666,4.0,8.0,1.681917211328976,0.8087403446694971,0.05970149253731343,0.0
283,1,67.0,244.0,3.6417910447761193,0.055178652193577565,0.16666666666666666,0.09090909090909091,0.23636363636363636,0.6181818181818182,0.23636363636363636,0.41818181818181815,0.208955223880597,0.0,0.07142857142857142,0.5714285714285714,0.4976405693918698,0.4063605001552116,0.3539774367047094,0.45773083806704873,NaN,NaN,NaN,NaN,4.4363636363636365,5.9028042185979395,2.32027641607359,1.087693113990254,5.333333333333334,0.21818181818181817,0.4518145529711033,5.0,8.0,1.7912524850894633,0.9288230042242078,0.08955223880597014,0.0
284,1,66.0,233.0,3.5303030303030303,0.05431235431235431,0.16923076923076924,0.16923076923076924,0.2777777777777778,0.6111111111111112,0.24074074074074073,0.4074074074074074,0.21212121212121213,0.0,0.07142857142857142,0.5714285714285714,0.47861172663641804,0.3952029232712887,0.3461640211640212,0.4520806130894447,NaN,NaN,NaN,NaN,4.314814814814815,5.7126938233880855,2.3115297349743225,1.055558281250352,5.0,0.2037037037037037,0.32457460707776664,5.0,9.0,1.9289940828402368,1.0363395095316505,0.06060606060606061,0.0
285,1,62.0,239.0,3.8548387096774195,0.06319407720782655,0.18032786885245902,0.09836065573770492,0.3,0.58,0.26,0.4,0.22580645161290322,0.0,0.0,0.6428571428571429,0.5401207626207731,0.40455844950201286,0.3553658536585365,0.46291526236492664,NaN,NaN,NaN,NaN,4.78,7.186410077077313,2.266779308626295,0.932912911302823,4.3164556962025316,0.3,0.46286979966295616,4.0,13.0,1.8365527488855868,0.7154968328536009,0.12903225806451613,0.0
286,1,66.0,211.0,3.196969696969697,0.049184149184149185,0.15384615384615385,0.12307692307692308,0.2909090909090909,0.6181818181818182,0.21818181818181817,0.4,0.21212121212121213,0.0,0.07142857142857142,0.6428571428571429,0.5048225287328806,0.4155785819032698,0.34500000000000003,0.4524155485711334,NaN,NaN,NaN,NaN,3.8363636363636364,3.8237253328234004,2.2696837364301476,0.9137593946161889,4.8,0.23636363636363636,0.32678731369615605,4.0,8.0,1.7554112554112553,0.7840069943320306,0.0,0.0
287,1,68.0,249.0,3.661764705882353,0.05465320456540825,0.16417910447761194,0.08955223880597014,0.2857142857142857,0.6071428571428571,0.21428571428571427,0.4107142857142857,0.20588235294117646,0.0,0.07142857142857142,0.6428571428571429,0.4494605094769265,0.41173315811831973,0.3367075535747896,0.44288481980015965,NaN,NaN,NaN,NaN,4.446428571428571,6.480515251280404,2.313769338527598,1.0259187967435348,5.054054054054054,0.23214285714285715,0.36750068279444315,5.0,10.0,1.9252971137521222,0.9536120670893682,0.07352941176470588,0.0
288,1,68.0,278.0,4.088235294117647,0.061018437225636525,0.16417910447761194,0.07462686567164178,0.25,0.625,0.23214285714285715,0.44642857142857145,0.20588235294117646,0.0,0.0,0.6428571428571429,0.47017465693768973,0.4032901195229469,0.34329289339849417,0.44635954502590514,NaN,NaN,NaN,NaN,4.964285714285714,7.5941706967534355,2.2308653791922923,0.8769201975726445,4.509803921568627,0.25,0.40842402561281105,4.0,11.0,1.8432432432432433,0.753715394626992,0.058823529411764705,0.0
289,1,66.0,250.0,3.787878787878788,0.05827505827505827,0.16923076923076924,0.13846153846153847,0.2962962962962963,0.6111111111111112,0.18518518518518517,0.3888888888888889,0.21212121212121213,0.0,0.0,0.7142857142857143,0.5191988236604261,0.41932941501742993,0.3159023048642932,0.4372180521621697,NaN,NaN,NaN,NaN,4.62962962962963,6.890782183868578,2.367517216990184,1.1617578536868427,5.5,0.18518518518518517,0.42258366555751076,4.0,8.0,1.7763975155279503,0.9421557910449961,0.07575757575757576,0.0
29,1,65.0,298.0,4.584615384615384,0.07163461538461538,0.15625,0.109375,0.2222222222222222,0.5925925925925926,0.14814814814814814,0.4074074074074074,0.2153846153846154,0.0,0.0,0.5714285714285714,0.4900376239723509,0.36919516013725345,0.3294753086419753,0.428840133343226,NaN,NaN,NaN,NaN,5.518518518518518,6.995256454065223,2.3286886669712965,0.9986635569788958,4.888888888888889,0.3333333333333333,0.3092045723606235,5.0,9.0,1.8510971786833856,0.9265440521914584,0.03076923076923077,0.0
290,1,68.0,312.0,4.588235294117647,0.0684811237928007,0.16417910447761194,0.1044776119402985,0.26785714285714285,0.625,0.17857142857142858,0.39285714285714285,0.20588235294117646,0.0,0.07142857142857142,0.5714285714285714,0.5024284517080837,0.39897271666406736,0.3295555139305139,0.44122027735028974,NaN,NaN,NaN,NaN,5.571428571428571,7.0190834492498,2.3048614255228244,1.0129387430414183,4.72972972972973,0.25,0.40877675900130667,4.0,12.0,1.7238239757207892,0.7774715112023602,0.11764705882352941,0.0
291,1,62.0,239.0,3.8548387096774195,0.06319407720782655,0.18032786885245902,0.03278688524590164,0.28,0.62,0.22,0.44,0.22580645161290322,0.0,0.07142857142857142,0.6428571428571429,0.5304393967854188,0.39842417082138937,0.3478884711779449,0.4457492337500639,NaN,NaN,NaN,NaN,4.78,7.2514319486652035,2.254331768621861,0.968931365729613,4.647887323943662,0.24,0.4145313700829962,4.0,8.0,1.8330522765598651,0.7974539037972438,0.04838709677419355,0.0
292,1,66.0,204.0,3.090909090909091,0.04755244755244755,0.15384615384615385,0.23076923076923078,0.2909090909090909,0.6,0.23636363636363636,0.4,0.21212121212121213,0.0,0.07142857142857142,0.6428571428571429,0.496992784992785,0.3902140019464078,0.32621212121212123,0.4411113973487101,NaN,NaN,NaN,NaN,3.709090909090909,3.8329600169558886,2.3431072884053252,1.0508994467575359,5.2,0.2,0.3367550686183797,5.0,7.0,1.6873385012919897,0.8685166299014458,0.030303030303030304,0.0
293,1,67.0,242.0,3.611940298507463,0.05472636815920398,0.15151515151515152,0.09090909090909091,0.2857142857142857,0.625,0.17857142857142858,0.35714285714285715,0.208955223880597,0.0,0.07142857142857142,0.5714285714285714,0.4721221749854296,0.40590572171533373,0.3239866780045352,0.4447795706191492,NaN,NaN,NaN,NaN,4.321428571428571,4.62053575349771,2.345106315942181,1.0826966328602723,5.295454545454545,0.23214285714285715,0.4377734800941677,4.0,10.0,1.7661290322580645,0.8931512339751786,0.07462686567164178,0.0
294,1,68.0,242.0,3.5588235294117645,0.05311676909569798,0.16417910447761194,0.04477611940298507,0.23214285714285715,0.625,0.25,0.44642857142857145,0.20588235294117646,0.0,0.07142857142857142,0.5714285714285714,0.5514847779214098,0.4028159786866221,0.35163175118532264,0.4457035119772123,NaN,NaN,NaN,NaN,4.321428571428571,6.539689019176096,2.229547856252348,0.8831600005257565,4.333333333333334,0.23214285714285715,0.4011173636976726,4.0,8.0,1.77882797731569,0.8518283292712919,0.04411764705882353,0.0
295,1,66.0,254.0,3.8484848484848486,0.05920745920745921,0.16923076923076924,0.12307692307692308,0.2777777777777778,0.5925925925925926,0.12962962962962962,0.42592592592592593,0.21212121212121213,0.0,0.07142857142857142,0.5714285714285714,0.5166969246713292,0.37438028374809895,0.31646224146224144,0.4161762329477372,NaN,NaN,NaN,NaN,4.703703703703703,5.5986171797727335,2.3473456298567164,1.0731649464394595,5.166666666666666,0.2777777777777778,0.4105113900825003,6.0,10.0,2.4615384615384617,1.471418623326742,0.06060606060606061,0.0
296,1,68.0,256.0,3.764705882352941,0.056189640035118525,0.16417910447761194,0.1044776119402985,0.2857142857142857,0.625,0.17857142857142858,0.4107142857142857,0.20588235294117646,0.0,0.07142857142857142,0.6428571428571429,0.498288364520071,0.39582209955475034,0.327778964456596,0.43190064385559657,NaN,NaN,NaN,NaN,4.571428571428571,5.19390251897582,2.275816645371599,0.9619753469893622,4.962962962962963,0.21428571428571427,0.380068842363978,5.0,10.0,1.6942307692307692,0.802672189712672,0.029411764705882353,0.0
297,1,64.0,271.0,4.234375,0.06721230158730158,0.15873015873015872,0.031746031746031744,0.2830188679245283,0.6226415094339622,0.18867924528301888,0.41509433962264153,0.21875,0.0,0.07142857142857142,0.5714285714285714,0.5073287142333301,0.39521341843080676,0.3612982929020665,0.44930746280160727,NaN,NaN,NaN,NaN,5.113207547169812,6.091167556888891,2.3423458043737857,1.060266698520252,5.111111111111111,0.24528301886792453,0.4348734312572422,5.0,11.0,2.1228978007761965,1.0175434637801406,0.078125,0.0
298,1,65.0,221.0,3.4,0.053125,0.15625,0.0625,0.24074074074074073,0.6296296296296297,0.2962962962962963,0.42592592592592593,0.2153846153846154,0.0,0.07142857142857142,0.5714285714285714,0.49182440873027294,0.4257941981806541,0.36718106995884775,0.46750264360526966,NaN,NaN,NaN,NaN,4.092592592592593,5.5329834952934185,2.2890723535754853,0.9969433657027883,5.0,0.24074074074074073,0.43672665756856655,5.0,10.0,2.044776119402985,1.065100910610723,0.046153846153846156,0.0
299,1,66.0,244.0,3.696969696969697,0.05687645687645688,0.16923076923076924,0.015384615384615385,0.2777777777777778,0.5925925925925926,0.2222222222222222,0.42592592592592593,0.21212121212121213,0.0,0.0,0.5714285714285714,0.463772072531533,0.388221592606188,0.32745784402288464,0.4384682698886443,NaN,NaN,NaN,NaN,4.518518518518518,6.418548418570772,2.409569197668431,1.2178553686281817,5.625,0.2777777777777778,0.5528787782260842,5.0,11.0,2.0,1.0581730413771986,0.07575757575757576,0.0
3,1,66.0,253.0,3.8333333333333335,0.05897435897435897,0.16923076923076924,0.015384615384615385,0.2777777777777778,0.6296296296296297,0.25925925925925924,0.4444444444444444,0.21212121212121213,0.0,0.07142857142857142,0.5714285714285714,0.5720643078204097,0.3978407721654658,0.37380839325283766,0.4609627083763234,NaN,NaN,NaN,NaN,4.685185185185185,5.99000448569484,2.2686515666618106,0.9556817612934599,4.479166666666666,0.25925925925925924,0.4578753785221124,5.0,10.0,2.037940379403794,0.9252508328187973,0.07575757575757576,0.0
30,1,68.0,272.0,4.0,0.05970149253731343,0.16417910447761194,0.1044776119402985,0.26785714285714285,0.6071428571428571,0.25,0.4107142857142857,0.20588235294117646,0.0,0.0,0.5714285714285714,0.5183962524553104,0.40011117930593937,0.3525629807276812,0.46125575762874454,NaN,NaN,NaN,NaN,4.857142857142857,6.046572496963794,2.3105036509176453,1.0338523392518246,5.75,0.21428571428571427,0.3265934802965822,5.0,7.0,1.8811544991511036,1.0216040599670293,0.0,0.0
300,1,67.0,267.0,3.985074626865672,0.060379918588873815,0.16666666666666666,0.10606060606060606,0.23636363636363636,0.6181818181818182,0.2545454545454545,0.41818181818181815,0.208955223880597,0.0,0.07142857142857142,0.6428571428571429,0.5330542048706368,0.40288376389592495,0.35395887160709294,0.4564771718161304,NaN,NaN,NaN,NaN,4.8545454545454545,7.720626969882746,2.279117435837325,0.9890516171061856,5.25,0.3090909090909091,0.3913088362063031,4.0,9.0,2.049382716049383,0.9609277669950915,0.05970149253731343,0.0
301,1,68.0,320.0,4.705882352941177,0.07023705004389816,0.16417910447761194,0.05970149253731343,0.23214285714285715,0.6428571428571429,0.25,0.42857142857142855,0.20588235294117646,0.0,0.0,0.6428571428571429,0.5378108832169827,0.3993252338772894,0.35626417233560087,0.45572286343956847,NaN,NaN,NaN,NaN,5.714285714285714,7.933162354008957,2.247576860065927,0.9223758485964851,4.431372549019608,0.2857142857142857,0.4099150190817134,4.0,11.0,1.8724137931034484,0.7741790492320428,0.07352941176470588,0.0
302,1,68.0,278.0,4.088235294117647,0.061018437225636525,0.16417910447761194,0.04477611940298507,0.2857142857142857,0.6071428571428571,0.19642857142857142,0.42857142857142855,0.20588235294117646,0.0,0.07142857142857142,0.5714285714285714,0.4929982906101368,0.39920592033774727,0.3401855558810446,0.4433024891343793,NaN,NaN,NaN,NaN,4.964285714285714,5.627737429147577,2.263770611047549,0.9087743786960379,4.3625,0.23214285714285715,0.405419911399659,5.0,11.0,1.8720445062586926,0.844635780957247,0.04411764705882353,0.0
303,1,67.0,253.0,3.7761194029850746,0.05721393034825871,0.15151515151515152,0.10606060606060606,0.26785714285714285,0.6607142857142857,0.19642857142857142,0.375,0.208955223880597,0.0,0.07142857142857142,0.5714285714285714,0.42191547189511314,0.3942821412348854,0.3188492063492063,0.4348476887668208,NaN,NaN,NaN,NaN,4.517857142857143,4.705861225124458,2.307161145334917,1.026619764417212,5.1,0.23214285714285715,0.4837407159857276,5.0,11.0,1.7140039447731756,0.8452735039187586,0.1044776119402985,0.0
304,1,68.0,239.0,3.514705882352941,0.05245829675153644,0.16417910447761194,0.08955223880597014,0.26785714285714285,0.6428571428571429,0.26785714285714285,0.4107142857142857,0.20588235294117646,0.0,0.07142857142857142,0.6428571428571429,0.555086316176678,0.4123712652336205,0.36733276643990936,0.466827744009905,NaN,NaN,NaN,NaN,4.267857142857143,5.079338079383506,2.309432038477616,1.0559389528007748,5.138888888888889,0.26785714285714285,0.36387067244575394,7.0,10.0,2.1073529411764707,1.094344300551885,0.0,0.0
305,1,65.0,221.0,3.4,0.053125,0.15625,0.078125,0.25925925925925924,0.5925925925925926,0.25925925925925924,0.3888888888888889,0.2153846153846154,0.0,0.07142857142857142,0.5714285714285714,0.4871702519489609,0.39949517981744437,0.33534858387799565,0.4562344209038854,NaN,NaN,NaN,NaN,4.092592592592593,5.359768083262482,2.3269306687918525,0.9950642696838649,4.87037037037037,0.2777777777777778,0.3774603806983915,4.0,9.0,1.9883527454242929,0.913708988334515,0.06153846153846154,0.0
306,1,66.0,205.0,3.106060606060606,0.047785547785547784,0.16923076923076924,0.13846153846153847,0.2962962962962963,0.6111111111111112,0.25925925925925924,0.42592592592592593,0.21212121212121213,0.0,0.07142857142857142,0.5714285714285714,0.5357086691558196,0.4168529174093974,0.3641351265534272,0.4608839595132367,NaN,NaN,NaN,NaN,3.7962962962962963,3.748607941017269,2.28773006632533,1.0106760884417316,5.375,0.2222222222222222,0.5351457151492406,5.0,10.0,1.8174273858921162,0.8578045878476319,0.07575757575757576,0.0
307,1,63.0,195.0,3.0952380952380953,0.04992319508448541,0.16129032258064516,0.16129032258064516,0.3269230769230769,0.5961538461538461,0.23076923076923078,0.4230769230769231,0.2222222222222222,0.0,0.07142857142857142,0.5714285714285714,0.5274924740992838,0.38783844278178436,0.36428571428571427,0.4556009779650075,NaN,NaN,NaN,NaN,3.75,3.585783476069756,2.3710049325330584,1.091785300580217,5.166666666666666,0.2692307692307692,0.46056815280163416,6.0,10.0,1.9609053497942386,0.9783820029008028,0.07936507936507936,0.0
308,1,65.0,184.0,2.830769230769231,0.04423076923076923,0.171875,0.203125,0.3018867924528302,0.5849056603773585,0.2641509433962264,0.39622641509433965,0.2153846153846154,0.0,0.07142857142857142,0.5714285714285714,0.5201757315593794,0.43722927869128714,0.3553384246780473,0.46137183048471825,NaN,NaN,NaN,NaN,3.4716981132075473,3.0921972122455976,2.326707625707626,1.0686848154476127,5.3,0.24528301886792453,0.4794009954970754,5.0,10.0,1.8149100257069408,0.9370296371261876,0.07692307692307693,0.0
309,1,68.0,290.0,4.264705882352941,0.0636523266022827,0.16417910447761194,0.1044776119402985,0.26785714285714285,0.625,0.125,0.44642857142857145,0.20588235294117646,0.0,0.0,0.6428571428571429,0.530233710136837,0.3900178906459388,0.344017094017094,0.43053665492240567,NaN,NaN,NaN,NaN,5.178571428571429,4.6675169293441545,2.271820976648956,0.9428789286385859,4.440476190476191,0.26785714285714285,0.379648969301714,5.0,12.0,1.905511811023622,0.8873448489385883,0.10294117647058823,0.0
31,1,67.0,279.0,4.164179104477612,0.06309362279511534,0.15151515151515152,0.045454545454545456,0.25,0.6428571428571429,0.21428571428571427,0.375,0.208955223880597,0.0,0.0,0.5714285714285714,0.5271182686022142,0.3953354858702107,0.33791666666666664,0.45305338021017494,NaN,NaN,NaN,NaN,4.982142857142857,5.719157825568921,2.337206877364903,1.0581084223690362,5.208333333333334,0.2857142857142857,0.4535434175355813,6.0,11.0,2.1183431952662723,1.0071813706364297,0.07462686567164178,0.0
310,1,63.0,244.0,3.873015873015873,0.06246799795186892,0.1774193548387097,0.06451612903225806,0.27450980392156865,0.6274509803921569,0.21568627450980393,0.45098039215686275,0.2222222222222222,0.0,0.07142857142857142,0.5714285714285714,0.5815731252885987,0.38244916325508194,0.3696856520385932,0.45333154843830303,NaN,NaN,NaN,NaN,4.784313725490196,6.242799774108396,2.3301960290388473,1.1195454302609176,5.416666666666666,0.2549019607843137,0.3105472145248705,5.0,10.0,2.2349726775956285,1.0944360586759578,0.031746031746031744,0.0
311,1,67.0,339.0,5.059701492537314,0.07666214382632293,0.16666666666666666,0.09090909090909091,0.2545454545454545,0.6181818181818182,0.12727272727272726,0.41818181818181815,0.208955223880597,0.0,0.07142857142857142,0.5714285714285714,0.4785754840604603,0.3708688678187272,0.31333900177440843,0.4247085043379564,NaN,NaN,NaN,NaN,6.163636363636364,7.936702450718801,2.287944749581782,0.9712035393373369,4.867924528301886,0.23636363636363636,0.29084864087777074,4.0,7.0,1.8912768647281921,0.9322966132876522,0.0,0.0
312,1,66.0,254.0,3.8484848484848486,0.05920745920745921,0.16923076923076924,0.07692307692307693,0.24074074074074073,0.6111111111111112,0.18518518518518517,0.4444444444444444,0.21212121212121213,0.0,0.07142857142857142,0.6428571428571429,0.582323993685778,0.3887990320878824,0.35655496766607875,0.43851190425029146,NaN,NaN,NaN,NaN,4.703703703703703,4.970211755215679,2.2284895180272932,0.8805840398910014,4.296875,0.25925925925925924,0.3767299858587578,4.0,9.0,1.7888,0.7680745156158102,0.06060606060606061,0.0
313,1,68.0,294.0,4.323529411764706,0.06453028972783142,0.16417910447761194,0.05970149253731343,0.23214285714285715,0.6071428571428571,0.25,0.4107142857142857,0.20588235294117646,0.0,0.0,0.6428571428571429,0.5413867374087526,0.40330626323064944,0.35206332533013207,0.45575211352259615,NaN,NaN,NaN,NaN,5.25,6.388199347945469,2.2740153231186753,0.9445032271609306,4.5,0.30357142857142855,0.4114180162231314,3.0,10.0,1.7718023255813953,0.7487718864042655,0.10294117647058823,0.0
314,1,67.0,247.0,3.6865671641791047,0.05585707824513795,0.15151515151515152,0.10606060606060606,0.2857142857142857,0.6071428571428571,0.19642857142857142,0.44642857142857145,0.208955223880597,0.0,0.07142857142857142,0.5714285714285714,0.5129472139326303,0.3872967389172438,0.33561235391592537,0.438244739305982,NaN,NaN,NaN,NaN,4.410714285714286,4.471228367784754,2.3247091862089584,0.9921530832133233,5.0,0.23214285714285715,0.3675356351412889,5.0,9.0,1.7118320610687023,0.7961266668309376,0.04477611940298507,0.0
315,1,65.0,244.0,3.753846153846154,0.058653846153846154,0.15625,0.140625,0.25925925925925924,0.6296296296296297,0.24074074074074073,0.4444444444444444,0.2153846153846154,0.0,0.0,0.5714285714285714,0.5010971596596596,0.3941354658324338,0.34477124183006536,0.44180187513002167,NaN,NaN,NaN,NaN,4.518518518518518,5.072086916480221,2.2947312826320836,0.9793547639257534,4.777777777777778,0.25925925925925924,0.4387440142407651,4.0,10.0,1.7679856115107915,0.7907917618459417,0.09230769230769231,0.0
316,1,67.0,274.0,4.08955223880597,0.06196291270918137,0.16666666666666666,0.030303030303030304,0.2727272727272727,0.6,0.18181818181818182,0.45454545454545453,0.208955223880597,0.0,0.0,0.5714285714285714,0.5016861504029146,0.3766293134672234,0.35165011459129103,0.43699875243946584,NaN,NaN,NaN,NaN,4.9818181818181815,5.908220604130377,2.3434576140258074,1.107256285797912,5.75,0.2909090909090909,0.4347152332005891,6.0,10.0,2.1568123393316196,1.1155095300864517,0.029850746268656716,0.0
317,1,65.0,195.0,3.0,0.046875,0.171875,0.15625,0.24528301886792453,0.6226415094339622,0.2641509433962264,0.4339622641509434,0.2153846153846154,0.0,0.0,0.5714285714285714,0.587221513749207,0.42000158932626735,0.37318059299191375,0.4564951486253877,NaN,NaN,NaN,NaN,3.6792452830188678,5.135747960302973,2.222110817797682,0.8809187777270823,4.5,0.22641509433962265,0.3067718063471903,4.0,6.0,1.4662576687116564,0.6204931893404897,0.0,0.0
318,1,68.0,250.0,3.676470588235294,0.05487269534679543,0.16417910447761194,0.07462686567164178,0.2857142857142857,0.6428571428571429,0.25,0.4107142857142857,0.20588235294117646,0.0,0.07142857142857142,0.6428571428571429,0.5680811200419341,0.4119294843922607,0.34195610936682364,0.4542640689419891,NaN,NaN,NaN,NaN,4.464285714285714,4.935821883165727,2.279861489583607,0.9782861401257121,4.618556701030927,0.19642857142857142,0.4085846198241073,4.0,9.0,1.7913907284768211,0.7723617500554533,0.029411764705882353,0.0
319,1,68.0,312.0,4.588235294117647,0.0684811237928007,0.16417910447761194,0.08955223880597014,0.17857142857142858,0.625,0.21428571428571427,0.44642857142857145,0.20588235294117646,0.0,0.07142857142857142,0.6428571428571429,0.5139217700098897,0.3925985383677241,0.3441668266769073,0.44383621963163916,NaN,NaN,NaN,NaN,5.571428571428571,7.731534348150008,2.277873089691879,0.9732764003978236,5.166666666666666,0.3392857142857143,0.31827104509168935,5.0,8.0,1.9900124843945068,0.9771899123732012,0.0,0.0
32,1,66.0,298.0,4.515151515151516,0.06946386946386947,0.16923076923076924,0.06153846153846154,0.18518518518518517,0.6481481481481481,0.2777777777777778,0.4444444444444444,0.18181818181818182,0.0,0.0,0.5833333333333334,0.5237508045534652,0.40773370282591365,0.37323145144997577,0.4628664645460475,NaN,NaN,NaN,NaN,5.518518518518518,7.314345534221789,2.252425160697861,1.0008154299985368,5.583333333333334,0.3148148148148148,0.3762630046650948,5.0,8.0,2.0584045584045585,1.1571309723488175,0.045454545454545456,0.0
320,1,66.0,250.0,3.787878787878788,0.05827505827505827,0.15384615384615385,0.09230769230769231,0.21818181818181817,0.6363636363636364,0.16363636363636364,0.41818181818181815,0.19696969696969696,0.0,0.07692307692307693,0.5384615384615384,0.47011928319079516,0.3911467982441895,0.3296326905417814,0.42754905981066615,NaN,NaN,NaN,NaN,4.545454545454546,4.4961637220510795,2.273417553847188,0.9566202868441714,5.029411764705882,0.2545454545454545,0.4307119393082144,5.0,10.0,1.8373287671232876,0.8643365006809874,0.09090909090909091,0.0
321,1,68.0,215.0,3.161764705882353,0.04719051799824407,0.16417910447761194,0.13432835820895522,0.2857142857142857,0.625,0.19642857142857142,0.4107142857142857,0.20588235294117646,0.0,0.0,0.5714285714285714,0.5111958185585942,0.3940938742915427,0.3434948979591837,0.439315304455472,NaN,NaN,NaN,NaN,3.8392857142857144,3.774444140721726,2.3068124018921377,1.0569384723045834,5.0,0.21428571428571427,0.453548468466691,6.0,10.0,1.9845261121856868,1.0509097285463043,0.10294117647058823,0.0
322,1,67.0,226.0,3.373134328358209,0.05110809588421529,0.16666666666666666,0.06060606060606061,0.2909090909090909,0.6181818181818182,0.2545454545454545,0.45454545454545453,0.208955223880597,0.0,0.07142857142857142,0.5714285714285714,0.5704698104929573,0.399475868726382,0.3695454545454546,0.45735084984107705,NaN,NaN,NaN,NaN,4.109090909090909,5.1087170501986,2.3086044635985816,1.020746069373538,4.764705882352941,0.23636363636363636,0.4511650911269239,4.0,11.0,2.036568213783404,0.869716828160406,0.07462686567164178,0.0
323,1,67.0,232.0,3.462686567164179,0.052464947987336044,0.16666666666666666,0.16666666666666666,0.2727272727272727,0.6,0.23636363636363636,0.41818181818181815,0.208955223880597,0.0,0.0,0.5714285714285714,0.5118634953009953,0.4052174988520302,0.354611662846957,0.45653407020144676,NaN,NaN,NaN,NaN,4.218181818181818,4.34055342559034,2.2792023129292773,0.9511736594546383,4.9,0.2545454545454545,0.3785063054140333,5.0,9.0,1.8887015177065767,0.8666632776178655,0.0,0.0
324,1,68.0,224.0,3.2941176470588234,0.04916593503072871,0.16417910447761194,0.16417910447761194,0.2857142857142857,0.6071428571428571,0.19642857142857142,0.39285714285714285,0.20588235294117646,0.0,0.0,0.5714285714285714,0.43595664249496097,0.40693196526048214,0.33025793650793656,0.44246011524594336,NaN,NaN,NaN,NaN,4.0,4.616177088142407,2.306836972525911,1.035958027324165,6.0,0.16071428571428573,0.3007146979420753,5.0,7.0,1.5883838383838385,0.7461403907274086,0.029411764705882353,0.0
325,1,66.0,258.0,3.909090909090909,0.06013986013986014,0.15384615384615385,0.03076923076923077,0.2727272727272727,0.6181818181818182,0.18181818181818182,0.41818181818181815,0.21212121212121213,0.0,0.0,0.5714285714285714,0.5108391444555233,0.37802089591099,0.3247546897546897,0.42929325447338346,NaN,NaN,NaN,NaN,4.6909090909090905,6.765579352358818,2.3818860980383594,1.1626298210220165,5.846153846153847,0.2727272727272727,0.44160607323372436,6.0,11.0,2.330345710627401,1.2500106700355527,0.030303030303030304,0.0
326,1,68.0,273.0,4.014705882352941,0.05992098331870061,0.16417910447761194,0.08955223880597014,0.23214285714285715,0.6428571428571429,0.26785714285714285,0.4107142857142857,0.20588235294117646,0.0,0.07142857142857142,0.5714285714285714,0.532390095503806,0.4045755870417838,0.35077748640248646,0.4583190855599099,NaN,NaN,NaN,NaN,4.875,5.339603322004701,2.2758642067652146,0.981406381361507,4.833333333333334,0.2857142857142857,0.40851141750634656,5.0,11.0,2.07673568818514,0.9754083895453898,0.08823529411764706,0.0
327,1,65.0,229.0,3.523076923076923,0.05504807692307692,0.171875,0.125,0.24528301886792453,0.6226415094339622,0.2641509433962264,0.4339622641509434,0.2,0.0,0.07692307692307693,0.5384615384615384,0.5041755152604208,0.43124536530646584,0.368591576138746,0.46475168362269187,NaN,NaN,NaN,NaN,4.320754716981132,5.444734877015311,2.2256545417476588,0.907201173412598,4.909090909090909,0.20754716981132076,0.3079289066697718,4.0,7.0,1.598014888337469,0.7868294142576078,0.0,0.0
328,1,66.0,283.0,4.287878787878788,0.06596736596736597,0.16923076923076924,0.015384615384615385,0.25925925925925924,0.6111111111111112,0.2037037037037037,0.4444444444444444,0.21212121212121213,0.0,0.0,0.6428571428571429,0.5309725176519074,0.3860654605138199,0.3631820543319251,0.4518740441997951,NaN,NaN,NaN,NaN,5.2407407407407405,7.084224262628518,2.2958818184837675,1.0127807794465116,5.1,0.25925925925925924,0.4011309958647183,5.0,10.0,1.829268292682927,0.8997585368555686,0.09090909090909091,0.0
329,1,66.0,225.0,3.409090909090909,0.05244755244755245,0.16923076923076924,0.07692307692307693,0.25925925925925924,0.6296296296296297,0.2222222222222222,0.46296296296296297,0.21212121212121213,0.0,0.0,0.6428571428571429,0.5402830487112215,0.3920991104420572,0.36611834667390225,0.4421382960508347,NaN,NaN,NaN,NaN,4.166666666666667,5.61920561094833,2.2317936722739735,0.8997491022785279,4.516129032258064,0.2777777777777778,0.4106397330518242,4.0,10.0,1.9411764705882353,0.836905249545506,0.09090909090909091,0.0
33,1,67.0,245.0,3.656716417910448,0.05540479421076436,0.16666666666666666,0.13636363636363635,0.2727272727272727,0.6363636363636364,0.23636363636363636,0.41818181818181815,0.208955223880597,0.0,0.07142857142857142,0.5714285714285714,0.5327238550262723,0.3964717232716611,0.3644588744588744,0.45248806040703554,NaN,NaN,NaN,NaN,4.454545454545454,4.211176407372022,2.228137697356553,0.9006165178811755,4.578947368421053,0.2545454545454545,0.45086512701064435,3.0,11.0,1.532258064516129,0.6412465975253325,0.08955223880597014,0.0
330,1,68.0,253.0,3.7205882352941178,0.05553116769095698,0.16417910447761194,0.1044776119402985,0.23214285714285715,0.625,0.25,0.4107142857142857,0.20588235294117646,0.0,0.0,0.5714285714285714,0.502872961935553,0.4056340070329287,0.3517644557823129,0.4584704005964432,NaN,NaN,NaN,NaN,4.517857142857143,5.473875381145583,2.262212776781267,0.9424520650267963,4.727272727272727,0.25,0.34430193019748695,4.0,9.0,1.8190954773869348,0.8399248044381022,0.07352941176470588,0.0
331,1,66.0,281.0,4.257575757575758,0.0655011655011655,0.15384615384615385,0.046153846153846156,0.2909090909090909,0.6181818181818182,0.23636363636363636,0.41818181818181815,0.21212121212121213,0.0,0.07142857142857142,0.6428571428571429,0.48922130538915026,0.38917474218044673,0.33175758584849496,0.4485557109480499,NaN,NaN,NaN,NaN,5.109090909090909,6.09393361762556,2.414120842655314,1.1824457848616194,5.410256410256411,0.2545454545454545,0.4555754889940394,5.0,10.0,2.015645371577575,0.9774295267785948,0.06060606060606061,0.0
332,1,67.0,265.0,3.955223880597015,0.059927634554500224,0.16666666666666666,0.09090909090909091,0.23636363636363636,0.6363636363636364,0.2727272727272727,0.43636363636363634,0.208955223880597,0.0,0.07142857142857142,0.5714285714285714,0.5279754273045081,0.4050369039095485,0.36030812324929967,0.4577608633133747,NaN,NaN,NaN,NaN,4.818181818181818,6.185679127034175,2.278089954694593,0.9824836012662624,4.6,0.2727272727272727,0.4303034494102964,4.0,10.0,1.816831683168317,0.8198652548348584,0.08955223880597014,0.0
333,1,67.0,233.0,3.4776119402985075,0.05269109000452284,0.16666666666666666,0.12121212121212122,0.2909090909090909,0.6181818181818182,0.21818181818181817,0.4,0.208955223880597,0.0,0.07142857142857142,0.6428571428571429,0.5193955173725767,0.4062531792808044,0.33129148629148636,0.44731877680706345,NaN,NaN,NaN,NaN,4.236363636363636,4.7060388169671254,2.3065382649517825,1.0269489520145045,5.363636363636363,0.2545454545454545,0.417542385846878,5.0,11.0,2.0167682926829267,0.9545516103197895,0.08955223880597014,0.0
334,1,64.0,243.0,3.796875,0.060267857142857144,0.1746031746031746,0.1111111111111111,0.2692307692307692,0.5961538461538461,0.23076923076923078,0.4423076923076923,0.21875,0.0,0.0,0.7142857142857143,0.5402054191255855,0.4092897975711538,0.36664111082715733,0.4500185446119559,NaN,NaN,NaN,NaN,4.673076923076923,7.339715103318955,2.205175984533058,0.828069661373537,4.080645161290322,0.2692307692307692,0.3579785730455383,3.0,8.0,1.636697247706422,0.6243615195298452,0.03125,0.0
335,1,64.0,200.0,3.125,0.0496031746031746,0.1746031746031746,0.12698412698412698,0.28846153846153844,0.6153846153846154,0.23076923076923078,0.4423076923076923,0.21875,0.0,0.07142857142857142,0.6428571428571429,0.5937084006002379,0.3913769695818774,0.37495021004636386,0.46095488222617964,NaN,NaN,NaN,NaN,3.8461538461538463,3.449265994010305,2.3128302142129105,1.060075330339992,5.444444444444445,0.2692307692307692,0.4383754452271701,5.0,11.0,2.148562300319489,0.9969422900611956,0.046875,0.0
336,1,67.0,273.0,4.074626865671642,0.06173677069199457,0.15151515151515152,0.13636363636363635,0.25,0.625,0.19642857142857142,0.4107142857142857,0.208955223880597,0.0,0.07142857142857142,0.5714285714285714,0.5220391769472339,0.39496867134164965,0.34162414965986393,0.4390425343329504,NaN,NaN,NaN,NaN,4.875,4.604592569084992,2.2409777159618334,0.8562716165037338,4.296875,0.25,0.42284181093778633,4.0,9.0,1.5939177101967799,0.6204682591396318,0.05970149253731343,0.0
337,1,68.0,209.0,3.073529411764706,0.045873573309920986,0.16417910447761194,0.08955223880597014,0.26785714285714285,0.625,0.32142857142857145,0.42857142857142855,0.20588235294117646,0.0,0.0,0.7142857142857143,0.5295149780166227,0.4187020145676388,0.3698386591478697,0.470118438359961,NaN,NaN,NaN,NaN,3.732142857142857,3.7391835347430473,2.2668565349355414,0.9539961971840178,4.555555555555555,0.23214285714285715,0.41699013278095187,5.0,10.0,2.0214521452145213,0.9312935304483193,0.08823529411764706,0.0
338,1,68.0,209.0,3.073529411764706,0.045873573309920986,0.16417910447761194,0.1044776119402985,0.32142857142857145,0.625,0.25,0.375,0.20588235294117646,0.0,0.0,0.6428571428571429,0.49554758514320857,0.4095517112115635,0.3233366336044908,0.44736729366186806,NaN,NaN,NaN,NaN,3.732142857142857,4.465997074576951,2.285513311202817,0.9771508632174805,4.931034482758621,0.23214285714285715,0.4001661273331114,6.0,10.0,2.0749542961608776,1.1060331336714684,0.04411764705882353,0.0
339,1,62.0,235.0,3.7903225806451615,0.06213643574828133,0.16393442622950818,0.09836065573770492,0.3137254901960784,0.6274509803921569,0.21568627450980393,0.4117647058823529,0.20967741935483872,0.0,0.07692307692307693,0.6923076923076923,0.6120225682280358,0.39197039097376535,0.36912336739702467,0.45929963963306636,NaN,NaN,NaN,NaN,4.607843137254902,5.657131539473159,2.288177259309409,0.9678503276474749,4.566666666666666,0.21568627450980393,0.3558470866180208,4.0,11.0,1.8756476683937824,0.8615655583226423,0.03225806451612903,0.0
34,1,66.0,233.0,3.5303030303030303,0.05431235431235431,0.13846153846153847,0.09230769230769231,0.30357142857142855,0.625,0.30357142857142855,0.375,0.21212121212121213,0.0,0.07142857142857142,0.5714285714285714,0.5307441906340167,0.4131963551422141,0.35017006802721085,0.46776261828749544,NaN,NaN,NaN,NaN,4.160714285714286,6.443535973683693,2.3505521255521256,1.0187064131470094,5.0,0.19642857142857142,0.37668554979647995,6.0,9.0,2.054908485856905,1.0748550444646965,0.030303030303030304,0.0
340,1,67.0,228.0,3.4029850746268657,0.051560379918588875,0.16666666666666666,0.09090909090909091,0.23636363636363636,0.6181818181818182,0.2909090909090909,0.45454545454545453,0.19402985074626866,0.0,0.07692307692307693,0.5384615384615384,0.5134466171990681,0.4119089271980392,0.3629076479076479,0.4579752543687585,NaN,NaN,NaN,NaN,4.1454545454545455,4.580223922304583,2.209679847433365,0.8579648897033538,4.413793103448276,0.23636363636363636,0.3902220486037197,4.0,8.0,1.626086956521739,0.6886679329211243,0.05970149253731343,0.0
341,1,68.0,298.0,4.382352941176471,0.06540825285338016,0.16417910447761194,0.0,0.25,0.6071428571428571,0.26785714285714285,0.4107142857142857,0.20588235294117646,0.0,0.07142857142857142,0.5714285714285714,0.49232735511742387,0.4005906811253988,0.33671596260881975,0.45381612746531264,NaN,NaN,NaN,NaN,5.321428571428571,7.816316600215551,2.326163843760986,1.0480587773008279,5.333333333333334,0.26785714285714285,0.4227067440880921,5.0,10.0,1.933852140077821,0.929758004504516,0.029411764705882353,0.0
342,1,68.0,241.0,3.5441176470588234,0.0528972783143108,0.16417910447761194,0.029850746268656716,0.19642857142857142,0.6607142857142857,0.26785714285714285,0.4107142857142857,0.20588235294117646,0.0,0.07142857142857142,0.5714285714285714,0.48058528790868144,0.4086798536110133,0.3472218492660222,0.45916208551209964,NaN,NaN,NaN,NaN,4.303571428571429,6.412827040342709,2.3388734644385436,1.1516472890249292,5.833333333333334,0.2857142857142857,0.5579333405345331,6.0,13.0,2.4120603015075375,1.2177121661663712,0.08823529411764706,0.0
343,1,68.0,270.0,3.9705882352941178,0.05926251097453907,0.16417910447761194,0.04477611940298507,0.26785714285714285,0.6071428571428571,0.25,0.42857142857142855,0.20588235294117646,0.0,0.07142857142857142,0.6428571428571429,0.535617167585003,0.3939533799728804,0.3528535965668319,0.451699022626964,NaN,NaN,NaN,NaN,4.821428571428571,5.868582430217687,2.2636757384162625,0.9201740589414555,4.833333333333334,0.2857142857142857,0.4109357794649436,6.0,11.0,2.029187817258883,0.9867796249478686,0.058823529411764705,0.0
344,1,68.0,313.0,4.602941176470588,0.06870061457418788,0.16417910447761194,0.05970149253731343,0.25,0.6428571428571429,0.19642857142857142,0.4107142857142857,0.20588235294117646,0.0,0.0,0.6428571428571429,0.5039342831645917,0.38262915439814266,0.3297158446712018,0.43579468979922903,NaN,NaN,NaN,NaN,5.589285714285714,7.195394450528846,2.27794541790472,0.9759042282958599,4.583333333333334,0.26785714285714285,0.3910150331554968,5.0,10.0,1.915945611866502,0.8874010205626855,0.08823529411764706,0.0
345,1,66.0,204.0,3.090909090909091,0.04755244755244755,0.15384615384615385,0.16923076923076924,0.2545454545454545,0.6181818181818182,0.2545454545454545,0.43636363636363634,0.21212121212121213,0.0,0.0,0.7142857142857143,0.48961691327576734,0.41733753573705357,0.361007881007881,0.4572226120503931,NaN,NaN,NaN,NaN,3.709090909090909,3.842610644556194,2.278058265708497,0.9475677685041752,5.090909090909091,0.23636363636363636,0.3794136385607642,5.0,9.0,1.8165548098434003,0.9095377705570357,0.045454545454545456,0.0
346,1,65.0,236.0,3.6307692307692307,0.05673076923076923,0.15625,0.09375,0.2222222222222222,0.6111111111111112,0.25925925925925924,0.42592592592592593,0.2153846153846154,0.0,0.07142857142857142,0.5714285714285714,0.5319802228484627,0.41263486477982864,0.35413727219282776,0.4531017937833286,NaN,NaN,NaN,NaN,4.37037037037037,5.474800922705451,2.238440734995002,0.8615510203932372,4.438356164383562,0.2962962962962963,0.4116748120992439,6.0,9.0,1.9194756554307115,1.062350268168072,0.03076923076923077,0.0
347,1,67.0,249.0,3.716417910447761,0.056309362279511534,0.16666666666666666,0.12121212121212122,0.2545454545454545,0.6545454545454545,0.2909090909090909,0.41818181818181815,0.208955223880597,0.0,0.0,0.5714285714285714,0.5536560085884311,0.41379395484952997,0.3646069389547651,0.4685956365854978,NaN,NaN,NaN,NaN,4.527272727272727,6.01804245721439,2.3007254854581123,1.0630548441588645,5.538461538461538,0.21818181818181817,0.419881733447371,7.0,11.0,2.504611330698287,1.4761667986167633,0.08955223880597014,0.0
348,1,64.0,215.0,3.359375,0.053323412698412696,0.1746031746031746,0.1111111111111111,0.28846153846153844,0.6346153846153846,0.15384615384615385,0.4423076923076923,0.0,0.0,NaN,NaN,0.519235333561638,0.38163691659251325,0.35089307060460906,0.4328191089517751,NaN,NaN,NaN,NaN,4.134615384615385,4.5634045003137915,2.266775030482841,0.9756001449196919,4.970588235294118,0.21153846153846154,0.3534229548214344,5.0,9.0,2.0944055944055946,1.057789137646754,0.03125,0.0
349,1,68.0,300.0,4.411764705882353,0.06584723441615452,0.16417910447761194,0.1044776119402985,0.23214285714285715,0.6428571428571429,0.25,0.44642857142857145,0.20588235294117646,0.0,0.07142857142857142,0.6428571428571429,0.5309032974602884,0.4001413350971543,0.34876510386763393,0.4497318443942008,NaN,NaN,NaN,NaN,5.357142857142857,7.030915035311282,2.2552443485075706,0.9403711233660816,4.857142857142858,0.25,0.3428406621790908,5.0,8.0,1.8859527121001392,0.9115844683221016,0.029411764705882353,0.0
35,1,68.0,305.0,4.485294117647059,0.06694468832309043,0.16417910447761194,0.014925373134328358,0.25,0.625,0.19642857142857142,0.42857142857142855,0.20588235294117646,0.0,0.0,0.6428571428571429,0.539324033561896,0.3917370241350785,0.3485960481030356,0.44451783085405194,NaN,NaN,NaN,NaN,5.446428571428571,6.1671258750281375,2.2601951411539107,0.9152243470274771,4.32258064516129,0.2857142857142857,0.3896547926960293,4.0,11.0,1.947488584474886,0.8360345002353801,0.058823529411764705,0.0
350,1,68.0,204.0,3.0,0.04477611940298507,0.16417910447761194,0.14925373134328357,0.30357142857142855,0.625,0.23214285714285715,0.42857142857142855,0.20588235294117646,0.0,0.07142857142857142,0.5714285714285714,0.5436188574352251,0.40986417811086945,0.3422348484848485,0.44614606960837067,NaN,NaN,NaN,NaN,3.642857142857143,4.231606492396653,2.237172898236342,0.9108079333993894,4.888888888888889,0.17857142857142858,0.27687023871066313,4.0,8.0,1.963740458015267,0.9482912767241248,0.0,0.0
351,1,63.0,244.0,3.873015873015873,0.06246799795186892,0.16129032258064516,0.06451612903225806,0.2692307692307692,0.6153846153846154,0.25,0.4423076923076923,0.2222222222222222,0.0,0.07142857142857142,0.5714285714285714,0.5866822187061168,0.4074583986777779,0.38820638902160637,0.4680797688414059,NaN,NaN,NaN,NaN,4.6923076923076925,5.471990932577846,2.2577979326978084,0.9211852415537606,4.578947368421053,0.23076923076923078,0.4079785975024002,4.0,8.0,1.561926605504587,0.7035672351459948,0.06349206349206349,0.0
352,1,67.0,294.0,4.388059701492537,0.06648575305291723,0.16666666666666666,0.07575757575757576,0.2727272727272727,0.6181818181818182,0.21818181818181817,0.43636363636363634,0.208955223880597,0.0,0.07142857142857142,0.7142857142857143,0.5595734654161438,0.3864444702873734,0.3581839607125648,0.4484411554468016,NaN,NaN,NaN,NaN,5.345454545454546,8.069646331729286,2.237584867109025,0.8904034416015754,4.6,0.23636363636363636,0.390875262267015,4.0,9.0,1.7884615384615385,0.7595545253127501,0.029850746268656716,0.0
353,1,65.0,272.0,4.184615384615385,0.06538461538461539,0.15625,0.09375,0.2222222222222222,0.6111111111111112,0.2962962962962963,0.4444444444444444,0.2153846153846154,0.0,0.07142857142857142,0.5714285714285714,0.5665607178920136,0.3874441738048338,0.37467842927613043,0.4660980808946471,NaN,NaN,NaN,NaN,5.037037037037037,6.845913153426849,2.294135017838079,0.9603765975313538,4.636363636363637,0.3148148148148148,0.3699244720316237,4.0,9.0,1.8247863247863247,0.7586389926586917,0.03076923076923077,0.0
354,1,68.0,293.0,4.3088235294117645,0.06431079894644424,0.16417910447761194,0.05970149253731343,0.25,0.625,0.19642857142857142,0.42857142857142855,0.20588235294117646,0.0,0.0,0.7142857142857143,0.49602893397230646,0.4015024363683922,0.3404357088580113,0.44288281084308917,NaN,NaN,NaN,NaN,5.232142857142857,7.301285245336347,2.2148397432208426,0.8316330604803286,4.014285714285714,0.25,0.3862397830919089,4.0,11.0,1.7427821522309712,0.6660386569553082,0.08823529411764706,0.0
355,1,62.0,195.0,3.1451612903225805,0.05156002115282919,0.18032786885245902,0.11475409836065574,0.32,0.6,0.28,0.46,0.22580645161290322,0.0,0.0,0.5714285714285714,0.6379336354932946,0.4064395722717738,0.38835098235098237,0.46077161806855327,NaN,NaN,NaN,NaN,3.9,4.647799567142125,2.2917408531790384,1.0178225308734763,4.90566037735849,0.24,0.4364013052706163,4.0,9.0,1.9649122807017543,0.8985322461483626,0.06451612903225806,0.0
356,1,67.0,243.0,3.626865671641791,0.05495251017639077,0.16666666666666666,0.07575757575757576,0.3090909090909091,0.6181818181818182,0.21818181818181817,0.43636363636363634,0.208955223880597,0.0,0.07142857142857142,0.6428571428571429,0.5426090837419459,0.39396406247129695,0.3515339732731037,0.4446976491391644,NaN,NaN,NaN,NaN,4.418181818181818,6.494130994500909,2.272013677069353,0.9356741733288487,4.395061728395062,0.2545454545454545,0.4251901543429778,4.0,12.0,1.9874826147426983,0.8251676148903968,0.07462686567164178,0.0
357,1,67.0,288.0,4.298507462686567,0.06512890094979647,0.16666666666666666,0.12121212121212122,0.2909090909090909,0.6181818181818182,0.18181818181818182,0.43636363636363634,0.208955223880597,0.0,0.0,0.6428571428571429,0.48205121119918337,0.40249037819389205,0.3385858585858586,0.4336390391559375,NaN,NaN,NaN,NaN,5.236363636363636,5.01096440914963,2.28963283041831,0.9820714197033685,5.0,0.23636363636363636,0.4706624521229415,4.0,11.0,1.6608,0.6818263558173584,0.07462686567164178,0.0
358,1,67.0,252.0,3.7611940298507465,0.05698778833107191,0.16666666666666666,0.07575757575757576,0.2909090909090909,0.6363636363636364,0.18181818181818182,0.43636363636363634,0.208955223880597,0.0,0.0,0.5714285714285714,0.47023071160653285,0.401476139563664,0.33990432799523707,0.4374277479269978,NaN,NaN,NaN,NaN,4.581818181818182,6.876397929501204,2.3034782478872025,1.0361713723669541,5.333333333333334,0.23636363636363636,0.36025956271077086,6.0,8.0,2.405698778833107,1.3309117834953885,0.029850746268656716,0.0
359,1,67.0,254.0,3.791044776119403,0.0574400723654455,0.16666666666666666,0.07575757575757576,0.2545454545454545,0.6181818181818182,0.18181818181818182,0.43636363636363634,0.208955223880597,0.0,0.07142857142857142,0.6428571428571429,0.5329382165017653,0.38517926911485983,0.3429311916154021,0.4372225821528424,NaN,NaN,NaN,NaN,4.618181818181818,4.923454482414156,2.2754556879072823,0.9580643930731988,4.777777777777778,0.2545454545454545,0.36932025560076553,5.0,11.0,1.8314785373608904,0.8256793429202678,0.029850746268656716,0.0
36,1,68.0,249.0,3.661764705882353,0.05465320456540825,0.16417910447761194,0.11940298507462686,0.26785714285714285,0.6071428571428571,0.25,0.42857142857142855,0.20588235294117646,0.0,0.07142857142857142,0.6428571428571429,0.535976686278868,0.39816389089421683,0.3587514172335601,0.45559498134776005,NaN,NaN,NaN,NaN,4.446428571428571,4.961376798859338,2.287834274630585,0.9850256323923382,4.916666666666666,0.2857142857142857,0.36155155269005007,4.0,9.0,1.8465608465608465,0.9031264831753687,0.058823529411764705,0.0
360,1,64.0,235.0,3.671875,0.05828373015873016,0.1746031746031746,0.1111111111111111,0.2692307692307692,0.6346153846153846,0.17307692307692307,0.4230769230769231,0.203125,0.0,0.0,0.5384615384615384,0.5305511473480223,0.37776587232603404,0.3616224053724053,0.44090519464312605,NaN,NaN,NaN,NaN,4.519230769230769,4.767086439553192,2.2440497675021143,0.9582310003089783,5.0,0.21153846153846154,0.36635822920355976,4.0,7.0,1.8767605633802817,0.8782831973046962,0.0,0.0
361,1,67.0,254.0,3.791044776119403,0.0574400723654455,0.16666666666666666,0.07575757575757576,0.2545454545454545,0.6181818181818182,0.23636363636363636,0.45454545454545453,0.208955223880597,0.0,0.07142857142857142,0.6428571428571429,0.5201571082815323,0.39698669434203493,0.34753191356287333,0.44099702943035374,NaN,NaN,NaN,NaN,4.618181818181818,6.317204342671741,2.2681199786514084,0.9417887980522404,4.720000000000001,0.2727272727272727,0.42224236531068177,4.0,11.0,1.9108187134502923,0.8361873503007732,0.07462686567164178,0.0
362,1,67.0,257.0,3.8358208955223883,0.05811849841700588,0.16666666666666666,0.06060606060606061,0.2727272727272727,0.6,0.2,0.45454545454545453,0.208955223880597,0.0,0.07142857142857142,0.6428571428571429,0.5189391714259453,0.38726323512479494,0.34148767898767896,0.43727782445175917,NaN,NaN,NaN,NaN,4.672727272727273,5.267139730704032,2.288136400286167,0.9649152473063423,4.545454545454545,0.2909090909090909,0.39815347391534656,4.0,10.0,1.901685393258427,0.8157365559612311,0.08955223880597014,0.0
363,1,68.0,293.0,4.3088235294117645,0.06431079894644424,0.16417910447761194,0.05970149253731343,0.25,0.6071428571428571,0.30357142857142855,0.42857142857142855,0.20588235294117646,0.0,0.07142857142857142,0.5714285714285714,0.48882335676077854,0.418612868776798,0.3631351287601287,0.4693378295001863,NaN,NaN,NaN,NaN,5.232142857142857,5.510291434063327,2.2984905000144122,0.98419516589834,5.0,0.26785714285714285,0.3667684845443341,4.0,10.0,1.8178025034770515,0.7944200666384542,0.058823529411764705,0.0
364,1,65.0,220.0,3.3846153846153846,0.052884615384615384,0.171875,0.078125,0.2641509433962264,0.6037735849056604,0.22641509433962265,0.4528301886792453,0.2153846153846154,0.0,0.0,0.5714285714285714,0.5161130121786307,0.3959367102535674,0.3429822243362754,0.44374487848488514,NaN,NaN,NaN,NaN,4.150943396226415,5.641181772039962,2.353495402991193,1.1074577427184902,5.102564102564102,0.2830188679245283,0.4400720360005335,6.0,12.0,2.1032028469750887,1.1138523624518082,0.06153846153846154,0.0
365,1,67.0,247.0,3.6865671641791047,0.05585707824513795,0.16666666666666666,0.07575757575757576,0.2727272727272727,0.6363636363636364,0.2,0.43636363636363634,0.208955223880597,0.0,0.0,0.5714285714285714,0.5292629127364876,0.3863147155989342,0.344315886134068,0.4382922724502968,NaN,NaN,NaN,NaN,4.490909090909091,4.371086513259295,2.294067738284714,1.0052022261726155,4.704225352112676,0.23636363636363636,0.4785239995802133,4.0,11.0,1.9955621301775148,0.9116421377082312,0.08955223880597014,0.0
366,1,68.0,244.0,3.588235294117647,0.053555750658472345,0.16417910447761194,0.08955223880597014,0.26785714285714285,0.6071428571428571,0.23214285714285715,0.44642857142857145,0.20588235294117646,0.0,0.07142857142857142,0.6428571428571429,0.49566165774420134,0.4007488625681446,0.3573197032436163,0.4457740927920885,NaN,NaN,NaN,NaN,4.357142857142857,4.803137502729843,2.256286788771317,0.9265699411200569,4.818181818181818,0.25,0.4093183796890383,4.0,10.0,1.8983333333333334,0.8940522568352152,0.07352941176470588,0.0
367,1,67.0,257.0,3.8358208955223883,0.05811849841700588,0.16666666666666666,0.06060606060606061,0.23636363636363636,0.6181818181818182,0.2727272727272727,0.4727272727272727,0.208955223880597,0.0,0.07142857142857142,0.5714285714285714,0.5616681115086727,0.3923366390947996,0.36583038173947263,0.454161690104267,NaN,NaN,NaN,NaN,4.672727272727273,5.196346813100546,2.2667798232508205,0.9290631140061205,4.5,0.2727272727272727,0.4424872486610756,4.0,10.0,1.8729508196721312,0.7751125651710581,0.07462686567164178,0.0
368,1,67.0,247.0,3.6865671641791047,0.05585707824513795,0.16666666666666666,0.12121212121212122,0.2545454545454545,0.6181818181818182,0.2,0.45454545454545453,0.208955223880597,0.0,0.0,0.6428571428571429,0.5470483239184225,0.4047424703815995,0.3610382546746183,0.4438541868389141,NaN,NaN,NaN,NaN,4.490909090909091,4.545542086699105,2.21817152025344,0.8547472153210993,4.256410256410256,0.21818181818181817,0.3529143955834635,5.0,8.0,1.7676950998185117,0.8358609853718822,0.05970149253731343,0.0
369,1,67.0,265.0,3.955223880597015,0.059927634554500224,0.16666666666666666,0.06060606060606061,0.21818181818181817,0.6363636363636364,0.23636363636363636,0.45454545454545453,0.208955223880597,0.0,0.07142857142857142,0.6428571428571429,0.5152777506442432,0.38843603115115743,0.341515429015429,0.43414513366855145,NaN,NaN,NaN,NaN,4.818181818181818,7.203627967368656,2.2379656550828457,0.9000944793328962,4.291666666666666,0.2545454545454545,0.4602564489629368,5.0,10.0,1.8228404099560762,0.8064655241540698,0.07462686567164178,0.0
37,1,67.0,259.0,3.8656716417910446,0.05857078245137946,0.15151515151515152,0.12121212121212122,0.2857142857142857,0.6071428571428571,0.17857142857142858,0.4107142857142857,0.208955223880597,0.0,0.07142857142857142,0.5714285714285714,0.45428790335023306,0.3788322431185451,0.3233418367346938,0.4275635502419943,NaN,NaN,NaN,NaN,4.625,5.645794895318107,2.3066636062939594,0.9665433383485319,4.75,0.21428571428571427,0.36740925683910874,3.0,10.0,1.7001862197392923,0.7490416531097128,0.07462686567164178,0.0
370,1,67.0,242.0,3.611940298507463,0.05472636815920398,0.15151515151515152,0.10606060606060606,0.25,0.625,0.26785714285714285,0.42857142857142855,0.208955223880597,0.0,0.07142857142857142,0.6428571428571429,0.5106918509321617,0.41006403427607835,0.35798739950525665,0.45961666892755854,NaN,NaN,NaN,NaN,4.321428571428571,5.46095943237797,2.3104367618707853,1.0120294318358933,5.064516129032258,0.26785714285714285,0.38702861583941683,5.0,9.0,1.850828729281768,0.9301401781747869,0.029850746268656716,0.0
371,1,66.0,235.0,3.5606060606060606,0.054778554778554776,0.16923076923076924,0.015384615384615385,0.24074074074074073,0.6296296296296297,0.24074074074074073,0.42592592592592593,0.21212121212121213,0.0,0.07142857142857142,0.6428571428571429,0.5200319539565703,0.40074339539176795,0.34615901074234406,0.44654129947929605,NaN,NaN,NaN,NaN,4.351851851851852,6.533390022429796,2.2478881550413887,0.9263016536353563,4.545454545454545,0.2777777777777778,0.4454858202337993,4.0,9.0,1.8569321533923304,0.7403963357165371,0.06060606060606061,0.0
372,1,66.0,219.0,3.3181818181818183,0.05104895104895105,0.16923076923076924,0.07692307692307693,0.2777777777777778,0.6111111111111112,0.24074074074074073,0.42592592592592593,0.21212121212121213,0.0,0.0,0.5714285714285714,0.5455478819265832,0.38536362413864034,0.34845679012345676,0.4460726421569776,NaN,NaN,NaN,NaN,4.055555555555555,5.451039944633265,2.28027503436033,0.9634506842188209,4.566666666666666,0.24074074074074073,0.40014129979716695,5.0,10.0,1.9921259842519685,0.9099525327527731,0.045454545454545456,0.0
373,1,68.0,293.0,4.3088235294117645,0.06431079894644424,0.16417910447761194,0.08955223880597014,0.23214285714285715,0.625,0.23214285714285715,0.42857142857142855,0.20588235294117646,0.0,0.07142857142857142,0.6428571428571429,0.5209835085761843,0.40276526521040174,0.34780023120359255,0.4557415163720046,NaN,NaN,NaN,NaN,5.232142857142857,6.2841534366678555,2.259817267792637,0.9282518881600049,4.701754385964913,0.25,0.35543429611402977,4.0,8.0,1.7975206611570247,0.7730240993612145,0.04411764705882353,0.0
374,1,67.0,252.0,3.7611940298507465,0.05698778833107191,0.16666666666666666,0.030303030303030304,0.2727272727272727,0.6181818181818182,0.21818181818181817,0.41818181818181815,0.208955223880597,0.0,0.0,0.5714285714285714,0.5233085988118393,0.3900046435886968,0.3412409812409812,0.4444585040617672,NaN,NaN,NaN,NaN,4.581818181818182,5.028404168804302,2.301369721807797,1.0035552214709849,4.696969696969697,0.2727272727272727,0.4322395360920327,4.0,11.0,1.9474412171507607,0.8388116233140951,0.05970149253731343,0.0
375,1,66.0,193.0,2.9242424242424243,0.04498834498834499,0.16923076923076924,0.13846153846153847,0.2777777777777778,0.6481481481481481,0.2222222222222222,0.4444444444444444,0.21212121212121213,0.0,0.0,0.6428571428571429,0.5424156598403249,0.39900156402150805,0.3532701352145797,0.44894694442000677,NaN,NaN,NaN,NaN,3.574074074074074,3.5267273399369223,2.334134939577523,1.146528878502103,5.888888888888889,0.2222222222222222,0.5779343450103196,5.0,9.0,1.9232456140350878,0.9792502138367919,0.07575757575757576,0.0
376,1,66.0,246.0,3.727272727272727,0.057342657342657345,0.16923076923076924,0.13846153846153847,0.2962962962962963,0.6296296296296297,0.2222222222222222,0.3888888888888889,0.21212121212121213,0.0,0.0,0.6428571428571429,0.4921194334215168,0.40377719019510727,0.3472516166960611,0.45264793178432555,NaN,NaN,NaN,NaN,4.555555555555555,7.277949811527934,2.2681561532776655,0.9798645976762022,5.045454545454545,0.16666666666666666,0.3405558035684823,5.0,9.0,2.074367088607595,1.1199846804161153,0.0,0.0
377,1,67.0,292.0,4.358208955223881,0.06603346901854365,0.16666666666666666,0.07575757575757576,0.2,0.6181818181818182,0.16363636363636364,0.43636363636363634,0.208955223880597,0.0,0.07142857142857142,0.6428571428571429,0.49292820784403274,0.39252856741548486,0.3325247984338893,0.4342758365837792,NaN,NaN,NaN,NaN,5.3090909090909095,6.191011187893262,2.282352283903672,1.0005690153069362,4.983333333333333,0.3090909090909091,0.43268208795432633,5.0,10.0,1.7916666666666667,0.8476488074508204,0.08955223880597014,0.0
378,1,67.0,232.0,3.462686567164179,0.052464947987336044,0.16666666666666666,0.06060606060606061,0.2909090909090909,0.6363636363636364,0.2545454545454545,0.41818181818181815,0.208955223880597,0.0,0.14285714285714285,0.5714285714285714,0.48970256643449916,0.3970258535726512,0.3524422244422244,0.4544090801063715,NaN,NaN,NaN,NaN,4.218181818181818,5.090626495283083,2.303138958649263,1.0493773740212502,5.285714285714286,0.2,0.4227602826824356,5.0,8.0,1.6827586206896552,0.8669836072512173,0.04477611940298507,0.0
379,1,66.0,259.0,3.9242424242424243,0.060372960372960374,0.16923076923076924,0.06153846153846154,0.25925925925925924,0.6111111111111112,0.16666666666666666,0.4444444444444444,0.21212121212121213,0.0,0.07142857142857142,0.5714285714285714,0.5612969037017829,0.3904179548222541,0.3628427128427129,0.44647450609639266,NaN,NaN,NaN,NaN,4.796296296296297,5.033396503692338,2.333117658379392,1.1065695299514233,6.166666666666667,0.2962962962962963,0.39058680893959835,6.0,9.0,2.251453488372093,1.270822806797243,0.030303030303030304,0.0
38,1,65.0,211.0,3.246153846153846,0.050721153846153846,0.171875,0.09375,0.3018867924528302,0.6226415094339622,0.20754716981132076,0.41509433962264153,0.2153846153846154,0.0,0.0,0.5714285714285714,0.5803311453861767,0.38877934453163326,0.3448637316561845,0.44252671068347166,NaN,NaN,NaN,NaN,3.981132075471698,4.120728865876371,2.3433297676251783,1.104107515383861,5.3,0.2641509433962264,0.39940444801276725,6.0,8.0,1.9577464788732395,1.027948822836842,0.03076923076923077,0.0
380,1,68.0,263.0,3.8676470588235294,0.0577260755048288,0.16417910447761194,0.05970149253731343,0.25,0.625,0.25,0.44642857142857145,0.20588235294117646,0.0,0.07142857142857142,0.5714285714285714,0.5583743848201993,0.40730400935831895,0.3528381175702604,0.4531315936742898,NaN,NaN,NaN,NaN,4.696428571428571,6.295509634528532,2.2888798599584135,1.0342302643792696,5.6764705882352935,0.25,0.4046344977861706,5.0,10.0,2.1351724137931036,1.0966757299660248,0.04411764705882353,0.0
381,1,63.0,233.0,3.6984126984126986,0.05965181771633384,0.1774193548387097,0.016129032258064516,0.2549019607843137,0.6274509803921569,0.23529411764705882,0.47058823529411764,0.20634920634920634,0.0,0.07692307692307693,0.5384615384615384,0.5823797738578397,0.4114107677418974,0.3724415018532666,0.4489104342325373,NaN,NaN,NaN,NaN,4.568627450980392,6.931824873612387,2.2099719807443385,0.8798795749409625,4.416666666666666,0.23529411764705882,0.3654928045158101,4.0,8.0,1.695906432748538,0.7215453840390573,0.047619047619047616,0.0
382,1,66.0,250.0,3.787878787878788,0.05827505827505827,0.13846153846153847,0.046153846153846156,0.2857142857142857,0.6428571428571429,0.23214285714285715,0.35714285714285715,0.21212121212121213,0.0,0.07142857142857142,0.5714285714285714,0.4647374980161937,0.40953624883930767,0.3282450480192077,0.4560972884195369,NaN,NaN,NaN,NaN,4.464285714285714,5.379977308888565,2.3244105602021397,0.9848973983639405,4.838709677419355,0.23214285714285715,0.4451355032357826,5.0,12.0,2.0,0.9511173836370815,0.10606060606060606,0.0
383,1,68.0,264.0,3.8823529411764706,0.05794556628621598,0.16417910447761194,0.08955223880597014,0.23214285714285715,0.6071428571428571,0.23214285714285715,0.42857142857142855,0.20588235294117646,0.0,0.07142857142857142,0.5714285714285714,0.48977181829640765,0.401867013247475,0.3373485797827903,0.44784210292080495,NaN,NaN,NaN,NaN,4.714285714285714,5.502773798778165,2.266979918841232,0.9326763421778332,4.666666666666666,0.2857142857142857,0.3919373678853061,4.0,10.0,1.784829721362229,0.7625856985968327,0.029411764705882353,0.0
384,1,67.0,306.0,4.567164179104478,0.06919945725915876,0.15151515151515152,0.10606060606060606,0.23214285714285715,0.625,0.17857142857142858,0.44642857142857145,0.208955223880597,0.0,0.0,0.6428571428571429,0.4788153229684152,0.3978254988653745,0.3424738455988456,0.4379804309371356,NaN,NaN,NaN,NaN,5.464285714285714,5.627737429147576,2.307856459397197,0.9823230679272252,4.727272727272727,0.26785714285714285,0.40073248588247773,4.0,8.0,1.6734006734006734,0.7820064678440755,0.08955223880597014,0.0
385,1,66.0,215.0,3.257575757575758,0.05011655011655012,0.16923076923076924,0.1076923076923077,0.2962962962962963,0.6111111111111112,0.3333333333333333,0.3888888888888889,0.21212121212121213,0.0,0.07142857142857142,0.5714285714285714,0.5279040033250184,0.43697464771233074,0.3612926652142338,0.4732720646566269,NaN,NaN,NaN,NaN,3.9814814814814814,5.61497573287567,2.312508556378388,1.0429866178174687,5.125,0.24074074074074073,0.47927747376885627,4.0,11.0,1.7581699346405228,0.8282101271581315,0.07575757575757576,0.0
386,1,64.0,232.0,3.625,0.057539682539682536,0.15873015873015872,0.047619047619047616,0.24528301886792453,0.6226415094339622,0.20754716981132076,0.4528301886792453,0.21875,0.0,0.0,0.6428571428571429,0.5707324298846326,0.40384122180774357,0.3510841991811413,0.4438814314125147,NaN,NaN,NaN,NaN,4.377358490566038,5.031540577253803,2.3052038860359234,0.9875016063355847,5.057142857142857,0.2641509433962264,0.43081746955820216,4.0,10.0,1.9969135802469136,0.9203132884699118,0.078125,0.0
387,1,66.0,288.0,4.363636363636363,0.06713286713286713,0.15384615384615385,0.046153846153846156,0.23636363636363636,0.6181818181818182,0.3090909090909091,0.43636363636363634,0.21212121212121213,0.0,0.07142857142857142,0.7142857142857143,0.5495267864497727,0.41542122374948165,0.36720462840783696,0.4684508191798955,NaN,NaN,NaN,NaN,5.236363636363636,8.009169828815054,2.2640183499617157,0.8869281194648355,4.5,0.2727272727272727,0.41258373273182564,4.0,10.0,1.7960618846694796,0.766764717091339,0.0,0.0
388,1,66.0,261.0,3.9545454545454546,0.06083916083916084,0.16923076923076924,0.015384615384615385,0.2777777777777778,0.5925925925925926,0.2222222222222222,0.4444444444444444,0.21212121212121213,0.0,0.07142857142857142,0.6428571428571429,0.5223391269934459,0.40448094343425245,0.3542217813051146,0.4507326452020638,NaN,NaN,NaN,NaN,4.833333333333333,6.242731622711931,2.301984103401499,1.0351804598556735,5.583333333333334,0.24074074074074073,0.46339474119957375,5.0,10.0,1.9362962962962964,0.9515415734922915,0.09090909090909091,0.0
389,1,67.0,245.0,3.656716417910448,0.05540479421076436,0.16666666666666666,0.045454545454545456,0.23636363636363636,0.6181818181818182,0.2727272727272727,0.4727272727272727,0.208955223880597,0.0,0.0,0.6428571428571429,0.5644944499115833,0.3990673866458788,0.3633778966131907,0.45118770763661686,NaN,NaN,NaN,NaN,4.454545454545454,6.08220897316641,2.2923508381084634,1.0010753693899233,4.875,0.2545454545454545,0.4280444001635359,6.0,10.0,2.109011627906977,1.0412343810375728,0.08955223880597014,0.0
39,1,67.0,289.0,4.313432835820896,0.06535504296698326,0.15151515151515152,0.10606060606060606,0.21428571428571427,0.6607142857142857,0.25,0.42857142857142855,0.208955223880597,0.0,0.14285714285714285,0.6428571428571429,0.5172625590740018,0.4165783102147415,0.35370709647495363,0.45384328998469564,NaN,NaN,NaN,NaN,5.160714285714286,7.175151023343844,2.251427006997966,0.9279024185968939,4.95,0.23214285714285715,0.3441322537062884,5.0,8.0,1.7402135231316727,0.8856865111526949,0.0,0.0
390,1,68.0,261.0,3.838235294117647,0.05728709394205443,0.16417910447761194,0.11940298507462686,0.2857142857142857,0.625,0.23214285714285715,0.39285714285714285,0.20588235294117646,0.0,0.07142857142857142,0.5714285714285714,0.518033631919245,0.4128172732588272,0.3495535714285714,0.459677330587852,NaN,NaN,NaN,NaN,4.660714285714286,4.357967773731596,2.2743013396713754,0.9619106080229075,4.708333333333334,0.23214285714285715,0.4021768465263489,4.0,10.0,1.6126482213438735,0.7093143410523804,0.07352941176470588,0.0
391,1,66.0,257.0,3.893939393939394,0.05990675990675991,0.15384615384615385,0.13846153846153847,0.2909090909090909,0.6,0.2545454545454545,0.43636363636363634,0.21212121212121213,0.0,0.07142857142857142,0.6428571428571429,0.5080918355634265,0.39854292981841866,0.3555201364292273,0.4537071027828637,NaN,NaN,NaN,NaN,4.672727272727273,6.952363161929442,2.2753872140322566,0.9294123878029205,5.090909090909091,0.21818181818181817,0.37421412388001857,5.0,8.0,1.9335548172757475,1.0151450415545202,0.030303030303030304,0.0
392,1,68.0,279.0,4.102941176470588,0.061237928007023705,0.16417910447761194,0.029850746268656716,0.25,0.6428571428571429,0.2857142857142857,0.42857142857142855,0.20588235294117646,0.0,0.07142857142857142,0.6428571428571429,0.5397787377457413,0.4016809740604308,0.3730640589569161,0.47014221054159017,NaN,NaN,NaN,NaN,4.982142857142857,5.616505129538284,2.2841454413629965,0.9921068319716211,4.75,0.25,0.44915719847962254,4.0,12.0,1.914361001317523,0.8357398134186458,0.10294117647058823,0.0
393,1,63.0,203.0,3.2222222222222223,0.05197132616487455,0.1774193548387097,0.04838709677419355,0.29411764705882354,0.6078431372549019,0.29411764705882354,0.43137254901960786,0.20634920634920634,0.0,0.0,0.6153846153846154,0.5380253111570651,0.41872699833530336,0.3813725490196078,0.468453686301165,NaN,NaN,NaN,NaN,3.980392156862745,5.120508553174894,2.2609058020474158,0.9607221183747905,4.5813953488372094,0.23529411764705882,0.40203532237968254,5.0,10.0,2.06794425087108,1.0184597875939663,0.06349206349206349,0.0
394,1,67.0,325.0,4.850746268656716,0.07349615558570782,0.16666666666666666,0.07575757575757576,0.23636363636363636,0.6181818181818182,0.2,0.4727272727272727,0.19402985074626866,0.0,0.07692307692307693,0.6153846153846154,0.5348348669888453,0.3807521123178557,0.35838383838383836,0.4415892125313394,NaN,NaN,NaN,NaN,5.909090909090909,6.8671864077108875,2.2472065016936016,0.9200713820149744,4.583333333333334,0.2727272727272727,0.4068625680486999,6.0,11.0,1.8254777070063695,0.8986174513111007,0.08955223880597014,0.0
395,1,68.0,282.0,4.147058823529412,0.06189640035118525,0.16417910447761194,0.08955223880597014,0.23214285714285715,0.625,0.17857142857142858,0.4107142857142857,0.20588235294117646,0.0,0.0,0.6428571428571429,0.5239595201506527,0.39353330626457206,0.33901935774309727,0.4362395046983323,NaN,NaN,NaN,NaN,5.035714285714286,7.291250761175181,2.358689706744368,1.1666594058260957,6.5,0.30357142857142855,0.41407006347834197,6.0,10.0,2.3587385019710907,1.4174961194423312,0.029411764705882353,0.0
396,1,68.0,258.0,3.7941176470588234,0.05662862159789289,0.16417910447761194,0.11940298507462686,0.26785714285714285,0.6428571428571429,0.17857142857142858,0.39285714285714285,0.20588235294117646,0.0,0.0,0.7142857142857143,0.502611313416713,0.3941519786335818,0.330509768009768,0.44143638813529057,NaN,NaN,NaN,NaN,4.607142857142857,5.649387968230224,2.2578988071354456,0.9451903314093741,4.9,0.23214285714285715,0.33406854820399845,4.0,8.0,1.7482014388489209,0.8062237650610886,0.04411764705882353,0.0
397,1,66.0,243.0,3.6818181818181817,0.056643356643356645,0.16923076923076924,0.07692307692307693,0.24074074074074073,0.6296296296296297,0.24074074074074073,0.4444444444444444,0.19696969696969696,0.0,0.0,0.5384615384615384,0.5374932222857967,0.3937444992738111,0.3630878894767784,0.4511072128835728,NaN,NaN,NaN,NaN,4.5,5.571998726787431,2.2516797084755904,0.9462238332566553,4.514851485148515,0.25925925925925924,0.3590197199680803,5.0,8.0,1.8465608465608465,0.8732891337030394,0.030303030303030304,0.0
398,1,64.0,278.0,4.34375,0.0689484126984127,0.15873015873015872,0.031746031746031744,0.22641509433962265,0.6037735849056604,0.18867924528301888,0.4716981132075472,0.21875,0.0,0.07142857142857142,0.5714285714285714,0.5491660284592247,0.3897512404621267,0.36403795366059516,0.44196279701312297,NaN,NaN,NaN,NaN,5.245283018867925,6.664791705376263,2.3210628830288416,1.0209095621137625,5.230769230769231,0.3018867924528302,0.4262783406275736,5.0,9.0,1.9407407407407407,1.001208194190987,0.0,0.0
399,1,68.0,222.0,3.264705882352941,0.048726953467954345,0.16417910447761194,0.05970149253731343,0.25,0.625,0.21428571428571427,0.4107142857142857,0.20588235294117646,0.0,0.0,0.6428571428571429,0.5070202020202019,0.40029530857047413,0.3270124716553288,0.4403980590400378,NaN,NaN,NaN,NaN,3.9642857142857144,5.691985707879219,2.2492425427286795,0.9430866888968717,5.545454545454545,0.21428571428571427,0.36335406238462026,5.0,8.0,1.9061224489795918,1.0640833037921056,0.029411764705882353,0.0
4,1,63.0,228.0,3.619047619047619,0.05837173579109063,0.16129032258064516,0.04838709677419355,0.2692307692307692,0.6153846153846154,0.25,0.46153846153846156,0.20634920634920634,0.0,0.0,0.6153846153846154,0.5283820072595583,0.3870934873178876,0.35476953601953604,0.44867546739846587,NaN,NaN,NaN,NaN,4.384615384615385,5.615642879244517,2.294629924640945,0.9801085264544063,5.157894736842105,0.25,0.37254836294785953,4.0,9.0,1.9059967585089141,0.8418322356482247,0.06349206349206349,0.0
40,1,68.0,282.0,4.147058823529412,0.06189640035118525,0.16417910447761194,0.1044776119402985,0.2857142857142857,0.6071428571428571,0.19642857142857142,0.4107142857142857,0.20588235294117646,0.0,0.07142857142857142,0.6428571428571429,0.4997097349471519,0.39208324110649767,0.3382416855631141,0.4390473473896243,NaN,NaN,NaN,NaN,5.035714285714286,6.779552910210058,2.245384910699844,0.8850816132759151,4.277777777777778,0.25,0.347722321964163,5.0,9.0,1.8724279835390947,0.8589667656496208,0.029411764705882353,0.0
400,1,64.0,254.0,3.96875,0.06299603174603174,0.1746031746031746,0.09523809523809523,0.23076923076923078,0.6153846153846154,0.3269230769230769,0.4423076923076923,0.203125,0.0,0.07692307692307693,0.6923076923076923,0.5557872221909647,0.4050802566541894,0.3897741147741148,0.4722566701401001,NaN,NaN,NaN,NaN,4.884615384615385,7.790526791707201,2.2082657014528806,0.8672223974216943,4.413793103448276,0.23076923076923078,0.41938379084565486,4.0,10.0,1.710217755443886,0.6961876912846824,0.0625,0.0
401,1,68.0,234.0,3.4411764705882355,0.051360842844600525,0.16417910447761194,0.13432835820895522,0.30357142857142855,0.625,0.17857142857142858,0.4107142857142857,0.20588235294117646,0.0,0.07142857142857142,0.5714285714285714,0.5538083458589943,0.4004712655702944,0.3350236568986569,0.435325577239223,NaN,NaN,NaN,NaN,4.178571428571429,3.814361106312648,2.2563305522427313,0.9458509332623524,4.615384615384615,0.19642857142857142,0.4135518134542896,4.0,9.0,1.768642447418738,0.793901245749869,0.04411764705882353,0.0
402,1,67.0,316.0,4.7164179104477615,0.07146087743102668,0.16666666666666666,0.0,0.23636363636363636,0.6,0.2545454545454545,0.41818181818181815,0.208955223880597,0.0,0.0,0.7142857142857143,0.5039283218345162,0.3902358253640474,0.3376610258428441,0.44778943230426516,NaN,NaN,NaN,NaN,5.745454545454545,8.88239661898576,2.235409769074214,0.8708903169009271,4.5,0.3090909090909091,0.4126035725124395,4.0,11.0,1.922722029988466,0.8363993929836413,0.05970149253731343,0.0
403,1,66.0,273.0,4.136363636363637,0.06363636363636363,0.16923076923076924,0.12307692307692308,0.24074074074074073,0.6111111111111112,0.2037037037037037,0.4444444444444444,0.21212121212121213,0.0,0.0,0.5714285714285714,0.5101862129505382,0.3746384553217739,0.3471171802054155,0.436976752938241,NaN,NaN,NaN,NaN,5.055555555555555,6.226591383058015,2.2849705019866757,0.9826158816395553,4.909090909090909,0.25925925925925924,0.36734300249880153,4.0,9.0,1.688336520076482,0.8421360962130494,0.07575757575757576,0.0
404,1,66.0,261.0,3.9545454545454546,0.06083916083916084,0.16923076923076924,0.1076923076923077,0.24074074074074073,0.6296296296296297,0.3333333333333333,0.46296296296296297,0.21212121212121213,0.0,0.0,0.6428571428571429,0.5538388745649775,0.4190520345207341,0.37949719730765485,0.4736368086188154,NaN,NaN,NaN,NaN,4.833333333333333,4.788941664308614,2.318308455674997,1.079131707851205,5.181818181818182,0.2777777777777778,0.522327143093111,6.0,12.0,1.995639534883721,0.9868029617432087,0.12121212121212122,0.0
405,1,66.0,320.0,4.848484848484849,0.07459207459207459,0.16923076923076924,0.015384615384615385,0.2037037037037037,0.6296296296296297,0.24074074074074073,0.46296296296296297,0.21212121212121213,0.0,0.07142857142857142,0.6428571428571429,0.548585892501795,0.3945795493838526,0.36724495774740873,0.4566373737578094,NaN,NaN,NaN,NaN,5.925925925925926,8.268722270968443,2.2613689996865167,0.9507168453963524,4.611111111111111,0.2962962962962963,0.4200686967024868,4.0,13.0,1.9105504587155964,0.8251381513106479,0.09090909090909091,0.0
406,1,65.0,234.0,3.6,0.05625,0.15625,0.046875,0.25925925925925924,0.6111111111111112,0.2777777777777778,0.4074074074074074,0.2153846153846154,0.0,0.07142857142857142,0.6428571428571429,0.5306834024681394,0.3966670097622605,0.3473892011172713,0.4636121098881411,NaN,NaN,NaN,NaN,4.333333333333333,6.5761145837696535,2.3434777651498298,1.0450026663817495,5.096153846153847,0.2962962962962963,0.38100100091996375,5.0,9.0,2.1413189771197847,0.991990503091783,0.06153846153846154,0.0
407,1,66.0,240.0,3.6363636363636362,0.055944055944055944,0.16923076923076924,0.12307692307692308,0.25925925925925924,0.5925925925925926,0.25925925925925924,0.42592592592592593,0.21212121212121213,0.0,0.0,0.5714285714285714,0.5655433721725689,0.4140724186701388,0.3687169312169312,0.45676988663734786,NaN,NaN,NaN,NaN,4.444444444444445,5.768053419618471,2.2691830937398767,0.9581173176806763,4.818181818181818,0.2777777777777778,0.32992714136907514,5.0,9.0,1.6413793103448275,0.834253954104873,0.030303030303030304,0.0
408,1,68.0,288.0,4.235294117647059,0.06321334503950835,0.16417910447761194,0.04477611940298507,0.26785714285714285,0.6607142857142857,0.21428571428571427,0.4107142857142857,0.20588235294117646,0.0,0.07142857142857142,0.7142857142857143,0.49038682036064074,0.4014483989511566,0.3356091527520099,0.4464995699244922,NaN,NaN,NaN,NaN,5.142857142857143,6.908304808321308,2.2306728020335225,0.9018504798642712,4.589285714285714,0.19642857142857142,0.3737620030684773,5.0,10.0,1.9481865284974094,0.8952442885094634,0.029411764705882353,0.0
409,1,64.0,214.0,3.34375,0.053075396825396824,0.1746031746031746,0.06349206349206349,0.2692307692307692,0.6346153846153846,0.23076923076923078,0.4423076923076923,0.21875,0.0,0.07142857142857142,0.5714285714285714,0.5902423769187162,0.3988355599772892,0.3630494505494505,0.449496737240621,NaN,NaN,NaN,NaN,4.115384615384615,5.31610149858786,2.287148303730351,1.0400177014471141,5.5,0.21153846153846154,0.4171022283710161,5.0,8.0,1.7712418300653594,0.875404325992823,0.03125,0.0
41,1,67.0,229.0,3.417910447761194,0.05178652193577567,0.15151515151515152,0.18181818181818182,0.26785714285714285,0.625,0.17857142857142858,0.42857142857142855,0.208955223880597,0.0,0.0,0.5714285714285714,0.5168300498064365,0.39636614837386885,0.3381535947712418,0.43597895124949054,NaN,NaN,NaN,NaN,4.089285714285714,3.563842592760521,2.3106579398190363,0.9805096376039408,4.5777777777777775,0.25,0.40267294051884556,5.0,11.0,1.744,0.7948128426930583,0.1044776119402985,0.0
410,1,67.0,291.0,4.343283582089552,0.06580732700135686,0.16666666666666666,0.06060606060606061,0.2545454545454545,0.6,0.18181818181818182,0.43636363636363634,0.208955223880597,0.0,0.0,0.5714285714285714,0.5000831066103483,0.38563659524265803,0.33606271637892193,0.43675452580609914,NaN,NaN,NaN,NaN,5.290909090909091,6.2795161622790046,2.2535860521328717,0.9109918129877252,4.833333333333334,0.23636363636363636,0.3580862652223581,5.0,10.0,1.9649595687331536,0.9643363522404643,0.08955223880597014,0.0
411,1,68.0,268.0,3.9411764705882355,0.058823529411764705,0.16417910447761194,0.13432835820895522,0.25,0.625,0.25,0.4107142857142857,0.20588235294117646,0.0,0.07142857142857142,0.6428571428571429,0.5227895926113667,0.38747493970929026,0.3480228574683462,0.4554004065622639,NaN,NaN,NaN,NaN,4.785714285714286,6.869469440183163,2.3355788603643997,1.0908820620536266,5.5,0.23214285714285715,0.35732294506155793,4.0,7.0,1.6842105263157894,0.8301474187408556,0.029411764705882353,0.0
412,1,63.0,157.0,2.492063492063492,0.04019457245263697,0.16129032258064516,0.1774193548387097,0.3269230769230769,0.5961538461538461,0.2692307692307692,0.4230769230769231,0.2222222222222222,0.0,0.07142857142857142,0.5714285714285714,0.5147124685210622,0.3991380605152357,0.3541895604395604,0.451163067144817,NaN,NaN,NaN,NaN,3.019230769230769,2.5243161342631706,2.3156433828410283,0.9878278635694154,4.774193548387097,0.23076923076923078,0.4333671899837379,4.0,10.0,1.8498727735368956,0.8177596536385696,0.09523809523809523,0.0
413,1,67.0,250.0,3.7313432835820897,0.056535504296698326,0.16666666666666666,0.10606060606060606,0.2909090909090909,0.6181818181818182,0.3090909090909091,0.4,0.208955223880597,0.0,0.07142857142857142,0.6428571428571429,0.5496159101060503,0.41527228384602827,0.36195707070707067,0.4712962146431501,NaN,NaN,NaN,NaN,4.545454545454546,6.054744640357069,2.2735350030247923,0.9651539667619798,4.923076923076923,0.21818181818181817,0.3835710419928254,4.0,9.0,1.7983471074380166,0.7777944142510468,0.04477611940298507,0.0
414,1,68.0,223.0,3.2794117647058822,0.048946444249341525,0.16417910447761194,0.08955223880597014,0.25,0.6071428571428571,0.19642857142857142,0.42857142857142855,0.20588235294117646,0.0,0.07142857142857142,0.5714285714285714,0.4889629705995481,0.3913744713465818,0.33285619803476946,0.43863860643790326,NaN,NaN,NaN,NaN,3.982142857142857,4.822263035051155,2.3070836607476557,1.0275062523615506,5.666666666666666,0.2857142857142857,0.37044269634136945,6.0,9.0,2.2964539007092197,1.1852797034876106,0.04411764705882353,0.0
415,1,68.0,288.0,4.235294117647059,0.06321334503950835,0.16417910447761194,0.04477611940298507,0.2857142857142857,0.625,0.17857142857142858,0.42857142857142855,0.20588235294117646,0.0,0.0,0.6428571428571429,0.5278203409514372,0.3846877312788577,0.34378543083900226,0.44193452460054417,NaN,NaN,NaN,NaN,5.142857142857143,5.344252890820097,2.2611955186364248,0.9383383771899699,4.826923076923077,0.23214285714285715,0.37395469673035925,4.0,9.0,1.9485488126649078,0.90572332822111,0.058823529411764705,0.0
416,1,68.0,210.0,3.088235294117647,0.046093064091308165,0.16417910447761194,0.13432835820895522,0.2857142857142857,0.625,0.2857142857142857,0.42857142857142855,0.20588235294117646,0.0,0.07142857142857142,0.6428571428571429,0.5339382131301984,0.4105398466971952,0.3645922529851101,0.4597846659151587,NaN,NaN,NaN,NaN,3.75,3.7282703764614498,2.2574812929999033,0.9333343305334261,4.690476190476191,0.23214285714285715,0.41005905237055806,4.0,9.0,1.8085106382978724,0.7776462114715564,0.07352941176470588,0.0
417,1,67.0,217.0,3.2388059701492535,0.049072817729534146,0.16666666666666666,0.15151515151515152,0.23636363636363636,0.6181818181818182,0.2,0.4,0.208955223880597,0.0,0.07142857142857142,0.5714285714285714,0.5079909734325319,0.40428326553282234,0.3396176046176046,0.44580703198376775,NaN,NaN,NaN,NaN,3.9454545454545453,5.020027231068911,2.3578815877323342,1.1486072914985046,5.6,0.2909090909090909,0.41227850689535217,5.0,8.0,1.886214442013129,1.0131624440948772,0.07462686567164178,0.0
418,1,64.0,236.0,3.6875,0.05853174603174603,0.1746031746031746,0.031746031746031744,0.2692307692307692,0.6153846153846154,0.28846153846153844,0.4423076923076923,0.21875,0.0,0.0,0.5714285714285714,0.5750957927532002,0.39344127101614984,0.37676282051282056,0.463621258980828,NaN,NaN,NaN,NaN,4.538461538461538,6.861262498762385,2.263536537652041,0.9536903021759137,4.772727272727273,0.2692307692307692,0.4231059819412656,4.0,11.0,2.0069637883008355,0.8605447182314262,0.078125,0.0
419,1,66.0,274.0,4.151515151515151,0.06386946386946386,0.13846153846153847,0.12307692307692308,0.25,0.625,0.26785714285714285,0.39285714285714285,0.21212121212121213,0.0,0.07142857142857142,0.5714285714285714,0.5082857732921487,0.410148656431194,0.34815115440115435,0.465034572877296,NaN,NaN,NaN,NaN,4.892857142857143,6.366613403825165,2.3087130189808076,0.9373032583170142,4.909090909090909,0.25,0.31744493319564443,4.0,8.0,1.7910685805422648,0.8069486406876998,0.030303030303030304,0.0
42,1,68.0,337.0,4.955882352941177,0.07396839332748024,0.16417910447761194,0.04477611940298507,0.25,0.625,0.21428571428571427,0.4642857142857143,0.20588235294117646,0.0,0.07142857142857142,0.6428571428571429,0.5484136034345531,0.39456820236981827,0.36083249695921665,0.4492003878962978,NaN,NaN,NaN,NaN,6.017857142857143,8.120660679410873,2.223716913038171,0.849647803706326,4.008928571428571,0.26785714285714285,0.40673069965607617,3.0,10.0,1.6717112922002328,0.5807945931576,0.058823529411764705,0.0
420,1,67.0,227.0,3.388059701492537,0.05133423790140208,0.15151515151515152,0.09090909090909091,0.23214285714285715,0.625,0.2857142857142857,0.4107142857142857,0.208955223880597,0.0,0.0,0.5714285714285714,0.4932113869478648,0.41028406283079777,0.34697420634920634,0.45955172516186504,NaN,NaN,NaN,NaN,4.053571428571429,5.42525958442926,2.319481761028646,1.0422035263177607,5.1066666666666665,0.25,0.46076531432827317,5.0,11.0,1.9895833333333333,0.9903337162619569,0.07462686567164178,0.0
421,1,65.0,238.0,3.6615384615384614,0.05721153846153846,0.171875,0.03125,0.2641509433962264,0.6415094339622641,0.22641509433962265,0.4528301886792453,0.2153846153846154,0.0,0.07142857142857142,0.5714285714285714,0.5181600747986523,0.39879201298023154,0.359681042228212,0.45205189430304893,NaN,NaN,NaN,NaN,4.490566037735849,6.943792583500071,2.3184137627986607,1.086918700246243,5.073170731707317,0.24528301886792453,0.4179017245612763,5.0,10.0,2.007029876977153,1.0413729092297463,0.07692307692307693,0.0
422,1,62.0,216.0,3.4838709677419355,0.05711263881544157,0.18032786885245902,0.09836065573770492,0.26,0.6,0.28,0.5,0.22580645161290322,0.0,0.14285714285714285,0.5714285714285714,0.6764758519943705,0.3608947322400942,0.408929292929293,0.46024201535383,NaN,NaN,NaN,NaN,4.32,5.024186399765821,2.317602074984057,1.0652119082053044,4.875,0.32,0.4885699145654879,4.0,9.0,1.8234126984126984,0.8475009810262274,0.08064516129032258,0.0
423,1,64.0,241.0,3.765625,0.0597718253968254,0.1746031746031746,0.09523809523809523,0.28846153846153844,0.6153846153846154,0.1346153846153846,0.38461538461538464,0.21875,0.0,0.0,0.6428571428571429,0.45539287046913035,0.3981834374712773,0.31179487179487175,0.4263463674891872,NaN,NaN,NaN,NaN,4.634615384615385,6.174040676942692,2.2734813187044303,0.9858730070691335,5.0,0.17307692307692307,0.37297595264361477,6.0,10.0,2.167741935483871,1.232669744516482,0.078125,0.0
424,1,64.0,267.0,4.171875,0.0662202380952381,0.15873015873015872,0.09523809523809523,0.20754716981132076,0.6415094339622641,0.20754716981132076,0.41509433962264153,0.203125,0.0,0.07692307692307693,0.5384615384615384,0.4767673206453482,0.4010513749260207,0.356686133572926,0.44988461725597156,NaN,NaN,NaN,NaN,5.037735849056604,6.082643226524973,2.2570526316489254,0.9521747308907913,4.931818181818182,0.2641509433962264,0.37048729556140003,5.0,9.0,1.8826530612244898,0.963475273032628,0.0625,0.0
425,1,68.0,242.0,3.5588235294117645,0.05311676909569798,0.16417910447761194,0.08955223880597014,0.26785714285714285,0.6428571428571429,0.23214285714285715,0.44642857142857145,0.20588235294117646,0.0,0.0,0.7142857142857143,0.5022832025790976,0.3954671838739479,0.34051162131519275,0.4425031704365117,NaN,NaN,NaN,NaN,4.321428571428571,4.92159302686416,2.274686663973205,0.9684907417728742,4.805555555555555,0.23214285714285715,0.42175348006564994,4.0,12.0,1.9628610729023384,0.8198612804860155,0.11764705882352941,0.0
426,1,67.0,234.0,3.4925373134328357,0.052917232021709636,0.16666666666666666,0.06060606060606061,0.21818181818181817,0.6,0.21818181818181817,0.43636363636363634,0.208955223880597,0.0,0.0,0.5714285714285714,0.5030204198164987,0.3908862246126832,0.3437123987123987,0.4423415081216609,NaN,NaN,NaN,NaN,4.254545454545455,4.485442221140734,2.305323874718558,1.0160145635716655,5.0,0.32727272727272727,0.4235942336182699,5.0,12.0,2.099195710455764,0.9374100529029913,0.08955223880597014,0.0
427,1,66.0,295.0,4.46969696969697,0.06876456876456877,0.16923076923076924,0.12307692307692308,0.25925925925925924,0.6296296296296297,0.18518518518518517,0.4074074074074074,0.21212121212121213,0.0,0.0,0.6428571428571429,0.49341910005714557,0.3896836373939728,0.33738921142021916,0.440305824383814,NaN,NaN,NaN,NaN,5.462962962962963,7.963864054455453,2.2233646245809275,0.9118027912587723,5.0,0.24074074074074073,0.3412863645176411,5.0,9.0,1.9276595744680851,0.9808613433380544,0.030303030303030304,0.0
428,1,67.0,205.0,3.0597014925373136,0.046359113523292625,0.16666666666666666,0.22727272727272727,0.2727272727272727,0.6181818181818182,0.18181818181818182,0.43636363636363634,0.208955223880597,0.0,0.07142857142857142,0.5714285714285714,0.5337678247678247,0.3871586807619606,0.34245698745698744,0.43331555225183893,NaN,NaN,NaN,NaN,3.727272727272727,4.797586374088018,2.307662302065287,1.0596928232603189,5.818181818181818,0.23636363636363636,0.2851814008234161,5.0,8.0,2.0145833333333334,1.1069131000196577,0.0,0.0
429,1,68.0,244.0,3.588235294117647,0.053555750658472345,0.16417910447761194,0.07462686567164178,0.25,0.6071428571428571,0.21428571428571427,0.44642857142857145,0.20588235294117646,0.0,0.07142857142857142,0.5714285714285714,0.5504387782090658,0.4035204386978549,0.34792375283446714,0.44329528946512375,NaN,NaN,NaN,NaN,4.357142857142857,4.692076770001149,2.2902180088375035,0.9865728667158713,4.75,0.26785714285714285,0.38395564014266415,4.0,9.0,1.8287671232876712,0.8250751952100408,0.07352941176470588,0.0
43,1,66.0,227.0,3.4393939393939394,0.052913752913752915,0.15384615384615385,0.13846153846153847,0.23636363636363636,0.6,0.2,0.43636363636363634,0.21212121212121213,0.0,0.07142857142857142,0.6428571428571429,0.503897617544782,0.38697568345913946,0.3302380952380952,0.4349432967301331,NaN,NaN,NaN,NaN,4.127272727272727,4.087263620776607,2.303347274164215,0.9653407518125416,4.833333333333334,0.3090909090909091,0.3880879525200493,4.0,9.0,1.719758064516129,0.752163708496546,0.06060606060606061,0.0
430,1,68.0,260.0,3.823529411764706,0.05706760316066725,0.16417910447761194,0.07462686567164178,0.19642857142857142,0.6428571428571429,0.21428571428571427,0.44642857142857145,0.20588235294117646,0.0,0.0,0.5714285714285714,0.4988064076641737,0.3841337911933558,0.3647071328531412,0.4413008564493988,NaN,NaN,NaN,NaN,4.642857142857143,5.327215105401769,2.3360412161599835,1.1420037533921397,5.5,0.30357142857142855,0.564886327793075,6.0,12.0,2.4617486338797816,1.4551803597056607,0.08823529411764706,0.0
431,1,66.0,209.0,3.1666666666666665,0.04871794871794872,0.16923076923076924,0.06153846153846154,0.2962962962962963,0.6111111111111112,0.2777777777777778,0.4074074074074074,0.21212121212121213,0.0,0.07142857142857142,0.5714285714285714,0.5296737223696062,0.40952725437201754,0.35485268181346613,0.46089475728364615,NaN,NaN,NaN,NaN,3.8703703703703702,5.0991908211057275,2.35098654700104,1.1255843742971867,5.444444444444445,0.25925925925925924,0.4906669826767197,5.0,10.0,1.9251559251559252,0.9845743721967857,0.06060606060606061,0.0
432,1,67.0,221.0,3.298507462686567,0.04997738579828132,0.15151515151515152,0.13636363636363635,0.26785714285714285,0.625,0.21428571428571427,0.39285714285714285,0.208955223880597,0.0,0.07142857142857142,0.6428571428571429,0.5128018224335189,0.40594839351385836,0.34214788188002476,0.4471198132755018,NaN,NaN,NaN,NaN,3.9464285714285716,3.8584954338429656,2.315378851430703,1.019172434998289,5.1,0.21428571428571427,0.33507297679841397,4.0,6.0,1.8073022312373226,0.8585932339574145,0.0,0.0
433,1,67.0,255.0,3.8059701492537314,0.057666214382632294,0.15151515151515152,0.13636363636363635,0.26785714285714285,0.6428571428571429,0.19642857142857142,0.42857142857142855,0.208955223880597,0.0,0.0,0.5714285714285714,0.5202195847881063,0.3896106061470408,0.33833074896625315,0.4385366540063046,NaN,NaN,NaN,NaN,4.553571428571429,5.077292201941514,2.3579177441257384,1.1193280028480386,5.484848484848484,0.23214285714285715,0.37340040847313044,5.0,9.0,2.265389876880985,1.18351367041609,0.029850746268656716,0.0
434,1,67.0,349.0,5.208955223880597,0.07892356399819087,0.15151515151515152,0.06060606060606061,0.26785714285714285,0.625,0.17857142857142858,0.42857142857142855,0.208955223880597,0.0,0.07142857142857142,0.6428571428571429,0.5130650691436766,0.39074056472212126,0.34202870542156255,0.44115633916286107,NaN,NaN,NaN,NaN,6.232142857142857,7.073615692207132,2.284773369446269,0.9230997660920434,4.417582417582418,0.26785714285714285,0.35439432684297123,4.0,9.0,1.7922705314009661,0.7946849827237124,0.07462686567164178,0.0
435,1,66.0,203.0,3.0757575757575757,0.04731934731934732,0.15384615384615385,0.15384615384615385,0.2909090909090909,0.6181818181818182,0.21818181818181817,0.43636363636363634,0.21212121212121213,0.0,0.07142857142857142,0.6428571428571429,0.5466284876739422,0.3964670401911757,0.356060606060606,0.44305469797157954,NaN,NaN,NaN,NaN,3.690909090909091,4.008660657795851,2.2811063127103473,0.9428782989453096,5.0,0.2,0.37964359176490664,4.0,8.0,1.7765726681127982,0.8102428310397715,0.0,0.0
436,1,67.0,313.0,4.6716417910447765,0.0707824513794663,0.15151515151515152,0.0,0.23214285714285715,0.625,0.19642857142857142,0.42857142857142855,0.208955223880597,0.0,0.0,0.5714285714285714,0.4919863644579478,0.40174913705350657,0.34430322966507176,0.44345987803340176,NaN,NaN,NaN,NaN,5.589285714285714,7.543273429087271,2.355390819770085,1.0953071909996315,5.5,0.2857142857142857,0.4309529378997577,6.0,12.0,2.287719298245614,1.2438236415686243,0.04477611940298507,0.0
437,1,68.0,267.0,3.926470588235294,0.058604038630377525,0.16417910447761194,0.13432835820895522,0.2857142857142857,0.625,0.21428571428571427,0.375,0.20588235294117646,0.0,0.07142857142857142,0.5714285714285714,0.5162903592093074,0.4101144624928608,0.3221647869674185,0.4437111426164181,NaN,NaN,NaN,NaN,4.767857142857143,6.081241115635319,2.2559675309936944,0.9316661860475969,5.2,0.16071428571428573,0.25127064887127654,4.0,7.0,1.7048872180451127,0.8264316383059156,0.0,0.0
438,1,67.0,242.0,3.611940298507463,0.05472636815920398,0.16666666666666666,0.12121212121212122,0.2909090909090909,0.6,0.2,0.41818181818181815,0.208955223880597,0.0,0.07142857142857142,0.6428571428571429,0.48355420932801885,0.3978086775578686,0.34035714285714286,0.44091655081534514,NaN,NaN,NaN,NaN,4.4,4.878524367060187,2.2956272272182767,0.9911172302010814,4.833333333333334,0.2545454545454545,0.40811878452181116,4.0,10.0,1.901743264659271,0.8337218926595377,0.1044776119402985,0.0
439,1,68.0,208.0,3.0588235294117645,0.0456540825285338,0.16417910447761194,0.14925373134328357,0.26785714285714285,0.625,0.2857142857142857,0.4107142857142857,0.20588235294117646,0.0,0.0,0.5714285714285714,0.5310808660585447,0.4247913064912283,0.3634662956091527,0.4610019227561118,NaN,NaN,NaN,NaN,3.7142857142857144,5.280200704567911,2.213830801412412,0.8620518884361332,4.777777777777778,0.25,0.2743209220823904,4.0,5.0,1.612565445026178,0.7746977835328388,0.0,0.0
44,1,64.0,236.0,3.6875,0.05853174603174603,0.1746031746031746,0.031746031746031744,0.3076923076923077,0.5769230769230769,0.25,0.4423076923076923,0.21875,0.0,0.07142857142857142,0.6428571428571429,0.5940005005457463,0.4056458040105742,0.35715272514841484,0.4552613173826654,NaN,NaN,NaN,NaN,4.538461538461538,5.919265781382736,2.290312393432363,0.9838851401053357,4.724137931034482,0.23076923076923078,0.4063095441557071,5.0,8.0,1.6734693877551021,0.7671090153245901,0.0625,0.0
440,1,66.0,250.0,3.787878787878788,0.05827505827505827,0.16923076923076924,0.1076923076923077,0.25925925925925924,0.5925925925925926,0.16666666666666666,0.42592592592592593,0.21212121212121213,0.0,0.07142857142857142,0.6428571428571429,0.45102892438171555,0.38766496861989985,0.31676507425299694,0.4239351044815253,NaN,NaN,NaN,NaN,4.62962962962963,5.474800922705451,2.333326655702993,1.0634879218275142,5.083333333333334,0.2962962962962963,0.43719126086580157,4.0,9.0,1.8873483535528597,0.9030019792999792,0.10606060606060606,0.0
441,1,67.0,198.0,2.955223880597015,0.04477611940298507,0.16666666666666666,0.15151515151515152,0.2727272727272727,0.6181818181818182,0.2727272727272727,0.43636363636363634,0.208955223880597,0.0,0.0,0.5714285714285714,0.4903487029631234,0.42034808066396556,0.35795454545454547,0.45249736509843697,NaN,NaN,NaN,NaN,3.6,4.21021685022588,2.251820263760562,0.9367836814364302,4.75,0.2,0.38587778914689913,5.0,10.0,1.7511961722488039,0.8706848401807422,0.05970149253731343,0.0
442,1,65.0,213.0,3.276923076923077,0.051201923076923075,0.171875,0.125,0.24528301886792453,0.6226415094339622,0.18867924528301888,0.4528301886792453,0.2,0.0,0.07692307692307693,0.5384615384615384,0.5005755739126382,0.4035915056537352,0.3608871736230227,0.4437363923759777,NaN,NaN,NaN,NaN,4.018867924528302,3.4612723651956028,2.2947197312491427,1.038442533119408,4.966666666666667,0.2641509433962264,0.41926887265494894,5.0,11.0,2.1870967741935483,1.0921194983595752,0.07692307692307693,0.0
443,1,65.0,201.0,3.0923076923076924,0.048317307692307694,0.171875,0.0625,0.2641509433962264,0.6226415094339622,0.24528301886792453,0.4528301886792453,0.2153846153846154,0.0,0.07142857142857142,0.5714285714285714,0.5057533783477179,0.42284241640040604,0.36837376460017973,0.4534042684522035,NaN,NaN,NaN,NaN,3.792452830188679,6.156167921955113,2.214335608551566,0.8718019362501216,4.6,0.22641509433962265,0.36107372241966645,4.0,5.0,1.4938650306748467,0.6872189888603973,0.0,0.0
444,1,67.0,287.0,4.2835820895522385,0.06490275893260967,0.15151515151515152,0.09090909090909091,0.26785714285714285,0.6428571428571429,0.16071428571428573,0.4107142857142857,0.208955223880597,0.0,0.07142857142857142,0.5714285714285714,0.5096999092980996,0.41352992157424884,0.3329682136359155,0.4397018555284013,NaN,NaN,NaN,NaN,5.125,6.603201702755469,2.249071149905414,0.904907469790294,5.08,0.16071428571428573,0.31779549526885087,4.0,8.0,1.6292947558770343,0.7408932927857513,0.05970149253731343,0.0
445,1,66.0,254.0,3.8484848484848486,0.05920745920745921,0.16923076923076924,0.18461538461538463,0.2777777777777778,0.6111111111111112,0.18518518518518517,0.4444444444444444,0.21212121212121213,0.0,0.0,0.6428571428571429,0.48718242602649375,0.3926194259989253,0.3518276446381022,0.43633074723813764,NaN,NaN,NaN,NaN,4.703703703703703,4.772680231253435,2.248702351134233,0.9035890916071844,4.469387755102041,0.24074074074074073,0.36869416787336445,4.0,9.0,1.6901669758812616,0.7332489763283426,0.045454545454545456,0.0
446,1,68.0,236.0,3.4705882352941178,0.05179982440737489,0.16417910447761194,0.11940298507462686,0.25,0.6071428571428571,0.25,0.4107142857142857,0.20588235294117646,0.0,0.0,0.5714285714285714,0.5421377446873055,0.40942271034506866,0.3491295202291443,0.4542014343248028,NaN,NaN,NaN,NaN,4.214285714285714,4.567530805844408,2.335083268281495,1.0781153292367713,5.625,0.26785714285714285,0.4035525230790812,5.0,10.0,2.065359477124183,1.0419872906003018,0.08823529411764706,0.0
447,1,64.0,202.0,3.15625,0.05009920634920635,0.15873015873015872,0.09523809523809523,0.33962264150943394,0.6415094339622641,0.20754716981132076,0.37735849056603776,0.21875,0.0,0.07142857142857142,0.5714285714285714,0.5076232593036897,0.3836984569296826,0.33262952979934113,0.44281883886216655,NaN,NaN,NaN,NaN,3.811320754716981,4.808072553903427,2.359654094958665,1.1096108720337263,5.346938775510204,0.1320754716981132,0.43617880416222843,5.0,8.0,2.325545171339564,1.1303231208600268,0.03125,0.0
448,1,68.0,238.0,3.5,0.05223880597014925,0.16417910447761194,0.11940298507462686,0.23214285714285715,0.625,0.25,0.42857142857142855,0.20588235294117646,0.0,0.07142857142857142,0.5714285714285714,0.53380511618421,0.40024949588130215,0.358219954648526,0.452027790011929,NaN,NaN,NaN,NaN,4.25,4.320143095273161,2.298908222024157,1.013283908762344,5.055555555555555,0.30357142857142855,0.439282570774091,5.0,8.0,1.7538167938931297,0.8287869991074369,0.029411764705882353,0.0
449,1,67.0,242.0,3.611940298507463,0.05472636815920398,0.16666666666666666,0.12121212121212122,0.2545454545454545,0.6181818181818182,0.21818181818181817,0.43636363636363634,0.208955223880597,0.0,0.07142857142857142,0.5714285714285714,0.524335878467342,0.3806912614533311,0.3463439590712318,0.43778356350865505,NaN,NaN,NaN,NaN,4.4,5.0391063287643165,2.291540662952768,1.0003174859120103,5.1,0.2545454545454545,0.3619156474973418,5.0,11.0,1.8542024013722127,0.8934730914520382,0.07462686567164178,0.0
45,1,64.0,235.0,3.671875,0.05828373015873016,0.15873015873015872,0.09523809523809523,0.22641509433962265,0.6226415094339622,0.2830188679245283,0.4528301886792453,0.21875,0.0,0.07142857142857142,0.6428571428571429,0.5929642107798033,0.4053921273768473,0.38312427650423747,0.466345323413648,NaN,NaN,NaN,NaN,4.433962264150943,5.878609967704506,2.3214931074504577,1.0541928710234896,5.388888888888889,0.3018867924528302,0.3243389522167735,5.0,8.0,2.0506108202443283,1.1074543086858133,0.03125,0.0
450,1,67.0,254.0,3.791044776119403,0.0574400723654455,0.16666666666666666,0.015151515151515152,0.2545454545454545,0.6363636363636364,0.23636363636363636,0.43636363636363634,0.208955223880597,0.0,0.07142857142857142,0.5714285714285714,0.5471954416297009,0.4029505081483215,0.3524603174603174,0.4506599935064211,NaN,NaN,NaN,NaN,4.618181818181818,6.684672653529751,2.271621858209582,0.9808320355191711,5.0,0.21818181818181817,0.36821377184221477,5.0,8.0,2.0813953488372094,1.0416660742694905,0.0,0.0
451,1,67.0,255.0,3.8059701492537314,0.057666214382632294,0.16666666666666666,0.015151515151515152,0.2727272727272727,0.6363636363636364,0.23636363636363636,0.41818181818181815,0.208955223880597,0.0,0.07142857142857142,0.5714285714285714,0.5414667135107313,0.400072268331337,0.3474268660632297,0.45247445844494694,NaN,NaN,NaN,NaN,4.636363636363637,5.485211216310827,2.254698131671439,0.9239529584561701,4.445783132530121,0.23636363636363636,0.3945872513149149,5.0,11.0,2.01078167115903,0.9072460937008187,0.05970149253731343,0.0
452,1,66.0,250.0,3.787878787878788,0.05827505827505827,0.16923076923076924,0.06153846153846154,0.25925925925925924,0.5925925925925926,0.24074074074074073,0.46296296296296297,0.21212121212121213,0.0,0.07142857142857142,0.5714285714285714,0.5571157910784179,0.37475517339055286,0.36296509643283836,0.4516877567640347,NaN,NaN,NaN,NaN,4.62962962962963,5.238811244592042,2.304482263759887,0.9976028735294514,4.843137254901961,0.2962962962962963,0.4102456451531879,5.0,10.0,2.053719008264463,0.9605350223758636,0.045454545454545456,0.0
453,1,68.0,313.0,4.602941176470588,0.06870061457418788,0.16417910447761194,0.04477611940298507,0.23214285714285715,0.625,0.19642857142857142,0.4107142857142857,0.20588235294117646,0.0,0.07142857142857142,0.5714285714285714,0.4954868249577218,0.405159384134479,0.33163265306122447,0.44650269844279833,NaN,NaN,NaN,NaN,5.589285714285714,7.080772391648928,2.291333706338606,0.9915318875705508,5.0,0.26785714285714285,0.3575528136608471,5.0,10.0,1.9736147757255937,1.0095137243884054,0.04411764705882353,0.0
454,1,66.0,245.0,3.712121212121212,0.05710955710955711,0.15384615384615385,0.06153846153846154,0.2727272727272727,0.6363636363636364,0.2545454545454545,0.38181818181818183,0.19696969696969696,0.0,0.07692307692307693,0.6923076923076923,0.5713692291988235,0.4071735094868443,0.3468581577911722,0.46366889720375654,NaN,NaN,NaN,NaN,4.454545454545454,4.984487721433152,2.3108335466951893,1.0186511460914773,4.981132075471698,0.23636363636363636,0.42210195131131506,5.0,11.0,2.0878477306002927,1.015083557056475,0.07575757575757576,0.0
455,1,67.0,254.0,3.791044776119403,0.0574400723654455,0.16666666666666666,0.13636363636363635,0.23636363636363636,0.6181818181818182,0.21818181818181817,0.45454545454545453,0.208955223880597,0.0,0.07142857142857142,0.6428571428571429,0.5413135709744802,0.39291415957131687,0.361191132100223,0.44773050392506897,NaN,NaN,NaN,NaN,4.618181818181818,4.778388497495431,2.2771459870750954,0.9694890208154843,4.621621621621621,0.2909090909090909,0.43333578939717604,5.0,11.0,1.9076005961251863,0.8692690675965874,0.05970149253731343,0.0
456,1,68.0,231.0,3.3970588235294117,0.05070237050043898,0.16417910447761194,0.11940298507462686,0.26785714285714285,0.625,0.19642857142857142,0.39285714285714285,0.20588235294117646,0.0,0.07142857142857142,0.5714285714285714,0.4962580275610957,0.414136011532302,0.3368339002267574,0.44365843521430287,NaN,NaN,NaN,NaN,4.125,5.387063629237597,2.3295060903149136,1.0994781226773174,5.833333333333334,0.21428571428571427,0.38365212837635815,5.0,10.0,1.988826815642458,1.0667401879245528,0.058823529411764705,0.0
457,1,66.0,249.0,3.772727272727273,0.05804195804195804,0.16923076923076924,0.15384615384615385,0.2962962962962963,0.6111111111111112,0.2777777777777778,0.42592592592592593,0.21212121212121213,0.0,0.07142857142857142,0.6428571428571429,0.5535123344129395,0.4045275723666154,0.36770867718580136,0.46726739827718444,NaN,NaN,NaN,NaN,4.611111111111111,4.942754051140204,2.2826789053256937,0.9857364286913473,4.868421052631579,0.2222222222222222,0.30641791986640654,4.0,8.0,1.7294589178356714,0.8460597948855142,0.06060606060606061,0.0
458,1,68.0,291.0,4.279411764705882,0.06387181738366988,0.16417910447761194,0.04477611940298507,0.21428571428571427,0.625,0.21428571428571427,0.4107142857142857,0.20588235294117646,0.0,0.0,0.6428571428571429,0.45250913718875496,0.3923725624700243,0.3177179962894248,0.4356352813655007,NaN,NaN,NaN,NaN,5.196428571428571,7.339605247886647,2.293477497483669,1.0321678875375682,5.5,0.26785714285714285,0.4254032736862931,6.0,10.0,2.117797695262484,1.1497840444030833,0.029411764705882353,0.0
459,1,67.0,295.0,4.402985074626866,0.06671189507010403,0.16666666666666666,0.06060606060606061,0.2909090909090909,0.6,0.16363636363636364,0.45454545454545453,0.208955223880597,0.0,0.0,0.7142857142857143,0.5288128965439713,0.37401624439360615,0.34223577497771046,0.43486294944563325,NaN,NaN,NaN,NaN,5.363636363636363,7.606925782819224,2.2556268521198293,0.8982391568723667,4.361702127659575,0.21818181818181817,0.4132129974221873,5.0,9.0,1.7605042016806722,0.7471744047720162,0.0,0.0
46,1,66.0,281.0,4.257575757575758,0.0655011655011655,0.16923076923076924,0.06153846153846154,0.24074074074074073,0.6111111111111112,0.24074074074074073,0.46296296296296297,0.21212121212121213,0.0,0.07142857142857142,0.6428571428571429,0.5398793080274257,0.38572077515372316,0.36113500394546144,0.4523821035010569,NaN,NaN,NaN,NaN,5.203703703703703,6.651371342869135,2.314857812790334,1.026433444134179,4.783783783783784,0.2962962962962963,0.42385689102543245,5.0,11.0,1.962962962962963,0.9127231382534695,0.07575757575757576,0.0
460,1,67.0,275.0,4.104477611940299,0.06218905472636816,0.15151515151515152,0.10606060606060606,0.25,0.6071428571428571,0.23214285714285715,0.4107142857142857,0.208955223880597,0.0,0.07142857142857142,0.5714285714285714,0.5232573653856128,0.40088660658652797,0.34074404761904764,0.45137521846321255,NaN,NaN,NaN,NaN,4.910714285714286,6.0850839561378915,2.3284505005491494,1.0292227130696625,5.227272727272727,0.26785714285714285,0.4453540314965634,4.0,9.0,1.9213649851632046,0.9209726948322209,0.05970149253731343,0.0
461,1,68.0,254.0,3.735294117647059,0.05575065847234416,0.16417910447761194,0.05970149253731343,0.26785714285714285,0.6428571428571429,0.21428571428571427,0.42857142857142855,0.20588235294117646,0.0,0.07142857142857142,0.5714285714285714,0.49347342522168897,0.3989229752049478,0.3438740079365079,0.4459922720693737,NaN,NaN,NaN,NaN,4.535714285714286,5.308532705043786,2.3138722256161857,1.0674747841303978,5.081967213114754,0.21428571428571427,0.4833645897767607,5.0,12.0,2.263225806451613,1.1770314428344817,0.07352941176470588,0.0
462,1,66.0,283.0,4.287878787878788,0.06596736596736597,0.16923076923076924,0.015384615384615385,0.2222222222222222,0.5925925925925926,0.14814814814814814,0.3888888888888889,0.21212121212121213,0.0,0.07142857142857142,0.5714285714285714,0.4924521123805707,0.3865494207861937,0.3093161441114657,0.4281917526906248,NaN,NaN,NaN,NaN,5.2407407407407405,6.765437093314216,2.2976996036841175,0.993284368308392,4.733333333333333,0.2777777777777778,0.40988020479984877,4.0,10.0,1.7508833922261484,0.8742881385506835,0.0,0.0
463,1,64.0,286.0,4.46875,0.07093253968253968,0.1746031746031746,0.047619047619047616,0.2692307692307692,0.5769230769230769,0.17307692307692307,0.4423076923076923,0.21875,0.0,0.07142857142857142,0.6428571428571429,0.5680605215235831,0.3822977361761155,0.3524604267451575,0.4442953181026179,NaN,NaN,NaN,NaN,5.5,7.552431110991646,2.291298817492462,0.9807775606843123,4.9787234042553195,0.3076923076923077,0.398510826281957,5.0,10.0,1.942970822281167,0.8885786622399657,0.03125,0.0
464,1,68.0,286.0,4.205882352941177,0.06277436347673397,0.16417910447761194,0.08955223880597014,0.26785714285714285,0.625,0.23214285714285715,0.4107142857142857,0.20588235294117646,0.0,0.0,0.5714285714285714,0.5227860842054787,0.38871554334251235,0.34843582169709986,0.44820365789711536,NaN,NaN,NaN,NaN,5.107142857142857,6.961396337017377,2.28474616257124,0.9779998114714453,4.66,0.23214285714285715,0.38055231449890353,4.0,10.0,1.990578734858681,0.9366267189794523,0.07352941176470588,0.0
465,1,68.0,315.0,4.632352941176471,0.06913959613696224,0.16417910447761194,0.1044776119402985,0.25,0.625,0.23214285714285715,0.42857142857142855,0.20588235294117646,0.0,0.0,0.5714285714285714,0.5382729740239185,0.3942112710757146,0.35276409414340454,0.4512975976997191,NaN,NaN,NaN,NaN,5.625,6.601824816601158,2.2470928096924734,0.9066670158663899,4.833333333333334,0.26785714285714285,0.3739703145455658,5.0,12.0,1.7965879265091864,0.8133827488955931,0.08823529411764706,0.0
466,1,68.0,271.0,3.985294117647059,0.05948200175592625,0.16417910447761194,0.05970149253731343,0.25,0.625,0.25,0.39285714285714285,0.20588235294117646,0.0,0.07142857142857142,0.5714285714285714,0.5136926161537139,0.40085633143191507,0.35265924551638833,0.4588280561070331,NaN,NaN,NaN,NaN,4.839285714285714,5.867558841055346,2.2696306267310695,0.9454642918927103,4.727272727272727,0.26785714285714285,0.29367400620908746,4.0,6.0,1.7666666666666666,0.8144493652174216,0.0,0.0
467,1,66.0,279.0,4.2272727272727275,0.06503496503496503,0.16923076923076924,0.046153846153846156,0.24074074074074073,0.6296296296296297,0.24074074074074073,0.4444444444444444,0.21212121212121213,0.0,0.07142857142857142,0.5714285714285714,0.5473142493722734,0.3863183613833558,0.35840171871217624,0.4514313606345677,NaN,NaN,NaN,NaN,5.166666666666667,7.0006738220162905,2.306307414720316,1.0312091561623873,4.9,0.2962962962962963,0.3980883323679925,4.0,9.0,1.7857142857142858,0.8608128940483025,0.030303030303030304,0.0
468,1,67.0,184.0,2.746268656716418,0.041610131162369966,0.16666666666666666,0.24242424242424243,0.2727272727272727,0.6181818181818182,0.18181818181818182,0.41818181818181815,0.208955223880597,0.0,0.07142857142857142,0.5714285714285714,0.5092318035499853,0.38251697671396323,0.3348618048618049,0.42952372728922633,NaN,NaN,NaN,NaN,3.3454545454545452,2.836391694586247,2.2470273898322333,0.9238712913239453,5.0,0.18181818181818182,0.2756570685283166,4.0,7.0,1.820051413881748,0.9214002104760253,0.029850746268656716,0.0
469,1,68.0,229.0,3.3676470588235294,0.05026338893766462,0.16417910447761194,0.11940298507462686,0.2857142857142857,0.6071428571428571,0.19642857142857142,0.4107142857142857,0.20588235294117646,0.0,0.0,0.5714285714285714,0.5121063633786849,0.3908594601497976,0.34593253968253973,0.44632963951095667,NaN,NaN,NaN,NaN,4.089285714285714,3.881315548832688,2.315969937319551,1.0459425798564017,5.107142857142858,0.23214285714285715,0.4459345714091342,5.0,10.0,1.9773913043478262,0.9759352585310739,0.058823529411764705,0.0
47,1,68.0,268.0,3.9411764705882355,0.058823529411764705,0.16417910447761194,0.05970149253731343,0.2857142857142857,0.6428571428571429,0.25,0.4107142857142857,0.20588235294117646,0.0,0.07142857142857142,0.6428571428571429,0.5557728787867636,0.41482665874860736,0.35603226138940425,0.4592488038694341,NaN,NaN,NaN,NaN,4.785714285714286,5.5060769261683165,2.273377575409133,0.983996393980406,5.0,0.19642857142857142,0.3717517527539586,7.0,9.0,2.2517985611510793,1.4126513852713856,0.058823529411764705,0.0
470,1,67.0,271.0,4.044776119402985,0.061284486657620985,0.15151515151515152,0.07575757575757576,0.21428571428571427,0.6428571428571429,0.21428571428571427,0.4107142857142857,0.208955223880597,0.0,0.07142857142857142,0.6428571428571429,0.5040585662159499,0.3940123365821272,0.33834260977118114,0.44454543361798843,NaN,NaN,NaN,NaN,4.839285714285714,6.76293853752477,2.2268127003113967,0.8427198803956115,4.301075268817204,0.25,0.3745741392492142,4.0,9.0,1.8067846607669618,0.7683633650808276,0.029850746268656716,0.0
471,1,64.0,218.0,3.40625,0.05406746031746032,0.1746031746031746,0.031746031746031744,0.25,0.6346153846153846,0.25,0.4423076923076923,0.21875,0.0,0.0,0.5714285714285714,0.5425692816745644,0.4146376882677532,0.37115384615384617,0.455127090199106,NaN,NaN,NaN,NaN,4.1923076923076925,6.404772918594631,2.1877896120023137,0.8560795840629921,4.478260869565217,0.23076923076923078,0.3729781563523124,3.0,7.0,1.5971223021582734,0.6799260189581116,0.0,0.0
472,1,67.0,218.0,3.253731343283582,0.04929895974672094,0.16666666666666666,0.12121212121212122,0.2909090909090909,0.6363636363636364,0.2727272727272727,0.38181818181818183,0.208955223880597,0.0,0.07142857142857142,0.6428571428571429,0.5075062616990328,0.4039314468380238,0.34679653679653677,0.4595850810787844,NaN,NaN,NaN,NaN,3.963636363636364,3.810140642702276,2.332833274461072,1.0921136860557956,4.982142857142858,0.2545454545454545,0.4650622377645936,5.0,12.0,2.2051649928263988,1.0378341492268761,0.11940298507462686,0.0
473,1,68.0,241.0,3.5441176470588234,0.0528972783143108,0.16417910447761194,0.029850746268656716,0.25,0.625,0.23214285714285715,0.42857142857142855,0.20588235294117646,0.0,0.07142857142857142,0.5714285714285714,0.5227081250000805,0.40820861506340517,0.3370819160997732,0.43971380741990707,NaN,NaN,NaN,NaN,4.303571428571429,5.653380783718206,2.2675183188623795,0.943433899505572,4.727272727272727,0.26785714285714285,0.41701241310717735,4.0,10.0,2.013440860215054,0.8711509005436238,0.058823529411764705,0.0
474,1,67.0,249.0,3.716417910447761,0.056309362279511534,0.15151515151515152,0.13636363636363635,0.25,0.6071428571428571,0.21428571428571427,0.4107142857142857,0.208955223880597,0.0,0.07142857142857142,0.6428571428571429,0.5298513361452131,0.4018782340335222,0.34785247432306254,0.4532105407001225,NaN,NaN,NaN,NaN,4.446428571428571,4.276445605054157,2.325473459920351,1.0073619573785522,5.4,0.32142857142857145,0.3606779985815446,6.0,10.0,2.1708029197080294,1.147725986101539,0.029850746268656716,0.0
475,1,66.0,207.0,3.1363636363636362,0.04825174825174825,0.16923076923076924,0.09230769230769231,0.2777777777777778,0.6296296296296297,0.2962962962962963,0.4074074074074074,0.21212121212121213,0.0,0.07142857142857142,0.5714285714285714,0.545058747825204,0.4005186722882018,0.36245763737593806,0.4663675278395187,NaN,NaN,NaN,NaN,3.8333333333333335,3.8153117531317022,2.2881111204174864,1.0146147743799923,4.833333333333334,0.24074074074074073,0.47658131171215723,4.0,9.0,1.7902542372881356,0.8219845095573781,0.07575757575757576,0.0
476,1,66.0,246.0,3.727272727272727,0.057342657342657345,0.16923076923076924,0.1076923076923077,0.25925925925925924,0.6296296296296297,0.2037037037037037,0.4074074074074074,0.21212121212121213,0.0,0.0,0.5714285714285714,0.5123513046139385,0.3918726593394124,0.3419459141681364,0.44497019873713767,NaN,NaN,NaN,NaN,4.555555555555555,4.91308098649658,2.285891387054693,1.0008451587101428,4.681818181818182,0.25925925925925924,0.41434584896286325,4.0,12.0,1.867732558139535,0.7601459895701159,0.12121212121212122,0.0
477,1,68.0,348.0,5.117647058823529,0.07638279192273925,0.16417910447761194,0.014925373134328358,0.21428571428571427,0.625,0.17857142857142858,0.44642857142857145,0.20588235294117646,0.0,0.07142857142857142,0.5714285714285714,0.4931145503084843,0.38818810701224776,0.3447062596968612,0.44048870248625405,NaN,NaN,NaN,NaN,6.214285714285714,8.132346828257202,2.2561271901045856,0.9258016240106022,4.5675675675675675,0.2857142857142857,0.38602742211455104,4.0,11.0,1.7766749379652604,0.7784372694072206,0.08823529411764706,0.0
478,1,68.0,263.0,3.8676470588235294,0.0577260755048288,0.16417910447761194,0.05970149253731343,0.25,0.625,0.19642857142857142,0.44642857142857145,0.20588235294117646,0.0,0.07142857142857142,0.5714285714285714,0.4748976291768114,0.3975107892283019,0.335733460050687,0.43520714893419143,NaN,NaN,NaN,NaN,4.696428571428571,5.383205002960235,2.3027693242176572,1.0211673391199914,5.230769230769231,0.26785714285714285,0.4415902633876919,6.0,11.0,2.0645604395604398,1.0710429293226655,0.08823529411764706,0.0
479,1,67.0,240.0,3.582089552238806,0.054274084124830396,0.15151515151515152,0.12121212121212122,0.30357142857142855,0.6071428571428571,0.26785714285714285,0.4107142857142857,0.208955223880597,0.0,0.07142857142857142,0.5714285714285714,0.5698294235323569,0.4060683583713197,0.3495252267573696,0.46060795568080803,NaN,NaN,NaN,NaN,4.285714285714286,4.466905724687589,2.370074254552291,1.0796403682458178,5.127272727272727,0.26785714285714285,0.40470374260660635,5.0,10.0,2.0878274268104775,1.071512312966679,0.07462686567164178,0.0
48,1,65.0,264.0,4.061538461538461,0.06346153846153846,0.171875,0.078125,0.2830188679245283,0.6037735849056604,0.18867924528301888,0.39622641509433965,0.2153846153846154,0.0,0.07142857142857142,0.6428571428571429,0.47499652218539407,0.3847309903850733,0.3297753818508535,0.4394702884499243,NaN,NaN,NaN,NaN,4.981132075471698,5.985529235766926,2.320551193635019,1.0422965616379736,5.0,0.22641509433962265,0.4003734401610167,6.0,10.0,1.8812392426850257,1.0006941622980305,0.06153846153846154,0.0
480,1,67.0,252.0,3.7611940298507465,0.05698778833107191,0.16666666666666666,0.10606060606060606,0.2909090909090909,0.6181818181818182,0.2545454545454545,0.38181818181818183,0.208955223880597,0.0,0.07142857142857142,0.6428571428571429,0.41731788677037984,0.42404122391953514,0.33111550285463326,0.4527839369280699,NaN,NaN,NaN,NaN,4.581818181818182,7.524505420170938,2.2632007907492424,0.9382485159311206,4.611111111111111,0.21818181818181817,0.4376365521376943,4.0,10.0,1.534934497816594,0.6581271884200744,0.05970149253731343,0.0
481,1,67.0,268.0,4.0,0.06060606060606061,0.15151515151515152,0.030303030303030304,0.30357142857142855,0.625,0.21428571428571427,0.39285714285714285,0.208955223880597,0.0,0.07142857142857142,0.6428571428571429,0.5319024888265148,0.4114349791924769,0.33722943722943727,0.45385859710183535,NaN,NaN,NaN,NaN,4.785714285714286,6.300690541416972,2.342705371459502,1.0411999100310354,5.217391304347826,0.23214285714285715,0.36292838712179687,6.0,11.0,2.129936305732484,1.046584883995203,0.07462686567164178,0.0
482,1,66.0,265.0,4.015151515151516,0.06177156177156177,0.15384615384615385,0.12307692307692308,0.2545454545454545,0.6363636363636364,0.16363636363636364,0.41818181818181815,0.21212121212121213,0.0,0.0,0.6428571428571429,0.49298827193741923,0.38404318609993543,0.34405372405372403,0.4424768703092502,NaN,NaN,NaN,NaN,4.818181818181818,5.87553278621484,2.3322660887473763,1.0747735400665526,5.7368421052631575,0.21818181818181817,0.3632647224233974,5.0,11.0,1.8197573656845754,0.9458009961718772,0.09090909090909091,0.0
483,1,68.0,253.0,3.7205882352941178,0.05553116769095698,0.16417910447761194,0.1044776119402985,0.2857142857142857,0.6428571428571429,0.26785714285714285,0.4107142857142857,0.20588235294117646,0.0,0.0,0.7142857142857143,0.44447745128359023,0.42271161536355367,0.34905273937532005,0.45781205192468133,NaN,NaN,NaN,NaN,4.517857142857143,7.109509819258278,2.3554735080742946,1.1613351555082156,5.727272727272727,0.21428571428571427,0.5799179125325332,6.0,10.0,2.0929535232383807,1.154854541208624,0.058823529411764705,0.0
484,1,66.0,232.0,3.515151515151515,0.05407925407925408,0.16923076923076924,0.09230769230769231,0.25925925925925924,0.6111111111111112,0.18518518518518517,0.4444444444444444,0.21212121212121213,0.0,0.07142857142857142,0.5714285714285714,0.50048836001472,0.3735693963152899,0.3324226114456,0.4219103775347009,NaN,NaN,NaN,NaN,4.296296296296297,5.7219525287038815,2.255828553824738,0.9185146040773209,4.538461538461538,0.2962962962962963,0.4677785585059387,5.0,12.0,1.9418960244648318,0.8535952691447963,0.09090909090909091,0.0
485,1,68.0,317.0,4.661764705882353,0.0695785776997366,0.16417910447761194,0.014925373134328358,0.23214285714285715,0.625,0.19642857142857142,0.4642857142857143,0.20588235294117646,0.0,0.07142857142857142,0.5714285714285714,0.5170417742055418,0.38823624507930643,0.3442272742430305,0.4432519121090314,NaN,NaN,NaN,NaN,5.660714285714286,6.584490829253197,2.262191965494131,0.9258901475168999,4.424778761061948,0.26785714285714285,0.3972776290772315,4.0,11.0,1.78239608801956,0.7214721313486107,0.10294117647058823,0.0
486,1,65.0,211.0,3.246153846153846,0.050721153846153846,0.171875,0.125,0.2830188679245283,0.6037735849056604,0.20754716981132076,0.41509433962264153,0.2153846153846154,0.0,0.07142857142857142,0.5714285714285714,0.5318175739974011,0.39040854323718366,0.3470125786163522,0.43402033294695447,NaN,NaN,NaN,NaN,3.981132075471698,5.267792436618732,2.3505569558382593,1.1121486016137923,5.291666666666666,0.2830188679245283,0.4138934616426211,6.0,11.0,2.2560777957860614,1.193556638154824,0.046153846153846156,0.0
487,1,68.0,257.0,3.7794117647058822,0.056409130816505705,0.16417910447761194,0.07462686567164178,0.2857142857142857,0.625,0.25,0.4107142857142857,0.20588235294117646,0.0,0.07142857142857142,0.6428571428571429,0.5337957745953336,0.40114113684582114,0.3479449096225412,0.4571005711501447,NaN,NaN,NaN,NaN,4.589285714285714,5.938401332817645,2.265849885407254,0.958393391259988,4.793103448275862,0.23214285714285715,0.3677599730988792,4.0,10.0,2.052482269503546,0.9763235160513355,0.04411764705882353,0.0
488,1,65.0,262.0,4.030769230769231,0.06298076923076923,0.15625,0.109375,0.25925925925925924,0.6296296296296297,0.18518518518518517,0.4074074074074074,0.2153846153846154,0.0,0.07142857142857142,0.6428571428571429,0.5541853011067621,0.41089130301116206,0.34085765057987283,0.4420788614163926,NaN,NaN,NaN,NaN,4.851851851851852,6.88560819968177,2.2195254509796847,0.8348553769771724,4.181818181818182,0.24074074074074073,0.3545428359419307,4.0,9.0,1.7082601054481548,0.747732696722012,0.046153846153846156,0.0
489,1,67.0,231.0,3.4477611940298507,0.05223880597014925,0.16666666666666666,0.07575757575757576,0.2909090909090909,0.6363636363636364,0.2727272727272727,0.4,0.208955223880597,0.0,0.14285714285714285,0.5714285714285714,0.5413876643672512,0.42021962249679334,0.3468902007083825,0.46137469918667434,NaN,NaN,NaN,NaN,4.2,5.755512655352774,2.358975131319908,1.165804836498821,5.333333333333334,0.21818181818181817,0.6217734681523046,6.0,12.0,2.25,1.0866663272492236,0.08955223880597014,0.0
49,1,68.0,206.0,3.0294117647058822,0.04521510096575944,0.16417910447761194,0.07462686567164178,0.26785714285714285,0.6428571428571429,0.26785714285714285,0.39285714285714285,0.20588235294117646,0.0,0.07142857142857142,0.5714285714285714,0.4659688652396986,0.4074442496340374,0.3357142857142857,0.45137756118542577,NaN,NaN,NaN,NaN,3.6785714285714284,4.036682449091728,2.2593557138949594,0.9654529100649837,5.5,0.19642857142857142,0.3812179313973661,4.0,7.0,1.8021052631578947,0.8336259757093133,0.0,0.0
490,1,68.0,268.0,3.9411764705882355,0.058823529411764705,0.16417910447761194,0.029850746268656716,0.26785714285714285,0.625,0.23214285714285715,0.42857142857142855,0.20588235294117646,0.0,0.07142857142857142,0.6428571428571429,0.5127452249903339,0.4036470117156272,0.33106097168597165,0.4409938856235263,NaN,NaN,NaN,NaN,4.785714285714286,6.895886219569371,2.286642974481729,0.9718003714645643,4.681818181818182,0.25,0.40618002341772236,5.0,9.0,1.9613793103448276,0.8895639728125476,0.029411764705882353,0.0
491,1,68.0,275.0,4.044117647058823,0.06035996488147498,0.16417910447761194,0.05970149253731343,0.23214285714285715,0.6071428571428571,0.25,0.44642857142857145,0.20588235294117646,0.0,0.0,0.7142857142857143,0.519993521481977,0.39968257619034187,0.35459139075210505,0.4540017787615655,NaN,NaN,NaN,NaN,4.910714285714286,5.570300418581279,2.2893534566635716,0.9702681176329893,5.071428571428571,0.30357142857142855,0.35324302306336336,5.0,9.0,1.9765193370165746,0.9442267092514048,0.029411764705882353,0.0
492,1,65.0,227.0,3.4923076923076923,0.05456730769230769,0.140625,0.109375,0.2727272727272727,0.6181818181818182,0.2545454545454545,0.38181818181818183,0.2153846153846154,0.0,0.0,0.6428571428571429,0.5072965019771617,0.4181797641134669,0.35147374364765666,0.46493888563324,NaN,NaN,NaN,NaN,4.127272727272727,5.494288433200918,2.341729827934851,1.0479971454426789,5.9,0.23636363636363636,0.42569336808141556,5.0,11.0,2.0458715596330275,1.1211971764470094,0.07692307692307693,0.0
493,1,66.0,267.0,4.045454545454546,0.062237762237762236,0.16923076923076924,0.06153846153846154,0.24074074074074073,0.6111111111111112,0.2222222222222222,0.4444444444444444,0.21212121212121213,0.0,0.07142857142857142,0.5714285714285714,0.5261379797648598,0.3823339869073525,0.34639249639249636,0.43570010014173305,NaN,NaN,NaN,NaN,4.944444444444445,6.727630064837705,2.3615732744673648,1.1300024807132865,5.75,0.3148148148148148,0.44113599904357165,6.0,10.0,2.4556354916067145,1.3476485738124535,0.045454545454545456,0.0
494,1,68.0,302.0,4.4411764705882355,0.06628621597892889,0.16417910447761194,0.014925373134328358,0.23214285714285715,0.625,0.23214285714285715,0.42857142857142855,0.20588235294117646,0.0,0.07142857142857142,0.6428571428571429,0.5232144122818407,0.4046267693519237,0.34849010443757716,0.4520670549860148,NaN,NaN,NaN,NaN,5.392857142857143,7.759284342418024,2.252378714007869,0.8995455965928592,4.333333333333334,0.2857142857142857,0.4095631238035387,4.0,11.0,1.7997481108312343,0.7235543046696703,0.07352941176470588,0.0
495,1,67.0,267.0,3.985074626865672,0.060379918588873815,0.16666666666666666,0.06060606060606061,0.23636363636363636,0.6363636363636364,0.2727272727272727,0.41818181818181815,0.19402985074626866,0.0,0.0,0.6923076923076923,0.5323139415906964,0.3926775526986212,0.3497763347763348,0.4572269615121256,NaN,NaN,NaN,NaN,4.8545454545454545,6.053521111313468,2.273481924946004,0.9865127941936721,5.0,0.23636363636363636,0.37319681523144677,5.0,9.0,1.9747774480712166,0.9801682972641382,0.029850746268656716,0.0
496,1,67.0,291.0,4.343283582089552,0.06580732700135686,0.16666666666666666,0.06060606060606061,0.2545454545454545,0.6363636363636364,0.14545454545454545,0.41818181818181815,0.208955223880597,0.0,0.0,0.6428571428571429,0.5212321967560793,0.3767335550778187,0.3256461354054937,0.4263083245072511,NaN,NaN,NaN,NaN,5.290909090909091,6.30012559331816,2.2360490858591526,0.8880696593314003,4.245614035087719,0.23636363636363636,0.3657033996785006,4.0,8.0,1.7142857142857142,0.6859067105171032,0.029850746268656716,0.0
497,1,65.0,214.0,3.292307692307692,0.05144230769230769,0.171875,0.125,0.2641509433962264,0.6037735849056604,0.22641509433962265,0.41509433962264153,0.2153846153846154,0.0,0.07142857142857142,0.7142857142857143,0.48444882510920234,0.40374544468161117,0.3243601786054616,0.43650664739976175,NaN,NaN,NaN,NaN,4.037735849056604,5.958065845657476,2.2322167407614133,0.8786109612279754,4.428571428571429,0.2641509433962264,0.36273819070852015,4.0,8.0,1.8130841121495327,0.7635277027305498,0.0,0.0
498,1,64.0,198.0,3.09375,0.049107142857142856,0.1746031746031746,0.1746031746031746,0.34615384615384615,0.5961538461538461,0.23076923076923078,0.40384615384615385,0.21875,0.0,0.07142857142857142,0.7142857142857143,0.5147926608864108,0.4233717243825792,0.3552350427350427,0.45884343234102365,NaN,NaN,NaN,NaN,3.8076923076923075,3.3608965980352274,2.2724692484802778,0.9877874827193344,4.876923076923077,0.15384615384615385,0.36331899325384437,4.0,9.0,1.7703703703703704,0.8697963293584632,0.0625,0.0
499,1,66.0,183.0,2.772727272727273,0.04265734265734266,0.16923076923076924,0.2,0.3333333333333333,0.6296296296296297,0.2962962962962963,0.4074074074074074,0.21212121212121213,0.0,0.07142857142857142,0.6428571428571429,0.5455884514299547,0.4194696713714083,0.3733076563958917,0.4715959656351654,NaN,NaN,NaN,NaN,3.388888888888889,3.264541729615738,2.2407568940826117,0.9299687871541237,4.9,0.14814814814814814,0.3200633210528455,4.0,7.0,1.8201438848920863,0.8653461837374161,0.0,0.0
5,1,67.0,233.0,3.4776119402985075,0.05269109000452284,0.16666666666666666,0.030303030303030304,0.2727272727272727,0.6363636363636364,0.2545454545454545,0.43636363636363634,0.208955223880597,0.0,0.07142857142857142,0.5714285714285714,0.508826569369685,0.40381357109482235,0.33643756963830407,0.4483995677711159,NaN,NaN,NaN,NaN,4.236363636363636,6.877132359853886,2.269241869230501,0.9604365827470471,4.76,0.23636363636363636,0.38896461592275516,4.0,7.0,1.9871589085072232,0.9000690142064093,0.029850746268656716,0.0
50,1,63.0,210.0,3.3333333333333335,0.053763440860215055,0.1774193548387097,0.14516129032258066,0.29411764705882354,0.5686274509803921,0.2549019607843137,0.4117647058823529,0.2222222222222222,0.0,0.0,0.5714285714285714,0.47183756121473736,0.4138158847023967,0.3576104179045355,0.462284314705476,NaN,NaN,NaN,NaN,4.117647058823529,4.278537408150264,2.34256710521988,1.0868450109024987,5.2,0.29411764705882354,0.48433111046896904,5.0,10.0,1.871578947368421,0.922259100067393,0.1111111111111111,0.0
500,1,67.0,229.0,3.417910447761194,0.05178652193577567,0.16666666666666666,0.09090909090909091,0.23636363636363636,0.6363636363636364,0.21818181818181817,0.41818181818181815,0.208955223880597,0.0,0.07142857142857142,0.5714285714285714,0.49897744667207383,0.4084600186341362,0.3458008658008658,0.4392221324572431,NaN,NaN,NaN,NaN,4.163636363636364,5.297671173763039,2.3412249751374232,1.1240964225950578,5.470588235294118,0.2909090909090909,0.5446856631526427,6.0,10.0,2.096590909090909,1.2474443427681634,0.04477611940298507,0.0
501,1,65.0,236.0,3.6307692307692307,0.05673076923076923,0.171875,0.078125,0.3018867924528302,0.6415094339622641,0.20754716981132076,0.41509433962264153,0.2153846153846154,0.0,0.07142857142857142,0.5714285714285714,0.5340048421471376,0.3852116986212663,0.3663539290897782,0.4515342548746936,NaN,NaN,NaN,NaN,4.452830188679245,4.618383157539048,2.3304342595504464,1.1514972144068818,5.909090909090909,0.22641509433962265,0.5157303793520811,6.0,11.0,2.11,1.2070604755573582,0.06153846153846154,0.0
502,1,68.0,269.0,3.9558823529411766,0.059043020193151885,0.16417910447761194,0.0,0.23214285714285715,0.6428571428571429,0.25,0.42857142857142855,0.20588235294117646,0.0,0.07142857142857142,0.6428571428571429,0.5143783901671469,0.39572336119388357,0.34886294261294265,0.4570078794789883,NaN,NaN,NaN,NaN,4.803571428571429,7.796082099612346,2.301952386449261,1.0263074826444074,5.083333333333334,0.2857142857142857,0.43948901848768596,5.0,10.0,2.0934466019417477,0.9583074207040928,0.04411764705882353,0.0
503,1,64.0,241.0,3.765625,0.0597718253968254,0.15873015873015872,0.031746031746031744,0.3018867924528302,0.6037735849056604,0.2641509433962264,0.39622641509433965,0.21875,0.0,0.07142857142857142,0.5714285714285714,0.5307525266336386,0.4187625195264968,0.35694542961176523,0.46429850518943316,NaN,NaN,NaN,NaN,4.547169811320755,5.486227643752228,2.349675894191345,1.061579588916489,4.911764705882353,0.2641509433962264,0.4345453905805112,5.0,12.0,1.9827315541601256,0.9083903511292829,0.09375,0.0
504,1,68.0,281.0,4.132352941176471,0.06167690956979807,0.16417910447761194,0.08955223880597014,0.2857142857142857,0.625,0.23214285714285715,0.4107142857142857,0.20588235294117646,0.0,0.07142857142857142,0.6428571428571429,0.5535106532194698,0.3865040533968731,0.34680413832199547,0.4500310503070038,NaN,NaN,NaN,NaN,5.017857142857143,6.623624581556735,2.365432517953702,1.1566806484086978,6.083333333333333,0.26785714285714285,0.4372543015532086,7.0,12.0,2.2526564344746163,1.230008708104268,0.04411764705882353,0.0
505,1,65.0,237.0,3.646153846153846,0.056971153846153845,0.15625,0.125,0.2222222222222222,0.6296296296296297,0.25925925925925924,0.42592592592592593,0.2153846153846154,0.0,0.07142857142857142,0.5714285714285714,0.5312056579095935,0.40359356318199036,0.36008297258297256,0.45771062631234977,NaN,NaN,NaN,NaN,4.388888888888889,5.250037436224719,2.3558286497582,1.1051785610470743,5.166666666666666,0.3148148148148148,0.52317516267678,5.0,12.0,1.9547826086956521,0.9670749999075271,0.1076923076923077,0.0
506,1,68.0,283.0,4.161764705882353,0.06211589113257243,0.16417910447761194,0.04477611940298507,0.23214285714285715,0.6071428571428571,0.23214285714285715,0.42857142857142855,0.20588235294117646,0.0,0.07142857142857142,0.5714285714285714,0.4847328535825709,0.3986388343388873,0.34400676937441643,0.44501688008481705,NaN,NaN,NaN,NaN,5.053571428571429,6.812874557795682,2.3307216931086963,1.060450239328719,4.935185185185185,0.30357142857142855,0.44093094527236726,5.0,12.0,2.2955082742316786,1.1461914972866296,0.10294117647058823,0.0
507,1,67.0,242.0,3.611940298507463,0.05472636815920398,0.16666666666666666,0.045454545454545456,0.2727272727272727,0.6181818181818182,0.23636363636363636,0.43636363636363634,0.208955223880597,0.0,0.07142857142857142,0.6428571428571429,0.5423187216748103,0.40447685672041866,0.3617927394243184,0.4548046686100492,NaN,NaN,NaN,NaN,4.4,6.205135268767612,2.2519052724881345,0.914792609552967,4.5625,0.23636363636363636,0.4163170598654552,6.0,10.0,2.010785824345146,0.9929726066596793,0.05970149253731343,0.0
508,1,66.0,194.0,2.9393939393939394,0.04522144522144522,0.16923076923076924,0.2153846153846154,0.3333333333333333,0.6111111111111112,0.2222222222222222,0.42592592592592593,0.21212121212121213,0.0,0.0,0.5714285714285714,0.47146807436648897,0.4071904578423041,0.3517027181242867,0.44790151979342885,NaN,NaN,NaN,NaN,3.5925925925925926,3.39543821896556,2.3066170912748407,1.024823230819965,5.048780487804878,0.18518518518518517,0.4064067606913933,5.0,10.0,1.9287169042769858,0.9481508228961043,0.10606060606060606,0.0
509,1,65.0,292.0,4.492307692307692,0.07019230769230769,0.140625,0.03125,0.23636363636363636,0.6181818181818182,0.21818181818181817,0.43636363636363634,0.2153846153846154,0.0,0.0,0.6428571428571429,0.5023354414284887,0.4041870268476092,0.3505535878263151,0.45369734886785285,NaN,NaN,NaN,NaN,5.3090909090909095,6.93320706955737,2.294842761708196,0.8999451000602503,4.470588235294118,0.2727272727272727,0.3507187217345917,4.0,8.0,1.8814285714285715,0.9071000905577075,0.07692307692307693,0.0
51,1,68.0,311.0,4.573529411764706,0.06826163301141353,0.16417910447761194,0.0,0.23214285714285715,0.6428571428571429,0.25,0.4642857142857143,0.20588235294117646,0.0,0.14285714285714285,0.6428571428571429,0.5773115479363673,0.4174129247398348,0.3709196249854379,0.45792885642981396,NaN,NaN,NaN,NaN,5.553571428571429,8.485109187398706,2.2139619150850374,0.8743545146281035,4.673469387755102,0.21428571428571427,0.4329867438982656,4.0,9.0,1.7354651162790697,0.7494341884762442,0.04411764705882353,0.0
510,1,67.0,311.0,4.641791044776119,0.07033016734509272,0.15151515151515152,0.030303030303030304,0.25,0.6071428571428571,0.23214285714285715,0.44642857142857145,0.208955223880597,0.0,0.0,0.7142857142857143,0.5210673899032329,0.39959659793016283,0.3479366927930592,0.44753781140461235,NaN,NaN,NaN,NaN,5.553571428571429,8.212893727342596,2.2728131289564195,0.8841237879032363,4.316831683168317,0.2857142857142857,0.3981570772480172,5.0,10.0,1.8573155985489722,0.816864643498268,0.029850746268656716,0.0
511,1,67.0,260.0,3.8805970149253732,0.05879692446856626,0.16666666666666666,0.06060606060606061,0.2727272727272727,0.6181818181818182,0.23636363636363636,0.41818181818181815,0.208955223880597,0.0,0.07142857142857142,0.6428571428571429,0.5312930087677357,0.41178150513374306,0.3481640289535026,0.45167773219065227,NaN,NaN,NaN,NaN,4.7272727272727275,6.889214720218805,2.289450326079314,0.980843478821027,4.928571428571429,0.2545454545454545,0.45605050725104135,5.0,10.0,1.8766140602582497,0.8281928890474076,0.1044776119402985,0.0
512,1,67.0,253.0,3.7761194029850746,0.05721393034825871,0.16666666666666666,0.10606060606060606,0.2727272727272727,0.6545454545454545,0.2545454545454545,0.4,0.208955223880597,0.0,0.0,0.6428571428571429,0.4656101485362202,0.4029808578841736,0.33329706035007134,0.4530657263269363,NaN,NaN,NaN,NaN,4.6,6.468155613236052,2.2779800626336275,1.0203881341267136,5.304347826086957,0.21818181818181817,0.3977176572445444,5.0,11.0,2.15406162464986,1.1014800837412826,0.0,0.0
513,1,66.0,240.0,3.6363636363636362,0.055944055944055944,0.15384615384615385,0.09230769230769231,0.3090909090909091,0.6181818181818182,0.2,0.4,0.21212121212121213,0.0,0.0,0.6428571428571429,0.516497502648724,0.39959283305730897,0.33903253312344217,0.44549109068266274,NaN,NaN,NaN,NaN,4.363636363636363,5.161695229582782,2.334280341987428,1.0367769123593662,5.222222222222222,0.23636363636363636,0.3667077777942226,5.0,8.0,1.7591093117408907,0.8920814688429943,0.030303030303030304,0.0
514,1,68.0,272.0,4.0,0.05970149253731343,0.16417910447761194,0.04477611940298507,0.21428571428571427,0.6428571428571429,0.19642857142857142,0.4107142857142857,0.20588235294117646,0.0,0.0,0.7142857142857143,0.49013009831076737,0.3933377889269141,0.33489791031355065,0.44166088133565523,NaN,NaN,NaN,NaN,4.857142857142857,6.351602722373082,2.2888171913489055,1.0242618960612666,5.166666666666666,0.26785714285714285,0.4753771081524792,6.0,13.0,2.1554726368159205,1.0736084105369164,0.10294117647058823,0.0
515,1,67.0,296.0,4.417910447761194,0.06693803708729082,0.16666666666666666,0.030303030303030304,0.23636363636363636,0.6181818181818182,0.2545454545454545,0.43636363636363634,0.208955223880597,0.0,0.0,0.6428571428571429,0.5168414619001347,0.38976418000794,0.3482236154649947,0.4480192149189793,NaN,NaN,NaN,NaN,5.381818181818182,8.303258862886771,2.2726993451815694,0.9427360382541888,4.5,0.3090909090909091,0.4413459329200971,4.0,11.0,1.8376703841387856,0.7352645245047943,0.08955223880597014,0.0
516,1,68.0,266.0,3.911764705882353,0.058384547848990345,0.16417910447761194,0.07462686567164178,0.2857142857142857,0.625,0.26785714285714285,0.42857142857142855,0.20588235294117646,0.0,0.07142857142857142,0.5714285714285714,0.5473048415710553,0.4084208031170218,0.35370979532163743,0.46098333951768056,NaN,NaN,NaN,NaN,4.75,5.271708365502505,2.2815156696887926,0.9688124073820686,4.666666666666666,0.23214285714285715,0.41467241802225435,5.0,11.0,1.9562841530054644,0.89121037978383,0.029411764705882353,0.0
517,1,64.0,266.0,4.15625,0.06597222222222222,0.1746031746031746,0.07936507936507936,0.23076923076923078,0.6538461538461539,0.25,0.4423076923076923,0.171875,0.0,0.09090909090909091,0.5454545454545454,0.5406046795729608,0.39656127519746187,0.36607038901930544,0.4568234252592401,NaN,NaN,NaN,NaN,5.115384615384615,6.58177473579124,2.2689693842120424,1.0514890410566342,5.35,0.25,0.39474254646141993,5.0,10.0,1.98159509202454,1.0278600957836106,0.0625,0.0
518,1,68.0,311.0,4.573529411764706,0.06826163301141353,0.16417910447761194,0.05970149253731343,0.21428571428571427,0.6071428571428571,0.19642857142857142,0.44642857142857145,0.20588235294117646,0.0,0.07142857142857142,0.5714285714285714,0.5255226457556005,0.3950841481125961,0.3421368783680814,0.4392812860182793,NaN,NaN,NaN,NaN,5.553571428571429,5.984585176957526,2.2590667085681666,0.9051322714155852,4.217948717948718,0.32142857142857145,0.44260608405262253,5.0,13.0,1.878787878787879,0.8165398860581454,0.10294117647058823,0.0
519,1,68.0,269.0,3.9558823529411766,0.059043020193151885,0.16417910447761194,0.029850746268656716,0.26785714285714285,0.625,0.21428571428571427,0.39285714285714285,0.20588235294117646,0.0,0.07142857142857142,0.5714285714285714,0.5085314455107448,0.3921281820526553,0.3323569200407435,0.45172315423072484,NaN,NaN,NaN,NaN,4.803571428571429,5.381515983969042,2.3391340620009125,1.0667212854006,4.88495575221239,0.2857142857142857,0.4474989580769271,5.0,12.0,2.027603513174404,0.9142868838156274,0.08823529411764706,0.0
52,1,68.0,271.0,3.985294117647059,0.05948200175592625,0.16417910447761194,0.029850746268656716,0.25,0.625,0.23214285714285715,0.4107142857142857,0.20588235294117646,0.0,0.07142857142857142,0.5714285714285714,0.5202790568188022,0.4080120756273614,0.3384018759018759,0.4531034003583816,NaN,NaN,NaN,NaN,4.839285714285714,6.344007295978511,2.286719090579073,1.0022718116753704,5.5,0.26785714285714285,0.38750828873430826,5.0,8.0,2.005925925925926,1.0463844039904198,0.07352941176470588,0.0
520,1,68.0,269.0,3.9558823529411766,0.059043020193151885,0.16417910447761194,0.014925373134328358,0.25,0.625,0.19642857142857142,0.42857142857142855,0.20588235294117646,0.0,0.07142857142857142,0.6428571428571429,0.5155271546274437,0.404307697982812,0.3353367862296434,0.43972105078855617,NaN,NaN,NaN,NaN,4.803571428571429,6.686267182155439,2.281579331738259,0.9981319680777117,4.961538461538462,0.25,0.43250306501036506,4.0,11.0,1.9627659574468086,0.843994565529003,0.10294117647058823,0.0
521,1,68.0,318.0,4.676470588235294,0.0697980684811238,0.16417910447761194,0.07462686567164178,0.23214285714285715,0.625,0.17857142857142858,0.4642857142857143,0.20588235294117646,0.0,0.0,0.7142857142857143,0.523272287569572,0.3772110590976643,0.346936867362204,0.42771577609508193,NaN,NaN,NaN,NaN,5.678571428571429,7.188645447970248,2.209038397417633,0.8270810797504863,3.924731182795699,0.26785714285714285,0.4462948321585201,4.0,10.0,1.5921625544267053,0.5836902424394695,0.058823529411764705,0.0
522,1,62.0,143.0,2.306451612903226,0.03781068217874141,0.18032786885245902,0.22950819672131148,0.34,0.58,0.26,0.42,0.22580645161290322,0.0,0.0,0.5714285714285714,0.48335520647652996,0.4230442195189676,0.3600569985569986,0.4575098543621897,NaN,NaN,NaN,NaN,2.86,2.9966648127543403,2.343609042849383,1.1164040114633267,5.444444444444445,0.2,0.5219998874431272,5.0,10.0,2.044198895027624,1.0490634494614735,0.0967741935483871,0.0
523,1,68.0,262.0,3.8529411764705883,0.05750658472344162,0.16417910447761194,0.11940298507462686,0.21428571428571427,0.625,0.2857142857142857,0.44642857142857145,0.20588235294117646,0.0,0.07142857142857142,0.6428571428571429,0.539988106440047,0.4074406995162926,0.3666492237920809,0.46120799375229105,NaN,NaN,NaN,NaN,4.678571428571429,6.161779975585988,2.267127828812381,0.9535047448641429,4.703125,0.2857142857142857,0.30776077398666757,4.0,9.0,1.8594771241830066,0.8807033276637491,0.058823529411764705,0.0
524,1,67.0,299.0,4.462686567164179,0.0676164631388512,0.15151515151515152,0.07575757575757576,0.21428571428571427,0.6428571428571429,0.23214285714285715,0.42857142857142855,0.208955223880597,0.0,0.0,0.5714285714285714,0.5170070558461488,0.3889769705141007,0.3449778396206967,0.45025013715948736,NaN,NaN,NaN,NaN,5.339285714285714,6.926305024953875,2.335276518318212,1.0642551127957955,5.727272727272727,0.30357142857142855,0.39703771513961833,6.0,12.0,2.183030303030303,1.1912720745631584,0.08955223880597014,0.0
525,1,66.0,218.0,3.303030303030303,0.05081585081585081,0.15384615384615385,0.09230769230769231,0.3090909090909091,0.6,0.21818181818181817,0.4,0.21212121212121213,0.0,0.07142857142857142,0.7142857142857143,0.5142351610413395,0.4015766665897264,0.327451687068912,0.44449915423523617,NaN,NaN,NaN,NaN,3.963636363636364,4.167616053455929,2.379565740580973,1.1062131008884704,5.178571428571429,0.23636363636363636,0.4780896276487593,5.0,10.0,2.0860033726812817,1.0038892510466404,0.09090909090909091,0.0
526,1,67.0,252.0,3.7611940298507465,0.05698778833107191,0.16666666666666666,0.030303030303030304,0.23636363636363636,0.6363636363636364,0.16363636363636364,0.45454545454545453,0.208955223880597,0.0,0.0,0.6428571428571429,0.5373940153886488,0.4054986745970025,0.3526734021625662,0.4386390051796551,NaN,NaN,NaN,NaN,4.581818181818182,5.126875118905129,2.2648074986897844,0.9683039061475195,4.954545454545455,0.2727272727272727,0.4190900820513545,6.0,11.0,2.1244925575101488,1.055728138963729,0.04477611940298507,0.0
527,1,67.0,209.0,3.1194029850746268,0.0472636815920398,0.15151515151515152,0.10606060606060606,0.26785714285714285,0.625,0.25,0.39285714285714285,0.208955223880597,0.0,0.07142857142857142,0.5714285714285714,0.5317032152975621,0.40713748207957406,0.34270833333333334,0.44845149535581724,NaN,NaN,NaN,NaN,3.732142857142857,3.5852783405505324,2.3359680276997197,1.0573495762582383,5.454545454545455,0.26785714285714285,0.41798688019150865,6.0,9.0,2.2886762360446573,1.17124057088271,0.07462686567164178,0.0
528,1,66.0,252.0,3.8181818181818183,0.05874125874125874,0.15384615384615385,0.07692307692307693,0.2727272727272727,0.6181818181818182,0.18181818181818182,0.4,0.21212121212121213,0.0,0.0,0.5714285714285714,0.5386086611242443,0.39562766349890155,0.3423658664567756,0.4420645219772649,NaN,NaN,NaN,NaN,4.581818181818182,5.03208560359276,2.296139621863191,0.9546450122031135,4.933333333333334,0.2545454545454545,0.37655100261381536,4.0,9.0,1.8827361563517915,0.8639574743867092,0.030303030303030304,0.0
529,1,68.0,267.0,3.926470588235294,0.058604038630377525,0.16417910447761194,0.08955223880597014,0.26785714285714285,0.6071428571428571,0.25,0.42857142857142855,0.20588235294117646,0.0,0.07142857142857142,0.6428571428571429,0.4643177455160808,0.4044720017175844,0.3453838798365196,0.4520166190485966,NaN,NaN,NaN,NaN,4.767857142857143,6.240603325811525,2.353250244090127,1.094856786021838,5.545454545454545,0.2857142857142857,0.4989620316601553,7.0,12.0,2.0633284241531666,1.1523202691083567,0.058823529411764705,0.0
53,1,67.0,255.0,3.8059701492537314,0.057666214382632294,0.16666666666666666,0.12121212121212122,0.2727272727272727,0.6363636363636364,0.18181818181818182,0.43636363636363634,0.208955223880597,0.0,0.0,0.5714285714285714,0.5113672444619791,0.3837155931565412,0.357026606785965,0.44259886502617846,NaN,NaN,NaN,NaN,4.636363636363637,4.922975750061159,2.2593066430618847,0.9330483389550311,4.4375,0.21818181818181817,0.4233873573507956,5.0,13.0,2.054987212276215,0.9724999464282631,0.04477611940298507,0.0
530,1,67.0,238.0,3.5522388059701493,0.053821800090456805,0.16666666666666666,0.13636363636363635,0.23636363636363636,0.6,0.2545454545454545,0.41818181818181815,0.208955223880597,0.0,0.07142857142857142,0.6428571428571429,0.5278390580242537,0.4116469048163432,0.3508764111705288,0.46041606065489393,NaN,NaN,NaN,NaN,4.327272727272727,4.807611809737899,2.3385839729645483,1.0788074955131506,6.0,0.2909090909090909,0.33209186408935654,6.0,8.0,2.056896551724138,1.168914006562355,0.029850746268656716,0.0
531,1,67.0,236.0,3.5223880597014925,0.05336951605608322,0.16666666666666666,0.10606060606060606,0.2909090909090909,0.6181818181818182,0.2909090909090909,0.43636363636363634,0.208955223880597,0.0,0.07142857142857142,0.5714285714285714,0.48837785180899834,0.399010664326398,0.35090764100333477,0.4584363237788952,NaN,NaN,NaN,NaN,4.290909090909091,5.8742146118776875,2.308033607953521,1.0225926456012293,5.0,0.18181818181818182,0.3471732624162505,5.0,9.0,1.9845890410958904,1.0084219125128775,0.05970149253731343,0.0
532,1,67.0,219.0,3.2686567164179103,0.04952510176390773,0.16666666666666666,0.10606060606060606,0.2727272727272727,0.6,0.2545454545454545,0.43636363636363634,0.208955223880597,0.0,0.07142857142857142,0.5714285714285714,0.5820824827910963,0.4106899214598869,0.36932900432900434,0.45883798940193665,NaN,NaN,NaN,NaN,3.981818181818182,3.993007355879493,2.2730361857041346,0.9667875476340164,4.973684210526316,0.2727272727272727,0.3843618283485922,4.0,7.0,1.7152173913043478,0.7916963919577578,0.029850746268656716,0.0
533,1,67.0,246.0,3.671641791044776,0.05563093622795115,0.16666666666666666,0.07575757575757576,0.23636363636363636,0.6181818181818182,0.2545454545454545,0.4727272727272727,0.208955223880597,0.0,0.07142857142857142,0.6428571428571429,0.5393951557044597,0.40907952209721926,0.37083658765476946,0.4511568909135414,NaN,NaN,NaN,NaN,4.472727272727273,6.557027740875647,2.257320395659087,0.9425384602688186,4.6,0.2909090909090909,0.44794112858730234,5.0,11.0,2.033333333333333,1.022706298993514,0.07462686567164178,0.0
534,1,66.0,185.0,2.803030303030303,0.04312354312354312,0.16923076923076924,0.16923076923076924,0.25925925925925924,0.6111111111111112,0.2777777777777778,0.4444444444444444,0.21212121212121213,0.0,0.14285714285714285,0.5714285714285714,0.6107009802611655,0.420778487660438,0.3875187055742611,0.4692953771365698,NaN,NaN,NaN,NaN,3.425925925925926,4.016953937725167,2.2453084025496466,0.9387428348620371,4.75,0.25925925925925924,0.3690437290056531,4.0,8.0,1.9586056644880174,0.9463945690907809,0.0,0.0
535,1,66.0,244.0,3.696969696969697,0.05687645687645688,0.15384615384615385,0.12307692307692308,0.2545454545454545,0.6181818181818182,0.2727272727272727,0.4,0.21212121212121213,0.0,0.07142857142857142,0.6428571428571429,0.5090374979590235,0.4298002417105963,0.3557458824700204,0.4606875837225701,NaN,NaN,NaN,NaN,4.4363636363636365,6.370544590836673,2.247595364043248,0.8671624128723183,4.4,0.23636363636363636,0.3631236040332789,4.0,9.0,1.7295719844357977,0.7964474065601115,0.07575757575757576,0.0
536,1,66.0,246.0,3.727272727272727,0.057342657342657345,0.16923076923076924,0.09230769230769231,0.2777777777777778,0.6296296296296297,0.25925925925925924,0.4074074074074074,0.21212121212121213,0.0,0.07142857142857142,0.6428571428571429,0.5184169772320233,0.40602468514230755,0.3592249657064472,0.4610797814817543,NaN,NaN,NaN,NaN,4.555555555555555,6.111130169591017,2.245868652778312,0.9354464298594527,4.541666666666666,0.25925925925925924,0.40957811627343005,4.0,11.0,1.8404423380726698,0.7844258120818997,0.07575757575757576,0.0
537,1,68.0,294.0,4.323529411764706,0.06453028972783142,0.16417910447761194,0.029850746268656716,0.23214285714285715,0.625,0.19642857142857142,0.42857142857142855,0.20588235294117646,0.0,0.07142857142857142,0.5714285714285714,0.484842678481401,0.3915165565726956,0.34854894609358894,0.44265212123831144,NaN,NaN,NaN,NaN,5.25,6.444871110919414,2.2793270566922295,1.0003810794909975,5.214285714285714,0.2857142857142857,0.4211391634918166,6.0,10.0,2.049136786188579,1.1445882952281,0.029411764705882353,0.0
538,1,67.0,245.0,3.656716417910448,0.05540479421076436,0.16666666666666666,0.13636363636363635,0.2545454545454545,0.6181818181818182,0.23636363636363636,0.4,0.208955223880597,0.0,0.07142857142857142,0.5714285714285714,0.4628551712080358,0.39963026576373495,0.3483877233877234,0.45641775494776116,NaN,NaN,NaN,NaN,4.454545454545454,4.810552373835477,2.3320695059501033,1.082052770447146,5.075,0.2727272727272727,0.47129517798674503,5.0,11.0,1.8435114503816794,0.9866876225512249,0.04477611940298507,0.0
539,1,68.0,261.0,3.838235294117647,0.05728709394205443,0.16417910447761194,0.05970149253731343,0.23214285714285715,0.625,0.23214285714285715,0.42857142857142855,0.20588235294117646,0.0,0.07142857142857142,0.5714285714285714,0.5192815804160078,0.42155254995647296,0.3625587466169264,0.4585145112375275,NaN,NaN,NaN,NaN,4.660714285714286,6.0280459240402005,2.2372237666483543,0.8986159982957901,4.413793103448276,0.26785714285714285,0.3561449553863116,4.0,8.0,1.5591397849462365,0.7019425876568064,0.058823529411764705,0.0
54,1,68.0,222.0,3.264705882352941,0.048726953467954345,0.16417910447761194,0.208955223880597,0.23214285714285715,0.625,0.21428571428571427,0.42857142857142855,0.20588235294117646,0.0,0.14285714285714285,0.5714285714285714,0.5275769656153059,0.4150394728701639,0.3583864795918367,0.4506016254298858,NaN,NaN,NaN,NaN,3.9642857142857144,4.335746913589548,2.2126349776285696,0.8731185472087322,4.666666666666666,0.23214285714285715,0.2417197147144334,5.0,7.0,1.4730878186968839,0.7111017665423168,0.0,0.0
540,1,66.0,235.0,3.5606060606060606,0.054778554778554776,0.16923076923076924,0.07692307692307693,0.25925925925925924,0.6296296296296297,0.14814814814814814,0.4444444444444444,0.21212121212121213,0.0,0.0,0.5714285714285714,0.4670913889865493,0.3973672636894345,0.32440398836597667,0.41931601781510747,NaN,NaN,NaN,NaN,4.351851851851852,5.408439971103889,2.2255315488118574,0.8924961981381119,4.422535211267606,0.24074074074074073,0.3472986825810059,4.0,10.0,1.7715827338129497,0.7521632552259868,0.030303030303030304,0.0
541,1,67.0,225.0,3.3582089552238807,0.05088195386702849,0.16666666666666666,0.12121212121212122,0.3090909090909091,0.6181818181818182,0.23636363636363636,0.41818181818181815,0.208955223880597,0.0,0.07142857142857142,0.5714285714285714,0.5287875938743458,0.401072281100182,0.3491414141414141,0.45254149612943806,NaN,NaN,NaN,NaN,4.090909090909091,4.66377977083414,2.2999972573637026,1.0242916212460826,5.0,0.18181818181818182,0.47758249730794083,4.0,9.0,1.7445972495088409,0.7643607313502012,0.05970149253731343,0.0
542,1,64.0,235.0,3.671875,0.05828373015873016,0.1746031746031746,0.15873015873015872,0.28846153846153844,0.5961538461538461,0.19230769230769232,0.40384615384615385,0.21875,0.0,0.0,0.5714285714285714,0.5262225621600621,0.403469690614567,0.3373397435897436,0.447035412566859,NaN,NaN,NaN,NaN,4.519230769230769,4.4742855037682565,2.268612773105755,0.9498334015363,4.633333333333333,0.2692307692307692,0.3611650161694684,4.0,10.0,1.6827731092436975,0.7498754135058894,0.078125,0.0
543,1,64.0,228.0,3.5625,0.05654761904761905,0.1746031746031746,0.12698412698412698,0.28846153846153844,0.6346153846153846,0.2692307692307692,0.4230769230769231,0.203125,0.0,0.07692307692307693,0.5384615384615384,0.5606893150525226,0.3903130814353055,0.3579059829059829,0.455553026394284,NaN,NaN,NaN,NaN,4.384615384615385,5.640031449480686,2.320513752155361,1.120869721750649,5.264705882352941,0.21153846153846154,0.5023808964689952,5.0,10.0,2.0611205432937183,1.0217029771610926,0.109375,0.0
544,1,67.0,252.0,3.7611940298507465,0.05698778833107191,0.16666666666666666,0.09090909090909091,0.2,0.6,0.2909090909090909,0.43636363636363634,0.208955223880597,0.0,0.07142857142857142,0.6428571428571429,0.5252381547766252,0.41264130479529487,0.3562115988586577,0.4641092870435981,NaN,NaN,NaN,NaN,4.581818181818182,5.893156448737207,2.3548778030176325,1.1259034729277904,5.416666666666666,0.34545454545454546,0.4778143601690679,6.0,13.0,2.338961038961039,1.2587954119900875,0.11940298507462686,0.0
545,1,67.0,190.0,2.8358208955223883,0.04296698326549073,0.16666666666666666,0.21212121212121213,0.2909090909090909,0.6363636363636364,0.23636363636363636,0.38181818181818183,0.0,0.0,NaN,NaN,0.4813364381897338,0.4191654824354309,0.34411764705882353,0.45708614617689025,NaN,NaN,NaN,NaN,3.4545454545454546,3.971277347534892,2.353141085879126,1.1623363877047062,5.5,0.2,0.4793618798988827,5.0,11.0,2.05761316872428,1.0358390505830648,0.1044776119402985,0.0
546,1,67.0,214.0,3.1940298507462686,0.04839439167797377,0.16666666666666666,0.10606060606060606,0.3090909090909091,0.6545454545454545,0.2727272727272727,0.4,0.19402985074626866,0.0,0.07692307692307693,0.6923076923076923,0.5493003545044948,0.40544218400041315,0.3560802833530106,0.46405409051207497,NaN,NaN,NaN,NaN,3.890909090909091,4.012354657677945,2.273390340412039,0.9828141940961358,4.888888888888889,0.2,0.42709432297351624,5.0,10.0,2.021103896103896,0.9683828186708968,0.04477611940298507,0.0
547,1,68.0,280.0,4.117647058823529,0.061457418788410885,0.16417910447761194,0.04477611940298507,0.26785714285714285,0.6428571428571429,0.21428571428571427,0.42857142857142855,0.20588235294117646,0.0,0.0,0.5714285714285714,0.561247411922727,0.4107091905176577,0.359945254452242,0.4515444323570337,NaN,NaN,NaN,NaN,5.0,6.258085678834732,2.267518370247891,0.9509028185808539,4.448275862068965,0.25,0.4305549584802974,4.0,12.0,1.9604591836734695,0.8678846692379026,0.10294117647058823,0.0
548,1,68.0,230.0,3.3823529411764706,0.0504828797190518,0.16417910447761194,0.1044776119402985,0.26785714285714285,0.625,0.19642857142857142,0.4107142857142857,0.20588235294117646,0.0,0.0,0.5714285714285714,0.4977693861662789,0.38760975293638955,0.32731009070294786,0.4335705582736347,NaN,NaN,NaN,NaN,4.107142857142857,4.372137282335084,2.2987537022351825,1.0052225088635758,4.870967741935484,0.25,0.43549256347059156,5.0,11.0,2.102201257861635,1.0709896212757177,0.07352941176470588,0.0
549,1,67.0,230.0,3.4328358208955225,0.05201266395296246,0.16666666666666666,0.12121212121212122,0.3090909090909091,0.6181818181818182,0.18181818181818182,0.41818181818181815,0.208955223880597,0.0,0.0,0.6428571428571429,0.5228854428854428,0.39751337284211363,0.343932763932764,0.44413147744078496,NaN,NaN,NaN,NaN,4.181818181818182,5.931993947110212,2.249502822186295,0.9103259216899194,4.541666666666666,0.2,0.3190470259293291,4.0,8.0,1.8899253731343284,0.9032708963414192,0.0,0.0
55,1,68.0,236.0,3.4705882352941178,0.05179982440737489,0.16417910447761194,0.13432835820895522,0.21428571428571427,0.6071428571428571,0.14285714285714285,0.44642857142857145,0.20588235294117646,0.0,0.07142857142857142,0.5714285714285714,0.44833791702563824,0.3703916055710657,0.32419009270374816,0.413943277394089,NaN,NaN,NaN,NaN,4.214285714285714,3.9529702789135697,2.2913049784377497,0.9776710201059993,4.833333333333334,0.3392857142857143,0.45362616056633703,5.0,11.0,1.9332298136645962,0.8587024842370033,0.058823529411764705,0.0
550,1,68.0,294.0,4.323529411764706,0.06453028972783142,0.16417910447761194,0.1044776119402985,0.25,0.625,0.19642857142857142,0.42857142857142855,0.20588235294117646,0.0,0.07142857142857142,0.6428571428571429,0.49563363563021223,0.39879658507627164,0.33683518862090295,0.44052988417935507,NaN,NaN,NaN,NaN,5.25,6.6476243193271,2.2701878513383704,0.9542426844846932,4.8235294117647065,0.25,0.3466216753120339,4.0,8.0,1.71499176276771,0.795712080122884,0.029411764705882353,0.0
551,1,68.0,330.0,4.852941176470588,0.07243195785776997,0.16417910447761194,0.05970149253731343,0.23214285714285715,0.625,0.19642857142857142,0.44642857142857145,0.20588235294117646,0.0,0.07142857142857142,0.6428571428571429,0.5310198627357812,0.39706607514392633,0.33381293913608745,0.43456541305601,NaN,NaN,NaN,NaN,5.892857142857143,8.59318666984822,2.261326000068916,0.9204363244980388,4.714285714285714,0.25,0.4041693479726154,5.0,10.0,1.7530695770804912,0.8217547477021329,0.0,0.0
552,1,67.0,230.0,3.4328358208955225,0.05201266395296246,0.16666666666666666,0.12121212121212122,0.23636363636363636,0.6,0.21818181818181817,0.43636363636363634,0.208955223880597,0.0,0.07142857142857142,0.6428571428571429,0.4723443738965335,0.41431718056288763,0.3397979797979798,0.4424912245562463,NaN,NaN,NaN,NaN,4.181818181818182,4.290777832838053,2.3133823119285397,1.0420788316708696,5.12,0.2909090909090909,0.4496868571304112,5.0,9.0,1.9349736379613356,0.9331474309159009,0.07462686567164178,0.0
553,1,68.0,259.0,3.8088235294117645,0.05684811237928007,0.16417910447761194,0.1044776119402985,0.26785714285714285,0.625,0.23214285714285715,0.44642857142857145,0.20588235294117646,0.0,0.07142857142857142,0.6428571428571429,0.5361692904118818,0.39066879588726205,0.35892903045158686,0.44613842414017113,NaN,NaN,NaN,NaN,4.625,5.989574275355469,2.2849946099861733,0.9918744665985014,4.7,0.25,0.40699862991162644,6.0,11.0,1.9069400630914826,0.9518498359226459,0.08823529411764706,0.0
554,1,67.0,236.0,3.5223880597014925,0.05336951605608322,0.16666666666666666,0.16666666666666666,0.23636363636363636,0.6,0.2909090909090909,0.45454545454545453,0.208955223880597,0.0,0.07142857142857142,0.5714285714285714,0.5308425037407813,0.40752506051088455,0.3722438672438672,0.4624711952183863,NaN,NaN,NaN,NaN,4.290909090909091,4.139568448042251,2.2710441677938795,0.9556687945824348,4.553191489361702,0.2909090909090909,0.45622020117952117,4.0,10.0,1.7106299212598426,0.7569045734985562,0.08955223880597014,0.0
555,1,67.0,237.0,3.537313432835821,0.05359565807327001,0.16666666666666666,0.06060606060606061,0.2545454545454545,0.6181818181818182,0.21818181818181817,0.43636363636363634,0.208955223880597,0.0,0.0,0.5714285714285714,0.5086279002670971,0.39488547603700885,0.34427128427128423,0.4486729185412239,NaN,NaN,NaN,NaN,4.3090909090909095,4.887143857528145,2.2884320498867994,0.9920791411629082,5.071428571428571,0.2727272727272727,0.3969959186544701,5.0,10.0,1.8623188405797102,0.8890707968560468,0.05970149253731343,0.0
556,1,65.0,274.0,4.2153846153846155,0.06586538461538462,0.140625,0.078125,0.3090909090909091,0.6,0.14545454545454545,0.4,0.2153846153846154,0.0,0.0,0.5714285714285714,0.5338363212655772,0.3946630357855216,0.3353580922001975,0.4427721850429952,NaN,NaN,NaN,NaN,4.9818181818181815,5.619051287694159,2.339126835624289,0.9989684857046742,4.9,0.21818181818181817,0.3664206612828845,5.0,10.0,1.9607558139534884,0.9468713570376792,0.07692307692307693,0.0
557,1,68.0,213.0,3.1323529411764706,0.04675153643546971,0.16417910447761194,0.14925373134328357,0.26785714285714285,0.625,0.25,0.42857142857142855,0.20588235294117646,0.0,0.07142857142857142,0.5714285714285714,0.47643091214745464,0.4124112358947913,0.3474279936333508,0.4499169016156623,NaN,NaN,NaN,NaN,3.8035714285714284,4.546405744630058,2.2451880676002864,0.9085493676647991,4.426966292134832,0.25,0.42226078412129264,4.0,11.0,1.8145454545454545,0.7478976440050223,0.10294117647058823,0.0
558,1,66.0,217.0,3.287878787878788,0.05058275058275058,0.15384615384615385,0.09230769230769231,0.2909090909090909,0.6545454545454545,0.2,0.41818181818181815,0.21212121212121213,0.0,0.0,0.5714285714285714,0.5041247043088424,0.39485893540486733,0.34919126328217237,0.44395871545138027,NaN,NaN,NaN,NaN,3.9454545454545453,4.4489623501740265,2.263950148203342,0.9387588136108093,4.972222222222222,0.2,0.3847965808926358,5.0,10.0,2.0526315789473686,0.9685659815080865,0.030303030303030304,0.0
559,1,64.0,221.0,3.453125,0.054811507936507936,0.15873015873015872,0.06349206349206349,0.2830188679245283,0.6226415094339622,0.22641509433962265,0.39622641509433965,0.21875,0.0,0.07142857142857142,0.5714285714285714,0.49209058030998004,0.39980730636883505,0.3347259658580413,0.4501439252663339,NaN,NaN,NaN,NaN,4.169811320754717,6.390304702788809,2.2561171218601714,0.9079055655111786,4.625,0.20754716981132076,0.3481407820106791,3.0,6.0,1.5841584158415842,0.7011840639000998,0.03125,0.0
56,1,66.0,255.0,3.8636363636363638,0.05944055944055944,0.16923076923076924,0.046153846153846156,0.2777777777777778,0.6111111111111112,0.24074074074074073,0.4444444444444444,0.21212121212121213,0.0,0.0,0.6428571428571429,0.5263726800420789,0.4018649321729804,0.35662110523221635,0.45099258525593333,NaN,NaN,NaN,NaN,4.722222222222222,7.678484192655174,2.2554010637924815,0.9136239275963728,4.444444444444445,0.2222222222222222,0.44270371424220906,4.0,10.0,1.8703170028818443,0.7732248489546444,0.07575757575757576,0.0
560,1,67.0,260.0,3.8805970149253732,0.05879692446856626,0.16666666666666666,0.10606060606060606,0.23636363636363636,0.6363636363636364,0.18181818181818182,0.45454545454545453,0.208955223880597,0.0,0.0,0.6428571428571429,0.56785855313735,0.3887781063782356,0.36321290227246344,0.4426012076665121,NaN,NaN,NaN,NaN,4.7272727272727275,5.668151914684903,2.2350167532885825,0.8954064379223364,4.367647058823529,0.2727272727272727,0.3570561268921044,3.0,8.0,1.7841614906832297,0.7324923337355068,0.04477611940298507,0.0
561,1,67.0,308.0,4.597014925373134,0.06965174129353234,0.16666666666666666,0.09090909090909091,0.2545454545454545,0.6181818181818182,0.21818181818181817,0.41818181818181815,0.208955223880597,0.0,0.07142857142857142,0.5714285714285714,0.5658372159960486,0.3977642660740655,0.34635780885780887,0.4520033370429396,NaN,NaN,NaN,NaN,5.6,7.124813187934331,2.3408838058062615,1.0825783133524685,5.0,0.2545454545454545,0.4063988011462158,5.0,10.0,1.8866279069767442,0.9765496226851461,0.08955223880597014,0.0
562,1,66.0,213.0,3.227272727272727,0.04965034965034965,0.16923076923076924,0.03076923076923077,0.2777777777777778,0.6296296296296297,0.3148148148148148,0.4444444444444444,0.21212121212121213,0.0,0.07142857142857142,0.5714285714285714,0.554181976597743,0.4119892089392085,0.3672398589065256,0.4643645969768897,NaN,NaN,NaN,NaN,3.9444444444444446,6.328780223668448,2.2481700277717245,0.932212051419632,4.5058823529411764,0.2222222222222222,0.41883860967860964,3.0,9.0,1.8495867768595042,0.7202285287321615,0.030303030303030304,0.0
563,1,65.0,198.0,3.046153846153846,0.047596153846153844,0.171875,0.171875,0.32075471698113206,0.6415094339622641,0.22641509433962265,0.41509433962264153,0.2,0.0,0.07692307692307693,0.6153846153846154,0.5049683724481567,0.397213005739212,0.346694081599742,0.4400541704946768,NaN,NaN,NaN,NaN,3.7358490566037736,4.5240848772738484,2.2587107045659085,0.9445019017832834,4.454545454545455,0.18867924528301888,0.4922315841717334,5.0,13.0,1.889087656529517,0.7932549824696702,0.1076923076923077,0.0
564,1,66.0,235.0,3.5606060606060606,0.054778554778554776,0.16923076923076924,0.07692307692307693,0.2777777777777778,0.6111111111111112,0.2777777777777778,0.3888888888888889,0.21212121212121213,0.0,0.07142857142857142,0.5714285714285714,0.509911222253296,0.42194154986226223,0.3419753086419753,0.46167013758816877,NaN,NaN,NaN,NaN,4.351851851851852,5.14747568618854,2.290864286221207,0.9920825550813211,4.791666666666666,0.2777777777777778,0.46006985623931257,5.0,11.0,2.065281899109792,0.9971188781264502,0.07575757575757576,0.0
565,1,65.0,263.0,4.046153846153846,0.06322115384615384,0.15625,0.078125,0.24074074074074073,0.6481481481481481,0.18518518518518517,0.4074074074074074,0.2153846153846154,0.0,0.07142857142857142,0.5714285714285714,0.5397300255090408,0.4137402931458423,0.3435817269150603,0.45030232039902834,NaN,NaN,NaN,NaN,4.87037037037037,5.446294555800254,2.303747752932941,1.0225803958204873,4.8235294117647065,0.2222222222222222,0.41841110518681224,4.0,10.0,1.7846975088967971,0.8475069853129302,0.1076923076923077,0.0
566,1,68.0,301.0,4.426470588235294,0.0660667251975417,0.16417910447761194,0.07462686567164178,0.2857142857142857,0.6428571428571429,0.16071428571428573,0.4107142857142857,0.20588235294117646,0.0,0.0,0.6428571428571429,0.49655143753472636,0.37387669508181004,0.3440759637188209,0.4390306080026549,NaN,NaN,NaN,NaN,5.375,5.998674095922441,2.2637866252613956,0.9500084770877439,4.761904761904762,0.21428571428571427,0.33994039313748187,5.0,10.0,1.9601063829787233,0.9837583788318756,0.08823529411764706,0.0
567,1,66.0,338.0,5.121212121212121,0.07878787878787878,0.15384615384615385,0.0,0.2545454545454545,0.6,0.23636363636363636,0.43636363636363634,0.21212121212121213,0.0,0.07142857142857142,0.6428571428571429,0.5599745738049154,0.40355121660963655,0.36025483255292984,0.45493778397969237,NaN,NaN,NaN,NaN,6.1454545454545455,8.352019453774577,2.2862179704807852,0.9092444736895587,4.454545454545455,0.2909090909090909,0.4182510098184758,4.0,12.0,1.8708920187793427,0.8339154330916568,0.10606060606060606,0.0
568,1,64.0,236.0,3.6875,0.05853174603174603,0.1746031746031746,0.12698412698412698,0.25,0.5769230769230769,0.19230769230769232,0.4230769230769231,0.21875,0.0,0.07142857142857142,0.5714285714285714,0.4956603987129349,0.3928776347016558,0.3422313797313797,0.44137858782398764,NaN,NaN,NaN,NaN,4.538461538461538,5.958883756706677,2.328043297155642,1.045972893865546,5.111111111111111,0.34615384615384615,0.41534713288272807,6.0,9.0,2.0146520146520146,1.1119721994105742,0.0,0.0
569,1,67.0,228.0,3.4029850746268657,0.051560379918588875,0.16666666666666666,0.09090909090909091,0.3090909090909091,0.6363636363636364,0.2545454545454545,0.41818181818181815,0.208955223880597,0.0,0.07142857142857142,0.5714285714285714,0.5283683798564751,0.40716444504019494,0.3548035298035298,0.4578481692437873,NaN,NaN,NaN,NaN,4.1454545454545455,5.8860103504086565,2.226108170995718,0.8766832203086321,4.5,0.21818181818181817,0.364887160080674,5.0,9.0,1.9314024390243902,0.854188700174319,0.0,0.0
57,1,66.0,239.0,3.621212121212121,0.05571095571095571,0.16923076923076924,0.1076923076923077,0.2777777777777778,0.6111111111111112,0.24074074074074073,0.42592592592592593,0.21212121212121213,0.0,0.07142857142857142,0.5714285714285714,0.5390472267343914,0.3987505924057625,0.3609105370543279,0.45770028269552865,NaN,NaN,NaN,NaN,4.425925925925926,4.4915091881084175,2.2873703771371843,0.9758403953328659,4.388888888888889,0.25925925925925924,0.46498930632998403,4.0,11.0,1.794066317626527,0.7973950437105459,0.10606060606060606,0.0
570,1,64.0,201.0,3.140625,0.04985119047619048,0.15873015873015872,0.20634920634920634,0.32075471698113206,0.6037735849056604,0.24528301886792453,0.4339622641509434,0.203125,0.0,0.07692307692307693,0.6923076923076923,0.5865475837990999,0.41292847985011766,0.36372791254866726,0.46180225149050325,NaN,NaN,NaN,NaN,3.792452830188679,4.1247773392867835,2.375059356430391,1.1279760141512116,5.8,0.22641509433962265,0.33968421109087293,6.0,10.0,2.1365384615384615,1.14237504785554,0.078125,0.0
571,1,67.0,229.0,3.417910447761194,0.05178652193577567,0.16666666666666666,0.10606060606060606,0.2909090909090909,0.6181818181818182,0.16363636363636364,0.43636363636363634,0.208955223880597,0.0,0.07142857142857142,0.5714285714285714,0.4870888031521149,0.37979811591017215,0.3297986357077266,0.4317802848189217,NaN,NaN,NaN,NaN,4.163636363636364,3.680597960495189,2.282456783708508,0.9796493529619397,4.8235294117647065,0.23636363636363636,0.39617008482849286,5.0,8.0,1.8373831775700935,0.8792790889108402,0.029850746268656716,0.0
572,1,68.0,250.0,3.676470588235294,0.05487269534679543,0.16417910447761194,0.08955223880597014,0.19642857142857142,0.6428571428571429,0.21428571428571427,0.4107142857142857,0.20588235294117646,0.0,0.07142857142857142,0.5714285714285714,0.5168819366479519,0.41109501073390603,0.34846230158730157,0.4484394446204934,NaN,NaN,NaN,NaN,4.464285714285714,4.596300036548314,2.259505721261477,0.9473230845205901,4.578125,0.30357142857142855,0.4403054225720725,5.0,11.0,2.022354694485842,1.0019865935757528,0.058823529411764705,0.0
573,1,66.0,242.0,3.6666666666666665,0.05641025641025641,0.16923076923076924,0.03076923076923077,0.24074074074074073,0.6111111111111112,0.25925925925925924,0.42592592592592593,0.21212121212121213,0.0,0.0,0.6428571428571429,0.5245737789516726,0.41674695353248903,0.3532120528648306,0.45570234001833043,NaN,NaN,NaN,NaN,4.481481481481482,6.397938172422516,2.216243639977605,0.8581727881641604,4.483870967741936,0.25925925925925924,0.3955564329354229,5.0,9.0,1.8973561430793158,0.8729453004485057,0.0,0.0
574,1,66.0,255.0,3.8636363636363638,0.05944055944055944,0.16923076923076924,0.16923076923076924,0.2037037037037037,0.6296296296296297,0.25925925925925924,0.46296296296296297,0.21212121212121213,0.0,0.07142857142857142,0.5714285714285714,0.573717940108142,0.40155556476737014,0.37297178130511466,0.45686689301803574,NaN,NaN,NaN,NaN,4.722222222222222,6.091802926316786,2.213062442955633,0.8753688982898292,4.7,0.2777777777777778,0.27823526718249025,4.0,6.0,1.7158878504672896,0.80356759907013,0.0,0.0
575,1,65.0,263.0,4.046153846153846,0.06322115384615384,0.15625,0.109375,0.2962962962962963,0.6111111111111112,0.2037037037037037,0.42592592592592593,0.2153846153846154,0.0,0.0,0.6428571428571429,0.4765659196759173,0.4092471329125129,0.34227786900200696,0.4480064514345776,NaN,NaN,NaN,NaN,4.87037037037037,5.446294555800254,2.277249462709821,0.9102921305850303,4.470588235294118,0.2222222222222222,0.368991768599322,4.0,10.0,1.748006379585327,0.726258968561563,0.07692307692307693,0.0
576,1,68.0,237.0,3.485294117647059,0.05201931518876207,0.16417910447761194,0.07462686567164178,0.2857142857142857,0.6428571428571429,0.25,0.44642857142857145,0.20588235294117646,0.0,0.14285714285714285,0.5714285714285714,0.5026723454896295,0.40482959160825627,0.36057890261367703,0.45124134982191766,NaN,NaN,NaN,NaN,4.232142857142857,4.492381718698167,2.2839103523462834,1.009983436319222,4.953488372093023,0.23214285714285715,0.5083350650935664,4.0,11.0,2.0303030303030303,0.9552934857921271,0.10294117647058823,0.0
577,1,66.0,234.0,3.5454545454545454,0.05454545454545454,0.16923076923076924,0.09230769230769231,0.2777777777777778,0.6111111111111112,0.2777777777777778,0.4444444444444444,0.21212121212121213,0.0,0.07142857142857142,0.5714285714285714,0.5419573223559793,0.41028249453911103,0.3601651434984768,0.45953899903631656,NaN,NaN,NaN,NaN,4.333333333333333,5.79199186906549,2.240647708037238,0.8911420391172516,4.5,0.2037037037037037,0.3525360426238966,5.0,8.0,1.988562091503268,0.9598485411759411,0.030303030303030304,0.0
578,1,68.0,254.0,3.735294117647059,0.05575065847234416,0.16417910447761194,0.13432835820895522,0.26785714285714285,0.625,0.23214285714285715,0.42857142857142855,0.20588235294117646,0.0,0.07142857142857142,0.6428571428571429,0.5223837183526087,0.4086451783031695,0.34769851781292227,0.44884129342718565,NaN,NaN,NaN,NaN,4.535714285714286,6.42428428476111,2.2354469965941868,0.8793093437107693,4.638888888888889,0.23214285714285715,0.3288259794840078,4.0,9.0,1.8685376661742983,0.7950474031209327,0.029411764705882353,0.0
579,1,65.0,226.0,3.476923076923077,0.05432692307692308,0.171875,0.125,0.2641509433962264,0.6226415094339622,0.18867924528301888,0.4339622641509434,0.2153846153846154,0.0,0.0,0.5714285714285714,0.5601952216369642,0.37398968664174764,0.3472708894878706,0.4405213791350224,NaN,NaN,NaN,NaN,4.264150943396227,4.225157909639984,2.326963491392502,1.0679029484892393,4.9,0.2830188679245283,0.3997118932447839,5.0,10.0,2.2169811320754715,1.173229343545765,0.09230769230769231,0.0
58,1,68.0,289.0,4.25,0.06343283582089553,0.16417910447761194,0.08955223880597014,0.26785714285714285,0.625,0.26785714285714285,0.42857142857142855,0.20588235294117646,0.0,0.07142857142857142,0.5714285714285714,0.5062048319538291,0.4024304719114218,0.3550595238095238,0.4631835825942717,NaN,NaN,NaN,NaN,5.160714285714286,5.335223555729449,2.3879576626767904,1.1918789693730898,6.2,0.2857142857142857,0.41539641310167924,6.0,11.0,2.12015503875969,1.1361549630764938,0.029411764705882353,0.0
580,1,67.0,256.0,3.8208955223880596,0.05789235639981909,0.16666666666666666,0.10606060606060606,0.2727272727272727,0.6181818181818182,0.23636363636363636,0.41818181818181815,0.208955223880597,0.0,0.0,0.5714285714285714,0.4995381196794557,0.3955136679940352,0.34634986225895315,0.4492063938484535,NaN,NaN,NaN,NaN,4.654545454545454,5.611556137967638,2.298762984953052,1.0079607640147619,5.071428571428571,0.23636363636363636,0.39574434639891126,5.0,9.0,1.7194899817850637,0.8247997514049696,0.04477611940298507,0.0
581,1,66.0,209.0,3.1666666666666665,0.04871794871794872,0.16923076923076924,0.15384615384615385,0.2962962962962963,0.6296296296296297,0.24074074074074073,0.42592592592592593,0.21212121212121213,0.0,0.07142857142857142,0.5714285714285714,0.4830598796821183,0.41293422669053603,0.36728395061728397,0.45584234040322963,NaN,NaN,NaN,NaN,3.8703703703703702,3.3140427132915193,2.351335331845142,1.1179123509336433,5.277777777777778,0.24074074074074073,0.5752057356835811,5.0,11.0,2.0996240601503757,1.1129438108905951,0.09090909090909091,0.0
582,1,66.0,234.0,3.5454545454545454,0.05454545454545454,0.13846153846153847,0.03076923076923077,0.26785714285714285,0.6428571428571429,0.30357142857142855,0.4107142857142857,0.21212121212121213,0.0,0.07142857142857142,0.5714285714285714,0.5194332032843737,0.4321201379954686,0.35373347370363895,0.4721637960696347,NaN,NaN,NaN,NaN,4.178571428571429,7.066199037047345,2.372283048214725,1.098753704469869,5.555555555555555,0.23214285714285715,0.426583490999301,5.0,10.0,2.019193857965451,1.1383254075617675,0.0,0.0
583,1,66.0,259.0,3.9242424242424243,0.060372960372960374,0.15384615384615385,0.1076923076923077,0.2545454545454545,0.6363636363636364,0.23636363636363636,0.4,0.21212121212121213,0.0,0.07142857142857142,0.6428571428571429,0.5387771523672825,0.4053484482843131,0.3609457832719865,0.4600853081892051,NaN,NaN,NaN,NaN,4.709090909090909,5.0613741629629025,2.2851103576796614,0.9706435440690558,4.863636363636363,0.2727272727272727,0.42358154523809044,4.0,9.0,1.8703125,0.8412636161340784,0.07575757575757576,0.0
584,1,68.0,241.0,3.5441176470588234,0.0528972783143108,0.16417910447761194,0.1044776119402985,0.32142857142857145,0.6071428571428571,0.26785714285714285,0.4107142857142857,0.20588235294117646,0.0,0.0,0.5714285714285714,0.536893003767441,0.39999130407158767,0.35081782713085236,0.46037229246165584,NaN,NaN,NaN,NaN,4.303571428571429,5.298094487153395,2.358738625621935,1.1559162193744634,5.909090909090909,0.19642857142857142,0.4002841191688575,5.0,8.0,1.9349904397705544,1.1122701880266304,0.058823529411764705,0.0
585,1,68.0,231.0,3.3970588235294117,0.05070237050043898,0.16417910447761194,0.11940298507462686,0.2857142857142857,0.625,0.16071428571428573,0.42857142857142855,0.20588235294117646,0.0,0.07142857142857142,0.5714285714285714,0.4503143614611248,0.38149493218204633,0.32926361832611833,0.4295175255072885,NaN,NaN,NaN,NaN,4.125,3.908324449172561,2.3103331741021083,1.0455905233968321,5.166666666666666,0.19642857142857142,0.3612332190641039,5.0,8.0,1.9491525423728813,1.047573223130009,0.0,0.0
586,1,66.0,274.0,4.151515151515151,0.06386946386946386,0.16923076923076924,0.07692307692307693,0.2962962962962963,0.5925925925925926,0.24074074074074073,0.4074074074074074,0.21212121212121213,0.0,0.07142857142857142,0.5714285714285714,0.48641683228321697,0.4137910563631751,0.34331275720164606,0.4551950939171466,NaN,NaN,NaN,NaN,5.074074074074074,6.840092275257122,2.295563833576103,0.9600277344156696,4.326530612244898,0.25925925925925924,0.4463831067137623,4.0,11.0,1.845442536327609,0.7461690312621687,0.10606060606060606,0.0
587,1,67.0,235.0,3.5074626865671643,0.05314337403889643,0.16666666666666666,0.10606060606060606,0.3090909090909091,0.6181818181818182,0.16363636363636364,0.43636363636363634,0.208955223880597,0.0,0.07142857142857142,0.6428571428571429,0.47591286466759947,0.37258682876669386,0.33199830472557745,0.42433588014436796,NaN,NaN,NaN,NaN,4.2727272727272725,4.138592288199712,2.3501164405516195,1.1096762552902089,5.3939393939393945,0.2545454545454545,0.35286481427799804,5.0,9.0,2.1407766990291264,1.117673280112274,0.029850746268656716,0.0
588,1,67.0,289.0,4.313432835820896,0.06535504296698326,0.16666666666666666,0.06060606060606061,0.21818181818181817,0.6363636363636364,0.18181818181818182,0.41818181818181815,0.208955223880597,0.0,0.07142857142857142,0.6428571428571429,0.5048926233173098,0.4097410523806884,0.35001061030472796,0.4497962716054282,NaN,NaN,NaN,NaN,5.254545454545455,6.694990337774627,2.227029740835574,0.8875577153085435,4.4324324324324325,0.2727272727272727,0.3755832609439718,4.0,8.0,1.758273381294964,0.7642874740713811,0.0,0.0
589,1,68.0,272.0,4.0,0.05970149253731343,0.16417910447761194,0.08955223880597014,0.21428571428571427,0.625,0.21428571428571427,0.44642857142857145,0.20588235294117646,0.0,0.07142857142857142,0.5714285714285714,0.5234655248548151,0.39445083512368745,0.35140306122448983,0.44536939906731954,NaN,NaN,NaN,NaN,4.857142857142857,5.258511961757627,2.2514183442773463,0.9158425599488305,4.48,0.26785714285714285,0.45422705750590164,4.0,11.0,1.755426917510854,0.69121521749567,0.10294117647058823,0.0
59,1,67.0,268.0,4.0,0.06060606060606061,0.16666666666666666,0.09090909090909091,0.2727272727272727,0.6363636363636364,0.23636363636363636,0.41818181818181815,0.208955223880597,0.0,0.07142857142857142,0.6428571428571429,0.510039918075024,0.3912934417455099,0.35177476737821567,0.451066488525477,NaN,NaN,NaN,NaN,4.872727272727273,5.821589910918588,2.2601226259509466,0.9540921880548648,5.2,0.2545454545454545,0.39782447137593663,5.0,10.0,1.8227272727272728,0.8338978177351868,0.04477611940298507,0.0
590,1,68.0,236.0,3.4705882352941178,0.05179982440737489,0.16417910447761194,0.1044776119402985,0.25,0.6071428571428571,0.17857142857142858,0.44642857142857145,0.20588235294117646,0.0,0.07142857142857142,0.5714285714285714,0.47400263566609446,0.3934642126520921,0.33600840336134447,0.43162775456620156,NaN,NaN,NaN,NaN,4.214285714285714,4.551580287865206,2.3260334935597267,1.0619288357212766,5.555555555555555,0.2857142857142857,0.43598668246578154,5.0,9.0,2.0302547770700636,0.9931384686536554,0.029411764705882353,0.0
591,1,66.0,310.0,4.696969696969697,0.07226107226107226,0.16923076923076924,0.015384615384615385,0.2222222222222222,0.6111111111111112,0.18518518518518517,0.4444444444444444,0.21212121212121213,0.0,0.07142857142857142,0.5714285714285714,0.5112685894666985,0.3862357200978198,0.3329750881834215,0.437365221260468,NaN,NaN,NaN,NaN,5.7407407407407405,7.219431810562759,2.2578702928183274,0.9272211468659507,4.429752066115702,0.2962962962962963,0.36724727402977964,4.0,11.0,1.8083028083028083,0.7407981066696943,0.06060606060606061,0.0
592,1,65.0,232.0,3.5692307692307694,0.05576923076923077,0.15625,0.078125,0.24074074074074073,0.6296296296296297,0.2037037037037037,0.46296296296296297,0.2153846153846154,0.0,0.0,0.5714285714285714,0.5715485223153047,0.3942881163457546,0.3569223985890652,0.43887113615914786,NaN,NaN,NaN,NaN,4.296296296296297,6.245389634293201,2.245697543604521,0.8973058429470593,4.5625,0.25925925925925924,0.3085094248285975,5.0,6.0,1.5911330049261083,0.7952452511184855,0.0,0.0
593,1,64.0,288.0,4.5,0.07142857142857142,0.15873015873015872,0.015873015873015872,0.2830188679245283,0.5849056603773585,0.3018867924528302,0.41509433962264153,0.21875,0.0,0.07142857142857142,0.7142857142857143,0.5641656102992119,0.4026048806395862,0.3495283018867924,0.46230914026306996,NaN,NaN,NaN,NaN,5.433962264150943,8.74534916829921,2.2917205600250488,0.9097827956105692,4.564102564102564,0.2830188679245283,0.3993838463152847,4.0,9.0,1.7134986225895317,0.6415581393802094,0.046875,0.0
594,1,67.0,203.0,3.029850746268657,0.04590682948891904,0.16666666666666666,0.13636363636363635,0.2909090909090909,0.6181818181818182,0.21818181818181817,0.45454545454545453,0.208955223880597,0.0,0.0,0.5714285714285714,0.5049507465323791,0.39112345946858595,0.3595238095238096,0.4363524855476029,NaN,NaN,NaN,NaN,3.690909090909091,4.622299921646859,2.2077168147420334,0.8521311110520636,4.375,0.21818181818181817,0.3543721264618648,4.0,8.0,1.5382513661202186,0.6557741025904161,0.05970149253731343,0.0
595,1,66.0,229.0,3.4696969696969697,0.05337995337995338,0.16923076923076924,0.09230769230769231,0.25925925925925924,0.6481481481481481,0.25925925925925924,0.4444444444444444,0.21212121212121213,0.0,0.0,0.5714285714285714,0.5419222214348702,0.4002188278012465,0.37038707177596064,0.4586022820801447,NaN,NaN,NaN,NaN,4.2407407407407405,5.020468237898019,2.265396441816812,0.9739838080847791,4.612244897959183,0.24074074074074073,0.4634349254847787,5.0,10.0,2.0400552486187844,0.8939928598472644,0.07575757575757576,0.0
596,1,65.0,186.0,2.8615384615384616,0.04471153846153846,0.15625,0.203125,0.2962962962962963,0.6296296296296297,0.2222222222222222,0.3888888888888889,0.2153846153846154,0.0,0.07142857142857142,0.5714285714285714,0.43514282780544145,0.41520429692909894,0.3310258671369782,0.44378146060992113,NaN,NaN,NaN,NaN,3.4444444444444446,3.4894269771598343,2.283600840460881,0.9664889645932007,5.0,0.18518518518518517,0.44568377457676783,4.0,10.0,1.7962962962962963,0.8032331333611519,0.07692307692307693,0.0
597,1,68.0,273.0,4.014705882352941,0.05992098331870061,0.16417910447761194,0.04477611940298507,0.25,0.6071428571428571,0.21428571428571427,0.4107142857142857,0.20588235294117646,0.0,0.0,0.5714285714285714,0.5171699234121859,0.39850925961336503,0.34092261904761906,0.44962744619069395,NaN,NaN,NaN,NaN,4.875,5.413997011115137,2.2832038330332645,0.9736768310343141,5.409090909090909,0.25,0.3867364481245023,5.0,8.0,1.8248502994011977,0.8181848900387773,0.058823529411764705,0.0
598,1,67.0,212.0,3.1641791044776117,0.04794210764360018,0.15151515151515152,0.16666666666666666,0.30357142857142855,0.625,0.25,0.4107142857142857,0.208955223880597,0.0,0.07142857142857142,0.5714285714285714,0.5110899963106609,0.4014845516409125,0.3448709029066172,0.45062425132697,NaN,NaN,NaN,NaN,3.7857142857142856,3.7499783549158874,2.3075823071818706,0.9922479946221894,4.857142857142858,0.21428571428571427,0.4577542743858569,4.0,10.0,1.7216035634743876,0.782339162832565,0.08955223880597014,0.0
599,1,67.0,228.0,3.4029850746268657,0.051560379918588875,0.16666666666666666,0.12121212121212122,0.3090909090909091,0.6181818181818182,0.21818181818181817,0.4,0.208955223880597,0.0,0.07142857142857142,0.5714285714285714,0.5264094202304429,0.39342043873565447,0.3503607503607503,0.45297114666751465,NaN,NaN,NaN,NaN,4.1454545454545455,4.754795559020473,2.241238999227333,0.8899913133654845,4.333333333333334,0.18181818181818182,0.37029427115385505,5.0,7.0,1.8846815834767643,0.8603063468934045,0.0,0.0
6,1,64.0,183.0,2.859375,0.04538690476190476,0.1746031746031746,0.1746031746031746,0.3269230769230769,0.5961538461538461,0.2692307692307692,0.46153846153846156,0.21875,0.0,0.07142857142857142,0.5714285714285714,0.5422004130742221,0.3868137537539466,0.3757783882783883,0.45195953666349187,NaN,NaN,NaN,NaN,3.519230769230769,3.4612158388283527,2.339491688743683,1.1198417472288191,6.0,0.19230769230769232,0.432431184669951,6.0,9.0,1.8955223880597014,1.065921843899923,0.03125,0.0
60,1,67.0,202.0,3.014925373134328,0.04568068747173225,0.16666666666666666,0.13636363636363635,0.2727272727272727,0.6181818181818182,0.21818181818181817,0.43636363636363634,0.208955223880597,0.0,0.0,0.5714285714285714,0.4687431338502767,0.40881063299015996,0.35909812409812414,0.446595493351267,NaN,NaN,NaN,NaN,3.672727272727273,3.5955453171871063,2.4072073865616357,1.269715444004017,6.076923076923077,0.2545454545454545,0.4974756898336268,6.0,10.0,2.185546875,1.2554172608248255,0.07462686567164178,0.0
600,1,68.0,248.0,3.6470588235294117,0.05443371378402107,0.16417910447761194,0.1044776119402985,0.21428571428571427,0.625,0.26785714285714285,0.4107142857142857,0.20588235294117646,0.0,0.07142857142857142,0.5714285714285714,0.475297937064004,0.4070655714704852,0.34486607142857145,0.45753925086318814,NaN,NaN,NaN,NaN,4.428571428571429,5.758336700683763,2.3052031864540337,1.027228429997785,5.3,0.30357142857142855,0.4651014700702644,5.0,9.0,1.9578125,0.9672743253600724,0.029411764705882353,0.0
601,1,68.0,303.0,4.455882352941177,0.06650570676031607,0.16417910447761194,0.08955223880597014,0.26785714285714285,0.6071428571428571,0.23214285714285715,0.44642857142857145,0.20588235294117646,0.0,0.0,0.5714285714285714,0.5623226416294188,0.39633060254812374,0.35333097470688213,0.45099242513955573,NaN,NaN,NaN,NaN,5.410714285714286,6.053629371825515,2.2521813465774936,0.8977328697052259,4.5,0.25,0.37413464749442965,5.0,11.0,1.870722433460076,0.8570502536759735,0.058823529411764705,0.0
602,1,68.0,268.0,3.9411764705882355,0.058823529411764705,0.16417910447761194,0.07462686567164178,0.2857142857142857,0.625,0.23214285714285715,0.4107142857142857,0.20588235294117646,0.0,0.0,0.5714285714285714,0.49708418406968263,0.3920571990248928,0.33336876417233563,0.44638383471075066,NaN,NaN,NaN,NaN,4.785714285714286,6.400892794870773,2.2511488236461306,0.9238693267735998,4.710526315789474,0.19642857142857142,0.3246276008298781,5.0,9.0,1.8725806451612903,0.9296184279561728,0.04411764705882353,0.0
603,1,66.0,248.0,3.757575757575758,0.05780885780885781,0.15384615384615385,0.03076923076923077,0.23636363636363636,0.6363636363636364,0.18181818181818182,0.4,0.21212121212121213,0.0,0.0,0.5714285714285714,0.46534337428665323,0.40174256381891016,0.3221805971805972,0.4350298521761434,NaN,NaN,NaN,NaN,4.509090909090909,6.259430595547122,2.3003709147265368,0.9929313075174184,5.052631578947368,0.2545454545454545,0.37561243328236865,4.0,7.0,1.89198606271777,0.9221939996168496,0.0,0.0
604,1,68.0,241.0,3.5441176470588234,0.0528972783143108,0.16417910447761194,0.07462686567164178,0.25,0.625,0.26785714285714285,0.44642857142857145,0.20588235294117646,0.0,0.07142857142857142,0.5714285714285714,0.5732986886639427,0.41959436957561436,0.36260274943310655,0.4584209982051033,NaN,NaN,NaN,NaN,4.303571428571429,4.297651125301494,2.274308506290374,0.9601025842913432,4.888888888888889,0.2857142857142857,0.41412464933503274,4.0,9.0,1.8152866242038217,0.7625329740642803,0.058823529411764705,0.0
605,1,66.0,237.0,3.590909090909091,0.05524475524475524,0.16923076923076924,0.015384615384615385,0.25925925925925924,0.5925925925925926,0.2777777777777778,0.4444444444444444,0.21212121212121213,0.0,0.07142857142857142,0.5714285714285714,0.4955084552958424,0.4231329338202155,0.3671715599820175,0.4560694984909191,NaN,NaN,NaN,NaN,4.388888888888889,6.871918978004006,2.2775070243786515,0.9823805427001792,5.285714285714286,0.24074074074074073,0.40208292074606067,5.0,7.0,1.566750629722922,0.8125920434458929,0.0,0.0
606,1,66.0,235.0,3.5606060606060606,0.054778554778554776,0.15384615384615385,0.1076923076923077,0.2909090909090909,0.6181818181818182,0.14545454545454545,0.38181818181818183,0.21212121212121213,0.0,0.07142857142857142,0.5714285714285714,0.4491158000248909,0.37906929572180825,0.3125674325674326,0.4262256263197756,NaN,NaN,NaN,NaN,4.2727272727272725,5.348778141728034,2.3407733889202196,1.0695619805861072,5.6,0.2545454545454545,0.3940923091798199,5.0,10.0,1.876923076923077,0.9618173598782432,0.10606060606060606,0.0
607,1,68.0,226.0,3.323529411764706,0.04960491659350307,0.16417910447761194,0.04477611940298507,0.25,0.625,0.17857142857142858,0.42857142857142855,0.20588235294117646,0.0,0.07142857142857142,0.6428571428571429,0.4729060146299022,0.3760738992799268,0.31921393557422967,0.42233035338107483,NaN,NaN,NaN,NaN,4.035714285714286,5.123792223855955,2.283239158297951,0.9804635861235854,4.676056338028169,0.26785714285714285,0.412146891519029,4.0,11.0,2.08551724137931,0.8893926252001059,0.07352941176470588,0.0
608,1,67.0,231.0,3.4477611940298507,0.05223880597014925,0.16666666666666666,0.19696969696969696,0.2909090909090909,0.6181818181818182,0.21818181818181817,0.43636363636363634,0.208955223880597,0.0,0.07142857142857142,0.6428571428571429,0.5378714708656063,0.404815875351261,0.36028138528138526,0.4504220966367692,NaN,NaN,NaN,NaN,4.2,3.471577717962231,2.2868619200952995,1.0031582201372928,4.809523809523809,0.23636363636363636,0.4757743831563617,4.0,10.0,1.7489795918367348,0.8166524640423354,0.1044776119402985,0.0
609,1,66.0,193.0,2.9242424242424243,0.04498834498834499,0.16923076923076924,0.1076923076923077,0.24074074074074073,0.6296296296296297,0.25925925925925924,0.42592592592592593,0.0,0.0,NaN,NaN,0.5459079174417089,0.40958733759903665,0.35651055645016994,0.45175500528621265,NaN,NaN,NaN,NaN,3.574074074074074,4.545791550940075,2.2259130787804993,0.918088374933812,5.416666666666666,0.25925925925925924,0.37713053286067644,6.0,8.0,2.2800632911392404,1.1656934418728124,0.0,0.0
61,1,68.0,275.0,4.044117647058823,0.06035996488147498,0.16417910447761194,0.08955223880597014,0.23214285714285715,0.6071428571428571,0.23214285714285715,0.4642857142857143,0.20588235294117646,0.0,0.0,0.5714285714285714,0.5102417969983131,0.39986092888490316,0.3552436624570083,0.4505793757441444,NaN,NaN,NaN,NaN,4.910714285714286,6.316721778420673,2.317037656858321,1.036806272003895,5.166666666666666,0.30357142857142855,0.3940758091928148,6.0,10.0,2.2525125628140703,1.201804186100535,0.07352941176470588,0.0
610,1,68.0,269.0,3.9558823529411766,0.059043020193151885,0.16417910447761194,0.07462686567164178,0.23214285714285715,0.625,0.26785714285714285,0.44642857142857145,0.20588235294117646,0.0,0.07142857142857142,0.6428571428571429,0.5447348436428443,0.394295799572488,0.3646552686731258,0.452278113416839,NaN,NaN,NaN,NaN,4.803571428571429,6.9240546262672185,2.221826036392683,0.8786681153743525,4.857142857142858,0.2857142857142857,0.3466129420091272,5.0,6.0,1.82475884244373,0.882737210050098,0.0,0.0
611,1,66.0,233.0,3.5303030303030303,0.05431235431235431,0.15384615384615385,0.1076923076923077,0.2545454545454545,0.6363636363636364,0.2727272727272727,0.43636363636363634,0.21212121212121213,0.0,0.07142857142857142,0.5714285714285714,0.5200418656443293,0.4208974637239947,0.35605148119854,0.4630212687038351,NaN,NaN,NaN,NaN,4.236363636363636,4.837981046475957,2.2422356666069923,0.8815130219841433,4.5,0.2,0.36742151219264596,4.0,8.0,1.7673545966228894,0.8007890492935662,0.030303030303030304,0.0
612,1,66.0,260.0,3.9393939393939394,0.06060606060606061,0.16923076923076924,0.015384615384615385,0.2777777777777778,0.6111111111111112,0.2962962962962963,0.4444444444444444,0.21212121212121213,0.0,0.07142857142857142,0.5714285714285714,0.5779900542110867,0.3943132119366282,0.38010328149217043,0.4639810396348828,NaN,NaN,NaN,NaN,4.814814814814815,6.559090117737869,2.2598346834197667,0.9349346502523167,4.8,0.24074074074074073,0.4500002193028684,4.0,10.0,1.8609986504723346,0.7358419162251175,0.09090909090909091,0.0
613,1,68.0,306.0,4.5,0.06716417910447761,0.16417910447761194,0.1044776119402985,0.26785714285714285,0.6071428571428571,0.14285714285714285,0.39285714285714285,0.20588235294117646,0.0,0.07142857142857142,0.6428571428571429,0.4420848648212017,0.3885706325338669,0.324451042378674,0.4320252149878262,NaN,NaN,NaN,NaN,5.464285714285714,6.930733361994595,2.2898625668838664,0.9806030122228004,4.888888888888889,0.26785714285714285,0.31642355280216716,4.0,8.0,1.5340909090909092,0.7015655624381605,0.058823529411764705,0.0
614,1,67.0,258.0,3.8507462686567164,0.05834464043419267,0.15151515151515152,0.09090909090909091,0.25,0.6607142857142857,0.17857142857142858,0.39285714285714285,0.208955223880597,0.0,0.07142857142857142,0.5714285714285714,0.46126375510418743,0.4005654770107989,0.3170613354037267,0.4303133397392793,NaN,NaN,NaN,NaN,4.607142857142857,6.879953941253256,2.292960383663512,1.0098300386424754,5.75,0.23214285714285715,0.4242860635930064,5.0,8.0,1.7422867513611615,0.8327443334522798,0.029850746268656716,0.0
615,1,67.0,311.0,4.641791044776119,0.07033016734509272,0.15151515151515152,0.030303030303030304,0.25,0.6428571428571429,0.17857142857142858,0.4107142857142857,0.208955223880597,0.0,0.07142857142857142,0.6428571428571429,0.4951754061728883,0.39282162201205006,0.34000118382882355,0.4432329025046504,NaN,NaN,NaN,NaN,5.553571428571429,6.720172191671453,2.2752520795171467,0.9332887775681102,4.423423423423424,0.23214285714285715,0.40856791949242977,5.0,12.0,2.0,0.978892720491351,0.08955223880597014,0.0
616,1,61.0,204.0,3.3442622950819674,0.05573770491803279,0.18333333333333332,0.11666666666666667,0.30612244897959184,0.6122448979591837,0.1836734693877551,0.4489795918367347,0.22950819672131148,0.0,0.07142857142857142,0.6428571428571429,0.608534576858192,0.3818698839025242,0.3675906293253232,0.44540588326455594,NaN,NaN,NaN,NaN,4.163265306122449,4.687514172314176,2.3290443488464003,1.1329332014480293,5.222222222222222,0.20408163265306123,0.4184893391707915,5.0,8.0,1.8038277511961722,0.9469297548746017,0.08196721311475409,0.0
617,1,67.0,212.0,3.1641791044776117,0.04794210764360018,0.16666666666666666,0.10606060606060606,0.23636363636363636,0.6363636363636364,0.21818181818181817,0.41818181818181815,0.208955223880597,0.0,0.07142857142857142,0.5714285714285714,0.5172112514029181,0.3975855777244812,0.3565656565656566,0.4513973135131404,NaN,NaN,NaN,NaN,3.8545454545454545,4.025006012501522,2.286674070980543,1.0250852806266486,4.916666666666666,0.2727272727272727,0.4910247326491725,5.0,11.0,1.968864468864469,0.9389342933803625,0.1044776119402985,0.0
618,1,68.0,244.0,3.588235294117647,0.053555750658472345,0.16417910447761194,0.04477611940298507,0.26785714285714285,0.625,0.26785714285714285,0.42857142857142855,0.20588235294117646,0.0,0.0,0.6428571428571429,0.5471575709024239,0.41027763760719915,0.35660523267277927,0.46068880744503127,NaN,NaN,NaN,NaN,4.357142857142857,5.912786057438486,2.307565606094633,1.055160923473236,5.75,0.25,0.45314329033890366,6.0,12.0,2.304812834224599,1.2291106882886162,0.07352941176470588,0.0
619,1,68.0,315.0,4.632352941176471,0.06913959613696224,0.16417910447761194,0.05970149253731343,0.21428571428571427,0.625,0.21428571428571427,0.39285714285714285,0.20588235294117646,0.0,0.0,0.6428571428571429,0.5337377983749889,0.4084029447562659,0.33634187370600416,0.4522821818240468,NaN,NaN,NaN,NaN,5.625,6.940166359022606,2.265095505689613,0.9486926516350372,4.828571428571429,0.32142857142857145,0.3619314423056901,4.0,10.0,1.8229166666666667,0.802470652545273,0.058823529411764705,0.0
62,1,67.0,180.0,2.6865671641791047,0.0407055630936228,0.16666666666666666,0.13636363636363635,0.3090909090909091,0.6,0.2545454545454545,0.41818181818181815,0.208955223880597,0.0,0.07142857142857142,0.5714285714285714,0.5006987916684887,0.4141361298913862,0.3586685032139578,0.45950916589836954,NaN,NaN,NaN,NaN,3.272727272727273,3.482520082920717,2.3129302489984034,1.050191425112216,5.545454545454545,0.23636363636363636,0.4035852509210828,5.0,9.0,1.9543378995433789,1.0046650431608308,0.029850746268656716,0.0
620,1,68.0,243.0,3.573529411764706,0.053336259877085165,0.16417910447761194,0.08955223880597014,0.26785714285714285,0.625,0.23214285714285715,0.4107142857142857,0.20588235294117646,0.0,0.07142857142857142,0.6428571428571429,0.4664680920930922,0.4100084518112378,0.34712881364667075,0.4529118757215005,NaN,NaN,NaN,NaN,4.339285714285714,5.082149816096212,2.2577722929563215,0.92682599958459,4.75,0.25,0.3242520741273944,4.0,7.0,1.6332622601279319,0.7466751212061472,0.029411764705882353,0.0
621,1,68.0,261.0,3.838235294117647,0.05728709394205443,0.16417910447761194,0.08955223880597014,0.23214285714285715,0.6428571428571429,0.25,0.42857142857142855,0.20588235294117646,0.0,0.07142857142857142,0.6428571428571429,0.5275054106692166,0.3985707708456921,0.34783505356165456,0.45307771106931854,NaN,NaN,NaN,NaN,4.660714285714286,5.8504911548729615,2.30960873258612,1.0685700400113134,5.857142857142858,0.19642857142857142,0.36555877747691284,6.0,8.0,1.9809825673534074,1.04027758109428,0.029411764705882353,0.0
622,1,68.0,307.0,4.514705882352941,0.06738366988586479,0.16417910447761194,0.08955223880597014,0.23214285714285715,0.6428571428571429,0.16071428571428573,0.42857142857142855,0.20588235294117646,0.0,0.07142857142857142,0.6428571428571429,0.48164247167238733,0.3714096173708257,0.3200434542096408,0.4218352466660792,NaN,NaN,NaN,NaN,5.482142857142857,7.722437371778352,2.258337403763843,0.9377607002966956,4.525423728813559,0.26785714285714285,0.37039477866128123,6.0,8.0,1.908004778972521,0.8951733733742236,0.058823529411764705,0.0
623,1,68.0,285.0,4.1911764705882355,0.06255487269534679,0.16417910447761194,0.05970149253731343,0.26785714285714285,0.6071428571428571,0.2857142857142857,0.44642857142857145,0.20588235294117646,0.0,0.0,0.5714285714285714,0.5737112327791499,0.3920279390332248,0.3674865054717539,0.45961146923265905,NaN,NaN,NaN,NaN,5.089285714285714,5.313026138957604,2.2638250191377263,0.9198318380471706,4.316666666666666,0.23214285714285715,0.4224254880992029,5.0,11.0,1.7523809523809524,0.6934231060444747,0.07352941176470588,0.0
624,1,68.0,263.0,3.8676470588235294,0.0577260755048288,0.16417910447761194,0.1044776119402985,0.23214285714285715,0.6071428571428571,0.25,0.42857142857142855,0.20588235294117646,0.0,0.0,0.5714285714285714,0.5136769282618552,0.4070007589735005,0.3561841403227958,0.45701841849501507,NaN,NaN,NaN,NaN,4.696428571428571,5.436976575792311,2.2906404480595794,0.9698935157189728,4.601941747572816,0.30357142857142855,0.40234279362548864,4.0,11.0,1.8858858858858858,0.8525303578281171,0.07352941176470588,0.0
625,1,67.0,252.0,3.7611940298507465,0.05698778833107191,0.16666666666666666,0.15151515151515152,0.2,0.6181818181818182,0.14545454545454545,0.43636363636363634,0.208955223880597,0.0,0.07142857142857142,0.5714285714285714,0.461175283630221,0.38207135682262255,0.3452092352092352,0.4321517364942447,NaN,NaN,NaN,NaN,4.581818181818182,5.09426296450381,2.2402458869587583,0.9150552002576673,4.514285714285714,0.3090909090909091,0.3706476919718219,4.0,8.0,1.555045871559633,0.7073975277443224,0.029850746268656716,0.0
626,1,64.0,169.0,2.640625,0.041914682539682536,0.1746031746031746,0.1746031746031746,0.3269230769230769,0.5961538461538461,0.25,0.4230769230769231,0.21875,0.0,0.0,0.5714285714285714,0.5425251940734795,0.3763273800861574,0.35931776556776557,0.4531297994555301,NaN,NaN,NaN,NaN,3.25,3.0478214656167952,2.38411486448493,1.1807762848162744,5.461538461538462,0.21153846153846154,0.5366332379888458,6.0,10.0,2.082608695652174,1.054981821612551,0.078125,0.0
627,1,64.0,232.0,3.625,0.057539682539682536,0.15873015873015872,0.1111111111111111,0.2641509433962264,0.6226415094339622,0.2641509433962264,0.4339622641509434,0.21875,0.0,0.0,0.6428571428571429,0.5506706315669263,0.39575473431038216,0.3589818431660829,0.4506595820156555,NaN,NaN,NaN,NaN,4.377358490566038,5.502539326719074,2.2888720959925206,0.9786136214927232,4.818181818181818,0.2641509433962264,0.44473874226795373,4.0,11.0,1.7904929577464788,0.7789884703815304,0.09375,0.0
628,1,68.0,250.0,3.676470588235294,0.05487269534679543,0.16417910447761194,0.08955223880597014,0.26785714285714285,0.6071428571428571,0.19642857142857142,0.42857142857142855,0.20588235294117646,0.0,0.07142857142857142,0.7142857142857143,0.5002676670291419,0.40259864262791134,0.3315220472246869,0.4347903246951289,NaN,NaN,NaN,NaN,4.464285714285714,5.284503195757765,2.2699003165364635,0.9332861619517556,4.627450980392156,0.25,0.40875370404839595,5.0,11.0,1.8818770226537216,0.8860315460373253,0.058823529411764705,0.0
629,1,67.0,235.0,3.5074626865671643,0.05314337403889643,0.16666666666666666,0.18181818181818182,0.2545454545454545,0.6181818181818182,0.2,0.4,0.208955223880597,0.0,0.07142857142857142,0.5714285714285714,0.4878726828726828,0.39774259210430907,0.3387085137085137,0.4428441694462576,NaN,NaN,NaN,NaN,4.2727272727272725,4.747141617368659,2.2585462942959658,0.9610916608727897,5.5,0.2545454545454545,0.2834862516479729,5.0,7.0,1.7299771167048055,0.9507810644426383,0.0,0.0
63,1,67.0,277.0,4.134328358208955,0.06264133876074175,0.16666666666666666,0.09090909090909091,0.23636363636363636,0.6545454545454545,0.2545454545454545,0.4,0.19402985074626866,0.0,0.07692307692307693,0.5384615384615384,0.5242506071072915,0.40126584274286625,0.35404040404040404,0.4626206853338041,NaN,NaN,NaN,NaN,5.036363636363636,6.116049428026282,2.225702586989165,0.9013314184039887,4.5423728813559325,0.23636363636363636,0.30941320489098906,4.0,8.0,1.745424292845258,0.7724958649353456,0.029850746268656716,0.0
630,1,67.0,274.0,4.08955223880597,0.06196291270918137,0.16666666666666666,0.06060606060606061,0.2545454545454545,0.6,0.23636363636363636,0.41818181818181815,0.208955223880597,0.0,0.07142857142857142,0.5714285714285714,0.4984747534058803,0.3994210922849842,0.3408445883790662,0.4529992262937189,NaN,NaN,NaN,NaN,4.9818181818181815,6.126720194092459,2.2790899198816366,0.9427291698122009,4.636363636363637,0.2909090909090909,0.368975642553817,5.0,10.0,2.102094240837696,1.0666127281941742,0.04477611940298507,0.0
631,1,66.0,205.0,3.106060606060606,0.047785547785547784,0.15384615384615385,0.09230769230769231,0.2909090909090909,0.6363636363636364,0.2545454545454545,0.38181818181818183,0.21212121212121213,0.0,0.07142857142857142,0.5714285714285714,0.5307154331636186,0.4157037792669587,0.3369696969696969,0.4549475494244064,NaN,NaN,NaN,NaN,3.727272727272727,4.386234973078532,2.2472188667569895,0.8889571454060027,4.611111111111111,0.21818181818181817,0.3544831090441911,4.0,7.0,1.7847358121330723,0.7570854062923541,0.030303030303030304,0.0
632,1,68.0,259.0,3.8088235294117645,0.05684811237928007,0.16417910447761194,0.1044776119402985,0.26785714285714285,0.625,0.26785714285714285,0.39285714285714285,0.20588235294117646,0.0,0.07142857142857142,0.6428571428571429,0.46645688397750373,0.4272819463999663,0.3425595238095238,0.4601072519110987,NaN,NaN,NaN,NaN,4.625,6.118711985674466,2.285222291758521,1.0007668534070506,5.076923076923077,0.19642857142857142,0.36668184850171226,5.0,10.0,1.7875457875457876,0.8875854385599684,0.07352941176470588,0.0
633,1,67.0,253.0,3.7761194029850746,0.05721393034825871,0.16666666666666666,0.07575757575757576,0.2727272727272727,0.6363636363636364,0.2909090909090909,0.41818181818181815,0.208955223880597,0.0,0.07142857142857142,0.5714285714285714,0.5480835917531995,0.40980833729879246,0.3576991635815165,0.4633590959317746,NaN,NaN,NaN,NaN,4.6,6.32923844228192,2.3053481199716783,1.0282111418081483,5.136363636363637,0.2545454545454545,0.4900566278272018,5.0,13.0,2.0877626699629173,0.933937190756429,0.05970149253731343,0.0
634,1,67.0,324.0,4.835820895522388,0.07327001356852103,0.16666666666666666,0.06060606060606061,0.21818181818181817,0.6181818181818182,0.2545454545454545,0.45454545454545453,0.208955223880597,0.0,0.07142857142857142,0.5714285714285714,0.5168332423658454,0.4074264571200445,0.3627813852813853,0.45792386369799465,NaN,NaN,NaN,NaN,5.890909090909091,8.00155708752464,2.277487908143036,0.9621336677179037,5.066666666666666,0.2727272727272727,0.3381326112971805,5.0,9.0,1.8994708994708995,0.9821990386219686,0.05970149253731343,0.0
635,1,65.0,286.0,4.4,0.06875,0.15625,0.015625,0.25925925925925924,0.5925925925925926,0.16666666666666666,0.3888888888888889,0.2153846153846154,0.0,0.0,0.6428571428571429,0.49139096127284027,0.4030879811850627,0.3182394782305177,0.43383483298851144,NaN,NaN,NaN,NaN,5.296296296296297,6.967930933602723,2.2596732319611874,0.8722134272467119,4.272727272727273,0.24074074074074073,0.38100045982325054,4.0,9.0,1.6805555555555556,0.6841944913613921,0.046153846153846156,0.0
636,1,67.0,278.0,4.149253731343284,0.06286748077792854,0.16666666666666666,0.030303030303030304,0.23636363636363636,0.6,0.2,0.4,0.208955223880597,0.0,0.07142857142857142,0.5714285714285714,0.5102845680711025,0.3941357011235964,0.32523050049365837,0.4442680777401487,NaN,NaN,NaN,NaN,5.054545454545455,7.273539516932396,2.342772967426221,1.1408859936874212,6.7272727272727275,0.2727272727272727,0.40981216157733674,6.0,10.0,2.0875,1.286197340758416,0.05970149253731343,0.0
637,1,67.0,257.0,3.8358208955223883,0.05811849841700588,0.15151515151515152,0.10606060606060606,0.23214285714285715,0.6428571428571429,0.23214285714285715,0.4107142857142857,0.208955223880597,0.0,0.07142857142857142,0.5714285714285714,0.5061620531753073,0.40665115750476,0.35006944444444443,0.45361707626577535,NaN,NaN,NaN,NaN,4.589285714285714,5.4431835127291786,2.301752161808896,1.0232708020727428,5.148148148148149,0.25,0.42261349810689974,4.0,9.0,1.7056451612903225,0.8421043788903112,0.07462686567164178,0.0
638,1,68.0,253.0,3.7205882352941178,0.05553116769095698,0.16417910447761194,0.1044776119402985,0.26785714285714285,0.6428571428571429,0.26785714285714285,0.42857142857142855,0.20588235294117646,0.0,0.0,0.6428571428571429,0.5177357653435399,0.40120255004244293,0.34811799719887954,0.45759725537662194,NaN,NaN,NaN,NaN,4.517857142857143,5.0452176146545735,2.248582176294694,0.913418982282259,4.306306306306306,0.23214285714285715,0.3965765103879671,4.0,10.0,1.755458515283843,0.648969839160098,0.04411764705882353,0.0
639,1,67.0,303.0,4.522388059701493,0.06852103120759837,0.16666666666666666,0.045454545454545456,0.2727272727272727,0.6,0.23636363636363636,0.43636363636363634,0.208955223880597,0.0,0.0,0.5714285714285714,0.5287235309219273,0.3771386212150138,0.3491332909514727,0.4480564596936676,NaN,NaN,NaN,NaN,5.509090909090909,6.94121541089681,2.2858787155779936,0.9567411495087871,4.416666666666666,0.2727272727272727,0.40445212199290015,5.0,13.0,2.063305978898007,1.0246844682893437,0.1044776119402985,0.0
64,1,66.0,226.0,3.4242424242424243,0.05268065268065268,0.15384615384615385,0.13846153846153847,0.2909090909090909,0.6363636363636364,0.21818181818181817,0.41818181818181815,0.21212121212121213,0.0,0.0,0.5714285714285714,0.5412343084265896,0.4056254689001503,0.3508006535947712,0.4479045658353092,NaN,NaN,NaN,NaN,4.109090909090909,4.3190908134172705,2.293954918070193,0.9717928919630879,5.0,0.21818181818181817,0.33378616095864605,4.0,8.0,1.6878980891719746,0.7870237757746833,0.0,0.0
640,1,68.0,257.0,3.7794117647058822,0.056409130816505705,0.16417910447761194,0.13432835820895522,0.26785714285714285,0.625,0.25,0.44642857142857145,0.20588235294117646,0.0,0.07142857142857142,0.5714285714285714,0.5409444753777696,0.39938794323522886,0.36027966742252454,0.4508741326562844,NaN,NaN,NaN,NaN,4.589285714285714,5.1514403483237245,2.2648976682923654,0.9448298267175772,4.566666666666666,0.25,0.4149219187809604,5.0,12.0,1.9590723055934516,0.8499213794946775,0.10294117647058823,0.0
641,1,67.0,222.0,3.3134328358208953,0.050203527815468114,0.16666666666666666,0.030303030303030304,0.2909090909090909,0.6363636363636364,0.2545454545454545,0.41818181818181815,0.208955223880597,0.0,0.0,0.5714285714285714,0.523006473755991,0.3985150429244198,0.3654407713498623,0.4589623479328021,NaN,NaN,NaN,NaN,4.036363636363636,4.7295902115324475,2.3975022645984545,1.255851081702138,5.916666666666666,0.23636363636363636,0.5646863939270889,8.0,13.0,2.6471337579617833,1.508164874767989,0.1044776119402985,0.0
642,1,67.0,209.0,3.1194029850746268,0.0472636815920398,0.16666666666666666,0.16666666666666666,0.23636363636363636,0.6181818181818182,0.2545454545454545,0.45454545454545453,0.208955223880597,0.0,0.07142857142857142,0.5714285714285714,0.4941458097658264,0.4191048065369094,0.3620231729055259,0.4522074283109949,NaN,NaN,NaN,NaN,3.8,4.339312114797648,2.302815674570357,1.0247990649047185,5.043478260869565,0.23636363636363636,0.44082376175731636,5.0,8.0,1.9921722113502935,1.0553028455260114,0.029850746268656716,0.0
643,1,66.0,269.0,4.075757575757576,0.06270396270396271,0.16923076923076924,0.12307692307692308,0.2777777777777778,0.6296296296296297,0.2037037037037037,0.42592592592592593,0.21212121212121213,0.0,0.0,0.7142857142857143,0.5382860460242945,0.39720815592725983,0.35498984838065295,0.44983925905157685,NaN,NaN,NaN,NaN,4.981481481481482,6.317065059926858,2.3143485141028433,1.0692065292231494,5.333333333333334,0.25925925925925924,0.3799705327781416,5.0,8.0,2.0256410256410255,1.0955582545303746,0.0,0.0
644,1,67.0,259.0,3.8656716417910446,0.05857078245137946,0.16666666666666666,0.06060606060606061,0.23636363636363636,0.6,0.2545454545454545,0.4727272727272727,0.208955223880597,0.0,0.07142857142857142,0.5714285714285714,0.5188722134760081,0.4045309020283646,0.3694926538108356,0.4565776607549781,NaN,NaN,NaN,NaN,4.709090909090909,5.762820577642601,2.327308180323399,1.0635119290079587,5.333333333333334,0.3090909090909091,0.3706419648422106,5.0,9.0,2.116216216216216,1.0114402473830362,0.0,0.0
645,1,66.0,219.0,3.3181818181818183,0.05104895104895105,0.16923076923076924,0.015384615384615385,0.25925925925925924,0.5925925925925926,0.2777777777777778,0.42592592592592593,0.21212121212121213,0.0,0.07142857142857142,0.5714285714285714,0.530497204509305,0.3989941269073598,0.35526826030701997,0.4581882140776845,NaN,NaN,NaN,NaN,4.055555555555555,6.84165010071612,2.4921053289075563,1.4306595080326812,6.9,0.3148148148148148,0.6130178820009193,8.0,11.0,2.395793499043977,1.6206703272924097,0.12121212121212122,0.0
646,1,67.0,309.0,4.611940298507463,0.06987788331071913,0.16666666666666666,0.06060606060606061,0.2727272727272727,0.6363636363636364,0.16363636363636364,0.41818181818181815,0.208955223880597,0.0,0.0,0.7142857142857143,0.513334340691604,0.3995890688656802,0.3297085764477069,0.43210829429237374,NaN,NaN,NaN,NaN,5.618181818181818,8.42283252499465,2.1831002518916622,0.7998795111656731,4.087719298245614,0.2,0.37804359091383594,4.0,10.0,1.706798866855524,0.724747317609174,0.0,0.0
647,1,68.0,199.0,2.926470588235294,0.043678665496049165,0.16417910447761194,0.11940298507462686,0.2857142857142857,0.625,0.25,0.4107142857142857,0.20588235294117646,0.0,0.07142857142857142,0.5714285714285714,0.5251112501503127,0.4067589281606508,0.34668560606060606,0.44997429858640564,NaN,NaN,NaN,NaN,3.5535714285714284,3.602623502934507,2.2817816582944443,0.9833073400031309,4.818181818181818,0.23214285714285715,0.3549428276583268,5.0,7.0,1.9065606361829026,0.9131709451689703,0.029411764705882353,0.0
648,1,65.0,243.0,3.7384615384615385,0.05841346153846154,0.171875,0.109375,0.2830188679245283,0.6226415094339622,0.16981132075471697,0.41509433962264153,0.2153846153846154,0.0,0.0,0.6428571428571429,0.5236038480511288,0.4069966779031576,0.34447381758702517,0.4417913331105315,NaN,NaN,NaN,NaN,4.584905660377358,6.425412175537401,2.2217454985904164,0.8715982721874301,4.180851063829787,0.24528301886792453,0.3553756694823282,4.0,10.0,1.739788199697428,0.6363289247922091,0.046153846153846156,0.0
649,1,67.0,221.0,3.298507462686567,0.04997738579828132,0.16666666666666666,0.13636363636363635,0.2727272727272727,0.6181818181818182,0.2,0.43636363636363634,0.208955223880597,0.0,0.0,0.5714285714285714,0.5457195850235622,0.38018566966729894,0.34260850260850256,0.4398819448842612,NaN,NaN,NaN,NaN,4.0181818181818185,3.9557314681119906,2.3422271918053874,1.1055064162823243,5.8,0.2727272727272727,0.29242888497198755,5.0,10.0,2.129370629370629,1.1232509840086105,0.0,0.0
65,1,68.0,243.0,3.573529411764706,0.053336259877085165,0.16417910447761194,0.08955223880597014,0.30357142857142855,0.625,0.23214285714285715,0.42857142857142855,0.20588235294117646,0.0,0.0,0.6428571428571429,0.4779841835047511,0.40399688241354625,0.3498724489795918,0.4529213381338676,NaN,NaN,NaN,NaN,4.339285714285714,5.078570971925382,2.366321295543307,1.1500536573031845,5.833333333333334,0.19642857142857142,0.4376016681054743,6.0,11.0,2.3516949152542375,1.285006544379119,0.08823529411764706,0.0
650,1,68.0,269.0,3.9558823529411766,0.059043020193151885,0.16417910447761194,0.04477611940298507,0.30357142857142855,0.625,0.21428571428571427,0.42857142857142855,0.20588235294117646,0.0,0.0,0.7142857142857143,0.532318878155378,0.39467689955839874,0.34110460580275415,0.44506214645467307,NaN,NaN,NaN,NaN,4.803571428571429,7.369271933588068,2.2636537556823373,0.9236897449136656,5.0,0.21428571428571427,0.426607899980198,5.0,12.0,1.9006535947712417,0.8549591040727791,0.058823529411764705,0.0
651,1,65.0,287.0,4.415384615384616,0.06899038461538462,0.15625,0.046875,0.2962962962962963,0.6111111111111112,0.16666666666666666,0.4444444444444444,0.2153846153846154,0.0,0.07142857142857142,0.6428571428571429,0.554943208797293,0.3832354046216462,0.35499876301847627,0.4385391611676149,NaN,NaN,NaN,NaN,5.314814814814815,6.477316221766351,2.2615876255579903,0.899357782945185,4.666666666666666,0.24074074074074073,0.329693258305294,4.0,8.0,1.7491961414790997,0.829095114355726,0.06153846153846154,0.0
652,1,65.0,246.0,3.7846153846153845,0.05913461538461538,0.140625,0.078125,0.2909090909090909,0.6,0.2727272727272727,0.41818181818181815,0.2153846153846154,0.0,0.07142857142857142,0.6428571428571429,0.5290705898536047,0.40769070622884135,0.3508008658008658,0.45935141141008096,NaN,NaN,NaN,NaN,4.472727272727273,5.990283940140207,2.3179730820920756,0.9334167347848533,4.875,0.2727272727272727,0.4129076463258768,4.0,10.0,1.8130217028380635,0.8045215353649597,0.07692307692307693,0.0
653,1,67.0,200.0,2.985074626865672,0.045228403437358664,0.16666666666666666,0.09090909090909091,0.2545454545454545,0.6545454545454545,0.16363636363636364,0.41818181818181815,0.208955223880597,0.0,0.0,0.5714285714285714,0.5128205467372132,0.4029048927748048,0.326038961038961,0.4334726149875479,NaN,NaN,NaN,NaN,3.6363636363636362,4.0750534482458765,2.213322461610152,0.8739380606581342,4.439024390243903,0.14545454545454545,0.3843866885718392,4.0,7.0,1.728735632183908,0.7650047507423058,0.0,0.0
654,1,67.0,230.0,3.4328358208955225,0.05201266395296246,0.16666666666666666,0.10606060606060606,0.2727272727272727,0.6363636363636364,0.2545454545454545,0.41818181818181815,0.208955223880597,0.0,0.07142857142857142,0.6428571428571429,0.5315483198842411,0.4044727869715553,0.35326557500470546,0.45348750277068545,NaN,NaN,NaN,NaN,4.181818181818182,6.828835671840159,2.29303148602741,1.044617110038285,5.777777777777778,0.23636363636363636,0.387424657880646,5.0,8.0,1.9121863799283154,0.9443179148287851,0.05970149253731343,0.0
655,1,67.0,247.0,3.6865671641791047,0.05585707824513795,0.16666666666666666,0.07575757575757576,0.21818181818181817,0.6545454545454545,0.2727272727272727,0.43636363636363634,0.208955223880597,0.0,0.14285714285714285,0.6428571428571429,0.5531953965353269,0.4010414612321246,0.3707698837110602,0.4641563114875624,NaN,NaN,NaN,NaN,4.490909090909091,5.685826195780128,2.2248247482948798,0.9053837044246885,4.48051948051948,0.2727272727272727,0.4227480526781865,5.0,11.0,1.8278688524590163,0.8313699986925815,0.05970149253731343,0.0
656,1,65.0,202.0,3.1076923076923078,0.04855769230769231,0.15625,0.1875,0.3148148148148148,0.6296296296296297,0.24074074074074073,0.4074074074074074,0.2153846153846154,0.0,0.07142857142857142,0.5714285714285714,0.5543865574035971,0.4066973537609202,0.3674015285126396,0.4615070024161457,NaN,NaN,NaN,NaN,3.740740740740741,3.2283250238813177,2.365032863688036,1.1327388840700048,5.727272727272727,0.2222222222222222,0.4446780421678417,6.0,9.0,2.2406716417910446,1.2766437878822088,0.046153846153846156,0.0
657,1,63.0,195.0,3.0952380952380953,0.04992319508448541,0.16129032258064516,0.04838709677419355,0.3076923076923077,0.5769230769230769,0.2692307692307692,0.40384615384615385,0.2222222222222222,0.0,0.0,0.5714285714285714,0.5325450140514678,0.41290173982523243,0.3582240675990676,0.4664751857542997,NaN,NaN,NaN,NaN,3.75,4.866351050738079,2.308875768320796,0.9619029586413694,4.909090909090909,0.23076923076923078,0.3988555749754506,5.0,9.0,2.0760135135135136,0.9322020505768307,0.07936507936507936,0.0
658,1,63.0,269.0,4.26984126984127,0.068868407578085,0.16129032258064516,0.016129032258064516,0.2692307692307692,0.5961538461538461,0.25,0.4230769230769231,0.2222222222222222,0.0,0.07142857142857142,0.5714285714285714,0.5437864115751545,0.41746508857058956,0.35877701358470593,0.46255162508537184,NaN,NaN,NaN,NaN,5.173076923076923,7.2103442952963,2.297502870852317,0.9647605035631794,4.714285714285714,0.2692307692307692,0.38483800874240104,4.0,10.0,1.7942942942942943,0.7527576553557718,0.06349206349206349,0.0
659,1,68.0,326.0,4.794117647058823,0.07155399473222125,0.16417910447761194,0.07462686567164178,0.23214285714285715,0.625,0.125,0.44642857142857145,0.20588235294117646,0.0,0.07142857142857142,0.7142857142857143,0.5008714811682249,0.37003238708866765,0.32638347763347764,0.41854361649586863,NaN,NaN,NaN,NaN,5.821428571428571,7.229000038625091,2.2299210968720162,0.8734093123299761,4.474576271186441,0.2857142857142857,0.37766304884232493,4.0,10.0,1.7337662337662338,0.7143541081538288,0.029411764705882353,0.0
66,1,68.0,312.0,4.588235294117647,0.0684811237928007,0.16417910447761194,0.04477611940298507,0.26785714285714285,0.6071428571428571,0.26785714285714285,0.44642857142857145,0.20588235294117646,0.0,0.07142857142857142,0.7142857142857143,0.5260088992391007,0.40587777886428106,0.3602525946275946,0.46017559271931513,NaN,NaN,NaN,NaN,5.571428571428571,6.720003092145238,2.226932003229367,0.8393633637251617,3.96,0.25,0.40232042859963724,4.0,10.0,1.7225725094577553,0.6618824089928854,0.07352941176470588,0.0
660,1,67.0,296.0,4.417910447761194,0.06693803708729082,0.16666666666666666,0.09090909090909091,0.2545454545454545,0.6181818181818182,0.2545454545454545,0.41818181818181815,0.208955223880597,0.0,0.0,0.6428571428571429,0.5424543168123992,0.40685721494988075,0.36379358235089465,0.4593563118630437,NaN,NaN,NaN,NaN,5.381818181818182,7.980278722253282,2.229015982901089,0.8640570054274281,4.183333333333334,0.23636363636363636,0.3989340514421546,4.0,13.0,1.7711757269279393,0.678403567743071,0.1044776119402985,0.0
661,1,67.0,285.0,4.253731343283582,0.06445047489823609,0.16666666666666666,0.030303030303030304,0.2727272727272727,0.6363636363636364,0.18181818181818182,0.43636363636363634,0.208955223880597,0.0,0.07142857142857142,0.5714285714285714,0.5564761833158428,0.39400226384983816,0.36182925511802516,0.4474580223554577,NaN,NaN,NaN,NaN,5.181818181818182,5.7416312983619875,2.2674109173200816,0.9643485815191893,4.928571428571429,0.2545454545454545,0.3627794783731201,4.0,9.0,1.9706632653061225,0.8741536721488635,0.08955223880597014,0.0
662,1,67.0,264.0,3.9402985074626864,0.05970149253731343,0.15151515151515152,0.07575757575757576,0.26785714285714285,0.625,0.23214285714285715,0.39285714285714285,0.208955223880597,0.0,0.0,0.6428571428571429,0.5234608977911339,0.3961935754542557,0.3405231829573935,0.451169831916625,NaN,NaN,NaN,NaN,4.714285714285714,5.519269667477543,2.3502114001298398,1.0950987516784467,5.875,0.25,0.45263949317629876,5.0,11.0,1.880281690140845,1.0455744941435245,0.1044776119402985,0.0
663,1,68.0,266.0,3.911764705882353,0.058384547848990345,0.16417910447761194,0.08955223880597014,0.26785714285714285,0.625,0.19642857142857142,0.4107142857142857,0.20588235294117646,0.0,0.07142857142857142,0.6428571428571429,0.4752809697213392,0.3885470777021225,0.32107179993209406,0.43129203084300816,NaN,NaN,NaN,NaN,4.75,5.507845643839671,2.3095956181347628,1.0383377049175586,5.5,0.25,0.4076948434876742,5.0,12.0,1.997150997150997,0.9732472097226663,0.10294117647058823,0.0
664,1,64.0,238.0,3.71875,0.059027777777777776,0.15873015873015872,0.06349206349206349,0.2830188679245283,0.6226415094339622,0.2641509433962264,0.39622641509433965,0.21875,0.0,0.07142857142857142,0.5714285714285714,0.5866308013940487,0.41963950007840173,0.3549058975108884,0.4661661833525569,NaN,NaN,NaN,NaN,4.490566037735849,6.692770616089693,2.318001777369643,1.030745213229412,5.388888888888889,0.2641509433962264,0.4379213319028775,4.0,8.0,1.6789366053169734,0.774322875843692,0.03125,0.0
665,1,67.0,237.0,3.537313432835821,0.05359565807327001,0.16666666666666666,0.12121212121212122,0.21818181818181817,0.6181818181818182,0.23636363636363636,0.43636363636363634,0.208955223880597,0.0,0.07142857142857142,0.5714285714285714,0.5025029989651201,0.39925039367582527,0.3528433687524597,0.45043473071334245,NaN,NaN,NaN,NaN,4.3090909090909095,5.753815890902081,2.318339590865548,1.0637591597420708,5.181818181818182,0.3090909090909091,0.379723059621256,5.0,8.0,1.9757281553398058,0.9616941446029128,0.0,0.0
666,1,63.0,263.0,4.174603174603175,0.06733230926779314,0.1774193548387097,0.016129032258064516,0.23529411764705882,0.5882352941176471,0.21568627450980393,0.49019607843137253,0.2222222222222222,0.0,0.07142857142857142,0.6428571428571429,0.5950662279837284,0.3804064451521982,0.3819143819143819,0.45014855243753177,NaN,NaN,NaN,NaN,5.1568627450980395,5.954401897821839,2.3070190844176865,1.0131139649102767,4.583333333333334,0.3333333333333333,0.41923581775032026,4.0,12.0,1.8753315649867375,0.7681242283366068,0.09523809523809523,0.0
667,1,67.0,249.0,3.716417910447761,0.056309362279511534,0.15151515151515152,0.12121212121212122,0.23214285714285715,0.6071428571428571,0.23214285714285715,0.42857142857142855,0.208955223880597,0.0,0.07142857142857142,0.5714285714285714,0.4707827739333778,0.4042313067725473,0.34446924603174606,0.44495255764451236,NaN,NaN,NaN,NaN,4.446428571428571,4.48399028000383,2.2804677044039927,0.9115015866305622,4.360824742268042,0.2857142857142857,0.389379109796285,4.0,11.0,1.7050610820244327,0.6885112687832237,0.07462686567164178,0.0
668,1,66.0,224.0,3.393939393939394,0.052214452214452214,0.15384615384615385,0.15384615384615385,0.3090909090909091,0.6363636363636364,0.2545454545454545,0.38181818181818183,0.21212121212121213,0.0,0.0,0.6428571428571429,0.4832266493840153,0.4134570567319246,0.33077089577089575,0.4540292050055623,NaN,NaN,NaN,NaN,4.072727272727272,6.1429108356994355,2.2676190719062483,0.9102021489847736,4.290322580645162,0.2,0.383290342914092,4.0,10.0,1.8934550989345509,0.747497712825258,0.045454545454545456,0.0
669,1,68.0,281.0,4.132352941176471,0.06167690956979807,0.16417910447761194,0.014925373134328358,0.23214285714285715,0.625,0.25,0.39285714285714285,0.20588235294117646,0.0,0.07142857142857142,0.5714285714285714,0.4819692499123343,0.4000178273660136,0.3334523931950403,0.4541477694766973,NaN,NaN,NaN,NaN,5.017857142857143,7.1971991305420575,2.3182008878107467,1.0343825713992636,5.0,0.2857142857142857,0.37680959373435463,5.0,10.0,2.339664804469274,1.159891753917954,0.0,0.0
67,1,66.0,283.0,4.287878787878788,0.06596736596736597,0.16923076923076924,0.06153846153846154,0.25925925925925924,0.6111111111111112,0.2037037037037037,0.3888888888888889,0.21212121212121213,0.0,0.07142857142857142,0.6428571428571429,0.5255547148766562,0.40860731479378665,0.3358318636096414,0.45167878855353993,NaN,NaN,NaN,NaN,5.2407407407407405,7.969127186850243,2.2773830267526427,0.9642019182626206,4.909090909090909,0.25925925925925924,0.3773735057459821,5.0,10.0,1.9250985545335086,0.8604853416351501,0.030303030303030304,0.0
670,1,65.0,257.0,3.953846153846154,0.061778846153846156,0.171875,0.046875,0.2830188679245283,0.660377358490566,0.20754716981132076,0.41509433962264153,0.2153846153846154,0.0,0.07142857142857142,0.5714285714285714,0.4782413011964527,0.39733931389589916,0.35988099642372673,0.45257437118621635,NaN,NaN,NaN,NaN,4.849056603773585,5.627529265259292,2.3240636069076563,1.1385047729023674,5.404255319148936,0.22641509433962265,0.4717770554617694,5.0,11.0,1.8614357262103507,0.9194108602208659,0.12307692307692308,0.0
671,1,68.0,268.0,3.9411764705882355,0.058823529411764705,0.16417910447761194,0.029850746268656716,0.2857142857142857,0.625,0.21428571428571427,0.44642857142857145,0.20588235294117646,0.0,0.14285714285714285,0.5714285714285714,0.5327738847427067,0.3996458340390984,0.3547183932052353,0.4483883223352397,NaN,NaN,NaN,NaN,4.785714285714286,5.5488386523317095,2.263857301403913,0.9775748095771064,5.24,0.19642857142857142,0.41697709818912054,6.0,8.0,1.9174603174603175,1.0100511851752791,0.04411764705882353,0.0
672,1,65.0,316.0,4.861538461538461,0.07596153846153846,0.171875,0.015625,0.20754716981132076,0.6415094339622641,0.18867924528301888,0.4339622641509434,0.2,0.0,0.07692307692307693,0.6153846153846154,0.5115938766810099,0.37821625307433077,0.3304855207685396,0.4346374858560381,NaN,NaN,NaN,NaN,5.962264150943396,8.218090420508384,2.263645414809022,0.9712267612409261,4.583333333333334,0.3018867924528302,0.3895205766526716,4.0,8.0,1.6504424778761062,0.6833695160779666,0.046153846153846156,0.0
673,1,68.0,309.0,4.544117647058823,0.06782265144863915,0.16417910447761194,0.0,0.25,0.625,0.21428571428571427,0.44642857142857145,0.20588235294117646,0.0,0.0,0.6428571428571429,0.525996435750319,0.4039333036741068,0.3516025451200436,0.45233518100126563,NaN,NaN,NaN,NaN,5.517857142857143,7.6467249589221264,2.219910519108115,0.8505714404903679,4.279999999999999,0.25,0.3560768788877716,4.0,9.0,1.7638326585695008,0.7458631089981652,0.04411764705882353,0.0
674,1,66.0,270.0,4.090909090909091,0.06293706293706294,0.16923076923076924,0.046153846153846156,0.25925925925925924,0.6111111111111112,0.24074074074074073,0.46296296296296297,0.21212121212121213,0.0,0.07142857142857142,0.6428571428571429,0.581596626886428,0.3867248501712483,0.3700612961233876,0.4491248591486696,NaN,NaN,NaN,NaN,5.0,6.234414529713426,2.3013105495650867,1.0366607289002379,5.068965517241379,0.24074074074074073,0.4761283179887977,6.0,12.0,2.3190104166666665,1.2932693317435895,0.07575757575757576,0.0
675,1,67.0,218.0,3.253731343283582,0.04929895974672094,0.16666666666666666,0.10606060606060606,0.2909090909090909,0.6363636363636364,0.23636363636363636,0.41818181818181815,0.208955223880597,0.0,0.0,0.6428571428571429,0.5278107316538994,0.414250212479555,0.35389610389610393,0.44936105961197825,NaN,NaN,NaN,NaN,3.963636363636364,4.8608932130096045,2.22867951907131,0.8968688325930322,4.777777777777778,0.21818181818181817,0.3031193271491518,5.0,8.0,1.874015748031496,0.9251440613592434,0.029850746268656716,0.0
676,1,68.0,322.0,4.735294117647059,0.07067603160667252,0.16417910447761194,0.04477611940298507,0.26785714285714285,0.625,0.23214285714285715,0.42857142857142855,0.20588235294117646,0.0,0.07142857142857142,0.5714285714285714,0.4995894781149062,0.4044735127928214,0.3462232509327148,0.4468775245429543,NaN,NaN,NaN,NaN,5.75,6.772269661172417,2.2416528126378883,0.8832527924837621,4.142857142857142,0.26785714285714285,0.40209143033736416,5.0,12.0,1.8890200708382527,0.8869742218814839,0.10294117647058823,0.0
677,1,67.0,238.0,3.5522388059701493,0.053821800090456805,0.16666666666666666,0.09090909090909091,0.2727272727272727,0.6363636363636364,0.21818181818181817,0.43636363636363634,0.208955223880597,0.0,0.07142857142857142,0.7142857142857143,0.571772031836095,0.3968391941240865,0.3621758544485817,0.45049682757371395,NaN,NaN,NaN,NaN,4.327272727272727,4.468219238688178,2.2770714552924156,0.9895593293231316,5.083333333333334,0.2,0.4098191766376731,5.0,11.0,2.066469719350074,1.0205063589912065,0.1044776119402985,0.0
678,1,68.0,239.0,3.514705882352941,0.05245829675153644,0.16417910447761194,0.07462686567164178,0.26785714285714285,0.625,0.21428571428571427,0.42857142857142855,0.20588235294117646,0.0,0.0,0.6428571428571429,0.5370325196359166,0.3935816374555034,0.3479946145124716,0.44181547896051643,NaN,NaN,NaN,NaN,4.267857142857143,5.854263625546991,2.2882500721627013,1.0036710885058029,5.333333333333334,0.25,0.39147661308158765,6.0,10.0,2.187760778859527,1.1476342960684305,0.04411764705882353,0.0
679,1,67.0,217.0,3.2388059701492535,0.049072817729534146,0.16666666666666666,0.16666666666666666,0.2909090909090909,0.6181818181818182,0.21818181818181817,0.43636363636363634,0.208955223880597,0.0,0.07142857142857142,0.5714285714285714,0.5375146435719164,0.39733529959579456,0.35927784336875246,0.44671169107021774,NaN,NaN,NaN,NaN,3.9454545454545453,4.688118084951698,2.2826884731764543,1.0014652290092938,5.12,0.23636363636363636,0.36789108846648616,5.0,9.0,2.045608108108108,0.9749559242769437,0.029850746268656716,0.0
68,1,68.0,215.0,3.161764705882353,0.04719051799824407,0.16417910447761194,0.1791044776119403,0.2857142857142857,0.6071428571428571,0.25,0.4107142857142857,0.20588235294117646,0.0,0.07142857142857142,0.5714285714285714,0.5173925829389726,0.41774754822852433,0.3410714285714285,0.4467244906682088,NaN,NaN,NaN,NaN,3.8392857142857144,4.834635591096946,2.3334069758187233,1.0934303255161952,5.75,0.21428571428571427,0.3321450611667022,5.0,7.0,1.8600451467268624,1.0149591515943515,0.029411764705882353,0.0
680,1,68.0,243.0,3.573529411764706,0.053336259877085165,0.16417910447761194,0.08955223880597014,0.25,0.625,0.17857142857142858,0.42857142857142855,0.20588235294117646,0.0,0.0,0.6428571428571429,0.47254366405784143,0.3818766489657513,0.3336818439497011,0.4300736157033703,NaN,NaN,NaN,NaN,4.339285714285714,4.477323818022165,2.26532454602501,0.9455240674274328,4.5,0.26785714285714285,0.42036325213033593,4.0,12.0,1.8753623188405797,0.7631585494393835,0.11764705882352941,0.0
681,1,64.0,216.0,3.375,0.05357142857142857,0.1746031746031746,0.12698412698412698,0.25,0.6153846153846154,0.19230769230769232,0.4423076923076923,0.21875,0.0,0.0,0.5714285714285714,0.5732907144595388,0.3892399500203338,0.36517094017094015,0.4435869524590792,NaN,NaN,NaN,NaN,4.153846153846154,5.042504106308866,2.296460619182905,1.03559277224739,5.0,0.2692307692307692,0.34563144872769697,5.0,9.0,1.9573170731707317,1.0351300463736277,0.078125,0.0
682,1,67.0,291.0,4.343283582089552,0.06580732700135686,0.16666666666666666,0.10606060606060606,0.2727272727272727,0.6363636363636364,0.21818181818181817,0.4,0.208955223880597,0.0,0.07142857142857142,0.6428571428571429,0.5338750130960517,0.3863754237299574,0.3404834054834055,0.4499948837442139,NaN,NaN,NaN,NaN,5.290909090909091,6.45690192674339,2.338548568856941,1.1160686397424757,5.7,0.2545454545454545,0.49125763848847187,5.0,11.0,2.0566298342541436,1.0948630062631184,0.07462686567164178,0.0
683,1,66.0,219.0,3.3181818181818183,0.05104895104895105,0.15384615384615385,0.15384615384615385,0.32727272727272727,0.6363636363636364,0.23636363636363636,0.38181818181818183,0.21212121212121213,0.0,0.07142857142857142,0.5714285714285714,0.4811598178232332,0.4074370336734897,0.34735996326905416,0.45996867843907735,NaN,NaN,NaN,NaN,3.981818181818182,3.5926411881888103,2.288561037737108,0.9477774541546158,4.48936170212766,0.21818181818181817,0.42598353076470297,4.0,11.0,1.791044776119403,0.7594845951879473,0.09090909090909091,0.0
684,1,66.0,236.0,3.5757575757575757,0.05501165501165501,0.15384615384615385,0.09230769230769231,0.2545454545454545,0.6545454545454545,0.2545454545454545,0.41818181818181815,0.21212121212121213,0.0,0.07142857142857142,0.6428571428571429,0.5087071231920991,0.41114417938839415,0.3540633222986164,0.4571992790611808,NaN,NaN,NaN,NaN,4.290909090909091,5.006191452786524,2.2644339409300978,0.9315854756452936,4.5,0.23636363636363636,0.41681902540343035,4.0,8.0,1.7787769784172662,0.7938837915564712,0.045454545454545456,0.0
685,1,63.0,190.0,3.015873015873016,0.04864311315924219,0.16129032258064516,0.1774193548387097,0.3076923076923077,0.5961538461538461,0.17307692307692307,0.38461538461538464,0.2222222222222222,0.0,0.07142857142857142,0.5714285714285714,0.5124545057732329,0.3913351127175142,0.3241758241758242,0.4355808764997571,NaN,NaN,NaN,NaN,3.6538461538461537,3.787930343814781,2.328631287026022,1.0314130477825931,5.303030303030303,0.23076923076923078,0.376263713439075,4.0,8.0,1.9230769230769231,0.905882239690017,0.07936507936507936,0.0
686,1,63.0,200.0,3.1746031746031744,0.051203277009728626,0.14516129032258066,0.11290322580645161,0.3018867924528302,0.6226415094339622,0.32075471698113206,0.41509433962264153,0.2222222222222222,0.0,0.07142857142857142,0.6428571428571429,0.5925209843844456,0.4140696953557632,0.37118217212556837,0.47472982646329054,NaN,NaN,NaN,NaN,3.7735849056603774,4.994772303403299,2.3176030000615624,0.9733722078651668,4.9,0.24528301886792453,0.31069439135195115,4.0,8.0,1.8487229862475443,0.81249066613786,0.0,0.0
687,1,66.0,196.0,2.9696969696969697,0.04568764568764569,0.15384615384615385,0.09230769230769231,0.2909090909090909,0.6363636363636364,0.2727272727272727,0.4,0.21212121212121213,0.0,0.07142857142857142,0.5714285714285714,0.513367523532468,0.39556871848797837,0.34228650137741046,0.4555923477948836,NaN,NaN,NaN,NaN,3.5636363636363635,4.049525058405392,2.3464612883623386,1.0924948745330996,5.454545454545455,0.21818181818181817,0.5049226153493835,6.0,11.0,2.110344827586207,1.0471920931005454,0.10606060606060606,0.0
688,1,67.0,251.0,3.746268656716418,0.05676164631388512,0.16666666666666666,0.13636363636363635,0.2727272727272727,0.6,0.23636363636363636,0.45454545454545453,0.208955223880597,0.0,0.07142857142857142,0.5714285714285714,0.5170682383290436,0.4062224611372891,0.3550681641590732,0.44360066660682695,NaN,NaN,NaN,NaN,4.5636363636363635,5.028672000393552,2.2550126208323884,0.9148722416306357,4.477611940298507,0.23636363636363636,0.3825790314048946,5.0,8.0,1.8848080133555927,0.9352371266937501,0.05970149253731343,0.0
689,1,66.0,206.0,3.121212121212121,0.04801864801864802,0.16923076923076924,0.12307692307692308,0.24074074074074073,0.6111111111111112,0.25925925925925924,0.4074074074074074,0.21212121212121213,0.0,0.07142857142857142,0.5714285714285714,0.5088754046272033,0.40663477596632003,0.3459967320261438,0.45476083958541386,NaN,NaN,NaN,NaN,3.814814814814815,4.841152498344707,2.3652028201397948,1.1559718548414235,5.756756756756756,0.2962962962962963,0.45536581115811575,5.0,9.0,2.2745709828393137,1.131699156012405,0.045454545454545456,0.0
69,1,68.0,316.0,4.647058823529412,0.06935908691834942,0.16417910447761194,0.07462686567164178,0.23214285714285715,0.625,0.23214285714285715,0.42857142857142855,0.20588235294117646,0.0,0.07142857142857142,0.6428571428571429,0.5494084153762507,0.4087622707576423,0.3479211632305844,0.45394188968116217,NaN,NaN,NaN,NaN,5.642857142857143,7.842607570603895,2.2585268317097595,0.9183141570050206,4.514285714285714,0.2857142857142857,0.3996465145815745,5.0,10.0,1.8475609756097562,0.8149586848792381,0.07352941176470588,0.0
690,1,66.0,228.0,3.4545454545454546,0.05314685314685315,0.15384615384615385,0.09230769230769231,0.32727272727272727,0.6,0.18181818181818182,0.4,0.21212121212121213,0.0,0.07142857142857142,0.5714285714285714,0.5362003746072374,0.3958437707774447,0.3293939393939394,0.44209599798047594,NaN,NaN,NaN,NaN,4.1454545454545455,3.855818987885721,2.430460699778882,1.2345891566506126,5.888888888888889,0.23636363636363636,0.47632395946848005,5.0,10.0,1.8603696098562628,1.0046242192756434,0.030303030303030304,0.0
691,1,65.0,280.0,4.3076923076923075,0.0673076923076923,0.171875,0.03125,0.2830188679245283,0.6037735849056604,0.22641509433962265,0.4528301886792453,0.2153846153846154,0.0,0.07142857142857142,0.6428571428571429,0.5381257907572308,0.41025799399977236,0.3709082060497155,0.45960091669287734,NaN,NaN,NaN,NaN,5.283018867924528,7.147827422722362,2.3272861419042803,1.0651959285671406,5.090909090909091,0.2641509433962264,0.40919812628399654,5.0,10.0,1.8164983164983164,0.9319134031977198,0.1076923076923077,0.0
692,1,64.0,200.0,3.125,0.0496031746031746,0.1746031746031746,0.12698412698412698,0.3269230769230769,0.5961538461538461,0.23076923076923078,0.40384615384615385,0.21875,0.0,0.0,0.5714285714285714,0.4799851658906145,0.41561204606411367,0.353525641025641,0.4511554584571259,NaN,NaN,NaN,NaN,3.8461538461538463,4.836076092853303,2.304330076501091,1.015881229677192,4.842105263157895,0.21153846153846154,0.4012103187733752,4.0,10.0,1.9730290456431536,0.987078026469857,0.078125,0.0
693,1,65.0,198.0,3.046153846153846,0.047596153846153844,0.15625,0.109375,0.3148148148148148,0.6111111111111112,0.25925925925925924,0.4074074074074074,0.2153846153846154,0.0,0.07142857142857142,0.5714285714285714,0.4816926682990816,0.4004010370488428,0.3510802469135803,0.45157262561655254,NaN,NaN,NaN,NaN,3.6666666666666665,4.018823633381592,2.3645733765190773,1.1000753574823403,5.285714285714286,0.25925925925925924,0.4432402261675374,5.0,9.0,1.8475991649269312,0.8579857932517854,0.046153846153846156,0.0
694,1,65.0,216.0,3.3230769230769233,0.051923076923076926,0.171875,0.109375,0.24528301886792453,0.6226415094339622,0.2830188679245283,0.4528301886792453,0.2153846153846154,0.0,0.07142857142857142,0.6428571428571429,0.5791360712137352,0.39189099445204423,0.376034395374018,0.46360419250536017,NaN,NaN,NaN,NaN,4.0754716981132075,6.135799918397493,2.250030136294429,0.9206264752956023,4.466666666666667,0.2641509433962264,0.4212253789957396,4.0,8.0,1.9582089552238806,0.8006255502221769,0.046153846153846156,0.0
695,1,66.0,218.0,3.303030303030303,0.05081585081585081,0.15384615384615385,0.13846153846153847,0.2545454545454545,0.6363636363636364,0.21818181818181817,0.41818181818181815,0.21212121212121213,0.0,0.0,0.5714285714285714,0.517403949251877,0.4084468302554609,0.3438562091503268,0.44301754222715123,NaN,NaN,NaN,NaN,3.963636363636364,4.737414658133447,2.2621915777330215,0.9160041106322783,4.75,0.21818181818181817,0.3489543726111799,5.0,9.0,1.7177033492822966,0.8958858740471874,0.07575757575757576,0.0
696,1,67.0,325.0,4.850746268656716,0.07349615558570782,0.16666666666666666,0.07575757575757576,0.2,0.6,0.2,0.43636363636363634,0.208955223880597,0.0,0.07142857142857142,0.5714285714285714,0.49128460232460835,0.3830168618436424,0.3423587572414552,0.440035863523687,NaN,NaN,NaN,NaN,5.909090909090909,6.9128777501037,2.2740969625129552,0.9281968015586435,4.533333333333333,0.34545454545454546,0.44502609585768976,5.0,12.0,1.7953367875647668,0.8257082110837612,0.08955223880597014,0.0
697,1,66.0,259.0,3.9242424242424243,0.060372960372960374,0.15384615384615385,0.07692307692307693,0.2545454545454545,0.6,0.21818181818181817,0.41818181818181815,0.21212121212121213,0.0,0.0,0.6428571428571429,0.5531613207556475,0.4036149882779781,0.35545454545454547,0.4572904258496439,NaN,NaN,NaN,NaN,4.709090909090909,4.755786834742324,2.3178817282703337,0.9746511872627595,4.64935064935065,0.32727272727272727,0.3998409209309923,5.0,12.0,2.0202156334231804,0.9152308216036519,0.10606060606060606,0.0
698,1,67.0,247.0,3.6865671641791047,0.05585707824513795,0.16666666666666666,0.045454545454545456,0.2545454545454545,0.6363636363636364,0.21818181818181817,0.41818181818181815,0.208955223880597,0.0,0.0,0.6428571428571429,0.5385027615635452,0.4011734891468795,0.347196238105329,0.4526109419061933,NaN,NaN,NaN,NaN,4.490909090909091,5.564013763305152,2.285911361026319,1.0063881311209417,5.135135135135135,0.21818181818181817,0.38405099658813396,5.0,11.0,2.1360718870346598,0.9971530038452178,0.07462686567164178,0.0
699,1,66.0,282.0,4.2727272727272725,0.06573426573426573,0.16923076923076924,0.07692307692307693,0.2962962962962963,0.6111111111111112,0.24074074074074073,0.42592592592592593,0.21212121212121213,0.0,0.0,0.6428571428571429,0.5620524892458455,0.40850881581191356,0.35274328249818443,0.4510016758372627,NaN,NaN,NaN,NaN,5.222222222222222,6.415390300239146,2.2563017206423335,0.9105585013708253,4.3100000000000005,0.2037037037037037,0.4067342336957274,4.0,11.0,1.83085250338295,0.7560564522402262,0.10606060606060606,0.0
7,1,68.0,281.0,4.132352941176471,0.06167690956979807,0.16417910447761194,0.1044776119402985,0.21428571428571427,0.625,0.16071428571428573,0.39285714285714285,0.20588235294117646,0.0,0.0,0.6428571428571429,0.4636785015368074,0.38628109807357325,0.3144486961451247,0.4300288189583495,NaN,NaN,NaN,NaN,5.017857142857143,6.473698033872623,2.2595632972787483,0.9250205956918283,4.533333333333333,0.30357142857142855,0.3225508717912894,4.0,9.0,1.6941580756013745,0.7599711669694199,0.08823529411764706,0.0
70,1,65.0,293.0,4.507692307692308,0.07043269230769231,0.15625,0.109375,0.24074074074074073,0.6296296296296297,0.24074074074074073,0.4074074074074074,0.2153846153846154,0.0,0.0,0.6428571428571429,0.5326855746871755,0.4023518524464164,0.367693469082358,0.4631174266376405,NaN,NaN,NaN,NaN,5.425925925925926,7.9303616512072015,2.221757863271037,0.8438049781457255,4.269230769230769,0.2037037037037037,0.3496227416169727,4.0,10.0,1.7145015105740182,0.7161850367087975,0.07692307692307693,0.0
700,1,65.0,280.0,4.3076923076923075,0.0673076923076923,0.15625,0.125,0.25925925925925924,0.6296296296296297,0.2777777777777778,0.42592592592592593,0.2,0.0,0.07692307692307693,0.6153846153846154,0.5153140003812674,0.40389130091016934,0.37069304152637483,0.4618961299859556,NaN,NaN,NaN,NaN,5.185185185185185,6.333719507149655,2.2486355689213027,0.9126552127317512,4.578125,0.24074074074074073,0.35075201748303536,4.0,9.0,1.564516129032258,0.716240865573242,0.046153846153846156,0.0
701,1,66.0,229.0,3.4696969696969697,0.05337995337995338,0.16923076923076924,0.06153846153846154,0.25925925925925924,0.6481481481481481,0.24074074074074073,0.4074074074074074,0.19696969696969696,0.0,0.0,0.6153846153846154,0.48152314139941693,0.4000428270272383,0.33361258083480305,0.4502088664095148,NaN,NaN,NaN,NaN,4.2407407407407405,4.518035911494525,2.2313055952447494,0.935982321343938,4.909090909090909,0.2037037037037037,0.42062466368698803,5.0,8.0,1.8411552346570397,0.8547512784491893,0.030303030303030304,0.0
702,1,65.0,273.0,4.2,0.065625,0.15625,0.09375,0.3148148148148148,0.6296296296296297,0.2037037037037037,0.3888888888888889,0.2153846153846154,0.0,0.0,0.7142857142857143,0.5213474313853516,0.38654957530944856,0.33927836566725456,0.44891404871760276,NaN,NaN,NaN,NaN,5.055555555555555,5.335593074731196,2.327864262437727,1.044190597210799,5.147058823529411,0.2222222222222222,0.39657599632514384,4.0,12.0,2.028909329829172,0.9426753604444936,0.1076923076923077,0.0
703,1,67.0,195.0,2.91044776119403,0.044097693351424695,0.16666666666666666,0.15151515151515152,0.3090909090909091,0.6,0.2545454545454545,0.41818181818181815,0.208955223880597,0.0,0.0,0.5714285714285714,0.5456251914508493,0.412321763988043,0.36606060606060603,0.4596078087050645,NaN,NaN,NaN,NaN,3.5454545454545454,3.8768934767804795,2.2914369536729806,0.986018251565717,4.878787878787879,0.23636363636363636,0.3509963724100239,4.0,11.0,1.9126637554585153,0.9220215519563957,0.07462686567164178,0.0
704,1,66.0,201.0,3.0454545454545454,0.04685314685314685,0.16923076923076924,0.18461538461538463,0.3148148148148148,0.6296296296296297,0.18518518518518517,0.3888888888888889,0.21212121212121213,0.0,0.07142857142857142,0.6428571428571429,0.5458778397161334,0.4076923391729894,0.3463771310993533,0.44967210473027985,NaN,NaN,NaN,NaN,3.7222222222222223,3.0182880732431365,2.2770443574365147,0.995757667317627,4.864864864864865,0.2222222222222222,0.38295011715352517,4.0,8.0,1.8697478991596639,0.8801009149648084,0.030303030303030304,0.0
705,1,67.0,237.0,3.537313432835821,0.05359565807327001,0.16666666666666666,0.12121212121212122,0.2909090909090909,0.6181818181818182,0.12727272727272726,0.43636363636363634,0.208955223880597,0.0,0.07142857142857142,0.5714285714285714,0.5189956901564043,0.3958438906647725,0.34502886002886,0.4301940607470388,NaN,NaN,NaN,NaN,4.3090909090909095,4.504617907390425,2.261103640226411,0.9532135684389178,4.833333333333334,0.21818181818181817,0.33529466969868005,4.0,10.0,1.9738988580750407,0.9545063242781205,0.04477611940298507,0.0
706,1,64.0,205.0,3.203125,0.05084325396825397,0.1746031746031746,0.07936507936507936,0.3076923076923077,0.6153846153846154,0.28846153846153844,0.4230769230769231,0.21875,0.0,0.07142857142857142,0.5714285714285714,0.5341880529512247,0.4132812691900647,0.377457264957265,0.4649288285485371,NaN,NaN,NaN,NaN,3.9423076923076925,4.7872930725298835,2.3082145573280384,1.0520892787172578,5.166666666666666,0.23076923076923078,0.5270583717260942,5.0,11.0,1.8004484304932735,0.9009856155106376,0.078125,0.0
707,1,68.0,275.0,4.044117647058823,0.06035996488147498,0.16417910447761194,0.07462686567164178,0.19642857142857142,0.625,0.23214285714285715,0.44642857142857145,0.20588235294117646,0.0,0.0,0.6428571428571429,0.5114856224601942,0.39811613896687437,0.34565580618212205,0.44047512312341436,NaN,NaN,NaN,NaN,4.910714285714286,7.349154028530422,2.2260544370774804,0.8807877979371783,4.586956521739131,0.30357142857142855,0.35418457097647854,5.0,10.0,2.0767045454545454,1.087794664741162,0.029411764705882353,0.0
708,1,64.0,196.0,3.0625,0.04861111111111111,0.14285714285714285,0.15873015873015872,0.2962962962962963,0.6296296296296297,0.2777777777777778,0.3888888888888889,0.21875,0.0,0.07142857142857142,0.5714285714285714,0.5257717181522815,0.40872457352674535,0.34338624338624335,0.4631576631051819,NaN,NaN,NaN,NaN,3.6296296296296298,3.6719040163817747,2.3696000903032157,1.0967358667462321,5.888888888888889,0.24074074074074073,0.37091180020413866,5.0,8.0,1.9581497797356828,1.0423746512165615,0.03125,0.0
709,1,68.0,248.0,3.6470588235294117,0.05443371378402107,0.16417910447761194,0.08955223880597014,0.26785714285714285,0.6428571428571429,0.19642857142857142,0.42857142857142855,0.20588235294117646,0.0,0.07142857142857142,0.6428571428571429,0.4801317421479773,0.4015181766912801,0.34349844104308386,0.43871950248516384,NaN,NaN,NaN,NaN,4.428571428571429,4.397756216556318,2.235170838215337,0.8816576375916403,4.245901639344263,0.25,0.4126034532558822,5.0,11.0,1.9096296296296296,0.872840622811508,0.04411764705882353,0.0
71,1,64.0,210.0,3.28125,0.052083333333333336,0.1746031746031746,0.23809523809523808,0.3076923076923077,0.5769230769230769,0.23076923076923078,0.4423076923076923,0.21875,0.0,0.07142857142857142,0.5714285714285714,0.5715472643654782,0.3815087276575368,0.36586538461538465,0.4497344278543201,NaN,NaN,NaN,NaN,4.038461538461538,3.624327055652517,2.2959823692117203,0.9830648580905657,4.7,0.2692307692307692,0.43745878944639877,4.0,10.0,1.6605922551252847,0.7029426829808517,0.109375,0.0
710,1,66.0,255.0,3.8636363636363638,0.05944055944055944,0.15384615384615385,0.12307692307692308,0.2545454545454545,0.6,0.2545454545454545,0.41818181818181815,0.21212121212121213,0.0,0.07142857142857142,0.5714285714285714,0.45636998329744527,0.41590763429964567,0.3524204227145403,0.4513545251206595,NaN,NaN,NaN,NaN,4.636363636363637,5.61863182358691,2.3597827229890607,1.0729447157998373,5.045454545454545,0.2909090909090909,0.42249483948610006,4.0,11.0,1.7657142857142858,0.8584813250077908,0.07575757575757576,0.0
711,1,68.0,278.0,4.088235294117647,0.061018437225636525,0.16417910447761194,0.05970149253731343,0.2857142857142857,0.6428571428571429,0.25,0.4107142857142857,0.20588235294117646,0.0,0.07142857142857142,0.6428571428571429,0.5139586878971398,0.40707460811287066,0.3540990259740259,0.45985116878929816,NaN,NaN,NaN,NaN,4.964285714285714,5.291379904968202,2.3326690819512277,1.0967410700058822,5.5,0.21428571428571427,0.4932573959019609,5.0,11.0,2.1641975308641976,1.0854480362051808,0.10294117647058823,0.0
712,1,62.0,188.0,3.032258064516129,0.04970914859862507,0.14754098360655737,0.16393442622950818,0.3269230769230769,0.5961538461538461,0.25,0.38461538461538464,0.22580645161290322,0.0,0.07142857142857142,0.5714285714285714,0.5608948902250789,0.4197153227534066,0.3611950549450549,0.4644654336029917,NaN,NaN,NaN,NaN,3.6153846153846154,4.097602580533398,2.321379349899699,0.9651670294524584,4.647058823529411,0.17307692307692307,0.3794699811267697,4.0,8.0,1.5609756097560976,0.7184346043648387,0.06451612903225806,0.0
713,1,68.0,270.0,3.9705882352941178,0.05926251097453907,0.16417910447761194,0.08955223880597014,0.25,0.625,0.17857142857142858,0.42857142857142855,0.20588235294117646,0.0,0.07142857142857142,0.5714285714285714,0.4865737168028681,0.38399231912256193,0.33352316803914545,0.4332923681003249,NaN,NaN,NaN,NaN,4.821428571428571,5.507374041334838,2.282422322582363,0.9712902994997645,4.666666666666666,0.23214285714285715,0.38563772407486824,4.0,10.0,1.8919308357348703,0.8602952718720248,0.04411764705882353,0.0
714,1,67.0,255.0,3.8059701492537314,0.057666214382632294,0.15151515151515152,0.10606060606060606,0.23214285714285715,0.625,0.25,0.39285714285714285,0.208955223880597,0.0,0.07142857142857142,0.6428571428571429,0.47158086410880456,0.4085227705727745,0.3477144383394384,0.458701345255162,NaN,NaN,NaN,NaN,4.553571428571429,5.582178274268414,2.440072076001426,1.2881816100255838,6.0,0.2857142857142857,0.4992141061866381,7.0,11.0,2.1191275167785233,1.2705731825768916,0.04477611940298507,0.0
715,1,67.0,263.0,3.925373134328358,0.05947535052012664,0.16666666666666666,0.07575757575757576,0.2727272727272727,0.6363636363636364,0.21818181818181817,0.43636363636363634,0.208955223880597,0.0,0.07142857142857142,0.5714285714285714,0.5495923861041015,0.39634107906002325,0.3505627705627705,0.4485042196334957,NaN,NaN,NaN,NaN,4.781818181818182,5.769302252859396,2.3034379338649127,1.0549217685481,5.083333333333334,0.23636363636363636,0.3389825036775277,5.0,8.0,2.1432506887052343,1.0629185120579037,0.029850746268656716,0.0
716,1,67.0,294.0,4.388059701492537,0.06648575305291723,0.16666666666666666,0.12121212121212122,0.2545454545454545,0.6,0.18181818181818182,0.4,0.208955223880597,0.0,0.07142857142857142,0.6428571428571429,0.47935544088982335,0.392765069758574,0.3277034077034077,0.4399085037040798,NaN,NaN,NaN,NaN,5.345454545454546,6.771996209385579,2.2544584622103985,0.8959840428468184,4.333333333333334,0.3090909090909091,0.34800497329556107,4.0,9.0,1.7788461538461537,0.7393389280814711,0.029850746268656716,0.0
717,1,66.0,209.0,3.1666666666666665,0.04871794871794872,0.16923076923076924,0.046153846153846156,0.2962962962962963,0.6111111111111112,0.25925925925925924,0.4074074074074074,0.21212121212121213,0.0,0.07142857142857142,0.5714285714285714,0.5209454990356549,0.41639871164684084,0.3550191064079953,0.4586894118968477,NaN,NaN,NaN,NaN,3.8703703703703702,5.593278635824736,2.361003717176736,1.1580840440257387,5.875,0.24074074074074073,0.4375907110537553,6.0,9.0,2.0126315789473685,1.1600998525028083,0.0,0.0
718,1,67.0,299.0,4.462686567164179,0.0676164631388512,0.15151515151515152,0.015151515151515152,0.25,0.6428571428571429,0.26785714285714285,0.4107142857142857,0.208955223880597,0.0,0.0,0.7142857142857143,0.5327794147628617,0.4100686573068701,0.34023407148407153,0.45926490958693916,NaN,NaN,NaN,NaN,5.339285714285714,7.779405879895703,2.2672359888710933,0.9269505885858861,5.0,0.21428571428571427,0.40550331909463383,5.0,10.0,1.95593635250918,0.925148178837735,0.08955223880597014,0.0
719,1,68.0,299.0,4.397058823529412,0.06562774363476734,0.16417910447761194,0.08955223880597014,0.25,0.625,0.21428571428571427,0.42857142857142855,0.20588235294117646,0.0,0.0,0.6428571428571429,0.5248824199514801,0.3901864268075661,0.3498381804961773,0.4488930044433706,NaN,NaN,NaN,NaN,5.339285714285714,6.0701259106734,2.264553177034781,0.9403875003682549,4.888888888888889,0.26785714285714285,0.36448353924722326,4.0,9.0,1.6940993788819876,0.7572742904108044,0.029411764705882353,0.0
72,1,68.0,304.0,4.470588235294118,0.06672519754170325,0.16417910447761194,0.05970149253731343,0.21428571428571427,0.625,0.23214285714285715,0.42857142857142855,0.20588235294117646,0.0,0.0,0.6428571428571429,0.5145603576444034,0.40061502015200234,0.3495358560090703,0.4535522501288545,NaN,NaN,NaN,NaN,5.428571428571429,6.9618627153609145,2.265673372985969,0.933335551027215,4.466666666666667,0.30357142857142855,0.3691995344857177,5.0,11.0,1.9217391304347826,0.882436110478462,0.0,0.0
720,1,67.0,309.0,4.611940298507463,0.06987788331071913,0.16666666666666666,0.0,0.23636363636363636,0.6363636363636364,0.23636363636363636,0.43636363636363634,0.208955223880597,0.0,0.07142857142857142,0.5714285714285714,0.5200655201276168,0.38897978151293444,0.3625444757262939,0.4552630344311258,NaN,NaN,NaN,NaN,5.618181818181818,7.713602485198682,2.3489801287710486,1.136474340869955,5.25,0.2909090909090909,0.4725097451581569,5.0,12.0,2.1355555555555554,1.0069073026618454,0.05970149253731343,0.0
721,1,66.0,235.0,3.5606060606060606,0.054778554778554776,0.15384615384615385,0.12307692307692308,0.2727272727272727,0.6,0.2545454545454545,0.43636363636363634,0.21212121212121213,0.0,0.0,0.5714285714285714,0.4811244772543473,0.39098186504078525,0.344840613931523,0.4506948200040144,NaN,NaN,NaN,NaN,4.2727272727272725,4.7898602216307875,2.3449326497849925,1.049898732757979,5.363636363636363,0.2727272727272727,0.40417013747146596,6.0,11.0,1.9574468085106382,1.0519192671446567,0.09090909090909091,0.0
722,1,67.0,258.0,3.8507462686567164,0.05834464043419267,0.15151515151515152,0.10606060606060606,0.2857142857142857,0.6428571428571429,0.23214285714285715,0.39285714285714285,0.208955223880597,0.0,0.0,0.7142857142857143,0.5231893120829539,0.4042718224897586,0.3450713618780846,0.45795962819939157,NaN,NaN,NaN,NaN,4.607142857142857,4.539437576010216,2.2927123293320193,0.9571219675833609,4.555555555555555,0.23214285714285715,0.42676691223361435,6.0,12.0,2.08,1.105015228502189,0.1044776119402985,0.0
723,1,67.0,204.0,3.044776119402985,0.04613297150610583,0.16666666666666666,0.13636363636363635,0.3090909090909091,0.6181818181818182,0.2545454545454545,0.4,0.208955223880597,0.0,0.07142857142857142,0.6428571428571429,0.5223619769119769,0.424908226995033,0.35523809523809524,0.46484857499064985,NaN,NaN,NaN,NaN,3.709090909090909,3.386644396649915,2.4018696546157106,1.2378851105805588,6.045454545454546,0.21818181818181817,0.43279038890369587,6.0,10.0,2.475,1.3424570471034385,0.1044776119402985,0.0
724,1,68.0,249.0,3.661764705882353,0.05465320456540825,0.16417910447761194,0.1044776119402985,0.25,0.6071428571428571,0.23214285714285715,0.42857142857142855,0.20588235294117646,0.0,0.07142857142857142,0.5714285714285714,0.553059138565793,0.40685000252503056,0.3523313492063492,0.4459616706268264,NaN,NaN,NaN,NaN,4.446428571428571,5.453671466776529,2.265741663341246,0.9495880762981432,4.888888888888889,0.2857142857142857,0.33867380953803006,4.0,7.0,1.6947791164658634,0.7994042370483707,0.029411764705882353,0.0
725,1,64.0,247.0,3.859375,0.06125992063492063,0.15873015873015872,0.047619047619047616,0.2641509433962264,0.5849056603773585,0.22641509433962265,0.4339622641509434,0.21875,0.0,0.07142857142857142,0.6428571428571429,0.5673007086575814,0.42955395103568234,0.3637542680740298,0.45697457310680806,NaN,NaN,NaN,NaN,4.660377358490566,6.880695951569075,2.2471217341268734,0.8604005306721558,4.549019607843137,0.20754716981132076,0.3176796756619913,3.0,6.0,1.4435695538057742,0.644892372511275,0.0,0.0
726,1,68.0,292.0,4.294117647058823,0.06409130816505706,0.16417910447761194,0.1044776119402985,0.25,0.625,0.16071428571428573,0.4107142857142857,0.20588235294117646,0.0,0.0,0.6428571428571429,0.4692968227517581,0.3857719751643961,0.32808248299319726,0.4328439494787665,NaN,NaN,NaN,NaN,5.214285714285714,6.624237275378916,2.290141347439039,1.004486579588098,5.15,0.26785714285714285,0.3590900892424511,5.0,9.0,1.9022556390977443,0.963682864570027,0.029411764705882353,0.0
727,1,66.0,237.0,3.590909090909091,0.05524475524475524,0.16923076923076924,0.12307692307692308,0.2777777777777778,0.5925925925925926,0.24074074074074073,0.42592592592592593,0.21212121212121213,0.0,0.0,0.5714285714285714,0.4847924300740797,0.40630236651781215,0.35658436213991773,0.4520829758912615,NaN,NaN,NaN,NaN,4.388888888888889,5.5877786677938115,2.309319463612771,1.01779592504639,4.9375,0.2777777777777778,0.3914823293738362,4.0,9.0,1.6613636363636364,0.8107242211034438,0.07575757575757576,0.0
728,1,68.0,280.0,4.117647058823529,0.061457418788410885,0.16417910447761194,0.11940298507462686,0.23214285714285715,0.6071428571428571,0.19642857142857142,0.39285714285714285,0.20588235294117646,0.0,0.0,0.7142857142857143,0.4938142752578507,0.4041461604015166,0.33860155621388344,0.450773425450777,NaN,NaN,NaN,NaN,5.0,6.114067237266711,2.2719526633673444,0.9558419747286948,5.083333333333334,0.2857142857142857,0.3311110310330085,4.0,8.0,1.85,0.8763889907603525,0.0,0.0
729,1,66.0,250.0,3.787878787878788,0.05827505827505827,0.15384615384615385,0.12307692307692308,0.2545454545454545,0.6181818181818182,0.23636363636363636,0.4,0.21212121212121213,0.0,0.07142857142857142,0.5714285714285714,0.5295953240285537,0.39319646214363624,0.3603030303030303,0.45712231604016323,NaN,NaN,NaN,NaN,4.545454545454546,4.475522654428533,2.31316474957826,0.9875800337438245,4.705882352941177,0.2909090909090909,0.4673184926155809,4.0,11.0,1.9434850863422293,0.9007033093245389,0.10606060606060606,0.0
73,1,67.0,232.0,3.462686567164179,0.052464947987336044,0.16666666666666666,0.10606060606060606,0.2545454545454545,0.6181818181818182,0.21818181818181817,0.45454545454545453,0.208955223880597,0.0,0.07142857142857142,0.6428571428571429,0.5025095704972723,0.41200563621135144,0.3484506721348826,0.4425076506886225,NaN,NaN,NaN,NaN,4.218181818181818,4.848409090317226,2.2702820691487893,0.9588751228346687,4.621212121212121,0.2727272727272727,0.44200870044242796,5.0,10.0,1.8786828422876949,0.8615109052480713,0.07462686567164178,0.0
730,1,64.0,277.0,4.328125,0.06870039682539683,0.15873015873015872,0.0,0.2641509433962264,0.6037735849056604,0.1509433962264151,0.39622641509433965,0.21875,0.0,0.0,0.5714285714285714,0.5237219723024189,0.38582887379539454,0.3284660589193493,0.4389624541162431,NaN,NaN,NaN,NaN,5.226415094339623,7.207478779909426,2.332000090757651,1.0223165780691927,5.151515151515151,0.3018867924528302,0.39338212077618606,5.0,12.0,2.2665847665847667,1.1595642741322782,0.046875,0.0
731,1,65.0,257.0,3.953846153846154,0.061778846153846156,0.171875,0.078125,0.2641509433962264,0.5849056603773585,0.22641509433962265,0.4716981132075472,0.2153846153846154,0.0,0.07142857142857142,0.6428571428571429,0.5966108935832773,0.40699987702254353,0.3654162923030848,0.4429145677409201,NaN,NaN,NaN,NaN,4.849056603773585,6.6978648331880715,2.2593807758518274,0.9071803722514873,4.25,0.3018867924528302,0.4568062877255293,4.0,11.0,1.71976401179941,0.620614792914633,0.09230769230769231,0.0
732,1,66.0,203.0,3.0757575757575757,0.04731934731934732,0.16923076923076924,0.1076923076923077,0.24074074074074073,0.6481481481481481,0.25925925925925924,0.42592592592592593,0.21212121212121213,0.0,0.07142857142857142,0.5714285714285714,0.4995105738736403,0.4197460283247898,0.3645259575815131,0.46221024788393944,NaN,NaN,NaN,NaN,3.759259259259259,3.39219517719657,2.3341442224730615,1.129263362474541,5.8,0.2777777777777778,0.5231549854498703,6.0,11.0,2.0366300366300365,1.038053399898627,0.09090909090909091,0.0
733,1,63.0,188.0,2.984126984126984,0.048131080389144903,0.16129032258064516,0.14516129032258066,0.28846153846153844,0.5961538461538461,0.21153846153846154,0.38461538461538464,0.2222222222222222,0.0,0.0,0.6428571428571429,0.44802892806219263,0.38612812184864226,0.32256701631701634,0.43505291384082484,NaN,NaN,NaN,NaN,3.6153846153846154,4.9829271110732165,2.31155030804511,1.0221002488181639,5.4,0.2692307692307692,0.4284261184636836,5.0,10.0,2.088,1.0461572012750087,0.1111111111111111,0.0
734,1,67.0,314.0,4.686567164179104,0.0710085933966531,0.16666666666666666,0.030303030303030304,0.23636363636363636,0.6363636363636364,0.23636363636363636,0.4727272727272727,0.208955223880597,0.0,0.07142857142857142,0.7142857142857143,0.5251257197335407,0.39347924638087095,0.36149683707412017,0.45033718127740996,NaN,NaN,NaN,NaN,5.709090909090909,7.830786175168629,2.291313534356966,1.012646669458522,5.423076923076923,0.2727272727272727,0.47933695653584596,5.0,8.0,1.768809849521204,0.8192285584112361,0.0,0.0
735,1,68.0,278.0,4.088235294117647,0.061018437225636525,0.16417910447761194,0.029850746268656716,0.25,0.6071428571428571,0.21428571428571427,0.44642857142857145,0.20588235294117646,0.0,0.07142857142857142,0.5714285714285714,0.5506678699723974,0.3996621121004125,0.34851899092970523,0.4515631483628184,NaN,NaN,NaN,NaN,4.964285714285714,5.932849340637373,2.3002062757207575,0.9967507163684142,5.272727272727273,0.25,0.3956587171566842,6.0,11.0,2.0842105263157893,1.0808005415860686,0.07352941176470588,0.0
736,1,66.0,265.0,4.015151515151516,0.06177156177156177,0.16923076923076924,0.1076923076923077,0.25925925925925924,0.6296296296296297,0.25925925925925924,0.42592592592592593,0.21212121212121213,0.0,0.07142857142857142,0.6428571428571429,0.5347782799824092,0.4290028970893078,0.3600267626430417,0.4619900938641789,NaN,NaN,NaN,NaN,4.907407407407407,7.536749007660559,2.227251810728147,0.9040870883469146,4.8,0.18518518518518517,0.3336606986588718,4.0,8.0,1.505938242280285,0.7323074334794668,0.0,0.0
737,1,67.0,331.0,4.940298507462686,0.07485300768882859,0.15151515151515152,0.09090909090909091,0.19642857142857142,0.6428571428571429,0.23214285714285715,0.42857142857142855,0.208955223880597,0.0,0.0,0.5714285714285714,0.5138405835833971,0.3979114785542282,0.3494627396413111,0.4533648044298821,NaN,NaN,NaN,NaN,5.910714285714286,8.535011925675825,2.22931379106487,0.844716694376914,4.157894736842105,0.26785714285714285,0.3732556257314325,4.0,11.0,1.7544529262086515,0.7328588247520147,0.08955223880597014,0.0
738,1,65.0,200.0,3.076923076923077,0.04807692307692308,0.171875,0.1875,0.24528301886792453,0.5849056603773585,0.24528301886792453,0.41509433962264153,0.2153846153846154,0.0,0.07142857142857142,0.5714285714285714,0.5574414206076942,0.41729304757299757,0.3418238993710692,0.45224242611893284,NaN,NaN,NaN,NaN,3.7735849056603774,4.344056547274866,2.339464199845325,1.13604425258385,5.833333333333334,0.3018867924528302,0.33783419101641954,5.0,7.0,1.9054726368159205,1.1126208194070732,0.0,0.0
739,1,67.0,256.0,3.8208955223880596,0.05789235639981909,0.16666666666666666,0.13636363636363635,0.2727272727272727,0.6181818181818182,0.2727272727272727,0.45454545454545453,0.208955223880597,0.0,0.07142857142857142,0.6428571428571429,0.5463153890665461,0.4075017219696985,0.36432399018605915,0.46166832273231606,NaN,NaN,NaN,NaN,4.654545454545454,5.774202467996262,2.305427777547696,1.0281674027590981,5.181818181818182,0.2545454545454545,0.3750276562836067,4.0,9.0,1.8587479935794542,0.8482721453237411,0.04477611940298507,0.0
74,1,68.0,257.0,3.7794117647058822,0.056409130816505705,0.16417910447761194,0.08955223880597014,0.26785714285714285,0.6071428571428571,0.25,0.4107142857142857,0.20588235294117646,0.0,0.07142857142857142,0.5714285714285714,0.5044250422201552,0.40832573616466267,0.3470205389848247,0.45147494211439243,NaN,NaN,NaN,NaN,4.589285714285714,5.231988273945316,2.2154867217068346,0.846366015798075,4.6,0.21428571428571427,0.36371310621747144,4.0,8.0,1.638996138996139,0.7193004849198656,0.029411764705882353,0.0
740,1,67.0,304.0,4.537313432835821,0.06874717322478517,0.16666666666666666,0.06060606060606061,0.21818181818181817,0.6181818181818182,0.21818181818181817,0.43636363636363634,0.208955223880597,0.0,0.07142857142857142,0.6428571428571429,0.5433570638026635,0.3896589809662466,0.3561714548078184,0.44546413293497306,NaN,NaN,NaN,NaN,5.527272727272727,7.7456189419963595,2.218827864082232,0.8528852244811576,4.171428571428571,0.2909090909090909,0.32802414145530356,4.0,8.0,1.6253968253968254,0.6714643026161846,0.029850746268656716,0.0
741,1,66.0,258.0,3.909090909090909,0.06013986013986014,0.15384615384615385,0.06153846153846154,0.3090909090909091,0.6181818181818182,0.23636363636363636,0.41818181818181815,0.21212121212121213,0.0,0.07142857142857142,0.5714285714285714,0.5485887817929492,0.3990221956896981,0.3527614370697375,0.45761529645910876,NaN,NaN,NaN,NaN,4.6909090909090905,5.080364259588185,2.3049074237151363,0.963212467677169,4.454545454545455,0.21818181818181817,0.3930107460888155,5.0,11.0,1.9932065217391304,0.9352987318685724,0.10606060606060606,0.0
742,1,67.0,297.0,4.432835820895522,0.06716417910447761,0.15151515151515152,0.13636363636363635,0.25,0.625,0.125,0.42857142857142855,0.208955223880597,0.0,0.0,0.5714285714285714,0.43096839732375897,0.38616696482472446,0.32689200680272107,0.42141981784083027,NaN,NaN,NaN,NaN,5.303571428571429,6.06905606815768,2.373111357855728,1.1461356301051322,6.2727272727272725,0.25,0.3708145697889191,6.0,9.0,2.0088495575221237,1.1503945137023115,0.05970149253731343,0.0
743,1,68.0,295.0,4.338235294117647,0.06474978050921862,0.16417910447761194,0.07462686567164178,0.23214285714285715,0.625,0.23214285714285715,0.44642857142857145,0.20588235294117646,0.0,0.0,0.6428571428571429,0.5149507976954435,0.3886923483562272,0.3527434658073756,0.44710834443948644,NaN,NaN,NaN,NaN,5.267857142857143,6.994780057439123,2.2501281972182614,0.919474663433129,4.514285714285714,0.2857142857142857,0.3496195379355525,4.0,9.0,1.8921052631578947,0.8349675398445942,0.029411764705882353,0.0
744,1,67.0,286.0,4.268656716417911,0.06467661691542288,0.15151515151515152,0.10606060606060606,0.17857142857142858,0.6071428571428571,0.14285714285714285,0.4642857142857143,0.208955223880597,0.0,0.0,0.6428571428571429,0.47896529011415856,0.3664254428916212,0.32342390399455617,0.4152167365035813,NaN,NaN,NaN,NaN,5.107142857142857,6.626883461747642,2.303331309716109,0.9723380067964806,4.875,0.3392857142857143,0.48442932449704934,5.0,11.0,1.8006088280060883,0.8253600068809566,0.1044776119402985,0.0
745,1,68.0,211.0,3.1029411764705883,0.046312554872695345,0.16417910447761194,0.08955223880597014,0.26785714285714285,0.625,0.25,0.44642857142857145,0.20588235294117646,0.0,0.07142857142857142,0.5714285714285714,0.5167750469239908,0.3954266418335384,0.34989087301587307,0.4517398019936997,NaN,NaN,NaN,NaN,3.767857142857143,4.186519801929527,2.2980863100963544,1.0086595580074689,4.87037037037037,0.25,0.384417181704888,7.0,12.0,2.194074074074074,1.1397695484548653,0.0,0.0
746,1,65.0,260.0,4.0,0.0625,0.140625,0.109375,0.2727272727272727,0.6,0.2,0.41818181818181815,0.2153846153846154,0.0,0.07142857142857142,0.6428571428571429,0.494672067932363,0.39382411124138994,0.3361742424242425,0.4406952338154343,NaN,NaN,NaN,NaN,4.7272727272727275,5.841912882604988,2.3384715340197144,0.9737733386298356,4.916666666666666,0.2909090909090909,0.44267181275367246,5.0,11.0,1.941860465116279,0.8977364537140077,0.07692307692307693,0.0
747,1,65.0,235.0,3.6153846153846154,0.056490384615384616,0.15625,0.171875,0.2962962962962963,0.6111111111111112,0.16666666666666666,0.3888888888888889,0.2153846153846154,0.0,0.0,0.5714285714285714,0.5016701060876042,0.37995641650376305,0.3428175703502501,0.4485050327197857,NaN,NaN,NaN,NaN,4.351851851851852,4.256659188769536,2.3314397672756866,1.0435092445987635,5.0,0.16666666666666666,0.38129980649566403,4.0,9.0,1.7692307692307692,0.8504823091062897,0.06153846153846154,0.0
748,1,67.0,242.0,3.611940298507463,0.05472636815920398,0.16666666666666666,0.13636363636363635,0.2545454545454545,0.6363636363636364,0.2,0.41818181818181815,0.208955223880597,0.0,0.07142857142857142,0.6428571428571429,0.4816891151608292,0.3955679006627807,0.338490648107873,0.4382990960347849,NaN,NaN,NaN,NaN,4.4,4.580958980954227,2.2788183774382866,0.9885167431137828,4.695652173913043,0.2727272727272727,0.40565654278212254,4.0,9.0,1.8142361111111112,0.8184006288927089,0.05970149253731343,0.0
749,1,67.0,300.0,4.477611940298507,0.06784260515603799,0.16666666666666666,0.09090909090909091,0.2545454545454545,0.6,0.2545454545454545,0.43636363636363634,0.208955223880597,0.0,0.0,0.6428571428571429,0.5001504804689263,0.4035507750182018,0.3620303686212777,0.45712058116583104,NaN,NaN,NaN,NaN,5.454545454545454,6.951733548302851,2.325424725533893,1.0487736278509587,5.25,0.2727272727272727,0.4401629209558849,5.0,12.0,2.033047735618115,0.990214196932539,0.1044776119402985,0.0
75,1,61.0,262.0,4.295081967213115,0.0715846994535519,0.18333333333333332,0.0,0.2653061224489796,0.5714285714285714,0.24489795918367346,0.46938775510204084,0.22950819672131148,0.0,0.0,0.5714285714285714,0.5924532125672732,0.3885735486847326,0.3778845220574544,0.46000745792458514,NaN,NaN,NaN,NaN,5.346938775510204,8.330543750780825,2.290420220221148,0.9996169570892683,4.666666666666666,0.30612244897959184,0.43117924911855604,4.0,11.0,1.903713892709766,0.8039674113237666,0.04918032786885246,0.0
750,1,66.0,251.0,3.803030303030303,0.058508158508158506,0.16923076923076924,0.13846153846153847,0.2777777777777778,0.6296296296296297,0.25925925925925924,0.4444444444444444,0.19696969696969696,0.0,0.07692307692307693,0.6153846153846154,0.5502979262641098,0.421196219250096,0.36794249988694433,0.4616019737850236,NaN,NaN,NaN,NaN,4.648148148148148,5.3027490464226315,2.223019329061724,0.8798854431417389,4.464285714285714,0.2222222222222222,0.3505277792549299,4.0,9.0,1.725085910652921,0.720983438264774,0.07575757575757576,0.0
751,1,67.0,295.0,4.402985074626866,0.06671189507010403,0.16666666666666666,0.045454545454545456,0.2727272727272727,0.6181818181818182,0.2545454545454545,0.43636363636363634,0.208955223880597,0.0,0.0,0.6428571428571429,0.5593811492190749,0.39242293003944656,0.35813570487483526,0.45331588534916367,NaN,NaN,NaN,NaN,5.363636363636363,7.69647258396275,2.24955373670566,0.897492203738314,4.5,0.2727272727272727,0.4587071344856415,5.0,11.0,1.7774834437086093,0.7644429140818704,0.05970149253731343,0.0
752,1,67.0,268.0,4.0,0.06060606060606061,0.16666666666666666,0.10606060606060606,0.21818181818181817,0.6,0.18181818181818182,0.43636363636363634,0.208955223880597,0.0,0.07142857142857142,0.5714285714285714,0.5074925546899041,0.3824740339018918,0.3451587301587302,0.43885843956956117,NaN,NaN,NaN,NaN,4.872727272727273,5.709169186021097,2.2780574033737486,0.9625060574063283,4.611940298507463,0.32727272727272727,0.40745821557975104,4.0,11.0,1.808868501529052,0.7778603419798502,0.05970149253731343,0.0
753,1,67.0,260.0,3.8805970149253732,0.05879692446856626,0.15151515151515152,0.13636363636363635,0.25,0.625,0.17857142857142858,0.42857142857142855,0.208955223880597,0.0,0.0,0.7142857142857143,0.5002808510250885,0.38008388099471674,0.3325963718820862,0.43416524327201134,NaN,NaN,NaN,NaN,4.642857142857143,5.05759041236247,2.2790818281364618,0.9331222943971542,5.0,0.25,0.3347417908463373,4.0,7.0,1.7974882260596545,0.8076637450678377,0.05970149253731343,0.0
754,1,67.0,252.0,3.7611940298507465,0.05698778833107191,0.15151515151515152,0.12121212121212122,0.23214285714285715,0.6428571428571429,0.25,0.39285714285714285,0.208955223880597,0.0,0.07142857142857142,0.6428571428571429,0.4718918859321804,0.39777242452829303,0.33673260971055086,0.451705221742659,NaN,NaN,NaN,NaN,4.5,5.624621199366553,2.2935857196235463,0.9828013442760111,4.882352941176471,0.26785714285714285,0.40592914034550703,4.0,10.0,1.834162520729685,0.8326959099974769,0.08955223880597014,0.0
755,1,65.0,260.0,4.0,0.0625,0.15625,0.0,0.2962962962962963,0.6481481481481481,0.2222222222222222,0.42592592592592593,0.2153846153846154,0.0,0.07142857142857142,0.6428571428571429,0.5312442695864283,0.3963592243403725,0.34635793921024277,0.45047611510109836,NaN,NaN,NaN,NaN,4.814814814814815,6.9826579630689585,2.3450029864364232,1.102626322380343,6.090909090909091,0.2222222222222222,0.4756011668795838,6.0,10.0,2.0881971465629054,1.1119204131765001,0.03076923076923077,0.0
756,1,67.0,232.0,3.462686567164179,0.052464947987336044,0.15151515151515152,0.12121212121212122,0.2857142857142857,0.6428571428571429,0.19642857142857142,0.39285714285714285,0.208955223880597,0.0,0.0,0.6428571428571429,0.4996029082445112,0.39678646047435906,0.33627286059351275,0.4395648233437537,NaN,NaN,NaN,NaN,4.142857142857143,5.075533367148615,2.262900823861415,0.9109241979197357,4.694444444444445,0.19642857142857142,0.3748943136158361,4.0,11.0,1.7918968692449355,0.7937536892725116,0.07462686567164178,0.0
757,1,66.0,278.0,4.212121212121212,0.0648018648018648,0.16923076923076924,0.015384615384615385,0.25925925925925924,0.6111111111111112,0.2777777777777778,0.4444444444444444,0.21212121212121213,0.0,0.07142857142857142,0.5714285714285714,0.5658532866934629,0.3962474560802508,0.3658491373094656,0.46217358500164585,NaN,NaN,NaN,NaN,5.148148148148148,7.634102750672584,2.2893661387422206,0.9870533612283198,5.277777777777778,0.2962962962962963,0.4418091600159965,4.0,9.0,1.68,0.7200445172659404,0.07575757575757576,0.0
758,1,67.0,248.0,3.701492537313433,0.05608322026232474,0.16666666666666666,0.13636363636363635,0.2909090909090909,0.6363636363636364,0.16363636363636364,0.4,0.208955223880597,0.0,0.0,0.7142857142857143,0.4963279805391065,0.37576354573335474,0.33595959595959596,0.43251691127454334,NaN,NaN,NaN,NaN,4.509090909090909,4.0500239014965835,2.303618039582973,1.0443228861032339,5.291666666666666,0.23636363636363636,0.43025864221757976,5.0,11.0,1.9210526315789473,0.9310766175434019,0.11940298507462686,0.0
759,1,66.0,217.0,3.287878787878788,0.05058275058275058,0.16923076923076924,0.16923076923076924,0.2962962962962963,0.5925925925925926,0.2222222222222222,0.4444444444444444,0.21212121212121213,0.0,0.07142857142857142,0.5714285714285714,0.5364206844512525,0.39400314576652556,0.3555828944717834,0.4466023406880813,NaN,NaN,NaN,NaN,4.018518518518518,2.9999417650998192,2.3052229631296206,0.9957304660614592,4.837837837837838,0.2777777777777778,0.4782991760906485,6.0,13.0,2.092511013215859,1.0037955953803546,0.10606060606060606,0.0
76,1,63.0,201.0,3.1904761904761907,0.05145929339477726,0.16129032258064516,0.04838709677419355,0.3076923076923077,0.6153846153846154,0.28846153846153844,0.4230769230769231,0.2222222222222222,0.0,0.07142857142857142,0.6428571428571429,0.6349493125652628,0.406703305142379,0.3675765473842396,0.467755187390138,NaN,NaN,NaN,NaN,3.8653846153846154,6.4808279734706336,2.3269684987574175,1.0223768952520764,5.0,0.21153846153846154,0.3616245381245434,4.0,9.0,2.007029876977153,0.9173329764042893,0.031746031746031744,0.0
760,1,68.0,240.0,3.5294117647058822,0.05267778753292362,0.16417910447761194,0.11940298507462686,0.26785714285714285,0.6428571428571429,0.2857142857142857,0.375,0.20588235294117646,0.0,0.07142857142857142,0.5714285714285714,0.5175953426012166,0.4126785701139957,0.3422619047619047,0.46341632443699016,NaN,NaN,NaN,NaN,4.285714285714286,5.083714768174533,2.316011107203482,1.0625928647687193,5.166666666666666,0.25,0.39313609394641547,5.0,9.0,1.8389662027833003,0.983890422454302,0.0,0.0
761,1,67.0,344.0,5.134328358208955,0.0777928539122569,0.16666666666666666,0.015151515151515152,0.23636363636363636,0.6181818181818182,0.2,0.43636363636363634,0.208955223880597,0.0,0.0,0.5714285714285714,0.4682793716511004,0.3963487938389594,0.33582061213640163,0.4413292335824053,NaN,NaN,NaN,NaN,6.254545454545455,8.367083172054693,2.2813054015545413,0.9558348170749416,4.5,0.3090909090909091,0.387023935364011,4.0,10.0,1.7216216216216216,0.7843651959134147,0.08955223880597014,0.0
762,1,64.0,190.0,2.96875,0.04712301587301587,0.1746031746031746,0.1111111111111111,0.2692307692307692,0.6346153846153846,0.28846153846153844,0.46153846153846156,0.203125,0.0,0.07692307692307693,0.5384615384615384,0.5607064706127207,0.40904196857689007,0.3953296703296703,0.46760959434538857,NaN,NaN,NaN,NaN,3.6538461538461537,4.153357325574877,2.2812251847854528,1.0505996702345053,5.083333333333334,0.23076923076923078,0.48098424528610007,6.0,9.0,2.308231173380035,1.2137742452346472,0.03125,0.0
763,1,66.0,268.0,4.0606060606060606,0.06247086247086247,0.15384615384615385,0.07692307692307693,0.2727272727272727,0.6181818181818182,0.2545454545454545,0.4,0.21212121212121213,0.0,0.0,0.6428571428571429,0.5218231221129573,0.40170627883915305,0.3538644762480682,0.46385531320972767,NaN,NaN,NaN,NaN,4.872727272727273,6.420610751653026,2.3014864831669923,0.9594209872550942,4.625,0.2545454545454545,0.42635836617774736,4.0,12.0,1.9004037685060566,0.7827571345123486,0.10606060606060606,0.0
764,1,67.0,257.0,3.8358208955223883,0.05811849841700588,0.16666666666666666,0.12121212121212122,0.2909090909090909,0.6,0.21818181818181817,0.4,0.208955223880597,0.0,0.07142857142857142,0.5714285714285714,0.5022461547802441,0.3929364375852358,0.335950459928788,0.4478600909300319,NaN,NaN,NaN,NaN,4.672727272727273,4.619020841623637,2.29276600885548,0.9788354870164753,4.75,0.23636363636363636,0.34664582430243096,4.0,10.0,1.8220472440944881,0.7931999427534223,0.07462686567164178,0.0
765,1,67.0,257.0,3.8358208955223883,0.05811849841700588,0.15151515151515152,0.12121212121212122,0.25,0.6607142857142857,0.19642857142857142,0.39285714285714285,0.208955223880597,0.0,0.0,0.5714285714285714,0.48335518127752447,0.41515469511472447,0.3401785714285714,0.4485128114245527,NaN,NaN,NaN,NaN,4.589285714285714,6.107452335137296,2.2326821214434722,0.9021718291319958,4.846153846153847,0.17857142857142858,0.3795998978801465,4.0,7.0,1.4975369458128078,0.7226452384171265,0.04477611940298507,0.0
766,1,67.0,272.0,4.059701492537314,0.06151062867480778,0.16666666666666666,0.10606060606060606,0.2727272727272727,0.6363636363636364,0.23636363636363636,0.41818181818181815,0.208955223880597,0.0,0.07142857142857142,0.6428571428571429,0.5492042386580027,0.40858670604535446,0.35347225501770957,0.45418069531436633,NaN,NaN,NaN,NaN,4.945454545454545,6.090120055430951,2.2191192547181826,0.8640550882852641,4.136363636363637,0.18181818181818182,0.38201645203541973,3.0,10.0,1.6393700787401575,0.5975973819926801,0.07462686567164178,0.0
767,1,66.0,256.0,3.878787878787879,0.059673659673659674,0.16923076923076924,0.046153846153846156,0.25925925925925924,0.5925925925925926,0.2037037037037037,0.42592592592592593,0.21212121212121213,0.0,0.0,0.7142857142857143,0.5565555824095756,0.40111115932258046,0.35409101912369884,0.4466538776549345,NaN,NaN,NaN,NaN,4.7407407407407405,5.464068513842889,2.263475017831704,0.930865418485758,4.714285714285714,0.2777777777777778,0.3896642854710334,6.0,9.0,1.8544520547945205,0.9736039613272255,0.030303030303030304,0.0
768,1,64.0,176.0,2.75,0.04365079365079365,0.15873015873015872,0.1746031746031746,0.32075471698113206,0.5849056603773585,0.2641509433962264,0.39622641509433965,0.21875,0.0,0.07142857142857142,0.5714285714285714,0.5200051873719439,0.3958232951901828,0.3512353998203055,0.4582858760850082,NaN,NaN,NaN,NaN,3.3207547169811322,2.4866844229713743,2.37531685500052,1.0899421783599752,5.111111111111111,0.2830188679245283,0.44586525984367736,5.0,11.0,2.142023346303502,1.06570890455108,0.03125,0.0
769,1,67.0,280.0,4.17910447761194,0.06331976481230213,0.16666666666666666,0.045454545454545456,0.2545454545454545,0.6,0.18181818181818182,0.45454545454545453,0.208955223880597,0.0,0.0,0.5714285714285714,0.5342181233967833,0.39974827266339963,0.3412193362193362,0.43963081811524085,NaN,NaN,NaN,NaN,5.090909090909091,5.75188448112226,2.25589520751512,0.908125279888531,4.7,0.2727272727272727,0.35341895374344606,5.0,9.0,1.9355300859598854,0.9598084262075067,0.0,0.0
77,1,67.0,252.0,3.7611940298507465,0.05698778833107191,0.16666666666666666,0.12121212121212122,0.23636363636363636,0.6363636363636364,0.2545454545454545,0.41818181818181815,0.19402985074626866,0.0,0.15384615384615385,0.6153846153846154,0.5356402957851589,0.41856905554608026,0.3664444444444444,0.45931827826669996,NaN,NaN,NaN,NaN,4.581818181818182,5.785329175598711,2.1932282181404217,0.8381221522417563,4.318181818181818,0.23636363636363636,0.38889865576766713,4.0,9.0,1.806282722513089,0.8440426593705617,0.05970149253731343,0.0
770,1,67.0,261.0,3.8955223880597014,0.059023066485753055,0.16666666666666666,0.045454545454545456,0.2545454545454545,0.6181818181818182,0.18181818181818182,0.45454545454545453,0.208955223880597,0.0,0.07142857142857142,0.5714285714285714,0.5086677135055756,0.39493177510364885,0.3536277056277056,0.4326643380484526,NaN,NaN,NaN,NaN,4.745454545454545,5.2182662858753215,2.2498379260849104,0.9208356994417098,4.583333333333334,0.2545454545454545,0.3713067000637359,4.0,10.0,1.7137931034482758,0.7486195184284499,0.04477611940298507,0.0
771,1,68.0,283.0,4.161764705882353,0.06211589113257243,0.16417910447761194,0.014925373134328358,0.23214285714285715,0.6428571428571429,0.23214285714285715,0.42857142857142855,0.20588235294117646,0.0,0.14285714285714285,0.5714285714285714,0.5531601555331503,0.4099127221280336,0.35656850459482037,0.4507162462990589,NaN,NaN,NaN,NaN,5.053571428571429,6.576596640863979,2.204146839271488,0.8565501188463819,4.541666666666666,0.25,0.371246880256615,4.0,8.0,1.7704678362573099,0.7507570120911929,0.029411764705882353,0.0
772,1,67.0,304.0,4.537313432835821,0.06874717322478517,0.16666666666666666,0.10606060606060606,0.21818181818181817,0.6363636363636364,0.18181818181818182,0.41818181818181815,0.208955223880597,0.0,0.0,0.6428571428571429,0.5411909291838954,0.385521846461535,0.3488131737543503,0.4466081943687043,NaN,NaN,NaN,NaN,5.527272727272727,6.705041070536092,2.27086503138198,0.9633387798388663,4.75,0.2909090909090909,0.3594758134900401,6.0,9.0,1.9925,1.056569531061472,0.08955223880597014,0.0
773,1,67.0,278.0,4.149253731343284,0.06286748077792854,0.16666666666666666,0.07575757575757576,0.2727272727272727,0.6363636363636364,0.18181818181818182,0.41818181818181815,0.208955223880597,0.0,0.0,0.6428571428571429,0.5322066446213927,0.39428882982474334,0.34747906876249124,0.44707023533416307,NaN,NaN,NaN,NaN,5.054545454545455,6.48193553003177,2.3023986867225164,1.030721340071135,5.272727272727273,0.2545454545454545,0.3249802395655259,6.0,9.0,2.015267175572519,1.0736255193153668,0.04477611940298507,0.0
774,1,67.0,245.0,3.656716417910448,0.05540479421076436,0.16666666666666666,0.015151515151515152,0.23636363636363636,0.6545454545454545,0.21818181818181817,0.43636363636363634,0.208955223880597,0.0,0.0,0.5714285714285714,0.515533966330363,0.3917993330900404,0.34537407037407036,0.4460617232227044,NaN,NaN,NaN,NaN,4.454545454545454,5.934263915220507,2.2517667711381737,0.9543442910755774,4.583333333333334,0.2545454545454545,0.3903420379946756,5.0,9.0,2.0042194092827006,0.9077036044226683,0.04477611940298507,0.0
775,1,68.0,240.0,3.5294117647058822,0.05267778753292362,0.16417910447761194,0.04477611940298507,0.26785714285714285,0.6428571428571429,0.19642857142857142,0.42857142857142855,0.20588235294117646,0.0,0.0,0.5714285714285714,0.5220334108711256,0.4003046509637251,0.3385355047816228,0.4394738929703895,NaN,NaN,NaN,NaN,4.285714285714286,4.630783502190083,2.246772449200421,0.9192839167008345,4.7,0.23214285714285715,0.38546694882940813,4.0,8.0,1.8689547581903276,0.8013584166978475,0.04411764705882353,0.0
776,1,68.0,322.0,4.735294117647059,0.07067603160667252,0.16417910447761194,0.05970149253731343,0.19642857142857142,0.625,0.14285714285714285,0.44642857142857145,0.20588235294117646,0.0,0.0,0.5714285714285714,0.49089967071052026,0.37947704725111653,0.32982751114799985,0.4247021320293989,NaN,NaN,NaN,NaN,5.75,7.395944834840239,2.205873800589787,0.8259800326278823,4.416666666666666,0.30357142857142855,0.31042682588498094,5.0,7.0,1.5823429541595926,0.7345417919268967,0.0,0.0
777,1,67.0,260.0,3.8805970149253732,0.05879692446856626,0.16666666666666666,0.015151515151515152,0.2727272727272727,0.6181818181818182,0.16363636363636364,0.43636363636363634,0.208955223880597,0.0,0.07142857142857142,0.5714285714285714,0.4735569046643645,0.3727048764610147,0.31557460346641336,0.4164989546600013,NaN,NaN,NaN,NaN,4.7272727272727275,6.816251129563779,2.2799291098889167,1.0036142276342488,5.387096774193548,0.23636363636363636,0.4091792128302722,5.0,8.0,1.846815834767642,0.9553538875764567,0.029850746268656716,0.0
778,1,67.0,256.0,3.8208955223880596,0.05789235639981909,0.16666666666666666,0.06060606060606061,0.23636363636363636,0.6181818181818182,0.21818181818181817,0.43636363636363634,0.208955223880597,0.0,0.0,0.5714285714285714,0.5800603557976587,0.3962825161686511,0.35860455201364294,0.45308331223530207,NaN,NaN,NaN,NaN,4.654545454545454,4.473039325568333,2.311869853788451,1.0269855779591814,4.71875,0.2909090909090909,0.4123725709074661,6.0,12.0,2.1172680412371134,1.0174786092686448,0.1044776119402985,0.0
779,1,68.0,268.0,3.9411764705882355,0.058823529411764705,0.16417910447761194,0.014925373134328358,0.21428571428571427,0.6071428571428571,0.2857142857142857,0.4642857142857143,0.20588235294117646,0.0,0.07142857142857142,0.5714285714285714,0.5673631388785806,0.40565627399712995,0.3659888722388723,0.45900743516848674,NaN,NaN,NaN,NaN,4.785714285714286,7.164849261154412,2.231996204045353,0.8665862289753958,4.607142857142858,0.30357142857142855,0.3889272215921843,4.0,8.0,1.7546848381601363,0.8102106673070844,0.058823529411764705,0.0
78,1,66.0,242.0,3.6666666666666665,0.05641025641025641,0.15384615384615385,0.12307692307692308,0.2909090909090909,0.6181818181818182,0.2,0.38181818181818183,0.21212121212121213,0.0,0.07142857142857142,0.6428571428571429,0.5150055701838252,0.4178998518343545,0.34310324019414934,0.45491218367592395,NaN,NaN,NaN,NaN,4.4,4.7516079149881225,2.330529621470807,1.0327404658050685,5.090909090909091,0.2727272727272727,0.3946007543672404,5.0,11.0,1.9496296296296296,0.8735202896614133,0.07575757575757576,0.0
780,1,66.0,234.0,3.5454545454545454,0.05454545454545454,0.16923076923076924,0.09230769230769231,0.2962962962962963,0.6296296296296297,0.14814814814814814,0.3888888888888889,0.21212121212121213,0.0,0.0,0.5714285714285714,0.4155413995600614,0.4009562697618103,0.3081104252400549,0.42186791437475823,NaN,NaN,NaN,NaN,4.333333333333333,5.302188939218388,2.3078469082959145,1.0517526161467345,5.076923076923077,0.18518518518518517,0.4280297820058696,5.0,10.0,1.933993399339934,0.9030341289081427,0.06060606060606061,0.0
781,1,68.0,372.0,5.470588235294118,0.08165057067603161,0.16417910447761194,0.05970149253731343,0.21428571428571427,0.6071428571428571,0.21428571428571427,0.42857142857142855,0.20588235294117646,0.0,0.0,0.6428571428571429,0.5081982699998825,0.3885739667339178,0.33915598290598287,0.44116515770024667,NaN,NaN,NaN,NaN,6.642857142857143,8.100344709676522,2.2997319549426862,0.9805169608828851,4.916666666666666,0.3392857142857143,0.39014418272621343,5.0,13.0,1.9190628328008519,0.9118087972970073,0.11764705882352941,0.0
782,1,68.0,256.0,3.764705882352941,0.056189640035118525,0.16417910447761194,0.07462686567164178,0.23214285714285715,0.6428571428571429,0.2857142857142857,0.42857142857142855,0.20588235294117646,0.0,0.0,0.6428571428571429,0.534696881192745,0.4039653324307653,0.3619489462451647,0.46353427007814785,NaN,NaN,NaN,NaN,4.571428571428571,5.294446980674076,2.2343513929890064,0.8963163361371869,4.4406779661016955,0.26785714285714285,0.3534981240734363,4.0,9.0,1.6543438077634012,0.6943719411730553,0.04411764705882353,0.0
783,1,68.0,251.0,3.6911764705882355,0.05509218612818262,0.16417910447761194,0.08955223880597014,0.25,0.6428571428571429,0.25,0.4107142857142857,0.20588235294117646,0.0,0.0,0.5714285714285714,0.5344395469566969,0.40269601954981504,0.3562232905982906,0.45667164461887805,NaN,NaN,NaN,NaN,4.482142857142857,5.708020103897105,2.2384055143835466,0.9034969028394646,4.448275862068965,0.23214285714285715,0.3731174603631806,5.0,10.0,1.9161184210526316,0.9315290431737765,0.029411764705882353,0.0
784,1,67.0,219.0,3.2686567164179103,0.04952510176390773,0.16666666666666666,0.045454545454545456,0.2545454545454545,0.6545454545454545,0.2909090909090909,0.45454545454545453,0.208955223880597,0.0,0.14285714285714285,0.5714285714285714,0.5419358882866142,0.41466893846062375,0.3710047846889952,0.4640975112596203,NaN,NaN,NaN,NaN,3.981818181818182,5.6355055282487845,2.317348936018519,1.1403055686181485,5.9,0.21818181818181817,0.5965159962670362,6.0,10.0,2.2978369384359403,1.3264534091704636,0.1044776119402985,0.0
785,1,67.0,293.0,4.373134328358209,0.06625961103573044,0.16666666666666666,0.0,0.2,0.6363636363636364,0.2,0.41818181818181815,0.19402985074626866,0.0,0.07692307692307693,0.5384615384615384,0.5033911304609919,0.3935197939907014,0.3467460012386016,0.44912510883648216,NaN,NaN,NaN,NaN,5.327272727272727,7.572011194877718,2.269599247400807,0.9839526729971754,5.205882352941177,0.3090909090909091,0.3456914248763095,4.0,8.0,2.029689608636977,1.011652934698341,0.04477611940298507,0.0
786,1,65.0,252.0,3.876923076923077,0.06057692307692308,0.171875,0.125,0.2641509433962264,0.6037735849056604,0.22641509433962265,0.4528301886792453,0.2153846153846154,0.0,0.0,0.7142857142857143,0.6105888666221757,0.39031104302758846,0.3655305717122996,0.4523223730318715,NaN,NaN,NaN,NaN,4.754716981132075,4.738977739398424,2.2390351166555913,0.9158629035438058,4.9714285714285715,0.24528301886792453,0.34769796609300735,5.0,8.0,1.7901234567901234,0.8817192202272015,0.06153846153846154,0.0
787,1,67.0,240.0,3.582089552238806,0.054274084124830396,0.16666666666666666,0.09090909090909091,0.2727272727272727,0.6181818181818182,0.18181818181818182,0.43636363636363634,0.208955223880597,0.0,0.07142857142857142,0.6428571428571429,0.4740288054097578,0.3831025428560058,0.34389388389388387,0.43694648087340693,NaN,NaN,NaN,NaN,4.363636363636363,4.160500487893771,2.350799913342155,1.1302442300065472,5.875,0.2727272727272727,0.42232704925875314,5.0,9.0,1.9619377162629759,1.0207234238874008,0.029850746268656716,0.0
788,1,65.0,276.0,4.246153846153846,0.06634615384615385,0.140625,0.0,0.2545454545454545,0.6181818181818182,0.2,0.41818181818181815,0.2153846153846154,0.0,0.0,0.6428571428571429,0.465511855024982,0.3945689458880328,0.3238455605696985,0.4428089420462405,NaN,NaN,NaN,NaN,5.0181818181818185,7.5608418821140555,2.3008383450828584,0.9343464008186546,5.0,0.2727272727272727,0.37766376633131626,4.0,8.0,1.7651006711409396,0.8271791631802318,0.03076923076923077,0.0
789,1,67.0,255.0,3.8059701492537314,0.057666214382632294,0.16666666666666666,0.13636363636363635,0.2909090909090909,0.6,0.23636363636363636,0.43636363636363634,0.208955223880597,0.0,0.07142857142857142,0.5714285714285714,0.4942174150805103,0.40228346259750586,0.3583982683982684,0.45341791588658414,NaN,NaN,NaN,NaN,4.636363636363637,5.822573048262846,2.369034722172427,1.1854588207504368,6.75,0.2545454545454545,0.47564420434613164,8.0,13.0,2.2887700534759357,1.3451413229273905,0.07462686567164178,0.0
79,1,65.0,198.0,3.046153846153846,0.047596153846153844,0.15625,0.109375,0.3148148148148148,0.6296296296296297,0.24074074074074073,0.4074074074074074,0.2153846153846154,0.0,0.07142857142857142,0.6428571428571429,0.5378168920347378,0.39487177151789676,0.33900579872802095,0.4481608567484447,NaN,NaN,NaN,NaN,3.6666666666666665,3.952548735870813,2.3516349768046596,1.0855098013630868,5.555555555555555,0.2222222222222222,0.38835193334386836,6.0,7.0,2.0518234165067177,1.0898136465207804,0.0,0.0
790,1,67.0,227.0,3.388059701492537,0.05133423790140208,0.16666666666666666,0.12121212121212122,0.2545454545454545,0.6181818181818182,0.21818181818181817,0.41818181818181815,0.0,0.0,NaN,NaN,0.5060353699560632,0.40896918326625686,0.34375901875901876,0.4476846686725151,NaN,NaN,NaN,NaN,4.127272727272727,4.70246013413525,2.291107405084378,1.0353734541680648,6.2,0.2727272727272727,0.3740045287337764,6.0,9.0,1.799097065462754,1.0476429467860913,0.029850746268656716,0.0
791,1,68.0,212.0,3.1176470588235294,0.046532045654082525,0.16417910447761194,0.22388059701492538,0.30357142857142855,0.625,0.19642857142857142,0.4107142857142857,0.20588235294117646,0.0,0.0,0.5714285714285714,0.4650504233015198,0.40222575216976636,0.3446053580922002,0.444542861132004,NaN,NaN,NaN,NaN,3.7857142857142856,4.232833934479727,2.3125985263014646,1.0717699483956835,6.0,0.17857142857142858,0.38578712224721273,5.0,8.0,1.724705882352941,0.9300925448923745,0.04411764705882353,0.0
792,1,65.0,245.0,3.769230769230769,0.05889423076923077,0.171875,0.15625,0.2641509433962264,0.6037735849056604,0.24528301886792453,0.41509433962264153,0.2153846153846154,0.0,0.0,0.6428571428571429,0.46875281671563784,0.4279958454615388,0.36044474393530995,0.4532837916706603,NaN,NaN,NaN,NaN,4.622641509433962,6.717446902525082,2.278337365064319,1.017737749407254,5.375,0.22641509433962265,0.3557519348996195,5.0,9.0,1.5347043701799485,0.8446030773410951,0.0,0.0
793,1,63.0,187.0,2.9682539682539684,0.04787506400409626,0.16129032258064516,0.11290322580645161,0.28846153846153844,0.6346153846153846,0.25,0.4423076923076923,0.0,0.0,NaN,NaN,0.5848614301672529,0.3944058445419881,0.3673501534078457,0.4498320951804034,NaN,NaN,NaN,NaN,3.5961538461538463,4.598634133896269,2.3115675913998945,1.0412760800271585,4.888888888888889,0.23076923076923078,0.41367290292764297,4.0,8.0,1.8070175438596492,0.8940624224679895,0.0,0.0
794,1,67.0,246.0,3.671641791044776,0.05563093622795115,0.15151515151515152,0.15151515151515152,0.21428571428571427,0.625,0.26785714285714285,0.39285714285714285,0.208955223880597,0.0,0.07142857142857142,0.7142857142857143,0.49862732588434716,0.42011289022949777,0.3381802721088435,0.4596864468457497,NaN,NaN,NaN,NaN,4.392857142857143,5.42612726931991,2.3223487798516733,1.0424454549362188,5.555555555555555,0.2857142857142857,0.41165253326974005,5.0,9.0,1.8348794063079776,0.9487854368258045,0.04477611940298507,0.0
795,1,68.0,326.0,4.794117647058823,0.07155399473222125,0.16417910447761194,0.04477611940298507,0.25,0.6071428571428571,0.23214285714285715,0.42857142857142855,0.20588235294117646,0.0,0.07142857142857142,0.6428571428571429,0.5214272606751924,0.3939098317466313,0.342473544973545,0.4489892476845276,NaN,NaN,NaN,NaN,5.821428571428571,6.347818932106145,2.2567087422342893,0.8993447791363677,4.391304347826087,0.2857142857142857,0.35387351607175643,4.0,10.0,1.7527272727272727,0.7084410990483465,0.07352941176470588,0.0
796,1,67.0,251.0,3.746268656716418,0.05676164631388512,0.16666666666666666,0.09090909090909091,0.2545454545454545,0.6181818181818182,0.18181818181818182,0.45454545454545453,0.208955223880597,0.0,0.0,0.5714285714285714,0.5370025554828051,0.3883709563610363,0.3413672438672439,0.4357631095836872,NaN,NaN,NaN,NaN,4.5636363636363635,4.756140811716515,2.2932038155554118,0.9971490707311672,5.291666666666666,0.2545454545454545,0.46216301571852675,5.0,12.0,1.8699186991869918,0.8819521358478836,0.08955223880597014,0.0
797,1,68.0,302.0,4.4411764705882355,0.06628621597892889,0.16417910447761194,0.07462686567164178,0.25,0.6071428571428571,0.125,0.4107142857142857,0.20588235294117646,0.0,0.0,0.5714285714285714,0.5223774018722643,0.3872877374518014,0.3296795961974533,0.4329006683739981,NaN,NaN,NaN,NaN,5.392857142857143,5.53888262912483,2.272147569842116,0.9416264422754087,4.957446808510639,0.26785714285714285,0.35791109592921705,4.0,10.0,1.898236092265943,0.8933386533781529,0.058823529411764705,0.0
798,1,64.0,314.0,4.90625,0.07787698412698413,0.1746031746031746,0.047619047619047616,0.23076923076923078,0.6538461538461539,0.23076923076923078,0.46153846153846156,0.21875,0.0,0.14285714285714285,0.6428571428571429,0.6069644904151981,0.39706609602737425,0.38029343072947724,0.45726606667908787,NaN,NaN,NaN,NaN,6.038461538461538,9.055301856060572,2.2348566071789997,0.9635627655504861,5.416666666666666,0.25,0.39647552546782117,5.0,9.0,1.832425068119891,0.8882961013546005,0.046875,0.0
799,1,66.0,283.0,4.287878787878788,0.06596736596736597,0.16923076923076924,0.1076923076923077,0.2222222222222222,0.6111111111111112,0.18518518518518517,0.46296296296296297,0.19696969696969696,0.0,0.07692307692307693,0.5384615384615384,0.5472899281212785,0.39100597683333543,0.3673881673881674,0.44260134801726003,NaN,NaN,NaN,NaN,5.2407407407407405,6.773798536328173,2.244609487186849,0.9542351056162915,5.055555555555555,0.2777777777777778,0.4006198324039577,4.0,9.0,1.6117424242424243,0.7410531469104726,0.09090909090909091,0.0
8,1,68.0,232.0,3.411764705882353,0.050921861281826165,0.16417910447761194,0.13432835820895522,0.26785714285714285,0.6428571428571429,0.19642857142857142,0.42857142857142855,0.20588235294117646,0.0,0.07142857142857142,0.5714285714285714,0.4904129962615387,0.39600464858930223,0.3468597374847375,0.4431409321904228,NaN,NaN,NaN,NaN,4.142857142857143,5.671070354090043,2.2584209931715127,0.9621257652069438,4.888888888888889,0.23214285714285715,0.30939569387054655,4.0,8.0,1.7874015748031495,0.8391779697117807,0.0,0.0
80,1,65.0,231.0,3.5538461538461537,0.05552884615384615,0.15625,0.125,0.2777777777777778,0.6481481481481481,0.2777777777777778,0.4074074074074074,0.2153846153846154,0.0,0.14285714285714285,0.5714285714285714,0.5199748427922161,0.41711187324060944,0.37330020802243025,0.4695640485402691,NaN,NaN,NaN,NaN,4.277777777777778,5.353245062987731,2.323385382037796,1.085161485734752,5.375,0.2037037037037037,0.46658662991930144,5.0,9.0,1.6812652068126521,0.9149779979927776,0.06153846153846154,0.0
800,1,62.0,265.0,4.274193548387097,0.07006874669487044,0.14754098360655737,0.16393442622950818,0.25,0.5961538461538461,0.23076923076923078,0.40384615384615385,0.20967741935483872,0.0,0.0,0.6153846153846154,0.547371904074851,0.42335049426246596,0.35300671550671553,0.4606362144953502,NaN,NaN,NaN,NaN,5.096153846153846,7.428771875869551,2.272719290200494,0.8742030619249188,5.0,0.2692307692307692,0.33597271303258386,4.0,7.0,1.5649350649350648,0.726850914383124,0.0,0.0
801,1,67.0,204.0,3.044776119402985,0.04613297150610583,0.15151515151515152,0.12121212121212122,0.26785714285714285,0.625,0.26785714285714285,0.4107142857142857,0.208955223880597,0.0,0.07142857142857142,0.5714285714285714,0.5429081726866118,0.40637017238360906,0.35792426819212536,0.46090835323216217,NaN,NaN,NaN,NaN,3.642857142857143,3.777582543125942,2.334882116359204,1.0503353493692589,5.277777777777778,0.25,0.4091356604947159,6.0,10.0,2.2934973637961336,1.2545592488535102,0.04477611940298507,0.0
802,1,68.0,302.0,4.4411764705882355,0.06628621597892889,0.16417910447761194,0.07462686567164178,0.23214285714285715,0.625,0.14285714285714285,0.44642857142857145,0.20588235294117646,0.0,0.07142857142857142,0.6428571428571429,0.476779577122877,0.3661715394608624,0.31838963107172685,0.4118333514059414,NaN,NaN,NaN,NaN,5.392857142857143,7.379772283820076,2.2734428759681684,0.9486585853780175,4.454545454545455,0.2857142857142857,0.3572590533425877,5.0,9.0,2.0478527607361965,0.9770925018460355,0.029411764705882353,0.0
803,1,68.0,277.0,4.073529411764706,0.06079894644424934,0.16417910447761194,0.05970149253731343,0.26785714285714285,0.6071428571428571,0.19642857142857142,0.4107142857142857,0.20588235294117646,0.0,0.07142857142857142,0.5714285714285714,0.5271613782916887,0.39892110067435593,0.34412556689342405,0.4411597170430655,NaN,NaN,NaN,NaN,4.946428571428571,5.779020498499545,2.309129359341224,1.0518759259987327,5.589743589743589,0.2857142857142857,0.4340170586535535,6.0,10.0,1.9852700490998363,1.1698868030164133,0.058823529411764705,0.0
804,1,67.0,322.0,4.8059701492537314,0.07281772953414745,0.16666666666666666,0.045454545454545456,0.2,0.6,0.2545454545454545,0.45454545454545453,0.208955223880597,0.0,0.0,0.6428571428571429,0.5333412685581237,0.389754434705309,0.36672134944862217,0.4562256167791145,NaN,NaN,NaN,NaN,5.8545454545454545,8.433658715326304,2.279527077635297,0.9656563770502625,5.108108108108108,0.3090909090909091,0.38678270368870865,5.0,11.0,2.001298701298701,1.0715609103189936,0.04477611940298507,0.0
805,1,60.0,196.0,3.2666666666666666,0.05536723163841808,0.1694915254237288,0.15254237288135594,0.2857142857142857,0.5714285714285714,0.2653061224489796,0.40816326530612246,0.23333333333333334,0.0,0.07142857142857142,0.6428571428571429,0.5549560141261424,0.4177269992074084,0.3655328798185941,0.4641258260395659,NaN,NaN,NaN,NaN,4.0,5.151860505357911,2.282841856824908,0.9435684174525836,4.5423728813559325,0.2857142857142857,0.35621288657090805,4.0,9.0,1.641095890410959,0.7667248056460385,0.08333333333333333,0.0
806,1,68.0,319.0,4.6911764705882355,0.07001755926251098,0.16417910447761194,0.029850746268656716,0.25,0.625,0.16071428571428573,0.44642857142857145,0.20588235294117646,0.0,0.07142857142857142,0.5714285714285714,0.4952020666706853,0.39126262744250495,0.33562779378098934,0.4339806879129745,NaN,NaN,NaN,NaN,5.696428571428571,6.859418588818108,2.285521282275893,0.993903933308198,4.916666666666666,0.25,0.4148404949963721,5.0,11.0,1.9737827715355805,1.0139338231624428,0.10294117647058823,0.0
807,1,66.0,282.0,4.2727272727272725,0.06573426573426573,0.16923076923076924,0.03076923076923077,0.2222222222222222,0.6111111111111112,0.16666666666666666,0.4444444444444444,0.21212121212121213,0.0,0.0,0.5714285714285714,0.5281942550323795,0.3793817444677547,0.34856565221552305,0.43486668435215287,NaN,NaN,NaN,NaN,5.222222222222222,7.2701682175827065,2.2474606070858436,0.9191119501202683,4.526315789473684,0.2962962962962963,0.34141241864661415,4.0,8.0,1.667883211678832,0.7808900660742877,0.030303030303030304,0.0
808,1,68.0,250.0,3.676470588235294,0.05487269534679543,0.16417910447761194,0.04477611940298507,0.2857142857142857,0.6428571428571429,0.21428571428571427,0.42857142857142855,0.20588235294117646,0.0,0.07142857142857142,0.5714285714285714,0.5012285013390455,0.38974941274921915,0.3462458632101489,0.4407413612096317,NaN,NaN,NaN,NaN,4.464285714285714,5.71430194802889,2.2969779096709164,1.0245368216046076,4.983870967741936,0.21428571428571427,0.4522065432027943,5.0,11.0,1.8856655290102389,0.9070847362331457,0.11764705882352941,0.0
809,1,64.0,183.0,2.859375,0.04538690476190476,0.1746031746031746,0.20634920634920634,0.34615384615384615,0.6346153846153846,0.2692307692307692,0.38461538461538464,0.21875,0.0,0.07142857142857142,0.5714285714285714,0.5005298066577718,0.40984474887541616,0.34731781376518217,0.46087786681657755,NaN,NaN,NaN,NaN,3.519230769230769,3.4781693664598605,2.2762880359748796,1.001128150734384,4.7,0.15384615384615385,0.4846523142712621,4.0,10.0,1.873931623931624,0.8375067078410344,0.078125,0.0
81,1,63.0,203.0,3.2222222222222223,0.05197132616487455,0.16129032258064516,0.06451612903225806,0.3076923076923077,0.6153846153846154,0.21153846153846154,0.4230769230769231,0.2222222222222222,0.0,0.07142857142857142,0.6428571428571429,0.560415720446627,0.4070074326166883,0.35476366582135815,0.4547763493385192,NaN,NaN,NaN,NaN,3.9038461538461537,5.777778986347865,2.3740733612597413,1.1723227314221554,6.25,0.23076923076923078,0.4029744951187458,6.0,8.0,1.84796573875803,0.9959203988691737,0.047619047619047616,0.0
810,1,68.0,334.0,4.911764705882353,0.0733099209833187,0.16417910447761194,0.014925373134328358,0.25,0.6071428571428571,0.16071428571428573,0.44642857142857145,0.20588235294117646,0.0,0.0,0.6428571428571429,0.5305813885988157,0.37790061732853863,0.3460375438054009,0.4378732013043587,NaN,NaN,NaN,NaN,5.964285714285714,7.651415283733842,2.2626520291475014,0.9284082841895671,4.655172413793103,0.2857142857142857,0.3373898507823105,4.0,8.0,1.9193758127438232,0.9662274283088313,0.058823529411764705,0.0
811,1,66.0,220.0,3.3333333333333335,0.05128205128205128,0.16923076923076924,0.12307692307692308,0.3148148148148148,0.6296296296296297,0.25925925925925924,0.3888888888888889,0.21212121212121213,0.0,0.07142857142857142,0.6428571428571429,0.5523270081877832,0.4007697849051761,0.3447310405643739,0.4582990326747953,NaN,NaN,NaN,NaN,4.074074074074074,5.042655229935357,2.3151298936513216,1.0631857440036092,5.03030303030303,0.2037037037037037,0.4316734217709739,5.0,11.0,2.0206896551724136,0.9779536317932996,0.10606060606060606,0.0
812,1,67.0,266.0,3.970149253731343,0.060153776571687016,0.15151515151515152,0.10606060606060606,0.21428571428571427,0.625,0.23214285714285715,0.44642857142857145,0.208955223880597,0.0,0.07142857142857142,0.5714285714285714,0.5087648744879469,0.3994297209420247,0.35241573902288187,0.4495904370198741,NaN,NaN,NaN,NaN,4.75,5.819247061573892,2.362857756407959,1.1391397723137093,5.888888888888889,0.30357142857142855,0.4021416086001935,5.0,9.0,2.079699248120301,1.1252683346983217,0.05970149253731343,0.0
813,1,65.0,251.0,3.8615384615384616,0.06033653846153846,0.171875,0.078125,0.2830188679245283,0.6037735849056604,0.3018867924528302,0.41509433962264153,0.2153846153846154,0.0,0.07142857142857142,0.5714285714285714,0.5035903119602589,0.4197488222829948,0.3658280922431865,0.4688316516114547,NaN,NaN,NaN,NaN,4.735849056603773,6.054721436126161,2.343521724948541,1.1075184857001545,5.352941176470589,0.2830188679245283,0.4423546815263646,5.0,11.0,1.7311411992263057,0.8509327152237679,0.1076923076923077,0.0
814,1,67.0,233.0,3.4776119402985075,0.05269109000452284,0.15151515151515152,0.10606060606060606,0.25,0.6428571428571429,0.23214285714285715,0.4107142857142857,0.208955223880597,0.0,0.0,0.6428571428571429,0.5432336930617983,0.4107437908497733,0.3523100907029479,0.4537652051679852,NaN,NaN,NaN,NaN,4.160714285714286,5.151440348323725,2.2896007426243323,0.9872425815045017,4.972222222222222,0.21428571428571427,0.37133585832681487,5.0,10.0,1.9619047619047618,1.0675988747299285,0.04477611940298507,0.0
815,1,67.0,282.0,4.208955223880597,0.06377204884667571,0.16666666666666666,0.045454545454545456,0.2727272727272727,0.6,0.18181818181818182,0.43636363636363634,0.208955223880597,0.0,0.07142857142857142,0.6428571428571429,0.47790554820830916,0.38324086925982953,0.3397708827120592,0.43268666789604016,NaN,NaN,NaN,NaN,5.127272727272727,5.650481937670992,2.363877957582082,1.1232415419188593,5.727272727272727,0.2909090909090909,0.41117119209670133,6.0,10.0,2.281795511221945,1.2332848530120541,0.04477611940298507,0.0
816,1,67.0,283.0,4.223880597014926,0.0639981908638625,0.16666666666666666,0.09090909090909091,0.21818181818181817,0.6181818181818182,0.2,0.43636363636363634,0.208955223880597,0.0,0.07142857142857142,0.5714285714285714,0.540951034945543,0.40103138084590034,0.3468415244885833,0.44484555810152177,NaN,NaN,NaN,NaN,5.1454545454545455,6.487646899266505,2.2827841285353516,0.9794562643829237,5.25,0.3090909090909091,0.37441590952421383,6.0,8.0,2.120052770448549,1.1355171529348305,0.07462686567164178,0.0
817,1,67.0,277.0,4.134328358208955,0.06264133876074175,0.16666666666666666,0.09090909090909091,0.2545454545454545,0.6181818181818182,0.23636363636363636,0.43636363636363634,0.208955223880597,0.0,0.07142857142857142,0.6428571428571429,0.507367688748187,0.4058222535298959,0.3617379085560904,0.4536891415546271,NaN,NaN,NaN,NaN,5.036363636363636,6.411689661061607,2.2746589703306688,0.9758766685594646,4.64935064935065,0.2727272727272727,0.4577361245084141,4.0,11.0,1.8766519823788546,0.834582289425836,0.1044776119402985,0.0
818,1,67.0,325.0,4.850746268656716,0.07349615558570782,0.16666666666666666,0.015151515151515152,0.2545454545454545,0.6363636363636364,0.21818181818181817,0.4,0.208955223880597,0.0,0.07142857142857142,0.5714285714285714,0.46702097944615867,0.4019667721315452,0.3411634983374114,0.45106016301961616,NaN,NaN,NaN,NaN,5.909090909090909,7.9495462886435355,2.288720846666644,1.0119485534294028,5.066666666666666,0.2545454545454545,0.41169740517438647,6.0,12.0,2.077830188679245,1.0706248424095066,0.08955223880597014,0.0
819,1,64.0,211.0,3.296875,0.05233134920634921,0.1746031746031746,0.1111111111111111,0.28846153846153844,0.5961538461538461,0.28846153846153844,0.4230769230769231,0.21875,0.0,0.07142857142857142,0.5714285714285714,0.557332044885015,0.40107745384517585,0.3662927350427351,0.4629697261530468,NaN,NaN,NaN,NaN,4.0576923076923075,5.154147241379706,2.3626701059912794,1.165880741031284,5.954545454545455,0.28846153846153844,0.4859034443185582,5.0,11.0,2.0587155963302752,1.021929674214129,0.09375,0.0
82,1,67.0,284.0,4.2388059701492535,0.0642243328810493,0.15151515151515152,0.10606060606060606,0.2857142857142857,0.6071428571428571,0.19642857142857142,0.4107142857142857,0.208955223880597,0.0,0.07142857142857142,0.5714285714285714,0.47714201421309266,0.40958470184969137,0.3452155483405483,0.4547147155005017,NaN,NaN,NaN,NaN,5.071428571428571,5.723499065994643,2.2989729845075093,0.9310320985001387,4.428571428571429,0.23214285714285715,0.3437614989432884,4.0,8.0,1.5610687022900764,0.6588793451360262,0.029850746268656716,0.0
820,1,67.0,308.0,4.597014925373134,0.06965174129353234,0.16666666666666666,0.06060606060606061,0.2545454545454545,0.6181818181818182,0.2727272727272727,0.45454545454545453,0.208955223880597,0.0,0.07142857142857142,0.5714285714285714,0.5662480736713974,0.4063786500514402,0.36116797953004853,0.45627684985315264,NaN,NaN,NaN,NaN,5.6,7.694634975579245,2.216654509281574,0.8395723825667856,4.094827586206897,0.2545454545454545,0.3579269973722255,4.0,9.0,1.7529566360052562,0.7196086725006461,0.029850746268656716,0.0
821,1,66.0,211.0,3.196969696969697,0.049184149184149185,0.16923076923076924,0.12307692307692308,0.25925925925925924,0.6296296296296297,0.2222222222222222,0.4074074074074074,0.21212121212121213,0.0,0.0,0.6428571428571429,0.46925057577207396,0.394516730335941,0.33965314520870077,0.443137946287259,NaN,NaN,NaN,NaN,3.9074074074074074,5.288893733591848,2.2367754258798755,0.9201298313984775,4.476190476190476,0.25925925925925924,0.4135121727189468,4.0,11.0,1.8188824662813101,0.7773022248182617,0.045454545454545456,0.0
822,1,67.0,252.0,3.7611940298507465,0.05698778833107191,0.15151515151515152,0.09090909090909091,0.25,0.6071428571428571,0.23214285714285715,0.39285714285714285,0.208955223880597,0.0,0.0,0.6428571428571429,0.5273709983957707,0.4034230449614603,0.336188313044516,0.44955250882691766,NaN,NaN,NaN,NaN,4.5,5.660067458640722,2.2507084097384,0.8614851007494264,4.473684210526316,0.25,0.3315724849036349,5.0,7.0,1.7554744525547445,0.8304462101415461,0.029850746268656716,0.0
823,1,68.0,352.0,5.176470588235294,0.07726075504828797,0.16417910447761194,0.029850746268656716,0.17857142857142858,0.625,0.16071428571428573,0.4642857142857143,0.20588235294117646,0.0,0.07142857142857142,0.6428571428571429,0.5131997107361921,0.36277347632625184,0.34652242571110753,0.42955721945752795,NaN,NaN,NaN,NaN,6.285714285714286,8.461064376874246,2.2669597878678402,0.969506049738144,4.674418604651162,0.3392857142857143,0.3820187881531533,4.0,9.0,1.7621951219512195,0.7644641469463476,0.04411764705882353,0.0
824,1,68.0,306.0,4.5,0.06716417910447761,0.16417910447761194,0.04477611940298507,0.25,0.6071428571428571,0.25,0.4642857142857143,0.20588235294117646,0.0,0.07142857142857142,0.5714285714285714,0.5450317937363823,0.39825242866514543,0.35813620510456584,0.45554930154323264,NaN,NaN,NaN,NaN,5.464285714285714,6.749987974977263,2.2712963788908573,0.925942685660985,4.666666666666666,0.25,0.3732651558321531,4.0,8.0,1.8616600790513833,0.8475280743479291,0.029411764705882353,0.0
825,1,65.0,228.0,3.5076923076923077,0.05480769230769231,0.171875,0.203125,0.2641509433962264,0.6037735849056604,0.18867924528301888,0.4339622641509434,0.2153846153846154,0.0,0.0,0.6428571428571429,0.5370623634673996,0.41620194536541205,0.35507681059845325,0.44457716054836954,NaN,NaN,NaN,NaN,4.30188679245283,5.914730326320163,2.221499193563823,0.8694822073585776,4.6,0.24528301886792453,0.31270043297539535,4.0,7.0,1.8556910569105691,0.9409814881170203,0.0,0.0
826,1,67.0,259.0,3.8656716417910446,0.05857078245137946,0.16666666666666666,0.10606060606060606,0.21818181818181817,0.6181818181818182,0.18181818181818182,0.4,0.208955223880597,0.0,0.07142857142857142,0.5714285714285714,0.4883522077707218,0.39104456941473614,0.3221915962825053,0.43928637462891723,NaN,NaN,NaN,NaN,4.709090909090909,5.455791103557445,2.2775161260361045,0.9718550117867127,4.806451612903226,0.2909090909090909,0.3803963169662758,4.0,10.0,1.620408163265306,0.7394740826774323,0.08955223880597014,0.0
827,1,66.0,271.0,4.106060606060606,0.06317016317016318,0.16923076923076924,0.03076923076923077,0.25925925925925924,0.6481481481481481,0.2222222222222222,0.4074074074074074,0.21212121212121213,0.0,0.07142857142857142,0.6428571428571429,0.4960961544754395,0.3955668654943796,0.3508818342151675,0.4535854410600655,NaN,NaN,NaN,NaN,5.018518518518518,6.80868130844938,2.2693255182385625,0.9813710706469122,4.6455696202531644,0.24074074074074073,0.43507791534787316,4.0,12.0,1.903225806451613,0.7954505130509444,0.10606060606060606,0.0
828,1,67.0,292.0,4.358208955223881,0.06603346901854365,0.16666666666666666,0.07575757575757576,0.2727272727272727,0.6,0.23636363636363636,0.41818181818181815,0.208955223880597,0.0,0.07142857142857142,0.6428571428571429,0.5459535113008146,0.40166596334025156,0.35895100069013114,0.4589172931906004,NaN,NaN,NaN,NaN,5.3090909090909095,7.0994854463329675,2.2567383212433905,0.8894462792999906,4.166666666666666,0.2909090909090909,0.4064177388359377,4.0,12.0,1.7503392130257802,0.6955432807743587,0.05970149253731343,0.0
829,1,66.0,252.0,3.8181818181818183,0.05874125874125874,0.15384615384615385,0.03076923076923077,0.2727272727272727,0.6181818181818182,0.2545454545454545,0.41818181818181815,0.21212121212121213,0.0,0.07142857142857142,0.5714285714285714,0.4786694179521923,0.4082586986518587,0.3433111603843311,0.4548728497510253,NaN,NaN,NaN,NaN,4.581818181818182,6.562211994642223,2.292180975060387,0.9474064685139568,4.787878787878788,0.21818181818181817,0.33890279682359004,4.0,9.0,1.7516778523489933,0.743880719348136,0.030303030303030304,0.0
83,1,68.0,238.0,3.5,0.05223880597014925,0.16417910447761194,0.05970149253731343,0.26785714285714285,0.625,0.25,0.39285714285714285,0.20588235294117646,0.0,0.07142857142857142,0.5714285714285714,0.45810919111392945,0.42337331599676575,0.3487436641323196,0.46187926953362,NaN,NaN,NaN,NaN,4.25,4.722287581247038,2.315280930489927,1.0380061211937086,4.884615384615385,0.25,0.4412921118997894,4.0,11.0,2.074670571010249,0.9696205087078438,0.08823529411764706,0.0
830,1,65.0,275.0,4.230769230769231,0.06610576923076923,0.171875,0.0625,0.22641509433962265,0.660377358490566,0.20754716981132076,0.4339622641509434,0.2,0.0,0.0,0.5384615384615384,0.5064087672351233,0.38234503455414937,0.3513626834381551,0.4392993532024543,NaN,NaN,NaN,NaN,5.188679245283019,5.738053153404186,2.215011709059806,0.9061892306149901,4.530612244897959,0.2641509433962264,0.437390575963195,4.0,10.0,1.8590909090909091,0.8622019438777009,0.09230769230769231,0.0
831,1,67.0,290.0,4.3283582089552235,0.06558118498417007,0.16666666666666666,0.12121212121212122,0.23636363636363636,0.6,0.18181818181818182,0.43636363636363634,0.208955223880597,0.0,0.0,0.6428571428571429,0.4977278208715843,0.39248188344833246,0.3487961858929601,0.4402341136288625,NaN,NaN,NaN,NaN,5.2727272727272725,7.134824728451563,2.223848977715939,0.8477843095326495,4.25,0.3090909090909091,0.4026518347959581,5.0,10.0,1.8350125944584383,0.7742601316208085,0.04477611940298507,0.0
832,1,66.0,253.0,3.8333333333333335,0.05897435897435897,0.15384615384615385,0.06153846153846154,0.2727272727272727,0.6363636363636364,0.2545454545454545,0.38181818181818183,0.21212121212121213,0.0,0.07142857142857142,0.5714285714285714,0.5104685408183457,0.41273545852714416,0.339649947753396,0.45375418594827555,NaN,NaN,NaN,NaN,4.6,6.83563646823951,2.244184410025328,0.8755066625632565,4.535714285714286,0.23636363636363636,0.3653087216251188,4.0,10.0,1.7981790591805766,0.7315697147397104,0.030303030303030304,0.0
833,1,67.0,219.0,3.2686567164179103,0.04952510176390773,0.15151515151515152,0.15151515151515152,0.25,0.625,0.2857142857142857,0.44642857142857145,0.208955223880597,0.0,0.07142857142857142,0.5714285714285714,0.529393096524324,0.4192493900769594,0.36045918367346935,0.46082021471456325,NaN,NaN,NaN,NaN,3.9107142857142856,4.440625614049877,2.2448420989312123,0.8771840207785346,4.666666666666666,0.23214285714285715,0.3266187658832194,4.0,7.0,1.812992125984252,0.8394069616551653,0.029850746268656716,0.0
834,1,67.0,264.0,3.9402985074626864,0.05970149253731343,0.16666666666666666,0.10606060606060606,0.23636363636363636,0.6363636363636364,0.2,0.45454545454545453,0.208955223880597,0.0,0.0,0.7142857142857143,0.5176835317647326,0.40185003603712105,0.3526490468595732,0.4425268417381231,NaN,NaN,NaN,NaN,4.8,5.936079264719857,2.2238057090421024,0.8764970374324697,4.2,0.2545454545454545,0.3656582223574063,5.0,12.0,1.905710491367862,0.8413399938325953,0.08955223880597014,0.0
835,1,67.0,251.0,3.746268656716418,0.05676164631388512,0.16666666666666666,0.09090909090909091,0.21818181818181817,0.6181818181818182,0.23636363636363636,0.45454545454545453,0.208955223880597,0.0,0.07142857142857142,0.6428571428571429,0.52745660106511,0.39768075409758624,0.36658730158730163,0.45126988469466867,NaN,NaN,NaN,NaN,4.5636363636363635,4.232868025012322,2.3451580245136023,1.133777466616886,5.75,0.3090909090909091,0.46498510966345125,8.0,12.0,2.452544704264099,1.5517309238116563,0.07462686567164178,0.0
836,1,68.0,280.0,4.117647058823529,0.061457418788410885,0.16417910447761194,0.014925373134328358,0.25,0.625,0.17857142857142858,0.42857142857142855,0.20588235294117646,0.0,0.07142857142857142,0.5714285714285714,0.5204862166059574,0.39354655621022794,0.33803146258503397,0.44063560533744084,NaN,NaN,NaN,NaN,5.0,5.243177385031818,2.303666371268723,1.0067298309311081,4.722222222222222,0.2857142857142857,0.46486551715330193,6.0,13.0,2.2746878547105562,1.1655692811006588,0.10294117647058823,0.0
837,1,66.0,338.0,5.121212121212121,0.07878787878787878,0.16923076923076924,0.03076923076923077,0.2222222222222222,0.6111111111111112,0.25925925925925924,0.46296296296296297,0.21212121212121213,0.0,0.0,0.6428571428571429,0.5292309990751727,0.40532639621930405,0.35814440272325576,0.45353062193550153,NaN,NaN,NaN,NaN,6.2592592592592595,9.35703788233843,2.246294190090328,0.9022867615167925,4.333333333333334,0.25925925925925924,0.41147594190864584,3.0,12.0,1.7707558859975217,0.7376693891434918,0.10606060606060606,0.0
838,1,63.0,186.0,2.9523809523809526,0.047619047619047616,0.16129032258064516,0.14516129032258066,0.28846153846153844,0.5961538461538461,0.28846153846153844,0.4230769230769231,0.20634920634920634,0.0,0.07692307692307693,0.6153846153846154,0.5662891843352008,0.41783748660211456,0.37898351648351647,0.4694460720587346,NaN,NaN,NaN,NaN,3.576923076923077,3.414766973625418,2.238391715310737,0.8631385287865055,4.415094339622641,0.25,0.3269104887319209,4.0,7.0,1.6742424242424243,0.7097463849538941,0.031746031746031744,0.0
839,1,66.0,290.0,4.393939393939394,0.0675990675990676,0.15384615384615385,0.03076923076923077,0.23636363636363636,0.6181818181818182,0.2545454545454545,0.4,0.21212121212121213,0.0,0.07142857142857142,0.6428571428571429,0.5005667418326201,0.4001661487913088,0.34601731601731595,0.4601089211407605,NaN,NaN,NaN,NaN,5.2727272727272725,7.599840508693307,2.3199880124051457,1.00833334629717,5.03030303030303,0.2909090909090909,0.41992857992259197,4.0,12.0,1.8430160692212607,0.7471588436288149,0.10606060606060606,0.0
84,1,66.0,251.0,3.803030303030303,0.058508158508158506,0.16923076923076924,0.06153846153846154,0.2777777777777778,0.5925925925925926,0.2037037037037037,0.4444444444444444,0.21212121212121213,0.0,0.07142857142857142,0.5714285714285714,0.5110005244138726,0.38967890977646064,0.35531699934434713,0.4428693928458006,NaN,NaN,NaN,NaN,4.648148148148148,5.42237644555048,2.3557906801556534,1.1024225719316816,5.666666666666666,0.2962962962962963,0.4463570449345494,7.0,12.0,2.3530864197530863,1.2960991602934917,0.045454545454545456,0.0
840,1,67.0,226.0,3.373134328358209,0.05110809588421529,0.16666666666666666,0.09090909090909091,0.2909090909090909,0.6181818181818182,0.21818181818181817,0.43636363636363634,0.208955223880597,0.0,0.07142857142857142,0.5714285714285714,0.4983808810864147,0.3960837353315403,0.3498814229249012,0.44205513600647844,NaN,NaN,NaN,NaN,4.109090909090909,4.336207283178885,2.3013348047934192,1.0163224735407932,5.083333333333334,0.21818181818181817,0.39122018777097056,5.0,10.0,1.8024691358024691,0.9025017200623722,0.08955223880597014,0.0
841,1,64.0,220.0,3.4375,0.054563492063492064,0.15873015873015872,0.19047619047619047,0.3018867924528302,0.6037735849056604,0.16981132075471697,0.41509433962264153,0.21875,0.0,0.0,0.6428571428571429,0.4873301243964664,0.4075383572816677,0.3547097353853288,0.44086279192051764,NaN,NaN,NaN,NaN,4.150943396226415,4.728783492998751,2.2801201225763967,0.9565912648583219,5.090909090909091,0.22641509433962265,0.3813932996758009,5.0,10.0,1.9171270718232045,0.9364204418799074,0.078125,0.0
842,1,64.0,240.0,3.75,0.05952380952380952,0.14285714285714285,0.031746031746031744,0.2777777777777778,0.6296296296296297,0.25925925925925924,0.42592592592592593,0.203125,0.0,0.0,0.5384615384615384,0.5458056889654112,0.42952037525250925,0.3530139422023954,0.4545038378270734,NaN,NaN,NaN,NaN,4.444444444444445,5.777858409371256,2.2956977686908098,0.9201607225938798,4.433333333333334,0.18518518518518517,0.3815992417055256,4.0,9.0,1.8430656934306568,0.864180191484813,0.046875,0.0
843,1,68.0,270.0,3.9705882352941178,0.05926251097453907,0.16417910447761194,0.1044776119402985,0.26785714285714285,0.625,0.21428571428571427,0.4107142857142857,0.20588235294117646,0.0,0.07142857142857142,0.5714285714285714,0.5106302462975133,0.40830036442673157,0.3439866780045352,0.4514493326141795,NaN,NaN,NaN,NaN,4.821428571428571,6.611579766817233,2.3591601064187646,1.155752220271758,6.153846153846154,0.23214285714285715,0.4334411503281985,7.0,9.0,2.1984496124031008,1.3528199496490014,0.029411764705882353,0.0
844,1,65.0,280.0,4.3076923076923075,0.0673076923076923,0.15625,0.046875,0.24074074074074073,0.6111111111111112,0.2962962962962963,0.42592592592592593,0.2153846153846154,0.0,0.07142857142857142,0.6428571428571429,0.5064613206950307,0.4052541180850009,0.3516219210663654,0.46432657800378346,NaN,NaN,NaN,NaN,5.185185185185185,7.63822085891654,2.29004798506812,0.9375866198303887,4.521739130434783,0.2962962962962963,0.4562657236407077,5.0,13.0,1.9568527918781726,0.8662329865242028,0.12307692307692308,0.0
845,1,66.0,288.0,4.363636363636363,0.06713286713286713,0.16923076923076924,0.06153846153846154,0.25925925925925924,0.6111111111111112,0.2037037037037037,0.4444444444444444,0.21212121212121213,0.0,0.0,0.6428571428571429,0.5361534304571901,0.39923210811115584,0.3525623872367167,0.4428654585489353,NaN,NaN,NaN,NaN,5.333333333333333,8.980061772279868,2.2395235958528064,0.8897744249577135,4.666666666666666,0.24074074074074073,0.36615457475077,4.0,8.0,1.742899850523169,0.7658297272193032,0.0,0.0
846,1,67.0,236.0,3.5223880597014925,0.05336951605608322,0.16666666666666666,0.10606060606060606,0.2727272727272727,0.6,0.16363636363636364,0.43636363636363634,0.208955223880597,0.0,0.07142857142857142,0.6428571428571429,0.4966243096596632,0.38892005847659844,0.3368531468531468,0.4272979111736144,NaN,NaN,NaN,NaN,4.290909090909091,4.483189701427981,2.2482780378002953,0.9009892150852461,4.511111111111111,0.2545454545454545,0.36058877304420806,4.0,9.0,1.7292069632495164,0.7701919810692375,0.04477611940298507,0.0
847,1,67.0,256.0,3.8208955223880596,0.05789235639981909,0.16666666666666666,0.09090909090909091,0.2909090909090909,0.6181818181818182,0.21818181818181817,0.41818181818181815,0.208955223880597,0.0,0.07142857142857142,0.5714285714285714,0.507403694770246,0.40833568129888076,0.34076260340966225,0.44587446945719633,NaN,NaN,NaN,NaN,4.654545454545454,5.161173358618216,2.3322425681959906,1.0803109350819162,5.416666666666666,0.21818181818181817,0.49652398401459447,5.0,10.0,1.948224852071006,0.8937543533776268,0.07462686567164178,0.0
848,1,67.0,282.0,4.208955223880597,0.06377204884667571,0.16666666666666666,0.07575757575757576,0.23636363636363636,0.6363636363636364,0.23636363636363636,0.41818181818181815,0.208955223880597,0.0,0.0,0.6428571428571429,0.5343860918400787,0.3989154627103619,0.33559664972708453,0.44129417283619154,NaN,NaN,NaN,NaN,5.127272727272727,7.463626726044379,2.2326618632154003,0.9049691840198554,5.0,0.23636363636363636,0.4104001994650935,4.0,10.0,1.864247311827957,0.8503731889929502,0.07462686567164178,0.0
849,1,67.0,234.0,3.4925373134328357,0.052917232021709636,0.15151515151515152,0.045454545454545456,0.26785714285714285,0.625,0.19642857142857142,0.4107142857142857,0.208955223880597,0.0,0.07142857142857142,0.6428571428571429,0.442051135371052,0.39307184031549525,0.32572017842224604,0.4380684004636795,NaN,NaN,NaN,NaN,4.178571428571429,5.504071692375123,2.3155369252797264,1.0023542672704755,5.068965517241379,0.25,0.43328282151997705,5.0,10.0,1.7199124726477024,0.8712624391859191,0.029850746268656716,0.0
85,1,68.0,257.0,3.7794117647058822,0.056409130816505705,0.16417910447761194,0.05970149253731343,0.26785714285714285,0.625,0.26785714285714285,0.4107142857142857,0.20588235294117646,0.0,0.07142857142857142,0.5714285714285714,0.5134434461190068,0.39884212338698105,0.34682668521954235,0.45535641667077265,NaN,NaN,NaN,NaN,4.589285714285714,4.789294067223024,2.3243422130777387,1.0411196658271995,4.875,0.25,0.4378204878313937,5.0,11.0,2.0853333333333333,1.0010266203328668,0.10294117647058823,0.0
850,1,67.0,193.0,2.8805970149253732,0.04364540931705111,0.16666666666666666,0.16666666666666666,0.2545454545454545,0.6181818181818182,0.2545454545454545,0.43636363636363634,0.208955223880597,0.0,0.0,0.5714285714285714,0.5417850091400817,0.40593139288358115,0.3535064935064935,0.45015862031576287,NaN,NaN,NaN,NaN,3.5090909090909093,3.994777735775692,2.3372358849274195,1.1598100181327275,6.666666666666667,0.2545454545454545,0.33316925442783035,6.0,7.0,1.9954441913439636,1.1859055153277076,0.07462686567164178,0.0
851,1,68.0,221.0,3.25,0.048507462686567165,0.16417910447761194,0.07462686567164178,0.2857142857142857,0.6071428571428571,0.26785714285714285,0.4107142857142857,0.20588235294117646,0.0,0.0,0.5714285714285714,0.5384991593052829,0.39932723605736536,0.35518707482993195,0.45832905651411165,NaN,NaN,NaN,NaN,3.9464285714285716,4.113921565775246,2.339526630952153,1.0869543572225409,5.222222222222222,0.26785714285714285,0.48271167107076435,6.0,12.0,2.1467304625199364,1.0934752739944902,0.10294117647058823,0.0
852,1,68.0,297.0,4.367647058823529,0.06518876207199298,0.16417910447761194,0.014925373134328358,0.25,0.6071428571428571,0.25,0.44642857142857145,0.20588235294117646,0.0,0.07142857142857142,0.6428571428571429,0.5128158788525111,0.400715391139149,0.35515998065893023,0.45374758028963,NaN,NaN,NaN,NaN,5.303571428571429,6.917486781817757,2.2976350192735953,0.9849137416842674,5.416666666666666,0.2857142857142857,0.4360711149653221,5.0,10.0,1.990909090909091,0.8690921293985827,0.07352941176470588,0.0
853,1,61.0,221.0,3.622950819672131,0.06038251366120219,0.16666666666666666,0.08333333333333333,0.3,0.6,0.2,0.42,0.22950819672131148,0.0,0.0,0.6428571428571429,0.5432734031814631,0.40095024692855763,0.3541111111111111,0.44453026382325705,NaN,NaN,NaN,NaN,4.42,5.051126364586458,2.3029388636934476,0.9945701824768868,4.627118644067797,0.28,0.4471364111778663,4.0,12.0,1.8513986013986015,0.7877886773800433,0.11475409836065574,0.0
854,1,65.0,218.0,3.353846153846154,0.052403846153846155,0.15625,0.078125,0.2777777777777778,0.6111111111111112,0.24074074074074073,0.4444444444444444,0.2153846153846154,0.0,0.07142857142857142,0.5714285714285714,0.5511481568590347,0.3955170688753716,0.3577831454643049,0.4437211295108641,NaN,NaN,NaN,NaN,4.037037037037037,5.15042758057555,2.307344371189402,0.9884194801666617,4.8,0.25925925925925924,0.46305637957272217,4.0,12.0,2.056047197640118,0.9061338706644021,0.1076923076923077,0.0
855,1,68.0,224.0,3.2941176470588234,0.04916593503072871,0.16417910447761194,0.13432835820895522,0.26785714285714285,0.625,0.26785714285714285,0.42857142857142855,0.20588235294117646,0.0,0.07142857142857142,0.5714285714285714,0.5376102806825209,0.39936733944741265,0.3546575448361163,0.4576895752370288,NaN,NaN,NaN,NaN,4.0,4.824181513244218,2.3173269802778966,1.0858918639154085,5.727272727272727,0.25,0.3850614909705987,6.0,10.0,2.1301369863013697,1.1582425832774175,0.058823529411764705,0.0
856,1,67.0,263.0,3.925373134328358,0.05947535052012664,0.16666666666666666,0.015151515151515152,0.2545454545454545,0.6363636363636364,0.21818181818181817,0.41818181818181815,0.208955223880597,0.0,0.07142857142857142,0.5714285714285714,0.5151055691715871,0.39675759776390196,0.3456644365735275,0.44983481037712364,NaN,NaN,NaN,NaN,4.781818181818182,6.320721094267264,2.3204897058514082,1.0770567993145155,5.666666666666666,0.2727272727272727,0.4409373522416411,5.0,11.0,2.164141414141414,1.0694361004272828,0.04477611940298507,0.0
857,1,67.0,326.0,4.865671641791045,0.07372229760289462,0.16666666666666666,0.06060606060606061,0.2545454545454545,0.6363636363636364,0.12727272727272726,0.45454545454545453,0.208955223880597,0.0,0.07142857142857142,0.6428571428571429,0.4967967602802746,0.3716013725669453,0.3436556254203313,0.42497807806825477,NaN,NaN,NaN,NaN,5.927272727272728,8.050430274800695,2.3360239341507545,1.1517683236477148,6.545454545454546,0.21818181818181817,0.41290794445861373,6.0,11.0,2.140463917525773,1.3410104197183361,0.029850746268656716,0.0
858,1,67.0,204.0,3.044776119402985,0.04613297150610583,0.16666666666666666,0.13636363636363635,0.3090909090909091,0.6363636363636364,0.23636363636363636,0.41818181818181815,0.208955223880597,0.0,0.0,0.6428571428571429,0.5017749340199263,0.4240090376675411,0.3574053724053724,0.44881761931591907,NaN,NaN,NaN,NaN,3.709090909090909,4.245576029812189,2.220730842400891,0.8820572733062276,4.545454545454545,0.18181818181818182,0.42367685073547345,4.0,10.0,1.7474332648870636,0.7171248773212818,0.029850746268656716,0.0
859,1,64.0,238.0,3.71875,0.059027777777777776,0.15873015873015872,0.07936507936507936,0.24528301886792453,0.6226415094339622,0.3018867924528302,0.41509433962264153,0.21875,0.0,0.0,0.5714285714285714,0.5903886139407595,0.4153430453566227,0.3639127120259195,0.4690102874541646,NaN,NaN,NaN,NaN,4.490566037735849,6.059393983119974,2.3004458242401133,0.968015576787005,4.629032258064516,0.2830188679245283,0.4269301320183648,5.0,12.0,1.9265129682997117,0.8367912338783494,0.078125,0.0
86,1,65.0,252.0,3.876923076923077,0.06057692307692308,0.171875,0.015625,0.2830188679245283,0.6037735849056604,0.24528301886792453,0.4528301886792453,0.2153846153846154,0.0,0.07142857142857142,0.5714285714285714,0.5374031498150469,0.39156107152034875,0.36164202673636636,0.45088927672577717,NaN,NaN,NaN,NaN,4.754716981132075,7.007978037091721,2.2580172418599602,0.9339987824879502,4.5,0.2641509433962264,0.43113925287522603,4.0,10.0,1.8195121951219513,0.7897612858925693,0.046153846153846156,0.0
860,1,67.0,275.0,4.104477611940299,0.06218905472636816,0.16666666666666666,0.030303030303030304,0.21818181818181817,0.6181818181818182,0.2545454545454545,0.43636363636363634,0.208955223880597,0.0,0.07142857142857142,0.5714285714285714,0.5166748976570957,0.3976725358559117,0.356024531024531,0.4553740705632434,NaN,NaN,NaN,NaN,5.0,5.669933698743588,2.2601439481255103,0.9496585814299285,4.583333333333334,0.2727272727272727,0.4527160547482801,4.0,11.0,1.8539473684210526,0.7620686065743265,0.1044776119402985,0.0
861,1,67.0,239.0,3.5671641791044775,0.0540479421076436,0.16666666666666666,0.10606060606060606,0.2545454545454545,0.6181818181818182,0.16363636363636364,0.45454545454545453,0.208955223880597,0.0,0.0,0.5714285714285714,0.49745212225451796,0.37404255422849125,0.330564738292011,0.4225225207034364,NaN,NaN,NaN,NaN,4.345454545454546,3.926256259528689,2.3214894881423858,1.053038133128465,4.890625,0.2909090909090909,0.458016483070342,5.0,11.0,1.942097026604069,0.9070065045789429,0.1044776119402985,0.0
862,1,67.0,272.0,4.059701492537314,0.06151062867480778,0.16666666666666666,0.09090909090909091,0.2545454545454545,0.6363636363636364,0.14545454545454545,0.45454545454545453,0.19402985074626866,0.0,0.07692307692307693,0.6153846153846154,0.5035098865457256,0.3694043204433731,0.33292707292707296,0.42596235001658594,NaN,NaN,NaN,NaN,4.945454545454545,4.945698399612805,2.261983360494004,0.9500929239663254,4.4719999999999995,0.2545454545454545,0.3611377253663908,5.0,8.0,1.990578734858681,0.948068010758866,0.0,0.0
863,1,66.0,195.0,2.9545454545454546,0.045454545454545456,0.16923076923076924,0.13846153846153847,0.2777777777777778,0.6481481481481481,0.24074074074074073,0.42592592592592593,0.21212121212121213,0.0,0.0,0.6428571428571429,0.4836654434772714,0.40980090433181143,0.33797576378221533,0.4497948291960526,NaN,NaN,NaN,NaN,3.611111111111111,4.688068623792068,2.231591719997584,0.9074069713720424,4.5,0.18518518518518517,0.3629073961898602,4.0,8.0,1.9198606271777003,0.8017363234716117,0.045454545454545456,0.0
864,1,68.0,287.0,4.220588235294118,0.06299385425812117,0.16417910447761194,0.04477611940298507,0.21428571428571427,0.625,0.23214285714285715,0.44642857142857145,0.20588235294117646,0.0,0.0,0.5714285714285714,0.5042994160949217,0.39179922624028013,0.35064648141865445,0.4476219794408236,NaN,NaN,NaN,NaN,5.125,5.868444117791049,2.2749832464256996,0.9690534288235944,4.925925925925926,0.30357142857142855,0.40085859321981115,5.0,9.0,1.8140556368960468,0.840144752474917,0.058823529411764705,0.0
865,1,68.0,213.0,3.1323529411764706,0.04675153643546971,0.16417910447761194,0.1044776119402985,0.23214285714285715,0.625,0.32142857142857145,0.4107142857142857,0.20588235294117646,0.0,0.07142857142857142,0.5714285714285714,0.4928018252027244,0.43910490138639435,0.35846237096237094,0.47150187571463253,NaN,NaN,NaN,NaN,3.8035714285714284,5.41183767430131,2.2909467552269414,1.008318858666295,4.890909090909091,0.26785714285714285,0.4387325059313665,6.0,9.0,2.189655172413793,1.262682077729989,0.058823529411764705,0.0
866,1,64.0,265.0,4.140625,0.06572420634920635,0.1746031746031746,0.1111111111111111,0.2692307692307692,0.6153846153846154,0.21153846153846154,0.4423076923076923,0.203125,0.0,0.07692307692307693,0.6153846153846154,0.5561792311825952,0.39702826788875917,0.3645337301587302,0.4493329768159147,NaN,NaN,NaN,NaN,5.096153846153846,5.961509268648418,2.2458123844601374,0.9491914929699478,5.214285714285714,0.25,0.34613015804288266,5.0,8.0,1.7340619307832423,0.8598644455789053,0.0625,0.0
867,1,66.0,265.0,4.015151515151516,0.06177156177156177,0.16923076923076924,0.1076923076923077,0.2962962962962963,0.5925925925925926,0.24074074074074073,0.42592592592592593,0.21212121212121213,0.0,0.07142857142857142,0.5714285714285714,0.5197193873378377,0.3788363998192927,0.3492972048527604,0.4474876105294779,NaN,NaN,NaN,NaN,4.907407407407407,4.49850507042321,2.332362735500529,1.0418511107032795,4.660869565217391,0.2962962962962963,0.4648741818984975,5.0,12.0,1.8410493827160495,0.8510636007847839,0.09090909090909091,0.0
868,1,64.0,234.0,3.65625,0.05803571428571429,0.15873015873015872,0.09523809523809523,0.2641509433962264,0.660377358490566,0.20754716981132076,0.41509433962264153,0.21875,0.0,0.07142857142857142,0.5714285714285714,0.5066741181753599,0.4023096654523825,0.36444561727580593,0.45317880804784044,NaN,NaN,NaN,NaN,4.415094339622642,5.27488228911374,2.2476431159098733,0.9408487353903915,4.857142857142858,0.22641509433962265,0.33152122103912834,4.0,9.0,1.8103130755064456,0.8143798115428954,0.078125,0.0
869,1,65.0,254.0,3.9076923076923076,0.061057692307692306,0.171875,0.046875,0.20754716981132076,0.6226415094339622,0.2830188679245283,0.4716981132075472,0.18461538461538463,0.0,0.08333333333333333,0.5,0.5225784767503432,0.4118074163181194,0.36472496755515627,0.4595782976418174,NaN,NaN,NaN,NaN,4.7924528301886795,6.340827689742203,2.2586144463160878,0.9821004382476999,5.208333333333334,0.2641509433962264,0.38323988293746386,4.0,10.0,1.9125,0.8890747067124367,0.046153846153846156,0.0
87,1,66.0,261.0,3.9545454545454546,0.06083916083916084,0.16923076923076924,0.09230769230769231,0.2222222222222222,0.6296296296296297,0.24074074074074073,0.4074074074074074,0.19696969696969696,0.0,0.07692307692307693,0.6153846153846154,0.48781152970532665,0.39351745158589346,0.3352686218914289,0.44930851700697816,NaN,NaN,NaN,NaN,4.833333333333333,6.529324273743655,2.283178536578106,1.0012022233955014,5.113636363636363,0.25925925925925924,0.33896408763641483,6.0,8.0,1.945165945165945,0.9217320855060372,0.030303030303030304,0.0
870,1,67.0,289.0,4.313432835820896,0.06535504296698326,0.16666666666666666,0.045454545454545456,0.2545454545454545,0.6363636363636364,0.18181818181818182,0.41818181818181815,0.208955223880597,0.0,0.0,0.5714285714285714,0.5124330590578736,0.38913140983502376,0.3367433735854789,0.4392032673221159,NaN,NaN,NaN,NaN,5.254545454545455,6.780194965562847,2.2151661139691905,0.8583125906573463,4.258620689655173,0.2,0.30060491158414965,3.0,8.0,1.6978527607361964,0.6983379366987105,0.029850746268656716,0.0
871,1,68.0,243.0,3.573529411764706,0.053336259877085165,0.16417910447761194,0.07462686567164178,0.30357142857142855,0.6428571428571429,0.17857142857142858,0.4107142857142857,0.20588235294117646,0.0,0.07142857142857142,0.5714285714285714,0.5016357905639064,0.39092731514608137,0.3352997448979592,0.4383453919435593,NaN,NaN,NaN,NaN,4.339285714285714,4.951682122688799,2.2654138236617225,0.9502675798181606,4.525423728813559,0.17857142857142858,0.37728073593335454,5.0,10.0,1.9692532942898975,0.9475654243385462,0.04411764705882353,0.0
872,1,68.0,283.0,4.161764705882353,0.06211589113257243,0.16417910447761194,0.08955223880597014,0.25,0.6071428571428571,0.19642857142857142,0.39285714285714285,0.20588235294117646,0.0,0.07142857142857142,0.5714285714285714,0.4963749480587886,0.3950047235649022,0.3205988455988456,0.44329938723655316,NaN,NaN,NaN,NaN,5.053571428571429,6.628916387127873,2.3266664282836738,1.0774557797228614,5.6,0.26785714285714285,0.36758581792861783,5.0,9.0,2.0730659025787967,1.0933958782541602,0.0,0.0
873,1,66.0,249.0,3.772727272727273,0.05804195804195804,0.16923076923076924,0.06153846153846154,0.2777777777777778,0.6296296296296297,0.16666666666666666,0.4074074074074074,0.21212121212121213,0.0,0.0,0.5714285714285714,0.5052342845613116,0.3956287554169839,0.3342702821869488,0.43890960095667747,NaN,NaN,NaN,NaN,4.611111111111111,5.044768134869151,2.2776211632974097,0.972889218112687,4.681818181818182,0.2777777777777778,0.40247866182139624,5.0,11.0,1.889776357827476,0.8592038814531472,0.10606060606060606,0.0
874,1,65.0,256.0,3.9384615384615387,0.06153846153846154,0.140625,0.125,0.2727272727272727,0.6545454545454545,0.23636363636363636,0.4,0.2153846153846154,0.0,0.0,0.7142857142857143,0.5052993454357091,0.4062011008226263,0.34702566202566204,0.45353571656488817,NaN,NaN,NaN,NaN,4.654545454545454,7.193665376483781,2.2532566062208845,0.8750053469757435,4.5,0.18181818181818182,0.3371349227566778,4.0,10.0,1.8777089783281733,0.8346553940417479,0.07692307692307693,0.0
875,1,66.0,250.0,3.787878787878788,0.05827505827505827,0.16923076923076924,0.09230769230769231,0.25925925925925924,0.5925925925925926,0.18518518518518517,0.3888888888888889,0.21212121212121213,0.0,0.07142857142857142,0.5714285714285714,0.5030621446836472,0.4031929568188401,0.3176954732510288,0.44182215671264224,NaN,NaN,NaN,NaN,4.62962962962963,6.295539889616063,2.2753920681431046,0.9478877357965925,4.673076923076923,0.25925925925925924,0.34676541039200726,4.0,9.0,1.6929133858267718,0.7642072998976888,0.030303030303030304,0.0
876,1,67.0,232.0,3.462686567164179,0.052464947987336044,0.16666666666666666,0.09090909090909091,0.2909090909090909,0.6,0.23636363636363636,0.43636363636363634,0.208955223880597,0.0,0.07142857142857142,0.5714285714285714,0.521177097493058,0.4052722039928168,0.3655594405594406,0.45395774710623044,NaN,NaN,NaN,NaN,4.218181818181818,3.7202693505180564,2.282047000566254,0.9683860903894402,4.730769230769231,0.2727272727272727,0.4111550042770914,5.0,12.0,2.0093896713615025,0.9484715157856817,0.05970149253731343,0.0
877,1,68.0,237.0,3.485294117647059,0.05201931518876207,0.16417910447761194,0.11940298507462686,0.25,0.625,0.25,0.4107142857142857,0.20588235294117646,0.0,0.07142857142857142,0.5714285714285714,0.526535602583153,0.4028968069673329,0.34920634920634924,0.451975559477766,NaN,NaN,NaN,NaN,4.232142857142857,4.319053227180788,2.3385392954526587,1.0906995880132566,5.318181818181818,0.2857142857142857,0.5180183541495019,6.0,13.0,2.297111416781293,1.2048021075775044,0.11764705882352941,0.0
878,1,67.0,272.0,4.059701492537314,0.06151062867480778,0.16666666666666666,0.07575757575757576,0.23636363636363636,0.6363636363636364,0.21818181818181817,0.43636363636363634,0.208955223880597,0.0,0.07142857142857142,0.6428571428571429,0.5296793557873104,0.39242338010164113,0.35391944656650537,0.45089556288374677,NaN,NaN,NaN,NaN,4.945454545454545,6.337478707154475,2.278287399420408,1.0033348191064848,5.583333333333334,0.2545454545454545,0.34489599548056693,5.0,9.0,2.0029455081001473,0.997041426506841,0.0,0.0
879,1,65.0,330.0,5.076923076923077,0.07932692307692307,0.171875,0.015625,0.2830188679245283,0.5849056603773585,0.3018867924528302,0.4716981132075472,0.2153846153846154,0.0,0.07142857142857142,0.6428571428571429,0.6098965352878566,0.3907856027524935,0.382705622725181,0.46300562373821064,NaN,NaN,NaN,NaN,6.226415094339623,9.734240734157801,2.270011463627229,0.9209328695836964,4.666666666666666,0.3018867924528302,0.46483507704370663,4.0,11.0,1.7992518703241895,0.8108807122449513,0.06153846153846154,0.0
88,1,68.0,323.0,4.75,0.0708955223880597,0.16417910447761194,0.08955223880597014,0.21428571428571427,0.625,0.19642857142857142,0.42857142857142855,0.20588235294117646,0.0,0.0,0.6428571428571429,0.4853949328128688,0.3813396279768512,0.3348328754578755,0.4368614781148499,NaN,NaN,NaN,NaN,5.767857142857143,7.3805421614812685,2.219173135627068,0.8487007189311417,4.352941176470589,0.26785714285714285,0.32244167053626466,4.0,8.0,1.6747159090909092,0.6939178391868188,0.04411764705882353,0.0
880,1,66.0,249.0,3.772727272727273,0.05804195804195804,0.16923076923076924,0.12307692307692308,0.25925925925925924,0.6111111111111112,0.24074074074074073,0.42592592592592593,0.21212121212121213,0.0,0.07142857142857142,0.5714285714285714,0.5663829534058292,0.40205470226651274,0.35371773288439956,0.45260346705998794,NaN,NaN,NaN,NaN,4.611111111111111,6.066974212952362,2.2722987331394306,0.965906346163232,4.909090909090909,0.2962962962962963,0.3035819536628665,4.0,7.0,1.698443579766537,0.7826813945830936,0.030303030303030304,0.0
881,1,65.0,234.0,3.6,0.05625,0.15625,0.109375,0.2962962962962963,0.6296296296296297,0.2962962962962963,0.4444444444444444,0.2153846153846154,0.0,0.07142857142857142,0.5714285714285714,0.5434416770823556,0.40458040219900376,0.36768829089090527,0.4648435430196389,NaN,NaN,NaN,NaN,4.333333333333333,4.891270622434091,2.2421128666135504,0.8707591366547687,4.290697674418604,0.18518518518518517,0.3374996637169978,4.0,10.0,1.7517605633802817,0.7298114557275365,0.07692307692307693,0.0
882,1,67.0,288.0,4.298507462686567,0.06512890094979647,0.16666666666666666,0.07575757575757576,0.23636363636363636,0.6363636363636364,0.2,0.4,0.208955223880597,0.0,0.0,0.6428571428571429,0.5403306279698779,0.39070556075310015,0.3386087768440709,0.4449383375290951,NaN,NaN,NaN,NaN,5.236363636363636,5.953410589157919,2.2521927731237152,0.9273919165738932,4.4,0.2727272727272727,0.36284141847349244,5.0,10.0,1.989501312335958,0.9452252305821909,0.08955223880597014,0.0
883,1,68.0,274.0,4.029411764705882,0.0601404741000878,0.16417910447761194,0.1044776119402985,0.23214285714285715,0.625,0.23214285714285715,0.44642857142857145,0.20588235294117646,0.0,0.07142857142857142,0.5714285714285714,0.5192072147776665,0.4011824808315974,0.35596365440115435,0.4527286016246557,NaN,NaN,NaN,NaN,4.892857142857143,4.54744112432704,2.2709171464623212,0.9468083864716206,4.75,0.2857142857142857,0.3767316399976898,5.0,10.0,1.9563953488372092,0.9806659802752231,0.058823529411764705,0.0
884,1,67.0,213.0,3.1791044776119404,0.04816824966078698,0.16666666666666666,0.06060606060606061,0.2727272727272727,0.6363636363636364,0.2545454545454545,0.41818181818181815,0.208955223880597,0.0,0.07142857142857142,0.5714285714285714,0.4727896978733763,0.4122058496916544,0.3463727094161877,0.45394589323396,NaN,NaN,NaN,NaN,3.8727272727272726,4.914282078815618,2.2733683080221065,1.013451424316609,5.7,0.2,0.4012592351842674,6.0,9.0,2.0215264187866926,1.1570442476272655,0.04477611940298507,0.0
885,1,67.0,326.0,4.865671641791045,0.07372229760289462,0.16666666666666666,0.06060606060606061,0.2727272727272727,0.6363636363636364,0.18181818181818182,0.4,0.208955223880597,0.0,0.0,0.5714285714285714,0.46403233079434486,0.3959920536858232,0.3364790764790765,0.44241243255346996,NaN,NaN,NaN,NaN,5.927272727272728,7.383300841299323,2.2891701935766187,0.9983887122735569,4.583333333333334,0.2545454545454545,0.38203552549998393,4.0,11.0,1.8508997429305913,0.843404550469601,0.1044776119402985,0.0
886,1,63.0,222.0,3.5238095238095237,0.05683563748079877,0.1774193548387097,0.12903225806451613,0.3333333333333333,0.5686274509803921,0.27450980392156865,0.43137254901960786,0.2222222222222222,0.0,0.07142857142857142,0.6428571428571429,0.5756017690949595,0.3909575417469535,0.37994864612511675,0.4617142692954517,NaN,NaN,NaN,NaN,4.352941176470588,7.064909141416512,2.2289492280930636,0.8624288569974524,4.444444444444445,0.21568627450980393,0.3427094209372944,4.0,8.0,1.7196467991169977,0.786212979048595,0.0,0.0
887,1,67.0,244.0,3.6417910447761193,0.055178652193577565,0.16666666666666666,0.10606060606060606,0.2727272727272727,0.6545454545454545,0.21818181818181817,0.41818181818181815,0.208955223880597,0.0,0.14285714285714285,0.6428571428571429,0.5481740304609053,0.4060306625153436,0.3571041584677948,0.44935677438338556,NaN,NaN,NaN,NaN,4.4363636363636365,5.665894183829848,2.187730071414921,0.8249082957387532,4.044776119402985,0.21818181818181817,0.36114327379376293,4.0,7.0,1.6306818181818181,0.6386996908975809,0.029850746268656716,0.0
888,1,67.0,207.0,3.08955223880597,0.046811397557666216,0.16666666666666666,0.15151515151515152,0.2909090909090909,0.6181818181818182,0.2545454545454545,0.4,0.208955223880597,0.0,0.0,0.5714285714285714,0.5092569346109066,0.403481740702041,0.35696969696969694,0.46363250126559036,NaN,NaN,NaN,NaN,3.7636363636363637,3.3442246311870836,2.3003785897549,1.0261290608287237,5.1,0.23636363636363636,0.3687180809244741,5.0,9.0,1.894736842105263,0.9235770435398998,0.029850746268656716,0.0
889,1,65.0,247.0,3.8,0.059375,0.140625,0.140625,0.2727272727272727,0.6181818181818182,0.2,0.38181818181818183,0.2153846153846154,0.0,0.0,0.5714285714285714,0.4498738140955452,0.3893454275863249,0.3188311688311688,0.43229351344723493,NaN,NaN,NaN,NaN,4.490909090909091,5.580630281915685,2.2895271646917337,0.918319254762856,5.0,0.2,0.35970125123538604,4.0,9.0,1.5751072961373391,0.6781874081002918,0.07692307692307693,0.0
89,1,67.0,247.0,3.6865671641791047,0.05585707824513795,0.15151515151515152,0.10606060606060606,0.26785714285714285,0.6071428571428571,0.19642857142857142,0.4107142857142857,0.208955223880597,0.0,0.07142857142857142,0.5714285714285714,0.4986193214347011,0.3873971495494157,0.3278692537621109,0.4386354086829663,NaN,NaN,NaN,NaN,4.410714285714286,4.591600179435511,2.298315010059094,0.9366666502037553,4.52808988764045,0.30357142857142855,0.33930035820781274,4.0,10.0,1.7722602739726028,0.7463009022991202,0.05970149253731343,0.0
890,1,67.0,288.0,4.298507462686567,0.06512890094979647,0.16666666666666666,0.09090909090909091,0.2727272727272727,0.6,0.2,0.43636363636363634,0.208955223880597,0.0,0.0,0.6428571428571429,0.5621223860819663,0.3853542451335458,0.34420352594265635,0.4427501478492359,NaN,NaN,NaN,NaN,5.236363636363636,7.53255560479934,2.257523839465958,0.9014482566893102,4.4375,0.21818181818181817,0.34943715648027696,4.0,9.0,1.8060344827586208,0.7762802423329904,0.029850746268656716,0.0
891,1,67.0,269.0,4.014925373134329,0.0608322026232474,0.16666666666666666,0.10606060606060606,0.2,0.6181818181818182,0.2,0.45454545454545453,0.208955223880597,0.0,0.07142857142857142,0.5714285714285714,0.5213925471830982,0.40073944134294553,0.358612596553773,0.44621926394930644,NaN,NaN,NaN,NaN,4.890909090909091,5.785270976312196,2.2635622088405483,0.9355884212366152,4.545454545454545,0.2909090909090909,0.366181165677016,4.0,9.0,1.965034965034965,0.8935858224172057,0.05970149253731343,0.0
892,1,66.0,215.0,3.257575757575758,0.05011655011655012,0.16923076923076924,0.1076923076923077,0.2777777777777778,0.6481481481481481,0.25925925925925924,0.4074074074074074,0.21212121212121213,0.0,0.0,0.6428571428571429,0.5889293257861654,0.3986500648812969,0.36653806584362136,0.4593746721658135,NaN,NaN,NaN,NaN,3.9814814814814814,4.79972774676302,2.242812253069728,0.9331612097610691,4.625,0.24074074074074073,0.40513772915979046,4.0,11.0,1.863468634686347,0.811079332653275,0.045454545454545456,0.0
893,1,66.0,237.0,3.590909090909091,0.05524475524475524,0.16923076923076924,0.16923076923076924,0.2777777777777778,0.6111111111111112,0.2037037037037037,0.4074074074074074,0.21212121212121213,0.0,0.07142857142857142,0.5714285714285714,0.4830730570548979,0.4155960770821128,0.3559089542749674,0.45439184516061776,NaN,NaN,NaN,NaN,4.388888888888889,4.8580478518451855,2.2515419599580304,0.9364693032321183,5.166666666666666,0.24074074074074073,0.3772990022185708,5.0,7.0,1.8190127970749543,0.8802703827361125,0.0,0.0
894,1,67.0,226.0,3.373134328358209,0.05110809588421529,0.16666666666666666,0.13636363636363635,0.2545454545454545,0.6181818181818182,0.2545454545454545,0.38181818181818183,0.208955223880597,0.0,0.07142857142857142,0.5714285714285714,0.4436825687823622,0.4320762390639131,0.3504329004329005,0.46553682530120927,NaN,NaN,NaN,NaN,4.109090909090909,5.230511366802404,2.3363541435094684,1.1164321613086077,5.714285714285714,0.2545454545454545,0.4511067648008791,5.0,10.0,1.6844783715012723,0.946092013023863,0.05970149253731343,0.0
895,1,68.0,228.0,3.3529411764705883,0.05004389815627744,0.16417910447761194,0.11940298507462686,0.2857142857142857,0.6428571428571429,0.26785714285714285,0.42857142857142855,0.20588235294117646,0.0,0.07142857142857142,0.6428571428571429,0.5042033455066907,0.41208261055235784,0.34994375142401457,0.45636329860048047,NaN,NaN,NaN,NaN,4.071428571428571,5.137587487800592,2.2769719770934094,0.995487337499042,5.375,0.21428571428571427,0.3496778249864165,5.0,8.0,1.9858657243816253,1.0095884781496283,0.0,0.0
896,1,66.0,194.0,2.9393939393939394,0.04522144522144522,0.16923076923076924,0.16923076923076924,0.3148148148148148,0.6481481481481481,0.2962962962962963,0.3888888888888889,0.21212121212121213,0.0,0.07142857142857142,0.6428571428571429,0.529384174733564,0.4222705332195447,0.3627211266100155,0.47503196615243126,NaN,NaN,NaN,NaN,3.5925925925925926,3.6781789922204724,2.3285844579032826,1.128600941087374,5.954545454545455,0.16666666666666666,0.4930498060850856,5.0,12.0,2.016326530612245,1.015090018629113,0.06060606060606061,0.0
897,1,68.0,245.0,3.6029411764705883,0.053775241439859525,0.16417910447761194,0.05970149253731343,0.2857142857142857,0.6071428571428571,0.17857142857142858,0.42857142857142855,0.20588235294117646,0.0,0.07142857142857142,0.5714285714285714,0.5165378474367711,0.38805871935205377,0.3298611111111111,0.4321490103937701,NaN,NaN,NaN,NaN,4.375,3.8920081285535972,2.315128460206171,1.0472339916704752,5.2368421052631575,0.23214285714285715,0.4140789272862322,5.0,11.0,2.036390101892285,0.958383484306915,0.07352941176470588,0.0
898,1,64.0,262.0,4.09375,0.06498015873015874,0.15873015873015872,0.015873015873015872,0.2641509433962264,0.6037735849056604,0.22641509433962265,0.39622641509433965,0.21875,0.0,0.07142857142857142,0.5714285714285714,0.4898204270647473,0.4078430973427633,0.32020759830239814,0.44560551516475155,NaN,NaN,NaN,NaN,4.943396226415095,7.20954253947135,2.3577128143982056,1.0681217180555413,4.904761904761905,0.2830188679245283,0.48729164028097655,4.0,9.0,1.6622137404580153,0.7689130070130565,0.078125,0.0
899,1,68.0,274.0,4.029411764705882,0.0601404741000878,0.16417910447761194,0.05970149253731343,0.25,0.6428571428571429,0.21428571428571427,0.42857142857142855,0.20588235294117646,0.0,0.07142857142857142,0.6428571428571429,0.5102770938779112,0.39516561719952964,0.349462937855795,0.44570287979712375,NaN,NaN,NaN,NaN,4.892857142857143,5.594408154345069,2.254850470464907,0.9463322233688538,4.583333333333334,0.26785714285714285,0.4802859911087903,5.0,10.0,1.9922978177150192,0.9417165498656487,0.04411764705882353,0.0
9,1,66.0,221.0,3.3484848484848486,0.051515151515151514,0.16923076923076924,0.07692307692307693,0.2777777777777778,0.6666666666666666,0.24074074074074073,0.4074074074074074,0.21212121212121213,0.0,0.14285714285714285,0.5714285714285714,0.5043250925964997,0.3965915977480147,0.3525499706055261,0.4552617393251359,NaN,NaN,NaN,NaN,4.092592592592593,5.624302115259962,2.3118148318519394,1.1077928734392555,5.241379310344827,0.16666666666666666,0.5133752735987201,6.0,9.0,2.063047285464098,1.088802897861565,0.030303030303030304,0.0
90,1,68.0,225.0,3.3088235294117645,0.04938542581211589,0.16417910447761194,0.14925373134328357,0.26785714285714285,0.6071428571428571,0.23214285714285715,0.42857142857142855,0.20588235294117646,0.0,0.07142857142857142,0.6428571428571429,0.5485492946828002,0.4075122060381002,0.3486040249433107,0.44541996367281683,NaN,NaN,NaN,NaN,4.017857142857143,4.959805976515143,2.2808921896283816,0.9654542682662144,4.916666666666666,0.25,0.33029690227232517,5.0,8.0,2.1451612903225805,1.0414528936061782,0.029411764705882353,0.0
900,1,67.0,275.0,4.104477611940299,0.06218905472636816,0.16666666666666666,0.015151515151515152,0.21818181818181817,0.6181818181818182,0.14545454545454545,0.4727272727272727,0.208955223880597,0.0,0.0,0.6428571428571429,0.4861742725671536,0.3627987423136776,0.3307307992067351,0.42326695608027354,NaN,NaN,NaN,NaN,5.0,6.560261964055783,2.254215362870647,0.9152335784128113,4.628571428571428,0.2909090909090909,0.35969409428557353,5.0,8.0,1.6877133105802047,0.7554378770254685,0.029850746268656716,0.0
901,1,67.0,294.0,4.388059701492537,0.06648575305291723,0.15151515151515152,0.015151515151515152,0.23214285714285715,0.625,0.23214285714285715,0.4107142857142857,0.208955223880597,0.0,0.0,0.5714285714285714,0.5058668641884599,0.3975955646035728,0.33268978045763753,0.445811218242618,NaN,NaN,NaN,NaN,5.25,7.349087760333993,2.3543389814653164,1.0541581369863322,4.909090909090909,0.30357142857142855,0.38553707350541316,6.0,11.0,2.205098493626883,1.16339049999773,0.0,0.0
902,1,68.0,267.0,3.926470588235294,0.058604038630377525,0.16417910447761194,0.07462686567164178,0.25,0.625,0.25,0.39285714285714285,0.20588235294117646,0.0,0.07142857142857142,0.6428571428571429,0.5558292626822766,0.4087455434424782,0.3411435120025021,0.45534886110973255,NaN,NaN,NaN,NaN,4.767857142857143,6.886062528241895,2.3013732671980756,1.0427417033826973,5.75,0.23214285714285715,0.3728110943963669,6.0,8.0,2.0450310559006213,1.1249289587929883,0.04411764705882353,0.0
903,1,67.0,283.0,4.223880597014926,0.0639981908638625,0.15151515151515152,0.0,0.23214285714285715,0.625,0.26785714285714285,0.42857142857142855,0.208955223880597,0.0,0.07142857142857142,0.5714285714285714,0.5155973007729452,0.41061784623161285,0.358103354978355,0.4576118543322175,NaN,NaN,NaN,NaN,5.053571428571429,7.262405418835583,2.3038844011602806,0.9771142288194665,4.905882352941177,0.26785714285714285,0.4053637811268175,5.0,10.0,2.1236702127659575,1.0496963419976033,0.07462686567164178,0.0
904,1,66.0,242.0,3.6666666666666665,0.05641025641025641,0.16923076923076924,0.015384615384615385,0.25925925925925924,0.6111111111111112,0.3148148148148148,0.4444444444444444,0.21212121212121213,0.0,0.07142857142857142,0.6428571428571429,0.5436553644916936,0.4324706050571121,0.3645447615637317,0.4694816334614715,NaN,NaN,NaN,NaN,4.481481481481482,7.681737079349592,2.2822273882501873,1.000756035682069,5.583333333333334,0.24074074074074073,0.4054063729558375,5.0,10.0,2.0183767228177643,1.0044223375131494,0.030303030303030304,0.0
905,1,67.0,256.0,3.8208955223880596,0.05789235639981909,0.16666666666666666,0.06060606060606061,0.2727272727272727,0.6363636363636364,0.21818181818181817,0.43636363636363634,0.208955223880597,0.0,0.07142857142857142,0.7142857142857143,0.4977219712800946,0.4105351065058194,0.3496320346320347,0.446591915081157,NaN,NaN,NaN,NaN,4.654545454545454,6.01300498554832,2.226603416435256,0.873534372005907,4.5,0.23636363636363636,0.42828592522546577,5.0,11.0,1.8131101813110182,0.7275089166990621,0.1044776119402985,0.0
906,1,68.0,285.0,4.1911764705882355,0.06255487269534679,0.16417910447761194,0.014925373134328358,0.26785714285714285,0.625,0.17857142857142858,0.39285714285714285,0.20588235294117646,0.0,0.07142857142857142,0.7142857142857143,0.520435704921492,0.3971755247576524,0.32503023431594863,0.43771287413155235,NaN,NaN,NaN,NaN,5.089285714285714,5.654529272954673,2.3127227317744836,1.0217377220925745,4.675675675675675,0.26785714285714285,0.5122007677053029,6.0,13.0,1.9663056558363416,0.9151052071739553,0.10294117647058823,0.0
907,1,66.0,222.0,3.3636363636363638,0.05174825174825175,0.15384615384615385,0.13846153846153847,0.32727272727272727,0.6363636363636364,0.23636363636363636,0.36363636363636365,0.21212121212121213,0.0,0.07142857142857142,0.5714285714285714,0.4986321012686144,0.4218023603519376,0.34209956709956707,0.46029112029541663,NaN,NaN,NaN,NaN,4.036363636363636,5.3088452966571165,2.281891903787329,0.9803677931987649,4.9264705882352935,0.14545454545454545,0.3702145117064544,4.0,8.0,1.7282850779510022,0.8356599983455418,0.07575757575757576,0.0
908,1,68.0,315.0,4.632352941176471,0.06913959613696224,0.16417910447761194,0.05970149253731343,0.25,0.6071428571428571,0.26785714285714285,0.42857142857142855,0.20588235294117646,0.0,0.0,0.6428571428571429,0.5247919266362121,0.39705281032387296,0.3466732355081251,0.45351651440737284,NaN,NaN,NaN,NaN,5.625,6.871714090782193,2.250456187641137,0.8809485568828865,4.298076923076923,0.2857142857142857,0.4031102485297307,4.0,11.0,1.7820672478206725,0.7295523243577754,0.058823529411764705,0.0
909,1,68.0,260.0,3.823529411764706,0.05706760316066725,0.16417910447761194,0.1044776119402985,0.23214285714285715,0.6428571428571429,0.26785714285714285,0.42857142857142855,0.20588235294117646,0.0,0.0,0.6428571428571429,0.5351306208955767,0.396802061774408,0.362020723841376,0.46113114655599585,NaN,NaN,NaN,NaN,4.642857142857143,5.268874544059573,2.2470463176470323,0.9323199216759366,4.827586206896552,0.2857142857142857,0.3667730817118969,6.0,13.0,1.9271916790490342,0.9075021253692506,0.029411764705882353,0.0
91,1,67.0,323.0,4.82089552238806,0.07304387155133424,0.16666666666666666,0.015151515151515152,0.21818181818181817,0.6181818181818182,0.21818181818181817,0.43636363636363634,0.208955223880597,0.0,0.07142857142857142,0.6428571428571429,0.5437984093388355,0.3869865953137043,0.352173697761933,0.45210544619216836,NaN,NaN,NaN,NaN,5.872727272727273,6.733153312925047,2.3177687388262243,1.0325578621476235,4.835616438356164,0.3090909090909091,0.3770917207703679,5.0,11.0,2.0,0.9578695758263676,0.07462686567164178,0.0
910,1,64.0,201.0,3.140625,0.04985119047619048,0.14285714285714285,0.15873015873015872,0.2962962962962963,0.6296296296296297,0.24074074074074073,0.4074074074074074,0.21875,0.0,0.07142857142857142,0.5714285714285714,0.5080005522062814,0.3993448944143363,0.34550264550264553,0.4538933947141891,NaN,NaN,NaN,NaN,3.7222222222222223,4.039506165720395,2.3564795724525243,1.0619235152725188,6.0,0.16666666666666666,0.33864893992790857,5.0,8.0,1.7163461538461537,0.8309217499786494,0.0,0.0
911,1,67.0,295.0,4.402985074626866,0.06671189507010403,0.16666666666666666,0.045454545454545456,0.16363636363636364,0.6181818181818182,0.2545454545454545,0.4727272727272727,0.19402985074626866,0.0,0.07692307692307693,0.6153846153846154,0.5269236160589853,0.40232448267440507,0.36032391585023166,0.45337453661622906,NaN,NaN,NaN,NaN,5.363636363636363,6.659339407689124,2.2553617399735724,0.9273616388713251,4.6521739130434785,0.34545454545454546,0.3858453534262684,5.0,9.0,1.9532967032967032,0.9674283384185939,0.029850746268656716,0.0
912,1,67.0,267.0,3.985074626865672,0.060379918588873815,0.15151515151515152,0.015151515151515152,0.23214285714285715,0.6071428571428571,0.19642857142857142,0.4107142857142857,0.208955223880597,0.0,0.0,0.5714285714285714,0.4875091280424507,0.42457272201012897,0.3431798855905998,0.44719700122943384,NaN,NaN,NaN,NaN,4.767857142857143,6.449781029203651,2.247448370981866,0.8561693780854098,4.558139534883721,0.23214285714285715,0.32637336294508523,5.0,7.0,1.5630434782608695,0.7485232216545235,0.029850746268656716,0.0
913,1,67.0,342.0,5.104477611940299,0.0773405698778833,0.16666666666666666,0.015151515151515152,0.23636363636363636,0.6181818181818182,0.18181818181818182,0.45454545454545453,0.208955223880597,0.0,0.07142857142857142,0.5714285714285714,0.565384413638487,0.4053367980713008,0.3520682547426733,0.4462313934375904,NaN,NaN,NaN,NaN,6.218181818181818,7.71888235310947,2.3148374967855854,1.035039971116073,5.022222222222222,0.2727272727272727,0.3857762748260095,4.0,10.0,1.881188118811881,0.8726847999744777,0.08955223880597014,0.0
914,1,65.0,259.0,3.9846153846153847,0.062259615384615385,0.140625,0.03125,0.2545454545454545,0.6,0.2545454545454545,0.45454545454545453,0.2153846153846154,0.0,0.07142857142857142,0.6428571428571429,0.5702143849673218,0.40410433351372854,0.3582644628099173,0.4461339932890092,NaN,NaN,NaN,NaN,4.709090909090909,7.241016726422003,2.3068137527181776,0.9369695839829625,5.217391304347826,0.3090909090909091,0.43416809189371625,6.0,11.0,2.1279887482419126,1.175664645049641,0.03076923076923077,0.0
915,1,66.0,294.0,4.454545454545454,0.06853146853146853,0.15384615384615385,0.07692307692307693,0.2545454545454545,0.6181818181818182,0.21818181818181817,0.41818181818181815,0.21212121212121213,0.0,0.0,0.6428571428571429,0.5195445966328504,0.3946698301988105,0.3419329660238751,0.4446169074645982,NaN,NaN,NaN,NaN,5.345454545454546,8.49448226534313,2.2662779021666766,0.8837807842932671,4.477272727272727,0.2545454545454545,0.43587706907562157,4.0,11.0,1.8012903225806451,0.7255032198852394,0.09090909090909091,0.0
916,1,68.0,332.0,4.882352941176471,0.07287093942054433,0.16417910447761194,0.029850746268656716,0.25,0.6071428571428571,0.23214285714285715,0.4642857142857143,0.20588235294117646,0.0,0.07142857142857142,0.6428571428571429,0.5548212695962682,0.40055581278491764,0.3694586167800454,0.45450099744687866,NaN,NaN,NaN,NaN,5.928571428571429,6.977514907595273,2.2410472732548383,0.8769921969873986,4.305263157894737,0.25,0.3671973708437157,5.0,11.0,1.9432463110102156,0.9481814625127689,0.07352941176470588,0.0
917,1,68.0,237.0,3.485294117647059,0.05201931518876207,0.16417910447761194,0.08955223880597014,0.2857142857142857,0.625,0.17857142857142858,0.42857142857142855,0.20588235294117646,0.0,0.07142857142857142,0.5714285714285714,0.5135217805834178,0.3905106383747159,0.3360522414093842,0.43535489625472773,NaN,NaN,NaN,NaN,4.232142857142857,5.2257790073601695,2.315566567056792,1.06277360621062,5.111111111111111,0.19642857142857142,0.39294763816329836,6.0,10.0,2.0,1.0548465538817178,0.058823529411764705,0.0
918,1,67.0,253.0,3.7761194029850746,0.05721393034825871,0.16666666666666666,0.10606060606060606,0.2545454545454545,0.6181818181818182,0.2545454545454545,0.43636363636363634,0.208955223880597,0.0,0.07142857142857142,0.6428571428571429,0.5193553930942978,0.396400589030425,0.36160173160173165,0.447159555461978,NaN,NaN,NaN,NaN,4.6,5.858200962626541,2.198142123040513,0.8219117976892023,4.073170731707317,0.2545454545454545,0.3558703842942381,4.0,9.0,1.5169491525423728,0.5825932340749747,0.05970149253731343,0.0
919,1,66.0,177.0,2.6818181818181817,0.04125874125874126,0.15384615384615385,0.2,0.32727272727272727,0.6363636363636364,0.2727272727272727,0.38181818181818183,0.21212121212121213,0.0,0.07142857142857142,0.5714285714285714,0.47457482700380427,0.41996365580365447,0.34863636363636363,0.46401573902250987,NaN,NaN,NaN,NaN,3.2181818181818183,3.2300149586335714,2.3325552366313236,1.0501612697820977,5.083333333333334,0.18181818181818182,0.317281087644175,4.0,7.0,1.8415841584158417,0.8936797464291678,0.0,0.0
92,1,62.0,256.0,4.129032258064516,0.06768905341089371,0.18032786885245902,0.0,0.3,0.6,0.32,0.42,0.22580645161290322,0.0,0.07142857142857142,0.6428571428571429,0.6251624887645904,0.4285511879656966,0.37801994301994296,0.4784462587551983,NaN,NaN,NaN,NaN,5.12,7.937613891196416,2.307767875754068,1.0440499100287683,5.0,0.24,0.43935773012504276,4.0,9.0,1.7523809523809524,0.8602874584038044,0.06451612903225806,0.0
920,1,67.0,211.0,3.1492537313432836,0.047715965626413386,0.16666666666666666,0.15151515151515152,0.2727272727272727,0.6363636363636364,0.23636363636363636,0.4,0.208955223880597,0.0,0.07142857142857142,0.5714285714285714,0.4450442994848126,0.3986430935093983,0.3365588659706307,0.44191270357893425,NaN,NaN,NaN,NaN,3.8363636363636364,5.983816558523549,2.27256817730963,1.0023999108654353,5.166666666666666,0.2,0.3402467508398244,5.0,8.0,2.1336898395721926,1.1043528017674342,0.029850746268656716,0.0
921,1,65.0,244.0,3.753846153846154,0.058653846153846154,0.171875,0.109375,0.3018867924528302,0.6415094339622641,0.16981132075471697,0.41509433962264153,0.2,0.0,0.07692307692307693,0.5384615384615384,0.5046920193671349,0.3930630842540307,0.3429994010182689,0.4387589181197007,NaN,NaN,NaN,NaN,4.60377358490566,4.289251425820617,2.255075667352832,0.9684429870404387,4.625,0.18867924528301888,0.3956422431769838,5.0,10.0,1.6728778467908902,0.7945805801337236,0.07692307692307693,0.0
922,1,67.0,272.0,4.059701492537314,0.06151062867480778,0.15151515151515152,0.09090909090909091,0.2857142857142857,0.625,0.21428571428571427,0.4107142857142857,0.208955223880597,0.0,0.0,0.6428571428571429,0.5093026066879208,0.389999705651277,0.3320211038961039,0.44038053644611275,NaN,NaN,NaN,NaN,4.857142857142857,5.964831999245308,2.2472775353372367,0.851924001066949,4.181818181818182,0.25,0.33437977526049245,5.0,9.0,1.9009247027741083,0.844817184372252,0.029850746268656716,0.0
923,1,68.0,268.0,3.9411764705882355,0.058823529411764705,0.16417910447761194,0.11940298507462686,0.25,0.625,0.21428571428571427,0.4107142857142857,0.20588235294117646,0.0,0.0,0.6428571428571429,0.536370944546703,0.3973413181337952,0.35126842403628117,0.44911117636366626,NaN,NaN,NaN,NaN,4.785714285714286,6.011244873989492,2.279607752280786,0.9793480156218518,5.0,0.26785714285714285,0.35202034221842377,6.0,10.0,2.211660329531052,1.2026054229294332,0.07352941176470588,0.0
924,1,66.0,235.0,3.5606060606060606,0.054778554778554776,0.15384615384615385,0.1076923076923077,0.2909090909090909,0.6,0.2,0.41818181818181815,0.21212121212121213,0.0,0.0,0.5714285714285714,0.47901852799825323,0.40365287099879066,0.33084349993440904,0.4403602589018138,NaN,NaN,NaN,NaN,4.2727272727272725,4.57632614034019,2.3317357502328644,1.0150355463994036,5.147058823529411,0.2727272727272727,0.4069626623071247,5.0,10.0,2.1009316770186337,1.0860628746264984,0.0,0.0
925,1,68.0,245.0,3.6029411764705883,0.053775241439859525,0.16417910447761194,0.029850746268656716,0.23214285714285715,0.625,0.23214285714285715,0.42857142857142855,0.20588235294117646,0.0,0.0,0.6428571428571429,0.48218351297081685,0.4032157657667805,0.34129582388510954,0.4448705629357373,NaN,NaN,NaN,NaN,4.375,5.231243551098447,2.2815805648449783,0.9723332045339149,4.720000000000001,0.2857142857142857,0.4325467876410777,4.0,12.0,2.00929614873838,0.8528230084383569,0.10294117647058823,0.0
926,1,67.0,252.0,3.7611940298507465,0.05698778833107191,0.15151515151515152,0.07575757575757576,0.26785714285714285,0.625,0.23214285714285715,0.39285714285714285,0.208955223880597,0.0,0.0,0.5714285714285714,0.47971235457283884,0.38819000589983915,0.32984114100185524,0.4442445990990237,NaN,NaN,NaN,NaN,4.5,5.190901130387146,2.3067780708212826,0.9760973718691409,4.733333333333333,0.26785714285714285,0.39932986678842414,5.0,11.0,2.1174863387978142,1.03554883434921,0.07462686567164178,0.0
927,1,68.0,226.0,3.323529411764706,0.04960491659350307,0.16417910447761194,0.07462686567164178,0.23214285714285715,0.6428571428571429,0.25,0.42857142857142855,0.20588235294117646,0.0,0.07142857142857142,0.5714285714285714,0.5352463566706731,0.42304109425590003,0.35965136054421765,0.4608655622961938,NaN,NaN,NaN,NaN,4.035714285714286,4.480114794447636,2.303594586434972,1.0728442592556153,5.945945945945946,0.26785714285714285,0.4633541118103943,6.0,11.0,2.1745283018867925,1.196864248408733,0.029411764705882353,0.0
928,1,67.0,255.0,3.8059701492537314,0.057666214382632294,0.16666666666666666,0.015151515151515152,0.2545454545454545,0.6181818181818182,0.2545454545454545,0.43636363636363634,0.208955223880597,0.0,0.0,0.5714285714285714,0.5039411643398624,0.3976791822141729,0.3500203332021513,0.4519475987789476,NaN,NaN,NaN,NaN,4.636363636363637,6.777860572436846,2.3295832330596444,1.0689063034558595,5.241379310344827,0.2727272727272727,0.4922591773339757,5.0,11.0,1.755639097744361,0.8638296489169383,0.08955223880597014,0.0
929,1,68.0,281.0,4.132352941176471,0.06167690956979807,0.16417910447761194,0.08955223880597014,0.23214285714285715,0.625,0.23214285714285715,0.44642857142857145,0.20588235294117646,0.0,0.07142857142857142,0.6428571428571429,0.48493913277806666,0.4080491940225745,0.35543707023970184,0.45511561713311677,NaN,NaN,NaN,NaN,5.017857142857143,5.0434154063530166,2.322563721705478,1.0613635249209827,5.08,0.25,0.39231980317516196,5.0,11.0,1.8628048780487805,0.9127196496273439,0.07352941176470588,0.0
93,1,68.0,295.0,4.338235294117647,0.06474978050921862,0.16417910447761194,0.08955223880597014,0.23214285714285715,0.6071428571428571,0.21428571428571427,0.42857142857142855,0.20588235294117646,0.0,0.0,0.5714285714285714,0.4802048972796173,0.39397685226037843,0.3424861925566813,0.4448255732571577,NaN,NaN,NaN,NaN,5.267857142857143,7.4820781542625925,2.2677305261466083,0.9163911663990523,4.484848484848484,0.30357142857142855,0.3718743444101159,4.0,11.0,1.7797297297297296,0.7293350132117226,0.07352941176470588,0.0
930,1,68.0,253.0,3.7205882352941178,0.05553116769095698,0.16417910447761194,0.1044776119402985,0.25,0.625,0.23214285714285715,0.4107142857142857,0.20588235294117646,0.0,0.0,0.7142857142857143,0.5058408489533355,0.39276353287680155,0.3467558235415379,0.45131656585335744,NaN,NaN,NaN,NaN,4.517857142857143,5.236206369391599,2.263693699637661,0.9461649489102675,4.666666666666666,0.25,0.3555826115925293,5.0,11.0,1.84375,0.8496110651990895,0.07352941176470588,0.0
931,1,67.0,288.0,4.298507462686567,0.06512890094979647,0.16666666666666666,0.12121212121212122,0.2545454545454545,0.6181818181818182,0.16363636363636364,0.41818181818181815,0.208955223880597,0.0,0.0,0.7142857142857143,0.5151396706235739,0.39317070384316444,0.34222550177095623,0.44047122078133966,NaN,NaN,NaN,NaN,5.236363636363636,6.420348543566417,2.253738107865033,0.9298569025550479,4.607843137254902,0.2727272727272727,0.35946637221061173,3.0,8.0,1.6482412060301508,0.6904558523207058,0.029850746268656716,0.0
932,1,62.0,206.0,3.3225806451612905,0.05446853516657853,0.16393442622950818,0.11475409836065574,0.3137254901960784,0.5882352941176471,0.29411764705882354,0.43137254901960786,0.22580645161290322,0.0,0.07142857142857142,0.6428571428571429,0.5230288381722178,0.4326225035165956,0.3699049316696376,0.4667795807302865,NaN,NaN,NaN,NaN,4.03921568627451,6.545107437815594,2.310407287466109,0.984183444933945,4.782051282051282,0.23529411764705882,0.41317044444065487,4.0,10.0,2.0383912248628886,0.9854191427792657,0.08064516129032258,0.0
933,1,66.0,264.0,4.0,0.06153846153846154,0.16923076923076924,0.1076923076923077,0.2777777777777778,0.6296296296296297,0.24074074074074073,0.42592592592592593,0.19696969696969696,0.0,0.07692307692307693,0.6153846153846154,0.531875911174853,0.40595886419673205,0.35761049649938537,0.4548214119494437,NaN,NaN,NaN,NaN,4.888888888888889,5.745110034470715,2.231855504854114,0.8987620310122515,4.454545454545455,0.2037037037037037,0.33713862809905837,4.0,8.0,1.6822107081174438,0.7077509217867413,0.030303030303030304,0.0
934,1,65.0,223.0,3.4307692307692306,0.05360576923076923,0.171875,0.078125,0.3018867924528302,0.6226415094339622,0.24528301886792453,0.4339622641509434,0.2153846153846154,0.0,0.14285714285714285,0.5714285714285714,0.6092847289536104,0.41547675749559765,0.38109149928991687,0.4644394786022736,NaN,NaN,NaN,NaN,4.2075471698113205,5.782461847843933,2.2407679455047873,0.9526304709100033,5.166666666666666,0.1509433962264151,0.33834973268722374,4.0,6.0,1.5342465753424657,0.7610394818140006,0.03076923076923077,0.0
935,1,64.0,157.0,2.453125,0.038938492063492064,0.1746031746031746,0.20634920634920634,0.3076923076923077,0.6346153846153846,0.3076923076923077,0.4423076923076923,0.203125,0.0,0.07692307692307693,0.5384615384615384,0.5623524623524624,0.42130771190358224,0.39278846153846153,0.4661967429914115,NaN,NaN,NaN,NaN,3.019230769230769,2.7829338772793717,2.175380536786787,0.8312170256291566,4.32,0.21153846153846154,0.33164844520313885,4.0,8.0,1.5270758122743682,0.6622505858318084,0.03125,0.0
936,1,66.0,232.0,3.515151515151515,0.05407925407925408,0.16923076923076924,0.12307692307692308,0.2777777777777778,0.5925925925925926,0.25925925925925924,0.42592592592592593,0.21212121212121213,0.0,0.07142857142857142,0.6428571428571429,0.5261600045588959,0.4318688362689864,0.36027898813846526,0.4547487024798018,NaN,NaN,NaN,NaN,4.296296296296297,5.897327919473136,2.2037976349109916,0.8098358101848583,4.0,0.2037037037037037,0.3601963869284341,3.0,6.0,1.5023474178403755,0.5708562249858378,0.0,0.0
937,1,65.0,167.0,2.5692307692307694,0.04014423076923077,0.171875,0.203125,0.33962264150943394,0.5849056603773585,0.33962264150943394,0.4339622641509434,0.2153846153846154,0.0,0.07142857142857142,0.5714285714285714,0.6131318488504467,0.42392032282199804,0.39119496855345914,0.4734466704052183,NaN,NaN,NaN,NaN,3.150943396226415,3.4440373580519528,2.263528988145444,0.9355683866498493,4.411764705882353,0.20754716981132076,0.4320861318691035,4.0,9.0,1.7556675062972291,0.7339180659669063,0.046153846153846156,0.0
938,1,67.0,347.0,5.17910447761194,0.07847127996381728,0.16666666666666666,0.030303030303030304,0.23636363636363636,0.6181818181818182,0.2727272727272727,0.4727272727272727,0.208955223880597,0.0,0.07142857142857142,0.6428571428571429,0.5759817651798838,0.38915770336216143,0.37078596608124625,0.45812946794510684,NaN,NaN,NaN,NaN,6.3090909090909095,8.541560112663795,2.2723507677597192,0.9466731271266839,4.818181818181818,0.2727272727272727,0.40504091189823477,4.0,12.0,1.8819599109131404,0.8430235377049857,0.07462686567164178,0.0
939,1,62.0,253.0,4.080645161290323,0.0668958223162348,0.18032786885245902,0.09836065573770492,0.3,0.58,0.16,0.46,0.22580645161290322,0.0,0.07142857142857142,0.6428571428571429,0.6003614241963138,0.38019351846830807,0.3860166473093302,0.44611653142812735,NaN,NaN,NaN,NaN,5.06,6.591305342832251,2.229196547804171,0.8953411746888115,4.5,0.24,0.3805698277317274,4.0,8.0,1.6953405017921146,0.7168250931653336,0.03225806451612903,0.0
94,1,66.0,236.0,3.5757575757575757,0.05501165501165501,0.16923076923076924,0.15384615384615385,0.2777777777777778,0.6111111111111112,0.24074074074074073,0.42592592592592593,0.21212121212121213,0.0,0.07142857142857142,0.6428571428571429,0.4921857447501019,0.4035223018098904,0.3489829512051734,0.45127267475057525,NaN,NaN,NaN,NaN,4.37037037037037,5.587372205440085,2.2695236748817074,0.9565457976283264,4.75,0.25925925925925924,0.36939840736029567,5.0,9.0,1.8969594594594594,0.8905544262822692,0.030303030303030304,0.0
940,1,66.0,258.0,3.909090909090909,0.06013986013986014,0.16923076923076924,0.09230769230769231,0.24074074074074073,0.6111111111111112,0.2037037037037037,0.3888888888888889,0.21212121212121213,0.0,0.0,0.5714285714285714,0.49817189803099615,0.3987956150315043,0.31756319811875366,0.43568854445855354,NaN,NaN,NaN,NaN,4.777777777777778,6.7283311639345085,2.3057853357757296,1.0339922921524316,5.833333333333334,0.3148148148148148,0.38751772392710115,5.0,10.0,2.270860077021823,1.1792161810851964,0.045454545454545456,0.0
941,1,67.0,202.0,3.014925373134328,0.04568068747173225,0.15151515151515152,0.12121212121212122,0.30357142857142855,0.625,0.2857142857142857,0.39285714285714285,0.208955223880597,0.0,0.07142857142857142,0.5714285714285714,0.5599434636544012,0.4179947054886216,0.3540958049886621,0.46790668822268683,NaN,NaN,NaN,NaN,3.607142857142857,3.3285463462630016,2.335473855086047,1.0244558078535204,4.903225806451613,0.23214285714285715,0.39343685229198094,5.0,8.0,1.9302788844621515,0.9313349303057062,0.04477611940298507,0.0
942,1,67.0,238.0,3.5522388059701493,0.053821800090456805,0.15151515151515152,0.10606060606060606,0.2857142857142857,0.625,0.23214285714285715,0.42857142857142855,0.208955223880597,0.0,0.07142857142857142,0.5714285714285714,0.47934185318053946,0.40731230256972045,0.3406037414965986,0.44584840677397697,NaN,NaN,NaN,NaN,4.25,4.54972526643093,2.3017683789216172,0.9694618910801677,4.636363636363637,0.25,0.3798942743855494,4.0,10.0,1.7528735632183907,0.7948015960434827,0.05970149253731343,0.0
943,1,68.0,331.0,4.867647058823529,0.07265144863915715,0.16417910447761194,0.05970149253731343,0.23214285714285715,0.625,0.19642857142857142,0.42857142857142855,0.20588235294117646,0.0,0.07142857142857142,0.6428571428571429,0.5215013046611168,0.3913893125493361,0.33870955433455435,0.4421374608589499,NaN,NaN,NaN,NaN,5.910714285714286,8.030117820293311,2.2658045746310487,0.9353811977217181,4.666666666666666,0.2857142857142857,0.41317810579588765,4.0,11.0,1.7845373891001268,0.7767001624298501,0.08823529411764706,0.0
944,1,66.0,215.0,3.257575757575758,0.05011655011655012,0.15384615384615385,0.15384615384615385,0.2727272727272727,0.6181818181818182,0.32727272727272727,0.41818181818181815,0.21212121212121213,0.0,0.07142857142857142,0.6428571428571429,0.510781102955016,0.4354777815160557,0.36156034024455075,0.47458302111172074,NaN,NaN,NaN,NaN,3.909090909090909,4.647869791925501,2.2339294193281636,0.8335676924304004,4.134615384615385,0.21818181818181817,0.26813912018254366,3.0,6.0,1.6577868852459017,0.643799058394354,0.0,0.0
945,1,64.0,210.0,3.28125,0.052083333333333336,0.15873015873015872,0.12698412698412698,0.2830188679245283,0.6415094339622641,0.22641509433962265,0.41509433962264153,0.21875,0.0,0.07142857142857142,0.6428571428571429,0.5143200919982018,0.40161114077676713,0.35968784883879223,0.45563691668535355,NaN,NaN,NaN,NaN,3.9622641509433962,4.690261039770616,2.294801925048021,0.9966275904663403,4.875,0.20754716981132076,0.4377355838576964,4.0,11.0,1.7431192660550459,0.8349125603583033,0.0625,0.0
946,1,66.0,218.0,3.303030303030303,0.05081585081585081,0.16923076923076924,0.1076923076923077,0.25925925925925924,0.6111111111111112,0.2962962962962963,0.48148148148148145,0.21212121212121213,0.0,0.07142857142857142,0.5714285714285714,0.5925635777983265,0.40552801290944074,0.38911669606114047,0.46048009644775273,NaN,NaN,NaN,NaN,4.037037037037037,4.75419561659662,2.2408935512490733,0.9117703083917376,4.51685393258427,0.25925925925925924,0.3856963339039098,4.0,8.0,1.7415506958250497,0.7420247824724592,0.06060606060606061,0.0
947,1,67.0,311.0,4.641791044776119,0.07033016734509272,0.15151515151515152,0.0,0.2857142857142857,0.625,0.26785714285714285,0.44642857142857145,0.208955223880597,0.0,0.07142857142857142,0.6428571428571429,0.5154158037028468,0.41797796827543965,0.3504160727483899,0.4522385683971527,NaN,NaN,NaN,NaN,5.553571428571429,8.333764058132637,2.2733700612603944,0.9098328036593797,4.571428571428571,0.21428571428571427,0.3965217777343734,5.0,11.0,1.9323607427055702,0.9734526645622811,0.08955223880597014,0.0
948,1,66.0,244.0,3.696969696969697,0.05687645687645688,0.15384615384615385,0.15384615384615385,0.2727272727272727,0.6545454545454545,0.2727272727272727,0.4,0.19696969696969696,0.0,0.07692307692307693,0.6923076923076923,0.5598880367176242,0.41495946430033215,0.3564075114075114,0.4652889905690978,NaN,NaN,NaN,NaN,4.4363636363636365,6.579326871917986,2.374778345786344,1.1961126710565952,5.863636363636363,0.23636363636363636,0.36525343556698103,5.0,9.0,2.5826330532212887,1.4646965947972233,0.045454545454545456,0.0
949,1,66.0,188.0,2.8484848484848486,0.04382284382284382,0.15384615384615385,0.16923076923076924,0.2727272727272727,0.6,0.23636363636363636,0.4,0.21212121212121213,0.0,0.07142857142857142,0.5714285714285714,0.5025923130942852,0.4107298149334045,0.33804670077397353,0.4480483458706819,NaN,NaN,NaN,NaN,3.418181818181818,3.314898518590303,2.271852965874705,0.9153709182842232,4.666666666666666,0.2545454545454545,0.36205453529190984,4.0,7.0,1.78239608801956,0.8308294518274341,0.030303030303030304,0.0
95,1,62.0,194.0,3.129032258064516,0.05129561078794289,0.18032786885245902,0.13114754098360656,0.28,0.6,0.2,0.44,0.22580645161290322,0.0,0.0,0.5714285714285714,0.5336698406214339,0.3878796945690762,0.36316666666666664,0.4387940890469179,NaN,NaN,NaN,NaN,3.88,3.9879410062572083,2.2531416548154937,0.9562760607683463,4.894736842105264,0.2,0.40846065663992415,4.0,9.0,1.7392344497607655,0.7995450670262756,0.03225806451612903,0.0
950,1,65.0,220.0,3.3846153846153846,0.052884615384615384,0.171875,0.125,0.2641509433962264,0.6037735849056604,0.2641509433962264,0.4528301886792453,0.2153846153846154,0.0,0.07142857142857142,0.5714285714285714,0.6082523357296341,0.3998713534985189,0.3784853249475891,0.4559545253862467,NaN,NaN,NaN,NaN,4.150943396226415,5.586371556727257,2.284093889468745,1.0188151074424068,5.772727272727273,0.24528301886792453,0.42254372009630675,6.0,9.0,1.9676767676767677,1.0997633424875597,0.06153846153846154,0.0
951,1,68.0,365.0,5.367647058823529,0.08011413520632134,0.16417910447761194,0.07462686567164178,0.19642857142857142,0.6071428571428571,0.14285714285714285,0.44642857142857145,0.20588235294117646,0.0,0.07142857142857142,0.7142857142857143,0.4968414516852557,0.36678898952909067,0.3242357245928674,0.42246187219276504,NaN,NaN,NaN,NaN,6.517857142857143,8.70107845233947,2.256882570123113,0.8981316162814263,4.5,0.3392857142857143,0.37538810318233795,5.0,9.0,1.7454128440366972,0.7310417926584339,0.0,0.0
952,1,62.0,250.0,4.032258064516129,0.06610259122157588,0.16393442622950818,0.08196721311475409,0.23529411764705882,0.6274509803921569,0.2549019607843137,0.45098039215686275,0.1935483870967742,0.0,0.08333333333333333,0.5,0.54291364923876,0.4035744844367107,0.37178046717262403,0.4545792401116593,NaN,NaN,NaN,NaN,4.901960784313726,6.759452350481611,2.221405507645662,0.8713684014533442,4.2439024390243905,0.27450980392156865,0.42315838101736253,4.0,9.0,1.6643233743409491,0.6566101654173796,0.04838709677419355,0.0
953,1,66.0,272.0,4.121212121212121,0.06340326340326341,0.16923076923076924,0.03076923076923077,0.2777777777777778,0.6111111111111112,0.2777777777777778,0.46296296296296297,0.21212121212121213,0.0,0.0,0.6428571428571429,0.56707506964759,0.40218187960268587,0.3787322729316193,0.45682191065204236,NaN,NaN,NaN,NaN,5.037037037037037,6.544370944193654,2.256968159879765,0.9283733118437852,4.415094339622641,0.24074074074074073,0.4410973816852878,5.0,11.0,2.0427350427350426,1.0634090128244515,0.09090909090909091,0.0
954,1,66.0,229.0,3.4696969696969697,0.05337995337995338,0.15384615384615385,0.06153846153846154,0.2909090909090909,0.6181818181818182,0.2,0.4,0.21212121212121213,0.0,0.07142857142857142,0.5714285714285714,0.4952764127658647,0.3925087870786696,0.3413795295613477,0.4483097253365378,NaN,NaN,NaN,NaN,4.163636363636364,6.0698515338595875,2.366555875209227,1.1123776479638297,5.818181818181818,0.21818181818181817,0.3913195166595875,5.0,8.0,2.2169680111265646,1.0356816483317466,0.0,0.0
955,1,68.0,230.0,3.3823529411764706,0.0504828797190518,0.16417910447761194,0.05970149253731343,0.2857142857142857,0.6428571428571429,0.25,0.4107142857142857,0.20588235294117646,0.0,0.07142857142857142,0.6428571428571429,0.47933947225412543,0.4135145433456771,0.3359661172161172,0.4527823064275783,NaN,NaN,NaN,NaN,4.107142857142857,4.275420538288693,2.3004717642090458,1.0235374855055845,5.2,0.23214285714285715,0.4697531039299761,5.0,10.0,2.0735735735735736,1.0166988411897269,0.029411764705882353,0.0
956,1,67.0,234.0,3.4925373134328357,0.052917232021709636,0.16666666666666666,0.07575757575757576,0.23636363636363636,0.6181818181818182,0.2,0.4727272727272727,0.208955223880597,0.0,0.0,0.5714285714285714,0.5261416454709551,0.39048896415646916,0.35362373737373737,0.43736100106957193,NaN,NaN,NaN,NaN,4.254545454545455,5.3167038724514315,2.250700143041091,0.9297006473955277,4.5600000000000005,0.2909090909090909,0.3986648636983949,4.0,9.0,1.8974763406940063,0.8206805272914499,0.05970149253731343,0.0
957,1,68.0,244.0,3.588235294117647,0.053555750658472345,0.16417910447761194,0.08955223880597014,0.25,0.625,0.25,0.42857142857142855,0.20588235294117646,0.0,0.0,0.7142857142857143,0.5154008432607857,0.4063883480264793,0.3484623015873015,0.44954851147127234,NaN,NaN,NaN,NaN,4.357142857142857,5.223821559769408,2.274440489060344,0.9582317340244393,4.590163934426229,0.2857142857142857,0.4490036974786737,5.0,10.0,1.8803827751196172,0.8646673889448745,0.058823529411764705,0.0
958,1,67.0,230.0,3.4328358208955225,0.05201266395296246,0.16666666666666666,0.12121212121212122,0.2727272727272727,0.6181818181818182,0.2727272727272727,0.41818181818181815,0.208955223880597,0.0,0.07142857142857142,0.6428571428571429,0.5505294374953467,0.4045794127528566,0.36484029484029484,0.4636966044233343,NaN,NaN,NaN,NaN,4.181818181818182,5.922621132356946,2.3424479727009486,1.1400225997070814,5.803921568627451,0.23636363636363636,0.4160042312859222,6.0,11.0,2.286363636363636,1.2422001094338628,0.04477611940298507,0.0
959,1,66.0,280.0,4.242424242424242,0.06526806526806526,0.15384615384615385,0.09230769230769231,0.2545454545454545,0.6,0.23636363636363636,0.45454545454545453,0.21212121212121213,0.0,0.07142857142857142,0.7142857142857143,0.544873149820845,0.40096234463303393,0.3603246753246753,0.4527019617741808,NaN,NaN,NaN,NaN,5.090909090909091,6.695141210229685,2.3316529949544833,1.0057448628869676,5.090909090909091,0.3090909090909091,0.4215277212021274,5.0,12.0,2.0416141235813368,0.9985006018633563,0.06060606060606061,0.0
96,1,63.0,292.0,4.634920634920635,0.07475678443420379,0.16129032258064516,0.0,0.25,0.5961538461538461,0.23076923076923078,0.4423076923076923,0.2222222222222222,0.0,0.0,0.5714285714285714,0.5663012501320516,0.3960095954505566,0.3573480792711562,0.451492646177538,NaN,NaN,NaN,NaN,5.615384615384615,6.934296255212403,2.2527779622583934,0.8597898701747457,4.057471264367816,0.28846153846153844,0.41385678634188117,4.0,11.0,1.7826086956521738,0.7443367968068929,0.07936507936507936,0.0
960,1,66.0,339.0,5.136363636363637,0.07902097902097902,0.16923076923076924,0.0,0.25925925925925924,0.6111111111111112,0.24074074074074073,0.48148148148148145,0.21212121212121213,0.0,0.07142857142857142,0.5714285714285714,0.5501659414061434,0.3808826931982677,0.3671211217371348,0.4497715583121392,NaN,NaN,NaN,NaN,6.277777777777778,7.944184218224156,2.28433109466526,0.9562861909892468,4.327731092436975,0.2777777777777778,0.46411259093332224,4.0,12.0,1.8138766519823788,0.728643113886749,0.10606060606060606,0.0
961,1,67.0,240.0,3.582089552238806,0.054274084124830396,0.16666666666666666,0.10606060606060606,0.21818181818181817,0.6545454545454545,0.2727272727272727,0.43636363636363634,0.208955223880597,0.0,0.07142857142857142,0.7142857142857143,0.5459868791326378,0.4113621985396355,0.36202449879869236,0.45864586983185984,NaN,NaN,NaN,NaN,4.363636363636363,6.409956480939795,2.1933846437590723,0.836494984582177,4.3478260869565215,0.2727272727272727,0.409172714147199,4.0,7.0,1.7853736089030208,0.7293062723277107,0.029850746268656716,0.0
962,1,67.0,211.0,3.1492537313432836,0.047715965626413386,0.16666666666666666,0.09090909090909091,0.3090909090909091,0.6181818181818182,0.2727272727272727,0.41818181818181815,0.208955223880597,0.0,0.0,0.5714285714285714,0.54229551643769,0.4044658520318971,0.36106516290726814,0.4656715798819542,NaN,NaN,NaN,NaN,3.8363636363636364,4.008156666763397,2.2904139424755243,0.9760172167961152,4.786885245901639,0.21818181818181817,0.3669982114403003,5.0,9.0,2.0394321766561516,0.915043827525874,0.0,0.0
963,1,68.0,215.0,3.161764705882353,0.04719051799824407,0.16417910447761194,0.1044776119402985,0.26785714285714285,0.625,0.21428571428571427,0.42857142857142855,0.20588235294117646,0.0,0.07142857142857142,0.5714285714285714,0.4975927539294488,0.4001407574388772,0.3418856936714079,0.4437430559586803,NaN,NaN,NaN,NaN,3.8392857142857144,4.150692322161058,2.2446529004328966,0.9121229411091024,5.04,0.25,0.3494732400691536,5.0,8.0,1.7775377969762418,0.8554465089232067,0.0,0.0
964,1,68.0,274.0,4.029411764705882,0.0601404741000878,0.16417910447761194,0.08955223880597014,0.23214285714285715,0.625,0.16071428571428573,0.4107142857142857,0.20588235294117646,0.0,0.07142857142857142,0.6428571428571429,0.5023551698765462,0.3955112521492012,0.33856646825396824,0.4378185861895073,NaN,NaN,NaN,NaN,4.892857142857143,5.1404936849173675,2.2693292212735234,0.9601683491686687,4.772727272727273,0.26785714285714285,0.4231887144482452,5.0,11.0,1.8535773710482528,0.9704936962290944,0.08823529411764706,0.0
965,1,66.0,195.0,2.9545454545454546,0.045454545454545456,0.16923076923076924,0.13846153846153847,0.2962962962962963,0.5925925925925926,0.25925925925925924,0.46296296296296297,0.21212121212121213,0.0,0.07142857142857142,0.5714285714285714,0.5620193795870904,0.3910091413238395,0.3691872427983539,0.4502992471503753,NaN,NaN,NaN,NaN,3.611111111111111,3.2062242925030175,2.320081053941524,1.0523090033934317,5.416666666666666,0.25925925925925924,0.4507718601383886,5.0,10.0,2.0332681017612524,1.02940535116159,0.045454545454545456,0.0
966,1,67.0,249.0,3.716417910447761,0.056309362279511534,0.15151515151515152,0.12121212121212122,0.25,0.625,0.23214285714285715,0.42857142857142855,0.208955223880597,0.0,0.07142857142857142,0.7142857142857143,0.5214633339544053,0.4089221619445247,0.3457714904143475,0.4484493386153267,NaN,NaN,NaN,NaN,4.446428571428571,5.31180381229011,2.286545884913449,0.9390688651756187,4.636363636363637,0.2857142857142857,0.3408241409750866,4.0,11.0,2.082287308228731,0.9789295892976069,0.029850746268656716,0.0
967,1,65.0,251.0,3.8615384615384616,0.06033653846153846,0.15625,0.15625,0.2222222222222222,0.6296296296296297,0.2222222222222222,0.4074074074074074,0.2153846153846154,0.0,0.0,0.5714285714285714,0.4970045600226682,0.39602464788488384,0.350786302175191,0.4507835368706379,NaN,NaN,NaN,NaN,4.648148148148148,5.198539008865339,2.262413532062855,0.9237184679006294,4.48,0.2777777777777778,0.4065398833538478,4.0,10.0,1.5663716814159292,0.6904621826185956,0.06153846153846154,0.0
968,1,64.0,221.0,3.453125,0.054811507936507936,0.15873015873015872,0.1111111111111111,0.2830188679245283,0.6037735849056604,0.24528301886792453,0.41509433962264153,0.21875,0.0,0.07142857142857142,0.6428571428571429,0.5606557125105732,0.41044797501336083,0.3660374034331911,0.4589368253538406,NaN,NaN,NaN,NaN,4.169811320754717,6.568385380150671,2.2806203185520624,0.9414323305938305,5.0,0.18867924528301888,0.38326316997554805,4.0,9.0,1.8418181818181818,0.8111677047356849,0.046875,0.0
969,1,65.0,213.0,3.276923076923077,0.051201923076923075,0.15625,0.109375,0.25925925925925924,0.6111111111111112,0.2222222222222222,0.42592592592592593,0.2153846153846154,0.0,0.07142857142857142,0.5714285714285714,0.4951354505777815,0.3986723210192446,0.35755371172037836,0.4520153641084736,NaN,NaN,NaN,NaN,3.9444444444444446,4.072070849861199,2.3188464524674894,0.9973402431377625,4.833333333333334,0.2777777777777778,0.41177942395913386,5.0,11.0,1.8902195608782435,0.9219133102936561,0.07692307692307693,0.0
97,1,67.0,201.0,3.0,0.045454545454545456,0.16666666666666666,0.18181818181818182,0.2727272727272727,0.6181818181818182,0.21818181818181817,0.43636363636363634,0.208955223880597,0.0,0.14285714285714285,0.5714285714285714,0.5675889659582842,0.4093908558904219,0.3593309720582447,0.45091444897433974,NaN,NaN,NaN,NaN,3.6545454545454548,3.926256259528689,2.2397930258326393,0.9068636333822598,4.619047619047619,0.23636363636363636,0.38593218336548396,5.0,8.0,1.9572815533980583,0.9491550555131354,0.0,0.0
970,1,66.0,238.0,3.606060606060606,0.05547785547785548,0.13846153846153847,0.046153846153846156,0.30357142857142855,0.6071428571428571,0.23214285714285715,0.39285714285714285,0.21212121212121213,0.0,0.07142857142857142,0.6428571428571429,0.4737813877448481,0.4030809646244733,0.32967763682049395,0.4490287130908867,NaN,NaN,NaN,NaN,4.25,6.10886092640697,2.3817782890943624,1.0678558490966141,5.071428571428571,0.21428571428571427,0.40176085465862676,4.0,11.0,2.0013679890560874,0.8576797563184951,0.07575757575757576,0.0
971,1,64.0,247.0,3.859375,0.06125992063492063,0.1746031746031746,0.09523809523809523,0.28846153846153844,0.5961538461538461,0.23076923076923078,0.46153846153846156,0.21875,0.0,0.07142857142857142,0.7142857142857143,0.5664933351035226,0.4093249459883175,0.3780516052574876,0.4542527492545012,NaN,NaN,NaN,NaN,4.75,5.786647917201034,2.2545144620348143,0.9228414165085144,4.25,0.2692307692307692,0.4100878207099228,4.0,10.0,1.7104795737122558,0.7081228889307111,0.078125,0.0
972,1,64.0,252.0,3.9375,0.0625,0.1746031746031746,0.07936507936507936,0.23076923076923078,0.5961538461538461,0.15384615384615385,0.4807692307692308,0.21875,0.0,0.0,0.5714285714285714,0.5296082148670529,0.3806319021619586,0.3665447800063184,0.4371334549622103,NaN,NaN,NaN,NaN,4.846153846153846,4.633148319276676,2.323524317976743,1.0597785598651719,5.103448275862069,0.3076923076923077,0.4283852684466046,5.0,11.0,2.1511789181692094,1.0906939036938548,0.0625,0.0
973,1,67.0,228.0,3.4029850746268657,0.051560379918588875,0.15151515151515152,0.10606060606060606,0.30357142857142855,0.625,0.19642857142857142,0.375,0.208955223880597,0.0,0.07142857142857142,0.5714285714285714,0.42459985327164584,0.40870822031268655,0.3197956718919452,0.44654811824731827,NaN,NaN,NaN,NaN,4.071428571428571,4.339489466650292,2.303638118004389,0.9730356843706969,4.878787878787879,0.21428571428571427,0.35435094714837206,5.0,10.0,1.9658753709198813,0.8569401434215609,0.07462686567164178,0.0
974,1,68.0,261.0,3.838235294117647,0.05728709394205443,0.16417910447761194,0.08955223880597014,0.23214285714285715,0.625,0.23214285714285715,0.42857142857142855,0.20588235294117646,0.0,0.07142857142857142,0.5714285714285714,0.5547768016203863,0.4007327722835388,0.3553075396825397,0.45435178378689683,NaN,NaN,NaN,NaN,4.660714285714286,4.810128653408105,2.2922426501537765,1.0171030845452609,5.2,0.30357142857142855,0.4510817413108273,5.0,9.0,1.7571942446043165,0.8659954674179516,0.07352941176470588,0.0
975,1,67.0,228.0,3.4029850746268657,0.051560379918588875,0.15151515151515152,0.030303030303030304,0.2857142857142857,0.6071428571428571,0.23214285714285715,0.39285714285714285,0.208955223880597,0.0,0.07142857142857142,0.5714285714285714,0.5245128000616283,0.3980961339582424,0.3392573696145125,0.4529446556072992,NaN,NaN,NaN,NaN,4.071428571428571,4.142274925501875,2.331873543174585,1.0080454705385076,4.75,0.25,0.42465983129020035,4.0,11.0,2.030261348005502,0.8570998655565308,0.029850746268656716,0.0
976,1,67.0,270.0,4.029850746268656,0.06105834464043419,0.16666666666666666,0.045454545454545456,0.23636363636363636,0.6545454545454545,0.2727272727272727,0.41818181818181815,0.208955223880597,0.0,0.0,0.5714285714285714,0.5929635320740063,0.4110616420222793,0.3577035867358448,0.4658808925493132,NaN,NaN,NaN,NaN,4.909090909090909,6.186223425431728,2.292473142027977,1.022810071834563,4.777777777777778,0.2545454545454545,0.4724187381562458,5.0,10.0,1.8543140028288543,0.805429822338975,0.05970149253731343,0.0
977,1,67.0,238.0,3.5522388059701493,0.053821800090456805,0.16666666666666666,0.12121212121212122,0.2545454545454545,0.6,0.23636363636363636,0.45454545454545453,0.208955223880597,0.0,0.0,0.6428571428571429,0.5255593625650443,0.4003449613146465,0.3564375815571988,0.45182240734391305,NaN,NaN,NaN,NaN,4.327272727272727,5.624202150674337,2.35011401708181,1.185606652833393,6.833333333333333,0.2727272727272727,0.407207016023457,6.0,8.0,1.8865979381443299,1.121505487764839,0.05970149253731343,0.0
978,1,68.0,266.0,3.911764705882353,0.058384547848990345,0.16417910447761194,0.08955223880597014,0.26785714285714285,0.6428571428571429,0.19642857142857142,0.44642857142857145,0.20588235294117646,0.0,0.07142857142857142,0.5714285714285714,0.5179888675462755,0.3880600389991853,0.3445082199546485,0.43870435712123357,NaN,NaN,NaN,NaN,4.75,4.984521496137272,2.2371528569302814,0.9127115607955401,4.588235294117647,0.23214285714285715,0.36375417495913936,4.0,10.0,1.7662771285475793,0.7984923062904986,0.08823529411764706,0.0
979,1,66.0,297.0,4.5,0.06923076923076923,0.15384615384615385,0.12307692307692308,0.2545454545454545,0.6181818181818182,0.2,0.43636363636363634,0.21212121212121213,0.0,0.07142857142857142,0.5714285714285714,0.5410788560173684,0.3991091289863545,0.35444062473474236,0.44543575129254764,NaN,NaN,NaN,NaN,5.4,5.939821670848501,2.2674818656175297,0.8998612295779267,4.398148148148149,0.2545454545454545,0.32949297080693457,4.0,9.0,1.6872909698996656,0.7706111601098341,0.07575757575757576,0.0
98,1,68.0,250.0,3.676470588235294,0.05487269534679543,0.16417910447761194,0.1044776119402985,0.23214285714285715,0.6071428571428571,0.26785714285714285,0.4107142857142857,0.20588235294117646,0.0,0.07142857142857142,0.5714285714285714,0.5282653138866037,0.4080762934794885,0.35065192743764173,0.45667607610133315,NaN,NaN,NaN,NaN,4.464285714285714,5.059515915450933,2.2884738105900984,1.0340749378323928,5.551020408163265,0.26785714285714285,0.38902372419171327,5.0,9.0,2.047138047138047,1.12362348590522,0.058823529411764705,0.0
980,1,66.0,225.0,3.409090909090909,0.05244755244755245,0.16923076923076924,0.13846153846153847,0.3148148148148148,0.6111111111111112,0.2037037037037037,0.4074074074074074,0.21212121212121213,0.0,0.0,0.6428571428571429,0.5059487926846986,0.38910084992859684,0.3387218748329859,0.4444208603106278,NaN,NaN,NaN,NaN,4.166666666666667,3.6896080479056064,2.290401742583706,0.9736337465877813,4.75,0.2222222222222222,0.4105576845615833,6.0,12.0,2.0187793427230045,0.9744177973079817,0.10606060606060606,0.0
981,1,67.0,252.0,3.7611940298507465,0.05698778833107191,0.16666666666666666,0.06060606060606061,0.23636363636363636,0.6,0.2727272727272727,0.43636363636363634,0.208955223880597,0.0,0.07142857142857142,0.5714285714285714,0.5038015056861855,0.4072491956835342,0.3478147939017504,0.45375159223897427,NaN,NaN,NaN,NaN,4.581818181818182,6.115223593292366,2.260139207432961,0.924151688580295,4.4714285714285715,0.2909090909090909,0.4238764755868578,4.0,10.0,1.769881556683587,0.7753663887446124,0.07462686567164178,0.0
982,1,65.0,248.0,3.8153846153846156,0.05961538461538462,0.15625,0.03125,0.25925925925925924,0.6111111111111112,0.2222222222222222,0.4074074074074074,0.2153846153846154,0.0,0.0,0.5714285714285714,0.5496666163535531,0.40850965692464036,0.3350104072326295,0.454368100815577,NaN,NaN,NaN,NaN,4.592592592592593,7.178370337257057,2.3065029435368785,0.9850004860200041,4.956521739130435,0.24074074074074073,0.3858589262654047,4.0,6.0,1.8458781362007168,0.8854960570153303,0.0,0.0
983,1,67.0,295.0,4.402985074626866,0.06671189507010403,0.16666666666666666,0.015151515151515152,0.23636363636363636,0.6181818181818182,0.3090909090909091,0.43636363636363634,0.208955223880597,0.0,0.07142857142857142,0.6428571428571429,0.5709307697474766,0.41115075047188454,0.36704702107927917,0.46950993951763115,NaN,NaN,NaN,NaN,5.363636363636363,7.074638156860397,2.2940447761417984,1.0061238183122447,5.0588235294117645,0.2909090909090909,0.4268233407023482,4.0,11.0,1.8838709677419354,0.8287068372403206,0.07462686567164178,0.0
984,1,68.0,306.0,4.5,0.06716417910447761,0.16417910447761194,0.04477611940298507,0.21428571428571427,0.625,0.23214285714285715,0.44642857142857145,0.20588235294117646,0.0,0.0,0.6428571428571429,0.5323707524416675,0.3914220103895053,0.3497154745838956,0.4458248647974086,NaN,NaN,NaN,NaN,5.464285714285714,6.350273539460645,2.3307793759586617,1.0738250475788302,5.069444444444445,0.30357142857142855,0.44322696956968527,5.0,11.0,2.112676056338028,1.043801635840927,0.11764705882352941,0.0
985,1,67.0,222.0,3.3134328358208953,0.050203527815468114,0.16666666666666666,0.10606060606060606,0.2545454545454545,0.6181818181818182,0.2,0.43636363636363634,0.208955223880597,0.0,0.0,0.6428571428571429,0.509489871440336,0.3991861945091219,0.34888023088023085,0.4437217826384045,NaN,NaN,NaN,NaN,4.036363636363636,5.0146586470866925,2.266402626615455,0.9601495526666447,5.0,0.2545454545454545,0.3908983262122864,4.0,10.0,1.9922360248447204,0.887936412863028,0.08955223880597014,0.0
986,1,68.0,260.0,3.823529411764706,0.05706760316066725,0.16417910447761194,0.05970149253731343,0.25,0.625,0.19642857142857142,0.42857142857142855,0.20588235294117646,0.0,0.07142857142857142,0.6428571428571429,0.5019887514499627,0.40760207081787747,0.34474151579414736,0.44792173228327925,NaN,NaN,NaN,NaN,4.642857142857143,5.462029497701952,2.314238906088751,1.0574949445283297,5.75,0.26785714285714285,0.39302890593931,6.0,11.0,2.2156573116691285,1.2863151079526354,0.04411764705882353,0.0
987,1,63.0,245.0,3.888888888888889,0.06272401433691756,0.16129032258064516,0.0967741935483871,0.28846153846153844,0.6346153846153846,0.19230769230769232,0.4230769230769231,0.20634920634920634,0.0,0.07692307692307693,0.5384615384615384,0.49025596015590445,0.39132788477204644,0.3443485607959292,0.44288486222154,NaN,NaN,NaN,NaN,4.711538461538462,5.6022983325002285,2.265712320647773,0.9394568843125325,4.555555555555555,0.21153846153846154,0.39602212404055886,4.0,9.0,1.6723809523809523,0.7093292227177597,0.047619047619047616,0.0
988,1,67.0,313.0,4.6716417910447765,0.0707824513794663,0.16666666666666666,0.015151515151515152,0.2,0.6181818181818182,0.21818181818181817,0.45454545454545453,0.19402985074626866,0.0,0.07692307692307693,0.6153846153846154,0.5399520323502598,0.3953431723918585,0.35982827859660704,0.45306677048890304,NaN,NaN,NaN,NaN,5.6909090909090905,6.893025802490856,2.25322878922881,0.9317755161162343,4.636363636363637,0.3090909090909091,0.38648607090199005,5.0,9.0,1.9541511771995044,0.9420580879844671,0.0,0.0
989,1,64.0,186.0,2.90625,0.046130952380952384,0.1746031746031746,0.12698412698412698,0.2692307692307692,0.6153846153846154,0.34615384615384615,0.4230769230769231,0.21875,0.0,0.07142857142857142,0.5714285714285714,0.6191857849752587,0.4016808110831268,0.38173076923076926,0.47665843513374034,NaN,NaN,NaN,NaN,3.576923076923077,4.0163692210075785,2.3429589186104645,1.1338510565997384,5.458333333333334,0.25,0.4675175458567466,5.0,11.0,2.153564899451554,1.0509898948413987,0.09375,0.0
99,1,68.0,244.0,3.588235294117647,0.053555750658472345,0.16417910447761194,0.1044776119402985,0.25,0.6428571428571429,0.25,0.44642857142857145,0.20588235294117646,0.0,0.07142857142857142,0.5714285714285714,0.5356719829118911,0.39582602933667005,0.3643071482979157,0.45618572249452,NaN,NaN,NaN,NaN,4.357142857142857,5.351052815452883,2.3354421441159596,1.1414246380393873,6.416666666666667,0.25,0.4501719918702731,7.0,11.0,2.399452804377565,1.364601292124609,0.0,0.0
990,1,67.0,268.0,4.0,0.06060606060606061,0.15151515151515152,0.045454545454545456,0.25,0.6607142857142857,0.17857142857142858,0.39285714285714285,0.208955223880597,0.0,0.07142857142857142,0.6428571428571429,0.4877238884652671,0.39543272269192387,0.337630772005772,0.4496097332087523,NaN,NaN,NaN,NaN,4.785714285714286,5.221334854454142,2.296829004533921,0.9975908414029546,4.662337662337663,0.25,0.43993944277342056,5.0,12.0,2.0193370165745854,0.9879840195648758,0.07462686567164178,0.0
991,1,66.0,261.0,3.9545454545454546,0.06083916083916084,0.16923076923076924,0.12307692307692308,0.25925925925925924,0.6296296296296297,0.2222222222222222,0.42592592592592593,0.21212121212121213,0.0,0.0,0.7142857142857143,0.4921994394549826,0.39334382548358243,0.3484053497942387,0.44645366134108233,NaN,NaN,NaN,NaN,4.833333333333333,5.846301846724891,2.1914217445772213,0.8187172258643911,4.12,0.24074074074074073,0.33408652303013475,4.0,9.0,1.6510791366906474,0.6874805189940808,0.045454545454545456,0.0
992,1,66.0,256.0,3.878787878787879,0.059673659673659674,0.16923076923076924,0.03076923076923077,0.2222222222222222,0.6111111111111112,0.25925925925925924,0.4444444444444444,0.21212121212121213,0.0,0.0,0.6428571428571429,0.5326735156511163,0.4084322721078871,0.36111003360107297,0.4570651217662306,NaN,NaN,NaN,NaN,4.7407407407407405,5.61394888491691,2.2758850247982325,0.951200402857803,4.541666666666666,0.2962962962962963,0.43363238228203604,4.0,10.0,1.900611620795107,0.8649547035132432,0.09090909090909091,0.0
993,1,68.0,266.0,3.911764705882353,0.058384547848990345,0.16417910447761194,0.11940298507462686,0.25,0.6071428571428571,0.21428571428571427,0.42857142857142855,0.20588235294117646,0.0,0.07142857142857142,0.5714285714285714,0.4920321420554851,0.4059758744416055,0.355187074829932,0.4451221246616457,NaN,NaN,NaN,NaN,4.75,5.404543543083996,2.2241077580646387,0.8642024678587252,4.409836065573771,0.23214285714285715,0.33276343588384716,4.0,8.0,1.5208791208791208,0.6793875973128188,0.04411764705882353,0.0
994,1,65.0,235.0,3.6153846153846154,0.056490384615384616,0.171875,0.125,0.32075471698113206,0.5849056603773585,0.1509433962264151,0.39622641509433965,0.2153846153846154,0.0,0.07142857142857142,0.6428571428571429,0.47167781453535096,0.3852464395021593,0.32120395327942497,0.4344304298991408,NaN,NaN,NaN,NaN,4.433962264150943,4.378748653186134,2.2629600747079373,0.9144378617444697,4.258620689655173,0.24528301886792453,0.3876633170742784,4.0,10.0,1.7248764415156508,0.6487540301522619,0.09230769230769231,0.0
995,1,67.0,242.0,3.611940298507463,0.05472636815920398,0.16666666666666666,0.045454545454545456,0.2545454545454545,0.6,0.2909090909090909,0.43636363636363634,0.208955223880597,0.0,0.07142857142857142,0.6428571428571429,0.572339331543777,0.42267348691492196,0.36408517408517416,0.4629716072664122,NaN,NaN,NaN,NaN,4.4,6.279301683278934,2.2467500604418693,0.8982921142535758,4.416666666666666,0.2545454545454545,0.38753358258119336,4.0,10.0,1.8246445497630333,0.7521441345168677,0.07462686567164178,0.0
996,1,68.0,326.0,4.794117647058823,0.07155399473222125,0.16417910447761194,0.07462686567164178,0.23214285714285715,0.6428571428571429,0.23214285714285715,0.42857142857142855,0.20588235294117646,0.0,0.0,0.5714285714285714,0.5563558356820791,0.3885424563469394,0.3594812925170068,0.44856146045698,NaN,NaN,NaN,NaN,5.821428571428571,6.787976383033708,2.2754360882201956,0.9792332199708292,4.67741935483871,0.2857142857142857,0.4046861148897312,5.0,11.0,1.937733499377335,0.9388316311416035,0.07352941176470588,0.0
997,1,65.0,196.0,3.0153846153846153,0.047115384615384615,0.15625,0.125,0.2777777777777778,0.6296296296296297,0.2777777777777778,0.42592592592592593,0.0,0.0,NaN,NaN,0.5893591561529853,0.4110969289608599,0.35961663417803774,0.46240678518802,NaN,NaN,NaN,NaN,3.6296296296296298,4.305749978703537,2.3103347291500604,1.0070569602918504,5.0,0.2222222222222222,0.42088129444294,5.0,10.0,2.074576271186441,0.9774352670655786,0.0,0.0
998,1,68.0,237.0,3.485294117647059,0.05201931518876207,0.16417910447761194,0.08955223880597014,0.25,0.625,0.26785714285714285,0.42857142857142855,0.20588235294117646,0.0,0.07142857142857142,0.5714285714285714,0.5608485541230107,0.40531458325123326,0.35734126984126985,0.45744141209847344,NaN,NaN,NaN,NaN,4.232142857142857,5.045217614654572,2.327188349066814,1.0884720644975237,5.7,0.26785714285714285,0.4398722060891453,6.0,10.0,2.141156462585034,1.252788381355373,0.08823529411764706,0.0
999,1,63.0,187.0,2.9682539682539684,0.04787506400409626,0.1774193548387097,0.22580645161290322,0.29411764705882354,0.5882352941176471,0.23529411764705882,0.4117647058823529,0.2222222222222222,0.0,0.0,0.6428571428571429,0.5739801587301587,0.4081978455400671,0.350875350140056,0.45422595807416744,NaN,NaN,NaN,NaN,3.6666666666666665,3.803507153492243,2.280047599343684,0.973643418110208,4.777777777777778,0.27450980392156865,0.31981470562883346,4.0,8.0,1.7855361596009975,0.8478739731317472,0.031746031746031744,0.0
