trophospecies_id,sp_name,guild,n_lumped,sp_no_prey,sp_no_preds,sp_ntp,sp_long_chain,sp_out_closeness,sp_in_closeness,guild_ntp,guild_out_closeness,guild_in_closeness
1,1,terrestrial detritus,1,0,2,1.0,0.0,0.6666666666666666,0.0,1.0,0.6666666666666666,0.0
2,2,land plants,1,0,3,1.0,0.0,0.6206896551724138,0.0,1.0,0.6206896551724138,0.0
3,3,heterotrophic microbes,1,1,3,2.0,1.0,0.9,0.0,2.0,0.9,0.0
4,4,terrestrial fungi,1,3,5,2.5,1.0,0.8181818181818182,9.0,2.5,0.8181818181818182,9.0
5,5,terrestrial microbivores,1,2,3,2.6666666666666665,2.0,2.0,3.0,2.6666666666666665,2.0,3.0
6,6,terrestrial detritivores,1,1,5,2.0,1.0,2.0,18.0,2.25,1.8181818181818183,10.5
7,7,terrestrial detritivores,1,4,5,2.5,2.0,1.6363636363636365,3.0,2.25,1.8181818181818183,10.5
8,8,mites,1,5,4,2.6,2.0,1.8,2.5714285714285716,2.8,1.8,3.085714285714286
9,9,mites,1,1,4,3.0,2.0,1.8,3.6,2.8,1.8,3.085714285714286
10,10,small terrestrial arthropod predators,1,2,7,3.833333333333333,3.0,2.25,1.5,3.7777777777777772,2.357142857142857,1.1907894736842104
11,11,small terrestrial arthropod predators,1,7,4,3.8125,3.0,2.5714285714285716,0.9473684210526315,3.7777777777777772,2.357142857142857,1.1907894736842104
12,12,small terrestrial arthropod predators,1,7,3,3.6875,2.0,2.25,1.125,3.7777777777777772,2.357142857142857,1.1907894736842104
13,13,large terrestrial arthropod predators,1,4,4,4.416666666666666,3.0,3.6,0.46153846153846156,4.114285714285714,3.3599999999999994,0.5924621324621324
14,14,large terrestrial arthropod predators,1,13,4,4.083333333333334,2.0,3.6,0.75,4.114285714285714,3.3599999999999994,0.5924621324621324
15,15,large terrestrial arthropod predators,1,4,2,4.416666666666666,3.0,3.0,0.4864864864864865,4.114285714285714,3.3599999999999994,0.5924621324621324
16,16,large terrestrial arthropod predators,1,3,3,3.571428571428571,3.0,3.6,0.5142857142857142,4.114285714285714,3.3599999999999994,0.5924621324621324
17,17,large terrestrial arthropod predators,1,13,3,4.083333333333334,2.0,3.0,0.75,4.114285714285714,3.3599999999999994,0.5924621324621324
18,18,benthic algae,1,0,4,1.0,0.0,0.8181818181818182,0.0,1.0,0.8181818181818182,0.0
19,19,nematodes,1,1,3,2.0,1.0,1.2,18.0,2.0,1.2,18.0
