SLN_ID,Detritus,S,interactions,L_D,C,Basal,Top,Carniv,Herbiv,Herbiv_true,ProdFeed,Animals,BasalAnimals,AnimHerbiv_true,AnimPred,green_frac_mean,green_frac_sd,green_direct_mean,green_direct_sd,cross_habitat_L,aqu_from_terr,terr_from_aqu,terr_with_aqu,meanInDegree,sdInDegree,mean_NTP,sd_NTP,max_NTP,TrOmniv,q_inCoherence,diameter,max_chain_len,mean_path_len,sd_path_len,loop,Modularity
1,1,12.0,22.0,1.8333333333333333,0.16666666666666666,0.18181818181818182,0.2727272727272727,0.3333333333333333,0.4444444444444444,0.2222222222222222,0.4444444444444444,0.5833333333333334,0.0,0.2857142857142857,0.2857142857142857,0.4338624338624339,0.3945719748485095,0.3148148148148148,0.42853468390393096,NaN,NaN,NaN,NaN,2.4444444444444446,2.1858128414340006,2.138492063492064,0.8597973766500955,3.428571428571429,0.4444444444444444,0.4745376903616558,2.0,5.0,1.25,0.44095855184409843,0.0,0.0
10,1,12.0,23.0,1.9166666666666667,0.17424242424242425,0.18181818181818182,0.09090909090909091,0.2222222222222222,0.5555555555555556,0.3333333333333333,0.6666666666666666,0.5833333333333334,0.0,0.42857142857142855,0.2857142857142857,0.7125220458553791,0.32153946200487155,0.4999999999999999,0.4409585518440984,NaN,NaN,NaN,NaN,2.5555555555555554,2.3511226632776476,2.1018518518518516,0.8458100777461273,3.5,0.3333333333333333,0.5109568994601587,3.0,5.0,1.3529411764705883,0.5439670746038949,0.0,0.0
100,1,12.0,16.0,1.3333333333333333,0.12121212121212122,0.18181818181818182,0.2727272727272727,0.2222222222222222,0.5555555555555556,0.3333333333333333,0.6666666666666666,0.5833333333333334,0.0,0.42857142857142855,0.42857142857142855,0.787037037037037,0.36111111111111105,0.4722222222222222,0.4487637339278754,NaN,NaN,NaN,NaN,1.7777777777777777,1.2018504251546631,2.138888888888889,0.9151732554779382,4.0,0.1111111111111111,0.45338235029118146,3.0,4.0,1.3,0.5712405705774793,0.0,0.0
1000,1,12.0,20.0,1.6666666666666667,0.15151515151515152,0.18181818181818182,0.18181818181818182,0.4444444444444444,0.4444444444444444,0.2222222222222222,0.3333333333333333,0.5833333333333334,0.0,0.2857142857142857,0.42857142857142855,0.41269841269841273,0.40322713224857015,0.25,0.4330127018922193,NaN,NaN,NaN,NaN,2.2222222222222223,2.048034287907418,2.35,1.114776781569868,4.0,0.2222222222222222,0.7240965332562256,3.0,5.0,1.4,0.6214554662658653,0.16666666666666666,0.0
101,1,12.0,14.0,1.1666666666666667,0.10606060606060606,0.18181818181818182,0.5454545454545454,0.2222222222222222,0.5555555555555556,0.4444444444444444,0.5555555555555556,0.5833333333333334,0.0,0.5714285714285714,0.14285714285714285,0.6481481481481481,0.4285346839039309,0.4666666666666667,0.5099019513592785,NaN,NaN,NaN,NaN,1.5555555555555556,1.3333333333333337,2.055555555555556,0.76321136161065,3.0,0.1111111111111111,0.7350462844563194,2.0,4.0,1.35,0.48936048492959294,0.16666666666666666,0.0
102,1,12.0,16.0,1.3333333333333333,0.12121212121212122,0.18181818181818182,0.2727272727272727,0.3333333333333333,0.5555555555555556,0.3333333333333333,0.4444444444444444,0.5833333333333334,0.0,0.42857142857142855,0.42857142857142855,0.6728395061728395,0.41984385365757904,0.3888888888888889,0.4859126579037751,NaN,NaN,NaN,NaN,1.7777777777777777,1.2018504251546631,2.111111111111111,0.8596843833973251,3.5,0.3333333333333333,0.43660622991432446,3.0,5.0,1.375,0.5757792451369143,0.0,0.0
103,1,12.0,13.0,1.0833333333333333,0.09848484848484848,0.18181818181818182,0.5454545454545454,0.3333333333333333,0.6666666666666666,0.3333333333333333,0.5555555555555556,0.5833333333333334,0.0,0.42857142857142855,0.14285714285714285,0.6481481481481481,0.32749517007087764,0.4629629629629629,0.4697648479246601,NaN,NaN,NaN,NaN,1.4444444444444444,0.7264831572567789,2.0416666666666665,0.8106768589869638,3.5,0.1111111111111111,0.2041241452319315,2.0,4.0,1.35,0.48936048492959294,0.0,0.0
104,1,12.0,29.0,2.4166666666666665,0.2196969696969697,0.18181818181818182,0.09090909090909091,0.1111111111111111,0.6666666666666666,0.5555555555555556,0.7777777777777778,0.5833333333333334,0.0,0.7142857142857143,0.2857142857142857,0.8761904761904761,0.1824460594966368,0.6498316498316498,0.4578443700617327,NaN,NaN,NaN,NaN,3.2222222222222223,3.5276684147527875,1.9979166666666668,0.737044029563466,3.1,0.2222222222222222,0.5360854625455808,2.0,5.0,1.15625,0.36890203262847354,0.0,0.0
105,1,12.0,22.0,1.8333333333333333,0.16666666666666666,0.18181818181818182,0.2727272727272727,0.1111111111111111,0.4444444444444444,0.2222222222222222,0.6666666666666666,0.5833333333333334,0.0,0.2857142857142857,0.2857142857142857,0.5111111111111111,0.3828801669220047,0.4351851851851852,0.403495529064832,NaN,NaN,NaN,NaN,2.4444444444444446,1.5898986690282428,2.0500000000000003,0.7416198487095662,3.3,0.5555555555555556,0.4762770484075699,3.0,5.0,1.3225806451612903,0.5408078385892441,0.0,0.0
106,1,12.0,16.0,1.3333333333333333,0.12121212121212122,0.18181818181818182,0.36363636363636365,0.3333333333333333,0.5555555555555556,0.4444444444444444,0.5555555555555556,0.5833333333333334,0.0,0.5714285714285714,0.42857142857142855,0.7361111111111112,0.3560001560548972,0.5,0.5,NaN,NaN,NaN,NaN,1.7777777777777777,0.97182531580755,2.089285714285714,0.8325057733786114,3.571428571428571,0.2222222222222222,0.37477317403035815,2.0,4.0,1.3478260869565217,0.486984753557674,0.0,0.0
107,1,12.0,30.0,2.5,0.22727272727272727,0.18181818181818182,0.09090909090909091,0.2222222222222222,0.3333333333333333,0.2222222222222222,0.6666666666666666,0.5833333333333334,0.0,0.2857142857142857,0.42857142857142855,0.6040740740740741,0.37863869936985284,0.41358024691358025,0.40550904519367015,NaN,NaN,NaN,NaN,3.3333333333333335,2.783882181415011,2.1773809523809526,0.8215659587723202,3.2,0.4444444444444444,0.6666373439481433,2.0,6.0,1.3414634146341464,0.48009145470217324,0.0,0.0
108,1,12.0,16.0,1.3333333333333333,0.12121212121212122,0.18181818181818182,0.09090909090909091,0.3333333333333333,0.6666666666666666,0.4444444444444444,0.4444444444444444,0.5833333333333334,0.0,0.5714285714285714,0.42857142857142855,0.712962962962963,0.42309850588132825,0.4444444444444444,0.5270462766947299,NaN,NaN,NaN,NaN,1.7777777777777777,1.5634719199411433,2.0690476190476192,0.8497917093551846,3.428571428571429,0.2222222222222222,0.4591622066032756,2.0,3.0,1.3,0.4701623459816272,0.0,0.0
109,1,12.0,17.0,1.4166666666666667,0.12878787878787878,0.18181818181818182,0.18181818181818182,0.2222222222222222,0.4444444444444444,0.2222222222222222,0.3333333333333333,0.5833333333333334,0.0,0.2857142857142857,0.42857142857142855,0.3842592592592593,0.41550764726809974,0.2777777777777778,0.4409585518440985,NaN,NaN,NaN,NaN,1.8888888888888888,1.2692955176439846,2.2291666666666665,0.9502292386895942,3.75,0.3333333333333333,0.6569061845454932,3.0,5.0,1.696969696969697,0.7699370300894938,0.0,0.0
11,1,12.0,29.0,2.4166666666666665,0.2196969696969697,0.18181818181818182,0.09090909090909091,0.1111111111111111,0.5555555555555556,0.3333333333333333,0.6666666666666666,0.5833333333333334,0.0,0.42857142857142855,0.42857142857142855,0.5641534391534392,0.40746403913067136,0.4246031746031746,0.44765703992769446,NaN,NaN,NaN,NaN,3.2222222222222223,2.5873624493766707,1.983225108225108,0.6810472863139064,3.0,0.3333333333333333,0.47645214621106347,2.0,4.0,1.1515151515151516,0.36410954062720946,0.0,0.0
110,1,12.0,19.0,1.5833333333333333,0.14393939393939395,0.18181818181818182,0.36363636363636365,0.2222222222222222,0.5555555555555556,0.3333333333333333,0.5555555555555556,0.5833333333333334,0.0,0.42857142857142855,0.2857142857142857,0.5444444444444444,0.4431578600102777,0.4629629629629629,0.4697648479246601,NaN,NaN,NaN,NaN,2.111111111111111,1.6914819275153699,2.140277777777778,0.8874961469067969,3.6,0.3333333333333333,0.5426333404521329,3.0,5.0,1.4285714285714286,0.634126487474228,0.0,0.0
111,1,12.0,31.0,2.5833333333333335,0.23484848484848486,0.18181818181818182,0.09090909090909091,0.1111111111111111,0.4444444444444444,0.3333333333333333,0.5555555555555556,0.5833333333333334,0.0,0.42857142857142855,0.42857142857142855,0.6222222222222222,0.3971690584782402,0.40909090909090906,0.4712827580301755,NaN,NaN,NaN,NaN,3.4444444444444446,3.3208098075285455,2.1203703703703702,0.8167829001780063,3.333333333333333,0.4444444444444444,0.6314051849906532,2.0,7.0,1.3095238095238095,0.4679011380933327,0.16666666666666666,0.0
112,1,12.0,26.0,2.1666666666666665,0.19696969696969696,0.18181818181818182,0.09090909090909091,0.2222222222222222,0.4444444444444444,0.2222222222222222,0.6666666666666666,0.5833333333333334,0.0,0.2857142857142857,0.42857142857142855,0.5722222222222222,0.30753697835472654,0.35846560846560843,0.40117654192120444,NaN,NaN,NaN,NaN,2.888888888888889,2.088327347690278,2.161742424242424,0.8487239246512861,3.25,0.5555555555555556,0.5718232681241764,2.0,6.0,1.358974358974359,0.48597051498058946,0.0,0.0
113,1,12.0,26.0,2.1666666666666665,0.19696969696969696,0.18181818181818182,0.18181818181818182,0.1111111111111111,0.3333333333333333,0.2222222222222222,0.6666666666666666,0.5833333333333334,0.0,0.2857142857142857,0.2857142857142857,0.5833333333333334,0.31819805153394637,0.38333333333333336,0.4,NaN,NaN,NaN,NaN,2.888888888888889,1.90029237516523,2.2126068376068377,0.8535289654474819,3.3846153846153846,0.4444444444444444,0.7215675561072586,3.0,6.0,1.368421052631579,0.5413223364846866,0.16666666666666666,0.0
114,1,12.0,25.0,2.0833333333333335,0.1893939393939394,0.18181818181818182,0.09090909090909091,0.3333333333333333,0.5555555555555556,0.3333333333333333,0.4444444444444444,0.5833333333333334,0.0,0.42857142857142855,0.42857142857142855,0.5444444444444445,0.4390646624106497,0.35353535353535354,0.48838671094806657,NaN,NaN,NaN,NaN,2.7777777777777777,3.270236145058097,2.1166666666666667,0.8418954084610979,3.4,0.1111111111111111,0.5332916650389353,2.0,4.0,1.1724137931034482,0.38442587221924474,0.0,0.0
115,1,12.0,27.0,2.25,0.20454545454545456,0.18181818181818182,0.09090909090909091,0.2222222222222222,0.3333333333333333,0.2222222222222222,0.6666666666666666,0.5833333333333334,0.0,0.2857142857142857,0.42857142857142855,0.5901234567901235,0.30836808835375945,0.3905723905723905,0.39863012804068954,NaN,NaN,NaN,NaN,3.0,3.2015621187164243,2.198078529657477,0.8642544623438885,3.333333333333333,0.6666666666666666,0.6279096376217358,3.0,6.0,1.3421052631578947,0.5340470568128518,0.0,0.0
116,1,12.0,14.0,1.1666666666666667,0.10606060606060606,0.18181818181818182,0.5454545454545454,0.3333333333333333,0.4444444444444444,0.3333333333333333,0.5555555555555556,0.5833333333333334,0.0,0.42857142857142855,0.2857142857142857,0.6296296296296297,0.35136418446315326,0.41111111111111115,0.4702245326555295,NaN,NaN,NaN,NaN,1.5555555555555556,1.3333333333333337,2.2222222222222223,0.9220457419067398,3.5,0.3333333333333333,0.7333832816822577,3.0,5.0,1.7586206896551724,0.786273871488314,0.16666666666666666,0.0
117,1,12.0,29.0,2.4166666666666665,0.2196969696969697,0.18181818181818182,0.09090909090909091,0.2222222222222222,0.3333333333333333,0.2222222222222222,0.6666666666666666,0.5833333333333334,0.0,0.2857142857142857,0.42857142857142855,0.5703703703703705,0.31118550697789,0.347979797979798,0.4024531638931914,NaN,NaN,NaN,NaN,3.2222222222222223,3.3458099833141217,2.238095238095238,0.8594845358033477,3.1904761904761907,0.3333333333333333,0.8350163962877689,3.0,7.0,1.48,0.5436085025840128,0.3333333333333333,0.0
118,1,12.0,20.0,1.6666666666666667,0.15151515151515152,0.18181818181818182,0.36363636363636365,0.2222222222222222,0.4444444444444444,0.2222222222222222,0.6666666666666666,0.5833333333333334,0.0,0.2857142857142857,0.2857142857142857,0.5555555555555556,0.39583333333333337,0.38333333333333336,0.4,NaN,NaN,NaN,NaN,2.2222222222222223,1.6414763002993507,2.1,0.7745966692414834,3.0,0.2222222222222222,0.46157624676639003,2.0,4.0,1.2,0.4082482904638631,0.0,0.0
119,1,12.0,12.0,1.0,0.09090909090909091,0.18181818181818182,0.5454545454545454,0.4444444444444444,0.4444444444444444,0.2222222222222222,0.3333333333333333,0.5833333333333334,0.0,0.2857142857142857,0.42857142857142855,0.4074074074074074,0.43390275977259196,0.2592592592592593,0.43390275977259196,NaN,NaN,NaN,NaN,1.3333333333333333,0.7071067811865476,2.159722222222222,0.8605101356769098,3.333333333333333,0.3333333333333333,0.2582803790626656,3.0,4.0,1.565217391304348,0.6623708763718501,0.0,0.0
12,1,12.0,22.0,1.8333333333333333,0.16666666666666666,0.18181818181818182,0.09090909090909091,0.3333333333333333,0.4444444444444444,0.3333333333333333,0.5555555555555556,0.5833333333333334,0.0,0.42857142857142855,0.2857142857142857,0.5037037037037037,0.44109851647287135,0.3905723905723905,0.47053796763038847,NaN,NaN,NaN,NaN,2.4444444444444446,3.2829526005987018,2.132936507936508,0.8030976370334257,3.0,0.2222222222222222,0.6679170769065765,3.0,5.0,1.2857142857142858,0.5345224838248488,0.0,0.0
120,1,12.0,16.0,1.3333333333333333,0.12121212121212122,0.18181818181818182,0.36363636363636365,0.2222222222222222,0.4444444444444444,0.2222222222222222,0.5555555555555556,0.5833333333333334,0.0,0.2857142857142857,0.2857142857142857,0.4722222222222222,0.4487637339278754,0.3796296296296296,0.42718212497860275,NaN,NaN,NaN,NaN,1.7777777777777777,1.092906420717,2.0694444444444446,0.7864327250162158,3.5,0.4444444444444444,0.40311288741492746,3.0,4.0,1.375,0.5757792451369143,0.0,0.0
121,1,12.0,20.0,1.6666666666666667,0.15151515151515152,0.18181818181818182,0.09090909090909091,0.4444444444444444,0.4444444444444444,0.3333333333333333,0.5555555555555556,0.5833333333333334,0.0,0.42857142857142855,0.2857142857142857,0.753968253968254,0.25028328620986473,0.41111111111111115,0.4702245326555295,NaN,NaN,NaN,NaN,2.2222222222222223,2.223610677354389,2.275,0.9694448062284062,3.666666666666667,0.3333333333333333,0.6833782612530314,3.0,5.0,1.4516129032258065,0.6238968759562409,0.16666666666666666,0.0
122,1,12.0,28.0,2.3333333333333335,0.21212121212121213,0.18181818181818182,0.09090909090909091,0.1111111111111111,0.4444444444444444,0.3333333333333333,0.7777777777777778,0.5833333333333334,0.0,0.42857142857142855,0.42857142857142855,0.8055555555555556,0.2243818669639377,0.5109427609427608,0.42432884521409386,NaN,NaN,NaN,NaN,3.111111111111111,3.2188679859713276,2.164186507936508,0.836887359239318,3.125,0.3333333333333333,0.6549071550908752,2.0,5.0,1.1818181818181819,0.3916747259003201,0.0,0.0
123,1,12.0,26.0,2.1666666666666665,0.19696969696969696,0.18181818181818182,0.2727272727272727,0.1111111111111111,0.3333333333333333,0.2222222222222222,0.7777777777777778,0.5833333333333334,0.0,0.2857142857142857,0.2857142857142857,0.6302910052910052,0.3069438672899633,0.4084656084656085,0.382413698545796,NaN,NaN,NaN,NaN,2.888888888888889,2.088327347690278,2.339814814814815,0.9653068147172011,3.5,0.3333333333333333,0.8302413292334533,3.0,6.0,1.4761904761904763,0.5942035143723492,0.16666666666666666,0.0
124,1,12.0,13.0,1.0833333333333333,0.09848484848484848,0.18181818181818182,0.5454545454545454,0.3333333333333333,0.5555555555555556,0.3333333333333333,0.4444444444444444,0.5833333333333334,0.0,0.42857142857142855,0.0,0.5,0.4330127018922193,0.35555555555555557,0.4876246279442597,NaN,NaN,NaN,NaN,1.4444444444444444,1.3333333333333337,2.126984126984127,0.8579441500701507,3.333333333333333,0.3333333333333333,0.5024505330585529,3.0,4.0,1.5833333333333333,0.6538625481582945,0.0,0.0
125,1,12.0,30.0,2.5,0.22727272727272727,0.18181818181818182,0.09090909090909091,0.2222222222222222,0.3333333333333333,0.2222222222222222,0.7777777777777778,0.5833333333333334,0.0,0.2857142857142857,0.42857142857142855,0.7592171717171717,0.19424606121465085,0.41574074074074074,0.3963909327985925,NaN,NaN,NaN,NaN,3.3333333333333335,2.3979157616563596,2.2964434258551907,0.924047538806041,3.333333333333333,0.5555555555555556,0.7661957349812091,3.0,7.0,1.4130434782608696,0.5802714673714456,0.16666666666666666,0.0
126,1,12.0,32.0,2.6666666666666665,0.24242424242424243,0.18181818181818182,0.09090909090909091,0.2222222222222222,0.4444444444444444,0.3333333333333333,0.6666666666666666,0.5833333333333334,0.0,0.42857142857142855,0.42857142857142855,0.7238095238095238,0.34604175753683786,0.4313131313131313,0.4539794455770304,NaN,NaN,NaN,NaN,3.5555555555555554,3.5746017649212027,2.1720085470085473,0.8449956460847933,3.230769230769231,0.2222222222222222,0.7016398741676482,2.0,6.0,1.1891891891891893,0.39706127695565785,0.16666666666666666,0.0
127,1,12.0,22.0,1.8333333333333333,0.16666666666666666,0.18181818181818182,0.18181818181818182,0.1111111111111111,0.6666666666666666,0.4444444444444444,0.6666666666666666,0.5833333333333334,0.0,0.5714285714285714,0.2857142857142857,0.6296296296296297,0.42309850588132825,0.49537037037037046,0.48966951566122763,NaN,NaN,NaN,NaN,2.4444444444444446,2.5055493963954847,1.9768518518518519,0.7128208350180045,3.166666666666667,0.3333333333333333,0.39386461593406846,2.0,4.0,1.2413793103448276,0.43549417035569266,0.0,0.0
128,1,12.0,16.0,1.3333333333333333,0.12121212121212122,0.18181818181818182,0.45454545454545453,0.3333333333333333,0.4444444444444444,0.3333333333333333,0.5555555555555556,0.5833333333333334,0.0,0.42857142857142855,0.14285714285714285,0.6444444444444445,0.3711842908553348,0.41111111111111115,0.4702245326555295,NaN,NaN,NaN,NaN,1.7777777777777777,1.5634719199411429,2.2083333333333335,0.8908201872772114,3.333333333333333,0.3333333333333333,0.6984606089266755,3.0,5.0,1.5357142857142858,0.6372477195601849,0.16666666666666666,0.0
129,1,12.0,28.0,2.3333333333333335,0.21212121212121213,0.18181818181818182,0.09090909090909091,0.1111111111111111,0.5555555555555556,0.3333333333333333,0.6666666666666666,0.5833333333333334,0.0,0.42857142857142855,0.42857142857142855,0.7182539682539683,0.33440781330720587,0.46464646464646464,0.44581257514559086,NaN,NaN,NaN,NaN,3.111111111111111,3.443996386628638,2.063888888888889,0.7788178471614778,3.166666666666667,0.2222222222222222,0.6103843682578393,2.0,5.0,1.2121212121212122,0.4151487502672805,0.16666666666666666,0.0
13,1,12.0,23.0,1.9166666666666667,0.17424242424242425,0.18181818181818182,0.18181818181818182,0.4444444444444444,0.3333333333333333,0.2222222222222222,0.4444444444444444,0.5833333333333334,0.0,0.2857142857142857,0.42857142857142855,0.4867724867724868,0.325856237825681,0.2814814814814815,0.4239729784075314,NaN,NaN,NaN,NaN,2.5555555555555554,2.1278575558006176,2.388888888888889,1.0373902116264888,3.75,0.4444444444444444,0.6815894067951934,3.0,7.0,1.4473684210526316,0.55494671870139,0.16666666666666666,0.0
130,1,12.0,33.0,2.75,0.25,0.18181818181818182,0.09090909090909091,0.1111111111111111,0.4444444444444444,0.2222222222222222,0.7777777777777778,0.5833333333333334,0.0,0.2857142857142857,0.42857142857142855,0.6697530864197532,0.3243715565852474,0.4107744107744107,0.3805598285202458,NaN,NaN,NaN,NaN,3.6666666666666665,4.2130748865881795,2.118055555555556,0.7885371423819076,3.0,0.2222222222222222,0.6435995092313451,2.0,5.0,1.1142857142857143,0.32280285109067564,0.16666666666666666,0.0
131,1,12.0,14.0,1.1666666666666667,0.10606060606060606,0.18181818181818182,0.45454545454545453,0.2222222222222222,0.5555555555555556,0.3333333333333333,0.5555555555555556,0.5833333333333334,0.0,0.42857142857142855,0.2857142857142857,0.5555555555555557,0.4714045207910317,0.40740740740740744,0.46481112585226425,NaN,NaN,NaN,NaN,1.5555555555555556,0.8819171036881969,2.055555555555556,0.77633343525421,3.333333333333333,0.3333333333333333,0.4308041151059093,3.0,4.0,1.368421052631579,0.5972647203701474,0.0,0.0
132,1,12.0,24.0,2.0,0.18181818181818182,0.18181818181818182,0.18181818181818182,0.2222222222222222,0.3333333333333333,0.2222222222222222,0.7777777777777778,0.5833333333333334,0.0,0.2857142857142857,0.42857142857142855,0.7929292929292929,0.2056298416384843,0.4574074074074075,0.38143653097270824,NaN,NaN,NaN,NaN,2.6666666666666665,1.6583123951777,2.237842712842713,0.8833379830316999,3.3636363636363633,0.5555555555555556,0.7132875661309166,3.0,5.0,1.4722222222222223,0.6540472290116194,0.16666666666666666,0.0
133,1,12.0,30.0,2.5,0.22727272727272727,0.18181818181818182,0.09090909090909091,0.1111111111111111,0.5555555555555556,0.3333333333333333,0.6666666666666666,0.5833333333333334,0.0,0.42857142857142855,0.42857142857142855,0.6074074074074074,0.39070014709271816,0.44612794612794615,0.4476183731014239,NaN,NaN,NaN,NaN,3.3333333333333335,3.5355339059327378,2.0225694444444446,0.7341259024844806,3.166666666666667,0.4444444444444444,0.4989537465094444,2.0,5.0,1.1714285714285715,0.38238526043109716,0.0,0.0
134,1,12.0,16.0,1.3333333333333333,0.12121212121212122,0.18181818181818182,0.45454545454545453,0.4444444444444444,0.3333333333333333,0.2222222222222222,0.5555555555555556,0.5833333333333334,0.0,0.2857142857142857,0.2857142857142857,0.6954732510288065,0.18217721683177418,0.3703703703703704,0.42309850588132825,NaN,NaN,NaN,NaN,1.7777777777777777,0.9718253158075502,2.5464285714285713,1.1891925980472902,4.166666666666666,0.5555555555555556,0.7541359880256175,4.0,6.0,1.925,0.9710554659486339,0.0,0.0
135,1,12.0,24.0,2.0,0.18181818181818182,0.18181818181818182,0.2727272727272727,0.2222222222222222,0.5555555555555556,0.3333333333333333,0.6666666666666666,0.5833333333333334,0.0,0.42857142857142855,0.42857142857142855,0.6308641975308641,0.34506117626228494,0.48765432098765427,0.4477117556939475,NaN,NaN,NaN,NaN,2.6666666666666665,2.598076211353316,2.116013071895425,0.8624395153733103,3.666666666666667,0.3333333333333333,0.5887371166291065,3.0,6.0,1.4324324324324325,0.6027962867863101,0.16666666666666666,0.0
136,1,12.0,31.0,2.5833333333333335,0.23484848484848486,0.18181818181818182,0.09090909090909091,0.1111111111111111,0.5555555555555556,0.3333333333333333,0.6666666666666666,0.5833333333333334,0.0,0.42857142857142855,0.42857142857142855,0.5823970037453183,0.3888090998117874,0.4202020202020202,0.46150977931173603,NaN,NaN,NaN,NaN,3.4444444444444446,4.126472801046649,2.0645424836601305,0.789913812341257,3.333333333333333,0.3333333333333333,0.5956016727490894,3.0,6.0,1.3170731707317074,0.5214894241614064,0.16666666666666666,0.0
137,1,12.0,35.0,2.9166666666666665,0.26515151515151514,0.18181818181818182,0.09090909090909091,0.1111111111111111,0.3333333333333333,0.2222222222222222,0.7777777777777778,0.5833333333333334,0.0,0.2857142857142857,0.42857142857142855,0.565,0.31106671310186823,0.3664983164983165,0.3880152195875417,NaN,NaN,NaN,NaN,3.888888888888889,3.2574700476153438,2.2867063492063493,0.9139212039056736,3.416666666666667,0.5555555555555556,0.8213868145344586,3.0,8.0,1.375,0.5696210012862789,0.16666666666666666,0.0
138,1,12.0,33.0,2.75,0.25,0.18181818181818182,0.09090909090909091,0.2222222222222222,0.4444444444444444,0.2222222222222222,0.6666666666666666,0.5833333333333334,0.0,0.2857142857142857,0.42857142857142855,0.5968253968253968,0.30749794903727656,0.3998316498316498,0.4109766054503927,NaN,NaN,NaN,NaN,3.6666666666666665,3.4278273002005224,2.184126984126984,0.8803902110191548,3.4,0.5555555555555556,0.5949615519216032,3.0,6.0,1.2790697674418605,0.5035862528546925,0.0,0.0
139,1,12.0,31.0,2.5833333333333335,0.23484848484848486,0.18181818181818182,0.09090909090909091,0.2222222222222222,0.3333333333333333,0.2222222222222222,0.4444444444444444,0.5833333333333334,0.0,0.2857142857142857,0.42857142857142855,0.4671201814058957,0.36375181599058415,0.3055555555555556,0.42898458920779164,NaN,NaN,NaN,NaN,3.4444444444444446,2.6034165586355518,2.224358974358974,0.9056978997840841,3.5,0.6666666666666666,0.6267661309533442,2.0,6.0,1.2564102564102564,0.44235903005475674,0.0,0.0
14,1,12.0,19.0,1.5833333333333333,0.14393939393939395,0.18181818181818182,0.36363636363636365,0.2222222222222222,0.4444444444444444,0.3333333333333333,0.6666666666666666,0.5833333333333334,0.0,0.42857142857142855,0.2857142857142857,0.6666666666666665,0.408248290463863,0.42592592592592593,0.447687818369061,NaN,NaN,NaN,NaN,2.111111111111111,1.2692955176439846,2.1625,0.8642193008721802,3.5,0.4444444444444444,0.6861836147973619,2.0,4.0,1.2916666666666667,0.4643056214875365,0.0,0.0
140,1,12.0,17.0,1.4166666666666667,0.12878787878787878,0.18181818181818182,0.36363636363636365,0.4444444444444444,0.3333333333333333,0.2222222222222222,0.4444444444444444,0.5833333333333334,0.0,0.2857142857142857,0.42857142857142855,0.6777777777777778,0.35978388574871506,0.30000000000000004,0.4301162633521314,NaN,NaN,NaN,NaN,1.8888888888888888,1.536590742882148,2.305555555555556,0.9342888326934143,3.5,0.3333333333333333,0.6771540309998505,3.0,5.0,1.5483870967741935,0.6238968759562409,0.16666666666666666,0.0
141,1,12.0,18.0,1.5,0.13636363636363635,0.18181818181818182,0.2727272727272727,0.3333333333333333,0.5555555555555556,0.3333333333333333,0.5555555555555556,0.5833333333333334,0.0,0.42857142857142855,0.42857142857142855,0.6203703703703703,0.38888888888888884,0.4351851851851852,0.47466687473986285,NaN,NaN,NaN,NaN,2.0,1.5811388300841898,2.1982323232323235,0.956117432558555,3.666666666666667,0.3333333333333333,0.5313877088561071,3.0,4.0,1.5,0.6382847385042254,0.0,0.0
142,1,12.0,28.0,2.3333333333333335,0.21212121212121213,0.18181818181818182,0.09090909090909091,0.3333333333333333,0.4444444444444444,0.2222222222222222,0.4444444444444444,0.5833333333333334,0.0,0.2857142857142857,0.42857142857142855,0.39909297052154197,0.4224478841441863,0.2888888888888889,0.4255715111601235,NaN,NaN,NaN,NaN,3.111111111111111,3.407508050043479,2.1801346801346804,0.8538988726417435,3.2727272727272725,0.2222222222222222,0.678091725343248,3.0,6.0,1.358974358974359,0.5374001492164547,0.16666666666666666,0.0
143,1,12.0,22.0,1.8333333333333333,0.16666666666666666,0.18181818181818182,0.09090909090909091,0.3333333333333333,0.4444444444444444,0.3333333333333333,0.6666666666666666,0.5833333333333334,0.0,0.42857142857142855,0.2857142857142857,0.8148148148148148,0.1643355495305449,0.4907407407407407,0.44574462599670034,NaN,NaN,NaN,NaN,2.4444444444444446,2.0069324297987157,2.211805555555556,0.9047884563108666,3.666666666666667,0.2222222222222222,0.5307019603384471,3.0,5.0,1.457142857142857,0.6108266887567038,0.0,0.0
144,1,12.0,24.0,2.0,0.18181818181818182,0.18181818181818182,0.09090909090909091,0.2222222222222222,0.4444444444444444,0.2222222222222222,0.6666666666666666,0.5833333333333334,0.0,0.2857142857142857,0.42857142857142855,0.5766460905349793,0.38135554425692775,0.4166666666666667,0.4039733214513607,NaN,NaN,NaN,NaN,2.6666666666666665,1.8027756377319946,2.1777777777777776,0.8694980943204742,3.5,0.4444444444444444,0.4955660892275323,2.0,5.0,1.3333333333333333,0.47809144373375745,0.0,0.0
145,1,12.0,26.0,2.1666666666666665,0.19696969696969696,0.18181818181818182,0.18181818181818182,0.1111111111111111,0.3333333333333333,0.2222222222222222,0.6666666666666666,0.5833333333333334,0.0,0.2857142857142857,0.42857142857142855,0.5170068027210885,0.35516947518279823,0.38095238095238093,0.402479559628023,NaN,NaN,NaN,NaN,2.888888888888889,2.522124325070259,2.1368686868686866,0.7942651039813532,3.333333333333333,0.6666666666666666,0.6340438681645627,3.0,6.0,1.3421052631578947,0.5340470568128518,0.0,0.0
146,1,12.0,20.0,1.6666666666666667,0.15151515151515152,0.18181818181818182,0.18181818181818182,0.4444444444444444,0.3333333333333333,0.2222222222222222,0.5555555555555556,0.5833333333333334,0.0,0.2857142857142857,0.42857142857142855,0.6638888888888889,0.20808318315306287,0.32222222222222224,0.4176654695380556,NaN,NaN,NaN,NaN,2.2222222222222223,1.6414763002993509,2.405092592592592,1.0574450349169724,4.166666666666666,0.4444444444444444,0.6969996849021786,3.0,6.0,1.675,0.7298577311314225,0.0,0.0
147,1,12.0,31.0,2.5833333333333335,0.23484848484848486,0.18181818181818182,0.09090909090909091,0.2222222222222222,0.4444444444444444,0.3333333333333333,0.7777777777777778,0.5833333333333334,0.0,0.42857142857142855,0.42857142857142855,0.8296296296296295,0.155729069893442,0.5202020202020202,0.41879621094197733,NaN,NaN,NaN,NaN,3.4444444444444446,3.395258131243894,2.1880952380952383,0.8792448644393439,3.466666666666667,0.3333333333333333,0.5986792899415435,3.0,6.0,1.2926829268292683,0.5120499213467564,0.0,0.0
148,1,12.0,21.0,1.75,0.1590909090909091,0.18181818181818182,0.18181818181818182,0.2222222222222222,0.4444444444444444,0.2222222222222222,0.6666666666666666,0.5833333333333334,0.0,0.2857142857142857,0.42857142857142855,0.6226851851851852,0.31774153590925963,0.37407407407407406,0.4044123918922977,NaN,NaN,NaN,NaN,2.3333333333333335,1.8708286933869707,2.182142857142857,0.877234755539548,3.4,0.3333333333333333,0.579718775023437,3.0,5.0,1.3870967741935485,0.5584155773160767,0.0,0.0
149,1,12.0,25.0,2.0833333333333335,0.1893939393939394,0.18181818181818182,0.18181818181818182,0.1111111111111111,0.4444444444444444,0.2222222222222222,0.6666666666666666,0.5833333333333334,0.0,0.2857142857142857,0.42857142857142855,0.6273148148148148,0.29764054155190056,0.4351851851851852,0.403495529064832,NaN,NaN,NaN,NaN,2.7777777777777777,2.3333333333333335,2.1237373737373737,0.8156995641792035,3.333333333333333,0.5555555555555556,0.5831253728742611,3.0,5.0,1.3235294117647058,0.5348796656113336,0.0,0.0
15,1,12.0,19.0,1.5833333333333333,0.14393939393939395,0.18181818181818182,0.2727272727272727,0.3333333333333333,0.3333333333333333,0.2222222222222222,0.5555555555555556,0.5833333333333334,0.0,0.2857142857142857,0.42857142857142855,0.5962962962962963,0.3433674920080543,0.3370370370370371,0.4151453709393201,NaN,NaN,NaN,NaN,2.111111111111111,1.536590742882148,2.4166666666666665,1.0998163299369397,4.166666666666666,0.2222222222222222,0.7146476387446843,4.0,7.0,1.6666666666666667,0.7928249671720918,0.16666666666666666,0.0
150,1,12.0,23.0,1.9166666666666667,0.17424242424242425,0.18181818181818182,0.09090909090909091,0.2222222222222222,0.5555555555555556,0.3333333333333333,0.6666666666666666,0.5833333333333334,0.0,0.42857142857142855,0.2857142857142857,0.5679012345679012,0.39482354413252985,0.4722222222222222,0.4487637339278754,NaN,NaN,NaN,NaN,2.5555555555555554,2.0069324297987157,2.0597222222222222,0.7748397792458022,3.25,0.3333333333333333,0.44774847855008665,2.0,5.0,1.28125,0.45680340939917435,0.0,0.0
151,1,12.0,28.0,2.3333333333333335,0.21212121212121213,0.18181818181818182,0.09090909090909091,0.3333333333333333,0.4444444444444444,0.3333333333333333,0.6666666666666666,0.5833333333333334,0.0,0.42857142857142855,0.42857142857142855,0.8189300411522634,0.14633666161888514,0.44983164983164986,0.4604842121305215,NaN,NaN,NaN,NaN,3.111111111111111,3.257470047615344,2.2585978835978833,0.9464973283027146,3.5,0.5555555555555556,0.745360687345263,3.0,6.0,1.5,0.5457768229098153,0.16666666666666666,0.0
152,1,12.0,31.0,2.5833333333333335,0.23484848484848486,0.18181818181818182,0.09090909090909091,0.2222222222222222,0.3333333333333333,0.2222222222222222,0.5555555555555556,0.5833333333333334,0.0,0.2857142857142857,0.42857142857142855,0.40780998389694045,0.39390870072339024,0.31186868686868685,0.4218003305174259,NaN,NaN,NaN,NaN,3.4444444444444446,3.643868518179241,2.193452380952381,0.8399877325575941,3.25,0.4444444444444444,0.7000599522901783,2.0,5.0,1.2432432432432432,0.43495883620083997,0.16666666666666666,0.0
153,1,12.0,20.0,1.6666666666666667,0.15151515151515152,0.18181818181818182,0.18181818181818182,0.2222222222222222,0.4444444444444444,0.3333333333333333,0.6666666666666666,0.5833333333333334,0.0,0.42857142857142855,0.42857142857142855,0.7575757575757576,0.3830068078716527,0.437037037037037,0.4461079977752162,NaN,NaN,NaN,NaN,2.2222222222222223,1.7159383568311668,2.175925925925926,0.8454782790758587,3.111111111111111,0.1111111111111111,0.8067897381669129,2.0,4.0,1.3571428571428572,0.4879500364742666,0.3333333333333333,0.0
154,1,12.0,23.0,1.9166666666666667,0.17424242424242425,0.18181818181818182,0.09090909090909091,0.2222222222222222,0.5555555555555556,0.3333333333333333,0.6666666666666666,0.5833333333333334,0.0,0.42857142857142855,0.42857142857142855,0.7222222222222222,0.33333333333333337,0.46464646464646464,0.4535342286998717,NaN,NaN,NaN,NaN,2.5555555555555554,3.2829526005987013,2.1222222222222222,0.8654225724790341,3.666666666666667,0.2222222222222222,0.5380228610698772,3.0,4.0,1.3333333333333333,0.6064784348631227,0.0,0.0
155,1,12.0,15.0,1.25,0.11363636363636363,0.18181818181818182,0.18181818181818182,0.3333333333333333,0.5555555555555556,0.3333333333333333,0.5555555555555556,0.5833333333333334,0.0,0.42857142857142855,0.2857142857142857,0.6481481481481481,0.3379312516832344,0.42592592592592593,0.4648111258522642,NaN,NaN,NaN,NaN,1.6666666666666667,0.8660254037844386,2.220833333333333,1.0525852013308026,4.5,0.3333333333333333,0.4120795115138871,3.0,4.0,1.5769230769230769,0.7027418828034614,0.0,0.0
156,1,12.0,35.0,2.9166666666666665,0.26515151515151514,0.18181818181818182,0.09090909090909091,0.2222222222222222,0.3333333333333333,0.2222222222222222,0.6666666666666666,0.5833333333333334,0.0,0.2857142857142857,0.42857142857142855,0.6126877237988348,0.31849104410147866,0.3685185185185185,0.4130210887510303,NaN,NaN,NaN,NaN,3.888888888888889,3.0595932917809696,2.3152077497665733,0.9490722466323551,3.4705882352941178,0.5555555555555556,0.7792821543911321,3.0,7.0,1.3541666666666667,0.5645402321879862,0.16666666666666666,0.0
157,1,12.0,33.0,2.75,0.25,0.18181818181818182,0.09090909090909091,0.1111111111111111,0.5555555555555556,0.4444444444444444,0.8888888888888888,0.5833333333333334,0.0,0.5714285714285714,0.2857142857142857,0.8322751322751323,0.19426335915064066,0.597979797979798,0.4115275358514952,NaN,NaN,NaN,NaN,3.6666666666666665,3.5000000000000004,2.0796194546194546,0.7909694306408702,3.1538461538461537,0.3333333333333333,0.6620328879189872,2.0,6.0,1.162162162162162,0.37368387661182234,0.16666666666666666,0.0
158,1,12.0,30.0,2.5,0.22727272727272727,0.18181818181818182,0.09090909090909091,0.3333333333333333,0.3333333333333333,0.2222222222222222,0.5555555555555556,0.5833333333333334,0.0,0.2857142857142857,0.42857142857142855,0.5913832199546485,0.30927926349122487,0.3246913580246914,0.4169176199002205,NaN,NaN,NaN,NaN,3.3333333333333335,3.082207001484488,2.385061919504644,1.0160205678971022,3.6470588235294117,0.5555555555555556,0.7946704467415832,3.0,8.0,1.4583333333333333,0.5819385554072728,0.3333333333333333,0.0
159,1,12.0,27.0,2.25,0.20454545454545456,0.18181818181818182,0.09090909090909091,0.2222222222222222,0.3333333333333333,0.2222222222222222,0.5555555555555556,0.5833333333333334,0.0,0.2857142857142857,0.42857142857142855,0.4583333333333333,0.3781753318669173,0.33730158730158727,0.4138510308516356,NaN,NaN,NaN,NaN,3.0,2.345207879911715,2.161111111111111,0.8216555513826003,3.333333333333333,0.5555555555555556,0.6039990188856392,2.0,6.0,1.3333333333333333,0.47756693294091923,0.0,0.0
16,1,12.0,18.0,1.5,0.13636363636363635,0.18181818181818182,0.18181818181818182,0.3333333333333333,0.3333333333333333,0.2222222222222222,0.5555555555555556,0.5833333333333334,0.0,0.2857142857142857,0.42857142857142855,0.6777777777777777,0.35978388574871506,0.3370370370370371,0.4151453709393201,NaN,NaN,NaN,NaN,2.0,1.5811388300841898,2.4424603174603177,1.1166022066393726,4.142857142857142,0.3333333333333333,0.8578525695474125,4.0,6.0,1.7096774193548387,0.8638498475659904,0.16666666666666666,0.0
160,1,12.0,23.0,1.9166666666666667,0.17424242424242425,0.18181818181818182,0.09090909090909091,0.3333333333333333,0.4444444444444444,0.2222222222222222,0.4444444444444444,0.5833333333333334,0.0,0.2857142857142857,0.42857142857142855,0.6624338624338625,0.3250801788804297,0.35185185185185186,0.4444444444444444,NaN,NaN,NaN,NaN,2.5555555555555554,2.3511226632776476,2.2083333333333335,0.9166666666666666,3.583333333333333,0.3333333333333333,0.5477826906290785,3.0,5.0,1.3823529411764706,0.5512908203729234,0.0,0.0
161,1,12.0,13.0,1.0833333333333333,0.09848484848484848,0.18181818181818182,0.5454545454545454,0.1111111111111111,0.6666666666666666,0.5555555555555556,0.6666666666666666,0.5833333333333334,0.0,0.7142857142857143,0.14285714285714285,0.7638888888888888,0.3560001560548972,0.6111111111111112,0.4859126579037751,NaN,NaN,NaN,NaN,1.4444444444444444,1.0137937550497031,1.9833333333333334,0.7469128382072354,3.5,0.3333333333333333,0.43515396626823283,3.0,4.0,1.368421052631579,0.5972647203701474,0.0,0.0
162,1,12.0,22.0,1.8333333333333333,0.16666666666666666,0.18181818181818182,0.09090909090909091,0.3333333333333333,0.5555555555555556,0.3333333333333333,0.5555555555555556,0.5833333333333334,0.0,0.42857142857142855,0.42857142857142855,0.708994708994709,0.30901464022113945,0.4629629629629629,0.4697648479246601,NaN,NaN,NaN,NaN,2.4444444444444446,2.0682789409984763,2.24002849002849,1.0431454879798312,4.0,0.3333333333333333,0.5723891325683172,3.0,6.0,1.5277777777777777,0.6963624307217003,0.0,0.0
163,1,12.0,23.0,1.9166666666666667,0.17424242424242425,0.18181818181818182,0.09090909090909091,0.2222222222222222,0.5555555555555556,0.3333333333333333,0.5555555555555556,0.5833333333333334,0.0,0.42857142857142855,0.42857142857142855,0.5683269476372925,0.4505949118416562,0.39057239057239057,0.4705379676303885,NaN,NaN,NaN,NaN,2.5555555555555554,3.2829526005987018,2.0944444444444446,0.8152378760906502,3.333333333333333,0.2222222222222222,0.6186389071960364,3.0,5.0,1.3823529411764706,0.5512908203729235,0.16666666666666666,0.0
164,1,12.0,20.0,1.6666666666666667,0.15151515151515152,0.18181818181818182,0.09090909090909091,0.3333333333333333,0.4444444444444444,0.2222222222222222,0.4444444444444444,0.5833333333333334,0.0,0.2857142857142857,0.42857142857142855,0.4861111111111111,0.44143075460496756,0.2962962962962963,0.43122707489611173,NaN,NaN,NaN,NaN,2.2222222222222223,1.922093765778466,2.15625,0.844643886767995,3.375,0.2222222222222222,0.5566582623590811,3.0,5.0,1.4193548387096775,0.5641627157943647,0.0,0.0
165,1,12.0,25.0,2.0833333333333335,0.1893939393939394,0.18181818181818182,0.09090909090909091,0.1111111111111111,0.6666666666666666,0.4444444444444444,0.5555555555555556,0.5833333333333334,0.0,0.5714285714285714,0.42857142857142855,0.6398467432950192,0.41131120310535374,0.46464646464646464,0.5111250846494849,NaN,NaN,NaN,NaN,2.7777777777777777,3.270236145058097,1.9989583333333334,0.7435414782809647,3.25,0.3333333333333333,0.5499441259497792,2.0,5.0,1.368421052631579,0.4888515295293514,0.16666666666666666,0.0
166,1,12.0,24.0,2.0,0.18181818181818182,0.18181818181818182,0.09090909090909091,0.3333333333333333,0.4444444444444444,0.3333333333333333,0.5555555555555556,0.5833333333333334,0.0,0.42857142857142855,0.42857142857142855,0.8135802469135801,0.22931579509931319,0.42760942760942755,0.4785203616958155,NaN,NaN,NaN,NaN,2.6666666666666665,3.24037034920393,2.280263157894737,0.975285441431866,3.6,0.3333333333333333,0.7132678344446062,3.0,5.0,1.4411764705882353,0.7045813917578353,0.0,0.0
167,1,12.0,30.0,2.5,0.22727272727272727,0.18181818181818182,0.09090909090909091,0.3333333333333333,0.3333333333333333,0.2222222222222222,0.6666666666666666,0.5833333333333334,0.0,0.2857142857142857,0.42857142857142855,0.7808317089018844,0.1502314533229984,0.3942760942760943,0.41358486871282074,NaN,NaN,NaN,NaN,3.3333333333333335,3.2015621187164243,2.3029891304347827,0.9240561273508363,3.333333333333333,0.4444444444444444,0.8109692374322813,3.0,7.0,1.4807692307692308,0.541978388086036,0.3333333333333333,0.0
168,1,12.0,32.0,2.6666666666666665,0.24242424242424243,0.18181818181818182,0.09090909090909091,0.2222222222222222,0.3333333333333333,0.2222222222222222,0.6666666666666666,0.5833333333333334,0.0,0.2857142857142857,0.42857142857142855,0.6900462962962962,0.23804406898905128,0.40379990379990377,0.4095188774595797,NaN,NaN,NaN,NaN,3.5555555555555554,3.3952581312438936,2.290017651430695,0.9307364063590582,3.666666666666667,0.4444444444444444,0.7806873947992347,3.0,7.0,1.4042553191489362,0.577083162874525,0.0,0.0
169,1,12.0,25.0,2.0833333333333335,0.1893939393939394,0.18181818181818182,0.09090909090909091,0.2222222222222222,0.4444444444444444,0.2222222222222222,0.5555555555555556,0.5833333333333334,0.0,0.2857142857142857,0.42857142857142855,0.465432098765432,0.39801569717650914,0.35353535353535354,0.4195492574545572,NaN,NaN,NaN,NaN,2.7777777777777777,3.270236145058097,2.160763888888889,0.8458388534178237,3.2,0.4444444444444444,0.7357558235885358,3.0,6.0,1.3714285714285714,0.5469549011258115,0.0,0.0
17,1,12.0,16.0,1.3333333333333333,0.12121212121212122,0.18181818181818182,0.45454545454545453,0.4444444444444444,0.4444444444444444,0.3333333333333333,0.5555555555555556,0.5833333333333334,0.0,0.42857142857142855,0.2857142857142857,0.7818930041152263,0.210691952665136,0.4351851851851852,0.47466687473986285,NaN,NaN,NaN,NaN,1.7777777777777777,1.2018504251546631,2.230324074074074,0.9207983549379396,3.5555555555555554,0.3333333333333333,0.5061471088856809,3.0,5.0,1.4814814814814814,0.5798123284152693,0.0,0.0
170,1,12.0,20.0,1.6666666666666667,0.15151515151515152,0.18181818181818182,0.18181818181818182,0.4444444444444444,0.3333333333333333,0.2222222222222222,0.4444444444444444,0.5833333333333334,0.0,0.2857142857142857,0.42857142857142855,0.5185185185185186,0.3578916312979201,0.35185185185185186,0.4444444444444444,NaN,NaN,NaN,NaN,2.2222222222222223,1.9860625479688307,2.4583333333333335,1.1766349038549286,4.5,0.3333333333333333,0.758721223333605,4.0,6.0,1.6666666666666667,0.9242113755341179,0.16666666666666666,0.0
171,1,12.0,17.0,1.4166666666666667,0.12878787878787878,0.18181818181818182,0.09090909090909091,0.2222222222222222,0.6666666666666666,0.4444444444444444,0.5555555555555556,0.5833333333333334,0.0,0.5714285714285714,0.42857142857142855,0.7222222222222222,0.36324157862838946,0.5,0.5,NaN,NaN,NaN,NaN,1.8888888888888888,1.2692955176439846,2.0595238095238098,0.8340133280065236,3.428571428571429,0.2222222222222222,0.520296341821971,3.0,4.0,1.3846153846153846,0.5710988059467873,0.16666666666666666,0.0
172,1,12.0,31.0,2.5833333333333335,0.23484848484848486,0.18181818181818182,0.09090909090909091,0.2222222222222222,0.3333333333333333,0.2222222222222222,0.6666666666666666,0.5833333333333334,0.0,0.2857142857142857,0.42857142857142855,0.5619047619047619,0.3097349325763077,0.36481481481481487,0.39777545002422565,NaN,NaN,NaN,NaN,3.4444444444444446,2.7436796055257213,2.3877684407096176,1.0184117286518635,3.6,0.5555555555555556,0.8602501089848813,3.0,8.0,1.4130434782608696,0.6173810980989416,0.16666666666666666,0.0
173,1,12.0,22.0,1.8333333333333333,0.16666666666666666,0.18181818181818182,0.18181818181818182,0.2222222222222222,0.3333333333333333,0.2222222222222222,0.4444444444444444,0.5833333333333334,0.0,0.2857142857142857,0.42857142857142855,0.48888888888888893,0.44495630247374973,0.3055555555555556,0.42898458920779164,NaN,NaN,NaN,NaN,2.4444444444444446,1.5898986690282428,2.111111111111111,0.7632113616106501,3.166666666666667,0.5555555555555556,0.5608692490895847,2.0,5.0,1.2222222222222223,0.4236592728681617,0.0,0.0
174,1,12.0,14.0,1.1666666666666667,0.10606060606060606,0.18181818181818182,0.45454545454545453,0.2222222222222222,0.6666666666666666,0.5555555555555556,0.7777777777777778,0.5833333333333334,0.0,0.7142857142857143,0.2857142857142857,0.9027777777777778,0.19543398999264286,0.6333333333333333,0.45825756949558405,NaN,NaN,NaN,NaN,1.5555555555555556,1.3333333333333337,2.0595238095238098,0.8773766204290199,4.0,0.1111111111111111,0.4097105679567011,3.0,4.0,1.25,0.5773502691896257,0.0,0.0
175,1,12.0,38.0,3.1666666666666665,0.2878787878787879,0.18181818181818182,0.09090909090909091,0.1111111111111111,0.4444444444444444,0.3333333333333333,0.8888888888888888,0.5833333333333334,0.0,0.42857142857142855,0.42857142857142855,0.7735339506172841,0.19828773829010995,0.4848484848484848,0.40703397019482535,NaN,NaN,NaN,NaN,4.222222222222222,4.024232155883212,2.1130952380952377,0.7831293567240459,3.0,0.4444444444444444,0.6708173639563974,2.0,7.0,1.2340425531914894,0.4279763279438432,0.16666666666666666,0.0
176,1,12.0,27.0,2.25,0.20454545454545456,0.18181818181818182,0.09090909090909091,0.1111111111111111,0.4444444444444444,0.3333333333333333,0.7777777777777778,0.5833333333333334,0.0,0.42857142857142855,0.2857142857142857,0.7077777777777778,0.34466569954732146,0.4868686868686869,0.42421807289419466,NaN,NaN,NaN,NaN,3.0,3.3541019662496847,2.1615497076023393,0.8313664215848658,3.105263157894737,0.2222222222222222,0.7669468720624554,3.0,6.0,1.25,0.508000508000762,0.16666666666666666,0.0
177,1,12.0,16.0,1.3333333333333333,0.12121212121212122,0.18181818181818182,0.36363636363636365,0.3333333333333333,0.4444444444444444,0.3333333333333333,0.5555555555555556,0.5833333333333334,0.0,0.42857142857142855,0.2857142857142857,0.6527777777777778,0.4497298571858938,0.41111111111111115,0.4702245326555295,NaN,NaN,NaN,NaN,1.7777777777777777,1.3944333775567928,2.1527777777777777,0.8332070611402705,3.333333333333333,0.3333333333333333,0.6410892062500899,2.0,5.0,1.2857142857142858,0.4629100498862757,0.0,0.0
178,1,12.0,31.0,2.5833333333333335,0.23484848484848486,0.18181818181818182,0.18181818181818182,0.1111111111111111,0.3333333333333333,0.2222222222222222,0.7777777777777778,0.5833333333333334,0.0,0.2857142857142857,0.2857142857142857,0.6169753086419753,0.30994462756052915,0.4234567901234568,0.3854388409815158,NaN,NaN,NaN,NaN,3.4444444444444446,2.6034165586355513,2.2299836601307192,0.8922045058220922,3.5,0.4444444444444444,0.7034324285699014,3.0,6.0,1.3333333333333333,0.570265948512201,0.16666666666666666,0.0
179,1,12.0,20.0,1.6666666666666667,0.15151515151515152,0.18181818181818182,0.36363636363636365,0.2222222222222222,0.4444444444444444,0.2222222222222222,0.5555555555555556,0.5833333333333334,0.0,0.2857142857142857,0.42857142857142855,0.5,0.31868871959954903,0.3277777777777778,0.41616636630612575,NaN,NaN,NaN,NaN,2.2222222222222223,1.6414763002993507,2.1619047619047618,0.8416199004868442,3.2,0.3333333333333333,0.6481884199151798,2.0,5.0,1.3333333333333333,0.4794633014853841,0.0,0.0
18,1,12.0,35.0,2.9166666666666665,0.26515151515151514,0.18181818181818182,0.09090909090909091,0.1111111111111111,0.4444444444444444,0.2222222222222222,0.6666666666666666,0.5833333333333334,0.0,0.2857142857142857,0.42857142857142855,0.4526748971193416,0.3744121033116235,0.3552188552188552,0.40180886277922984,NaN,NaN,NaN,NaN,3.888888888888889,4.166666666666666,2.115740740740741,0.8031427932984491,3.333333333333333,0.5555555555555556,0.6153701008606953,2.0,5.0,1.131578947368421,0.3425699874501044,0.16666666666666666,0.0
180,1,12.0,17.0,1.4166666666666667,0.12878787878787878,0.18181818181818182,0.2727272727272727,0.1111111111111111,0.6666666666666666,0.4444444444444444,0.6666666666666666,0.5833333333333334,0.0,0.5714285714285714,0.2857142857142857,0.7074074074074074,0.34106767729268506,0.574074074074074,0.4648111258522642,NaN,NaN,NaN,NaN,1.8888888888888888,1.6914819275153699,2.0185185185185186,0.7971376027077006,3.5,0.3333333333333333,0.44701564262277815,3.0,4.0,1.3478260869565217,0.5727680517510726,0.0,0.0
181,1,12.0,25.0,2.0833333333333335,0.1893939393939394,0.18181818181818182,0.18181818181818182,0.2222222222222222,0.4444444444444444,0.3333333333333333,0.6666666666666666,0.5833333333333334,0.0,0.42857142857142855,0.42857142857142855,0.7442680776014109,0.31641140649241173,0.4351851851851852,0.45218946100276963,NaN,NaN,NaN,NaN,2.7777777777777777,2.1081851067789192,2.1263888888888887,0.8058876884094746,3.125,0.4444444444444444,0.6311616641529302,3.0,7.0,1.4102564102564104,0.5485842409017251,0.16666666666666666,0.0
182,1,12.0,24.0,2.0,0.18181818181818182,0.18181818181818182,0.36363636363636365,0.1111111111111111,0.4444444444444444,0.3333333333333333,0.7777777777777778,0.5833333333333334,0.0,0.42857142857142855,0.42857142857142855,0.7314814814814815,0.21572534120845926,0.4666666666666667,0.4284986710727481,NaN,NaN,NaN,NaN,2.6666666666666665,1.8027756377319946,2.1419642857142858,0.8347343086009303,3.428571428571429,0.5555555555555556,0.6409296320341741,3.0,5.0,1.4,0.6039088361275576,0.0,0.0
183,1,12.0,28.0,2.3333333333333335,0.21212121212121213,0.18181818181818182,0.09090909090909091,0.2222222222222222,0.3333333333333333,0.2222222222222222,0.5555555555555556,0.5833333333333334,0.0,0.2857142857142857,0.42857142857142855,0.7467206790123456,0.20826178684015276,0.3611111111111111,0.42491829279939874,NaN,NaN,NaN,NaN,3.111111111111111,2.0275875100994063,2.3505772005772005,0.9725414693488105,3.466666666666667,0.4444444444444444,0.7310271596897393,2.0,6.0,1.3571428571428572,0.4849656045851726,0.16666666666666666,0.0
184,1,12.0,25.0,2.0833333333333335,0.1893939393939394,0.18181818181818182,0.09090909090909091,0.2222222222222222,0.3333333333333333,0.2222222222222222,0.5555555555555556,0.5833333333333334,0.0,0.2857142857142857,0.2857142857142857,0.41269841269841273,0.394522085233465,0.3333333333333333,0.41457809879442503,NaN,NaN,NaN,NaN,2.7777777777777777,2.1081851067789197,2.1458333333333335,0.8009818785072292,3.25,0.4444444444444444,0.594593698811774,2.0,6.0,1.2727272727272727,0.4522670168666455,0.0,0.0
185,1,12.0,34.0,2.8333333333333335,0.25757575757575757,0.18181818181818182,0.09090909090909091,0.1111111111111111,0.3333333333333333,0.2222222222222222,0.8888888888888888,0.5833333333333334,0.0,0.2857142857142857,0.42857142857142855,0.7948853615520282,0.1691831519019821,0.44057239057239056,0.37263316268312924,NaN,NaN,NaN,NaN,3.7777777777777777,3.2702361450580977,2.273937747035573,0.8918672619131216,3.1818181818181817,0.4444444444444444,0.8085065717130248,3.0,6.0,1.2439024390243902,0.4889012070387046,0.16666666666666666,0.0
186,1,12.0,28.0,2.3333333333333335,0.21212121212121213,0.18181818181818182,0.18181818181818182,0.2222222222222222,0.3333333333333333,0.2222222222222222,0.6666666666666666,0.5833333333333334,0.0,0.2857142857142857,0.42857142857142855,0.6983713624338624,0.20782947695356385,0.404320987654321,0.40851071145288476,NaN,NaN,NaN,NaN,3.111111111111111,2.472066162365221,2.304563492063492,0.9216281976298207,3.25,0.3333333333333333,0.8359534584420832,3.0,8.0,1.5,0.618852747755276,0.16666666666666666,0.0
187,1,12.0,26.0,2.1666666666666665,0.19696969696969696,0.18181818181818182,0.09090909090909091,0.2222222222222222,0.4444444444444444,0.3333333333333333,0.6666666666666666,0.5833333333333334,0.0,0.42857142857142855,0.2857142857142857,0.5986111111111111,0.3468859482756705,0.4035353535353535,0.45689041591824076,NaN,NaN,NaN,NaN,2.888888888888889,3.4075080500434787,2.100347222222222,0.7723939123595992,3.0,0.3333333333333333,0.6447493384267327,3.0,5.0,1.3235294117647058,0.5348796656113336,0.0,0.0
188,1,12.0,19.0,1.5833333333333333,0.14393939393939395,0.18181818181818182,0.36363636363636365,0.4444444444444444,0.4444444444444444,0.3333333333333333,0.5555555555555556,0.5833333333333334,0.0,0.42857142857142855,0.2857142857142857,0.7448559670781892,0.1989723637195827,0.4351851851851852,0.47466687473986285,NaN,NaN,NaN,NaN,2.111111111111111,1.3642254619787417,2.377579365079365,1.0852748685159233,3.9,0.5555555555555556,0.6865865244446071,3.0,5.0,1.5945945945945945,0.6855435580398739,0.16666666666666666,0.0
189,1,12.0,28.0,2.3333333333333335,0.21212121212121213,0.18181818181818182,0.09090909090909091,0.1111111111111111,0.4444444444444444,0.3333333333333333,0.7777777777777778,0.5833333333333334,0.0,0.42857142857142855,0.42857142857142855,0.7911522633744856,0.1686552603989414,0.49691358024691357,0.4250191636121667,NaN,NaN,NaN,NaN,3.111111111111111,2.5221243250702594,2.2062500000000003,0.8951970961241391,3.6,0.2222222222222222,0.6776299685954159,3.0,5.0,1.3513513513513513,0.5383212700514348,0.0,0.0
19,1,12.0,19.0,1.5833333333333333,0.14393939393939395,0.18181818181818182,0.36363636363636365,0.3333333333333333,0.3333333333333333,0.2222222222222222,0.6666666666666666,0.5833333333333334,0.0,0.2857142857142857,0.42857142857142855,0.7291666666666666,0.21423920626253265,0.38333333333333336,0.4,NaN,NaN,NaN,NaN,2.111111111111111,1.4529663145135578,2.2201388888888887,0.8654234843353034,3.5,0.4444444444444444,0.570171408742694,2.0,6.0,1.3793103448275863,0.4938039737912401,0.0,0.0
190,1,12.0,30.0,2.5,0.22727272727272727,0.18181818181818182,0.09090909090909091,0.2222222222222222,0.5555555555555556,0.3333333333333333,0.5555555555555556,0.5833333333333334,0.0,0.42857142857142855,0.42857142857142855,0.5679012345679012,0.46296296296296297,0.3737373737373737,0.47552590383258225,NaN,NaN,NaN,NaN,3.3333333333333335,4.358898943540674,2.0625,0.7677816332549485,3.0,0.2222222222222222,0.6190231459100813,2.0,5.0,1.096774193548387,0.3005371535187643,0.16666666666666666,0.0
191,1,12.0,26.0,2.1666666666666665,0.19696969696969696,0.18181818181818182,0.09090909090909091,0.3333333333333333,0.3333333333333333,0.2222222222222222,0.5555555555555556,0.5833333333333334,0.0,0.2857142857142857,0.2857142857142857,0.68,0.23729377011066546,0.4074074074074074,0.4258252699098859,NaN,NaN,NaN,NaN,2.888888888888889,1.8333333333333333,2.480692918192918,1.1184653613453235,3.9230769230769234,0.5555555555555556,0.7384035723471911,3.0,6.0,1.5454545454545454,0.6631336970863542,0.0,0.0
192,1,12.0,28.0,2.3333333333333335,0.21212121212121213,0.18181818181818182,0.09090909090909091,0.2222222222222222,0.4444444444444444,0.2222222222222222,0.7777777777777778,0.5833333333333334,0.0,0.2857142857142857,0.2857142857142857,0.6939814814814815,0.19979493731150608,0.4553872053872054,0.3830151325683482,NaN,NaN,NaN,NaN,3.111111111111111,3.2188679859713276,2.1581890331890334,0.8414934241863363,3.333333333333333,0.4444444444444444,0.5909130342105345,3.0,5.0,1.2777777777777777,0.5133147801223568,0.0,0.0
193,1,12.0,12.0,1.0,0.09090909090909091,0.18181818181818182,0.5454545454545454,0.3333333333333333,0.5555555555555556,0.3333333333333333,0.5555555555555556,0.5833333333333334,0.0,0.42857142857142855,0.14285714285714285,0.6111111111111112,0.4166666666666667,0.4259259259259259,0.4648111258522642,NaN,NaN,NaN,NaN,1.3333333333333333,0.7071067811865476,2.0625,0.7696294858271384,3.0,0.1111111111111111,0.2490512299739055,2.0,3.0,1.3333333333333333,0.48507125007266594,0.0,0.0
194,1,12.0,19.0,1.5833333333333333,0.14393939393939395,0.18181818181818182,0.36363636363636365,0.3333333333333333,0.5555555555555556,0.3333333333333333,0.5555555555555556,0.5833333333333334,0.0,0.42857142857142855,0.42857142857142855,0.4365079365079365,0.4635219603317092,0.4166666666666667,0.46770717334674267,NaN,NaN,NaN,NaN,2.111111111111111,2.315407331574968,2.25,1.0552897060221726,4.0,0.0,0.7798635358208024,3.0,5.0,1.2272727272727273,0.5284134548067254,0.0,0.0
195,1,12.0,24.0,2.0,0.18181818181818182,0.18181818181818182,0.2727272727272727,0.2222222222222222,0.3333333333333333,0.2222222222222222,0.6666666666666666,0.5833333333333334,0.0,0.2857142857142857,0.14285714285714285,0.6881613756613757,0.22119011666950697,0.4212962962962963,0.41271272105843404,NaN,NaN,NaN,NaN,2.6666666666666665,2.2912878474779204,2.38260582010582,1.0075038815625845,3.666666666666667,0.4444444444444444,0.8413056322440672,3.0,6.0,1.55,0.7143223433831607,0.16666666666666666,0.0
196,1,12.0,26.0,2.1666666666666665,0.19696969696969696,0.18181818181818182,0.09090909090909091,0.1111111111111111,0.4444444444444444,0.2222222222222222,0.8888888888888888,0.5833333333333334,0.0,0.2857142857142857,0.42857142857142855,0.7445987654320988,0.21755565092243712,0.5308641975308641,0.3492840021085188,NaN,NaN,NaN,NaN,2.888888888888889,2.4209731743889917,2.101470588235294,0.7825122470592618,3.1176470588235294,0.3333333333333333,0.5518977832552849,3.0,5.0,1.2727272727272727,0.5167644091319124,0.0,0.0
197,1,12.0,17.0,1.4166666666666667,0.12878787878787878,0.18181818181818182,0.36363636363636365,0.4444444444444444,0.3333333333333333,0.2222222222222222,0.4444444444444444,0.5833333333333334,0.0,0.2857142857142857,0.42857142857142855,0.7513227513227512,0.2648939566393434,0.35185185185185186,0.4444444444444444,NaN,NaN,NaN,NaN,1.8888888888888888,1.1666666666666667,2.4543650793650795,1.0955889863908552,4.0,0.3333333333333333,0.7032379759325079,3.0,5.0,1.625,0.7071067811865476,0.16666666666666666,0.0
198,1,12.0,31.0,2.5833333333333335,0.23484848484848486,0.18181818181818182,0.09090909090909091,0.1111111111111111,0.5555555555555556,0.3333333333333333,0.7777777777777778,0.5833333333333334,0.0,0.42857142857142855,0.42857142857142855,0.6957671957671957,0.32525274769549894,0.5185185185185185,0.41828389851043324,NaN,NaN,NaN,NaN,3.4444444444444446,2.6034165586355513,2.034316378066378,0.7404535555759427,3.142857142857143,0.4444444444444444,0.4633742368772069,2.0,5.0,1.1842105263157894,0.3928594520631916,0.0,0.0
199,1,12.0,20.0,1.6666666666666667,0.15151515151515152,0.18181818181818182,0.09090909090909091,0.2222222222222222,0.4444444444444444,0.2222222222222222,0.4444444444444444,0.5833333333333334,0.0,0.2857142857142857,0.2857142857142857,0.41269841269841273,0.394522085233465,0.3055555555555556,0.42898458920779164,NaN,NaN,NaN,NaN,2.2222222222222223,2.048034287907418,2.1166666666666667,0.8418954084610978,3.5,0.5555555555555556,0.4423620807961683,3.0,5.0,1.3214285714285714,0.5479640045336466,0.0,0.0
2,1,12.0,17.0,1.4166666666666667,0.12878787878787878,0.18181818181818182,0.18181818181818182,0.3333333333333333,0.5555555555555556,0.3333333333333333,0.5555555555555556,0.5833333333333334,0.0,0.42857142857142855,0.2857142857142857,0.5208333333333334,0.4389855730355308,0.4351851851851852,0.47466687473986285,NaN,NaN,NaN,NaN,1.8888888888888888,1.3642254619787417,2.1805555555555554,0.9678110606715802,4.0,0.2222222222222222,0.4930066485916347,3.0,5.0,1.4444444444444444,0.6405126152203485,0.0,0.0
20,1,12.0,20.0,1.6666666666666667,0.15151515151515152,0.18181818181818182,0.18181818181818182,0.3333333333333333,0.4444444444444444,0.2222222222222222,0.5555555555555556,0.5833333333333334,0.0,0.2857142857142857,0.42857142857142855,0.5814814814814814,0.3078198928265571,0.337037037037037,0.4151453709393201,NaN,NaN,NaN,NaN,2.2222222222222223,1.3944333775567925,2.198611111111111,0.9057185978278122,3.8,0.3333333333333333,0.48034770544747585,3.0,6.0,1.5405405405405406,0.6495551723463696,0.0,0.0
200,1,12.0,19.0,1.5833333333333333,0.14393939393939395,0.18181818181818182,0.09090909090909091,0.3333333333333333,0.5555555555555556,0.3333333333333333,0.4444444444444444,0.5833333333333334,0.0,0.42857142857142855,0.42857142857142855,0.6222222222222222,0.4841946348777983,0.35353535353535354,0.48838671094806657,NaN,NaN,NaN,NaN,2.111111111111111,3.3333333333333335,2.076923076923077,0.785149961863534,3.0,0.1111111111111111,0.5712648003268361,2.0,4.0,1.1428571428571428,0.35856858280031806,0.0,0.0
201,1,12.0,36.0,3.0,0.2727272727272727,0.18181818181818182,0.09090909090909091,0.2222222222222222,0.3333333333333333,0.2222222222222222,0.7777777777777778,0.5833333333333334,0.0,0.2857142857142857,0.42857142857142855,0.7640946502057612,0.16850899684242962,0.44304152637485966,0.39800397443757574,NaN,NaN,NaN,NaN,4.0,3.605551275463989,2.3056742853510586,0.9472521180916106,3.571428571428571,0.6666666666666666,0.76092457380963,3.0,7.0,1.3191489361702127,0.5152619839638948,0.0,0.0
202,1,12.0,35.0,2.9166666666666665,0.26515151515151514,0.18181818181818182,0.09090909090909091,0.1111111111111111,0.4444444444444444,0.3333333333333333,0.7777777777777778,0.5833333333333334,0.0,0.42857142857142855,0.42857142857142855,0.7283950617283951,0.32996632996632996,0.457070707070707,0.43278069231429067,NaN,NaN,NaN,NaN,3.888888888888889,4.226240777701988,2.1440058479532165,0.8113180120768283,3.0,0.3333333333333333,0.7580483597260992,2.0,6.0,1.1111111111111112,0.3187276291558383,0.3333333333333333,0.0
203,1,12.0,35.0,2.9166666666666665,0.26515151515151514,0.18181818181818182,0.09090909090909091,0.1111111111111111,0.5555555555555556,0.4444444444444444,0.7777777777777778,0.5833333333333334,0.0,0.5714285714285714,0.42857142857142855,0.803395619851316,0.26489687370625903,0.5448933782267116,0.45555754638837737,NaN,NaN,NaN,NaN,3.888888888888889,3.9826010484495065,2.064542483660131,0.7770211134361013,3.166666666666667,0.3333333333333333,0.5879292882318998,2.0,6.0,1.175,0.38480764425479264,0.16666666666666666,0.0
204,1,12.0,13.0,1.0833333333333333,0.09848484848484848,0.18181818181818182,0.45454545454545453,0.3333333333333333,0.4444444444444444,0.3333333333333333,0.4444444444444444,0.5833333333333334,0.0,0.42857142857142855,0.42857142857142855,0.5555555555555556,0.39086797998528583,0.3888888888888889,0.4859126579037751,NaN,NaN,NaN,NaN,1.4444444444444444,0.7264831572567789,2.25,1.0112997936948631,4.0,0.4444444444444444,0.5063696835418333,3.0,5.0,1.7307692307692308,0.7775701798650618,0.0,0.0
205,1,12.0,27.0,2.25,0.20454545454545456,0.18181818181818182,0.18181818181818182,0.2222222222222222,0.4444444444444444,0.3333333333333333,0.6666666666666666,0.5833333333333334,0.0,0.42857142857142855,0.42857142857142855,0.7608596250571558,0.31428614560475426,0.42283950617283955,0.4491456605790704,NaN,NaN,NaN,NaN,3.0,2.8722813232690143,2.1333333333333333,0.8060378215052751,3.0,0.1111111111111111,0.6857108940358394,2.0,7.0,1.2972972972972974,0.4633731916228157,0.0,0.0
206,1,12.0,17.0,1.4166666666666667,0.12878787878787878,0.18181818181818182,0.45454545454545453,0.2222222222222222,0.4444444444444444,0.2222222222222222,0.5555555555555556,0.5833333333333334,0.0,0.2857142857142857,0.14285714285714285,0.6296296296296295,0.3611111111111111,0.3796296296296296,0.42718212497860275,NaN,NaN,NaN,NaN,1.8888888888888888,1.0540925533894598,2.2222222222222223,0.9322594832490277,3.666666666666667,0.4444444444444444,0.5537398843113291,3.0,4.0,1.4615384615384615,0.6468860320501119,0.0,0.0
207,1,12.0,28.0,2.3333333333333335,0.21212121212121213,0.18181818181818182,0.09090909090909091,0.3333333333333333,0.5555555555555556,0.3333333333333333,0.5555555555555556,0.5833333333333334,0.0,0.42857142857142855,0.42857142857142855,0.6311111111111112,0.39586754238142735,0.42760942760942755,0.4785203616958155,NaN,NaN,NaN,NaN,3.111111111111111,3.3333333333333335,2.147263071895425,0.8805614477595756,3.375,0.3333333333333333,0.619402334409953,2.0,5.0,1.2777777777777777,0.45425676257949793,0.0,0.0
208,1,12.0,31.0,2.5833333333333335,0.23484848484848486,0.18181818181818182,0.09090909090909091,0.1111111111111111,0.4444444444444444,0.3333333333333333,0.7777777777777778,0.5833333333333334,0.0,0.42857142857142855,0.2857142857142857,0.6514814814814814,0.3530830918538672,0.4590909090909091,0.43137537104452506,NaN,NaN,NaN,NaN,3.4444444444444446,3.244653722321964,2.1432748538011697,0.811877169678963,3.052631578947368,0.3333333333333333,0.7484548122739795,3.0,7.0,1.3170731707317074,0.5214894241614063,0.16666666666666666,0.0
209,1,12.0,21.0,1.75,0.1590909090909091,0.18181818181818182,0.09090909090909091,0.2222222222222222,0.5555555555555556,0.4444444444444444,0.6666666666666666,0.5833333333333334,0.0,0.5714285714285714,0.2857142857142857,0.8313492063492064,0.1809856642322711,0.5407407407407407,0.4812535072823937,NaN,NaN,NaN,NaN,2.3333333333333335,1.6583123951777001,2.140151515151515,0.8686391518489627,3.333333333333333,0.3333333333333333,0.6477600769732493,2.0,4.0,1.3448275862068966,0.4837252813149745,0.16666666666666666,0.0
21,1,12.0,21.0,1.75,0.1590909090909091,0.18181818181818182,0.18181818181818182,0.3333333333333333,0.4444444444444444,0.2222222222222222,0.4444444444444444,0.5833333333333334,0.0,0.2857142857142857,0.2857142857142857,0.5,0.36055512754639896,0.30000000000000004,0.4301162633521314,NaN,NaN,NaN,NaN,2.3333333333333335,2.0615528128088303,2.267857142857143,0.9689641199121769,3.7142857142857144,0.4444444444444444,0.6712810021007961,3.0,6.0,1.5,0.609449400220044,0.16666666666666666,0.0
210,1,12.0,20.0,1.6666666666666667,0.15151515151515152,0.18181818181818182,0.18181818181818182,0.1111111111111111,0.6666666666666666,0.4444444444444444,0.6666666666666666,0.5833333333333334,0.0,0.5714285714285714,0.2857142857142857,0.6666666666666666,0.4409585518440985,0.4938271604938272,0.4910027253171427,NaN,NaN,NaN,NaN,2.2222222222222223,2.6352313834736494,1.9375,0.6677311577198558,3.0,0.2222222222222222,0.4325904563487001,2.0,4.0,1.0952380952380953,0.30079260375911915,0.0,0.0
211,1,12.0,29.0,2.4166666666666665,0.2196969696969697,0.18181818181818182,0.09090909090909091,0.1111111111111111,0.4444444444444444,0.3333333333333333,0.8888888888888888,0.5833333333333334,0.0,0.42857142857142855,0.42857142857142855,0.8251028806584361,0.147908837708281,0.5296296296296297,0.40154024443539227,NaN,NaN,NaN,NaN,3.2222222222222223,3.0322342331100423,2.2223905723905726,0.9181967269590765,3.666666666666667,0.5555555555555556,0.7393851253610677,3.0,5.0,1.3333333333333333,0.5855400437691199,0.0,0.0
212,1,12.0,19.0,1.5833333333333333,0.14393939393939395,0.18181818181818182,0.36363636363636365,0.4444444444444444,0.3333333333333333,0.2222222222222222,0.4444444444444444,0.5833333333333334,0.0,0.2857142857142857,0.42857142857142855,0.4444444444444444,0.33333333333333337,0.27222222222222225,0.42360883423796114,NaN,NaN,NaN,NaN,2.111111111111111,1.5365907428821477,2.313888888888889,0.9632078489450553,3.666666666666667,0.3333333333333333,0.6832727116170716,3.0,7.0,1.5675675675675675,0.6027962867863101,0.16666666666666666,0.0
213,1,12.0,26.0,2.1666666666666665,0.19696969696969696,0.18181818181818182,0.09090909090909091,0.1111111111111111,0.5555555555555556,0.4444444444444444,0.7777777777777778,0.5833333333333334,0.0,0.5714285714285714,0.2857142857142857,0.7013888888888888,0.3560001560548971,0.5231481481481481,0.4644997641164068,NaN,NaN,NaN,NaN,2.888888888888889,2.619372274250285,2.000757575757576,0.7030090775270257,3.0,0.3333333333333333,0.524745813802858,2.0,4.0,1.2,0.4068381021724863,0.0,0.0
214,1,12.0,29.0,2.4166666666666665,0.2196969696969697,0.18181818181818182,0.09090909090909091,0.1111111111111111,0.5555555555555556,0.4444444444444444,0.8888888888888888,0.5833333333333334,0.0,0.5714285714285714,0.42857142857142855,0.8941798941798942,0.13657727682422724,0.6172839506172839,0.4010445894019947,NaN,NaN,NaN,NaN,3.2222222222222223,2.9059326290271157,2.0371527777777776,0.7643151072188064,3.25,0.4444444444444444,0.48156783961800376,2.0,5.0,1.2,0.40583972495671394,0.0,0.0
215,1,12.0,33.0,2.75,0.25,0.18181818181818182,0.09090909090909091,0.1111111111111111,0.4444444444444444,0.2222222222222222,0.6666666666666666,0.5833333333333334,0.0,0.2857142857142857,0.42857142857142855,0.5088566827697263,0.4097812916882208,0.33964646464646464,0.40665485407131347,NaN,NaN,NaN,NaN,3.6666666666666665,3.605551275463989,2.0787037037037037,0.7578464723940889,3.0,0.3333333333333333,0.6057935543792928,2.0,5.0,1.1388888888888888,0.3507361872061009,0.16666666666666666,0.0
216,1,12.0,14.0,1.1666666666666667,0.10606060606060606,0.18181818181818182,0.2727272727272727,0.2222222222222222,0.6666666666666666,0.4444444444444444,0.5555555555555556,0.5833333333333334,0.0,0.5714285714285714,0.2857142857142857,0.7222222222222222,0.44095855184409855,0.5,0.5,NaN,NaN,NaN,NaN,1.5555555555555556,1.1303883305208782,1.986111111111111,0.740114423767947,3.333333333333333,0.2222222222222222,0.3580574370197165,2.0,4.0,1.263157894736842,0.4524139283588641,0.0,0.0
217,1,12.0,31.0,2.5833333333333335,0.23484848484848486,0.18181818181818182,0.18181818181818182,0.1111111111111111,0.3333333333333333,0.2222222222222222,0.8888888888888888,0.5833333333333334,0.0,0.2857142857142857,0.42857142857142855,0.8169135802469135,0.13450449346398335,0.49444444444444446,0.34600899153377823,NaN,NaN,NaN,NaN,3.4444444444444446,1.810463415200036,2.3167735042735043,0.9405209116764705,3.3846153846153846,0.4444444444444444,0.8113062798909304,3.0,8.0,1.4166666666666667,0.5773502691896257,0.16666666666666666,0.0
218,1,12.0,28.0,2.3333333333333335,0.21212121212121213,0.18181818181818182,0.09090909090909091,0.1111111111111111,0.4444444444444444,0.2222222222222222,0.7777777777777778,0.5833333333333334,0.0,0.2857142857142857,0.42857142857142855,0.6612060778727444,0.3039934101409838,0.43686868686868685,0.38461428091951555,NaN,NaN,NaN,NaN,3.111111111111111,3.1402406135694623,2.134027777777778,0.8217410250739354,3.333333333333333,0.5555555555555556,0.6177206898559194,2.0,6.0,1.4,0.4954336943068623,0.16666666666666666,0.0
219,1,12.0,22.0,1.8333333333333333,0.16666666666666666,0.18181818181818182,0.2727272727272727,0.3333333333333333,0.4444444444444444,0.2222222222222222,0.5555555555555556,0.5833333333333334,0.0,0.2857142857142857,0.2857142857142857,0.48148148148148145,0.403495529064832,0.3677248677248677,0.4327034785248883,NaN,NaN,NaN,NaN,2.4444444444444446,2.068278940998476,2.1068121693121693,0.7989675059732152,3.142857142857143,0.3333333333333333,0.45229263978786316,2.0,5.0,1.2903225806451613,0.4614143753790638,0.0,0.0
22,1,12.0,29.0,2.4166666666666665,0.2196969696969697,0.18181818181818182,0.09090909090909091,0.2222222222222222,0.4444444444444444,0.3333333333333333,0.7777777777777778,0.5833333333333334,0.0,0.42857142857142855,0.42857142857142855,0.8207070707070707,0.20405384244175198,0.4683501683501683,0.42720048580966363,NaN,NaN,NaN,NaN,3.2222222222222223,3.270236145058097,2.2074074074074077,0.8834725553628203,3.333333333333333,0.3333333333333333,0.7294553798061535,3.0,5.0,1.2777777777777777,0.5133147801223568,0.16666666666666666,0.0
220,1,12.0,28.0,2.3333333333333335,0.21212121212121213,0.18181818181818182,0.09090909090909091,0.2222222222222222,0.4444444444444444,0.2222222222222222,0.6666666666666666,0.5833333333333334,0.0,0.2857142857142857,0.42857142857142855,0.5499999999999999,0.34197140881138655,0.40909090909090906,0.40810768488350396,NaN,NaN,NaN,NaN,3.111111111111111,3.1402406135694623,2.0875,0.7726095424278068,3.05,0.3333333333333333,0.5330425243312618,2.0,5.0,1.2058823529411764,0.41042563012190475,0.0,0.0
221,1,12.0,14.0,1.1666666666666667,0.10606060606060606,0.18181818181818182,0.5454545454545454,0.3333333333333333,0.4444444444444444,0.2222222222222222,0.4444444444444444,0.5833333333333334,0.0,0.2857142857142857,0.2857142857142857,0.5416666666666666,0.385275875185561,0.3333333333333333,0.43301270189221935,NaN,NaN,NaN,NaN,1.5555555555555556,0.7264831572567789,2.2916666666666665,1.0103629710818451,4.0,0.1111111111111111,0.5836602955995385,3.0,5.0,1.5217391304347827,0.6653478391304606,0.0,0.0
222,1,12.0,17.0,1.4166666666666667,0.12878787878787878,0.18181818181818182,0.18181818181818182,0.3333333333333333,0.5555555555555556,0.3333333333333333,0.3333333333333333,0.5833333333333334,0.0,0.42857142857142855,0.42857142857142855,0.5925925925925924,0.4648111258522642,0.3333333333333333,0.5,NaN,NaN,NaN,NaN,1.8888888888888888,2.0275875100994063,2.086805555555556,0.8115443745634133,3.375,0.2222222222222222,0.361886030654689,2.0,4.0,1.2608695652173914,0.4489777585448795,0.0,0.0
223,1,12.0,29.0,2.4166666666666665,0.2196969696969697,0.18181818181818182,0.09090909090909091,0.2222222222222222,0.4444444444444444,0.3333333333333333,0.5555555555555556,0.5833333333333334,0.0,0.42857142857142855,0.42857142857142855,0.6190476190476191,0.43144497958391315,0.38131313131313127,0.4726204230449158,NaN,NaN,NaN,NaN,3.2222222222222223,3.5629263877386586,2.079761904761905,0.7608816859488527,3.1,0.4444444444444444,0.561439789807571,2.0,6.0,1.1515151515151516,0.36410954062720946,0.0,0.0
224,1,12.0,26.0,2.1666666666666665,0.19696969696969696,0.18181818181818182,0.09090909090909091,0.2222222222222222,0.5555555555555556,0.3333333333333333,0.5555555555555556,0.5833333333333334,0.0,0.42857142857142855,0.42857142857142855,0.5333333333333333,0.40749157379760553,0.3827160493827161,0.47502797549557996,NaN,NaN,NaN,NaN,2.888888888888889,3.018461712712472,2.1418650793650795,0.8877191027886692,3.5,0.4444444444444444,0.6224876243676194,3.0,6.0,1.4,0.5453768398418634,0.16666666666666666,0.0
225,1,12.0,28.0,2.3333333333333335,0.21212121212121213,0.18181818181818182,0.09090909090909091,0.2222222222222222,0.3333333333333333,0.2222222222222222,0.5555555555555556,0.5833333333333334,0.0,0.2857142857142857,0.42857142857142855,0.5993650793650792,0.31321824489362105,0.35353535353535354,0.4195492574545572,NaN,NaN,NaN,NaN,3.111111111111111,3.2956199888808646,2.4603937728937733,1.1065117686909327,4.0,0.3333333333333333,0.8862404208913357,4.0,8.0,1.5957446808510638,0.8251369970070347,0.16666666666666666,0.0
226,1,12.0,33.0,2.75,0.25,0.18181818181818182,0.09090909090909091,0.3333333333333333,0.3333333333333333,0.2222222222222222,0.5555555555555556,0.5833333333333334,0.0,0.2857142857142857,0.42857142857142855,0.447661644695543,0.3721340063937249,0.2831649831649832,0.41520988063267783,NaN,NaN,NaN,NaN,3.6666666666666665,3.570714214271425,2.292211328976035,0.9140586216246372,3.333333333333333,0.4444444444444444,0.7419088458050372,2.0,8.0,1.3111111111111111,0.46817936647391795,0.16666666666666666,0.0
227,1,12.0,17.0,1.4166666666666667,0.12878787878787878,0.18181818181818182,0.36363636363636365,0.2222222222222222,0.5555555555555556,0.4444444444444444,0.6666666666666666,0.5833333333333334,0.0,0.5714285714285714,0.2857142857142857,0.8333333333333334,0.22222222222222224,0.5925925925925926,0.46481112585226425,NaN,NaN,NaN,NaN,1.8888888888888888,0.927960727138337,2.0625,0.7883022609034269,3.4,0.3333333333333333,0.33235456792938683,3.0,4.0,1.4074074074074074,0.5723943812052382,0.0,0.0
228,1,12.0,25.0,2.0833333333333335,0.1893939393939394,0.18181818181818182,0.09090909090909091,0.2222222222222222,0.3333333333333333,0.2222222222222222,0.5555555555555556,0.5833333333333334,0.0,0.2857142857142857,0.42857142857142855,0.4459876543209877,0.3643315562138745,0.30864197530864196,0.41491400930385336,NaN,NaN,NaN,NaN,2.7777777777777777,2.5385910352879693,2.2673076923076922,0.9242171958684623,3.5,0.6666666666666666,0.6852109033205518,3.0,6.0,1.4444444444444444,0.6522245206957689,0.0,0.0
229,1,12.0,27.0,2.25,0.20454545454545456,0.18181818181818182,0.09090909090909091,0.3333333333333333,0.4444444444444444,0.2222222222222222,0.4444444444444444,0.5833333333333334,0.0,0.2857142857142857,0.42857142857142855,0.33473980309423346,0.43436866609285296,0.2671156004489338,0.42430588483726894,NaN,NaN,NaN,NaN,3.0,4.0,2.238034188034188,0.9555226471295043,4.0,0.2222222222222222,0.718696426653366,3.0,5.0,1.2258064516129032,0.49730456257407224,0.16666666666666666,0.0
23,1,12.0,29.0,2.4166666666666665,0.2196969696969697,0.18181818181818182,0.09090909090909091,0.2222222222222222,0.5555555555555556,0.3333333333333333,0.6666666666666666,0.5833333333333334,0.0,0.42857142857142855,0.42857142857142855,0.6216596343178621,0.3883117571729982,0.4523007856341189,0.45903444935624454,NaN,NaN,NaN,NaN,3.2222222222222223,3.9299420408505323,2.0784313725490198,0.7869385667595805,3.0,0.1111111111111111,0.6402595801157087,2.0,6.0,1.325,0.47434164902525683,0.16666666666666666,0.0
230,1,12.0,20.0,1.6666666666666667,0.15151515151515152,0.18181818181818182,0.2727272727272727,0.2222222222222222,0.4444444444444444,0.3333333333333333,0.6666666666666666,0.5833333333333334,0.0,0.42857142857142855,0.2857142857142857,0.6555555555555556,0.3503966006938106,0.43333333333333335,0.45276925690687087,NaN,NaN,NaN,NaN,2.2222222222222223,1.855921454276674,2.236111111111111,0.9223880220924723,3.333333333333333,0.4444444444444444,0.7403867331468622,3.0,5.0,1.5588235294117647,0.6601733689004333,0.16666666666666666,0.0
231,1,12.0,22.0,1.8333333333333333,0.16666666666666666,0.18181818181818182,0.09090909090909091,0.3333333333333333,0.4444444444444444,0.2222222222222222,0.5555555555555556,0.5833333333333334,0.0,0.2857142857142857,0.42857142857142855,0.4444444444444444,0.39086797998528583,0.35353535353535354,0.4195492574545572,NaN,NaN,NaN,NaN,2.4444444444444446,3.2446537223219645,2.297222222222222,1.0586305555757651,4.0,0.2222222222222222,0.7462991906484168,4.0,5.0,1.4137931034482758,0.7799835794659097,0.0,0.0
232,1,12.0,13.0,1.0833333333333333,0.09848484848484848,0.18181818181818182,0.5454545454545454,0.2222222222222222,0.4444444444444444,0.2222222222222222,0.4444444444444444,0.5833333333333334,0.0,0.2857142857142857,0.42857142857142855,0.6111111111111112,0.4166666666666667,0.3333333333333333,0.43301270189221935,NaN,NaN,NaN,NaN,1.4444444444444444,0.7264831572567789,2.2083333333333335,0.964325796826074,4.0,0.3333333333333333,0.6123724356957945,3.0,4.0,1.4736842105263157,0.6966922684794661,0.0,0.0
233,1,12.0,31.0,2.5833333333333335,0.23484848484848486,0.18181818181818182,0.09090909090909091,0.1111111111111111,0.3333333333333333,0.2222222222222222,0.6666666666666666,0.5833333333333334,0.0,0.2857142857142857,0.42857142857142855,0.6201814058956917,0.3095992125440708,0.39814814814814814,0.39479640009866374,NaN,NaN,NaN,NaN,3.4444444444444446,2.6034165586355518,2.167063492063492,0.826073405963495,3.333333333333333,0.5555555555555556,0.5687699717072541,2.0,6.0,1.2857142857142858,0.4572299568592126,0.0,0.0
234,1,12.0,15.0,1.25,0.11363636363636363,0.18181818181818182,0.45454545454545453,0.2222222222222222,0.5555555555555556,0.4444444444444444,0.7777777777777778,0.5833333333333334,0.0,0.5714285714285714,0.2857142857142857,0.8472222222222222,0.23199018178458422,0.5648148148148148,0.4405208757542696,NaN,NaN,NaN,NaN,1.6666666666666667,1.1180339887498947,2.063888888888889,0.7980352557125965,3.5,0.3333333333333333,0.35161005336825857,3.0,4.0,1.391304347826087,0.583027399541909,0.0,0.0
235,1,12.0,32.0,2.6666666666666665,0.24242424242424243,0.18181818181818182,0.09090909090909091,0.1111111111111111,0.5555555555555556,0.3333333333333333,0.7777777777777778,0.5833333333333334,0.0,0.42857142857142855,0.42857142857142855,0.669138418079096,0.3362091884952172,0.4686147186147186,0.4258510176369969,NaN,NaN,NaN,NaN,3.5555555555555554,3.4681086744474685,2.0263468013468016,0.7311708685594844,3.1,0.4444444444444444,0.5920001318077907,2.0,6.0,1.2857142857142858,0.4572299568592125,0.16666666666666666,0.0
236,1,12.0,20.0,1.6666666666666667,0.15151515151515152,0.18181818181818182,0.09090909090909091,0.2222222222222222,0.5555555555555556,0.3333333333333333,0.5555555555555556,0.5833333333333334,0.0,0.42857142857142855,0.42857142857142855,0.6666666666666666,0.4506939094329987,0.4351851851851852,0.4746668747398629,NaN,NaN,NaN,NaN,2.2222222222222223,2.1081851067789197,2.0231481481481484,0.7337687463627729,3.111111111111111,0.3333333333333333,0.5062555400831158,2.0,5.0,1.2307692307692308,0.4296689244236597,0.0,0.0
237,1,12.0,30.0,2.5,0.22727272727272727,0.18181818181818182,0.09090909090909091,0.2222222222222222,0.5555555555555556,0.3333333333333333,0.6666666666666666,0.5833333333333334,0.0,0.42857142857142855,0.42857142857142855,0.744268077601411,0.32744173985384983,0.46464646464646464,0.4535342286998717,NaN,NaN,NaN,NaN,3.3333333333333335,3.4641016151377544,2.1310606060606063,0.8688399853311268,3.5,0.3333333333333333,0.6259819682126679,2.0,5.0,1.2,0.40583972495671394,0.0,0.0
238,1,12.0,23.0,1.9166666666666667,0.17424242424242425,0.18181818181818182,0.18181818181818182,0.2222222222222222,0.4444444444444444,0.2222222222222222,0.6666666666666666,0.5833333333333334,0.0,0.2857142857142857,0.42857142857142855,0.6666666666666666,0.3535533905932738,0.38359788359788355,0.3920345725469355,NaN,NaN,NaN,NaN,2.5555555555555554,2.0069324297987157,2.0884259259259257,0.776045901302105,3.2,0.4444444444444444,0.5428384170863844,2.0,4.0,1.1851851851851851,0.3958473906635696,0.0,0.0
239,1,12.0,23.0,1.9166666666666667,0.17424242424242425,0.18181818181818182,0.09090909090909091,0.1111111111111111,0.5555555555555556,0.3333333333333333,0.6666666666666666,0.5833333333333334,0.0,0.42857142857142855,0.2857142857142857,0.6222222222222222,0.4146618434874909,0.46464646464646464,0.44581257514559086,NaN,NaN,NaN,NaN,2.5555555555555554,3.3208098075285455,1.9947916666666667,0.6992580957484131,3.0,0.3333333333333333,0.5126999995374406,2.0,4.0,1.12,0.3316624790355401,0.0,0.0
24,1,12.0,19.0,1.5833333333333333,0.14393939393939395,0.18181818181818182,0.18181818181818182,0.4444444444444444,0.4444444444444444,0.2222222222222222,0.3333333333333333,0.5833333333333334,0.0,0.2857142857142857,0.2857142857142857,0.31746031746031744,0.4101099764011651,0.24444444444444446,0.4333333333333333,NaN,NaN,NaN,NaN,2.111111111111111,2.2607766610417563,2.189814814814815,0.8711804024870601,3.4444444444444446,0.2222222222222222,0.5716480209205622,2.0,6.0,1.3333333333333333,0.48038446141526137,0.0,0.0
240,1,12.0,31.0,2.5833333333333335,0.23484848484848486,0.18181818181818182,0.09090909090909091,0.2222222222222222,0.4444444444444444,0.2222222222222222,0.6666666666666666,0.5833333333333334,0.0,0.2857142857142857,0.42857142857142855,0.667989417989418,0.3251117279958224,0.404320987654321,0.4085107114528848,NaN,NaN,NaN,NaN,3.4444444444444446,2.9202359113225387,2.1303418803418803,0.8090293690053133,3.230769230769231,0.3333333333333333,0.5720632859980828,2.0,5.0,1.2105263157894737,0.4131549501122744,0.0,0.0
241,1,12.0,23.0,1.9166666666666667,0.17424242424242425,0.18181818181818182,0.09090909090909091,0.2222222222222222,0.4444444444444444,0.3333333333333333,0.7777777777777778,0.5833333333333334,0.0,0.42857142857142855,0.42857142857142855,0.8322440087145968,0.1820044342318469,0.4907407407407407,0.41341322405936715,NaN,NaN,NaN,NaN,2.5555555555555554,2.0069324297987157,2.240575396825397,0.9381494120333,3.625,0.3333333333333333,0.6989868290497839,3.0,6.0,1.457142857142857,0.6108266887567038,0.16666666666666666,0.0
242,1,12.0,28.0,2.3333333333333335,0.21212121212121213,0.18181818181818182,0.09090909090909091,0.1111111111111111,0.4444444444444444,0.2222222222222222,0.7777777777777778,0.5833333333333334,0.0,0.2857142857142857,0.42857142857142855,0.6475308641975308,0.29627495582870844,0.45105820105820105,0.3955734218493075,NaN,NaN,NaN,NaN,3.111111111111111,2.0275875100994063,2.1390873015873013,0.8519778596166614,3.5,0.5555555555555556,0.4929844720336967,2.0,5.0,1.325,0.4743416490252569,0.0,0.0
243,1,12.0,24.0,2.0,0.18181818181818182,0.18181818181818182,0.2727272727272727,0.2222222222222222,0.3333333333333333,0.2222222222222222,0.6666666666666666,0.5833333333333334,0.0,0.2857142857142857,0.42857142857142855,0.5539842873176206,0.3261387289813259,0.3814814814814815,0.3954993717901708,NaN,NaN,NaN,NaN,2.6666666666666665,1.7320508075688772,2.3445767195767195,0.9700056207077127,3.5,0.5555555555555556,0.9218119028261573,4.0,8.0,1.6744186046511629,0.8083177779325506,0.16666666666666666,0.0
244,1,12.0,13.0,1.0833333333333333,0.09848484848484848,0.18181818181818182,0.45454545454545453,0.2222222222222222,0.6666666666666666,0.4444444444444444,0.6666666666666666,0.5833333333333334,0.0,0.5714285714285714,0.2857142857142857,0.6851851851851852,0.3480545579483797,0.537037037037037,0.46976484792466006,NaN,NaN,NaN,NaN,1.4444444444444444,0.7264831572567789,2.055555555555556,0.8742481137010044,4.0,0.1111111111111111,0.23570226039551584,3.0,4.0,1.45,0.6863327411532597,0.0,0.0
245,1,12.0,26.0,2.1666666666666665,0.19696969696969696,0.18181818181818182,0.18181818181818182,0.3333333333333333,0.3333333333333333,0.2222222222222222,0.6666666666666666,0.5833333333333334,0.0,0.2857142857142857,0.42857142857142855,0.7973251028806583,0.15206937646965257,0.40185185185185185,0.4098140198482691,NaN,NaN,NaN,NaN,2.888888888888889,1.964971020425266,2.3442460317460316,0.9818126603974988,3.7142857142857144,0.5555555555555556,0.68905658031137,3.0,6.0,1.4651162790697674,0.5915611794348886,0.16666666666666666,0.0
246,1,12.0,30.0,2.5,0.22727272727272727,0.18181818181818182,0.09090909090909091,0.2222222222222222,0.3333333333333333,0.2222222222222222,0.7777777777777778,0.5833333333333334,0.0,0.2857142857142857,0.42857142857142855,0.7576588934613625,0.1703623490244618,0.4087301587301587,0.3899604608133143,NaN,NaN,NaN,NaN,3.3333333333333335,2.345207879911715,2.3752976190476187,1.000234089922125,3.466666666666667,0.5555555555555556,0.8161792172519887,3.0,6.0,1.4666666666666666,0.625227231419978,0.0,0.0
247,1,12.0,27.0,2.25,0.20454545454545456,0.18181818181818182,0.18181818181818182,0.1111111111111111,0.4444444444444444,0.3333333333333333,0.7777777777777778,0.5833333333333334,0.0,0.42857142857142855,0.42857142857142855,0.7083333333333334,0.33071891388307384,0.47619047619047616,0.4206863924782052,NaN,NaN,NaN,NaN,3.0,2.7386127875258306,2.15224358974359,0.8363408388598783,3.25,0.3333333333333333,0.6869366064243531,3.0,6.0,1.3513513513513513,0.5383212700514347,0.16666666666666666,0.0
248,1,12.0,26.0,2.1666666666666665,0.19696969696969696,0.18181818181818182,0.09090909090909091,0.1111111111111111,0.5555555555555556,0.3333333333333333,0.6666666666666666,0.5833333333333334,0.0,0.42857142857142855,0.2857142857142857,0.6425925925925927,0.3859612019137624,0.44612794612794615,0.4476183731014239,NaN,NaN,NaN,NaN,2.888888888888889,3.1797973380564852,2.0104166666666665,0.7120280201755768,3.0,0.3333333333333333,0.48852210405860463,2.0,4.0,1.1071428571428572,0.314970394174356,0.0,0.0
249,1,12.0,21.0,1.75,0.1590909090909091,0.18181818181818182,0.18181818181818182,0.3333333333333333,0.4444444444444444,0.3333333333333333,0.6666666666666666,0.5833333333333334,0.0,0.42857142857142855,0.42857142857142855,0.8486111111111111,0.18279988679184433,0.4666666666666667,0.44440972086577946,NaN,NaN,NaN,NaN,2.3333333333333335,1.6583123951777,2.2739748677248675,0.9878171960309154,3.857142857142857,0.3333333333333333,0.5676339433039614,3.0,5.0,1.5,0.6154574548966637,0.0,0.0
25,1,12.0,16.0,1.3333333333333333,0.12121212121212122,0.18181818181818182,0.45454545454545453,0.2222222222222222,0.4444444444444444,0.3333333333333333,0.5555555555555556,0.5833333333333334,0.0,0.42857142857142855,0.14285714285714285,0.5462962962962963,0.47709900103660186,0.4351851851851852,0.47466687473986285,NaN,NaN,NaN,NaN,1.7777777777777777,1.0929064207170003,2.027777777777778,0.7136240321480627,3.0,0.3333333333333333,0.49018137232842474,2.0,3.0,1.1666666666666667,0.3834824944236852,0.0,0.0
250,1,12.0,28.0,2.3333333333333335,0.21212121212121213,0.18181818181818182,0.09090909090909091,0.1111111111111111,0.5555555555555556,0.3333333333333333,0.5555555555555556,0.5833333333333334,0.0,0.42857142857142855,0.42857142857142855,0.5739463601532567,0.3894610101814799,0.40909090909090906,0.4712827580301755,NaN,NaN,NaN,NaN,3.111111111111111,3.3333333333333335,2.047727272727273,0.7676706206558785,3.2727272727272725,0.3333333333333333,0.5771055838137739,2.0,6.0,1.3414634146341464,0.4800914547021732,0.16666666666666666,0.0
251,1,12.0,26.0,2.1666666666666665,0.19696969696969696,0.18181818181818182,0.09090909090909091,0.1111111111111111,0.4444444444444444,0.2222222222222222,0.6666666666666666,0.5833333333333334,0.0,0.2857142857142857,0.42857142857142855,0.5344650205761315,0.3805274015723858,0.37433862433862436,0.3943474218767526,NaN,NaN,NaN,NaN,2.888888888888889,2.3154073315749675,2.062962962962963,0.7442911546284906,3.166666666666667,0.5555555555555556,0.5672366833084653,3.0,6.0,1.425,0.5943106327545623,0.0,0.0
252,1,12.0,16.0,1.3333333333333333,0.12121212121212122,0.18181818181818182,0.45454545454545453,0.2222222222222222,0.5555555555555556,0.4444444444444444,0.6666666666666666,0.5833333333333334,0.0,0.5714285714285714,0.14285714285714285,0.7430555555555556,0.3131936745494356,0.5277777777777778,0.4750730937913075,NaN,NaN,NaN,NaN,1.7777777777777777,1.0929064207170003,2.1333333333333333,0.8710843121006594,3.6,0.1111111111111111,0.7419568720619819,3.0,5.0,1.3636363636363635,0.5810872031479765,0.0,0.0
253,1,12.0,15.0,1.25,0.11363636363636363,0.18181818181818182,0.36363636363636365,0.3333333333333333,0.4444444444444444,0.2222222222222222,0.4444444444444444,0.5833333333333334,0.0,0.2857142857142857,0.42857142857142855,0.6296296296296295,0.3955286351638373,0.35185185185185186,0.4444444444444444,NaN,NaN,NaN,NaN,1.6666666666666667,0.8660254037844387,2.163888888888889,0.9073725342024165,3.8,0.4444444444444444,0.4039225657888391,3.0,5.0,1.48,0.6531972647421808,0.0,0.0
254,1,12.0,31.0,2.5833333333333335,0.23484848484848486,0.18181818181818182,0.09090909090909091,0.1111111111111111,0.3333333333333333,0.2222222222222222,0.7777777777777778,0.5833333333333334,0.0,0.2857142857142857,0.42857142857142855,0.7513888888888888,0.19427820274474542,0.46464646464646464,0.37840890132552046,NaN,NaN,NaN,NaN,3.4444444444444446,3.0459444804161775,2.2624094202898553,0.9008779751576741,3.5,0.4444444444444444,0.6790122630805913,3.0,6.0,1.3488372093023255,0.5725349201341163,0.0,0.0
255,1,12.0,20.0,1.6666666666666667,0.15151515151515152,0.18181818181818182,0.09090909090909091,0.3333333333333333,0.5555555555555556,0.3333333333333333,0.4444444444444444,0.5833333333333334,0.0,0.42857142857142855,0.2857142857142857,0.3888888888888889,0.4859126579037751,0.35353535353535354,0.48838671094806657,NaN,NaN,NaN,NaN,2.2222222222222223,3.3082388735465345,2.1185897435897436,0.8492407667226803,3.5,0.2222222222222222,0.579279936189859,2.0,4.0,1.1363636363636365,0.3512500866571044,0.0,0.0
256,1,12.0,15.0,1.25,0.11363636363636363,0.18181818181818182,0.45454545454545453,0.1111111111111111,0.5555555555555556,0.4444444444444444,0.6666666666666666,0.5833333333333334,0.0,0.5714285714285714,0.2857142857142857,0.6666666666666666,0.4330127018922193,0.5555555555555556,0.4639803635691685,NaN,NaN,NaN,NaN,1.6666666666666667,1.1180339887498947,1.9999999999999998,0.7212503172976911,3.333333333333333,0.4444444444444444,0.5374838498865698,3.0,5.0,1.35,0.5871429486123998,0.0,0.0
257,1,12.0,36.0,3.0,0.2727272727272727,0.18181818181818182,0.09090909090909091,0.1111111111111111,0.4444444444444444,0.3333333333333333,0.8888888888888888,0.5833333333333334,0.0,0.42857142857142855,0.42857142857142855,0.8019566736547868,0.1707779769572307,0.5047619047619049,0.4127503019882399,NaN,NaN,NaN,NaN,4.0,3.082207001484488,2.160576923076923,0.8321677766224316,3.111111111111111,0.5555555555555556,0.717177744313284,3.0,7.0,1.3333333333333333,0.5191373094849674,0.16666666666666666,0.0
258,1,12.0,15.0,1.25,0.11363636363636363,0.18181818181818182,0.45454545454545453,0.3333333333333333,0.5555555555555556,0.4444444444444444,0.6666666666666666,0.5833333333333334,0.0,0.5714285714285714,0.2857142857142857,0.7962962962962963,0.21291263495494298,0.5555555555555556,0.4714045207910317,NaN,NaN,NaN,NaN,1.6666666666666667,1.0,2.25,1.118033988749895,4.5,0.2222222222222222,0.5300494136893097,4.0,5.0,1.6521739130434783,0.8846517369293829,0.0,0.0
259,1,12.0,17.0,1.4166666666666667,0.12878787878787878,0.18181818181818182,0.2727272727272727,0.2222222222222222,0.4444444444444444,0.3333333333333333,0.6666666666666666,0.5833333333333334,0.0,0.42857142857142855,0.42857142857142855,0.8055555555555556,0.2155016756830959,0.4907407407407407,0.44574462599670034,NaN,NaN,NaN,NaN,1.8888888888888888,1.0540925533894598,2.1875,0.9361733036919258,4.0,0.3333333333333333,0.44401659348961015,3.0,5.0,1.59375,0.7120789644505048,0.0,0.0
26,1,12.0,21.0,1.75,0.1590909090909091,0.18181818181818182,0.36363636363636365,0.2222222222222222,0.5555555555555556,0.3333333333333333,0.6666666666666666,0.5833333333333334,0.0,0.42857142857142855,0.2857142857142857,0.6527777777777777,0.32793663758659986,0.4722222222222222,0.4487637339278754,NaN,NaN,NaN,NaN,2.3333333333333335,1.8027756377319946,2.0847222222222226,0.8246657827257374,3.6,0.3333333333333333,0.4686141337488727,3.0,4.0,1.3333333333333333,0.5466722735905339,0.0,0.0
260,1,12.0,29.0,2.4166666666666665,0.2196969696969697,0.18181818181818182,0.09090909090909091,0.3333333333333333,0.3333333333333333,0.2222222222222222,0.5555555555555556,0.5833333333333334,0.0,0.2857142857142857,0.42857142857142855,0.4951267056530214,0.3386893993270399,0.2924242424242424,0.41321157008594583,NaN,NaN,NaN,NaN,3.2222222222222223,3.270236145058097,2.2616402116402115,0.8951341709283569,3.428571428571429,0.3333333333333333,0.790259703478262,3.0,6.0,1.4186046511627908,0.5447829685617883,0.3333333333333333,0.0
261,1,12.0,30.0,2.5,0.22727272727272727,0.18181818181818182,0.18181818181818182,0.2222222222222222,0.4444444444444444,0.3333333333333333,0.7777777777777778,0.5833333333333334,0.0,0.42857142857142855,0.42857142857142855,0.8101851851851852,0.1669597656673677,0.47328042328042336,0.4403696424830623,NaN,NaN,NaN,NaN,3.3333333333333335,2.0615528128088303,2.2469907407407406,0.9421298571298297,3.5,0.5555555555555556,0.7140405020115053,3.0,7.0,1.4222222222222223,0.5430925289022995,0.16666666666666666,0.0
262,1,12.0,21.0,1.75,0.1590909090909091,0.18181818181818182,0.09090909090909091,0.3333333333333333,0.4444444444444444,0.2222222222222222,0.4444444444444444,0.5833333333333334,0.0,0.2857142857142857,0.42857142857142855,0.3777777777777778,0.41390753127292146,0.27946127946127947,0.42445280978684224,NaN,NaN,NaN,NaN,2.3333333333333335,3.3166247903553994,2.119047619047619,0.7944224243120568,3.0,0.2222222222222222,0.647038555364578,2.0,5.0,1.3870967741935485,0.49513764785419084,0.0,0.0
263,1,12.0,17.0,1.4166666666666667,0.12878787878787878,0.18181818181818182,0.36363636363636365,0.2222222222222222,0.5555555555555556,0.3333333333333333,0.6666666666666666,0.5833333333333334,0.0,0.42857142857142855,0.42857142857142855,0.6319444444444444,0.33721695950497177,0.4722222222222222,0.4409585518440985,NaN,NaN,NaN,NaN,1.8888888888888888,1.0540925533894598,2.0555555555555554,0.7820373978157895,3.4,0.3333333333333333,0.4265686161846949,2.0,4.0,1.3703703703703705,0.49210287762341137,0.0,0.0
264,1,12.0,28.0,2.3333333333333335,0.21212121212121213,0.18181818181818182,0.09090909090909091,0.1111111111111111,0.6666666666666666,0.4444444444444444,0.6666666666666666,0.5833333333333334,0.0,0.5714285714285714,0.42857142857142855,0.710950080515298,0.41744483799654253,0.49242424242424243,0.4890326088943185,NaN,NaN,NaN,NaN,3.111111111111111,3.7230513172814463,1.9998397435897435,0.7420913750237939,3.2,0.3333333333333333,0.5657484582533386,3.0,5.0,1.394736842105263,0.6383879056384401,0.16666666666666666,0.0
265,1,12.0,19.0,1.5833333333333333,0.14393939393939395,0.18181818181818182,0.36363636363636365,0.1111111111111111,0.4444444444444444,0.3333333333333333,0.7777777777777778,0.5833333333333334,0.0,0.42857142857142855,0.2857142857142857,0.7499999999999999,0.3254270698294439,0.5185185185185185,0.40349552906483194,NaN,NaN,NaN,NaN,2.111111111111111,1.3642254619787417,2.1064814814814814,0.802793360211332,3.4444444444444446,0.4444444444444444,0.5763020339767593,3.0,5.0,1.3703703703703705,0.5648790304908823,0.0,0.0
266,1,12.0,20.0,1.6666666666666667,0.15151515151515152,0.18181818181818182,0.36363636363636365,0.1111111111111111,0.6666666666666666,0.4444444444444444,0.8888888888888888,0.5833333333333334,0.0,0.5714285714285714,0.42857142857142855,0.835185185185185,0.1867939380939381,0.6333333333333333,0.3929942040850532,NaN,NaN,NaN,NaN,2.2222222222222223,1.3017082793177757,1.9555555555555557,0.6782826402520855,3.0,0.2222222222222222,0.37368091589026164,2.0,4.0,1.2592592592592593,0.44657608470472243,0.0,0.0
267,1,12.0,10.0,0.8333333333333334,0.07575757575757576,0.18181818181818182,0.5454545454545454,0.4444444444444444,0.4444444444444444,0.2222222222222222,0.3333333333333333,0.5833333333333334,0.0,0.2857142857142857,0.2857142857142857,0.4444444444444444,0.4639803635691685,0.2777777777777778,0.4409585518440985,NaN,NaN,NaN,NaN,1.1111111111111112,0.33333333333333337,2.1666666666666665,0.8616404368553292,3.5,0.2222222222222222,0.23570226039551584,3.0,4.0,1.4705882352941178,0.6242642728467978,0.0,0.0
268,1,12.0,31.0,2.5833333333333335,0.23484848484848486,0.18181818181818182,0.09090909090909091,0.1111111111111111,0.4444444444444444,0.3333333333333333,0.7777777777777778,0.5833333333333334,0.0,0.42857142857142855,0.42857142857142855,0.715927750410509,0.25535419914296903,0.48148148148148157,0.4285346839039309,NaN,NaN,NaN,NaN,3.4444444444444446,2.4037008503093262,2.176587301587302,0.8513790293588198,3.2857142857142856,0.2222222222222222,0.6949885221442665,3.0,7.0,1.3333333333333333,0.5257592264788534,0.16666666666666666,0.0
269,1,12.0,21.0,1.75,0.1590909090909091,0.18181818181818182,0.18181818181818182,0.3333333333333333,0.4444444444444444,0.2222222222222222,0.5555555555555556,0.5833333333333334,0.0,0.2857142857142857,0.42857142857142855,0.5185185185185186,0.3607262906832872,0.35185185185185186,0.4285346839039309,NaN,NaN,NaN,NaN,2.3333333333333335,1.8027756377319946,2.2784722222222222,1.0001291478052035,3.875,0.3333333333333333,0.5550185897072593,3.0,5.0,1.5142857142857142,0.6584933146039915,0.0,0.0
27,1,12.0,26.0,2.1666666666666665,0.19696969696969696,0.18181818181818182,0.18181818181818182,0.3333333333333333,0.4444444444444444,0.2222222222222222,0.5555555555555556,0.5833333333333334,0.0,0.2857142857142857,0.2857142857142857,0.48979591836734687,0.3566528161360979,0.3194444444444444,0.41978003499187255,NaN,NaN,NaN,NaN,2.888888888888889,2.8037673068767868,2.1560606060606062,0.8359847626697379,3.2727272727272725,0.2222222222222222,0.5358919343386839,2.0,5.0,1.1935483870967742,0.40160966445124946,0.0,0.0
270,1,12.0,36.0,3.0,0.2727272727272727,0.18181818181818182,0.09090909090909091,0.1111111111111111,0.5555555555555556,0.4444444444444444,0.7777777777777778,0.5833333333333334,0.0,0.5714285714285714,0.42857142857142855,0.8662131519274376,0.16299256704559245,0.5709876543209876,0.45028949688103065,NaN,NaN,NaN,NaN,4.0,3.2015621187164243,2.1104497354497354,0.8291654056076748,3.2142857142857144,0.2222222222222222,0.6522172775794056,2.0,6.0,1.2272727272727273,0.4239151057857212,0.16666666666666666,0.0
271,1,12.0,32.0,2.6666666666666665,0.24242424242424243,0.18181818181818182,0.09090909090909091,0.1111111111111111,0.5555555555555556,0.3333333333333333,0.8888888888888888,0.5833333333333334,0.0,0.42857142857142855,0.42857142857142855,0.7636452241715399,0.2201785450570289,0.5294612794612794,0.3846598731853579,NaN,NaN,NaN,NaN,3.5555555555555554,3.2058973436118907,2.086691086691087,0.8076439167385218,3.230769230769231,0.3333333333333333,0.6123598014911024,2.0,6.0,1.3181818181818181,0.4711552981879444,0.16666666666666666,0.0
272,1,12.0,15.0,1.25,0.11363636363636363,0.18181818181818182,0.36363636363636365,0.3333333333333333,0.4444444444444444,0.2222222222222222,0.4444444444444444,0.5833333333333334,0.0,0.2857142857142857,0.42857142857142855,0.5277777777777778,0.44095855184409843,0.3148148148148148,0.42853468390393096,NaN,NaN,NaN,NaN,1.6666666666666667,1.6583123951776997,2.142857142857143,0.8402005238171627,3.5,0.3333333333333333,0.4448168184136416,3.0,4.0,1.3636363636363635,0.5810872031479765,0.0,0.0
273,1,12.0,18.0,1.5,0.13636363636363635,0.18181818181818182,0.2727272727272727,0.3333333333333333,0.4444444444444444,0.2222222222222222,0.5555555555555556,0.5833333333333334,0.0,0.2857142857142857,0.42857142857142855,0.6018518518518517,0.3991696628666643,0.3703703703703704,0.4148106811963355,NaN,NaN,NaN,NaN,2.0,1.6583123951777,2.160714285714286,0.8517824811395527,3.428571428571429,0.2222222222222222,0.41593573343375073,3.0,4.0,1.3461538461538463,0.5615911461059686,0.0,0.0
274,1,12.0,21.0,1.75,0.1590909090909091,0.18181818181818182,0.18181818181818182,0.2222222222222222,0.4444444444444444,0.2222222222222222,0.4444444444444444,0.5833333333333334,0.0,0.2857142857142857,0.42857142857142855,0.45410628019323673,0.4486320780337422,0.28395061728395066,0.42350357874182487,NaN,NaN,NaN,NaN,2.3333333333333335,2.6457513110645903,2.117063492063492,0.8030976370334256,3.071428571428571,0.2222222222222222,0.5941577497557867,2.0,5.0,1.3103448275862069,0.47082361543075835,0.16666666666666666,0.0
275,1,12.0,13.0,1.0833333333333333,0.09848484848484848,0.18181818181818182,0.36363636363636365,0.3333333333333333,0.5555555555555556,0.4444444444444444,0.5555555555555556,0.5833333333333334,0.0,0.5714285714285714,0.42857142857142855,0.8333333333333334,0.3535533905932738,0.4666666666666667,0.5099019513592785,NaN,NaN,NaN,NaN,1.4444444444444444,1.3333333333333337,2.0714285714285716,0.7788960362272127,3.0,0.1111111111111111,0.4560770542735632,2.0,3.0,1.25,0.4472135954999579,0.0,0.0
276,1,12.0,27.0,2.25,0.20454545454545456,0.18181818181818182,0.09090909090909091,0.2222222222222222,0.3333333333333333,0.2222222222222222,0.6666666666666666,0.5833333333333334,0.0,0.2857142857142857,0.2857142857142857,0.6577777777777778,0.2256533723312028,0.40909090909090906,0.3995089961647033,NaN,NaN,NaN,NaN,3.0,3.1622776601683795,2.368055555555556,1.0021809130549146,3.75,0.3333333333333333,0.7778286511648732,3.0,5.0,1.358974358974359,0.5374001492164546,0.16666666666666666,0.0
277,1,12.0,13.0,1.0833333333333333,0.09848484848484848,0.18181818181818182,0.2727272727272727,0.4444444444444444,0.5555555555555556,0.3333333333333333,0.3333333333333333,0.5833333333333334,0.0,0.42857142857142855,0.42857142857142855,0.6111111111111112,0.4859126579037751,0.3333333333333333,0.5,NaN,NaN,NaN,NaN,1.4444444444444444,1.0137937550497031,2.2083333333333335,0.9876126709792599,4.0,0.1111111111111111,0.379777262656375,3.0,5.0,1.565217391304348,0.7277666307098063,0.0,0.0
278,1,12.0,16.0,1.3333333333333333,0.12121212121212122,0.18181818181818182,0.45454545454545453,0.1111111111111111,0.6666666666666666,0.3333333333333333,0.5555555555555556,0.5833333333333334,0.0,0.42857142857142855,0.2857142857142857,0.5462962962962963,0.4470410260953078,0.42592592592592593,0.4648111258522642,NaN,NaN,NaN,NaN,1.7777777777777777,1.0929064207170003,2.0,0.7687061147858074,3.5,0.2222222222222222,0.4031128874149275,3.0,5.0,1.3478260869565217,0.5727680517510726,0.0,0.0
279,1,12.0,24.0,2.0,0.18181818181818182,0.18181818181818182,0.09090909090909091,0.2222222222222222,0.4444444444444444,0.2222222222222222,0.6666666666666666,0.5833333333333334,0.0,0.2857142857142857,0.42857142857142855,0.6560846560846562,0.3347490368536961,0.39814814814814814,0.39479640009866374,NaN,NaN,NaN,NaN,2.6666666666666665,2.0615528128088303,2.1256410256410256,0.8113194171845852,3.3076923076923075,0.3333333333333333,0.4757235787933439,2.0,5.0,1.2941176470588236,0.46249729006288026,0.0,0.0
28,1,12.0,30.0,2.5,0.22727272727272727,0.18181818181818182,0.09090909090909091,0.3333333333333333,0.3333333333333333,0.2222222222222222,0.3333333333333333,0.5833333333333334,0.0,0.2857142857142857,0.42857142857142855,0.3326984126984127,0.41235538246911146,0.2424242424242424,0.4336087279167935,NaN,NaN,NaN,NaN,3.3333333333333335,3.605551275463989,2.25,0.8857457053497095,3.3,0.3333333333333333,0.6814538211389145,2.0,6.0,1.2,0.40583972495671394,0.0,0.0
280,1,12.0,19.0,1.5833333333333333,0.14393939393939395,0.18181818181818182,0.2727272727272727,0.2222222222222222,0.5555555555555556,0.2222222222222222,0.6666666666666666,0.5833333333333334,0.0,0.2857142857142857,0.2857142857142857,0.5972222222222222,0.3047653924651623,0.39814814814814814,0.3947964000986638,NaN,NaN,NaN,NaN,2.111111111111111,1.2692955176439846,2.0694444444444446,0.7832151211039825,3.166666666666667,0.2222222222222222,0.43763051520233065,2.0,3.0,1.28,0.45825756949558405,0.0,0.0
281,1,12.0,21.0,1.75,0.1590909090909091,0.18181818181818182,0.09090909090909091,0.2222222222222222,0.5555555555555556,0.3333333333333333,0.4444444444444444,0.5833333333333334,0.0,0.42857142857142855,0.2857142857142857,0.5714285714285714,0.402479559628023,0.3888888888888889,0.4859126579037751,NaN,NaN,NaN,NaN,2.3333333333333335,2.0615528128088303,2.1996336996336994,0.969423452311589,3.857142857142857,0.2222222222222222,0.7092650503804164,3.0,6.0,1.4545454545454546,0.6169941800226469,0.16666666666666666,0.0
282,1,12.0,21.0,1.75,0.1590909090909091,0.18181818181818182,0.36363636363636365,0.2222222222222222,0.4444444444444444,0.2222222222222222,0.5555555555555556,0.5833333333333334,0.0,0.2857142857142857,0.2857142857142857,0.6674897119341563,0.3029279714566984,0.37407407407407406,0.4293980857542133,NaN,NaN,NaN,NaN,2.3333333333333335,1.5,2.170138888888889,0.8646498848670908,3.333333333333333,0.4444444444444444,0.6303409361347205,3.0,5.0,1.4242424242424243,0.5607084263625252,0.16666666666666666,0.0
283,1,12.0,24.0,2.0,0.18181818181818182,0.18181818181818182,0.09090909090909091,0.2222222222222222,0.4444444444444444,0.2222222222222222,0.5555555555555556,0.5833333333333334,0.0,0.2857142857142857,0.14285714285714285,0.3685185185185185,0.41419638092975736,0.335016835016835,0.41593906474514164,NaN,NaN,NaN,NaN,2.6666666666666665,3.3166247903554,2.0972222222222223,0.7734820041697226,3.0,0.2222222222222222,0.5656836457929045,2.0,4.0,1.1481481481481481,0.36201399289824565,0.0,0.0
284,1,12.0,16.0,1.3333333333333333,0.12121212121212122,0.18181818181818182,0.18181818181818182,0.2222222222222222,0.6666666666666666,0.4444444444444444,0.5555555555555556,0.5833333333333334,0.0,0.5714285714285714,0.2857142857142857,0.6349206349206349,0.4850368758919848,0.5,0.5,NaN,NaN,NaN,NaN,1.7777777777777777,1.9860625479688307,1.9702380952380951,0.7100251722348818,3.142857142857143,0.2222222222222222,0.31076901543168833,2.0,4.0,1.2,0.41039134083406165,0.0,0.0
285,1,12.0,13.0,1.0833333333333333,0.09848484848484848,0.18181818181818182,0.45454545454545453,0.2222222222222222,0.6666666666666666,0.3333333333333333,0.4444444444444444,0.5833333333333334,0.0,0.42857142857142855,0.14285714285714285,0.4722222222222222,0.5068968775248517,0.3611111111111111,0.4859126579037751,NaN,NaN,NaN,NaN,1.4444444444444444,1.0137937550497031,1.9583333333333333,0.6894771844512245,3.0,0.1111111111111111,0.28867513459481287,2.0,3.0,1.1333333333333333,0.35186577527449836,0.0,0.0
286,1,12.0,15.0,1.25,0.11363636363636363,0.18181818181818182,0.2727272727272727,0.4444444444444444,0.4444444444444444,0.3333333333333333,0.5555555555555556,0.5833333333333334,0.0,0.42857142857142855,0.42857142857142855,0.8641975308641975,0.20621349491963042,0.42962962962962964,0.4773900235320186,NaN,NaN,NaN,NaN,1.6666666666666667,1.414213562373095,2.3005050505050506,1.0141710929698857,4.0,0.2222222222222222,0.6718413885515324,3.0,4.0,1.4782608695652173,0.6653478391304605,0.16666666666666666,0.0
287,1,12.0,25.0,2.0833333333333335,0.1893939393939394,0.18181818181818182,0.09090909090909091,0.2222222222222222,0.5555555555555556,0.4444444444444444,0.5555555555555556,0.5833333333333334,0.0,0.5714285714285714,0.2857142857142857,0.6825396825396823,0.37430254490814857,0.4567901234567901,0.5165305807770871,NaN,NaN,NaN,NaN,2.7777777777777777,3.073181485764296,2.154331779331779,0.9064977684298368,3.5,0.4444444444444444,0.6225421130944998,3.0,6.0,1.3428571428571427,0.5392182327416316,0.0,0.0
288,1,12.0,22.0,1.8333333333333333,0.16666666666666666,0.18181818181818182,0.09090909090909091,0.2222222222222222,0.4444444444444444,0.3333333333333333,0.5555555555555556,0.5833333333333334,0.0,0.42857142857142855,0.42857142857142855,0.7142857142857143,0.34360502508739027,0.3925925925925926,0.4695677024247875,NaN,NaN,NaN,NaN,2.4444444444444446,2.1858128414340006,2.210648148148148,0.92002433217388,3.583333333333333,0.3333333333333333,0.6002146859961418,3.0,6.0,1.4411764705882353,0.6125543375075284,0.0,0.0
289,1,12.0,21.0,1.75,0.1590909090909091,0.18181818181818182,0.09090909090909091,0.2222222222222222,0.4444444444444444,0.3333333333333333,0.6666666666666666,0.5833333333333334,0.0,0.42857142857142855,0.14285714285714285,0.6825396825396824,0.3259574028275012,0.48148148148148145,0.43656204570838086,NaN,NaN,NaN,NaN,2.3333333333333335,2.0615528128088303,2.091666666666667,0.7822687801800889,3.333333333333333,0.4444444444444444,0.5243136102608456,2.0,4.0,1.2857142857142858,0.4600437062282362,0.0,0.0
29,1,12.0,34.0,2.8333333333333335,0.25757575757575757,0.18181818181818182,0.09090909090909091,0.2222222222222222,0.4444444444444444,0.3333333333333333,0.7777777777777778,0.5833333333333334,0.0,0.42857142857142855,0.42857142857142855,0.8286451007969996,0.14776887647164919,0.47452300785634116,0.43879611536399127,NaN,NaN,NaN,NaN,3.7777777777777777,3.80058475033046,2.239573607220666,0.9218133486374119,3.333333333333333,0.5555555555555556,0.7401844020243753,3.0,7.0,1.375,0.5309565835518204,0.16666666666666666,0.0
290,1,12.0,17.0,1.4166666666666667,0.12878787878787878,0.18181818181818182,0.2727272727272727,0.3333333333333333,0.4444444444444444,0.2222222222222222,0.4444444444444444,0.5833333333333334,0.0,0.2857142857142857,0.2857142857142857,0.46759259259259256,0.40385392634857536,0.3333333333333333,0.43301270189221935,NaN,NaN,NaN,NaN,1.8888888888888888,1.615893285805443,2.1666666666666665,0.8904657730251585,3.666666666666667,0.4444444444444444,0.40296085539465515,3.0,5.0,1.3846153846153846,0.5710988059467873,0.0,0.0
291,1,12.0,25.0,2.0833333333333335,0.1893939393939394,0.18181818181818182,0.09090909090909091,0.2222222222222222,0.3333333333333333,0.2222222222222222,0.6666666666666666,0.5833333333333334,0.0,0.2857142857142857,0.42857142857142855,0.7181069958847736,0.19928182049443519,0.376984126984127,0.41222118317097106,NaN,NaN,NaN,NaN,2.7777777777777777,1.922093765778466,2.3483923483923483,0.9945656205872283,3.5,0.5555555555555556,0.7809191038557587,3.0,6.0,1.5555555555555556,0.6590473688161074,0.0,0.0
292,1,12.0,18.0,1.5,0.13636363636363635,0.18181818181818182,0.36363636363636365,0.2222222222222222,0.5555555555555556,0.3333333333333333,0.7777777777777778,0.5833333333333334,0.0,0.42857142857142855,0.42857142857142855,0.8518518518518519,0.19444444444444442,0.5648148148148148,0.4077755071084222,NaN,NaN,NaN,NaN,2.0,1.118033988749895,2.069444444444444,0.8054684731753697,3.5,0.3333333333333333,0.4844158113502586,2.0,4.0,1.25,0.4423258684646914,0.0,0.0
293,1,12.0,27.0,2.25,0.20454545454545456,0.18181818181818182,0.18181818181818182,0.1111111111111111,0.4444444444444444,0.2222222222222222,0.6666666666666666,0.5833333333333334,0.0,0.2857142857142857,0.42857142857142855,0.5499999999999999,0.40623331990874606,0.33730158730158727,0.4076403254348555,NaN,NaN,NaN,NaN,3.0,2.598076211353316,2.1346153846153846,0.8368046759110999,3.3076923076923075,0.4444444444444444,0.6220904900615184,2.0,5.0,1.2424242424242424,0.43519413988924466,0.16666666666666666,0.0
294,1,12.0,18.0,1.5,0.13636363636363635,0.18181818181818182,0.36363636363636365,0.2222222222222222,0.3333333333333333,0.2222222222222222,0.4444444444444444,0.5833333333333334,0.0,0.2857142857142857,0.2857142857142857,0.4074074074074074,0.4070653024931346,0.3055555555555556,0.42898458920779164,NaN,NaN,NaN,NaN,2.0,1.3228756555322954,2.0972222222222223,0.7435185709313961,3.0,0.4444444444444444,0.5659164584181103,2.0,4.0,1.2916666666666667,0.4643056214875365,0.0,0.0
295,1,12.0,28.0,2.3333333333333335,0.21212121212121213,0.18181818181818182,0.18181818181818182,0.2222222222222222,0.3333333333333333,0.2222222222222222,0.7777777777777778,0.5833333333333334,0.0,0.2857142857142857,0.42857142857142855,0.7967592592592592,0.15123152180259375,0.4388888888888889,0.383152131085755,NaN,NaN,NaN,NaN,3.111111111111111,1.964971020425266,2.3752879065379067,1.022946498239145,3.6923076923076925,0.6666666666666666,0.7643059097795211,3.0,6.0,1.4047619047619047,0.5868279263112164,0.0,0.0
296,1,12.0,17.0,1.4166666666666667,0.12878787878787878,0.18181818181818182,0.45454545454545453,0.2222222222222222,0.5555555555555556,0.3333333333333333,0.5555555555555556,0.5833333333333334,0.0,0.42857142857142855,0.42857142857142855,0.5944444444444444,0.4318886173283313,0.38333333333333336,0.47169905660283024,NaN,NaN,NaN,NaN,1.8888888888888888,1.536590742882148,2.0083333333333333,0.7140897999721341,3.0,0.2222222222222222,0.37080992435478316,2.0,3.0,1.15,0.36634754853252327,0.0,0.0
297,1,12.0,18.0,1.5,0.13636363636363635,0.18181818181818182,0.36363636363636365,0.1111111111111111,0.5555555555555556,0.3333333333333333,0.6666666666666666,0.5833333333333334,0.0,0.42857142857142855,0.2857142857142857,0.7328042328042328,0.34539770074585624,0.4907407407407407,0.44574462599670034,NaN,NaN,NaN,NaN,2.0,1.3228756555322954,2.1041666666666665,0.8219871524469704,3.25,0.1111111111111111,0.6727662142861868,2.0,5.0,1.3076923076923077,0.4706787243316417,0.16666666666666666,0.0
298,1,12.0,19.0,1.5833333333333333,0.14393939393939395,0.18181818181818182,0.2727272727272727,0.3333333333333333,0.4444444444444444,0.3333333333333333,0.5555555555555556,0.5833333333333334,0.0,0.42857142857142855,0.2857142857142857,0.6770833333333334,0.3590351654086268,0.38333333333333336,0.47169905660283024,NaN,NaN,NaN,NaN,2.111111111111111,1.6914819275153699,2.2311507936507935,0.9355721548826075,3.75,0.4444444444444444,0.6075474651186258,3.0,5.0,1.5,0.6221710168382552,0.0,0.0
299,1,12.0,26.0,2.1666666666666665,0.19696969696969696,0.18181818181818182,0.09090909090909091,0.1111111111111111,0.4444444444444444,0.2222222222222222,0.7777777777777778,0.5833333333333334,0.0,0.2857142857142857,0.42857142857142855,0.6419753086419753,0.3018859330907612,0.45105820105820105,0.3866961179390423,NaN,NaN,NaN,NaN,2.888888888888889,1.9649710204252657,2.0916666666666663,0.788057963309396,3.333333333333333,0.5555555555555556,0.4887328810913269,3.0,5.0,1.3333333333333333,0.5345224838248488,0.0,0.0
3,1,12.0,26.0,2.1666666666666665,0.19696969696969696,0.18181818181818182,0.2727272727272727,0.2222222222222222,0.4444444444444444,0.2222222222222222,0.5555555555555556,0.5833333333333334,0.0,0.2857142857142857,0.42857142857142855,0.48945473251028804,0.3772280190002511,0.3117283950617284,0.4105518384702845,NaN,NaN,NaN,NaN,2.888888888888889,2.619372274250285,2.1237373737373737,0.8156995641792035,3.333333333333333,0.5555555555555556,0.47443955032339863,3.0,4.0,1.3243243243243243,0.5298875171022438,0.0,0.0
30,1,12.0,23.0,1.9166666666666667,0.17424242424242425,0.18181818181818182,0.18181818181818182,0.2222222222222222,0.4444444444444444,0.2222222222222222,0.5555555555555556,0.5833333333333334,0.0,0.2857142857142857,0.42857142857142855,0.6984126984126984,0.34631400494735376,0.3796296296296296,0.42718212497860275,NaN,NaN,NaN,NaN,2.5555555555555554,2.1278575558006176,2.123931623931624,0.7997693569063576,3.1538461538461537,0.3333333333333333,0.46788259416669414,2.0,4.0,1.206896551724138,0.4122508203948855,0.0,0.0
300,1,12.0,16.0,1.3333333333333333,0.12121212121212122,0.18181818181818182,0.36363636363636365,0.1111111111111111,0.5555555555555556,0.3333333333333333,0.5555555555555556,0.5833333333333334,0.0,0.42857142857142855,0.14285714285714285,0.4444444444444444,0.4714045207910317,0.3925925925925926,0.4695677024247875,NaN,NaN,NaN,NaN,1.7777777777777777,1.3944333775567925,2.013888888888889,0.7193513258251005,3.0,0.2222222222222222,0.4366062299143245,2.0,4.0,1.2380952380952381,0.4364357804719847,0.0,0.0
301,1,12.0,25.0,2.0833333333333335,0.1893939393939394,0.18181818181818182,0.2727272727272727,0.1111111111111111,0.3333333333333333,0.2222222222222222,0.8888888888888888,0.5833333333333334,0.0,0.2857142857142857,0.42857142857142855,0.7894032921810699,0.15064882474346053,0.4851851851851852,0.3519237256025449,NaN,NaN,NaN,NaN,2.7777777777777777,1.5634719199411433,2.3180555555555555,0.9560865185622226,3.666666666666667,0.4444444444444444,0.7946037621915019,5.0,8.0,1.7777777777777777,0.9974715509474417,0.16666666666666666,0.0
302,1,12.0,20.0,1.6666666666666667,0.15151515151515152,0.18181818181818182,0.2727272727272727,0.4444444444444444,0.3333333333333333,0.2222222222222222,0.4444444444444444,0.5833333333333334,0.0,0.2857142857142857,0.42857142857142855,0.4305555555555556,0.37945845000181216,0.27222222222222225,0.42360883423796114,NaN,NaN,NaN,NaN,2.2222222222222223,1.855921454276674,2.388492063492064,1.0394118866070021,4.0,0.3333333333333333,0.6850088615997775,3.0,7.0,1.6111111111111112,0.72811999708752,0.0,0.0
303,1,12.0,22.0,1.8333333333333333,0.16666666666666666,0.18181818181818182,0.2727272727272727,0.2222222222222222,0.3333333333333333,0.2222222222222222,0.5555555555555556,0.5833333333333334,0.0,0.2857142857142857,0.42857142857142855,0.4930555555555556,0.3703414340548162,0.3611111111111111,0.4166666666666667,NaN,NaN,NaN,NaN,2.4444444444444446,1.3333333333333335,2.216666666666667,0.9043665119180321,3.6,0.5555555555555556,0.7345081105761627,3.0,4.0,1.4242424242424243,0.5607084263625252,0.0,0.0
304,1,12.0,31.0,2.5833333333333335,0.23484848484848486,0.18181818181818182,0.09090909090909091,0.2222222222222222,0.3333333333333333,0.2222222222222222,0.6666666666666666,0.5833333333333334,0.0,0.2857142857142857,0.42857142857142855,0.5407407407407407,0.32946833340406084,0.3202020202020202,0.3992639865375061,NaN,NaN,NaN,NaN,3.4444444444444446,3.2446537223219645,2.2583333333333333,0.8892313103081353,3.333333333333333,0.3333333333333333,0.7796531410253108,2.0,7.0,1.3409090909090908,0.4794949774542018,0.16666666666666666,0.0
305,1,12.0,22.0,1.8333333333333333,0.16666666666666666,0.18181818181818182,0.09090909090909091,0.3333333333333333,0.4444444444444444,0.3333333333333333,0.5555555555555556,0.5833333333333334,0.0,0.42857142857142855,0.2857142857142857,0.7444444444444445,0.27688746209726917,0.42760942760942755,0.4785203616958155,NaN,NaN,NaN,NaN,2.4444444444444446,3.2829526005987013,2.2291666666666665,0.9287257752730704,3.666666666666667,0.3333333333333333,0.674645614487121,3.0,5.0,1.3870967741935485,0.615219167172085,0.0,0.0
306,1,12.0,19.0,1.5833333333333333,0.14393939393939395,0.18181818181818182,0.18181818181818182,0.1111111111111111,0.6666666666666666,0.4444444444444444,0.7777777777777778,0.5833333333333334,0.0,0.5714285714285714,0.2857142857142857,0.7416666666666667,0.3674234614174767,0.5648148148148148,0.4405208757542696,NaN,NaN,NaN,NaN,2.111111111111111,1.536590742882148,1.9527777777777782,0.6834934525387202,3.166666666666667,0.3333333333333333,0.337546473588984,3.0,4.0,1.25,0.531609533071195,0.0,0.0
307,1,12.0,24.0,2.0,0.18181818181818182,0.18181818181818182,0.18181818181818182,0.1111111111111111,0.4444444444444444,0.2222222222222222,0.6666666666666666,0.5833333333333334,0.0,0.2857142857142857,0.42857142857142855,0.5494791666666666,0.42106242475219097,0.35648148148148145,0.4024184220680672,NaN,NaN,NaN,NaN,2.6666666666666665,2.39791576165636,2.0638888888888887,0.7388850915069124,3.0,0.3333333333333333,0.5279315819625631,2.0,5.0,1.2258064516129032,0.4250237185032414,0.0,0.0
308,1,12.0,21.0,1.75,0.1590909090909091,0.18181818181818182,0.18181818181818182,0.2222222222222222,0.4444444444444444,0.2222222222222222,0.5555555555555556,0.5833333333333334,0.0,0.2857142857142857,0.42857142857142855,0.34391534391534395,0.41399844841922395,0.3148148148148148,0.4098987378714919,NaN,NaN,NaN,NaN,2.3333333333333335,2.3979157616563596,2.1666666666666665,0.9073215103987798,4.0,0.3333333333333333,0.6779794131506388,3.0,5.0,1.2692307692307692,0.533493565673837,0.0,0.0
309,1,12.0,32.0,2.6666666666666665,0.24242424242424243,0.18181818181818182,0.09090909090909091,0.1111111111111111,0.4444444444444444,0.3333333333333333,0.8888888888888888,0.5833333333333334,0.0,0.42857142857142855,0.42857142857142855,0.8402391259534117,0.14349589613582267,0.5646464646464646,0.3756964759708733,NaN,NaN,NaN,NaN,3.5555555555555554,3.1269438398822866,2.1558170995670998,0.8308694724789256,3.2857142857142856,0.4444444444444444,0.7089293370120556,3.0,7.0,1.3829787234042554,0.5730616284242455,0.3333333333333333,0.0
31,1,12.0,27.0,2.25,0.20454545454545456,0.18181818181818182,0.09090909090909091,0.2222222222222222,0.4444444444444444,0.3333333333333333,0.7777777777777778,0.5833333333333334,0.0,0.42857142857142855,0.42857142857142855,0.8123456790123457,0.21397505078722714,0.4831649831649831,0.4189636715830093,NaN,NaN,NaN,NaN,3.0,3.2015621187164243,2.2041666666666666,0.9171245412932881,3.75,0.3333333333333333,0.6975741441665442,3.0,6.0,1.2941176470588236,0.5239368319955838,0.0,0.0
310,1,12.0,34.0,2.8333333333333335,0.25757575757575757,0.18181818181818182,0.09090909090909091,0.2222222222222222,0.3333333333333333,0.2222222222222222,0.7777777777777778,0.5833333333333334,0.0,0.2857142857142857,0.42857142857142855,0.7907535121328225,0.143436199838817,0.4313131313131313,0.3879971410344055,NaN,NaN,NaN,NaN,3.7777777777777777,3.153481321404083,2.323355841018884,0.9480333157727565,3.4545454545454546,0.4444444444444444,0.7932176860571071,3.0,7.0,1.4038461538461537,0.5335642411150524,0.3333333333333333,0.0
311,1,12.0,24.0,2.0,0.18181818181818182,0.18181818181818182,0.09090909090909091,0.2222222222222222,0.4444444444444444,0.3333333333333333,0.6666666666666666,0.5833333333333334,0.0,0.42857142857142855,0.2857142857142857,0.5608465608465607,0.40254313284035315,0.42592592592592593,0.447687818369061,NaN,NaN,NaN,NaN,2.6666666666666665,2.0615528128088303,2.1729242979242978,0.8521344501020384,3.3846153846153846,0.3333333333333333,0.6107856693015841,3.0,5.0,1.3125,0.5350610456580119,0.0,0.0
312,1,12.0,20.0,1.6666666666666667,0.15151515151515152,0.18181818181818182,0.09090909090909091,0.2222222222222222,0.5555555555555556,0.2222222222222222,0.4444444444444444,0.5833333333333334,0.0,0.2857142857142857,0.2857142857142857,0.4867724867724868,0.4371027693115011,0.3148148148148148,0.42853468390393096,NaN,NaN,NaN,NaN,2.2222222222222223,2.1081851067789197,2.038888888888889,0.7607589688950165,3.3,0.3333333333333333,0.37633194256421026,2.0,4.0,1.2592592592592593,0.44657608470472243,0.0,0.0
313,1,12.0,12.0,1.0,0.09090909090909091,0.18181818181818182,0.36363636363636365,0.5555555555555556,0.4444444444444444,0.2222222222222222,0.3333333333333333,0.5833333333333334,0.0,0.2857142857142857,0.2857142857142857,0.5,0.4330127018922193,0.2777777777777778,0.4409585518440985,NaN,NaN,NaN,NaN,1.3333333333333333,0.7071067811865476,2.25,0.9653072991634227,4.0,0.0,0.0,3.0,4.0,1.5454545454545454,0.6709817063202619,0.0,0.0
314,1,12.0,18.0,1.5,0.13636363636363635,0.18181818181818182,0.36363636363636365,0.2222222222222222,0.5555555555555556,0.4444444444444444,0.7777777777777778,0.5833333333333334,0.0,0.5714285714285714,0.2857142857142857,0.8246527777777778,0.22038698012120508,0.55,0.4513867521316947,NaN,NaN,NaN,NaN,2.0,1.5,2.1235119047619047,0.8728092882461395,3.75,0.3333333333333333,0.5496182375820814,3.0,5.0,1.4444444444444444,0.6405126152203485,0.0,0.0
315,1,12.0,23.0,1.9166666666666667,0.17424242424242425,0.18181818181818182,0.2727272727272727,0.2222222222222222,0.4444444444444444,0.2222222222222222,0.6666666666666666,0.5833333333333334,0.0,0.2857142857142857,0.42857142857142855,0.4782407407407408,0.35949290202302786,0.3595238095238095,0.39856246789722505,NaN,NaN,NaN,NaN,2.5555555555555554,2.242270674512285,2.0805555555555557,0.7517600000286644,3.0,0.3333333333333333,0.5611996999339653,3.0,5.0,1.3,0.5349830806219241,0.0,0.0
316,1,12.0,22.0,1.8333333333333333,0.16666666666666666,0.18181818181818182,0.18181818181818182,0.3333333333333333,0.4444444444444444,0.3333333333333333,0.6666666666666666,0.5833333333333334,0.0,0.42857142857142855,0.2857142857142857,0.7685185185185185,0.18425693279752223,0.4574074074074075,0.45606340256645655,NaN,NaN,NaN,NaN,2.4444444444444446,1.810463415200036,2.273674242424242,0.9710359602768395,3.7272727272727275,0.3333333333333333,0.7267290926160832,3.0,5.0,1.4242424242424243,0.560708426362525,0.0,0.0
317,1,12.0,18.0,1.5,0.13636363636363635,0.18181818181818182,0.2727272727272727,0.4444444444444444,0.3333333333333333,0.2222222222222222,0.3333333333333333,0.5833333333333334,0.0,0.2857142857142857,0.42857142857142855,0.4,0.46666666666666673,0.24074074074074073,0.43390275977259196,NaN,NaN,NaN,NaN,2.0,1.8027756377319946,2.2694444444444444,0.9103732538247492,3.4,0.3333333333333333,0.7221266905143664,3.0,4.0,1.391304347826087,0.583027399541909,0.0,0.0
318,1,12.0,22.0,1.8333333333333333,0.16666666666666666,0.18181818181818182,0.18181818181818182,0.4444444444444444,0.3333333333333333,0.2222222222222222,0.4444444444444444,0.5833333333333334,0.0,0.2857142857142857,0.42857142857142855,0.6805555555555556,0.21245914639969937,0.32407407407407407,0.4418326033496352,NaN,NaN,NaN,NaN,2.4444444444444446,1.3333333333333333,2.4791666666666665,1.1052474698894224,3.8,0.5555555555555556,0.7483784779911473,3.0,6.0,1.5476190476190477,0.632547345278267,0.0,0.0
319,1,12.0,19.0,1.5833333333333333,0.14393939393939395,0.18181818181818182,0.09090909090909091,0.4444444444444444,0.4444444444444444,0.2222222222222222,0.3333333333333333,0.5833333333333334,0.0,0.2857142857142857,0.42857142857142855,0.37777777777777777,0.4841946348777983,0.2424242424242424,0.4336087279167935,NaN,NaN,NaN,NaN,2.111111111111111,3.3333333333333335,2.2564102564102564,0.9709792937826405,4.0,0.1111111111111111,0.7388278818399099,3.0,5.0,1.2608695652173914,0.540823555863717,0.0,0.0
32,1,12.0,22.0,1.8333333333333333,0.16666666666666666,0.18181818181818182,0.18181818181818182,0.3333333333333333,0.3333333333333333,0.2222222222222222,0.5555555555555556,0.5833333333333334,0.0,0.2857142857142857,0.2857142857142857,0.5079365079365079,0.3341825916099571,0.3370370370370371,0.4151453709393201,NaN,NaN,NaN,NaN,2.4444444444444446,2.1858128414340006,2.201388888888889,0.856834034273594,3.416666666666667,0.3333333333333333,0.6548488070363724,2.0,5.0,1.3636363636363635,0.4885042104591971,0.16666666666666666,0.0
320,1,12.0,16.0,1.3333333333333333,0.12121212121212122,0.18181818181818182,0.36363636363636365,0.4444444444444444,0.3333333333333333,0.2222222222222222,0.4444444444444444,0.5833333333333334,0.0,0.2857142857142857,0.2857142857142857,0.4074074074074074,0.4006168083848877,0.2962962962962963,0.4230985058813282,NaN,NaN,NaN,NaN,1.7777777777777777,0.9718253158075502,2.3333333333333335,1.0353596944877161,4.25,0.4444444444444444,0.4743416490252569,3.0,5.0,1.52,0.714142842854285,0.0,0.0
321,1,12.0,21.0,1.75,0.1590909090909091,0.18181818181818182,0.18181818181818182,0.3333333333333333,0.4444444444444444,0.3333333333333333,0.5555555555555556,0.5833333333333334,0.0,0.42857142857142855,0.42857142857142855,0.7195767195767195,0.39010176912522243,0.3925925925925926,0.4695677024247875,NaN,NaN,NaN,NaN,2.3333333333333335,2.23606797749979,2.194444444444444,0.8699045963403151,3.333333333333333,0.1111111111111111,0.6881460408554085,2.0,5.0,1.2857142857142858,0.4600437062282362,0.3333333333333333,0.0
322,1,12.0,21.0,1.75,0.1590909090909091,0.18181818181818182,0.36363636363636365,0.1111111111111111,0.4444444444444444,0.3333333333333333,0.6666666666666666,0.5833333333333334,0.0,0.42857142857142855,0.42857142857142855,0.6455026455026455,0.3611765159677065,0.4203703703703704,0.45044559556943303,NaN,NaN,NaN,NaN,2.3333333333333335,1.4999999999999998,2.108333333333333,0.7841066460139413,3.25,0.5555555555555556,0.6077388919976743,2.0,5.0,1.34375,0.48255870443481425,0.16666666666666666,0.0
323,1,12.0,17.0,1.4166666666666667,0.12878787878787878,0.18181818181818182,0.18181818181818182,0.3333333333333333,0.5555555555555556,0.3333333333333333,0.4444444444444444,0.5833333333333334,0.0,0.42857142857142855,0.42857142857142855,0.5238095238095238,0.5050762722761053,0.3492063492063492,0.4902681019517619,NaN,NaN,NaN,NaN,1.8888888888888888,1.9649710204252657,2.175925925925926,0.9469169457810213,4.0,0.1111111111111111,0.35801843081697315,3.0,4.0,1.3333333333333333,0.5646597025732798,0.0,0.0
324,1,12.0,25.0,2.0833333333333335,0.1893939393939394,0.18181818181818182,0.18181818181818182,0.4444444444444444,0.3333333333333333,0.2222222222222222,0.5555555555555556,0.5833333333333334,0.0,0.2857142857142857,0.42857142857142855,0.7162808641975308,0.16661533899713118,0.3462962962962963,0.4283185614976974,NaN,NaN,NaN,NaN,2.7777777777777777,1.6414763002993507,2.4263872701372704,1.0672132370130352,3.7777777777777777,0.5555555555555556,0.67131591756657,3.0,8.0,1.5217391304347827,0.5864821844327455,0.0,0.0
325,1,12.0,14.0,1.1666666666666667,0.10606060606060606,0.18181818181818182,0.36363636363636365,0.3333333333333333,0.5555555555555556,0.3333333333333333,0.5555555555555556,0.5833333333333334,0.0,0.42857142857142855,0.2857142857142857,0.7407407407407407,0.334488738299786,0.4629629629629629,0.4697648479246601,NaN,NaN,NaN,NaN,1.5555555555555556,0.881917103688197,2.136904761904762,0.935021719179316,4.142857142857142,0.2222222222222222,0.4658077936771453,3.0,4.0,1.5,0.6725927091345493,0.0,0.0
326,1,12.0,23.0,1.9166666666666667,0.17424242424242425,0.18181818181818182,0.09090909090909091,0.3333333333333333,0.3333333333333333,0.2222222222222222,0.5555555555555556,0.5833333333333334,0.0,0.2857142857142857,0.42857142857142855,0.6693121693121693,0.2644644784851994,0.3425925925925926,0.4134132240593672,NaN,NaN,NaN,NaN,2.5555555555555554,2.0069324297987157,2.451984126984127,1.0831469956930329,3.857142857142857,0.5555555555555556,0.6973635741683274,3.0,6.0,1.5238095238095237,0.6339229482337176,0.0,0.0
327,1,12.0,26.0,2.1666666666666665,0.19696969696969696,0.18181818181818182,0.09090909090909091,0.3333333333333333,0.3333333333333333,0.2222222222222222,0.6666666666666666,0.5833333333333334,0.0,0.2857142857142857,0.2857142857142857,0.6481481481481483,0.21154925294066412,0.35723905723905724,0.4008726833729954,NaN,NaN,NaN,NaN,2.888888888888889,3.333333333333333,2.325925925925926,0.9816421950878816,4.0,0.2222222222222222,0.7616870364529481,3.0,5.0,1.4,0.6507913734559686,0.16666666666666666,0.0
328,1,12.0,27.0,2.25,0.20454545454545456,0.18181818181818182,0.09090909090909091,0.1111111111111111,0.6666666666666666,0.4444444444444444,0.6666666666666666,0.5833333333333334,0.0,0.5714285714285714,0.2857142857142857,0.6306878306878307,0.4236363417637682,0.5016835016835016,0.48463800145030933,NaN,NaN,NaN,NaN,3.0,3.605551275463989,1.9265873015873014,0.6511378124223512,3.0,0.2222222222222222,0.42644825989333673,2.0,5.0,1.1333333333333333,0.34574590364176044,0.0,0.0
329,1,12.0,27.0,2.25,0.20454545454545456,0.18181818181818182,0.09090909090909091,0.2222222222222222,0.6666666666666666,0.4444444444444444,0.5555555555555556,0.5833333333333334,0.0,0.5714285714285714,0.42857142857142855,0.6728395061728396,0.4086680831613687,0.46464646464646464,0.5111250846494849,NaN,NaN,NaN,NaN,3.0,3.5,2.045899470899471,0.814124790596782,3.4,0.3333333333333333,0.5985698101732971,2.0,5.0,1.21875,0.42001344064515445,0.0,0.0
33,1,12.0,12.0,1.0,0.09090909090909091,0.18181818181818182,0.6363636363636364,0.2222222222222222,0.6666666666666666,0.4444444444444444,0.6666666666666666,0.5833333333333334,0.0,0.5714285714285714,0.0,0.6481481481481481,0.4120110270608701,0.574074074074074,0.46481112585226425,NaN,NaN,NaN,NaN,1.3333333333333333,0.7071067811865476,1.9583333333333333,0.6894771844512245,3.0,0.1111111111111111,0.21320071635561044,2.0,3.0,1.2941176470588236,0.4696682183138622,0.0,0.0
330,1,12.0,21.0,1.75,0.1590909090909091,0.18181818181818182,0.09090909090909091,0.1111111111111111,0.5555555555555556,0.4444444444444444,0.7777777777777778,0.5833333333333334,0.0,0.5714285714285714,0.14285714285714285,0.7129629629629629,0.3196708135134418,0.5777777777777778,0.4381146476031639,NaN,NaN,NaN,NaN,2.3333333333333335,2.91547594742265,2.08531746031746,0.8169672016102221,3.5,0.3333333333333333,0.5761005158310345,3.0,5.0,1.2962962962962963,0.5417077564954128,0.0,0.0
331,1,12.0,15.0,1.25,0.11363636363636363,0.18181818181818182,0.36363636363636365,0.4444444444444444,0.4444444444444444,0.2222222222222222,0.3333333333333333,0.5833333333333334,0.0,0.2857142857142857,0.42857142857142855,0.2962962962962963,0.42514521847261016,0.25,0.4330127018922193,NaN,NaN,NaN,NaN,1.6666666666666667,1.118033988749895,2.3125,1.0287072646596973,4.0,0.2222222222222222,0.5192714676764526,3.0,5.0,1.5,0.648074069840786,0.0,0.0
332,1,12.0,24.0,2.0,0.18181818181818182,0.18181818181818182,0.2727272727272727,0.2222222222222222,0.4444444444444444,0.3333333333333333,0.7777777777777778,0.5833333333333334,0.0,0.42857142857142855,0.42857142857142855,0.85,0.18181186857726192,0.47592592592592603,0.43820269846073695,NaN,NaN,NaN,NaN,2.6666666666666665,1.9364916731037085,2.2803240740740742,1.003302248428761,4.0,0.4444444444444444,0.7422174792774683,3.0,4.0,1.3333333333333333,0.5466722735905339,0.0,0.0
333,1,12.0,20.0,1.6666666666666667,0.15151515151515152,0.18181818181818182,0.36363636363636365,0.1111111111111111,0.4444444444444444,0.3333333333333333,0.7777777777777778,0.5833333333333334,0.0,0.42857142857142855,0.2857142857142857,0.7013888888888888,0.3444988686282019,0.49444444444444446,0.41866188956934897,NaN,NaN,NaN,NaN,2.2222222222222223,1.6414763002993509,2.0722222222222224,0.7582320389668488,3.333333333333333,0.5555555555555556,0.6251923680564434,3.0,6.0,1.5294117647058822,0.662195344137054,0.0,0.0
334,1,12.0,27.0,2.25,0.20454545454545456,0.18181818181818182,0.18181818181818182,0.1111111111111111,0.3333333333333333,0.2222222222222222,0.6666666666666666,0.5833333333333334,0.0,0.2857142857142857,0.42857142857142855,0.6871693121693121,0.22287396896836964,0.4074074074074074,0.40706530249313455,NaN,NaN,NaN,NaN,3.0,1.3228756555322954,2.3333333333333335,0.9569324411731985,3.5,0.3333333333333333,0.8024179982245189,4.0,7.0,1.5625,0.711792762094567,0.16666666666666666,0.0
335,1,12.0,22.0,1.8333333333333333,0.16666666666666666,0.18181818181818182,0.2727272727272727,0.2222222222222222,0.4444444444444444,0.3333333333333333,0.6666666666666666,0.5833333333333334,0.0,0.42857142857142855,0.42857142857142855,0.6604938271604938,0.33384734032073976,0.5,0.4409585518440984,NaN,NaN,NaN,NaN,2.4444444444444446,1.5898986690282426,2.102777777777778,0.8211175352737308,3.4,0.5555555555555556,0.5396830701975153,2.0,5.0,1.2592592592592593,0.44657608470472243,0.0,0.0
336,1,12.0,12.0,1.0,0.09090909090909091,0.18181818181818182,0.6363636363636364,0.2222222222222222,0.6666666666666666,0.4444444444444444,0.6666666666666666,0.5833333333333334,0.0,0.5714285714285714,0.14285714285714285,0.6851851851851851,0.42853468390393096,0.574074074074074,0.4648111258522642,NaN,NaN,NaN,NaN,1.3333333333333333,0.7071067811865476,1.9583333333333333,0.6894771844512245,3.0,0.1111111111111111,0.21320071635561044,2.0,3.0,1.2,0.4140393356054126,0.0,0.0
337,1,12.0,24.0,2.0,0.18181818181818182,0.18181818181818182,0.09090909090909091,0.2222222222222222,0.4444444444444444,0.2222222222222222,0.6666666666666666,0.5833333333333334,0.0,0.2857142857142857,0.42857142857142855,0.575,0.36721077053920953,0.38359788359788355,0.4007936507936508,NaN,NaN,NaN,NaN,2.6666666666666665,2.39791576165636,2.183838383838384,0.8696392157260181,3.333333333333333,0.4444444444444444,0.6199321088574937,3.0,5.0,1.4210526315789473,0.5517333348917078,0.16666666666666666,0.0
338,1,12.0,14.0,1.1666666666666667,0.10606060606060606,0.18181818181818182,0.36363636363636365,0.2222222222222222,0.5555555555555556,0.4444444444444444,0.6666666666666666,0.5833333333333334,0.0,0.5714285714285714,0.42857142857142855,0.8333333333333334,0.3535533905932738,0.5555555555555556,0.4639803635691685,NaN,NaN,NaN,NaN,1.5555555555555556,0.7264831572567789,2.0625,0.8127185020881238,3.5,0.4444444444444444,0.3856099777560935,3.0,4.0,1.4,0.5982430416161189,0.0,0.0
339,1,12.0,31.0,2.5833333333333335,0.23484848484848486,0.18181818181818182,0.09090909090909091,0.1111111111111111,0.3333333333333333,0.2222222222222222,0.8888888888888888,0.5833333333333334,0.0,0.2857142857142857,0.42857142857142855,0.8329069200779728,0.13023510163957258,0.5053872053872054,0.34798639509367135,NaN,NaN,NaN,NaN,3.4444444444444446,3.1269438398822866,2.2923583662714093,0.9371835592291282,3.7,0.5555555555555556,0.7620991322443468,3.0,8.0,1.5098039215686274,0.6441288386528845,0.16666666666666666,0.0
34,1,12.0,28.0,2.3333333333333335,0.21212121212121213,0.18181818181818182,0.09090909090909091,0.3333333333333333,0.3333333333333333,0.2222222222222222,0.4444444444444444,0.5833333333333334,0.0,0.2857142857142857,0.42857142857142855,0.3727598566308244,0.41471098442315896,0.27222222222222225,0.42360883423796114,NaN,NaN,NaN,NaN,3.111111111111111,2.8037673068767868,2.2906565656565654,0.932723548013382,3.4545454545454546,0.4444444444444444,0.6986635487796545,2.0,6.0,1.35,0.483045891539648,0.16666666666666666,0.0
340,1,12.0,22.0,1.8333333333333333,0.16666666666666666,0.18181818181818182,0.36363636363636365,0.2222222222222222,0.4444444444444444,0.2222222222222222,0.7777777777777778,0.5833333333333334,0.0,0.2857142857142857,0.2857142857142857,0.7378472222222222,0.19931659498075474,0.4629629629629629,0.3775632560852274,NaN,NaN,NaN,NaN,2.4444444444444446,1.3333333333333333,2.160714285714286,0.8506927222015475,3.5,0.3333333333333333,0.4469863553148107,3.0,5.0,1.4285714285714286,0.6080689921050603,0.0,0.0
341,1,12.0,22.0,1.8333333333333333,0.16666666666666666,0.18181818181818182,0.18181818181818182,0.2222222222222222,0.3333333333333333,0.2222222222222222,0.6666666666666666,0.5833333333333334,0.0,0.2857142857142857,0.2857142857142857,0.5564814814814816,0.34439403753029724,0.3743386243386243,0.39434742187675265,NaN,NaN,NaN,NaN,2.4444444444444446,2.0069324297987157,2.251388888888889,0.9044072318803301,3.666666666666667,0.4444444444444444,0.8196774315979988,4.0,6.0,1.5945945945945945,0.7978951288462893,0.16666666666666666,0.0
342,1,12.0,29.0,2.4166666666666665,0.2196969696969697,0.18181818181818182,0.09090909090909091,0.1111111111111111,0.3333333333333333,0.2222222222222222,0.7777777777777778,0.5833333333333334,0.0,0.2857142857142857,0.42857142857142855,0.7701352145796589,0.20049543754092894,0.4666666666666667,0.37675515184857716,NaN,NaN,NaN,NaN,3.2222222222222223,1.922093765778466,2.2177083333333334,0.8609333322920626,3.4375,0.4444444444444444,0.6789183955438841,3.0,6.0,1.3414634146341464,0.5296109939172797,0.16666666666666666,0.0
343,1,12.0,20.0,1.6666666666666667,0.15151515151515152,0.18181818181818182,0.18181818181818182,0.3333333333333333,0.4444444444444444,0.2222222222222222,0.4444444444444444,0.5833333333333334,0.0,0.2857142857142857,0.2857142857142857,0.5476190476190477,0.31831327624956945,0.3333333333333333,0.43301270189221935,NaN,NaN,NaN,NaN,2.2222222222222223,1.922093765778466,2.253787878787879,0.9470303010910333,3.5454545454545454,0.2222222222222222,0.6026393666004558,2.0,5.0,1.3448275862068966,0.4837252813149745,0.0,0.0
344,1,12.0,18.0,1.5,0.13636363636363635,0.18181818181818182,0.2727272727272727,0.3333333333333333,0.4444444444444444,0.3333333333333333,0.5555555555555556,0.5833333333333334,0.0,0.42857142857142855,0.42857142857142855,0.8209876543209876,0.22868683398571238,0.4629629629629629,0.4697648479246601,NaN,NaN,NaN,NaN,2.0,1.118033988749895,2.2083333333333335,0.8971757032065917,3.5,0.3333333333333333,0.4287464628562721,3.0,4.0,1.4838709677419355,0.6256179740563451,0.0,0.0
345,1,12.0,34.0,2.8333333333333335,0.25757575757575757,0.18181818181818182,0.09090909090909091,0.3333333333333333,0.3333333333333333,0.2222222222222222,0.5555555555555556,0.5833333333333334,0.0,0.2857142857142857,0.42857142857142855,0.5291005291005291,0.3893744943503517,0.28484848484848485,0.41470889919843795,NaN,NaN,NaN,NaN,3.7777777777777777,4.2946995755750415,2.2592592592592595,0.8749966597125062,3.0555555555555554,0.2222222222222222,0.8037838816631431,2.0,7.0,1.1842105263157894,0.3928594520631916,0.3333333333333333,0.0
346,1,12.0,21.0,1.75,0.1590909090909091,0.18181818181818182,0.2727272727272727,0.1111111111111111,0.5555555555555556,0.3333333333333333,0.7777777777777778,0.5833333333333334,0.0,0.42857142857142855,0.2857142857142857,0.6417508417508417,0.39427077489244927,0.5185185185185186,0.4203540541783765,NaN,NaN,NaN,NaN,2.3333333333333335,1.8027756377319946,2.0631944444444446,0.7705555054874613,3.083333333333333,0.3333333333333333,0.6814741937297234,2.0,5.0,1.2307692307692308,0.4296689244236597,0.16666666666666666,0.0
347,1,12.0,15.0,1.25,0.11363636363636363,0.18181818181818182,0.36363636363636365,0.3333333333333333,0.5555555555555556,0.3333333333333333,0.4444444444444444,0.5833333333333334,0.0,0.42857142857142855,0.14285714285714285,0.42592592592592593,0.4648111258522642,0.3703703703703704,0.48432210483785265,NaN,NaN,NaN,NaN,1.6666666666666667,1.118033988749895,2.048611111111111,0.7772477450845755,3.25,0.2222222222222222,0.31810450514017585,2.0,4.0,1.25,0.4442616583193193,0.0,0.0
348,1,12.0,24.0,2.0,0.18181818181818182,0.18181818181818182,0.09090909090909091,0.2222222222222222,0.4444444444444444,0.3333333333333333,0.6666666666666666,0.5833333333333334,0.0,0.42857142857142855,0.42857142857142855,0.675925925925926,0.32394177193585,0.42760942760942755,0.4485576426499902,NaN,NaN,NaN,NaN,2.6666666666666665,3.24037034920393,2.1666666666666665,0.8819171036881969,3.666666666666667,0.2222222222222222,0.7019641181630338,3.0,4.0,1.2413793103448276,0.5109635445336238,0.16666666666666666,0.0
349,1,12.0,35.0,2.9166666666666665,0.26515151515151514,0.18181818181818182,0.09090909090909091,0.1111111111111111,0.3333333333333333,0.2222222222222222,0.8888888888888888,0.5833333333333334,0.0,0.2857142857142857,0.42857142857142855,0.7204526748971194,0.18531530408073585,0.45185185185185195,0.3472555539557092,NaN,NaN,NaN,NaN,3.888888888888889,2.848001248439177,2.198454469507101,0.8468048365765188,3.2857142857142856,0.5555555555555556,0.7164462204146085,3.0,7.0,1.2666666666666666,0.4954336943068623,0.16666666666666666,0.0
35,1,12.0,25.0,2.0833333333333335,0.1893939393939394,0.18181818181818182,0.09090909090909091,0.3333333333333333,0.4444444444444444,0.2222222222222222,0.4444444444444444,0.5833333333333334,0.0,0.2857142857142857,0.42857142857142855,0.4444444444444444,0.40611643103370687,0.28148148148148144,0.4239729784075314,NaN,NaN,NaN,NaN,2.7777777777777777,2.3333333333333335,2.2822420634920637,0.9976215605994516,3.666666666666667,0.4444444444444444,0.6087889101115673,3.0,6.0,1.394736842105263,0.5472028965176681,0.0,0.0
350,1,12.0,22.0,1.8333333333333333,0.16666666666666666,0.18181818181818182,0.36363636363636365,0.2222222222222222,0.3333333333333333,0.2222222222222222,0.5555555555555556,0.5833333333333334,0.0,0.2857142857142857,0.42857142857142855,0.5049382716049382,0.3529903607570325,0.3092592592592593,0.41122370830437893,NaN,NaN,NaN,NaN,2.4444444444444446,1.5092308563562362,2.1472222222222226,0.7859187936220575,3.0,0.3333333333333333,0.6264799697333926,2.0,5.0,1.3333333333333333,0.4794633014853841,0.0,0.0
351,1,12.0,17.0,1.4166666666666667,0.12878787878787878,0.18181818181818182,0.2727272727272727,0.4444444444444444,0.5555555555555556,0.3333333333333333,0.4444444444444444,0.5833333333333334,0.0,0.42857142857142855,0.2857142857142857,0.5222222222222223,0.43652669512362646,0.4074074074074074,0.49378857873975496,NaN,NaN,NaN,NaN,1.8888888888888888,1.6914819275153696,2.1166666666666667,0.8418954084610979,3.4,0.1111111111111111,0.35355339059327373,2.0,4.0,1.3043478260869565,0.4704719688969648,0.0,0.0
352,1,12.0,19.0,1.5833333333333333,0.14393939393939395,0.18181818181818182,0.36363636363636365,0.2222222222222222,0.4444444444444444,0.2222222222222222,0.6666666666666666,0.5833333333333334,0.0,0.2857142857142857,0.42857142857142855,0.7337962962962963,0.2356511041799605,0.4629629629629629,0.39771725175767647,NaN,NaN,NaN,NaN,2.111111111111111,1.0540925533894596,2.125,0.8104861227078727,3.2857142857142856,0.3333333333333333,0.4996418337649252,2.0,4.0,1.3571428571428572,0.4879500364742666,0.0,0.0
353,1,12.0,37.0,3.0833333333333335,0.2803030303030303,0.18181818181818182,0.09090909090909091,0.3333333333333333,0.3333333333333333,0.2222222222222222,0.6666666666666666,0.5833333333333334,0.0,0.2857142857142857,0.42857142857142855,0.7414686039024664,0.16515582503515003,0.34550264550264553,0.42433829447532345,NaN,NaN,NaN,NaN,4.111111111111111,3.2956199888808646,2.4281639928698753,1.044206101413908,3.6470588235294117,0.6666666666666666,0.7929614586921365,3.0,8.0,1.3529411764705883,0.5224377249688121,0.16666666666666666,0.0
354,1,12.0,25.0,2.0833333333333335,0.1893939393939394,0.18181818181818182,0.09090909090909091,0.3333333333333333,0.3333333333333333,0.2222222222222222,0.5555555555555556,0.5833333333333334,0.0,0.2857142857142857,0.2857142857142857,0.5569444444444445,0.3664180028025067,0.35353535353535354,0.4195492574545572,NaN,NaN,NaN,NaN,2.7777777777777777,3.2317865716108853,2.2181372549019605,0.8607792889218653,3.333333333333333,0.4444444444444444,0.6191624733434435,3.0,4.0,1.3125,0.5350610456580119,0.0,0.0
355,1,12.0,29.0,2.4166666666666665,0.2196969696969697,0.18181818181818182,0.09090909090909091,0.1111111111111111,0.4444444444444444,0.2222222222222222,0.8888888888888888,0.5833333333333334,0.0,0.2857142857142857,0.42857142857142855,0.753968253968254,0.20867319217807268,0.48518518518518516,0.35192372560254487,NaN,NaN,NaN,NaN,3.2222222222222223,1.9860625479688307,2.178240740740741,0.8836023614633953,3.375,0.5555555555555556,0.6613476720496014,3.0,6.0,1.35,0.5795665931516722,0.16666666666666666,0.0
356,1,12.0,14.0,1.1666666666666667,0.10606060606060606,0.18181818181818182,0.36363636363636365,0.2222222222222222,0.5555555555555556,0.3333333333333333,0.4444444444444444,0.5833333333333334,0.0,0.42857142857142855,0.42857142857142855,0.6180555555555556,0.42209999144489185,0.3888888888888889,0.4859126579037751,NaN,NaN,NaN,NaN,1.5555555555555556,1.0137937550497034,2.113888888888889,0.8692802471862272,3.666666666666667,0.3333333333333333,0.4869543532247577,3.0,5.0,1.52,0.6531972647421809,0.0,0.0
357,1,12.0,30.0,2.5,0.22727272727272727,0.18181818181818182,0.09090909090909091,0.1111111111111111,0.5555555555555556,0.3333333333333333,0.6666666666666666,0.5833333333333334,0.0,0.42857142857142855,0.42857142857142855,0.6809523809523809,0.3240124320492178,0.46464646464646464,0.44581257514559086,NaN,NaN,NaN,NaN,3.3333333333333335,3.5,2.076388888888889,0.794121658660818,3.25,0.2222222222222222,0.5737513512200384,2.0,5.0,1.2,0.40583972495671394,0.0,0.0
358,1,12.0,25.0,2.0833333333333335,0.1893939393939394,0.18181818181818182,0.09090909090909091,0.1111111111111111,0.4444444444444444,0.3333333333333333,0.6666666666666666,0.5833333333333334,0.0,0.42857142857142855,0.42857142857142855,0.7379629629629629,0.21830753310947767,0.46464646464646464,0.44581257514559086,NaN,NaN,NaN,NaN,2.7777777777777777,3.153481321404083,2.1259259259259258,0.8259583874280915,3.4,0.4444444444444444,0.5825402015481448,3.0,5.0,1.3333333333333333,0.595119035711904,0.0,0.0
359,1,12.0,27.0,2.25,0.20454545454545456,0.18181818181818182,0.09090909090909091,0.2222222222222222,0.3333333333333333,0.2222222222222222,0.5555555555555556,0.5833333333333334,0.0,0.2857142857142857,0.42857142857142855,0.44699872286079184,0.4176640636487216,0.30723905723905726,0.4118717060130008,NaN,NaN,NaN,NaN,3.0,3.2015621187164243,2.2239583333333335,0.866805286481178,3.333333333333333,0.5555555555555556,0.6907200698846366,2.0,6.0,1.3421052631578947,0.48078290821993175,0.16666666666666666,0.0
36,1,12.0,33.0,2.75,0.25,0.18181818181818182,0.09090909090909091,0.1111111111111111,0.4444444444444444,0.2222222222222222,0.7777777777777778,0.5833333333333334,0.0,0.2857142857142857,0.2857142857142857,0.5546139359698681,0.36490803894574464,0.4157046657046657,0.3960929715912303,NaN,NaN,NaN,NaN,3.6666666666666665,3.4278273002005224,2.1035353535353534,0.7738158306083112,3.0,0.3333333333333333,0.6071529412330284,2.0,5.0,1.1842105263157894,0.3928594520631916,0.16666666666666666,0.0
360,1,12.0,24.0,2.0,0.18181818181818182,0.18181818181818182,0.18181818181818182,0.1111111111111111,0.5555555555555556,0.3333333333333333,0.8888888888888888,0.5833333333333334,0.0,0.42857142857142855,0.2857142857142857,0.7827160493827161,0.2238214063664908,0.5380952380952382,0.388022195872602,NaN,NaN,NaN,NaN,2.6666666666666665,2.179449471770337,2.0714285714285716,0.7788960362272128,3.0,0.1111111111111111,0.6673779849090026,2.0,5.0,1.2142857142857142,0.4178554470186725,0.16666666666666666,0.0
361,1,12.0,15.0,1.25,0.11363636363636363,0.18181818181818182,0.5454545454545454,0.1111111111111111,0.6666666666666666,0.3333333333333333,0.5555555555555556,0.5833333333333334,0.0,0.42857142857142855,0.14285714285714285,0.5277777777777778,0.4487637339278754,0.4629629629629629,0.4697648479246601,NaN,NaN,NaN,NaN,1.6666666666666667,1.118033988749895,1.9791666666666667,0.7107800878846658,3.0,0.1111111111111111,0.46162239774001224,2.0,4.0,1.2105263157894737,0.41885390829169555,0.0,0.0
362,1,12.0,21.0,1.75,0.1590909090909091,0.18181818181818182,0.2727272727272727,0.2222222222222222,0.4444444444444444,0.2222222222222222,0.4444444444444444,0.5833333333333334,0.0,0.2857142857142857,0.2857142857142857,0.3680555555555556,0.4208952099724797,0.28703703703703703,0.42309850588132825,NaN,NaN,NaN,NaN,2.3333333333333335,1.8708286933869707,2.0952380952380953,0.7802842670559019,3.142857142857143,0.3333333333333333,0.5640036322416105,2.0,5.0,1.2592592592592593,0.44657608470472243,0.0,0.0
363,1,12.0,22.0,1.8333333333333333,0.16666666666666666,0.18181818181818182,0.09090909090909091,0.3333333333333333,0.3333333333333333,0.2222222222222222,0.4444444444444444,0.5833333333333334,0.0,0.2857142857142857,0.42857142857142855,0.4375,0.40233692348577704,0.27222222222222225,0.42360883423796114,NaN,NaN,NaN,NaN,2.4444444444444446,1.5898986690282428,2.26984126984127,0.914863483869616,3.571428571428571,0.3333333333333333,0.6737128372327874,3.0,8.0,1.5121951219512195,0.5532608435228448,0.0,0.0
364,1,12.0,30.0,2.5,0.22727272727272727,0.18181818181818182,0.09090909090909091,0.1111111111111111,0.4444444444444444,0.3333333333333333,0.7777777777777778,0.5833333333333334,0.0,0.42857142857142855,0.42857142857142855,0.6983618233618233,0.33359304957181585,0.48888888888888893,0.43076159944400283,NaN,NaN,NaN,NaN,3.3333333333333335,2.9999999999999996,2.1083333333333334,0.795386881842389,3.111111111111111,0.4444444444444444,0.6664589927707358,2.0,6.0,1.3636363636363635,0.48660709956247955,0.16666666666666666,0.0
365,1,12.0,14.0,1.1666666666666667,0.10606060606060606,0.18181818181818182,0.45454545454545453,0.3333333333333333,0.6666666666666666,0.4444444444444444,0.5555555555555556,0.5833333333333334,0.0,0.5714285714285714,0.42857142857142855,0.7962962962962963,0.35136418446315326,0.5185185185185185,0.5030769521187454,NaN,NaN,NaN,NaN,1.5555555555555556,0.8819171036881969,2.0277777777777777,0.784423269236619,3.333333333333333,0.1111111111111111,0.30562492275106323,2.0,3.0,1.2352941176470589,0.4372373160976031,0.0,0.0
366,1,12.0,17.0,1.4166666666666667,0.12878787878787878,0.18181818181818182,0.18181818181818182,0.3333333333333333,0.4444444444444444,0.2222222222222222,0.4444444444444444,0.5833333333333334,0.0,0.2857142857142857,0.42857142857142855,0.5555555555555555,0.3818813079129867,0.3333333333333333,0.4409585518440985,NaN,NaN,NaN,NaN,1.8888888888888888,0.927960727138337,2.1708333333333334,0.9049282855675371,3.8,0.4444444444444444,0.43731905688677675,3.0,4.0,1.5,0.6382847385042254,0.0,0.0
367,1,12.0,23.0,1.9166666666666667,0.17424242424242425,0.18181818181818182,0.36363636363636365,0.1111111111111111,0.4444444444444444,0.2222222222222222,0.7777777777777778,0.5833333333333334,0.0,0.2857142857142857,0.42857142857142855,0.5486111111111112,0.311761279645358,0.38703703703703707,0.3800381722217901,NaN,NaN,NaN,NaN,2.5555555555555554,1.740051084818425,2.1020833333333333,0.772426690647237,3.0,0.3333333333333333,0.5749957037131125,2.0,5.0,1.3333333333333333,0.478713553878169,0.0,0.0
368,1,12.0,21.0,1.75,0.1590909090909091,0.18181818181818182,0.18181818181818182,0.3333333333333333,0.3333333333333333,0.2222222222222222,0.6666666666666666,0.5833333333333334,0.0,0.2857142857142857,0.2857142857142857,0.7662037037037037,0.1579002361236399,0.42962962962962964,0.40669550595980436,NaN,NaN,NaN,NaN,2.3333333333333335,1.4142135623730951,2.409595959595959,1.059784674724031,3.9,0.3333333333333333,0.7497881403803228,3.0,6.0,1.6585365853658536,0.6931722764782567,0.0,0.0
369,1,12.0,16.0,1.3333333333333333,0.12121212121212122,0.18181818181818182,0.45454545454545453,0.2222222222222222,0.4444444444444444,0.3333333333333333,0.6666666666666666,0.5833333333333334,0.0,0.42857142857142855,0.42857142857142855,0.7037037037037037,0.3203489609630777,0.44814814814814813,0.4463155059643318,NaN,NaN,NaN,NaN,1.7777777777777777,1.3944333775567928,2.236111111111111,0.9520269002791983,3.5,0.5555555555555556,0.6885303726590963,4.0,6.0,1.8125,0.895778630487862,0.0,0.0
37,1,12.0,24.0,2.0,0.18181818181818182,0.18181818181818182,0.09090909090909091,0.2222222222222222,0.5555555555555556,0.3333333333333333,0.5555555555555556,0.5833333333333334,0.0,0.42857142857142855,0.2857142857142857,0.5,0.4341388746703064,0.41358024691358025,0.4690342645153311,NaN,NaN,NaN,NaN,2.6666666666666665,3.0822070014844885,2.051388888888889,0.7686226147503883,3.2,0.3333333333333333,0.5477551721923273,2.0,5.0,1.206896551724138,0.4122508203948855,0.0,0.0
370,1,12.0,20.0,1.6666666666666667,0.15151515151515152,0.18181818181818182,0.2727272727272727,0.3333333333333333,0.4444444444444444,0.2222222222222222,0.3333333333333333,0.5833333333333334,0.0,0.2857142857142857,0.2857142857142857,0.35714285714285715,0.4180249968114152,0.2777777777777778,0.4409585518440985,NaN,NaN,NaN,NaN,2.2222222222222223,2.048034287907418,2.1979166666666665,0.8716793049086692,3.25,0.2222222222222222,0.6492341135603753,2.0,4.0,1.2592592592592593,0.44657608470472243,0.16666666666666666,0.0
371,1,12.0,29.0,2.4166666666666665,0.2196969696969697,0.18181818181818182,0.09090909090909091,0.2222222222222222,0.3333333333333333,0.2222222222222222,0.7777777777777778,0.5833333333333334,0.0,0.2857142857142857,0.42857142857142855,0.7665895061728395,0.1731310879271092,0.43333333333333335,0.37749172176353746,NaN,NaN,NaN,NaN,3.2222222222222223,2.862594006219611,2.248263888888889,0.8955231286974035,3.5,0.6666666666666666,0.6644516903813058,3.0,6.0,1.3055555555555556,0.5247826458609559,0.0,0.0
372,1,12.0,22.0,1.8333333333333333,0.16666666666666666,0.18181818181818182,0.09090909090909091,0.4444444444444444,0.4444444444444444,0.2222222222222222,0.3333333333333333,0.5833333333333334,0.0,0.2857142857142857,0.42857142857142855,0.5079365079365079,0.43366680000207103,0.2777777777777778,0.4409585518440985,NaN,NaN,NaN,NaN,2.4444444444444446,2.1278575558006176,2.2821969696969697,1.0128521562193205,3.75,0.4444444444444444,0.5871470776697019,3.0,5.0,1.40625,0.5599179087296003,0.0,0.0
373,1,12.0,34.0,2.8333333333333335,0.25757575757575757,0.18181818181818182,0.09090909090909091,0.2222222222222222,0.3333333333333333,0.2222222222222222,0.6666666666666666,0.5833333333333334,0.0,0.2857142857142857,0.42857142857142855,0.700690521029504,0.20196491166350877,0.3879268879268879,0.4173615078022376,NaN,NaN,NaN,NaN,3.7777777777777777,3.3829638550307397,2.3674485680559845,0.9839174146080849,3.4615384615384617,0.5555555555555556,0.8386380139177012,3.0,7.0,1.3877551020408163,0.5329292687047474,0.16666666666666666,0.0
374,1,12.0,18.0,1.5,0.13636363636363635,0.18181818181818182,0.18181818181818182,0.2222222222222222,0.5555555555555556,0.3333333333333333,0.5555555555555556,0.5833333333333334,0.0,0.42857142857142855,0.42857142857142855,0.537037037037037,0.46976484792466006,0.40476190476190477,0.47380354147934284,NaN,NaN,NaN,NaN,2.0,2.0,2.069444444444444,0.7960075038138434,3.333333333333333,0.2222222222222222,0.5460793114366126,2.0,4.0,1.2608695652173914,0.44897775854487953,0.0,0.0
375,1,12.0,17.0,1.4166666666666667,0.12878787878787878,0.18181818181818182,0.45454545454545453,0.3333333333333333,0.3333333333333333,0.2222222222222222,0.5555555555555556,0.5833333333333334,0.0,0.2857142857142857,0.2857142857142857,0.6712962962962963,0.2622389942847112,0.3611111111111111,0.4166666666666667,NaN,NaN,NaN,NaN,1.8888888888888888,1.0540925533894598,2.273611111111111,0.8943554287846823,3.25,0.3333333333333333,0.7644188595334743,3.0,4.0,1.4444444444444444,0.5773502691896257,0.16666666666666666,0.0
376,1,12.0,20.0,1.6666666666666667,0.15151515151515152,0.18181818181818182,0.09090909090909091,0.3333333333333333,0.5555555555555556,0.3333333333333333,0.5555555555555556,0.5833333333333334,0.0,0.42857142857142855,0.42857142857142855,0.738095238095238,0.36694147478633066,0.4166666666666667,0.46770717334674267,NaN,NaN,NaN,NaN,2.2222222222222223,2.048034287907418,2.075,0.7967262561712947,3.3,0.2222222222222222,0.36051863226541614,2.0,4.0,1.2592592592592593,0.4465760847047225,0.0,0.0
377,1,12.0,24.0,2.0,0.18181818181818182,0.18181818181818182,0.09090909090909091,0.2222222222222222,0.5555555555555556,0.3333333333333333,0.6666666666666666,0.5833333333333334,0.0,0.42857142857142855,0.2857142857142857,0.6984126984126984,0.31163428839781965,0.48518518518518516,0.44941663147014854,NaN,NaN,NaN,NaN,2.6666666666666665,2.23606797749979,2.1243201243201244,0.8662656180672829,3.4615384615384617,0.3333333333333333,0.5342659343526827,2.0,5.0,1.303030303030303,0.4666937221594376,0.0,0.0
378,1,12.0,25.0,2.0833333333333335,0.1893939393939394,0.18181818181818182,0.18181818181818182,0.2222222222222222,0.4444444444444444,0.3333333333333333,0.6666666666666666,0.5833333333333334,0.0,0.42857142857142855,0.2857142857142857,0.6466049382716048,0.3361506455679879,0.45185185185185184,0.45919951821715166,NaN,NaN,NaN,NaN,2.7777777777777777,3.032234233110042,2.236111111111111,0.9807705003775218,4.0,0.3333333333333333,0.7214953607304454,4.0,6.0,1.5277777777777777,0.8101538164751225,0.0,0.0
379,1,12.0,26.0,2.1666666666666665,0.19696969696969696,0.18181818181818182,0.18181818181818182,0.2222222222222222,0.4444444444444444,0.3333333333333333,0.6666666666666666,0.5833333333333334,0.0,0.42857142857142855,0.42857142857142855,0.7355889724310777,0.2725904178915353,0.42962962962962964,0.4550471417716717,NaN,NaN,NaN,NaN,2.888888888888889,2.4209731743889917,2.178451178451178,0.8610975343776022,3.3636363636363633,0.3333333333333333,0.6473727353583852,3.0,6.0,1.3783783783783783,0.5452497568062706,0.16666666666666666,0.0
38,1,12.0,21.0,1.75,0.1590909090909091,0.18181818181818182,0.18181818181818182,0.3333333333333333,0.4444444444444444,0.3333333333333333,0.5555555555555556,0.5833333333333334,0.0,0.42857142857142855,0.42857142857142855,0.6243386243386243,0.3974796194410479,0.4629629629629629,0.4697648479246601,NaN,NaN,NaN,NaN,2.3333333333333335,1.9364916731037083,2.2314814814814814,0.9542960142969816,3.7777777777777777,0.3333333333333333,0.5796494916893791,4.0,6.0,1.4482758620689655,0.7831350411077501,0.0,0.0
380,1,12.0,20.0,1.6666666666666667,0.15151515151515152,0.18181818181818182,0.18181818181818182,0.1111111111111111,0.7777777777777778,0.4444444444444444,0.5555555555555556,0.5833333333333334,0.0,0.5714285714285714,0.2857142857142857,0.5714285714285714,0.46428571428571425,0.462962962962963,0.5121969142940493,NaN,NaN,NaN,NaN,2.2222222222222223,2.438123139721299,1.8981481481481481,0.6434655284241017,3.111111111111111,0.2222222222222222,0.30047612207132657,2.0,4.0,1.1666666666666667,0.3806934938134405,0.0,0.0
381,1,12.0,16.0,1.3333333333333333,0.12121212121212122,0.18181818181818182,0.36363636363636365,0.4444444444444444,0.4444444444444444,0.2222222222222222,0.3333333333333333,0.5833333333333334,0.0,0.2857142857142857,0.42857142857142855,0.5277777777777778,0.44095855184409843,0.2777777777777778,0.4409585518440985,NaN,NaN,NaN,NaN,1.7777777777777777,1.6414763002993507,2.1840277777777777,0.8796697780134135,3.375,0.3333333333333333,0.38285560509394645,3.0,4.0,1.391304347826087,0.583027399541909,0.0,0.0
382,1,12.0,30.0,2.5,0.22727272727272727,0.18181818181818182,0.18181818181818182,0.2222222222222222,0.4444444444444444,0.2222222222222222,0.7777777777777778,0.5833333333333334,0.0,0.2857142857142857,0.42857142857142855,0.7296296296296297,0.17678215128328334,0.42962962962962964,0.38700934687407906,NaN,NaN,NaN,NaN,3.3333333333333335,2.3979157616563596,2.2090964590964592,0.8969664971668339,3.4615384615384617,0.4444444444444444,0.6366194242655862,2.0,6.0,1.2926829268292683,0.4606464174952622,0.0,0.0
383,1,12.0,20.0,1.6666666666666667,0.15151515151515152,0.18181818181818182,0.36363636363636365,0.1111111111111111,0.5555555555555556,0.3333333333333333,0.6666666666666666,0.5833333333333334,0.0,0.42857142857142855,0.42857142857142855,0.5625,0.44633927678392815,0.4074074074074074,0.4553776752987501,NaN,NaN,NaN,NaN,2.2222222222222223,1.922093765778466,2.004166666666667,0.7040332938063929,3.0,0.3333333333333333,0.5306649255018601,2.0,5.0,1.2083333333333333,0.4148511169990534,0.0,0.0
384,1,12.0,17.0,1.4166666666666667,0.12878787878787878,0.18181818181818182,0.36363636363636365,0.2222222222222222,0.4444444444444444,0.2222222222222222,0.6666666666666666,0.5833333333333334,0.0,0.2857142857142857,0.2857142857142857,0.6458333333333334,0.3125,0.4166666666666667,0.3952847075210474,NaN,NaN,NaN,NaN,1.8888888888888888,1.0540925533894598,2.1626984126984126,0.8675910424848399,3.5,0.4444444444444444,0.4401922015851725,3.0,4.0,1.5806451612903225,0.7199163631231569,0.0,0.0
385,1,12.0,25.0,2.0833333333333335,0.1893939393939394,0.18181818181818182,0.18181818181818182,0.4444444444444444,0.3333333333333333,0.2222222222222222,0.4444444444444444,0.5833333333333334,0.0,0.2857142857142857,0.42857142857142855,0.5818518518518518,0.2638976606729245,0.30246913580246915,0.42953383350900753,NaN,NaN,NaN,NaN,2.7777777777777777,2.5385910352879693,2.4416666666666664,1.0606244587148848,3.75,0.6666666666666666,0.795885251360605,3.0,7.0,1.5333333333333334,0.6252272314199782,0.3333333333333333,0.0
386,1,12.0,22.0,1.8333333333333333,0.16666666666666666,0.18181818181818182,0.2727272727272727,0.2222222222222222,0.3333333333333333,0.2222222222222222,0.7777777777777778,0.5833333333333334,0.0,0.2857142857142857,0.2857142857142857,0.6666666666666666,0.2165063509461097,0.42037037037037034,0.3747015273092722,NaN,NaN,NaN,NaN,2.4444444444444446,1.4240006242195884,2.197751322751323,0.8498666253036572,3.428571428571429,0.5555555555555556,0.6443352411436878,2.0,5.0,1.3333333333333333,0.47946330148538413,0.0,0.0
387,1,12.0,23.0,1.9166666666666667,0.17424242424242425,0.18181818181818182,0.09090909090909091,0.2222222222222222,0.4444444444444444,0.3333333333333333,0.5555555555555556,0.5833333333333334,0.0,0.42857142857142855,0.42857142857142855,0.6222222222222222,0.4841946348777983,0.40909090909090906,0.4712827580301755,NaN,NaN,NaN,NaN,2.5555555555555554,3.3208098075285455,2.079761904761905,0.7548841175448451,3.0,0.3333333333333333,0.6019288187279267,2.0,5.0,1.125,0.3378319623460881,0.0,0.0
388,1,12.0,14.0,1.1666666666666667,0.10606060606060606,0.18181818181818182,0.45454545454545453,0.3333333333333333,0.4444444444444444,0.3333333333333333,0.3333333333333333,0.5833333333333334,0.0,0.42857142857142855,0.2857142857142857,0.4666666666666667,0.44440972086577946,0.3333333333333333,0.5,NaN,NaN,NaN,NaN,1.5555555555555556,1.3333333333333335,2.2976190476190474,1.0403872786364445,4.0,0.3333333333333333,0.5747548401375091,3.0,5.0,1.5217391304347827,0.730477130336511,0.0,0.0
389,1,12.0,16.0,1.3333333333333333,0.12121212121212122,0.18181818181818182,0.2727272727272727,0.3333333333333333,0.6666666666666666,0.4444444444444444,0.5555555555555556,0.5833333333333334,0.0,0.5714285714285714,0.2857142857142857,0.6666666666666666,0.414578098794425,0.5,0.5,NaN,NaN,NaN,NaN,1.7777777777777777,1.092906420717,2.0416666666666665,0.8106768589869638,3.5,0.1111111111111111,0.31622776601683794,2.0,3.0,1.3181818181818181,0.4767312946227962,0.0,0.0
39,1,12.0,23.0,1.9166666666666667,0.17424242424242425,0.18181818181818182,0.09090909090909091,0.1111111111111111,0.6666666666666666,0.4444444444444444,0.7777777777777778,0.5833333333333334,0.0,0.5714285714285714,0.2857142857142857,0.7716049382716049,0.3384382756017975,0.5757575757575757,0.4479316817907419,NaN,NaN,NaN,NaN,2.5555555555555554,3.2829526005987013,1.9784313725490197,0.7084060648903346,3.0,0.2222222222222222,0.4810628030341708,2.0,4.0,1.12,0.3316624790355401,0.0,0.0
390,1,12.0,30.0,2.5,0.22727272727272727,0.18181818181818182,0.09090909090909091,0.2222222222222222,0.5555555555555556,0.3333333333333333,0.5555555555555556,0.5833333333333334,0.0,0.42857142857142855,0.2857142857142857,0.6666666666666666,0.3227486121839514,0.42760942760942755,0.4785203616958155,NaN,NaN,NaN,NaN,3.3333333333333335,3.4641016151377544,2.2111111111111112,0.9673804400673583,3.666666666666667,0.4444444444444444,0.7079046482825393,3.0,6.0,1.3157894736842106,0.5744686455769947,0.0,0.0
391,1,12.0,24.0,2.0,0.18181818181818182,0.18181818181818182,0.36363636363636365,0.1111111111111111,0.4444444444444444,0.3333333333333333,0.8888888888888888,0.5833333333333334,0.0,0.42857142857142855,0.2857142857142857,0.7818930041152262,0.18857494284432258,0.5648148148148148,0.37216002797150727,NaN,NaN,NaN,NaN,2.6666666666666665,1.6583123951777001,2.1308531746031747,0.8181880459929647,3.428571428571429,0.5555555555555556,0.5759657476300688,2.0,5.0,1.2727272727272727,0.4522670168666455,0.0,0.0
392,1,12.0,27.0,2.25,0.20454545454545456,0.18181818181818182,0.09090909090909091,0.2222222222222222,0.3333333333333333,0.2222222222222222,0.5555555555555556,0.5833333333333334,0.0,0.2857142857142857,0.2857142857142857,0.34814814814814815,0.4042692691453416,0.3072390572390572,0.4118717060130008,NaN,NaN,NaN,NaN,3.0,3.2015621187164243,2.138888888888889,0.7811973888009102,3.0,0.3333333333333333,0.614662048092274,2.0,6.0,1.1612903225806452,0.373878250552983,0.0,0.0
393,1,12.0,23.0,1.9166666666666667,0.17424242424242425,0.18181818181818182,0.18181818181818182,0.2222222222222222,0.4444444444444444,0.2222222222222222,0.6666666666666666,0.5833333333333334,0.0,0.2857142857142857,0.42857142857142855,0.6516754850088183,0.32310079527092767,0.42063492063492064,0.40230345830275716,NaN,NaN,NaN,NaN,2.5555555555555554,1.8782379449307742,2.1444444444444444,0.8348874397408532,3.333333333333333,0.5555555555555556,0.5983765182722957,3.0,5.0,1.4444444444444444,0.6068393265551997,0.0,0.0
394,1,12.0,18.0,1.5,0.13636363636363635,0.18181818181818182,0.36363636363636365,0.3333333333333333,0.4444444444444444,0.3333333333333333,0.5555555555555556,0.5833333333333334,0.0,0.42857142857142855,0.42857142857142855,0.7818930041152263,0.21789336536694806,0.4444444444444444,0.4714045207910317,NaN,NaN,NaN,NaN,2.0,1.224744871391589,2.1999999999999997,0.9228852429837482,3.666666666666667,0.3333333333333333,0.5363747700744357,3.0,5.0,1.4482758620689655,0.572351471472339,0.0,0.0
395,1,12.0,21.0,1.75,0.1590909090909091,0.18181818181818182,0.18181818181818182,0.2222222222222222,0.5555555555555556,0.3333333333333333,0.6666666666666666,0.5833333333333334,0.0,0.42857142857142855,0.42857142857142855,0.7160493827160495,0.30987408390150945,0.4907407407407407,0.44574462599670034,NaN,NaN,NaN,NaN,2.3333333333333335,1.3228756555322954,2.1355820105820107,0.894805207410029,3.571428571428571,0.4444444444444444,0.5291840448070819,3.0,6.0,1.5135135135135136,0.6065211190617091,0.0,0.0
396,1,12.0,34.0,2.8333333333333335,0.25757575757575757,0.18181818181818182,0.09090909090909091,0.1111111111111111,0.4444444444444444,0.3333333333333333,0.8888888888888888,0.5833333333333334,0.0,0.42857142857142855,0.42857142857142855,0.8330589849108367,0.15525332218348875,0.5447089947089947,0.38862033163064763,NaN,NaN,NaN,NaN,3.7777777777777777,3.1135902820449006,2.1658459595959596,0.8410872331554947,3.1818181818181817,0.5555555555555556,0.7077970313789981,2.0,6.0,1.2439024390243902,0.43476935292624114,0.0,0.0
397,1,12.0,21.0,1.75,0.1590909090909091,0.18181818181818182,0.2727272727272727,0.1111111111111111,0.5555555555555556,0.3333333333333333,0.7777777777777778,0.5833333333333334,0.0,0.42857142857142855,0.2857142857142857,0.7448559670781892,0.3356117831868688,0.5343915343915344,0.4257697962222749,NaN,NaN,NaN,NaN,2.3333333333333335,1.9999999999999998,2.033333333333333,0.7377278795344693,3.0,0.2222222222222222,0.4918381460447755,2.0,4.0,1.2,0.408248290463863,0.0,0.0
398,1,12.0,29.0,2.4166666666666665,0.2196969696969697,0.18181818181818182,0.09090909090909091,0.2222222222222222,0.3333333333333333,0.2222222222222222,0.6666666666666666,0.5833333333333334,0.0,0.2857142857142857,0.42857142857142855,0.6682630906768838,0.22144208003276275,0.37575757575757573,0.40347150605507087,NaN,NaN,NaN,NaN,3.2222222222222223,3.192874010111336,2.4245310245310248,1.045433960821371,3.7142857142857144,0.5555555555555556,0.9276318301179521,3.0,7.0,1.5686274509803921,0.670966525566941,0.3333333333333333,0.0
399,1,12.0,39.0,3.25,0.29545454545454547,0.18181818181818182,0.09090909090909091,0.1111111111111111,0.4444444444444444,0.2222222222222222,0.6666666666666666,0.5833333333333334,0.0,0.2857142857142857,0.42857142857142855,0.48324514991181655,0.3645925939746977,0.3459595959595959,0.4033335040866611,NaN,NaN,NaN,NaN,4.333333333333333,4.272001872658765,2.070135746606335,0.7481995640317718,3.0769230769230766,0.5555555555555556,0.5848369560813292,2.0,6.0,1.119047619047619,0.32777006756156785,0.16666666666666666,0.0
4,1,12.0,21.0,1.75,0.1590909090909091,0.18181818181818182,0.2727272727272727,0.2222222222222222,0.4444444444444444,0.3333333333333333,0.6666666666666666,0.5833333333333334,0.0,0.42857142857142855,0.2857142857142857,0.5740740740740741,0.39185377721294123,0.41481481481481486,0.4531099667578596,NaN,NaN,NaN,NaN,2.3333333333333335,1.7320508075688772,2.197619047619048,0.888387948930295,3.571428571428571,0.4444444444444444,0.6398341621873912,3.0,5.0,1.4242424242424243,0.5607084263625252,0.0,0.0
40,1,12.0,20.0,1.6666666666666667,0.15151515151515152,0.18181818181818182,0.36363636363636365,0.3333333333333333,0.4444444444444444,0.3333333333333333,0.6666666666666666,0.5833333333333334,0.0,0.42857142857142855,0.2857142857142857,0.6851851851851852,0.24216105241892633,0.4388888888888889,0.44984565254219266,NaN,NaN,NaN,NaN,2.2222222222222223,1.4813657362192647,2.2222222222222223,0.9463735497270069,4.0,0.1111111111111111,0.6794820869108681,3.0,6.0,1.4333333333333333,0.6260623155792925,0.16666666666666666,0.0
400,1,12.0,22.0,1.8333333333333333,0.16666666666666666,0.18181818181818182,0.2727272727272727,0.4444444444444444,0.3333333333333333,0.2222222222222222,0.5555555555555556,0.5833333333333334,0.0,0.2857142857142857,0.42857142857142855,0.7290123456790123,0.18214636331268982,0.35555555555555557,0.41866188956934897,NaN,NaN,NaN,NaN,2.4444444444444446,1.4240006242195886,2.367063492063492,1.003829933036592,3.7142857142857144,0.4444444444444444,0.6626420912795665,3.0,6.0,1.5263157894736843,0.6034514291237714,0.16666666666666666,0.0
401,1,12.0,20.0,1.6666666666666667,0.15151515151515152,0.18181818181818182,0.2727272727272727,0.2222222222222222,0.5555555555555556,0.3333333333333333,0.6666666666666666,0.5833333333333334,0.0,0.42857142857142855,0.14285714285714285,0.5444444444444445,0.398978730984219,0.4722222222222222,0.4409585518440985,NaN,NaN,NaN,NaN,2.2222222222222223,1.6414763002993509,2.0444444444444443,0.7671715509272933,3.333333333333333,0.3333333333333333,0.3896917360206745,2.0,4.0,1.2592592592592593,0.44657608470472243,0.0,0.0
402,1,12.0,26.0,2.1666666666666665,0.19696969696969696,0.18181818181818182,0.18181818181818182,0.2222222222222222,0.3333333333333333,0.2222222222222222,0.6666666666666666,0.5833333333333334,0.0,0.2857142857142857,0.42857142857142855,0.7376543209876544,0.19987993652706393,0.42328042328042326,0.4111501789367332,NaN,NaN,NaN,NaN,2.888888888888889,1.8333333333333333,2.413293650793651,1.036017748414188,3.666666666666667,0.5555555555555556,0.7997547864639537,3.0,5.0,1.4871794871794872,0.6436652804465701,0.0,0.0
403,1,12.0,31.0,2.5833333333333335,0.23484848484848486,0.18181818181818182,0.09090909090909091,0.1111111111111111,0.4444444444444444,0.3333333333333333,0.6666666666666666,0.5833333333333334,0.0,0.42857142857142855,0.42857142857142855,0.5883597883597883,0.3896558682237693,0.4408369408369408,0.4493962100199892,NaN,NaN,NaN,NaN,3.4444444444444446,3.4681086744474685,2.0550108932461875,0.7290822751862774,3.0,0.4444444444444444,0.6057091628360753,2.0,7.0,1.25,0.4385290096535146,0.0,0.0
404,1,12.0,26.0,2.1666666666666665,0.19696969696969696,0.18181818181818182,0.09090909090909091,0.1111111111111111,0.6666666666666666,0.4444444444444444,0.7777777777777778,0.5833333333333334,0.0,0.5714285714285714,0.42857142857142855,0.7788888888888889,0.32146366651441166,0.5609427609427609,0.45901950750993775,NaN,NaN,NaN,NaN,2.888888888888889,3.3333333333333335,1.9663865546218489,0.6925048362097711,3.0,0.2222222222222222,0.49610828127160317,2.0,5.0,1.2857142857142858,0.45834924851410563,0.0,0.0
405,1,12.0,17.0,1.4166666666666667,0.12878787878787878,0.18181818181818182,0.36363636363636365,0.2222222222222222,0.5555555555555556,0.4444444444444444,0.6666666666666666,0.5833333333333334,0.0,0.5714285714285714,0.14285714285714285,0.6527777777777778,0.44095855184409843,0.49444444444444446,0.48762462794425976,NaN,NaN,NaN,NaN,1.8888888888888888,1.536590742882148,2.022222222222222,0.7260427309312083,3.0,0.2222222222222222,0.5066873060811676,2.0,4.0,1.2,0.41039134083406165,0.0,0.0
406,1,12.0,28.0,2.3333333333333335,0.21212121212121213,0.18181818181818182,0.09090909090909091,0.1111111111111111,0.4444444444444444,0.2222222222222222,0.7777777777777778,0.5833333333333334,0.0,0.2857142857142857,0.2857142857142857,0.6048148148148148,0.37787825461204033,0.46464646464646464,0.37840890132552046,NaN,NaN,NaN,NaN,3.111111111111111,3.370624736026114,2.1166666666666667,0.7955367922847993,3.1,0.4444444444444444,0.6391545341453181,2.0,5.0,1.1875,0.39655776945626603,0.0,0.0
407,1,12.0,20.0,1.6666666666666667,0.15151515151515152,0.18181818181818182,0.2727272727272727,0.2222222222222222,0.4444444444444444,0.2222222222222222,0.6666666666666666,0.5833333333333334,0.0,0.2857142857142857,0.42857142857142855,0.5648148148148148,0.37216002797150727,0.4166666666666667,0.4039733214513607,NaN,NaN,NaN,NaN,2.2222222222222223,1.3017082793177757,2.2130952380952382,0.9178796719319745,3.571428571428571,0.4444444444444444,0.603220857391964,3.0,6.0,1.46875,0.6213603702179753,0.0,0.0
408,1,12.0,25.0,2.0833333333333335,0.1893939393939394,0.18181818181818182,0.09090909090909091,0.2222222222222222,0.3333333333333333,0.2222222222222222,0.7777777777777778,0.5833333333333334,0.0,0.2857142857142857,0.42857142857142855,0.8015873015873016,0.21896753841567151,0.4388888888888889,0.3739800945386146,NaN,NaN,NaN,NaN,2.7777777777777777,2.1081851067789197,2.214330808080808,0.8508159547596557,3.3636363636363633,0.4444444444444444,0.6705582225950311,3.0,5.0,1.3235294117647058,0.5348796656113336,0.16666666666666666,0.0
409,1,12.0,22.0,1.8333333333333333,0.16666666666666666,0.18181818181818182,0.2727272727272727,0.2222222222222222,0.3333333333333333,0.2222222222222222,0.6666666666666666,0.5833333333333334,0.0,0.2857142857142857,0.42857142857142855,0.5962962962962963,0.32164699613622505,0.36481481481481487,0.39777545002422565,NaN,NaN,NaN,NaN,2.4444444444444446,1.5898986690282428,2.3159722222222223,0.9433877964611289,3.5,0.4444444444444444,0.8034715479586246,3.0,6.0,1.575,0.6359930655967717,0.16666666666666666,0.0
41,1,12.0,46.0,3.8333333333333335,0.3484848484848485,0.18181818181818182,0.09090909090909091,0.1111111111111111,0.3333333333333333,0.2222222222222222,0.8888888888888888,0.5833333333333334,0.0,0.2857142857142857,0.42857142857142855,0.7727219282774838,0.1507689599926652,0.4478114478114478,0.3675500496199323,NaN,NaN,NaN,NaN,5.111111111111111,3.7896056669673577,2.233455882352941,0.8542374726737512,3.1764705882352944,0.4444444444444444,0.7397200554895451,2.0,8.0,1.1538461538461537,0.3643213074786545,0.3333333333333333,0.0
410,1,12.0,22.0,1.8333333333333333,0.16666666666666666,0.18181818181818182,0.18181818181818182,0.3333333333333333,0.4444444444444444,0.2222222222222222,0.4444444444444444,0.5833333333333334,0.0,0.2857142857142857,0.42857142857142855,0.44502314814814814,0.3497068223431796,0.3055555555555556,0.42898458920779164,NaN,NaN,NaN,NaN,2.4444444444444446,1.6666666666666667,2.24212962962963,0.9600535967938444,3.75,0.3333333333333333,0.5369128540636238,3.0,6.0,1.4285714285714286,0.5576059269303898,0.0,0.0
411,1,12.0,27.0,2.25,0.20454545454545456,0.18181818181818182,0.09090909090909091,0.2222222222222222,0.3333333333333333,0.2222222222222222,0.7777777777777778,0.5833333333333334,0.0,0.2857142857142857,0.42857142857142855,0.8286195286195287,0.1810010749801362,0.46111111111111114,0.3732365946093115,NaN,NaN,NaN,NaN,3.0,1.6583123951777,2.221338383838384,0.847329548065085,3.2727272727272725,0.5555555555555556,0.6841741983222469,2.0,6.0,1.2777777777777777,0.45425676257949793,0.16666666666666666,0.0
412,1,12.0,24.0,2.0,0.18181818181818182,0.18181818181818182,0.18181818181818182,0.3333333333333333,0.4444444444444444,0.2222222222222222,0.5555555555555556,0.5833333333333334,0.0,0.2857142857142857,0.42857142857142855,0.6591970121381886,0.30424632347778297,0.3703703703703704,0.4148106811963355,NaN,NaN,NaN,NaN,2.6666666666666665,2.29128784747792,2.202380952380952,0.8929797895561588,3.428571428571429,0.3333333333333333,0.6047888029752855,2.0,6.0,1.3142857142857143,0.47100821595360554,0.16666666666666666,0.0
413,1,12.0,29.0,2.4166666666666665,0.2196969696969697,0.18181818181818182,0.09090909090909091,0.1111111111111111,0.4444444444444444,0.2222222222222222,0.7777777777777778,0.5833333333333334,0.0,0.2857142857142857,0.42857142857142855,0.653061224489796,0.3292397974601038,0.449074074074074,0.38851668696387126,NaN,NaN,NaN,NaN,3.2222222222222223,2.6352313834736494,2.0881410256410255,0.7824721105887048,3.3076923076923075,0.5555555555555556,0.4964199243518374,2.0,5.0,1.2222222222222223,0.4216370213557839,0.0,0.0
414,1,12.0,34.0,2.8333333333333335,0.25757575757575757,0.18181818181818182,0.18181818181818182,0.1111111111111111,0.3333333333333333,0.2222222222222222,0.6666666666666666,0.5833333333333334,0.0,0.2857142857142857,0.42857142857142855,0.6054484236302418,0.3187739049362299,0.3685185185185185,0.4130210887510303,NaN,NaN,NaN,NaN,3.7777777777777777,2.9486343354923554,2.250925925925926,0.873701805391138,3.2222222222222223,0.5555555555555556,0.7914154653876677,3.0,6.0,1.3617021276595744,0.5285555342832592,0.3333333333333333,0.0
415,1,12.0,26.0,2.1666666666666665,0.19696969696969696,0.18181818181818182,0.09090909090909091,0.2222222222222222,0.3333333333333333,0.2222222222222222,0.6666666666666666,0.5833333333333334,0.0,0.2857142857142857,0.42857142857142855,0.6646090534979423,0.33339048435532775,0.337037037037037,0.3958796269225605,NaN,NaN,NaN,NaN,2.888888888888889,2.9767618499152917,2.2375992063492065,0.8608268382058751,3.142857142857143,0.4444444444444444,0.7856571532674903,3.0,6.0,1.4,0.6039088361275576,0.16666666666666666,0.0
416,1,12.0,15.0,1.25,0.11363636363636363,0.18181818181818182,0.45454545454545453,0.3333333333333333,0.5555555555555556,0.3333333333333333,0.4444444444444444,0.5833333333333334,0.0,0.42857142857142855,0.2857142857142857,0.6388888888888888,0.4166666666666667,0.3611111111111111,0.4859126579037751,NaN,NaN,NaN,NaN,1.6666666666666667,1.3228756555322951,2.069444444444444,0.7960075038138436,3.333333333333333,0.2222222222222222,0.3698276446839619,2.0,5.0,1.3478260869565217,0.486984753557674,0.0,0.0
417,1,12.0,33.0,2.75,0.25,0.18181818181818182,0.09090909090909091,0.2222222222222222,0.3333333333333333,0.2222222222222222,0.5555555555555556,0.5833333333333334,0.0,0.2857142857142857,0.42857142857142855,0.5608465608465608,0.32095668869669686,0.3202020202020202,0.4183739128409202,NaN,NaN,NaN,NaN,3.6666666666666665,3.5000000000000004,2.2527652086475616,0.8795106012098856,3.3076923076923075,0.3333333333333333,0.7562794870766028,2.0,7.0,1.2954545454545454,0.4615215208036401,0.16666666666666666,0.0
418,1,12.0,24.0,2.0,0.18181818181818182,0.18181818181818182,0.09090909090909091,0.1111111111111111,0.5555555555555556,0.3333333333333333,0.6666666666666666,0.5833333333333334,0.0,0.42857142857142855,0.42857142857142855,0.5481481481481482,0.3987635209983636,0.41835016835016836,0.4515967770206145,NaN,NaN,NaN,NaN,2.6666666666666665,3.3166247903554,1.9833333333333334,0.6870372639240189,3.0,0.3333333333333333,0.5750586331514351,2.0,6.0,1.3333333333333333,0.478713553878169,0.0,0.0
419,1,12.0,25.0,2.0833333333333335,0.1893939393939394,0.18181818181818182,0.09090909090909091,0.2222222222222222,0.5555555555555556,0.3333333333333333,0.6666666666666666,0.5833333333333334,0.0,0.42857142857142855,0.42857142857142855,0.5921985815602837,0.39415575553293325,0.41710758377425045,0.46326898427097835,NaN,NaN,NaN,NaN,2.7777777777777777,3.032234233110042,2.1175213675213675,0.8382958450891725,3.25,0.3333333333333333,0.6784676272895116,3.0,6.0,1.4871794871794872,0.6436652804465701,0.16666666666666666,0.0
42,1,12.0,20.0,1.6666666666666667,0.15151515151515152,0.18181818181818182,0.18181818181818182,0.3333333333333333,0.4444444444444444,0.3333333333333333,0.5555555555555556,0.5833333333333334,0.0,0.42857142857142855,0.42857142857142855,0.7592592592592592,0.22222222222222227,0.42328042328042326,0.4811906790864799,NaN,NaN,NaN,NaN,2.2222222222222223,1.9860625479688307,2.4352106227106227,1.1618186219737971,4.0,0.3333333333333333,0.8656299743058555,3.0,5.0,1.6571428571428573,0.8023075962444807,0.0,0.0
420,1,12.0,17.0,1.4166666666666667,0.12878787878787878,0.18181818181818182,0.36363636363636365,0.3333333333333333,0.4444444444444444,0.3333333333333333,0.6666666666666666,0.5833333333333334,0.0,0.42857142857142855,0.42857142857142855,0.8888888888888888,0.14433756729740646,0.4851851851851852,0.44941663147014854,NaN,NaN,NaN,NaN,1.8888888888888888,1.3642254619787415,2.261574074074074,0.9784761576533925,4.0,0.2222222222222222,0.5512033363561645,3.0,4.0,1.5517241379310345,0.6858887298634484,0.0,0.0
421,1,12.0,15.0,1.25,0.11363636363636363,0.18181818181818182,0.36363636363636365,0.2222222222222222,0.4444444444444444,0.2222222222222222,0.5555555555555556,0.5833333333333334,0.0,0.2857142857142857,0.42857142857142855,0.6111111111111112,0.4859126579037751,0.3888888888888889,0.4166666666666667,NaN,NaN,NaN,NaN,1.6666666666666667,0.9999999999999999,2.0416666666666665,0.7216878364870323,3.0,0.3333333333333333,0.49521520093601246,2.0,3.0,1.2222222222222223,0.4277926319464986,0.0,0.0
422,1,12.0,19.0,1.5833333333333333,0.14393939393939395,0.18181818181818182,0.5454545454545454,0.3333333333333333,0.3333333333333333,0.2222222222222222,0.4444444444444444,0.5833333333333334,0.0,0.2857142857142857,0.2857142857142857,0.3935185185185185,0.3686447066663055,0.2962962962962963,0.4230985058813282,NaN,NaN,NaN,NaN,2.111111111111111,1.1666666666666665,2.3222222222222224,0.9501284690735815,3.5,0.5555555555555556,0.7580529331865096,3.0,6.0,1.4848484848484849,0.565752381856018,0.16666666666666666,0.0
423,1,12.0,26.0,2.1666666666666665,0.19696969696969696,0.18181818181818182,0.09090909090909091,0.2222222222222222,0.5555555555555556,0.3333333333333333,0.5555555555555556,0.5833333333333334,0.0,0.42857142857142855,0.42857142857142855,0.5936213991769547,0.38895624539161455,0.40909090909090906,0.4712827580301755,NaN,NaN,NaN,NaN,2.888888888888889,3.443996386628637,2.074346405228758,0.8024143334943215,3.333333333333333,0.3333333333333333,0.5797686308656389,2.0,6.0,1.375,0.4902903378454601,0.16666666666666666,0.0
424,1,12.0,25.0,2.0833333333333335,0.1893939393939394,0.18181818181818182,0.09090909090909091,0.2222222222222222,0.4444444444444444,0.3333333333333333,0.6666666666666666,0.5833333333333334,0.0,0.42857142857142855,0.42857142857142855,0.7245963912630579,0.3534314060986838,0.4461279461279461,0.4476183731014239,NaN,NaN,NaN,NaN,2.7777777777777777,3.270236145058097,2.100140056022409,0.7898474479364571,3.142857142857143,0.4444444444444444,0.6016218997701691,2.0,6.0,1.2727272727272727,0.4522670168666455,0.16666666666666666,0.0
425,1,12.0,31.0,2.5833333333333335,0.23484848484848486,0.18181818181818182,0.2727272727272727,0.1111111111111111,0.3333333333333333,0.2222222222222222,0.8888888888888888,0.5833333333333334,0.0,0.2857142857142857,0.42857142857142855,0.7558641975308641,0.15735838016437545,0.45105820105820105,0.36593563317764743,NaN,NaN,NaN,NaN,3.4444444444444446,1.810463415200036,2.265972222222222,0.8903626710655248,3.333333333333333,0.6666666666666666,0.7337428597467853,2.0,6.0,1.2857142857142858,0.4572299568592125,0.16666666666666666,0.0
426,1,12.0,16.0,1.3333333333333333,0.12121212121212122,0.18181818181818182,0.36363636363636365,0.3333333333333333,0.4444444444444444,0.2222222222222222,0.5555555555555556,0.5833333333333334,0.0,0.2857142857142857,0.42857142857142855,0.6666666666666666,0.33333333333333337,0.3888888888888889,0.42491829279939874,NaN,NaN,NaN,NaN,1.7777777777777777,1.2018504251546631,2.2222222222222223,1.0083823763012805,4.333333333333334,0.4444444444444444,0.3542075139843351,4.0,5.0,1.6896551724137931,0.8905635565617211,0.0,0.0
427,1,12.0,19.0,1.5833333333333333,0.14393939393939395,0.18181818181818182,0.36363636363636365,0.1111111111111111,0.5555555555555556,0.3333333333333333,0.7777777777777778,0.5833333333333334,0.0,0.42857142857142855,0.2857142857142857,0.7376543209876544,0.34558254826891704,0.5277777777777777,0.4124789556921527,NaN,NaN,NaN,NaN,2.111111111111111,1.3642254619787417,2.0277777777777777,0.7311031285063582,3.0,0.2222222222222222,0.44224602480829545,3.0,4.0,1.3076923076923077,0.5491251783869153,0.0,0.0
428,1,12.0,18.0,1.5,0.13636363636363635,0.18181818181818182,0.36363636363636365,0.2222222222222222,0.5555555555555556,0.4444444444444444,0.6666666666666666,0.5833333333333334,0.0,0.5714285714285714,0.42857142857142855,0.8209876543209877,0.19598157859737708,0.5462962962962963,0.4770990010366019,NaN,NaN,NaN,NaN,2.0,1.118033988749895,2.15,0.9546801251802309,3.833333333333333,0.4444444444444444,0.5411196332756184,3.0,5.0,1.5172413793103448,0.6876819060735033,0.0,0.0
429,1,12.0,24.0,2.0,0.18181818181818182,0.18181818181818182,0.18181818181818182,0.3333333333333333,0.3333333333333333,0.2222222222222222,0.5555555555555556,0.5833333333333334,0.0,0.2857142857142857,0.42857142857142855,0.6490299823633157,0.3195491245663394,0.3138888888888889,0.42114262561644256,NaN,NaN,NaN,NaN,2.6666666666666665,2.39791576165636,2.264484126984127,0.8975834264024909,3.4,0.4444444444444444,0.7390536129255243,3.0,7.0,1.5454545454545454,0.6270842625233388,0.3333333333333333,0.0
43,1,12.0,16.0,1.3333333333333333,0.12121212121212122,0.18181818181818182,0.2727272727272727,0.3333333333333333,0.3333333333333333,0.2222222222222222,0.5555555555555556,0.5833333333333334,0.0,0.2857142857142857,0.42857142857142855,0.6772486772486773,0.3348416366623648,0.3370370370370371,0.4151453709393201,NaN,NaN,NaN,NaN,1.7777777777777777,1.3944333775567928,2.548148148148148,1.2260668030176936,4.666666666666666,0.5555555555555556,0.8880262017414936,5.0,7.0,2.142857142857143,1.1597188172965194,0.16666666666666666,0.0
430,1,12.0,26.0,2.1666666666666665,0.19696969696969696,0.18181818181818182,0.09090909090909091,0.1111111111111111,0.5555555555555556,0.3333333333333333,0.7777777777777778,0.5833333333333334,0.0,0.42857142857142855,0.14285714285714285,0.6333333333333333,0.3894440481849308,0.5572390572390572,0.41492596296124,NaN,NaN,NaN,NaN,2.888888888888889,3.2574700476153438,1.9956140350877192,0.7040681553078618,3.0,0.3333333333333333,0.4939835000976539,2.0,4.0,1.1071428571428572,0.314970394174356,0.0,0.0
431,1,12.0,18.0,1.5,0.13636363636363635,0.18181818181818182,0.2727272727272727,0.2222222222222222,0.3333333333333333,0.2222222222222222,0.5555555555555556,0.5833333333333334,0.0,0.2857142857142857,0.42857142857142855,0.6172839506172839,0.35185185185185186,0.3425925925925926,0.4134132240593672,NaN,NaN,NaN,NaN,2.0,1.118033988749895,2.302777777777778,0.9540406714043184,3.666666666666667,0.4444444444444444,0.7317769183587005,3.0,5.0,1.4074074074074074,0.5723943812052382,0.16666666666666666,0.0
432,1,12.0,12.0,1.0,0.09090909090909091,0.18181818181818182,0.45454545454545453,0.2222222222222222,0.6666666666666666,0.4444444444444444,0.5555555555555556,0.5833333333333334,0.0,0.5714285714285714,0.2857142857142857,0.6388888888888888,0.4859126579037751,0.4722222222222222,0.5068968775248517,NaN,NaN,NaN,NaN,1.3333333333333333,1.0,1.9583333333333333,0.6894771844512245,3.0,0.1111111111111111,0.30151134457776363,2.0,3.0,1.2,0.41403933560541256,0.0,0.0
433,1,12.0,17.0,1.4166666666666667,0.12878787878787878,0.18181818181818182,0.36363636363636365,0.3333333333333333,0.5555555555555556,0.3333333333333333,0.6666666666666666,0.5833333333333334,0.0,0.42857142857142855,0.2857142857142857,0.7731481481481481,0.19885862587883824,0.5185185185185185,0.43656204570838086,NaN,NaN,NaN,NaN,1.8888888888888888,1.0540925533894596,2.115079365079365,0.8596544092200179,3.666666666666667,0.2222222222222222,0.32170078731427354,3.0,4.0,1.36,0.5686240703077327,0.0,0.0
434,1,12.0,18.0,1.5,0.13636363636363635,0.18181818181818182,0.2727272727272727,0.3333333333333333,0.4444444444444444,0.2222222222222222,0.5555555555555556,0.5833333333333334,0.0,0.2857142857142857,0.42857142857142855,0.5,0.36324157862838946,0.35,0.4138236339311712,NaN,NaN,NaN,NaN,2.0,1.5,2.1333333333333333,0.8337574678235363,3.5,0.3333333333333333,0.5193321503170598,3.0,4.0,1.3333333333333333,0.5646597025732798,0.0,0.0
435,1,12.0,24.0,2.0,0.18181818181818182,0.18181818181818182,0.09090909090909091,0.1111111111111111,0.5555555555555556,0.3333333333333333,0.6666666666666666,0.5833333333333334,0.0,0.42857142857142855,0.42857142857142855,0.5502645502645502,0.4090623168759639,0.42592592592592593,0.4476878183690611,NaN,NaN,NaN,NaN,2.6666666666666665,2.0615528128088303,2.0290404040404044,0.7435185709313958,3.1818181818181817,0.3333333333333333,0.4291542117455106,2.0,5.0,1.2258064516129032,0.4250237185032414,0.0,0.0
436,1,12.0,26.0,2.1666666666666665,0.19696969696969696,0.18181818181818182,0.09090909090909091,0.2222222222222222,0.4444444444444444,0.3333333333333333,0.6666666666666666,0.5833333333333334,0.0,0.42857142857142855,0.42857142857142855,0.7024305555555556,0.3539046211944368,0.4358024691358025,0.4513962487529145,NaN,NaN,NaN,NaN,2.888888888888889,2.848001248439177,2.123015873015873,0.8062598659759412,3.2857142857142856,0.4444444444444444,0.6273881636607613,2.0,5.0,1.2,0.4068381021724863,0.0,0.0
437,1,12.0,17.0,1.4166666666666667,0.12878787878787878,0.18181818181818182,0.36363636363636365,0.3333333333333333,0.4444444444444444,0.2222222222222222,0.5555555555555556,0.5833333333333334,0.0,0.2857142857142857,0.42857142857142855,0.5486111111111112,0.32140101292794815,0.3611111111111111,0.4166666666666667,NaN,NaN,NaN,NaN,1.8888888888888888,1.2692955176439846,2.3222222222222224,1.1158484866315161,4.333333333333334,0.4444444444444444,0.44563973256637485,4.0,5.0,1.8611111111111112,0.9607371508460952,0.0,0.0
438,1,12.0,35.0,2.9166666666666665,0.26515151515151514,0.18181818181818182,0.09090909090909091,0.1111111111111111,0.3333333333333333,0.2222222222222222,0.7777777777777778,0.5833333333333334,0.0,0.2857142857142857,0.42857142857142855,0.6120634920634921,0.30555996698526505,0.4127946127946128,0.3792384525566487,NaN,NaN,NaN,NaN,3.888888888888889,3.370624736026114,2.228819444444445,0.8659624512421306,3.3125,0.4444444444444444,0.7454507609950913,3.0,7.0,1.2619047619047619,0.4967957724145469,0.16666666666666666,0.0
439,1,12.0,32.0,2.6666666666666665,0.24242424242424243,0.18181818181818182,0.09090909090909091,0.3333333333333333,0.4444444444444444,0.3333333333333333,0.6666666666666666,0.5833333333333334,0.0,0.42857142857142855,0.42857142857142855,0.7455300127713921,0.2166784383860024,0.4313131313131313,0.4539794455770304,NaN,NaN,NaN,NaN,3.5555555555555554,3.3952581312438936,2.238425925925926,0.9213195604730686,3.416666666666667,0.3333333333333333,0.7131508290244579,2.0,7.0,1.3255813953488371,0.4741373235154428,0.16666666666666666,0.0
44,1,12.0,25.0,2.0833333333333335,0.1893939393939394,0.18181818181818182,0.09090909090909091,0.2222222222222222,0.5555555555555556,0.3333333333333333,0.5555555555555556,0.5833333333333334,0.0,0.42857142857142855,0.42857142857142855,0.517094017094017,0.4423541410022082,0.38131313131313127,0.4726204230449158,NaN,NaN,NaN,NaN,2.7777777777777777,3.3458099833141213,2.0743055555555556,0.784214996524812,3.125,0.3333333333333333,0.6616166367875541,2.0,6.0,1.368421052631579,0.48885152952935135,0.16666666666666666,0.0
440,1,12.0,27.0,2.25,0.20454545454545456,0.18181818181818182,0.18181818181818182,0.2222222222222222,0.3333333333333333,0.2222222222222222,0.6666666666666666,0.5833333333333334,0.0,0.2857142857142857,0.2857142857142857,0.6975308641975309,0.2698323540907001,0.404320987654321,0.40851071145288476,NaN,NaN,NaN,NaN,3.0,2.598076211353316,2.327264239028945,0.9557392469177469,3.666666666666667,0.3333333333333333,0.7905825296493537,3.0,5.0,1.3333333333333333,0.5855400437691199,0.0,0.0
441,1,12.0,17.0,1.4166666666666667,0.12878787878787878,0.18181818181818182,0.36363636363636365,0.3333333333333333,0.4444444444444444,0.2222222222222222,0.4444444444444444,0.5833333333333334,0.0,0.2857142857142857,0.42857142857142855,0.5481481481481482,0.46996191072348004,0.3148148148148148,0.42853468390393096,NaN,NaN,NaN,NaN,1.8888888888888888,1.3642254619787417,2.1277777777777778,0.8450489595921317,3.5,0.4444444444444444,0.4927165593352199,2.0,4.0,1.2105263157894737,0.41885390829169555,0.0,0.0
442,1,12.0,19.0,1.5833333333333333,0.14393939393939395,0.18181818181818182,0.09090909090909091,0.3333333333333333,0.5555555555555556,0.2222222222222222,0.4444444444444444,0.5833333333333334,0.0,0.2857142857142857,0.2857142857142857,0.40555555555555556,0.4048104837794814,0.31481481481481477,0.42853468390393085,NaN,NaN,NaN,NaN,2.111111111111111,1.536590742882148,2.1434523809523807,0.8916249072692128,3.571428571428571,0.3333333333333333,0.4111768671023459,3.0,5.0,1.4,0.563241847975046,0.0,0.0
443,1,12.0,24.0,2.0,0.18181818181818182,0.18181818181818182,0.2727272727272727,0.1111111111111111,0.3333333333333333,0.2222222222222222,0.7777777777777778,0.5833333333333334,0.0,0.2857142857142857,0.42857142857142855,0.7736625514403292,0.18373921069305207,0.46031746031746024,0.3912303982179758,NaN,NaN,NaN,NaN,2.6666666666666665,1.8708286933869709,2.2952380952380955,0.9381974146126271,3.666666666666667,0.4444444444444444,0.7016700499871243,3.0,6.0,1.5476190476190477,0.6699974864307038,0.0,0.0
444,1,12.0,36.0,3.0,0.2727272727272727,0.18181818181818182,0.09090909090909091,0.1111111111111111,0.3333333333333333,0.2222222222222222,0.6666666666666666,0.5833333333333334,0.0,0.2857142857142857,0.42857142857142855,0.5403015194681862,0.3130255690184824,0.347979797979798,0.4024531638931914,NaN,NaN,NaN,NaN,4.0,3.278719262151,2.198992673992674,0.8433865589140792,3.230769230769231,0.5555555555555556,0.70314815335494,2.0,8.0,1.2826086956521738,0.45524320622233805,0.16666666666666666,0.0
445,1,12.0,18.0,1.5,0.13636363636363635,0.18181818181818182,0.36363636363636365,0.2222222222222222,0.5555555555555556,0.3333333333333333,0.5555555555555556,0.5833333333333334,0.0,0.42857142857142855,0.2857142857142857,0.5972222222222222,0.4320091948609942,0.4166666666666667,0.46770717334674267,NaN,NaN,NaN,NaN,2.0,1.5,2.0277777777777777,0.7548942441596173,3.333333333333333,0.3333333333333333,0.3980024559906414,2.0,4.0,1.25,0.4423258684646914,0.0,0.0
446,1,12.0,24.0,2.0,0.18181818181818182,0.18181818181818182,0.09090909090909091,0.2222222222222222,0.5555555555555556,0.3333333333333333,0.5555555555555556,0.5833333333333334,0.0,0.42857142857142855,0.42857142857142855,0.6807760141093475,0.34080553707084854,0.4629629629629629,0.4697648479246601,NaN,NaN,NaN,NaN,2.6666666666666665,2.1213203435596424,2.3049704924704923,1.137768295289078,4.285714285714286,0.4444444444444444,0.8218951720623138,4.0,6.0,1.575,0.780778703997096,0.16666666666666666,0.0
447,1,12.0,19.0,1.5833333333333333,0.14393939393939395,0.18181818181818182,0.18181818181818182,0.3333333333333333,0.4444444444444444,0.2222222222222222,0.4444444444444444,0.5833333333333334,0.0,0.2857142857142857,0.2857142857142857,0.4583333333333333,0.39528470752104744,0.3333333333333333,0.43301270189221935,NaN,NaN,NaN,NaN,2.111111111111111,1.4529663145135578,2.1527777777777777,0.8659038989920084,3.5,0.4444444444444444,0.4529521961617995,3.0,4.0,1.4333333333333333,0.5683207771559353,0.0,0.0
448,1,12.0,23.0,1.9166666666666667,0.17424242424242425,0.18181818181818182,0.2727272727272727,0.1111111111111111,0.4444444444444444,0.2222222222222222,0.7777777777777778,0.5833333333333334,0.0,0.2857142857142857,0.42857142857142855,0.5555555555555556,0.3004626062886658,0.4084656084656085,0.38241369854579604,NaN,NaN,NaN,NaN,2.5555555555555554,2.1278575558006176,2.047222222222222,0.7215945213197321,3.0,0.4444444444444444,0.5960711655761157,3.0,6.0,1.393939393939394,0.6092717958449425,0.16666666666666666,0.0
449,1,12.0,37.0,3.0833333333333335,0.2803030303030303,0.18181818181818182,0.09090909090909091,0.1111111111111111,0.4444444444444444,0.2222222222222222,0.7777777777777778,0.5833333333333334,0.0,0.2857142857142857,0.42857142857142855,0.632716049382716,0.300070007835163,0.42003367003367,0.39293854342412715,NaN,NaN,NaN,NaN,4.111111111111111,4.106228331584973,2.130952380952381,0.8132394990327598,3.333333333333333,0.5555555555555556,0.6197457261144654,3.0,5.0,1.1904761904761905,0.45468269493990693,0.16666666666666666,0.0
45,1,12.0,23.0,1.9166666666666667,0.17424242424242425,0.18181818181818182,0.18181818181818182,0.2222222222222222,0.5555555555555556,0.3333333333333333,0.6666666666666666,0.5833333333333334,0.0,0.42857142857142855,0.42857142857142855,0.6481481481481481,0.33535267965693427,0.48148148148148145,0.4444444444444445,NaN,NaN,NaN,NaN,2.5555555555555554,1.6666666666666667,2.0284722222222222,0.7858474992564028,3.375,0.4444444444444444,0.42012824285919864,3.0,5.0,1.3,0.534983080621924,0.0,0.0
450,1,12.0,31.0,2.5833333333333335,0.23484848484848486,0.18181818181818182,0.09090909090909091,0.3333333333333333,0.3333333333333333,0.2222222222222222,0.5555555555555556,0.5833333333333334,0.0,0.2857142857142857,0.2857142857142857,0.5033333333333334,0.36048578335351866,0.3202020202020202,0.4183739128409202,NaN,NaN,NaN,NaN,3.4444444444444446,3.4681086744474685,2.302266081871345,0.924599115707736,3.333333333333333,0.4444444444444444,0.766070162028852,3.0,7.0,1.3333333333333333,0.5257592264788534,0.16666666666666666,0.0
451,1,12.0,29.0,2.4166666666666665,0.2196969696969697,0.18181818181818182,0.18181818181818182,0.1111111111111111,0.3333333333333333,0.2222222222222222,0.6666666666666666,0.5833333333333334,0.0,0.2857142857142857,0.42857142857142855,0.5921717171717172,0.3747607899428704,0.38580246913580246,0.39879361976588945,NaN,NaN,NaN,NaN,3.2222222222222223,2.5385910352879693,2.2604166666666665,0.8929940912288821,3.4,0.3333333333333333,0.7466468556778338,3.0,5.0,1.3333333333333333,0.5298129428260174,0.16666666666666666,0.0
452,1,12.0,24.0,2.0,0.18181818181818182,0.18181818181818182,0.2727272727272727,0.1111111111111111,0.4444444444444444,0.3333333333333333,0.8888888888888888,0.5833333333333334,0.0,0.42857142857142855,0.42857142857142855,0.8246913580246914,0.18772334662924722,0.5444444444444445,0.39015666369065416,NaN,NaN,NaN,NaN,2.6666666666666665,1.5811388300841895,2.115740740740741,0.7954056956835148,3.2,0.4444444444444444,0.6115625619847307,3.0,5.0,1.411764705882353,0.6567895774291853,0.0,0.0
453,1,12.0,25.0,2.0833333333333335,0.1893939393939394,0.18181818181818182,0.09090909090909091,0.2222222222222222,0.5555555555555556,0.2222222222222222,0.5555555555555556,0.5833333333333334,0.0,0.2857142857142857,0.2857142857142857,0.43662551440329217,0.40992674093922227,0.35353535353535354,0.4277452791967607,NaN,NaN,NaN,NaN,2.7777777777777777,3.2317865716108853,2.1,0.824621125123532,3.4,0.2222222222222222,0.532290647422377,3.0,4.0,1.2580645161290323,0.5143113152870138,0.0,0.0
454,1,12.0,29.0,2.4166666666666665,0.2196969696969697,0.18181818181818182,0.09090909090909091,0.2222222222222222,0.4444444444444444,0.3333333333333333,0.6666666666666666,0.5833333333333334,0.0,0.42857142857142855,0.2857142857142857,0.5994708994708994,0.3896892072620023,0.4831649831649831,0.4508972564610406,NaN,NaN,NaN,NaN,3.2222222222222223,3.492054473292827,2.0793876262626263,0.7723095725010188,3.1818181818181817,0.4444444444444444,0.5790865830070224,2.0,5.0,1.1818181818181819,0.3916747259003201,0.0,0.0
455,1,12.0,26.0,2.1666666666666665,0.19696969696969696,0.18181818181818182,0.18181818181818182,0.1111111111111111,0.4444444444444444,0.3333333333333333,0.6666666666666666,0.5833333333333334,0.0,0.42857142857142855,0.42857142857142855,0.7260802469135803,0.33573194994722133,0.426984126984127,0.4568327321074055,NaN,NaN,NaN,NaN,2.888888888888889,2.666666666666666,2.136111111111111,0.8155630555898776,3.2,0.4444444444444444,0.6285473688369039,2.0,6.0,1.2580645161290323,0.4448027229745693,0.0,0.0
456,1,12.0,18.0,1.5,0.13636363636363635,0.18181818181818182,0.09090909090909091,0.3333333333333333,0.4444444444444444,0.3333333333333333,0.4444444444444444,0.5833333333333334,0.0,0.42857142857142855,0.2857142857142857,0.4656084656084655,0.44735793915427924,0.3888888888888889,0.4859126579037751,NaN,NaN,NaN,NaN,2.0,2.0,2.2546296296296298,0.9950659232156834,4.0,0.2222222222222222,0.5509247816761885,3.0,5.0,1.3703703703703705,0.5648790304908823,0.0,0.0
457,1,12.0,13.0,1.0833333333333333,0.09848484848484848,0.18181818181818182,0.5454545454545454,0.3333333333333333,0.5555555555555556,0.3333333333333333,0.4444444444444444,0.5833333333333334,0.0,0.42857142857142855,0.0,0.4166666666666667,0.4506939094329986,0.35555555555555557,0.4876246279442597,NaN,NaN,NaN,NaN,1.4444444444444444,1.3333333333333337,2.0694444444444446,0.7767399280485818,3.0,0.1111111111111111,0.6290113438208176,2.0,5.0,1.4285714285714286,0.50709255283711,0.0,0.0
458,1,12.0,18.0,1.5,0.13636363636363635,0.18181818181818182,0.2727272727272727,0.1111111111111111,0.4444444444444444,0.3333333333333333,0.7777777777777778,0.5833333333333334,0.0,0.42857142857142855,0.42857142857142855,0.8055555555555556,0.3486083443891982,0.49444444444444446,0.41866188956934897,NaN,NaN,NaN,NaN,2.0,1.5,2.1547619047619047,0.849988177006792,3.5,0.3333333333333333,0.6414420570077494,3.0,4.0,1.4615384615384615,0.646886032050112,0.0,0.0
459,1,12.0,32.0,2.6666666666666665,0.24242424242424243,0.18181818181818182,0.09090909090909091,0.1111111111111111,0.4444444444444444,0.2222222222222222,0.7777777777777778,0.5833333333333334,0.0,0.2857142857142857,0.42857142857142855,0.6339506172839506,0.31220596592273886,0.43333333333333335,0.3865804501581067,NaN,NaN,NaN,NaN,3.5555555555555554,2.8333333333333335,2.112938596491228,0.8082866663407179,3.25,0.4444444444444444,0.5393520298460072,2.0,6.0,1.2790697674418605,0.4538502687508102,0.0,0.0
46,1,12.0,19.0,1.5833333333333333,0.14393939393939395,0.18181818181818182,0.18181818181818182,0.1111111111111111,0.6666666666666666,0.5555555555555556,0.7777777777777778,0.5833333333333334,0.0,0.7142857142857143,0.14285714285714285,0.7916666666666666,0.3423265984407288,0.6333333333333333,0.45825756949558405,NaN,NaN,NaN,NaN,2.111111111111111,1.964971020425266,1.954861111111111,0.6829124566155411,3.125,0.3333333333333333,0.4785756801295235,2.0,5.0,1.28,0.45825756949558405,0.0,0.0
460,1,12.0,29.0,2.4166666666666665,0.2196969696969697,0.18181818181818182,0.09090909090909091,0.2222222222222222,0.4444444444444444,0.2222222222222222,0.5555555555555556,0.5833333333333334,0.0,0.2857142857142857,0.42857142857142855,0.3641975308641976,0.39459955001201474,0.2887205387205387,0.4142915162819751,NaN,NaN,NaN,NaN,3.2222222222222223,3.419714088113865,2.1,0.7731609003162135,3.0,0.3333333333333333,0.6112519119281316,2.0,6.0,1.2432432432432432,0.43495883620084,0.0,0.0
461,1,12.0,27.0,2.25,0.20454545454545456,0.18181818181818182,0.09090909090909091,0.2222222222222222,0.3333333333333333,0.2222222222222222,0.7777777777777778,0.5833333333333334,0.0,0.2857142857142857,0.42857142857142855,0.7645502645502644,0.16167895863066165,0.43333333333333335,0.3865804501581067,NaN,NaN,NaN,NaN,3.0,2.958039891549808,2.3770202020202023,1.0191309759436942,3.666666666666667,0.5555555555555556,0.8466853667299892,4.0,7.0,1.6,0.7804427647758092,0.16666666666666666,0.0
462,1,12.0,31.0,2.5833333333333335,0.23484848484848486,0.18181818181818182,0.09090909090909091,0.2222222222222222,0.3333333333333333,0.2222222222222222,0.6666666666666666,0.5833333333333334,0.0,0.2857142857142857,0.42857142857142855,0.5972222222222222,0.30629959915815175,0.35353535353535354,0.4026570383611609,NaN,NaN,NaN,NaN,3.4444444444444446,3.2829526005987018,2.200892857142857,0.8392036779470031,3.2857142857142856,0.4444444444444444,0.6500578121181965,2.0,6.0,1.2564102564102564,0.44235903005475674,0.0,0.0
463,1,12.0,19.0,1.5833333333333333,0.14393939393939395,0.18181818181818182,0.2727272727272727,0.3333333333333333,0.4444444444444444,0.3333333333333333,0.6666666666666666,0.5833333333333334,0.0,0.42857142857142855,0.2857142857142857,0.7805555555555556,0.21241828494218143,0.42962962962962964,0.4550471417716717,NaN,NaN,NaN,NaN,2.111111111111111,1.9649710204252662,2.2465277777777777,0.9341410083069221,3.416666666666667,0.4444444444444444,0.7219832038134226,3.0,5.0,1.5625,0.6690146823211658,0.0,0.0
464,1,12.0,30.0,2.5,0.22727272727272727,0.18181818181818182,0.09090909090909091,0.3333333333333333,0.4444444444444444,0.3333333333333333,0.5555555555555556,0.5833333333333334,0.0,0.42857142857142855,0.42857142857142855,0.6439909297052154,0.4043007434069853,0.37575757575757573,0.47464645389842225,NaN,NaN,NaN,NaN,3.3333333333333335,3.605551275463989,2.1893939393939394,0.8628385469638696,3.2727272727272725,0.1111111111111111,0.6893523130955955,2.0,6.0,1.2,0.40583972495671394,0.16666666666666666,0.0
465,1,12.0,17.0,1.4166666666666667,0.12878787878787878,0.18181818181818182,0.18181818181818182,0.3333333333333333,0.6666666666666666,0.4444444444444444,0.4444444444444444,0.5833333333333334,0.0,0.5714285714285714,0.42857142857142855,0.7555555555555555,0.4333333333333333,0.4444444444444444,0.5270462766947299,NaN,NaN,NaN,NaN,1.8888888888888888,1.4529663145135578,2.0476190476190474,0.8225336064285707,3.571428571428571,0.1111111111111111,0.28545155987875576,3.0,4.0,1.3846153846153846,0.5710988059467872,0.0,0.0
466,1,12.0,17.0,1.4166666666666667,0.12878787878787878,0.18181818181818182,0.18181818181818182,0.1111111111111111,0.5555555555555556,0.3333333333333333,0.7777777777777778,0.5833333333333334,0.0,0.42857142857142855,0.42857142857142855,0.7222222222222221,0.3333333333333334,0.5,0.414578098794425,NaN,NaN,NaN,NaN,1.8888888888888888,1.2692955176439846,2.138888888888889,0.9234141014158289,4.0,0.2222222222222222,0.5432668671002208,4.0,5.0,1.71875,0.8513509188911317,0.0,0.0
467,1,12.0,22.0,1.8333333333333333,0.16666666666666666,0.18181818181818182,0.2727272727272727,0.1111111111111111,0.4444444444444444,0.2222222222222222,0.5555555555555556,0.5833333333333334,0.0,0.2857142857142857,0.42857142857142855,0.42083333333333334,0.3673171313728778,0.3277777777777778,0.41616636630612575,NaN,NaN,NaN,NaN,2.4444444444444446,1.7400510848184252,2.080357142857143,0.7684232283611502,3.25,0.4444444444444444,0.5248590991365795,2.0,4.0,1.3225806451612903,0.4751909633114914,0.0,0.0
468,1,12.0,24.0,2.0,0.18181818181818182,0.18181818181818182,0.18181818181818182,0.2222222222222222,0.3333333333333333,0.2222222222222222,0.6666666666666666,0.5833333333333334,0.0,0.2857142857142857,0.42857142857142855,0.6126984126984127,0.36206919823203687,0.34920634920634913,0.40493693694511784,NaN,NaN,NaN,NaN,2.6666666666666665,2.2912878474779204,2.2409722222222226,0.8646206788818831,3.125,0.3333333333333333,0.7485552879529896,3.0,6.0,1.3611111111111112,0.5426273532033236,0.16666666666666666,0.0
469,1,12.0,25.0,2.0833333333333335,0.1893939393939394,0.18181818181818182,0.09090909090909091,0.1111111111111111,0.3333333333333333,0.2222222222222222,0.6666666666666666,0.5833333333333334,0.0,0.2857142857142857,0.42857142857142855,0.7364197530864198,0.18399079525904244,0.4444444444444444,0.39965262694272663,NaN,NaN,NaN,NaN,2.7777777777777777,2.223610677354389,2.4361111111111113,1.0911682492393866,4.0,0.4444444444444444,0.8402628556985408,4.0,7.0,1.7173913043478262,0.860569410416689,0.0,0.0
47,1,12.0,17.0,1.4166666666666667,0.12878787878787878,0.18181818181818182,0.36363636363636365,0.2222222222222222,0.5555555555555556,0.4444444444444444,0.7777777777777778,0.5833333333333334,0.0,0.5714285714285714,0.2857142857142857,0.8518518518518517,0.14698618394803284,0.5925925925925926,0.43390275977259196,NaN,NaN,NaN,NaN,1.8888888888888888,1.0540925533894598,2.0972222222222223,0.8889283450839008,4.0,0.2222222222222222,0.3305644805737505,3.0,5.0,1.5806451612903225,0.7199163631231569,0.0,0.0
470,1,12.0,32.0,2.6666666666666665,0.24242424242424243,0.18181818181818182,0.09090909090909091,0.1111111111111111,0.5555555555555556,0.3333333333333333,0.6666666666666666,0.5833333333333334,0.0,0.42857142857142855,0.42857142857142855,0.602880658436214,0.390660768443172,0.4292929292929293,0.4551763298727212,NaN,NaN,NaN,NaN,3.5555555555555554,4.27525177946022,2.0347222222222223,0.746378743639065,3.166666666666667,0.4444444444444444,0.5828395927932654,2.0,6.0,1.2307692307692308,0.4268327949183541,0.16666666666666666,0.0
471,1,12.0,23.0,1.9166666666666667,0.17424242424242425,0.18181818181818182,0.18181818181818182,0.2222222222222222,0.4444444444444444,0.2222222222222222,0.5555555555555556,0.5833333333333334,0.0,0.2857142857142857,0.42857142857142855,0.4747474747474747,0.3790150833742118,0.3214285714285714,0.4187871214128063,NaN,NaN,NaN,NaN,2.5555555555555554,2.068278940998476,2.1347222222222224,0.8337107731093879,3.25,0.5555555555555556,0.6054856462448306,3.0,5.0,1.4166666666666667,0.5542047068934521,0.16666666666666666,0.0
472,1,12.0,18.0,1.5,0.13636363636363635,0.18181818181818182,0.36363636363636365,0.2222222222222222,0.4444444444444444,0.2222222222222222,0.5555555555555556,0.5833333333333334,0.0,0.2857142857142857,0.42857142857142855,0.5802469135802469,0.3997598730541278,0.3796296296296296,0.42718212497860275,NaN,NaN,NaN,NaN,2.0,1.3228756555322954,2.1493055555555554,0.82255498061099,3.125,0.2222222222222222,0.5284492202959263,2.0,4.0,1.3461538461538463,0.485164524037584,0.0,0.0
473,1,12.0,13.0,1.0833333333333333,0.09848484848484848,0.18181818181818182,0.5454545454545454,0.2222222222222222,0.6666666666666666,0.4444444444444444,0.5555555555555556,0.5833333333333334,0.0,0.5714285714285714,0.2857142857142857,0.6111111111111112,0.4166666666666667,0.5,0.5,NaN,NaN,NaN,NaN,1.4444444444444444,1.0137937550497031,2.055555555555556,0.8655392822733404,3.666666666666667,0.3333333333333333,0.41602514716892186,3.0,5.0,1.368421052631579,0.5972647203701474,0.0,0.0
474,1,12.0,15.0,1.25,0.11363636363636363,0.18181818181818182,0.5454545454545454,0.3333333333333333,0.4444444444444444,0.2222222222222222,0.5555555555555556,0.5833333333333334,0.0,0.2857142857142857,0.2857142857142857,0.537037037037037,0.3960769230999777,0.3425925925925926,0.4134132240593672,NaN,NaN,NaN,NaN,1.6666666666666667,1.1180339887498947,2.091666666666667,0.7692479601808666,3.0,0.2222222222222222,0.4427188724235731,2.0,4.0,1.2857142857142858,0.4629100498862757,0.0,0.0
475,1,12.0,24.0,2.0,0.18181818181818182,0.18181818181818182,0.09090909090909091,0.2222222222222222,0.4444444444444444,0.3333333333333333,0.5555555555555556,0.5833333333333334,0.0,0.42857142857142855,0.42857142857142855,0.5396825396825397,0.4046305809370795,0.42063492063492064,0.4662656197039557,NaN,NaN,NaN,NaN,2.6666666666666665,2.5,2.0902777777777777,0.7829127927665003,3.333333333333333,0.4444444444444444,0.545888876843551,2.0,6.0,1.3235294117647058,0.47485807993381707,0.0,0.0
476,1,12.0,15.0,1.25,0.11363636363636363,0.18181818181818182,0.36363636363636365,0.3333333333333333,0.4444444444444444,0.2222222222222222,0.4444444444444444,0.5833333333333334,0.0,0.2857142857142857,0.2857142857142857,0.4351851851851852,0.43656204570838086,0.31851851851851853,0.4431926816706473,NaN,NaN,NaN,NaN,1.6666666666666667,1.414213562373095,2.1994949494949494,0.9241596253688658,3.7272727272727275,0.3333333333333333,0.6119697496665782,3.0,5.0,1.5,0.659380473395787,0.0,0.0
477,1,12.0,13.0,1.0833333333333333,0.09848484848484848,0.18181818181818182,0.45454545454545453,0.3333333333333333,0.5555555555555556,0.3333333333333333,0.5555555555555556,0.5833333333333334,0.0,0.42857142857142855,0.2857142857142857,0.625,0.33071891388307384,0.4444444444444444,0.4639803635691685,NaN,NaN,NaN,NaN,1.4444444444444444,1.0137937550497031,2.3000000000000003,1.2165525060596438,5.0,0.1111111111111111,0.29264487974510267,4.0,5.0,1.7391304347826086,1.009833078211346,0.0,0.0
478,1,12.0,29.0,2.4166666666666665,0.2196969696969697,0.18181818181818182,0.09090909090909091,0.1111111111111111,0.4444444444444444,0.3333333333333333,0.7777777777777778,0.5833333333333334,0.0,0.42857142857142855,0.42857142857142855,0.7415716999050332,0.2084082735889745,0.46464646464646464,0.42792972806051116,NaN,NaN,NaN,NaN,3.2222222222222223,3.231786571610886,2.119444444444444,0.8037108798885196,3.333333333333333,0.4444444444444444,0.6386305134242483,3.0,6.0,1.3902439024390243,0.5864319560054604,0.16666666666666666,0.0
479,1,12.0,18.0,1.5,0.13636363636363635,0.18181818181818182,0.45454545454545453,0.4444444444444444,0.3333333333333333,0.2222222222222222,0.5555555555555556,0.5833333333333334,0.0,0.2857142857142857,0.42857142857142855,0.6666666666666666,0.25,0.3277777777777778,0.41616636630612575,NaN,NaN,NaN,NaN,2.0,1.5,2.263888888888889,0.8974102282931246,3.5,0.2222222222222222,0.6642111641550714,3.0,6.0,1.4482758620689655,0.572351471472339,0.0,0.0
48,1,12.0,17.0,1.4166666666666667,0.12878787878787878,0.18181818181818182,0.2727272727272727,0.4444444444444444,0.4444444444444444,0.2222222222222222,0.3333333333333333,0.5833333333333334,0.0,0.2857142857142857,0.42857142857142855,0.42592592592592593,0.3901887996633374,0.2777777777777778,0.4409585518440985,NaN,NaN,NaN,NaN,1.8888888888888888,1.3642254619787415,2.2624999999999997,0.9508668294102635,3.5,0.3333333333333333,0.547286084989861,3.0,5.0,1.5333333333333334,0.6288102248298565,0.0,0.0
480,1,12.0,23.0,1.9166666666666667,0.17424242424242425,0.18181818181818182,0.09090909090909091,0.3333333333333333,0.4444444444444444,0.2222222222222222,0.5555555555555556,0.5833333333333334,0.0,0.2857142857142857,0.42857142857142855,0.48055555555555557,0.4005421672905086,0.35353535353535354,0.4195492574545572,NaN,NaN,NaN,NaN,2.5555555555555554,3.3208098075285455,2.2583333333333333,0.9861797529104444,4.0,0.3333333333333333,0.622174773898269,3.0,5.0,1.3548387096774193,0.6081878600549995,0.0,0.0
481,1,12.0,13.0,1.0833333333333333,0.09848484848484848,0.18181818181818182,0.5454545454545454,0.2222222222222222,0.6666666666666666,0.4444444444444444,0.5555555555555556,0.5833333333333334,0.0,0.5714285714285714,0.2857142857142857,0.6388888888888888,0.452615853800009,0.4722222222222222,0.5068968775248517,NaN,NaN,NaN,NaN,1.4444444444444444,1.0137937550497031,1.9583333333333333,0.6894771844512245,3.0,0.1111111111111111,0.28867513459481287,2.0,3.0,1.1875,0.4031128874149275,0.0,0.0
482,1,12.0,24.0,2.0,0.18181818181818182,0.18181818181818182,0.18181818181818182,0.4444444444444444,0.3333333333333333,0.2222222222222222,0.4444444444444444,0.5833333333333334,0.0,0.2857142857142857,0.42857142857142855,0.6671717171717172,0.21998283387406703,0.3333333333333333,0.4330127018922194,NaN,NaN,NaN,NaN,2.6666666666666665,1.8027756377319946,2.540420227920228,1.1769660800316608,4.0,0.4444444444444444,0.7385124338077236,3.0,6.0,1.608695652173913,0.6824225106865888,0.3333333333333333,0.0
483,1,12.0,25.0,2.0833333333333335,0.1893939393939394,0.18181818181818182,0.09090909090909091,0.1111111111111111,0.3333333333333333,0.2222222222222222,0.7777777777777778,0.5833333333333334,0.0,0.2857142857142857,0.42857142857142855,0.7362433862433863,0.2526357030150206,0.4388888888888889,0.3739800945386146,NaN,NaN,NaN,NaN,2.7777777777777777,1.5634719199411433,2.2723214285714284,0.8925689469946548,3.2857142857142856,0.3333333333333333,0.8471246133504903,4.0,7.0,1.5853658536585367,0.773809077101631,0.16666666666666666,0.0
484,1,12.0,18.0,1.5,0.13636363636363635,0.18181818181818182,0.36363636363636365,0.3333333333333333,0.4444444444444444,0.2222222222222222,0.5555555555555556,0.5833333333333334,0.0,0.2857142857142857,0.42857142857142855,0.5949074074074074,0.34186844764298907,0.32407407407407407,0.41759156606591413,NaN,NaN,NaN,NaN,2.0,1.8027756377319946,2.216666666666667,0.943719270019459,4.0,0.1111111111111111,0.5066873060811677,3.0,4.0,1.3846153846153846,0.6373020054525532,0.0,0.0
485,1,12.0,23.0,1.9166666666666667,0.17424242424242425,0.18181818181818182,0.09090909090909091,0.3333333333333333,0.3333333333333333,0.2222222222222222,0.4444444444444444,0.5833333333333334,0.0,0.2857142857142857,0.42857142857142855,0.3935185185185185,0.3991696628666643,0.26587301587301587,0.4252516928450417,NaN,NaN,NaN,NaN,2.5555555555555554,2.242270674512285,2.252380952380953,0.8911923874039368,3.428571428571429,0.3333333333333333,0.6698631389992413,3.0,5.0,1.4166666666666667,0.5542047068934521,0.16666666666666666,0.0
486,1,12.0,33.0,2.75,0.25,0.18181818181818182,0.09090909090909091,0.1111111111111111,0.4444444444444444,0.3333333333333333,0.7777777777777778,0.5833333333333334,0.0,0.42857142857142855,0.42857142857142855,0.8049801213643022,0.19570767692857052,0.4712602212602212,0.44181934849966187,NaN,NaN,NaN,NaN,3.6666666666666665,3.3541019662496847,2.1629759129759134,0.8327637003125903,3.0769230769230766,0.3333333333333333,0.6880668686990538,2.0,6.0,1.225,0.42290206176626033,0.16666666666666666,0.0
487,1,12.0,28.0,2.3333333333333335,0.21212121212121213,0.18181818181818182,0.09090909090909091,0.3333333333333333,0.5555555555555556,0.3333333333333333,0.4444444444444444,0.5833333333333334,0.0,0.42857142857142855,0.42857142857142855,0.5004668534080299,0.44002172027343334,0.3611111111111111,0.4859126579037751,NaN,NaN,NaN,NaN,3.111111111111111,2.9767618499152917,2.173611111111111,0.9173264384137169,3.5,0.3333333333333333,0.6326399597212434,2.0,6.0,1.2972972972972974,0.4633731916228157,0.16666666666666666,0.0
488,1,12.0,26.0,2.1666666666666665,0.19696969696969696,0.18181818181818182,0.09090909090909091,0.1111111111111111,0.4444444444444444,0.3333333333333333,0.8888888888888888,0.5833333333333334,0.0,0.42857142857142855,0.42857142857142855,0.8095238095238096,0.1842535943923083,0.5462962962962963,0.3798553980882595,NaN,NaN,NaN,NaN,2.888888888888889,2.260776661041756,2.1838624338624335,0.8693866143426435,3.428571428571429,0.3333333333333333,0.6428108637376471,3.0,6.0,1.3513513513513513,0.5383212700514348,0.0,0.0
489,1,12.0,35.0,2.9166666666666665,0.26515151515151514,0.18181818181818182,0.09090909090909091,0.1111111111111111,0.3333333333333333,0.2222222222222222,0.8888888888888888,0.5833333333333334,0.0,0.2857142857142857,0.42857142857142855,0.7299382716049383,0.181502738739932,0.46632996632996626,0.3482194128912621,NaN,NaN,NaN,NaN,3.888888888888889,4.075673086879161,2.1648391812865495,0.8073716768884172,3.25,0.6666666666666666,0.6545619796252097,2.0,6.0,1.1538461538461537,0.3655177681951957,0.16666666666666666,0.0
49,1,12.0,18.0,1.5,0.13636363636363635,0.18181818181818182,0.2727272727272727,0.2222222222222222,0.5555555555555556,0.3333333333333333,0.5555555555555556,0.5833333333333334,0.0,0.42857142857142855,0.2857142857142857,0.6180555555555556,0.4379957508672633,0.4166666666666667,0.46770717334674267,NaN,NaN,NaN,NaN,2.0,1.5,2.0,0.7071067811865476,3.0,0.2222222222222222,0.36267884927635125,2.0,4.0,1.25,0.4423258684646914,0.0,0.0
490,1,12.0,24.0,2.0,0.18181818181818182,0.18181818181818182,0.09090909090909091,0.2222222222222222,0.3333333333333333,0.2222222222222222,0.5555555555555556,0.5833333333333334,0.0,0.2857142857142857,0.2857142857142857,0.5343915343915344,0.3193624038148441,0.3370370370370371,0.4151453709393201,NaN,NaN,NaN,NaN,2.6666666666666665,2.0615528128088303,2.327579365079365,0.9815581800724679,3.7142857142857144,0.5555555555555556,0.6276011549422452,3.0,6.0,1.4736842105263157,0.6466897875841059,0.0,0.0
491,1,12.0,19.0,1.5833333333333333,0.14393939393939395,0.18181818181818182,0.18181818181818182,0.3333333333333333,0.4444444444444444,0.3333333333333333,0.5555555555555556,0.5833333333333334,0.0,0.42857142857142855,0.2857142857142857,0.7175925925925926,0.23178221205942554,0.4444444444444444,0.4639803635691685,NaN,NaN,NaN,NaN,2.111111111111111,1.7638342073763935,2.5009920634920633,1.278140857282469,4.666666666666666,0.5555555555555556,0.7536845968634648,4.0,6.0,1.8205128205128205,0.9139790067782241,0.0,0.0
492,1,12.0,32.0,2.6666666666666665,0.24242424242424243,0.18181818181818182,0.09090909090909091,0.2222222222222222,0.3333333333333333,0.2222222222222222,0.6666666666666666,0.5833333333333334,0.0,0.2857142857142857,0.42857142857142855,0.7725396825396825,0.17283992436871265,0.41111111111111115,0.39826010484495067,NaN,NaN,NaN,NaN,3.5555555555555554,2.2973414586817036,2.3921059332824037,1.0357471900102821,3.8,0.4444444444444444,0.7827851798585015,3.0,8.0,1.469387755102041,0.6158341503036933,0.16666666666666666,0.0
493,1,12.0,17.0,1.4166666666666667,0.12878787878787878,0.18181818181818182,0.18181818181818182,0.2222222222222222,0.7777777777777778,0.4444444444444444,0.4444444444444444,0.5833333333333334,0.0,0.5714285714285714,0.2857142857142857,0.6349206349206349,0.4850368758919848,0.4444444444444444,0.5270462766947299,NaN,NaN,NaN,NaN,1.8888888888888888,2.0275875100994063,1.9791666666666667,0.7866668271699887,3.5,0.2222222222222222,0.46326447153676187,2.0,4.0,1.2380952380952381,0.4364357804719847,0.0,0.0
494,1,12.0,28.0,2.3333333333333335,0.21212121212121213,0.18181818181818182,0.09090909090909091,0.1111111111111111,0.4444444444444444,0.3333333333333333,0.7777777777777778,0.5833333333333334,0.0,0.42857142857142855,0.42857142857142855,0.7506720430107526,0.22954671604951246,0.46049382716049375,0.4337288476754786,NaN,NaN,NaN,NaN,3.111111111111111,2.6193722742502854,2.254076479076479,0.9383614014735296,3.5,0.4444444444444444,0.7682007379529214,3.0,7.0,1.5454545454545454,0.6973219687622019,0.3333333333333333,0.0
495,1,12.0,34.0,2.8333333333333335,0.25757575757575757,0.18181818181818182,0.09090909090909091,0.1111111111111111,0.4444444444444444,0.2222222222222222,0.6666666666666666,0.5833333333333334,0.0,0.2857142857142857,0.42857142857142855,0.5185185185185185,0.364302140239,0.3737373737373737,0.4130003991042124,NaN,NaN,NaN,NaN,3.7777777777777777,4.176654695380556,2.074074074074074,0.7552039189661611,3.0,0.4444444444444444,0.6418261122344487,2.0,6.0,1.255813953488372,0.4414814484488266,0.16666666666666666,0.0
496,1,12.0,23.0,1.9166666666666667,0.17424242424242425,0.18181818181818182,0.09090909090909091,0.1111111111111111,0.5555555555555556,0.3333333333333333,0.6666666666666666,0.5833333333333334,0.0,0.42857142857142855,0.42857142857142855,0.6740740740740742,0.41915000703216226,0.462962962962963,0.43920523057894156,NaN,NaN,NaN,NaN,2.5555555555555554,2.0069324297987157,2.10094696969697,0.8533904287190015,3.6363636363636367,0.4444444444444444,0.5186997430571515,4.0,6.0,1.55,0.7493587001820032,0.0,0.0
497,1,12.0,21.0,1.75,0.1590909090909091,0.18181818181818182,0.18181818181818182,0.2222222222222222,0.4444444444444444,0.2222222222222222,0.5555555555555556,0.5833333333333334,0.0,0.2857142857142857,0.42857142857142855,0.5074074074074074,0.3738046793067269,0.3425925925925926,0.4134132240593672,NaN,NaN,NaN,NaN,2.3333333333333335,1.6583123951777,2.097222222222222,0.8271233261328063,3.5,0.5555555555555556,0.43930560887543646,3.0,5.0,1.375,0.5535807194106618,0.0,0.0
498,1,12.0,30.0,2.5,0.22727272727272727,0.18181818181818182,0.09090909090909091,0.1111111111111111,0.3333333333333333,0.2222222222222222,0.7777777777777778,0.5833333333333334,0.0,0.2857142857142857,0.42857142857142855,0.6707407407407407,0.32678474812166225,0.4313131313131313,0.37894239272800806,NaN,NaN,NaN,NaN,3.3333333333333335,3.2015621187164243,2.2270258980785296,0.8634299053696638,3.2857142857142856,0.4444444444444444,0.760232368132979,3.0,6.0,1.3076923076923077,0.5208215248323987,0.16666666666666666,0.0
499,1,12.0,20.0,1.6666666666666667,0.15151515151515152,0.18181818181818182,0.2727272727272727,0.1111111111111111,0.5555555555555556,0.4444444444444444,0.7777777777777778,0.5833333333333334,0.0,0.5714285714285714,0.42857142857142855,0.762962962962963,0.3417456999828822,0.5185185185185186,0.46543322444766777,NaN,NaN,NaN,NaN,2.2222222222222223,1.922093765778466,2.029166666666667,0.733130998257515,3.0,0.2222222222222222,0.5981275607655682,2.0,4.0,1.15,0.36634754853252327,0.0,0.0
5,1,12.0,13.0,1.0833333333333333,0.09848484848484848,0.18181818181818182,0.5454545454545454,0.2222222222222222,0.5555555555555556,0.3333333333333333,0.5555555555555556,0.5833333333333334,0.0,0.42857142857142855,0.14285714285714285,0.5555555555555556,0.4639803635691685,0.4444444444444444,0.4639803635691685,NaN,NaN,NaN,NaN,1.4444444444444444,1.0137937550497031,2.0,0.7071067811865476,3.0,0.2222222222222222,0.3535533905932738,2.0,3.0,1.2352941176470589,0.4372373160976031,0.0,0.0
50,1,12.0,34.0,2.8333333333333335,0.25757575757575757,0.18181818181818182,0.09090909090909091,0.2222222222222222,0.3333333333333333,0.2222222222222222,0.6666666666666666,0.5833333333333334,0.0,0.2857142857142857,0.42857142857142855,0.5089947089947091,0.32466138337873635,0.3202020202020202,0.3992639865375061,NaN,NaN,NaN,NaN,3.7777777777777777,3.632415786283895,2.2056267806267806,0.8310266290246019,3.0,0.3333333333333333,0.8164378257299443,2.0,6.0,1.2790697674418605,0.45385026875081025,0.16666666666666666,0.0
500,1,12.0,16.0,1.3333333333333333,0.12121212121212122,0.18181818181818182,0.2727272727272727,0.4444444444444444,0.4444444444444444,0.3333333333333333,0.4444444444444444,0.5833333333333334,0.0,0.42857142857142855,0.42857142857142855,0.6296296296296295,0.3283775115982469,0.3888888888888889,0.4859126579037751,NaN,NaN,NaN,NaN,1.7777777777777777,0.8333333333333334,2.3055555555555554,1.058475493514314,4.0,0.1111111111111111,0.4254627110787954,3.0,5.0,1.5185185185185186,0.642732769590452,0.0,0.0
501,1,12.0,28.0,2.3333333333333335,0.21212121212121213,0.18181818181818182,0.18181818181818182,0.2222222222222222,0.3333333333333333,0.2222222222222222,0.6666666666666666,0.5833333333333334,0.0,0.2857142857142857,0.42857142857142855,0.6348765432098765,0.3103882696155768,0.37142857142857144,0.4060134711749232,NaN,NaN,NaN,NaN,3.111111111111111,2.088327347690278,2.3666666666666667,1.0031264258619779,3.666666666666667,0.4444444444444444,0.7260369340671518,3.0,7.0,1.4666666666666666,0.5877538136452587,0.16666666666666666,0.0
502,1,12.0,24.0,2.0,0.18181818181818182,0.18181818181818182,0.09090909090909091,0.3333333333333333,0.4444444444444444,0.2222222222222222,0.4444444444444444,0.5833333333333334,0.0,0.2857142857142857,0.42857142857142855,0.4210526315789474,0.43500724354780373,0.29797979797979796,0.430686981925815,NaN,NaN,NaN,NaN,2.6666666666666665,3.3166247903554,2.2538515406162465,0.9893369689089114,4.0,0.3333333333333333,0.6614150292195722,3.0,5.0,1.3823529411764706,0.5512908203729235,0.16666666666666666,0.0
503,1,12.0,17.0,1.4166666666666667,0.12878787878787878,0.18181818181818182,0.36363636363636365,0.4444444444444444,0.3333333333333333,0.2222222222222222,0.5555555555555556,0.5833333333333334,0.0,0.2857142857142857,0.42857142857142855,0.8148148148148148,0.19245008972987526,0.37407407407407406,0.42939808575421334,NaN,NaN,NaN,NaN,1.8888888888888888,1.3642254619787415,2.4880050505050506,1.1521649714855127,4.25,0.3333333333333333,0.7502416268440437,4.0,5.0,1.7647058823529411,0.8548905132596332,0.16666666666666666,0.0
504,1,12.0,13.0,1.0833333333333333,0.09848484848484848,0.18181818181818182,0.36363636363636365,0.2222222222222222,0.5555555555555556,0.4444444444444444,0.5555555555555556,0.5833333333333334,0.0,0.5714285714285714,0.42857142857142855,0.8148148148148148,0.3480545579483797,0.4722222222222222,0.5068968775248517,NaN,NaN,NaN,NaN,1.4444444444444444,1.0137937550497031,2.089285714285714,0.8325057733786114,3.571428571428571,0.2222222222222222,0.5884039912624172,3.0,4.0,1.4210526315789473,0.606976978666884,0.0,0.0
505,1,12.0,31.0,2.5833333333333335,0.23484848484848486,0.18181818181818182,0.09090909090909091,0.1111111111111111,0.4444444444444444,0.2222222222222222,0.7777777777777778,0.5833333333333334,0.0,0.2857142857142857,0.42857142857142855,0.5784428794992176,0.30863704903635153,0.4064814814814815,0.38400705690532105,NaN,NaN,NaN,NaN,3.4444444444444446,3.3582402799349804,2.0867647058823526,0.7826998212411406,3.333333333333333,0.5555555555555556,0.5721523569711011,3.0,6.0,1.3636363636363635,0.5742906277822775,0.16666666666666666,0.0
506,1,12.0,29.0,2.4166666666666665,0.2196969696969697,0.18181818181818182,0.09090909090909091,0.2222222222222222,0.4444444444444444,0.2222222222222222,0.6666666666666666,0.5833333333333334,0.0,0.2857142857142857,0.42857142857142855,0.7029914529914529,0.19941461833720872,0.4012345679012346,0.40519178679705675,NaN,NaN,NaN,NaN,3.2222222222222223,2.7284509239574835,2.202050264550264,0.8874857805042741,3.2857142857142856,0.4444444444444444,0.6538567672078135,3.0,6.0,1.4222222222222223,0.5430925289022994,0.16666666666666666,0.0
507,1,12.0,15.0,1.25,0.11363636363636363,0.18181818181818182,0.2727272727272727,0.2222222222222222,0.4444444444444444,0.2222222222222222,0.6666666666666666,0.5833333333333334,0.0,0.2857142857142857,0.42857142857142855,0.6111111111111112,0.33333333333333337,0.42592592592592593,0.39185377721294123,NaN,NaN,NaN,NaN,1.6666666666666667,0.7071067811865476,2.1875,0.9482340044908363,4.0,0.4444444444444444,0.44185755084426837,3.0,4.0,1.4782608695652173,0.6653478391304605,0.0,0.0
508,1,12.0,31.0,2.5833333333333335,0.23484848484848486,0.18181818181818182,0.09090909090909091,0.2222222222222222,0.4444444444444444,0.3333333333333333,0.7777777777777778,0.5833333333333334,0.0,0.42857142857142855,0.2857142857142857,0.8219021490626428,0.14836629141004953,0.48888888888888893,0.43076159944400283,NaN,NaN,NaN,NaN,3.4444444444444446,3.086709862908689,2.1907407407407407,0.86542365319747,3.25,0.3333333333333333,0.6679257822970369,2.0,6.0,1.3095238095238095,0.4679011380933327,0.0,0.0
509,1,12.0,13.0,1.0833333333333333,0.09848484848484848,0.18181818181818182,0.45454545454545453,0.3333333333333333,0.5555555555555556,0.3333333333333333,0.4444444444444444,0.5833333333333334,0.0,0.42857142857142855,0.42857142857142855,0.5802469135802468,0.4640727439311728,0.3703703703703704,0.48432210483785265,NaN,NaN,NaN,NaN,1.4444444444444444,0.8819171036881969,2.048611111111111,0.7772477450845755,3.25,0.2222222222222222,0.3256321924907376,2.0,4.0,1.2777777777777777,0.46088859896247675,0.0,0.0
51,1,12.0,21.0,1.75,0.1590909090909091,0.18181818181818182,0.36363636363636365,0.3333333333333333,0.3333333333333333,0.2222222222222222,0.4444444444444444,0.5833333333333334,0.0,0.2857142857142857,0.42857142857142855,0.3472222222222222,0.39638119980084263,0.2777777777777778,0.4228704818788425,NaN,NaN,NaN,NaN,2.3333333333333335,1.3228756555322951,2.3361111111111112,0.9949832071404937,3.666666666666667,0.4444444444444444,0.7256888717793175,3.0,7.0,1.4545454545454546,0.6169941800226468,0.16666666666666666,0.0
510,1,12.0,22.0,1.8333333333333333,0.16666666666666666,0.18181818181818182,0.18181818181818182,0.2222222222222222,0.5555555555555556,0.3333333333333333,0.6666666666666666,0.5833333333333334,0.0,0.42857142857142855,0.42857142857142855,0.6455026455026454,0.32742303721803606,0.48518518518518516,0.44941663147014854,NaN,NaN,NaN,NaN,2.4444444444444446,2.1858128414340006,2.13510101010101,0.8922793180331224,3.5,0.4444444444444444,0.5936771896845786,3.0,6.0,1.3225806451612903,0.5408078385892441,0.0,0.0
511,1,12.0,24.0,2.0,0.18181818181818182,0.18181818181818182,0.18181818181818182,0.3333333333333333,0.4444444444444444,0.3333333333333333,0.5555555555555556,0.5833333333333334,0.0,0.42857142857142855,0.42857142857142855,0.6296296296296297,0.43323538779117277,0.3777777777777778,0.4737556801183966,NaN,NaN,NaN,NaN,2.6666666666666665,2.1213203435596424,2.1673611111111115,0.8468633326628059,3.375,0.3333333333333333,0.5563908274028567,2.0,6.0,1.2903225806451613,0.4614143753790638,0.0,0.0
512,1,12.0,16.0,1.3333333333333333,0.12121212121212122,0.18181818181818182,0.2727272727272727,0.2222222222222222,0.5555555555555556,0.4444444444444444,0.5555555555555556,0.5833333333333334,0.0,0.5714285714285714,0.42857142857142855,0.7222222222222222,0.4409585518440985,0.4666666666666667,0.5099019513592785,NaN,NaN,NaN,NaN,1.7777777777777777,1.3944333775567925,2.0416666666666665,0.7525210155124432,3.0,0.1111111111111111,0.47871355387816905,2.0,3.0,1.2222222222222223,0.4277926319464986,0.0,0.0
513,1,12.0,31.0,2.5833333333333335,0.23484848484848486,0.18181818181818182,0.09090909090909091,0.2222222222222222,0.4444444444444444,0.2222222222222222,0.5555555555555556,0.5833333333333334,0.0,0.2857142857142857,0.42857142857142855,0.4037037037037037,0.3792092721280708,0.3072390572390572,0.4118717060130008,NaN,NaN,NaN,NaN,3.4444444444444446,3.4681086744474685,2.1180555555555554,0.8028188448480128,3.25,0.3333333333333333,0.5483220848384869,2.0,6.0,1.2105263157894737,0.4131549501122744,0.0,0.0
514,1,12.0,20.0,1.6666666666666667,0.15151515151515152,0.18181818181818182,0.2727272727272727,0.2222222222222222,0.5555555555555556,0.4444444444444444,0.6666666666666666,0.5833333333333334,0.0,0.5714285714285714,0.2857142857142857,0.7361111111111112,0.3560001560548972,0.49444444444444446,0.48762462794425976,NaN,NaN,NaN,NaN,2.2222222222222223,2.5385910352879693,2.113095238095238,0.8377511222901294,3.333333333333333,0.3333333333333333,0.6719758163744431,3.0,5.0,1.3333333333333333,0.5547001962252291,0.0,0.0
515,1,12.0,24.0,2.0,0.18181818181818182,0.18181818181818182,0.18181818181818182,0.2222222222222222,0.4444444444444444,0.2222222222222222,0.6666666666666666,0.5833333333333334,0.0,0.2857142857142857,0.2857142857142857,0.4924554183813443,0.40751001534499665,0.40185185185185185,0.40981401984826915,NaN,NaN,NaN,NaN,2.6666666666666665,2.958039891549808,2.1345315904139435,0.8262104372158939,3.2222222222222223,0.3333333333333333,0.6562958655358209,2.0,5.0,1.2142857142857142,0.4178554470186725,0.0,0.0
516,1,12.0,19.0,1.5833333333333333,0.14393939393939395,0.18181818181818182,0.18181818181818182,0.3333333333333333,0.5555555555555556,0.3333333333333333,0.5555555555555556,0.5833333333333334,0.0,0.42857142857142855,0.42857142857142855,0.708994708994709,0.42287513665895937,0.4629629629629629,0.4697648479246601,NaN,NaN,NaN,NaN,2.111111111111111,1.9649710204252662,2.1041666666666665,0.8219871524469703,3.25,0.1111111111111111,0.5094142950257758,2.0,4.0,1.2083333333333333,0.4148511169990534,0.16666666666666666,0.0
517,1,12.0,39.0,3.25,0.29545454545454547,0.18181818181818182,0.09090909090909091,0.1111111111111111,0.3333333333333333,0.2222222222222222,0.7777777777777778,0.5833333333333334,0.0,0.2857142857142857,0.42857142857142855,0.6717171717171718,0.2965532536695797,0.4015151515151515,0.38368052309395756,NaN,NaN,NaN,NaN,4.333333333333333,4.0,2.28531746031746,0.9083784141896092,3.4,0.4444444444444444,0.8124152160851951,3.0,8.0,1.32,0.551065757771026,0.3333333333333333,0.0
518,1,12.0,23.0,1.9166666666666667,0.17424242424242425,0.18181818181818182,0.09090909090909091,0.2222222222222222,0.4444444444444444,0.3333333333333333,0.5555555555555556,0.5833333333333334,0.0,0.42857142857142855,0.2857142857142857,0.5611111111111111,0.4635311328391127,0.40909090909090906,0.4712827580301755,NaN,NaN,NaN,NaN,2.5555555555555554,3.3208098075285455,2.077777777777778,0.7566984819547299,3.0,0.3333333333333333,0.587828529696364,2.0,5.0,1.12,0.3316624790355401,0.0,0.0
519,1,12.0,13.0,1.0833333333333333,0.09848484848484848,0.18181818181818182,0.5454545454545454,0.4444444444444444,0.4444444444444444,0.2222222222222222,0.4444444444444444,0.5833333333333334,0.0,0.2857142857142857,0.14285714285714285,0.6018518518518519,0.3055555555555555,0.3333333333333333,0.4330127018922194,NaN,NaN,NaN,NaN,1.4444444444444444,0.7264831572567789,2.172222222222222,0.8553850020216053,3.4,0.2222222222222222,0.31802452914767615,2.0,4.0,1.434782608695652,0.5068698018697019,0.0,0.0
52,1,12.0,24.0,2.0,0.18181818181818182,0.18181818181818182,0.09090909090909091,0.3333333333333333,0.4444444444444444,0.2222222222222222,0.4444444444444444,0.5833333333333334,0.0,0.2857142857142857,0.42857142857142855,0.40497076023391815,0.412368178476326,0.27020202020202017,0.4240394536108039,NaN,NaN,NaN,NaN,2.6666666666666665,3.278719262151,2.1510416666666665,0.834900278703264,3.25,0.3333333333333333,0.6567135181550143,2.0,6.0,1.4390243902439024,0.5024331043932554,0.16666666666666666,0.0
520,1,12.0,28.0,2.3333333333333335,0.21212121212121213,0.18181818181818182,0.18181818181818182,0.2222222222222222,0.3333333333333333,0.2222222222222222,0.6666666666666666,0.5833333333333334,0.0,0.2857142857142857,0.42857142857142855,0.5,0.3535533905932738,0.375,0.4050462936504913,NaN,NaN,NaN,NaN,3.111111111111111,2.666666666666667,2.1893939393939394,0.8360836158376603,3.2727272727272725,0.3333333333333333,0.7210437766589995,2.0,5.0,1.2285714285714286,0.42604296149803583,0.16666666666666666,0.0
521,1,12.0,18.0,1.5,0.13636363636363635,0.18181818181818182,0.2727272727272727,0.3333333333333333,0.4444444444444444,0.2222222222222222,0.5555555555555556,0.5833333333333334,0.0,0.2857142857142857,0.42857142857142855,0.6388888888888888,0.3365728004459065,0.3796296296296296,0.42718212497860275,NaN,NaN,NaN,NaN,2.0,1.118033988749895,2.1656746031746033,0.8737045116213092,3.571428571428571,0.4444444444444444,0.4136696939744944,3.0,5.0,1.4516129032258065,0.5679618342470648,0.0,0.0
522,1,12.0,28.0,2.3333333333333335,0.21212121212121213,0.18181818181818182,0.09090909090909091,0.3333333333333333,0.3333333333333333,0.2222222222222222,0.6666666666666666,0.5833333333333334,0.0,0.2857142857142857,0.42857142857142855,0.838031550068587,0.13249656860322453,0.42962962962962964,0.4066955059598043,NaN,NaN,NaN,NaN,3.111111111111111,1.6914819275153699,2.435085978835979,1.0900753985035203,3.888888888888889,0.4444444444444444,0.7091128529201043,4.0,7.0,1.6041666666666667,0.7646326703505257,0.16666666666666666,0.0
523,1,12.0,25.0,2.0833333333333335,0.1893939393939394,0.18181818181818182,0.18181818181818182,0.2222222222222222,0.4444444444444444,0.3333333333333333,0.6666666666666666,0.5833333333333334,0.0,0.42857142857142855,0.42857142857142855,0.6488095238095238,0.3427920325080797,0.39722222222222225,0.4607135166721772,NaN,NaN,NaN,NaN,2.7777777777777777,2.4381231397212986,2.251984126984127,0.9607429620343143,3.833333333333333,0.5555555555555556,0.7615766902798604,3.0,6.0,1.525,0.6400120191179105,0.0,0.0
524,1,12.0,21.0,1.75,0.1590909090909091,0.18181818181818182,0.09090909090909091,0.2222222222222222,0.6666666666666666,0.3333333333333333,0.5555555555555556,0.5833333333333334,0.0,0.42857142857142855,0.2857142857142857,0.4703703703703704,0.4709459878338387,0.42760942760942755,0.4785203616958155,NaN,NaN,NaN,NaN,2.3333333333333335,3.3166247903553994,1.988888888888889,0.7229755201205658,3.0,0.1111111111111111,0.4816198417400097,2.0,4.0,1.0909090909090908,0.29424494316824984,0.0,0.0
525,1,12.0,24.0,2.0,0.18181818181818182,0.18181818181818182,0.18181818181818182,0.2222222222222222,0.4444444444444444,0.3333333333333333,0.7777777777777778,0.5833333333333334,0.0,0.42857142857142855,0.42857142857142855,0.8657407407407407,0.15735788486177169,0.5277777777777778,0.4124789556921527,NaN,NaN,NaN,NaN,2.6666666666666665,1.3228756555322954,2.1931547619047618,0.8797748836245123,3.5,0.4444444444444444,0.5865628951959917,4.0,5.0,1.5365853658536586,0.7449013684914855,0.16666666666666666,0.0
526,1,12.0,22.0,1.8333333333333333,0.16666666666666666,0.18181818181818182,0.09090909090909091,0.2222222222222222,0.5555555555555556,0.4444444444444444,0.7777777777777778,0.5833333333333334,0.0,0.5714285714285714,0.42857142857142855,0.887037037037037,0.18704162077258252,0.5572390572390572,0.4471479984491601,NaN,NaN,NaN,NaN,2.4444444444444446,3.2829526005987013,2.0225694444444446,0.7375576897769816,3.0,0.2222222222222222,0.5167862241227038,2.0,4.0,1.125,0.3378319623460881,0.0,0.0
527,1,12.0,14.0,1.1666666666666667,0.10606060606060606,0.18181818181818182,0.36363636363636365,0.2222222222222222,0.4444444444444444,0.2222222222222222,0.5555555555555556,0.5833333333333334,0.0,0.2857142857142857,0.42857142857142855,0.6296296296296295,0.4148106811963355,0.3888888888888889,0.42491829279939874,NaN,NaN,NaN,NaN,1.5555555555555556,0.881917103688197,2.0694444444444446,0.7569820906216246,3.0,0.2222222222222222,0.4295623464921123,2.0,4.0,1.3333333333333333,0.48304589153964794,0.0,0.0
528,1,12.0,18.0,1.5,0.13636363636363635,0.18181818181818182,0.2727272727272727,0.2222222222222222,0.5555555555555556,0.3333333333333333,0.6666666666666666,0.5833333333333334,0.0,0.42857142857142855,0.42857142857142855,0.6666666666666666,0.408248290463863,0.4574074074074074,0.4560634025664566,NaN,NaN,NaN,NaN,2.0,1.5811388300841898,2.0462962962962963,0.7512926881912217,3.0,0.2222222222222222,0.43420484768585127,2.0,4.0,1.2173913043478262,0.42174116783665,0.0,0.0
529,1,12.0,25.0,2.0833333333333335,0.1893939393939394,0.18181818181818182,0.09090909090909091,0.2222222222222222,0.3333333333333333,0.2222222222222222,0.5555555555555556,0.5833333333333334,0.0,0.2857142857142857,0.2857142857142857,0.4296296296296297,0.4162312539804327,0.3314814814814815,0.4099834383887799,NaN,NaN,NaN,NaN,2.7777777777777777,2.1666666666666665,2.0686868686868682,0.7326526601441397,3.090909090909091,0.5555555555555556,0.4922317572512447,2.0,4.0,1.1724137931034482,0.38442587221924474,0.0,0.0
53,1,12.0,18.0,1.5,0.13636363636363635,0.18181818181818182,0.2727272727272727,0.2222222222222222,0.4444444444444444,0.3333333333333333,0.6666666666666666,0.5833333333333334,0.0,0.42857142857142855,0.14285714285714285,0.6888888888888889,0.34439963866286377,0.4722222222222222,0.4409585518440985,NaN,NaN,NaN,NaN,2.0,1.0,2.1472222222222226,0.8465567016793673,3.6,0.4444444444444444,0.6738717405638656,3.0,5.0,1.4642857142857142,0.6372477195601849,0.16666666666666666,0.0
530,1,12.0,32.0,2.6666666666666665,0.24242424242424243,0.18181818181818182,0.09090909090909091,0.3333333333333333,0.3333333333333333,0.2222222222222222,0.5555555555555556,0.5833333333333334,0.0,0.2857142857142857,0.42857142857142855,0.6169312169312168,0.24548756943409908,0.3202020202020202,0.4183739128409202,NaN,NaN,NaN,NaN,3.5555555555555554,3.5039660069381067,2.357127192982456,0.9835243204280713,3.5,0.5555555555555556,0.7431472096195418,3.0,7.0,1.3095238095238095,0.5174088932690606,0.0,0.0
531,1,12.0,22.0,1.8333333333333333,0.16666666666666666,0.18181818181818182,0.2727272727272727,0.2222222222222222,0.4444444444444444,0.2222222222222222,0.5555555555555556,0.5833333333333334,0.0,0.2857142857142857,0.42857142857142855,0.41203703703703703,0.3944297728100813,0.3055555555555556,0.4124789556921527,NaN,NaN,NaN,NaN,2.4444444444444446,2.242270674512285,2.064814814814815,0.7418972453337086,3.0,0.3333333333333333,0.4913676828766144,2.0,4.0,1.3125,0.47092907485988494,0.0,0.0
532,1,12.0,16.0,1.3333333333333333,0.12121212121212122,0.18181818181818182,0.36363636363636365,0.4444444444444444,0.3333333333333333,0.2222222222222222,0.4444444444444444,0.5833333333333334,0.0,0.2857142857142857,0.42857142857142855,0.6180555555555556,0.26962873136551635,0.3333333333333333,0.4330127018922194,NaN,NaN,NaN,NaN,1.7777777777777777,0.9718253158075502,2.4166666666666665,1.0998163299369397,4.333333333333334,0.6666666666666666,0.45427496160446784,4.0,5.0,1.7714285714285714,0.8431633114337335,0.0,0.0
533,1,12.0,25.0,2.0833333333333335,0.1893939393939394,0.18181818181818182,0.09090909090909091,0.1111111111111111,0.5555555555555556,0.4444444444444444,0.6666666666666666,0.5833333333333334,0.0,0.5714285714285714,0.2857142857142857,0.6342592592592593,0.4245186089946071,0.5016835016835017,0.48463800145030933,NaN,NaN,NaN,NaN,2.7777777777777777,3.270236145058097,1.9682539682539684,0.6719283189250026,3.0,0.3333333333333333,0.5177718411774157,2.0,6.0,1.25,0.43994134506405985,0.0,0.0
534,1,12.0,17.0,1.4166666666666667,0.12878787878787878,0.18181818181818182,0.18181818181818182,0.2222222222222222,0.5555555555555556,0.3333333333333333,0.6666666666666666,0.5833333333333334,0.0,0.42857142857142855,0.42857142857142855,0.7366255144032922,0.3554612357750116,0.48148148148148145,0.4444444444444445,NaN,NaN,NaN,NaN,1.8888888888888888,1.0540925533894598,2.0388888888888888,0.7693409659478181,3.333333333333333,0.3333333333333333,0.32704859625707844,2.0,4.0,1.3461538461538463,0.485164524037584,0.0,0.0
535,1,12.0,26.0,2.1666666666666665,0.19696969696969696,0.18181818181818182,0.09090909090909091,0.2222222222222222,0.3333333333333333,0.2222222222222222,0.4444444444444444,0.5833333333333334,0.0,0.2857142857142857,0.42857142857142855,0.4303350970017637,0.3932933640706366,0.2962962962962963,0.43122707489611173,NaN,NaN,NaN,NaN,2.888888888888889,2.3154073315749675,2.1547619047619047,0.8073244888793223,3.333333333333333,0.5555555555555556,0.529971251388317,2.0,5.0,1.2424242424242424,0.4351941398892447,0.0,0.0
536,1,12.0,23.0,1.9166666666666667,0.17424242424242425,0.18181818181818182,0.18181818181818182,0.2222222222222222,0.4444444444444444,0.3333333333333333,0.5555555555555556,0.5833333333333334,0.0,0.42857142857142855,0.2857142857142857,0.605324074074074,0.3396394239065968,0.3796296296296296,0.4734461263627587,NaN,NaN,NaN,NaN,2.5555555555555554,1.810463415200036,2.3333333333333335,1.0420453856999636,3.833333333333333,0.4444444444444444,0.7595100470949152,3.0,6.0,1.5,0.6472394602609756,0.0,0.0
537,1,12.0,31.0,2.5833333333333335,0.23484848484848486,0.18181818181818182,0.09090909090909091,0.1111111111111111,0.4444444444444444,0.3333333333333333,0.8888888888888888,0.5833333333333334,0.0,0.42857142857142855,0.42857142857142855,0.8355555555555555,0.1353185542012296,0.5424242424242425,0.3922048058523769,NaN,NaN,NaN,NaN,3.4444444444444446,3.3952581312438936,2.1613756613756614,0.8298479530345072,3.0476190476190474,0.2222222222222222,0.7597055362318206,3.0,7.0,1.4565217391304348,0.6220582944862405,0.0,0.0
538,1,12.0,12.0,1.0,0.09090909090909091,0.18181818181818182,0.36363636363636365,0.4444444444444444,0.5555555555555556,0.3333333333333333,0.3333333333333333,0.5833333333333334,0.0,0.42857142857142855,0.42857142857142855,0.5925925925925926,0.46481112585226425,0.3333333333333333,0.5,NaN,NaN,NaN,NaN,1.3333333333333333,1.0,2.308333333333333,1.1657680521935534,4.5,0.2222222222222222,0.6789028582272216,4.0,5.0,1.6956521739130435,0.8756702684071968,0.16666666666666666,0.0
539,1,12.0,22.0,1.8333333333333333,0.16666666666666666,0.18181818181818182,0.09090909090909091,0.2222222222222222,0.5555555555555556,0.4444444444444444,0.5555555555555556,0.5833333333333334,0.0,0.5714285714285714,0.2857142857142857,0.7865961199294532,0.22648423017944153,0.5185185185185185,0.5030769521187454,NaN,NaN,NaN,NaN,2.4444444444444446,1.9436506316151,2.1456043956043955,0.880844028026743,3.4615384615384617,0.2222222222222222,0.5488891570925886,2.0,5.0,1.3225806451612903,0.4751909633114914,0.0,0.0
54,1,12.0,24.0,2.0,0.18181818181818182,0.18181818181818182,0.09090909090909091,0.3333333333333333,0.4444444444444444,0.2222222222222222,0.5555555555555556,0.5833333333333334,0.0,0.2857142857142857,0.2857142857142857,0.4672364672364673,0.3975450176456266,0.3202020202020202,0.4183739128409202,NaN,NaN,NaN,NaN,2.6666666666666665,3.391164991562634,2.1949891067538125,0.8679502021512795,3.2222222222222223,0.2222222222222222,0.705943690566487,2.0,5.0,1.3125,0.47092907485988494,0.16666666666666666,0.0
540,1,12.0,20.0,1.6666666666666667,0.15151515151515152,0.18181818181818182,0.2727272727272727,0.2222222222222222,0.3333333333333333,0.2222222222222222,0.6666666666666666,0.5833333333333334,0.0,0.2857142857142857,0.2857142857142857,0.45601851851851855,0.403226522052332,0.39814814814814814,0.39479640009866374,NaN,NaN,NaN,NaN,2.2222222222222223,1.7159383568311666,2.192857142857143,0.9007006137154066,4.0,0.4444444444444444,0.5953358816920706,3.0,4.0,1.28,0.5416025603090641,0.0,0.0
541,1,12.0,17.0,1.4166666666666667,0.12878787878787878,0.18181818181818182,0.2727272727272727,0.1111111111111111,0.6666666666666666,0.4444444444444444,0.6666666666666666,0.5833333333333334,0.0,0.5714285714285714,0.2857142857142857,0.6319444444444444,0.4151012259410683,0.5138888888888888,0.485912657903775,NaN,NaN,NaN,NaN,1.8888888888888888,2.3154073315749675,1.9907407407407407,0.7561321824201327,3.5,0.3333333333333333,0.39476765732260016,3.0,4.0,1.2727272727272727,0.5504818825631803,0.0,0.0
542,1,12.0,21.0,1.75,0.1590909090909091,0.18181818181818182,0.09090909090909091,0.1111111111111111,0.5555555555555556,0.3333333333333333,0.6666666666666666,0.5833333333333334,0.0,0.42857142857142855,0.2857142857142857,0.5486111111111112,0.4044766315698734,0.42901234567901236,0.45667019613547016,NaN,NaN,NaN,NaN,2.3333333333333335,2.692582403567252,2.0277777777777777,0.7548942441596173,3.333333333333333,0.3333333333333333,0.5207341175341033,3.0,5.0,1.4545454545454546,0.6169941800226468,0.0,0.0
543,1,12.0,21.0,1.75,0.1590909090909091,0.18181818181818182,0.09090909090909091,0.3333333333333333,0.5555555555555556,0.3333333333333333,0.5555555555555556,0.5833333333333334,0.0,0.42857142857142855,0.42857142857142855,0.6995884773662551,0.423683486812277,0.4185185185185185,0.4845132468981143,NaN,NaN,NaN,NaN,2.3333333333333335,2.958039891549808,2.130952380952381,0.8629851400147102,3.5,0.2222222222222222,0.5263005087035478,2.0,4.0,1.2,0.408248290463863,0.0,0.0
544,1,12.0,13.0,1.0833333333333333,0.09848484848484848,0.18181818181818182,0.5454545454545454,0.3333333333333333,0.5555555555555556,0.3333333333333333,0.4444444444444444,0.5833333333333334,0.0,0.42857142857142855,0.14285714285714285,0.3611111111111111,0.4859126579037751,0.3611111111111111,0.4859126579037751,NaN,NaN,NaN,NaN,1.4444444444444444,1.0137937550497031,2.125,0.9076693430779935,4.0,0.1111111111111111,0.28867513459481287,3.0,4.0,1.3333333333333333,0.5940885257860046,0.0,0.0
545,1,12.0,21.0,1.75,0.1590909090909091,0.18181818181818182,0.36363636363636365,0.3333333333333333,0.3333333333333333,0.2222222222222222,0.6666666666666666,0.5833333333333334,0.0,0.2857142857142857,0.2857142857142857,0.7337962962962963,0.20379903598373875,0.37407407407407406,0.41080130969774514,NaN,NaN,NaN,NaN,2.3333333333333335,1.6583123951777001,2.2720959595959593,0.8953053038393944,3.333333333333333,0.4444444444444444,0.7505463013936312,3.0,6.0,1.4857142857142858,0.6122008787696948,0.0,0.0
546,1,12.0,16.0,1.3333333333333333,0.12121212121212122,0.18181818181818182,0.45454545454545453,0.3333333333333333,0.5555555555555556,0.3333333333333333,0.5555555555555556,0.5833333333333334,0.0,0.42857142857142855,0.42857142857142855,0.6481481481481481,0.41201102706087017,0.4629629629629629,0.4697648479246601,NaN,NaN,NaN,NaN,1.7777777777777777,1.2018504251546631,2.069444444444444,0.7960075038138437,3.333333333333333,0.2222222222222222,0.4944132324730442,2.0,4.0,1.2380952380952381,0.4364357804719847,0.0,0.0
547,1,12.0,17.0,1.4166666666666667,0.12878787878787878,0.18181818181818182,0.2727272727272727,0.2222222222222222,0.6666666666666666,0.5555555555555556,0.7777777777777778,0.5833333333333334,0.0,0.7142857142857143,0.2857142857142857,0.9259259259259258,0.14698618394803284,0.6518518518518519,0.45555555555555555,NaN,NaN,NaN,NaN,1.8888888888888888,1.4529663145135578,1.9907407407407407,0.7254525014340273,3.0,0.1111111111111111,0.4020869667507163,2.0,3.0,1.2,0.41039134083406165,0.0,0.0
548,1,12.0,24.0,2.0,0.18181818181818182,0.18181818181818182,0.09090909090909091,0.2222222222222222,0.4444444444444444,0.2222222222222222,0.5555555555555556,0.5833333333333334,0.0,0.2857142857142857,0.42857142857142855,0.5158346752549652,0.4460482103033567,0.2993827160493827,0.41522383934775303,NaN,NaN,NaN,NaN,2.6666666666666665,2.6457513110645907,2.2109126984126983,0.8998800043309867,3.4,0.4444444444444444,0.6985714423905163,4.0,6.0,1.6341463414634145,0.7986268703523445,0.16666666666666666,0.0
549,1,12.0,16.0,1.3333333333333333,0.12121212121212122,0.18181818181818182,0.36363636363636365,0.2222222222222222,0.5555555555555556,0.3333333333333333,0.6666666666666666,0.5833333333333334,0.0,0.42857142857142855,0.42857142857142855,0.6851851851851852,0.3480545579483797,0.48148148148148145,0.4365620457083809,NaN,NaN,NaN,NaN,1.7777777777777777,1.6414763002993507,2.09375,0.8344925649213963,3.5,0.3333333333333333,0.5698592662520575,3.0,5.0,1.3478260869565217,0.5727680517510726,0.0,0.0
55,1,12.0,19.0,1.5833333333333333,0.14393939393939395,0.18181818181818182,0.2727272727272727,0.3333333333333333,0.4444444444444444,0.3333333333333333,0.6666666666666666,0.5833333333333334,0.0,0.42857142857142855,0.2857142857142857,0.7928669410150891,0.21726095713230972,0.4666666666666667,0.45215533220835125,NaN,NaN,NaN,NaN,2.111111111111111,1.4529663145135578,2.2338383838383837,0.9215327060465284,3.4,0.4444444444444444,0.7543960205223926,4.0,5.0,1.6363636363636365,0.8222751143238882,0.16666666666666666,0.0
550,1,12.0,19.0,1.5833333333333333,0.14393939393939395,0.18181818181818182,0.18181818181818182,0.2222222222222222,0.6666666666666666,0.5555555555555556,0.6666666666666666,0.5833333333333334,0.0,0.7142857142857143,0.14285714285714285,0.8359788359788358,0.2206220733955181,0.6296296296296295,0.48432210483785265,NaN,NaN,NaN,NaN,2.111111111111111,2.0275875100994067,2.0787037037037037,0.8666596520479312,3.5,0.2222222222222222,0.5088027370744916,3.0,5.0,1.32,0.5567764362830022,0.0,0.0
551,1,12.0,20.0,1.6666666666666667,0.15151515151515152,0.18181818181818182,0.18181818181818182,0.1111111111111111,0.5555555555555556,0.3333333333333333,0.5555555555555556,0.5833333333333334,0.0,0.42857142857142855,0.42857142857142855,0.4907407407407407,0.4339027597725919,0.4074074074074074,0.4722222222222222,NaN,NaN,NaN,NaN,2.2222222222222223,1.922093765778466,2.001984126984127,0.7132357603041778,3.166666666666667,0.4444444444444444,0.4587973272248561,2.0,4.0,1.173913043478261,0.3875533878815898,0.0,0.0
552,1,12.0,29.0,2.4166666666666665,0.2196969696969697,0.18181818181818182,0.09090909090909091,0.2222222222222222,0.3333333333333333,0.2222222222222222,0.7777777777777778,0.5833333333333334,0.0,0.2857142857142857,0.42857142857142855,0.7824074074074073,0.1873713550448895,0.45185185185185184,0.377808413790461,NaN,NaN,NaN,NaN,3.2222222222222223,1.855921454276674,2.228009259259259,0.8557682556779684,3.333333333333333,0.5555555555555556,0.6865561834655598,2.0,5.0,1.25,0.43915503282683993,0.0,0.0
553,1,12.0,22.0,1.8333333333333333,0.16666666666666666,0.18181818181818182,0.18181818181818182,0.1111111111111111,0.4444444444444444,0.3333333333333333,0.7777777777777778,0.5833333333333334,0.0,0.42857142857142855,0.42857142857142855,0.6791666666666667,0.3658252656665474,0.48518518518518516,0.4173697771331766,NaN,NaN,NaN,NaN,2.4444444444444446,1.8782379449307742,2.095734126984127,0.7773663606377224,3.25,0.5555555555555556,0.6024713190679672,2.0,5.0,1.2307692307692308,0.4296689244236597,0.0,0.0
554,1,12.0,25.0,2.0833333333333335,0.1893939393939394,0.18181818181818182,0.09090909090909091,0.2222222222222222,0.5555555555555556,0.3333333333333333,0.6666666666666666,0.5833333333333334,0.0,0.42857142857142855,0.42857142857142855,0.6768837803320562,0.40570985975696705,0.4553872053872053,0.4573845119550392,NaN,NaN,NaN,NaN,2.7777777777777777,3.270236145058097,2.149305555555556,0.893201442755254,3.666666666666667,0.2222222222222222,0.6279651883486678,3.0,6.0,1.6097560975609757,0.7706506595237496,0.16666666666666666,0.0
555,1,12.0,23.0,1.9166666666666667,0.17424242424242425,0.18181818181818182,0.09090909090909091,0.3333333333333333,0.4444444444444444,0.3333333333333333,0.5555555555555556,0.5833333333333334,0.0,0.42857142857142855,0.42857142857142855,0.6527777777777778,0.4124789556921527,0.43209876543209874,0.4761096345252756,NaN,NaN,NaN,NaN,2.5555555555555554,2.650995620097811,2.1538461538461537,0.8491681845794685,3.5,0.3333333333333333,0.5645371562698279,3.0,4.0,1.2592592592592593,0.5256931389634797,0.0,0.0
556,1,12.0,25.0,2.0833333333333335,0.1893939393939394,0.18181818181818182,0.09090909090909091,0.1111111111111111,0.4444444444444444,0.3333333333333333,0.6666666666666666,0.5833333333333334,0.0,0.42857142857142855,0.2857142857142857,0.5820105820105819,0.4079637212218843,0.4574074074074074,0.4560634025664566,NaN,NaN,NaN,NaN,2.7777777777777777,2.1666666666666665,2.0416666666666665,0.7355510543363756,3.166666666666667,0.4444444444444444,0.5669933698743588,2.0,5.0,1.2333333333333334,0.43018306715207627,0.0,0.0
557,1,12.0,21.0,1.75,0.1590909090909091,0.18181818181818182,0.2727272727272727,0.3333333333333333,0.3333333333333333,0.2222222222222222,0.6666666666666666,0.5833333333333334,0.0,0.2857142857142857,0.2857142857142857,0.7827160493827161,0.18264930379167335,0.41111111111111115,0.40688518719112343,NaN,NaN,NaN,NaN,2.3333333333333335,1.5,2.292361111111111,0.9247949426910465,3.5,0.4444444444444444,0.7094971764469844,4.0,6.0,1.6216216216216217,0.7941225539113158,0.16666666666666666,0.0
558,1,12.0,17.0,1.4166666666666667,0.12878787878787878,0.18181818181818182,0.36363636363636365,0.3333333333333333,0.4444444444444444,0.3333333333333333,0.5555555555555556,0.5833333333333334,0.0,0.42857142857142855,0.42857142857142855,0.7361111111111112,0.3448530282759761,0.3925925925925926,0.4695677024247875,NaN,NaN,NaN,NaN,1.8888888888888888,1.3642254619787415,2.242261904761905,0.9645019398427463,4.0,0.3333333333333333,0.6270910398569793,3.0,5.0,1.65625,0.745280852019624,0.0,0.0
559,1,12.0,18.0,1.5,0.13636363636363635,0.18181818181818182,0.18181818181818182,0.3333333333333333,0.4444444444444444,0.2222222222222222,0.4444444444444444,0.5833333333333334,0.0,0.2857142857142857,0.42857142857142855,0.5416666666666666,0.3644344934278313,0.3333333333333333,0.43301270189221935,NaN,NaN,NaN,NaN,2.0,1.224744871391589,2.2291666666666665,1.0082519376113142,4.25,0.4444444444444444,0.37267799624996495,3.0,5.0,1.5161290322580645,0.6768046366042657,0.0,0.0
56,1,12.0,28.0,2.3333333333333335,0.21212121212121213,0.18181818181818182,0.09090909090909091,0.2222222222222222,0.5555555555555556,0.3333333333333333,0.6666666666666666,0.5833333333333334,0.0,0.42857142857142855,0.42857142857142855,0.6406333870101987,0.4045925765569567,0.42496392496392493,0.45800067915046194,NaN,NaN,NaN,NaN,3.111111111111111,3.551212625443753,2.108333333333333,0.832802861462787,3.4,0.2222222222222222,0.5593245170238074,3.0,6.0,1.3846153846153846,0.6330953455832622,0.16666666666666666,0.0
560,1,12.0,24.0,2.0,0.18181818181818182,0.18181818181818182,0.36363636363636365,0.2222222222222222,0.3333333333333333,0.2222222222222222,0.6666666666666666,0.5833333333333334,0.0,0.2857142857142857,0.2857142857142857,0.7372685185185186,0.18383113183262567,0.4351851851851852,0.403495529064832,NaN,NaN,NaN,NaN,2.6666666666666665,2.23606797749979,2.4069444444444446,1.0421049582972648,3.666666666666667,0.6666666666666666,0.7853735380078058,3.0,6.0,1.525,0.678894274462111,0.0,0.0
561,1,12.0,23.0,1.9166666666666667,0.17424242424242425,0.18181818181818182,0.09090909090909091,0.4444444444444444,0.3333333333333333,0.2222222222222222,0.4444444444444444,0.5833333333333334,0.0,0.2857142857142857,0.42857142857142855,0.7164021164021164,0.2604625998795298,0.3101851851851852,0.44639329666633887,NaN,NaN,NaN,NaN,2.5555555555555554,2.455153310442706,2.5115440115440117,1.1832431456056627,4.333333333333334,0.4444444444444444,0.7331095885569188,4.0,6.0,1.6341463414634145,0.8293400255919042,0.0,0.0
562,1,12.0,32.0,2.6666666666666665,0.24242424242424243,0.18181818181818182,0.09090909090909091,0.3333333333333333,0.3333333333333333,0.2222222222222222,0.6666666666666666,0.5833333333333334,0.0,0.2857142857142857,0.42857142857142855,0.7348765432098765,0.17843363780447108,0.38131313131313127,0.40108610581663784,NaN,NaN,NaN,NaN,3.5555555555555554,3.2829526005987013,2.4020111832611835,1.0465158232818152,3.833333333333333,0.6666666666666666,0.7913904591324248,3.0,7.0,1.4042553191489362,0.577083162874525,0.16666666666666666,0.0
563,1,12.0,24.0,2.0,0.18181818181818182,0.18181818181818182,0.09090909090909091,0.3333333333333333,0.4444444444444444,0.2222222222222222,0.5555555555555556,0.5833333333333334,0.0,0.2857142857142857,0.2857142857142857,0.5211640211640212,0.35782562601694234,0.33068783068783064,0.4179308109740185,NaN,NaN,NaN,NaN,2.6666666666666665,2.5495097567963922,2.25,0.9580862659120487,3.666666666666667,0.3333333333333333,0.5740286200902963,3.0,5.0,1.3888888888888888,0.549169647365276,0.0,0.0
564,1,12.0,17.0,1.4166666666666667,0.12878787878787878,0.18181818181818182,0.45454545454545453,0.2222222222222222,0.5555555555555556,0.3333333333333333,0.6666666666666666,0.5833333333333334,0.0,0.42857142857142855,0.2857142857142857,0.6083333333333333,0.4213074886588179,0.46111111111111114,0.4414307546049676,NaN,NaN,NaN,NaN,1.8888888888888888,1.536590742882148,2.0,0.7083912632282966,3.0,0.2222222222222222,0.37337884876607885,2.0,3.0,1.105263157894737,0.3153017676423058,0.0,0.0
565,1,12.0,19.0,1.5833333333333333,0.14393939393939395,0.18181818181818182,0.36363636363636365,0.3333333333333333,0.3333333333333333,0.2222222222222222,0.4444444444444444,0.5833333333333334,0.0,0.2857142857142857,0.42857142857142855,0.48148148148148145,0.3333333333333333,0.2814814814814815,0.4239729784075314,NaN,NaN,NaN,NaN,2.111111111111111,1.536590742882148,2.3422619047619047,0.9934220495760083,3.857142857142857,0.3333333333333333,0.7402093983833671,3.0,6.0,1.6111111111111112,0.6877614942811737,0.16666666666666666,0.0
566,1,12.0,34.0,2.8333333333333335,0.25757575757575757,0.18181818181818182,0.09090909090909091,0.2222222222222222,0.3333333333333333,0.2222222222222222,0.7777777777777778,0.5833333333333334,0.0,0.2857142857142857,0.42857142857142855,0.7403703703703705,0.18219681394674736,0.39920634920634923,0.3854569982574826,NaN,NaN,NaN,NaN,3.7777777777777777,2.682246156571847,2.3389194139194136,0.965464690715136,3.5384615384615383,0.5555555555555556,0.7765219037522073,3.0,7.0,1.3877551020408163,0.5329292687047474,0.16666666666666666,0.0
567,1,12.0,30.0,2.5,0.22727272727272727,0.18181818181818182,0.09090909090909091,0.2222222222222222,0.3333333333333333,0.2222222222222222,0.6666666666666666,0.5833333333333334,0.0,0.2857142857142857,0.42857142857142855,0.7329416615130901,0.19513080970289648,0.4166666666666667,0.3952847075210474,NaN,NaN,NaN,NaN,3.3333333333333335,2.6457513110645903,2.400462962962963,1.0203791860678963,3.6470588235294117,0.5555555555555556,0.813114873106263,3.0,7.0,1.4222222222222223,0.5834415484039858,0.16666666666666666,0.0
568,1,12.0,27.0,2.25,0.20454545454545456,0.18181818181818182,0.09090909090909091,0.2222222222222222,0.5555555555555556,0.3333333333333333,0.6666666666666666,0.5833333333333334,0.0,0.42857142857142855,0.42857142857142855,0.7213403880070546,0.34067251028848505,0.466931216931217,0.45088167036954724,NaN,NaN,NaN,NaN,3.0,2.5,2.076388888888889,0.794121658660818,3.25,0.2222222222222222,0.558290986473644,2.0,5.0,1.2777777777777777,0.45425676257949793,0.0,0.0
569,1,12.0,16.0,1.3333333333333333,0.12121212121212122,0.18181818181818182,0.2727272727272727,0.2222222222222222,0.5555555555555556,0.3333333333333333,0.4444444444444444,0.5833333333333334,0.0,0.42857142857142855,0.42857142857142855,0.5432098765432098,0.4487876138658424,0.3703703703703704,0.48432210483785265,NaN,NaN,NaN,NaN,1.7777777777777777,1.2018504251546631,2.1166666666666667,0.8538090530030114,3.4,0.3333333333333333,0.5344432894420413,3.0,5.0,1.5172413793103448,0.6336227840855435,0.0,0.0
57,1,12.0,20.0,1.6666666666666667,0.15151515151515152,0.18181818181818182,0.18181818181818182,0.2222222222222222,0.5555555555555556,0.4444444444444444,0.5555555555555556,0.5833333333333334,0.0,0.5714285714285714,0.2857142857142857,0.5925925925925927,0.4648111258522642,0.4722222222222222,0.5068968775248517,NaN,NaN,NaN,NaN,2.2222222222222223,2.048034287907418,2.0444444444444443,0.760426957865881,3.2,0.3333333333333333,0.5183503974175422,2.0,4.0,1.2173913043478262,0.42174116783665,0.0,0.0
570,1,12.0,26.0,2.1666666666666665,0.19696969696969696,0.18181818181818182,0.09090909090909091,0.2222222222222222,0.4444444444444444,0.2222222222222222,0.7777777777777778,0.5833333333333334,0.0,0.2857142857142857,0.42857142857142855,0.7141927083333334,0.19523435936874686,0.42901234567901236,0.38216183487942484,NaN,NaN,NaN,NaN,2.888888888888889,2.571208103423585,2.2203839869281046,0.9211006287491138,3.625,0.3333333333333333,0.5412520850184916,3.0,6.0,1.3846153846153846,0.5436419397953522,0.0,0.0
571,1,12.0,25.0,2.0833333333333335,0.1893939393939394,0.18181818181818182,0.09090909090909091,0.3333333333333333,0.3333333333333333,0.2222222222222222,0.5555555555555556,0.5833333333333334,0.0,0.2857142857142857,0.42857142857142855,0.5888888888888888,0.39122315314351674,0.32098765432098764,0.40992488187367876,NaN,NaN,NaN,NaN,2.7777777777777777,2.7284509239574835,2.21875,0.8596461349140861,3.375,0.3333333333333333,0.6366415789123423,2.0,5.0,1.2941176470588236,0.46249729006288026,0.0,0.0
572,1,12.0,25.0,2.0833333333333335,0.1893939393939394,0.18181818181818182,0.18181818181818182,0.2222222222222222,0.4444444444444444,0.3333333333333333,0.7777777777777778,0.5833333333333334,0.0,0.42857142857142855,0.42857142857142855,0.8842592592592592,0.1469861839480328,0.4975308641975309,0.4357403865827841,NaN,NaN,NaN,NaN,2.7777777777777777,2.6822461565718467,2.2462962962962965,0.9629480703329099,4.0,0.2222222222222222,0.6202044001314301,3.0,4.0,1.3636363636363635,0.6030226891555273,0.0,0.0
573,1,12.0,23.0,1.9166666666666667,0.17424242424242425,0.18181818181818182,0.18181818181818182,0.3333333333333333,0.3333333333333333,0.2222222222222222,0.6666666666666666,0.5833333333333334,0.0,0.2857142857142857,0.42857142857142855,0.8248456790123456,0.19150109148098554,0.4166666666666667,0.4039733214513607,NaN,NaN,NaN,NaN,2.5555555555555554,1.3333333333333333,2.2687500000000003,0.9127957179606359,3.5,0.5555555555555556,0.5425952312546041,2.0,5.0,1.3428571428571427,0.4815939919779354,0.0,0.0
574,1,12.0,25.0,2.0833333333333335,0.1893939393939394,0.18181818181818182,0.09090909090909091,0.1111111111111111,0.5555555555555556,0.3333333333333333,0.7777777777777778,0.5833333333333334,0.0,0.42857142857142855,0.2857142857142857,0.6680555555555556,0.35887797756030915,0.49242424242424243,0.42030095474788476,NaN,NaN,NaN,NaN,2.7777777777777777,3.231786571610886,2.0034313725490196,0.7068285028580507,3.0,0.3333333333333333,0.4975275664263184,2.0,4.0,1.1111111111111112,0.32025630761017426,0.0,0.0
575,1,12.0,23.0,1.9166666666666667,0.17424242424242425,0.18181818181818182,0.09090909090909091,0.1111111111111111,0.5555555555555556,0.4444444444444444,0.5555555555555556,0.5833333333333334,0.0,0.5714285714285714,0.42857142857142855,0.7662037037037037,0.2374857857994666,0.5,0.5,NaN,NaN,NaN,NaN,2.5555555555555554,1.810463415200036,2.073611111111111,0.7992249507401042,3.416666666666667,0.3333333333333333,0.4431578600102777,2.0,4.0,1.3125,0.47092907485988494,0.0,0.0
576,1,12.0,27.0,2.25,0.20454545454545456,0.18181818181818182,0.09090909090909091,0.2222222222222222,0.3333333333333333,0.2222222222222222,0.6666666666666666,0.5833333333333334,0.0,0.2857142857142857,0.2857142857142857,0.6972222222222222,0.22895293063082736,0.42760942760942755,0.4080217353983659,NaN,NaN,NaN,NaN,3.0,3.1622776601683795,2.3900252525252523,1.0150837645113797,3.666666666666667,0.4444444444444444,0.8699084533416506,3.0,6.0,1.4651162790697674,0.6305265074788244,0.16666666666666666,0.0
577,1,12.0,31.0,2.5833333333333335,0.23484848484848486,0.18181818181818182,0.09090909090909091,0.1111111111111111,0.3333333333333333,0.2222222222222222,0.6666666666666666,0.5833333333333334,0.0,0.2857142857142857,0.42857142857142855,0.5709876543209877,0.3528806210594579,0.33730158730158727,0.4076403254348555,NaN,NaN,NaN,NaN,3.4444444444444446,2.4037008503093262,2.330128205128205,0.946697827210176,3.3076923076923075,0.4444444444444444,0.8270803128253826,3.0,7.0,1.4791666666666667,0.6184945116918239,0.16666666666666666,0.0
578,1,12.0,25.0,2.0833333333333335,0.1893939393939394,0.18181818181818182,0.09090909090909091,0.2222222222222222,0.4444444444444444,0.3333333333333333,0.6666666666666666,0.5833333333333334,0.0,0.42857142857142855,0.42857142857142855,0.7129629629629629,0.25961327714119914,0.45185185185185184,0.45919951821715166,NaN,NaN,NaN,NaN,2.7777777777777777,3.032234233110042,2.2060185185185186,0.9079751968525978,3.666666666666667,0.4444444444444444,0.7733804264077397,3.0,6.0,1.5434782608695652,0.6220582944862405,0.16666666666666666,0.0
579,1,12.0,22.0,1.8333333333333333,0.16666666666666666,0.18181818181818182,0.2727272727272727,0.2222222222222222,0.3333333333333333,0.2222222222222222,0.7777777777777778,0.5833333333333334,0.0,0.2857142857142857,0.2857142857142857,0.7845117845117846,0.18355042521351356,0.4203703703703704,0.3838563260027711,NaN,NaN,NaN,NaN,2.4444444444444446,1.5092308563562362,2.2749368686868685,0.895767930642641,3.333333333333333,0.3333333333333333,0.7486401769234358,3.0,6.0,1.5135135135135136,0.6507099380088055,0.16666666666666666,0.0
58,1,12.0,22.0,1.8333333333333333,0.16666666666666666,0.18181818181818182,0.09090909090909091,0.3333333333333333,0.3333333333333333,0.2222222222222222,0.5555555555555556,0.5833333333333334,0.0,0.2857142857142857,0.42857142857142855,0.6833333333333332,0.21213203435596428,0.3611111111111111,0.4166666666666667,NaN,NaN,NaN,NaN,2.4444444444444446,2.2973414586817036,2.511656746031746,1.1584465987280335,4.25,0.5555555555555556,0.8822199822436969,5.0,7.0,1.8043478260869565,0.9573009562164592,0.16666666666666666,0.0
580,1,12.0,12.0,1.0,0.09090909090909091,0.18181818181818182,0.6363636363636364,0.3333333333333333,0.5555555555555556,0.3333333333333333,0.4444444444444444,0.5833333333333334,0.0,0.42857142857142855,0.2857142857142857,0.3888888888888889,0.4859126579037751,0.3888888888888889,0.4859126579037751,NaN,NaN,NaN,NaN,1.3333333333333333,0.5,2.125,0.882274951990076,3.5,0.3333333333333333,0.5149286505444373,2.0,4.0,1.3125,0.47871355387816905,0.0,0.0
581,1,12.0,27.0,2.25,0.20454545454545456,0.18181818181818182,0.09090909090909091,0.1111111111111111,0.4444444444444444,0.3333333333333333,0.8888888888888888,0.5833333333333334,0.0,0.42857142857142855,0.42857142857142855,0.8737654320987654,0.13119752854074235,0.5407407407407407,0.39176515704131337,NaN,NaN,NaN,NaN,3.0,1.8708286933869707,2.196969696969697,0.8935541028961653,3.5,0.4444444444444444,0.5428788457677161,3.0,6.0,1.3953488372093024,0.5407021398022307,0.0,0.0
582,1,12.0,36.0,3.0,0.2727272727272727,0.18181818181818182,0.09090909090909091,0.1111111111111111,0.6666666666666666,0.4444444444444444,0.7777777777777778,0.5833333333333334,0.0,0.5714285714285714,0.42857142857142855,0.7662551440329217,0.31961720741302535,0.5589225589225588,0.4608430189705209,NaN,NaN,NaN,NaN,4.0,4.183300132670378,1.972222222222222,0.6993262751085785,3.0,0.2222222222222222,0.5099322152968283,2.0,5.0,1.15,0.36162028533978946,0.16666666666666666,0.0
583,1,12.0,16.0,1.3333333333333333,0.12121212121212122,0.18181818181818182,0.45454545454545453,0.2222222222222222,0.4444444444444444,0.2222222222222222,0.6666666666666666,0.5833333333333334,0.0,0.2857142857142857,0.42857142857142855,0.6851851851851851,0.3480545579483797,0.4629629629629629,0.39771725175767647,NaN,NaN,NaN,NaN,1.7777777777777777,0.8333333333333334,2.0625,0.7547199962418332,3.25,0.4444444444444444,0.40019526483955303,2.0,4.0,1.25,0.4442616583193193,0.0,0.0
584,1,12.0,24.0,2.0,0.18181818181818182,0.18181818181818182,0.18181818181818182,0.3333333333333333,0.4444444444444444,0.2222222222222222,0.5555555555555556,0.5833333333333334,0.0,0.2857142857142857,0.42857142857142855,0.5185185185185185,0.36509553966930325,0.38888888888888884,0.44095855184409843,NaN,NaN,NaN,NaN,2.6666666666666665,2.345207879911715,2.2115384615384617,0.9291515349290644,3.5384615384615383,0.4444444444444444,0.6500727235642987,3.0,6.0,1.3529411764705883,0.5439670746038949,0.16666666666666666,0.0
585,1,12.0,16.0,1.3333333333333333,0.12121212121212122,0.18181818181818182,0.2727272727272727,0.3333333333333333,0.3333333333333333,0.2222222222222222,0.4444444444444444,0.5833333333333334,0.0,0.2857142857142857,0.42857142857142855,0.5714285714285714,0.35714285714285715,0.3148148148148148,0.42853468390393096,NaN,NaN,NaN,NaN,1.7777777777777777,1.0929064207170003,2.402777777777778,1.0670887738039658,4.166666666666666,0.2222222222222222,0.7428673177976347,4.0,7.0,1.8888888888888888,1.0079052613579391,0.16666666666666666,0.0
586,1,12.0,21.0,1.75,0.1590909090909091,0.18181818181818182,0.09090909090909091,0.2222222222222222,0.5555555555555556,0.3333333333333333,0.5555555555555556,0.5833333333333334,0.0,0.42857142857142855,0.42857142857142855,0.6358024691358024,0.412115057116072,0.40909090909090906,0.4712827580301755,NaN,NaN,NaN,NaN,2.3333333333333335,3.278719262151,2.0465686274509802,0.7594904764310423,3.0588235294117645,0.2222222222222222,0.5950688505479043,2.0,5.0,1.375,0.4918693768379647,0.16666666666666666,0.0
587,1,12.0,19.0,1.5833333333333333,0.14393939393939395,0.18181818181818182,0.18181818181818182,0.2222222222222222,0.4444444444444444,0.2222222222222222,0.6666666666666666,0.5833333333333334,0.0,0.2857142857142857,0.42857142857142855,0.6759259259259259,0.4160296055763933,0.42592592592592593,0.39185377721294123,NaN,NaN,NaN,NaN,2.111111111111111,1.7638342073763935,2.138888888888889,0.8115200643328635,3.125,0.3333333333333333,0.6123061149682815,3.0,5.0,1.3703703703703705,0.5648790304908823,0.0,0.0
588,1,12.0,30.0,2.5,0.22727272727272727,0.18181818181818182,0.09090909090909091,0.1111111111111111,0.4444444444444444,0.2222222222222222,0.6666666666666666,0.5833333333333334,0.0,0.2857142857142857,0.42857142857142855,0.6155555555555554,0.29778814243985235,0.4461279461279461,0.41543282268037957,NaN,NaN,NaN,NaN,3.3333333333333335,3.278719262151,2.0928418803418802,0.790567611597366,3.230769230769231,0.4444444444444444,0.5826927656660122,2.0,5.0,1.2,0.40583972495671394,0.0,0.0
589,1,12.0,23.0,1.9166666666666667,0.17424242424242425,0.18181818181818182,0.09090909090909091,0.2222222222222222,0.4444444444444444,0.2222222222222222,0.5555555555555556,0.5833333333333334,0.0,0.2857142857142857,0.2857142857142857,0.40476190476190477,0.39407279447703414,0.337037037037037,0.4151453709393201,NaN,NaN,NaN,NaN,2.5555555555555554,2.1278575558006176,2.151388888888889,0.8452319726217695,3.4,0.4444444444444444,0.5691007939357688,2.0,5.0,1.2758620689655173,0.454858826147342,0.0,0.0
59,1,12.0,24.0,2.0,0.18181818181818182,0.18181818181818182,0.09090909090909091,0.1111111111111111,0.3333333333333333,0.2222222222222222,0.7777777777777778,0.5833333333333334,0.0,0.2857142857142857,0.42857142857142855,0.8083333333333332,0.170884138786749,0.48148148148148145,0.3859012219291612,NaN,NaN,NaN,NaN,2.6666666666666665,1.5,2.3339646464646466,0.9625709797368335,3.666666666666667,0.3333333333333333,0.7990881909975823,3.0,6.0,1.5909090909090908,0.6583341138789853,0.16666666666666666,0.0
590,1,12.0,26.0,2.1666666666666665,0.19696969696969696,0.18181818181818182,0.18181818181818182,0.2222222222222222,0.4444444444444444,0.3333333333333333,0.6666666666666666,0.5833333333333334,0.0,0.42857142857142855,0.42857142857142855,0.6772486772486772,0.3348416366623649,0.414021164021164,0.4543260882971972,NaN,NaN,NaN,NaN,2.888888888888889,2.571208103423585,2.106060606060606,0.7968602298366488,3.2727272727272725,0.3333333333333333,0.5050193075057545,3.0,6.0,1.3783783783783783,0.594014185733685,0.0,0.0
591,1,12.0,11.0,0.9166666666666666,0.08333333333333333,0.18181818181818182,0.45454545454545453,0.3333333333333333,0.5555555555555556,0.3333333333333333,0.4444444444444444,0.5833333333333334,0.0,0.42857142857142855,0.2857142857142857,0.5185185185185185,0.5030769521187454,0.3703703703703704,0.48432210483785265,NaN,NaN,NaN,NaN,1.2222222222222223,0.6666666666666667,2.0833333333333335,0.7929614610987591,3.0,0.0,0.4472135954999579,3.0,4.0,1.375,0.6191391873668903,0.0,0.0
592,1,12.0,22.0,1.8333333333333333,0.16666666666666666,0.18181818181818182,0.18181818181818182,0.4444444444444444,0.3333333333333333,0.2222222222222222,0.4444444444444444,0.5833333333333334,0.0,0.2857142857142857,0.42857142857142855,0.4920634920634921,0.33408980913355235,0.2777777777777778,0.4228704818788425,NaN,NaN,NaN,NaN,2.4444444444444446,2.1278575558006176,2.466666666666667,1.1730130416835083,4.5,0.4444444444444444,0.7910164794156129,4.0,6.0,1.542857142857143,0.780002154705061,0.16666666666666666,0.0
593,1,12.0,22.0,1.8333333333333333,0.16666666666666666,0.18181818181818182,0.18181818181818182,0.4444444444444444,0.3333333333333333,0.2222222222222222,0.4444444444444444,0.5833333333333334,0.0,0.2857142857142857,0.42857142857142855,0.6349206349206349,0.35234877587973196,0.30000000000000004,0.4301162633521314,NaN,NaN,NaN,NaN,2.4444444444444446,2.1278575558006176,2.2676767676767677,0.9031794331473461,3.5454545454545454,0.2222222222222222,0.6581631238845789,2.0,5.0,1.4,0.4970501217477084,0.16666666666666666,0.0
594,1,12.0,25.0,2.0833333333333335,0.1893939393939394,0.18181818181818182,0.09090909090909091,0.2222222222222222,0.5555555555555556,0.3333333333333333,0.5555555555555556,0.5833333333333334,0.0,0.42857142857142855,0.42857142857142855,0.5249999999999999,0.43696395732371335,0.40909090909090906,0.4712827580301755,NaN,NaN,NaN,NaN,2.7777777777777777,3.492054473292827,2.1018518518518516,0.8184987123767296,3.2222222222222223,0.1111111111111111,0.625487464223892,3.0,6.0,1.28125,0.5226714875243987,0.0,0.0
595,1,12.0,27.0,2.25,0.20454545454545456,0.18181818181818182,0.18181818181818182,0.2222222222222222,0.4444444444444444,0.2222222222222222,0.7777777777777778,0.5833333333333334,0.0,0.2857142857142857,0.42857142857142855,0.6550925925925926,0.20612252888410876,0.41111111111111115,0.37813504348461424,NaN,NaN,NaN,NaN,3.0,2.8722813232690143,2.0899305555555556,0.7608339107114984,3.0,0.3333333333333333,0.5734917578966896,2.0,6.0,1.3157894736842106,0.4710691208760756,0.0,0.0
596,1,12.0,15.0,1.25,0.11363636363636363,0.18181818181818182,0.45454545454545453,0.3333333333333333,0.4444444444444444,0.2222222222222222,0.4444444444444444,0.5833333333333334,0.0,0.2857142857142857,0.2857142857142857,0.5925925925925927,0.3212509307283438,0.3333333333333333,0.43301270189221935,NaN,NaN,NaN,NaN,1.6666666666666667,0.9999999999999999,2.1944444444444446,0.8928258772784574,3.666666666666667,0.2222222222222222,0.4691543670326645,3.0,4.0,1.434782608695652,0.5897678246195885,0.0,0.0
597,1,12.0,20.0,1.6666666666666667,0.15151515151515152,0.18181818181818182,0.2727272727272727,0.1111111111111111,0.4444444444444444,0.3333333333333333,0.8888888888888888,0.5833333333333334,0.0,0.42857142857142855,0.2857142857142857,0.7893518518518519,0.2237176382081832,0.5648148148148148,0.37216002797150727,NaN,NaN,NaN,NaN,2.2222222222222223,1.092906420717,2.1547619047619047,0.822815505199546,3.0,0.1111111111111111,0.7326950970650465,3.0,6.0,1.4375,0.6189220598177385,0.16666666666666666,0.0
598,1,12.0,39.0,3.25,0.29545454545454547,0.18181818181818182,0.09090909090909091,0.1111111111111111,0.4444444444444444,0.3333333333333333,0.8888888888888888,0.5833333333333334,0.0,0.42857142857142855,0.42857142857142855,0.7985185185185184,0.16134944057947226,0.5053872053872054,0.4098408607865847,NaN,NaN,NaN,NaN,4.333333333333333,3.427827300200522,2.149890618640619,0.8194664233664662,3.1538461538461537,0.5555555555555556,0.7084985272729122,2.0,7.0,1.2173913043478262,0.41702882811414954,0.0,0.0
599,1,12.0,27.0,2.25,0.20454545454545456,0.18181818181818182,0.09090909090909091,0.2222222222222222,0.4444444444444444,0.2222222222222222,0.5555555555555556,0.5833333333333334,0.0,0.2857142857142857,0.42857142857142855,0.4444444444444444,0.39086797998528583,0.32575757575757575,0.4169076438146396,NaN,NaN,NaN,NaN,3.0,3.774917217635375,2.1059027777777777,0.7797881946897126,3.0,0.3333333333333333,0.6979346055865218,2.0,6.0,1.375,0.4902903378454601,0.16666666666666666,0.0
6,1,12.0,35.0,2.9166666666666665,0.26515151515151514,0.18181818181818182,0.09090909090909091,0.1111111111111111,0.4444444444444444,0.3333333333333333,0.7777777777777778,0.5833333333333334,0.0,0.42857142857142855,0.42857142857142855,0.7238095238095238,0.31877876020711243,0.44983164983164986,0.4372783739085822,NaN,NaN,NaN,NaN,3.888888888888889,3.5862391318916687,2.1190296631473102,0.7940715708478122,3.1538461538461537,0.4444444444444444,0.6516345600021984,3.0,7.0,1.302325581395349,0.5578395280830464,0.0,0.0
60,1,12.0,13.0,1.0833333333333333,0.09848484848484848,0.18181818181818182,0.36363636363636365,0.4444444444444444,0.4444444444444444,0.2222222222222222,0.3333333333333333,0.5833333333333334,0.0,0.2857142857142857,0.2857142857142857,0.4320987654320987,0.4354805931964758,0.2962962962962963,0.4547418206595805,NaN,NaN,NaN,NaN,1.4444444444444444,0.8819171036881969,2.172222222222222,0.878685121125618,3.4,0.3333333333333333,0.3148734652924872,3.0,4.0,1.56,0.650640709864771,0.0,0.0
600,1,12.0,28.0,2.3333333333333335,0.21212121212121213,0.18181818181818182,0.09090909090909091,0.1111111111111111,0.5555555555555556,0.3333333333333333,0.7777777777777778,0.5833333333333334,0.0,0.42857142857142855,0.42857142857142855,0.7283950617283951,0.3148148148148148,0.49118165784832446,0.44100219637526183,NaN,NaN,NaN,NaN,3.111111111111111,3.018461712712472,2.0961538461538463,0.8225590016641333,3.333333333333333,0.3333333333333333,0.5208702099172882,3.0,4.0,1.3055555555555556,0.5247826458609559,0.0,0.0
601,1,12.0,24.0,2.0,0.18181818181818182,0.18181818181818182,0.09090909090909091,0.3333333333333333,0.3333333333333333,0.2222222222222222,0.5555555555555556,0.5833333333333334,0.0,0.2857142857142857,0.42857142857142855,0.6527777777777778,0.2779513346692986,0.335016835016835,0.41593906474514164,NaN,NaN,NaN,NaN,2.6666666666666665,3.24037034920393,2.388888888888889,1.0217170468900496,3.666666666666667,0.3333333333333333,0.8809305576167711,4.0,6.0,1.5,0.7881701093115123,0.0,0.0
602,1,12.0,23.0,1.9166666666666667,0.17424242424242425,0.18181818181818182,0.09090909090909091,0.3333333333333333,0.3333333333333333,0.2222222222222222,0.5555555555555556,0.5833333333333334,0.0,0.2857142857142857,0.42857142857142855,0.7814814814814814,0.223105881966167,0.3796296296296296,0.42718212497860275,NaN,NaN,NaN,NaN,2.5555555555555554,1.4240006242195884,2.2876984126984126,0.938451068237509,3.666666666666667,0.3333333333333333,0.6070999530904302,2.0,6.0,1.4054054054054055,0.4977426521283341,0.0,0.0
603,1,12.0,14.0,1.1666666666666667,0.10606060606060606,0.18181818181818182,0.6363636363636364,0.2222222222222222,0.5555555555555556,0.3333333333333333,0.4444444444444444,0.5833333333333334,0.0,0.42857142857142855,0.14285714285714285,0.37962962962962965,0.4770990010366019,0.3703703703703704,0.48432210483785265,NaN,NaN,NaN,NaN,1.5555555555555556,1.1303883305208782,2.011111111111111,0.7229755201205658,3.0,0.2222222222222222,0.3583982818727351,2.0,4.0,1.1764705882352942,0.39295262399668784,0.0,0.0
604,1,12.0,23.0,1.9166666666666667,0.17424242424242425,0.18181818181818182,0.18181818181818182,0.1111111111111111,0.4444444444444444,0.2222222222222222,0.7777777777777778,0.5833333333333334,0.0,0.2857142857142857,0.42857142857142855,0.7245370370370369,0.34133904798456965,0.4722222222222222,0.37267799624996495,NaN,NaN,NaN,NaN,2.5555555555555554,1.3333333333333335,2.173611111111111,0.8707206562838975,3.5,0.4444444444444444,0.5968691186849101,3.0,5.0,1.3529411764705883,0.5439670746038949,0.16666666666666666,0.0
605,1,12.0,20.0,1.6666666666666667,0.15151515151515152,0.18181818181818182,0.18181818181818182,0.1111111111111111,0.7777777777777778,0.5555555555555556,0.6666666666666666,0.5833333333333334,0.0,0.7142857142857143,0.2857142857142857,0.7301587301587301,0.4241254173172275,0.5777777777777778,0.5044248650140519,NaN,NaN,NaN,NaN,2.2222222222222223,2.223610677354389,1.9437499999999999,0.7178032301910653,3.2,0.2222222222222222,0.4216567417873653,2.0,4.0,1.2083333333333333,0.4148511169990534,0.0,0.0
606,1,12.0,32.0,2.6666666666666665,0.24242424242424243,0.18181818181818182,0.09090909090909091,0.1111111111111111,0.4444444444444444,0.3333333333333333,0.6666666666666666,0.5833333333333334,0.0,0.42857142857142855,0.42857142857142855,0.5679012345679012,0.3971779738801336,0.41279461279461277,0.4542265997248086,NaN,NaN,NaN,NaN,3.5555555555555554,4.0034707164881045,2.0739850427350426,0.7453102061450239,3.0,0.4444444444444444,0.6320979895560939,2.0,7.0,1.25,0.4385290096535146,0.0,0.0
607,1,12.0,27.0,2.25,0.20454545454545456,0.18181818181818182,0.09090909090909091,0.2222222222222222,0.4444444444444444,0.2222222222222222,0.6666666666666666,0.5833333333333334,0.0,0.2857142857142857,0.42857142857142855,0.5777777777777777,0.2990726407487727,0.3529100529100529,0.40320741023876755,NaN,NaN,NaN,NaN,3.0,2.3979157616563596,2.173555611055611,0.8550905153547458,3.3846153846153846,0.4444444444444444,0.5803304197643643,2.0,5.0,1.2972972972972974,0.4633731916228157,0.0,0.0
608,1,12.0,14.0,1.1666666666666667,0.10606060606060606,0.18181818181818182,0.2727272727272727,0.2222222222222222,0.6666666666666666,0.4444444444444444,0.5555555555555556,0.5833333333333334,0.0,0.5714285714285714,0.42857142857142855,0.6666666666666666,0.4409585518440985,0.48148148148148145,0.5030769521187454,NaN,NaN,NaN,NaN,1.5555555555555556,0.8819171036881969,1.9444444444444444,0.679175574707646,3.0,0.1111111111111111,0.22645540682891915,2.0,3.0,1.2222222222222223,0.4277926319464986,0.0,0.0
609,1,12.0,21.0,1.75,0.1590909090909091,0.18181818181818182,0.09090909090909091,0.1111111111111111,0.3333333333333333,0.2222222222222222,0.6666666666666666,0.5833333333333334,0.0,0.2857142857142857,0.42857142857142855,0.6419753086419753,0.3378265509705156,0.42592592592592593,0.39185377721294123,NaN,NaN,NaN,NaN,2.3333333333333335,1.224744871391589,2.3609126984126987,0.9880785260847885,3.7142857142857144,0.4444444444444444,0.8718819682185756,5.0,7.0,1.9111111111111112,1.0833916068243161,0.16666666666666666,0.0
61,1,12.0,15.0,1.25,0.11363636363636363,0.18181818181818182,0.36363636363636365,0.3333333333333333,0.5555555555555556,0.3333333333333333,0.5555555555555556,0.5833333333333334,0.0,0.42857142857142855,0.42857142857142855,0.6666666666666666,0.4330127018922193,0.42592592592592593,0.4648111258522642,NaN,NaN,NaN,NaN,1.6666666666666667,1.6583123951776997,2.138888888888889,0.9151732554779383,4.0,0.1111111111111111,0.4879500364742666,3.0,4.0,1.263157894736842,0.5619514869490163,0.0,0.0
610,1,12.0,26.0,2.1666666666666665,0.19696969696969696,0.18181818181818182,0.09090909090909091,0.1111111111111111,0.4444444444444444,0.2222222222222222,0.6666666666666666,0.5833333333333334,0.0,0.2857142857142857,0.42857142857142855,0.5255731922398589,0.4102292834120766,0.3194444444444444,0.4028974917877857,NaN,NaN,NaN,NaN,2.888888888888889,2.619372274250285,2.116452991452991,0.8003693325432227,3.230769230769231,0.3333333333333333,0.5197315382926264,2.0,5.0,1.2424242424242424,0.43519413988924466,0.0,0.0
611,1,12.0,18.0,1.5,0.13636363636363635,0.18181818181818182,0.2727272727272727,0.3333333333333333,0.5555555555555556,0.3333333333333333,0.4444444444444444,0.5833333333333334,0.0,0.42857142857142855,0.42857142857142855,0.6349206349206349,0.4850368758919848,0.3888888888888889,0.4859126579037751,NaN,NaN,NaN,NaN,2.0,2.0,2.093253968253968,0.8299224153840705,3.333333333333333,0.3333333333333333,0.46188639222154126,2.0,4.0,1.1904761904761905,0.40237390808147827,0.0,0.0
612,1,12.0,17.0,1.4166666666666667,0.12878787878787878,0.18181818181818182,0.36363636363636365,0.3333333333333333,0.3333333333333333,0.2222222222222222,0.5555555555555556,0.5833333333333334,0.0,0.2857142857142857,0.2857142857142857,0.6076388888888888,0.24858540757878592,0.35185185185185186,0.41201102706087017,NaN,NaN,NaN,NaN,1.8888888888888888,0.927960727138337,2.475,1.1234079644303108,4.2,0.4444444444444444,0.7084054173240898,4.0,6.0,1.7777777777777777,0.8319035353113317,0.16666666666666666,0.0
613,1,12.0,23.0,1.9166666666666667,0.17424242424242425,0.18181818181818182,0.09090909090909091,0.4444444444444444,0.3333333333333333,0.2222222222222222,0.4444444444444444,0.5833333333333334,0.0,0.2857142857142857,0.42857142857142855,0.5814814814814815,0.4640136226182467,0.31649831649831645,0.4438414182689152,NaN,NaN,NaN,NaN,2.5555555555555554,3.2829526005987013,2.25,0.8660254037844386,3.0,0.0,0.7358681786057778,2.0,4.0,1.1923076923076923,0.40191847623425014,0.16666666666666666,0.0
614,1,12.0,21.0,1.75,0.1590909090909091,0.18181818181818182,0.18181818181818182,0.1111111111111111,0.4444444444444444,0.3333333333333333,0.7777777777777778,0.5833333333333334,0.0,0.42857142857142855,0.2857142857142857,0.6656378600823045,0.36730340232752795,0.4695767195767197,0.4271268275144572,NaN,NaN,NaN,NaN,2.3333333333333335,2.06155281280883,2.063888888888889,0.7490678831739441,3.166666666666667,0.4444444444444444,0.5864339365220621,2.0,5.0,1.24,0.4358898943540673,0.0,0.0
615,1,12.0,18.0,1.5,0.13636363636363635,0.18181818181818182,0.18181818181818182,0.3333333333333333,0.5555555555555556,0.3333333333333333,0.4444444444444444,0.5833333333333334,0.0,0.42857142857142855,0.2857142857142857,0.49691358024691357,0.43974170932385664,0.3703703703703704,0.48432210483785265,NaN,NaN,NaN,NaN,2.0,1.7320508075688772,2.138888888888889,0.8899930011452573,3.5,0.3333333333333333,0.49662989146066255,3.0,4.0,1.36,0.5686240703077327,0.0,0.0
616,1,12.0,29.0,2.4166666666666665,0.2196969696969697,0.18181818181818182,0.09090909090909091,0.2222222222222222,0.4444444444444444,0.2222222222222222,0.4444444444444444,0.5833333333333334,0.0,0.2857142857142857,0.42857142857142855,0.40370370370370373,0.39102587455039506,0.27946127946127947,0.42445280978684224,NaN,NaN,NaN,NaN,3.2222222222222223,3.7006005518624194,2.1555555555555554,0.8308852931484406,3.2,0.2222222222222222,0.625773741092618,2.0,5.0,1.15625,0.36890203262847354,0.0,0.0
617,1,12.0,36.0,3.0,0.2727272727272727,0.18181818181818182,0.09090909090909091,0.1111111111111111,0.6666666666666666,0.4444444444444444,0.7777777777777778,0.5833333333333334,0.0,0.5714285714285714,0.42857142857142855,0.7712977825337375,0.3194948611929685,0.5609427609427609,0.45901950750993775,NaN,NaN,NaN,NaN,4.0,4.183300132670378,1.9674369747899159,0.6930055373966779,3.0,0.2222222222222222,0.5173002211473684,2.0,5.0,1.1282051282051282,0.3386884284293705,0.16666666666666666,0.0
618,1,12.0,13.0,1.0833333333333333,0.09848484848484848,0.18181818181818182,0.45454545454545453,0.2222222222222222,0.6666666666666666,0.3333333333333333,0.4444444444444444,0.5833333333333334,0.0,0.42857142857142855,0.2857142857142857,0.3888888888888889,0.4653814146601808,0.3611111111111111,0.4859126579037751,NaN,NaN,NaN,NaN,1.4444444444444444,1.0137937550497031,2.0416666666666665,0.8649312461728161,4.0,0.1111111111111111,0.32025630761017426,3.0,5.0,1.5238095238095237,0.7496030695673289,0.0,0.0
619,1,12.0,17.0,1.4166666666666667,0.12878787878787878,0.18181818181818182,0.2727272727272727,0.2222222222222222,0.6666666666666666,0.4444444444444444,0.6666666666666666,0.5833333333333334,0.0,0.5714285714285714,0.42857142857142855,0.7666666666666667,0.3570714214271425,0.5277777777777778,0.4750730937913075,NaN,NaN,NaN,NaN,1.8888888888888888,1.536590742882148,1.9702380952380951,0.7100251722348818,3.142857142857143,0.2222222222222222,0.27460000375969756,2.0,4.0,1.2608695652173914,0.4489777585448795,0.0,0.0
62,1,12.0,21.0,1.75,0.1590909090909091,0.18181818181818182,0.36363636363636365,0.2222222222222222,0.4444444444444444,0.2222222222222222,0.7777777777777778,0.5833333333333334,0.0,0.2857142857142857,0.2857142857142857,0.7457561728395061,0.17195194841919575,0.4999999999999999,0.36324157862838946,NaN,NaN,NaN,NaN,2.3333333333333335,1.224744871391589,2.1697089947089947,0.8861965664299828,3.5555555555555554,0.5555555555555556,0.4370655820941136,3.0,5.0,1.3548387096774193,0.5506594287321455,0.0,0.0
620,1,12.0,20.0,1.6666666666666667,0.15151515151515152,0.18181818181818182,0.2727272727272727,0.1111111111111111,0.6666666666666666,0.3333333333333333,0.6666666666666666,0.5833333333333334,0.0,0.42857142857142855,0.2857142857142857,0.6003086419753086,0.3904839422955471,0.462962962962963,0.4470410260953078,NaN,NaN,NaN,NaN,2.2222222222222223,1.7873008824606014,1.9825396825396826,0.7304303403473261,3.333333333333333,0.3333333333333333,0.3516744254840877,2.0,4.0,1.3103448275862069,0.4708236154307584,0.0,0.0
621,1,12.0,12.0,1.0,0.09090909090909091,0.18181818181818182,0.5454545454545454,0.1111111111111111,0.6666666666666666,0.2222222222222222,0.5555555555555556,0.5833333333333334,0.0,0.2857142857142857,0.14285714285714285,0.5,0.4330127018922193,0.3888888888888889,0.4166666666666667,NaN,NaN,NaN,NaN,1.3333333333333333,0.5,1.9166666666666667,0.6336522323129239,3.0,0.2222222222222222,0.30151134457776363,2.0,3.0,1.2,0.4140393356054126,0.0,0.0
622,1,12.0,17.0,1.4166666666666667,0.12878787878787878,0.18181818181818182,0.36363636363636365,0.2222222222222222,0.4444444444444444,0.2222222222222222,0.7777777777777778,0.5833333333333334,0.0,0.2857142857142857,0.42857142857142855,0.7623456790123457,0.15597111599928717,0.48148148148148145,0.36746545987008206,NaN,NaN,NaN,NaN,1.8888888888888888,0.927960727138337,2.2222222222222223,0.9329364235414814,3.666666666666667,0.4444444444444444,0.4339550592677222,3.0,5.0,1.5333333333333334,0.6814453874610599,0.0,0.0
623,1,12.0,31.0,2.5833333333333335,0.23484848484848486,0.18181818181818182,0.09090909090909091,0.3333333333333333,0.3333333333333333,0.2222222222222222,0.6666666666666666,0.5833333333333334,0.0,0.2857142857142857,0.2857142857142857,0.6814814814814815,0.20618802847502996,0.37575757575757573,0.40347150605507087,NaN,NaN,NaN,NaN,3.4444444444444446,3.3582402799349804,2.4068903318903314,1.0321795348583047,3.7857142857142856,0.5555555555555556,0.8324589469846511,3.0,6.0,1.434782608695652,0.6201137498894314,0.16666666666666666,0.0
624,1,12.0,23.0,1.9166666666666667,0.17424242424242425,0.18181818181818182,0.18181818181818182,0.1111111111111111,0.5555555555555556,0.3333333333333333,0.6666666666666666,0.5833333333333334,0.0,0.42857142857142855,0.42857142857142855,0.5407407407407407,0.40475568000193296,0.41798941798941797,0.45286801960911444,NaN,NaN,NaN,NaN,2.5555555555555554,2.6034165586355513,2.0744949494949494,0.8047426603374197,3.5,0.4444444444444444,0.6197804769928111,3.0,4.0,1.3333333333333333,0.5466722735905339,0.16666666666666666,0.0
625,1,12.0,22.0,1.8333333333333333,0.16666666666666666,0.18181818181818182,0.09090909090909091,0.1111111111111111,0.4444444444444444,0.2222222222222222,0.6666666666666666,0.5833333333333334,0.0,0.2857142857142857,0.2857142857142857,0.5396825396825397,0.3657688451366004,0.3740740740740741,0.3957334181890695,NaN,NaN,NaN,NaN,2.4444444444444446,1.6666666666666667,2.1731481481481483,0.8638838816748368,3.5,0.4444444444444444,0.7244076528752477,3.0,5.0,1.457142857142857,0.6108266887567038,0.16666666666666666,0.0
626,1,12.0,19.0,1.5833333333333333,0.14393939393939395,0.18181818181818182,0.2727272727272727,0.2222222222222222,0.3333333333333333,0.2222222222222222,0.4444444444444444,0.5833333333333334,0.0,0.2857142857142857,0.42857142857142855,0.5185185185185186,0.41284596601385465,0.3148148148148148,0.42853468390393096,NaN,NaN,NaN,NaN,2.111111111111111,1.2692955176439846,2.256944444444444,0.8943271928920242,3.333333333333333,0.3333333333333333,0.8167203705936874,3.0,5.0,1.4827586206896552,0.6336227840855435,0.16666666666666666,0.0
627,1,12.0,17.0,1.4166666666666667,0.12878787878787878,0.18181818181818182,0.2727272727272727,0.5555555555555556,0.3333333333333333,0.2222222222222222,0.3333333333333333,0.5833333333333334,0.0,0.2857142857142857,0.2857142857142857,0.462962962962963,0.33101042466147185,0.24444444444444446,0.4333333333333333,NaN,NaN,NaN,NaN,1.8888888888888888,1.536590742882148,2.4464285714285716,1.1404703160292995,4.5,0.2222222222222222,0.8099073280023961,3.0,6.0,1.6944444444444444,0.6684499957554019,0.16666666666666666,0.0
628,1,12.0,17.0,1.4166666666666667,0.12878787878787878,0.18181818181818182,0.36363636363636365,0.2222222222222222,0.5555555555555556,0.2222222222222222,0.4444444444444444,0.5833333333333334,0.0,0.2857142857142857,0.14285714285714285,0.36296296296296293,0.4357128400820266,0.35185185185185186,0.4444444444444444,NaN,NaN,NaN,NaN,1.8888888888888888,1.3642254619787417,2.0277777777777777,0.7548942441596171,3.333333333333333,0.3333333333333333,0.4523901664991161,2.0,4.0,1.2,0.41039134083406165,0.0,0.0
629,1,12.0,25.0,2.0833333333333335,0.1893939393939394,0.18181818181818182,0.09090909090909091,0.1111111111111111,0.6666666666666666,0.4444444444444444,0.6666666666666666,0.5833333333333334,0.0,0.5714285714285714,0.2857142857142857,0.6041666666666666,0.4307515235028194,0.49242424242424243,0.4890326088943185,NaN,NaN,NaN,NaN,2.7777777777777777,3.3458099833141213,1.9404761904761905,0.6622846086892079,3.0,0.2222222222222222,0.44886478123899926,2.0,4.0,1.1111111111111112,0.3202563076101743,0.0,0.0
63,1,12.0,34.0,2.8333333333333335,0.25757575757575757,0.18181818181818182,0.09090909090909091,0.2222222222222222,0.3333333333333333,0.2222222222222222,0.6666666666666666,0.5833333333333334,0.0,0.2857142857142857,0.42857142857142855,0.570464135021097,0.3200001223984526,0.35970819304152635,0.3998502565225767,NaN,NaN,NaN,NaN,3.7777777777777777,3.80058475033046,2.2150462962962965,0.8707592910166859,3.4,0.5555555555555556,0.6714356231890247,2.0,7.0,1.288888888888889,0.45836776730155243,0.16666666666666666,0.0
630,1,12.0,19.0,1.5833333333333333,0.14393939393939395,0.18181818181818182,0.18181818181818182,0.2222222222222222,0.5555555555555556,0.4444444444444444,0.6666666666666666,0.5833333333333334,0.0,0.5714285714285714,0.42857142857142855,0.8253968253968255,0.35012955166316045,0.5185185185185185,0.47466687473986285,NaN,NaN,NaN,NaN,2.111111111111111,2.0275875100994067,2.0520833333333335,0.7677045428753925,3.125,0.2222222222222222,0.6028986997044057,2.0,4.0,1.1904761904761905,0.40237390808147827,0.16666666666666666,0.0
631,1,12.0,30.0,2.5,0.22727272727272727,0.18181818181818182,0.09090909090909091,0.1111111111111111,0.4444444444444444,0.3333333333333333,0.7777777777777778,0.5833333333333334,0.0,0.42857142857142855,0.42857142857142855,0.6962260363344374,0.31861497330124866,0.43253968253968256,0.43846063954054515,NaN,NaN,NaN,NaN,3.3333333333333335,2.5,2.1143939393939397,0.8018616424695173,3.2727272727272725,0.3333333333333333,0.6068279363959891,2.0,7.0,1.275,0.4522025867763026,0.16666666666666666,0.0
632,1,12.0,19.0,1.5833333333333333,0.14393939393939395,0.18181818181818182,0.2727272727272727,0.2222222222222222,0.4444444444444444,0.3333333333333333,0.6666666666666666,0.5833333333333334,0.0,0.42857142857142855,0.2857142857142857,0.7222222222222222,0.3410563654946854,0.4484126984126984,0.4450375152980654,NaN,NaN,NaN,NaN,2.111111111111111,2.0883273476902784,2.0879629629629632,0.762276381933857,3.0,0.3333333333333333,0.6220446697385144,2.0,5.0,1.3448275862068966,0.4837252813149745,0.0,0.0
633,1,12.0,13.0,1.0833333333333333,0.09848484848484848,0.18181818181818182,0.45454545454545453,0.3333333333333333,0.4444444444444444,0.3333333333333333,0.6666666666666666,0.5833333333333334,0.0,0.42857142857142855,0.14285714285714285,0.7222222222222222,0.23199018178458425,0.48148148148148145,0.4365620457083809,NaN,NaN,NaN,NaN,1.4444444444444444,0.7264831572567789,2.3541666666666665,1.0987395211575561,4.333333333333334,0.3333333333333333,0.6533798823466106,5.0,6.0,2.03125,1.1211852887069573,0.0,0.0
634,1,12.0,29.0,2.4166666666666665,0.2196969696969697,0.18181818181818182,0.09090909090909091,0.1111111111111111,0.5555555555555556,0.3333333333333333,0.6666666666666666,0.5833333333333334,0.0,0.42857142857142855,0.42857142857142855,0.6384479717813051,0.4014178427816996,0.43333333333333335,0.45276925690687087,NaN,NaN,NaN,NaN,3.2222222222222223,3.3458099833141217,2.081793206793207,0.8143421995150197,3.2857142857142856,0.4444444444444444,0.6153532090605034,3.0,6.0,1.2571428571428571,0.5054326709601878,0.0,0.0
635,1,12.0,26.0,2.1666666666666665,0.19696969696969696,0.18181818181818182,0.09090909090909091,0.2222222222222222,0.4444444444444444,0.2222222222222222,0.5555555555555556,0.5833333333333334,0.0,0.2857142857142857,0.42857142857142855,0.5444444444444445,0.3704351795148811,0.35353535353535354,0.42774527919676075,NaN,NaN,NaN,NaN,2.888888888888889,3.1797973380564852,2.194444444444444,0.9342888326934143,3.833333333333333,0.5555555555555556,0.6648693721711672,3.0,5.0,1.3714285714285714,0.5983169672316764,0.0,0.0
636,1,12.0,27.0,2.25,0.20454545454545456,0.18181818181818182,0.09090909090909091,0.1111111111111111,0.4444444444444444,0.2222222222222222,0.6666666666666666,0.5833333333333334,0.0,0.2857142857142857,0.42857142857142855,0.5513888888888889,0.3749189727275896,0.39797979797979793,0.39805253655128586,NaN,NaN,NaN,NaN,3.0,3.3541019662496847,2.1249999999999996,0.8223604169969042,3.333333333333333,0.5555555555555556,0.6495372443325902,3.0,5.0,1.3428571428571427,0.5912527648415465,0.0,0.0
637,1,12.0,31.0,2.5833333333333335,0.23484848484848486,0.18181818181818182,0.09090909090909091,0.1111111111111111,0.3333333333333333,0.2222222222222222,0.7777777777777778,0.5833333333333334,0.0,0.2857142857142857,0.42857142857142855,0.6903703703703704,0.3338464981669462,0.4202020202020202,0.38721534169607963,NaN,NaN,NaN,NaN,3.4444444444444446,3.2829526005987013,2.1706349206349205,0.8083715592166093,3.0476190476190474,0.4444444444444444,0.7468904645953318,3.0,5.0,1.2222222222222223,0.48468611999997985,0.16666666666666666,0.0
638,1,12.0,18.0,1.5,0.13636363636363635,0.18181818181818182,0.09090909090909091,0.3333333333333333,0.4444444444444444,0.2222222222222222,0.4444444444444444,0.5833333333333334,0.0,0.2857142857142857,0.2857142857142857,0.529100529100529,0.4372108337828818,0.35185185185185186,0.4444444444444444,NaN,NaN,NaN,NaN,2.0,2.0,2.102777777777778,0.8087224409721709,3.4,0.3333333333333333,0.37424821762442867,2.0,4.0,1.3076923076923077,0.4706787243316417,0.0,0.0
639,1,12.0,33.0,2.75,0.25,0.18181818181818182,0.09090909090909091,0.1111111111111111,0.4444444444444444,0.2222222222222222,0.6666666666666666,0.5833333333333334,0.0,0.2857142857142857,0.2857142857142857,0.5008818342151675,0.36997865245144246,0.40185185185185185,0.40981401984826915,NaN,NaN,NaN,NaN,3.6666666666666665,3.0822070014844885,2.0365079365079364,0.715610123769016,3.071428571428571,0.5555555555555556,0.5578302098753195,2.0,5.0,1.1388888888888888,0.3507361872061009,0.0,0.0
64,1,12.0,14.0,1.1666666666666667,0.10606060606060606,0.18181818181818182,0.45454545454545453,0.1111111111111111,0.6666666666666666,0.4444444444444444,0.5555555555555556,0.5833333333333334,0.0,0.5714285714285714,0.2857142857142857,0.5925925925925926,0.43390275977259196,0.48148148148148145,0.5030769521187454,NaN,NaN,NaN,NaN,1.5555555555555556,0.8819171036881969,1.972222222222222,0.7171539334827386,3.333333333333333,0.3333333333333333,0.34591634777518054,2.0,4.0,1.263157894736842,0.4524139283588641,0.0,0.0
640,1,12.0,16.0,1.3333333333333333,0.12121212121212122,0.18181818181818182,0.2727272727272727,0.3333333333333333,0.4444444444444444,0.2222222222222222,0.4444444444444444,0.5833333333333334,0.0,0.2857142857142857,0.2857142857142857,0.3611111111111111,0.4166666666666667,0.2962962962962963,0.43122707489611173,NaN,NaN,NaN,NaN,1.7777777777777777,1.6414763002993507,2.1805555555555554,0.8746090997932033,3.333333333333333,0.3333333333333333,0.5230784942158405,2.0,4.0,1.3478260869565217,0.486984753557674,0.0,0.0
641,1,12.0,16.0,1.3333333333333333,0.12121212121212122,0.18181818181818182,0.2727272727272727,0.4444444444444444,0.4444444444444444,0.2222222222222222,0.3333333333333333,0.5833333333333334,0.0,0.2857142857142857,0.42857142857142855,0.39814814814814814,0.4365620457083809,0.2962962962962963,0.4547418206595805,NaN,NaN,NaN,NaN,1.7777777777777777,1.2018504251546631,2.2083333333333335,0.8908201872772114,3.5,0.1111111111111111,0.5,2.0,5.0,1.36,0.4898979485566356,0.16666666666666666,0.0
642,1,12.0,16.0,1.3333333333333333,0.12121212121212122,0.18181818181818182,0.36363636363636365,0.4444444444444444,0.3333333333333333,0.2222222222222222,0.4444444444444444,0.5833333333333334,0.0,0.2857142857142857,0.2857142857142857,0.6875,0.3029799910885206,0.32407407407407407,0.44183260334963514,NaN,NaN,NaN,NaN,1.7777777777777777,1.0929064207170003,2.5875,1.3363436661051655,4.833333333333334,0.5555555555555556,0.9206856342080273,5.0,6.0,2.0285714285714285,1.0977440579692166,0.16666666666666666,0.0
643,1,12.0,25.0,2.0833333333333335,0.1893939393939394,0.18181818181818182,0.09090909090909091,0.2222222222222222,0.5555555555555556,0.3333333333333333,0.5555555555555556,0.5833333333333334,0.0,0.42857142857142855,0.42857142857142855,0.625,0.4330127018922193,0.38131313131313127,0.4726204230449158,NaN,NaN,NaN,NaN,2.7777777777777777,3.270236145058097,2.0714285714285716,0.8075478813698971,3.5,0.3333333333333333,0.6014721169622024,2.0,4.0,1.1785714285714286,0.3900210277874798,0.0,0.0
644,1,12.0,12.0,1.0,0.09090909090909091,0.18181818181818182,0.45454545454545453,0.3333333333333333,0.5555555555555556,0.3333333333333333,0.4444444444444444,0.5833333333333334,0.0,0.42857142857142855,0.42857142857142855,0.6111111111111112,0.4166666666666667,0.3888888888888889,0.4859126579037751,NaN,NaN,NaN,NaN,1.3333333333333333,0.7071067811865476,2.1666666666666665,0.9613752775282004,4.0,0.2222222222222222,0.45016831868926,3.0,4.0,1.5263157894736843,0.696692268479466,0.0,0.0
645,1,12.0,22.0,1.8333333333333333,0.16666666666666666,0.18181818181818182,0.2727272727272727,0.3333333333333333,0.3333333333333333,0.2222222222222222,0.5555555555555556,0.5833333333333334,0.0,0.2857142857142857,0.2857142857142857,0.4848484848484848,0.34015067152490375,0.31851851851851853,0.41066041361280725,NaN,NaN,NaN,NaN,2.4444444444444446,1.9436506316151003,2.399338624338624,1.022707766147843,3.7142857142857144,0.5555555555555556,0.8697839547895724,3.0,6.0,1.6153846153846154,0.6733804983414344,0.16666666666666666,0.0
646,1,12.0,36.0,3.0,0.2727272727272727,0.18181818181818182,0.09090909090909091,0.1111111111111111,0.4444444444444444,0.2222222222222222,0.7777777777777778,0.5833333333333334,0.0,0.2857142857142857,0.42857142857142855,0.6515775034293553,0.2909613444331446,0.4292929292929293,0.3893968871483756,NaN,NaN,NaN,NaN,4.0,4.123105625617661,2.15,0.8307839792641767,3.333333333333333,0.3333333333333333,0.6349353172905545,3.0,5.0,1.2142857142857142,0.47037682277159115,0.16666666666666666,0.0
647,1,12.0,16.0,1.3333333333333333,0.12121212121212122,0.18181818181818182,0.36363636363636365,0.3333333333333333,0.5555555555555556,0.3333333333333333,0.4444444444444444,0.5833333333333334,0.0,0.42857142857142855,0.42857142857142855,0.5046296296296295,0.4168980838834343,0.37037037037037035,0.4843221048378526,NaN,NaN,NaN,NaN,1.7777777777777777,1.0929064207170003,2.1166666666666667,0.8538090530030114,3.4,0.3333333333333333,0.3860531531240704,2.0,5.0,1.3846153846153846,0.4961389383568338,0.0,0.0
648,1,12.0,23.0,1.9166666666666667,0.17424242424242425,0.18181818181818182,0.09090909090909091,0.1111111111111111,0.5555555555555556,0.3333333333333333,0.7777777777777778,0.5833333333333334,0.0,0.42857142857142855,0.14285714285714285,0.7074074074074075,0.3200597937963128,0.5016835016835016,0.4151794701689259,NaN,NaN,NaN,NaN,2.5555555555555554,3.244653722321964,1.9895833333333333,0.6954317476622459,3.0,0.3333333333333333,0.5162662075920225,2.0,5.0,1.1851851851851851,0.3958473906635696,0.0,0.0
649,1,12.0,32.0,2.6666666666666665,0.24242424242424243,0.18181818181818182,0.09090909090909091,0.2222222222222222,0.3333333333333333,0.2222222222222222,0.7777777777777778,0.5833333333333334,0.0,0.2857142857142857,0.42857142857142855,0.734320987654321,0.18945050857388218,0.4064814814814815,0.384007056905321,NaN,NaN,NaN,NaN,3.5555555555555554,2.242270674512285,2.2797619047619047,0.9108184729471177,3.5,0.4444444444444444,0.7097968107199617,3.0,7.0,1.3777777777777778,0.5755980640283038,0.16666666666666666,0.0
65,1,12.0,25.0,2.0833333333333335,0.1893939393939394,0.18181818181818182,0.09090909090909091,0.2222222222222222,0.4444444444444444,0.2222222222222222,0.5555555555555556,0.5833333333333334,0.0,0.2857142857142857,0.2857142857142857,0.6158730158730159,0.30185556156107424,0.4074074074074074,0.42582526990988584,NaN,NaN,NaN,NaN,2.7777777777777777,2.1666666666666665,2.1493055555555554,0.849735983457504,3.5,0.4444444444444444,0.4420268447520823,2.0,5.0,1.3243243243243243,0.47457899787624946,0.0,0.0
650,1,12.0,22.0,1.8333333333333333,0.16666666666666666,0.18181818181818182,0.18181818181818182,0.3333333333333333,0.3333333333333333,0.2222222222222222,0.4444444444444444,0.5833333333333334,0.0,0.2857142857142857,0.42857142857142855,0.5955555555555554,0.26491088648407374,0.35185185185185186,0.4444444444444444,NaN,NaN,NaN,NaN,2.4444444444444446,1.6666666666666667,2.6737359862359864,1.3330946491258908,4.666666666666666,0.6666666666666666,0.9022346995716678,4.0,6.0,1.7272727272727273,0.8724100903534578,0.16666666666666666,0.0
651,1,12.0,18.0,1.5,0.13636363636363635,0.18181818181818182,0.2727272727272727,0.1111111111111111,0.4444444444444444,0.3333333333333333,0.6666666666666666,0.5833333333333334,0.0,0.42857142857142855,0.42857142857142855,0.7013888888888888,0.344853028275976,0.4388888888888889,0.44984565254219266,NaN,NaN,NaN,NaN,2.0,1.5,2.1488095238095237,0.8399014504725393,3.428571428571429,0.3333333333333333,0.6473414506385478,3.0,5.0,1.4827586206896552,0.6336227840855436,0.0,0.0
652,1,12.0,20.0,1.6666666666666667,0.15151515151515152,0.18181818181818182,0.2727272727272727,0.3333333333333333,0.3333333333333333,0.2222222222222222,0.6666666666666666,0.5833333333333334,0.0,0.2857142857142857,0.42857142857142855,0.8611111111111112,0.17179606773406916,0.39814814814814814,0.40349552906483194,NaN,NaN,NaN,NaN,2.2222222222222223,1.2018504251546631,2.322420634920635,0.9392967333385632,3.333333333333333,0.4444444444444444,0.748576193569942,3.0,5.0,1.3793103448275863,0.5614899250748772,0.16666666666666666,0.0
653,1,12.0,17.0,1.4166666666666667,0.12878787878787878,0.18181818181818182,0.18181818181818182,0.5555555555555556,0.3333333333333333,0.2222222222222222,0.3333333333333333,0.5833333333333334,0.0,0.2857142857142857,0.42857142857142855,0.6481481481481481,0.2421610524189263,0.2962962962962963,0.4547418206595805,NaN,NaN,NaN,NaN,1.8888888888888888,0.927960727138337,2.776785714285714,1.5222455871177567,5.0,0.4444444444444444,0.8484191236276256,5.0,6.0,2.0444444444444443,1.0650556015267159,0.16666666666666666,0.0
654,1,12.0,22.0,1.8333333333333333,0.16666666666666666,0.18181818181818182,0.18181818181818182,0.2222222222222222,0.4444444444444444,0.2222222222222222,0.6666666666666666,0.5833333333333334,0.0,0.2857142857142857,0.14285714285714285,0.48500881834215165,0.4014893467892143,0.3842592592592593,0.41130813597113464,NaN,NaN,NaN,NaN,2.4444444444444446,2.2973414586817036,2.1511904761904765,0.8246314369478773,3.2142857142857144,0.3333333333333333,0.5381402501956559,2.0,4.0,1.2758620689655173,0.454858826147342,0.0,0.0
655,1,12.0,15.0,1.25,0.11363636363636363,0.18181818181818182,0.45454545454545453,0.1111111111111111,0.6666666666666666,0.4444444444444444,0.7777777777777778,0.5833333333333334,0.0,0.5714285714285714,0.2857142857142857,0.7638888888888888,0.3333333333333334,0.5833333333333334,0.43301270189221935,NaN,NaN,NaN,NaN,1.6666666666666667,0.9999999999999999,1.9513888888888886,0.6894390317143195,3.25,0.3333333333333333,0.34570302574692924,2.0,4.0,1.2857142857142858,0.4629100498862757,0.0,0.0
656,1,12.0,27.0,2.25,0.20454545454545456,0.18181818181818182,0.09090909090909091,0.1111111111111111,0.6666666666666666,0.4444444444444444,0.7777777777777778,0.5833333333333334,0.0,0.5714285714285714,0.42857142857142855,0.7273368606701939,0.3319043233068711,0.574074074074074,0.44962261267329573,NaN,NaN,NaN,NaN,3.0,2.598076211353316,1.9617424242424242,0.689203686701606,3.090909090909091,0.3333333333333333,0.4328096280610634,2.0,4.0,1.1612903225806452,0.373878250552983,0.0,0.0
657,1,12.0,22.0,1.8333333333333333,0.16666666666666666,0.18181818181818182,0.2727272727272727,0.3333333333333333,0.4444444444444444,0.3333333333333333,0.6666666666666666,0.5833333333333334,0.0,0.42857142857142855,0.42857142857142855,0.8319444444444444,0.21927268902619354,0.4388888888888889,0.4498456525421926,NaN,NaN,NaN,NaN,2.4444444444444446,1.7400510848184252,2.175805675805676,0.8535183780748453,3.3636363636363633,0.3333333333333333,0.5497540941298338,2.0,5.0,1.34375,0.48255870443481425,0.0,0.0
658,1,12.0,24.0,2.0,0.18181818181818182,0.18181818181818182,0.09090909090909091,0.2222222222222222,0.4444444444444444,0.3333333333333333,0.7777777777777778,0.5833333333333334,0.0,0.42857142857142855,0.42857142857142855,0.8225308641975306,0.14744116610457578,0.5018518518518518,0.4330483393312239,NaN,NaN,NaN,NaN,2.6666666666666665,2.958039891549808,2.334722222222222,1.079783422292285,4.333333333333334,0.5555555555555556,0.752824793084105,4.0,7.0,1.7826086956521738,0.8670010503200322,0.16666666666666666,0.0
659,1,12.0,22.0,1.8333333333333333,0.16666666666666666,0.18181818181818182,0.09090909090909091,0.3333333333333333,0.5555555555555556,0.3333333333333333,0.4444444444444444,0.5833333333333334,0.0,0.42857142857142855,0.42857142857142855,0.5264550264550265,0.43488152993007884,0.3580246913580247,0.48679405289240424,NaN,NaN,NaN,NaN,2.4444444444444446,2.9627314724385294,2.1001602564102564,0.8149179205762463,3.125,0.2222222222222222,0.6528267699531068,3.0,5.0,1.4444444444444444,0.557773351022717,0.16666666666666666,0.0
66,1,12.0,21.0,1.75,0.1590909090909091,0.18181818181818182,0.2727272727272727,0.2222222222222222,0.3333333333333333,0.2222222222222222,0.6666666666666666,0.5833333333333334,0.0,0.2857142857142857,0.2857142857142857,0.7,0.33166247903554,0.42962962962962964,0.40669550595980436,NaN,NaN,NaN,NaN,2.3333333333333335,1.5,2.2432539682539683,0.8674642121032275,3.2857142857142856,0.3333333333333333,0.7693341715323142,3.0,6.0,1.4857142857142858,0.6122008787696949,0.16666666666666666,0.0
660,1,12.0,16.0,1.3333333333333333,0.12121212121212122,0.18181818181818182,0.45454545454545453,0.2222222222222222,0.4444444444444444,0.2222222222222222,0.6666666666666666,0.5833333333333334,0.0,0.2857142857142857,0.2857142857142857,0.5694444444444444,0.3004626062886657,0.42592592592592593,0.39185377721294123,NaN,NaN,NaN,NaN,1.7777777777777777,1.0929064207170003,2.154166666666667,0.8732016150958841,3.5,0.5555555555555556,0.3898717737923586,3.0,4.0,1.4615384615384615,0.6468860320501119,0.0,0.0
661,1,12.0,19.0,1.5833333333333333,0.14393939393939395,0.18181818181818182,0.09090909090909091,0.1111111111111111,0.6666666666666666,0.4444444444444444,0.6666666666666666,0.5833333333333334,0.0,0.5714285714285714,0.2857142857142857,0.626984126984127,0.4146208277920952,0.5370370370370371,0.4697648479246601,NaN,NaN,NaN,NaN,2.111111111111111,1.9649710204252662,1.9560185185185184,0.6930246428738143,3.2222222222222223,0.3333333333333333,0.37564470607545164,2.0,4.0,1.25,0.4423258684646914,0.0,0.0
662,1,12.0,19.0,1.5833333333333333,0.14393939393939395,0.18181818181818182,0.2727272727272727,0.2222222222222222,0.4444444444444444,0.3333333333333333,0.6666666666666666,0.5833333333333334,0.0,0.42857142857142855,0.42857142857142855,0.6111111111111112,0.39363424224356636,0.42592592592592593,0.447687818369061,NaN,NaN,NaN,NaN,2.111111111111111,1.3642254619787417,2.1555555555555554,0.8520128672302583,3.333333333333333,0.4444444444444444,0.6543303050815759,2.0,6.0,1.3333333333333333,0.4803844614152614,0.16666666666666666,0.0
663,1,12.0,18.0,1.5,0.13636363636363635,0.18181818181818182,0.2727272727272727,0.2222222222222222,0.4444444444444444,0.3333333333333333,0.5555555555555556,0.5833333333333334,0.0,0.42857142857142855,0.42857142857142855,0.6234567901234568,0.38866836781139547,0.40476190476190477,0.47380354147934284,NaN,NaN,NaN,NaN,2.0,2.0,2.2866161616161613,1.0799197472705286,4.5,0.5555555555555556,0.6525587316124616,4.0,5.0,1.6206896551724137,0.8624629641509367,0.0,0.0
664,1,12.0,41.0,3.4166666666666665,0.3106060606060606,0.18181818181818182,0.09090909090909091,0.1111111111111111,0.3333333333333333,0.2222222222222222,0.8888888888888888,0.5833333333333334,0.0,0.2857142857142857,0.42857142857142855,0.7320735701688083,0.1729295608572412,0.4322390572390572,0.37019827364537966,NaN,NaN,NaN,NaN,4.555555555555555,3.3952581312438936,2.2056727994227994,0.8457451328761001,3.25,0.6666666666666666,0.6619571380209617,2.0,6.0,1.1914893617021276,0.3977271225536437,0.0,0.0
665,1,12.0,20.0,1.6666666666666667,0.15151515151515152,0.18181818181818182,0.2727272727272727,0.4444444444444444,0.3333333333333333,0.2222222222222222,0.4444444444444444,0.5833333333333334,0.0,0.2857142857142857,0.42857142857142855,0.5634920634920635,0.3122589773477143,0.30000000000000004,0.4301162633521314,NaN,NaN,NaN,NaN,2.2222222222222223,1.6414763002993509,2.4510582010582014,1.160156633142151,4.5,0.5555555555555556,0.78945885422767,3.0,7.0,1.6666666666666667,0.6622661785325218,0.16666666666666666,0.0
666,1,12.0,33.0,2.75,0.25,0.18181818181818182,0.09090909090909091,0.2222222222222222,0.3333333333333333,0.2222222222222222,0.6666666666666666,0.5833333333333334,0.0,0.2857142857142857,0.42857142857142855,0.7314184933232553,0.20751741010136554,0.3664983164983165,0.4139917196815675,NaN,NaN,NaN,NaN,3.6666666666666665,3.3541019662496847,2.343918611581655,0.9660950106789729,3.428571428571429,0.5555555555555556,0.8734794469906654,3.0,6.0,1.3255813953488371,0.5219437222243747,0.3333333333333333,0.0
667,1,12.0,21.0,1.75,0.1590909090909091,0.18181818181818182,0.18181818181818182,0.1111111111111111,0.5555555555555556,0.3333333333333333,0.6666666666666666,0.5833333333333334,0.0,0.42857142857142855,0.2857142857142857,0.544973544973545,0.44247366340467353,0.45370370370370366,0.4431404481539949,NaN,NaN,NaN,NaN,2.3333333333333335,2.3979157616563596,1.986111111111111,0.6979708444221002,3.0,0.2222222222222222,0.5013210062651986,2.0,4.0,1.1666666666666667,0.3806934938134405,0.0,0.0
668,1,12.0,28.0,2.3333333333333335,0.21212121212121213,0.18181818181818182,0.09090909090909091,0.1111111111111111,0.5555555555555556,0.4444444444444444,0.7777777777777778,0.5833333333333334,0.0,0.5714285714285714,0.42857142857142855,0.823268921095008,0.2733813768071967,0.5340909090909091,0.4652156702376982,NaN,NaN,NaN,NaN,3.111111111111111,3.723051317281446,2.061965811965812,0.7721357991619988,3.0769230769230766,0.2222222222222222,0.5837489443922528,2.0,5.0,1.1612903225806452,0.373878250552983,0.16666666666666666,0.0
669,1,12.0,28.0,2.3333333333333335,0.21212121212121213,0.18181818181818182,0.09090909090909091,0.1111111111111111,0.3333333333333333,0.2222222222222222,0.7777777777777778,0.5833333333333334,0.0,0.2857142857142857,0.42857142857142855,0.694784580498866,0.31259502696972774,0.4296296296296297,0.37097635610658997,NaN,NaN,NaN,NaN,3.111111111111111,2.3154073315749675,2.1997354497354498,0.8371474135931097,3.2857142857142856,0.6666666666666666,0.7330493226292244,4.0,7.0,1.5909090909090908,0.8160649147167843,0.16666666666666666,0.0
67,1,12.0,22.0,1.8333333333333333,0.16666666666666666,0.18181818181818182,0.18181818181818182,0.2222222222222222,0.4444444444444444,0.3333333333333333,0.7777777777777778,0.5833333333333334,0.0,0.42857142857142855,0.2857142857142857,0.7555555555555555,0.2177457105075653,0.5092592592592592,0.40919221840711767,NaN,NaN,NaN,NaN,2.4444444444444446,1.5898986690282426,2.140873015873016,0.8451822024891343,3.5,0.3333333333333333,0.5433078033333969,3.0,5.0,1.3823529411764706,0.5512908203729235,0.0,0.0
670,1,12.0,21.0,1.75,0.1590909090909091,0.18181818181818182,0.09090909090909091,0.2222222222222222,0.5555555555555556,0.2222222222222222,0.4444444444444444,0.5833333333333334,0.0,0.2857142857142857,0.2857142857142857,0.4185185185185185,0.4640136226182467,0.27946127946127947,0.42445280978684224,NaN,NaN,NaN,NaN,2.3333333333333335,3.3166247903553994,2.015873015873016,0.7288085892286043,3.0,0.2222222222222222,0.5233558125734038,2.0,4.0,1.0909090909090908,0.29424494316824984,0.0,0.0
671,1,12.0,22.0,1.8333333333333333,0.16666666666666666,0.18181818181818182,0.36363636363636365,0.1111111111111111,0.4444444444444444,0.2222222222222222,0.6666666666666666,0.5833333333333334,0.0,0.2857142857142857,0.2857142857142857,0.6666666666666666,0.3033379120533549,0.4629629629629629,0.4063538566202165,NaN,NaN,NaN,NaN,2.4444444444444446,1.5898986690282426,2.21875,0.9047303088866769,3.5,0.3333333333333333,0.7263590039349705,3.0,5.0,1.4166666666666667,0.554204706893452,0.16666666666666666,0.0
672,1,12.0,16.0,1.3333333333333333,0.12121212121212122,0.18181818181818182,0.5454545454545454,0.3333333333333333,0.3333333333333333,0.2222222222222222,0.3333333333333333,0.5833333333333334,0.0,0.2857142857142857,0.42857142857142855,0.30864197530864196,0.41491400930385336,0.25,0.4330127018922193,NaN,NaN,NaN,NaN,1.7777777777777777,1.2018504251546631,2.3208333333333333,0.985683503817006,4.0,0.2222222222222222,0.6545911573901173,3.0,5.0,1.434782608695652,0.66237087637185,0.0,0.0
673,1,12.0,11.0,0.9166666666666666,0.08333333333333333,0.18181818181818182,0.45454545454545453,0.4444444444444444,0.5555555555555556,0.3333333333333333,0.3333333333333333,0.5833333333333334,0.0,0.42857142857142855,0.42857142857142855,0.3888888888888889,0.4859126579037751,0.3333333333333333,0.5,NaN,NaN,NaN,NaN,1.2222222222222223,0.4409585518440984,2.5,1.4616304718921387,5.5,0.2222222222222222,0.8607607628772881,5.0,6.0,2.0,1.224744871391589,0.0,0.0
674,1,12.0,22.0,1.8333333333333333,0.16666666666666666,0.18181818181818182,0.36363636363636365,0.2222222222222222,0.3333333333333333,0.2222222222222222,0.6666666666666666,0.5833333333333334,0.0,0.2857142857142857,0.2857142857142857,0.5817901234567902,0.3104441981051896,0.3888888888888889,0.40611643103370687,NaN,NaN,NaN,NaN,2.4444444444444446,1.8782379449307742,2.2351851851851854,0.9340765839701192,4.0,0.3333333333333333,0.737671370479916,3.0,4.0,1.3666666666666667,0.6149478998583782,0.16666666666666666,0.0
675,1,12.0,21.0,1.75,0.1590909090909091,0.18181818181818182,0.2727272727272727,0.2222222222222222,0.4444444444444444,0.2222222222222222,0.5555555555555556,0.5833333333333334,0.0,0.2857142857142857,0.42857142857142855,0.5092592592592593,0.40919221840711767,0.35185185185185186,0.41201102706087017,NaN,NaN,NaN,NaN,2.3333333333333335,1.7320508075688772,2.090277777777778,0.8160776581353911,3.5,0.5555555555555556,0.475907654107491,2.0,4.0,1.2307692307692308,0.4296689244236597,0.0,0.0
676,1,12.0,28.0,2.3333333333333335,0.21212121212121213,0.18181818181818182,0.09090909090909091,0.2222222222222222,0.4444444444444444,0.3333333333333333,0.6666666666666666,0.5833333333333334,0.0,0.42857142857142855,0.42857142857142855,0.7238095238095238,0.3424104232630538,0.4461279461279461,0.4476183731014239,NaN,NaN,NaN,NaN,3.111111111111111,3.551212625443753,2.1137626262626266,0.7934391254862996,3.1818181818181817,0.4444444444444444,0.5946606688818405,2.0,6.0,1.2058823529411764,0.41042563012190475,0.0,0.0
677,1,12.0,24.0,2.0,0.18181818181818182,0.18181818181818182,0.09090909090909091,0.3333333333333333,0.4444444444444444,0.2222222222222222,0.5555555555555556,0.5833333333333334,0.0,0.2857142857142857,0.42857142857142855,0.51440329218107,0.36197401385920386,0.34427609427609424,0.42913692946921006,NaN,NaN,NaN,NaN,2.6666666666666665,3.3166247903554,2.175438596491228,0.8567637022675888,3.333333333333333,0.3333333333333333,0.6277303851973162,3.0,5.0,1.435897435897436,0.5522619418008753,0.16666666666666666,0.0
678,1,12.0,25.0,2.0833333333333335,0.1893939393939394,0.18181818181818182,0.18181818181818182,0.2222222222222222,0.3333333333333333,0.2222222222222222,0.6666666666666666,0.5833333333333334,0.0,0.2857142857142857,0.42857142857142855,0.7443482443482443,0.22457021445825023,0.3925925925925926,0.3974843734796298,NaN,NaN,NaN,NaN,2.7777777777777777,2.048034287907418,2.2254419191919195,0.8580996376522748,3.3636363636363633,0.4444444444444444,0.6421371198829406,3.0,7.0,1.3428571428571427,0.5392182327416316,0.16666666666666666,0.0
679,1,12.0,16.0,1.3333333333333333,0.12121212121212122,0.18181818181818182,0.36363636363636365,0.3333333333333333,0.4444444444444444,0.2222222222222222,0.5555555555555556,0.5833333333333334,0.0,0.2857142857142857,0.42857142857142855,0.7407407407407407,0.36430214023900004,0.3888888888888889,0.42491829279939874,NaN,NaN,NaN,NaN,1.7777777777777777,1.2018504251546631,2.1666666666666665,0.915633026044735,4.0,0.2222222222222222,0.3415650255319866,3.0,4.0,1.2857142857142858,0.560611910581388,0.0,0.0
68,1,12.0,24.0,2.0,0.18181818181818182,0.18181818181818182,0.18181818181818182,0.3333333333333333,0.3333333333333333,0.2222222222222222,0.6666666666666666,0.5833333333333334,0.0,0.2857142857142857,0.42857142857142855,0.7226337448559672,0.17431469229355837,0.3777777777777778,0.4109609335312651,NaN,NaN,NaN,NaN,2.6666666666666665,1.7320508075688772,2.5858585858585856,1.2220894068340118,4.090909090909091,0.4444444444444444,0.9333571454051663,4.0,6.0,1.6956521739130435,0.8129388446970605,0.16666666666666666,0.0
680,1,12.0,21.0,1.75,0.1590909090909091,0.18181818181818182,0.09090909090909091,0.2222222222222222,0.6666666666666666,0.4444444444444444,0.5555555555555556,0.5833333333333334,0.0,0.5714285714285714,0.42857142857142855,0.712962962962963,0.42309850588132825,0.4666666666666667,0.5099019513592785,NaN,NaN,NaN,NaN,2.3333333333333335,3.0413812651491097,2.006944444444444,0.7541621323598275,3.25,0.2222222222222222,0.5158211207108804,2.0,4.0,1.1304347826086956,0.34435022157509093,0.0,0.0
681,1,12.0,21.0,1.75,0.1590909090909091,0.18181818181818182,0.09090909090909091,0.3333333333333333,0.3333333333333333,0.2222222222222222,0.4444444444444444,0.5833333333333334,0.0,0.2857142857142857,0.2857142857142857,0.3194444444444444,0.43100335136619167,0.28395061728395066,0.42350357874182487,NaN,NaN,NaN,NaN,2.3333333333333335,2.5980762113533156,2.277777777777778,0.9596225408333324,4.0,0.3333333333333333,0.6338135188835725,3.0,4.0,1.3076923076923077,0.5491251783869153,0.0,0.0
682,1,12.0,25.0,2.0833333333333335,0.1893939393939394,0.18181818181818182,0.09090909090909091,0.3333333333333333,0.3333333333333333,0.2222222222222222,0.5555555555555556,0.5833333333333334,0.0,0.2857142857142857,0.42857142857142855,0.6666666666666666,0.36055512754639896,0.32222222222222224,0.4176654695380556,NaN,NaN,NaN,NaN,2.7777777777777777,3.1135902820449006,2.365740740740741,1.0162700924756451,4.0,0.3333333333333333,0.798706516040424,3.0,6.0,1.3823529411764706,0.603761235285532,0.16666666666666666,0.0
683,1,12.0,33.0,2.75,0.25,0.18181818181818182,0.09090909090909091,0.1111111111111111,0.4444444444444444,0.2222222222222222,0.8888888888888888,0.5833333333333334,0.0,0.2857142857142857,0.42857142857142855,0.7754237288135594,0.16275107850497994,0.499037999037999,0.3547111745129357,NaN,NaN,NaN,NaN,3.6666666666666665,3.3166247903554,2.115079365079365,0.7859984618809992,3.0,0.2222222222222222,0.6402162365323819,2.0,6.0,1.326086956521739,0.47395957755848783,0.16666666666666666,0.0
684,1,12.0,20.0,1.6666666666666667,0.15151515151515152,0.18181818181818182,0.36363636363636365,0.1111111111111111,0.4444444444444444,0.2222222222222222,0.6666666666666666,0.5833333333333334,0.0,0.2857142857142857,0.42857142857142855,0.5833333333333334,0.43301270189221935,0.3888888888888889,0.3974746672570607,NaN,NaN,NaN,NaN,2.2222222222222223,1.3944333775567928,2.0083333333333333,0.6815201368776251,3.0,0.4444444444444444,0.48002192932362886,2.0,3.0,1.0952380952380953,0.30079260375911915,0.0,0.0
685,1,12.0,24.0,2.0,0.18181818181818182,0.18181818181818182,0.09090909090909091,0.2222222222222222,0.4444444444444444,0.2222222222222222,0.5555555555555556,0.5833333333333334,0.0,0.2857142857142857,0.42857142857142855,0.4851851851851852,0.4038395965641388,0.35353535353535354,0.42774527919676075,NaN,NaN,NaN,NaN,2.6666666666666665,3.24037034920393,2.092013888888889,0.8118178144947157,3.5,0.4444444444444444,0.5486904104004173,3.0,4.0,1.2142857142857142,0.49867549436206376,0.0,0.0
686,1,12.0,28.0,2.3333333333333335,0.21212121212121213,0.18181818181818182,0.09090909090909091,0.1111111111111111,0.6666666666666666,0.4444444444444444,0.7777777777777778,0.5833333333333334,0.0,0.5714285714285714,0.42857142857142855,0.7863660762211486,0.3308542004555419,0.5526094276094276,0.46700276770308613,NaN,NaN,NaN,NaN,3.111111111111111,3.7564758898615485,1.9832516339869282,0.7144901804409053,3.0,0.2222222222222222,0.5483382413608994,2.0,4.0,1.1333333333333333,0.34574590364176044,0.16666666666666666,0.0
687,1,12.0,15.0,1.25,0.11363636363636363,0.18181818181818182,0.36363636363636365,0.2222222222222222,0.4444444444444444,0.2222222222222222,0.5555555555555556,0.5833333333333334,0.0,0.2857142857142857,0.2857142857142857,0.4629629629629629,0.39771725175767647,0.3703703703703704,0.4148106811963355,NaN,NaN,NaN,NaN,1.6666666666666667,1.1180339887498947,2.125,0.82915619758885,3.5,0.3333333333333333,0.5,3.0,4.0,1.4583333333333333,0.6580053301400784,0.0,0.0
688,1,12.0,18.0,1.5,0.13636363636363635,0.18181818181818182,0.36363636363636365,0.1111111111111111,0.5555555555555556,0.3333333333333333,0.7777777777777778,0.5833333333333334,0.0,0.42857142857142855,0.2857142857142857,0.6319444444444444,0.33721695950497177,0.5092592592592592,0.40919221840711767,NaN,NaN,NaN,NaN,2.0,1.118033988749895,2.0569444444444445,0.7781893752189782,3.333333333333333,0.3333333333333333,0.44827191794523635,3.0,4.0,1.4137931034482758,0.5680317759792736,0.0,0.0
689,1,12.0,26.0,2.1666666666666665,0.19696969696969696,0.18181818181818182,0.09090909090909091,0.2222222222222222,0.3333333333333333,0.2222222222222222,0.6666666666666666,0.5833333333333334,0.0,0.2857142857142857,0.42857142857142855,0.7952380952380953,0.20757382340813865,0.4166666666666667,0.4039733214513607,NaN,NaN,NaN,NaN,2.888888888888889,1.3642254619787417,2.364774114774115,0.9961915531309621,3.6153846153846154,0.5555555555555556,0.7199022772896182,2.0,6.0,1.4,0.49613893835683376,0.16666666666666666,0.0
69,1,12.0,20.0,1.6666666666666667,0.15151515151515152,0.18181818181818182,0.2727272727272727,0.2222222222222222,0.4444444444444444,0.2222222222222222,0.6666666666666666,0.5833333333333334,0.0,0.2857142857142857,0.42857142857142855,0.54320987654321,0.3212842883869902,0.3888888888888889,0.408248290463863,NaN,NaN,NaN,NaN,2.2222222222222223,1.7159383568311666,2.15,0.866491823855298,3.666666666666667,0.3333333333333333,0.49250523196081064,3.0,5.0,1.4,0.6214554662658655,0.0,0.0
690,1,12.0,20.0,1.6666666666666667,0.15151515151515152,0.18181818181818182,0.2727272727272727,0.3333333333333333,0.3333333333333333,0.2222222222222222,0.5555555555555556,0.5833333333333334,0.0,0.2857142857142857,0.42857142857142855,0.65,0.30618621784789724,0.35555555555555557,0.41866188956934897,NaN,NaN,NaN,NaN,2.2222222222222223,1.6414763002993507,2.486111111111111,1.1622390732115588,4.0,0.1111111111111111,0.7426048668734225,4.0,7.0,1.8333333333333333,0.908406985900329,0.16666666666666666,0.0
691,1,12.0,23.0,1.9166666666666667,0.17424242424242425,0.18181818181818182,0.09090909090909091,0.2222222222222222,0.4444444444444444,0.2222222222222222,0.5555555555555556,0.5833333333333334,0.0,0.2857142857142857,0.2857142857142857,0.5916666666666667,0.35222507009013426,0.335016835016835,0.41593906474514164,NaN,NaN,NaN,NaN,2.5555555555555554,3.244653722321964,2.1229575163398695,0.794677127173889,3.0588235294117645,0.3333333333333333,0.5771580950706394,2.0,4.0,1.1851851851851851,0.3958473906635696,0.0,0.0
692,1,12.0,27.0,2.25,0.20454545454545456,0.18181818181818182,0.09090909090909091,0.2222222222222222,0.4444444444444444,0.2222222222222222,0.4444444444444444,0.5833333333333334,0.0,0.2857142857142857,0.42857142857142855,0.38737717309145886,0.390269789352889,0.27946127946127947,0.42445280978684224,NaN,NaN,NaN,NaN,3.0,3.427827300200522,2.1194444444444445,0.8062205544958417,3.1,0.2222222222222222,0.6492184894472759,2.0,5.0,1.375,0.4902903378454601,0.16666666666666666,0.0
693,1,12.0,15.0,1.25,0.11363636363636363,0.18181818181818182,0.18181818181818182,0.4444444444444444,0.4444444444444444,0.2222222222222222,0.3333333333333333,0.5833333333333334,0.0,0.2857142857142857,0.42857142857142855,0.3888888888888889,0.42491829279939874,0.25,0.4330127018922193,NaN,NaN,NaN,NaN,1.6666666666666667,1.118033988749895,2.191666666666667,0.8764166021967296,3.5,0.2222222222222222,0.6397171994233821,3.0,5.0,1.4782608695652173,0.5931093121225481,0.0,0.0
694,1,12.0,32.0,2.6666666666666665,0.24242424242424243,0.18181818181818182,0.09090909090909091,0.1111111111111111,0.4444444444444444,0.2222222222222222,0.7777777777777778,0.5833333333333334,0.0,0.2857142857142857,0.42857142857142855,0.6314267854352242,0.2964915826900113,0.42500000000000004,0.3929942040850532,NaN,NaN,NaN,NaN,3.5555555555555554,3.2446537223219645,2.148949579831933,0.8413026622706916,3.428571428571429,0.4444444444444444,0.5842606827471106,3.0,6.0,1.3111111111111111,0.5144380085554183,0.16666666666666666,0.0
695,1,12.0,29.0,2.4166666666666665,0.2196969696969697,0.18181818181818182,0.09090909090909091,0.3333333333333333,0.3333333333333333,0.2222222222222222,0.5555555555555556,0.5833333333333334,0.0,0.2857142857142857,0.42857142857142855,0.5056980056980057,0.32351866874000235,0.2924242424242424,0.41321157008594583,NaN,NaN,NaN,NaN,3.2222222222222223,3.3458099833141217,2.3305555555555557,0.9529813223108838,3.5,0.3333333333333333,0.811107549609414,3.0,7.0,1.446808510638298,0.5440792237028766,0.3333333333333333,0.0
696,1,12.0,27.0,2.25,0.20454545454545456,0.18181818181818182,0.09090909090909091,0.1111111111111111,0.5555555555555556,0.3333333333333333,0.5555555555555556,0.5833333333333334,0.0,0.42857142857142855,0.42857142857142855,0.5655026455026455,0.39813789295797997,0.38888888888888884,0.4714045207910317,NaN,NaN,NaN,NaN,3.0,2.598076211353316,2.0782828282828283,0.7971962653712606,3.2727272727272725,0.2222222222222222,0.5600813979030467,2.0,5.0,1.2647058823529411,0.44781107551989907,0.0,0.0
697,1,12.0,14.0,1.1666666666666667,0.10606060606060606,0.18181818181818182,0.36363636363636365,0.4444444444444444,0.3333333333333333,0.2222222222222222,0.3333333333333333,0.5833333333333334,0.0,0.2857142857142857,0.42857142857142855,0.3333333333333333,0.43301270189221935,0.2777777777777778,0.4409585518440985,NaN,NaN,NaN,NaN,1.5555555555555556,0.7264831572567789,2.3958333333333335,1.115277856397094,4.0,0.3333333333333333,0.6694367814779857,3.0,5.0,1.5416666666666667,0.6580053301400786,0.0,0.0
698,1,12.0,15.0,1.25,0.11363636363636363,0.18181818181818182,0.5454545454545454,0.3333333333333333,0.3333333333333333,0.2222222222222222,0.4444444444444444,0.5833333333333334,0.0,0.2857142857142857,0.42857142857142855,0.6111111111111112,0.3535533905932738,0.35185185185185186,0.4444444444444444,NaN,NaN,NaN,NaN,1.6666666666666667,0.8660254037844386,2.35,0.9986354326142887,3.5,0.5555555555555556,0.7472489226361939,3.0,4.0,1.5217391304347827,0.6653478391304606,0.16666666666666666,0.0
699,1,12.0,25.0,2.0833333333333335,0.1893939393939394,0.18181818181818182,0.09090909090909091,0.2222222222222222,0.4444444444444444,0.2222222222222222,0.5555555555555556,0.5833333333333334,0.0,0.2857142857142857,0.2857142857142857,0.4204980842911878,0.39628874755173277,0.32575757575757575,0.41690764381463963,NaN,NaN,NaN,NaN,2.7777777777777777,3.270236145058097,2.088235294117647,0.7703412266887526,3.0588235294117645,0.3333333333333333,0.5868169174274103,2.0,5.0,1.2727272727272727,0.4522670168666455,0.16666666666666666,0.0
7,1,12.0,15.0,1.25,0.11363636363636363,0.18181818181818182,0.36363636363636365,0.5555555555555556,0.3333333333333333,0.2222222222222222,0.3333333333333333,0.5833333333333334,0.0,0.2857142857142857,0.2857142857142857,0.6296296296296297,0.31914236925211276,0.2962962962962963,0.4547418206595805,NaN,NaN,NaN,NaN,1.6666666666666667,0.8660254037844386,2.5853174603174605,1.2524335549885421,4.333333333333334,0.4444444444444444,0.7363082749931209,4.0,5.0,1.8529411764705883,0.8921323770904851,0.16666666666666666,0.0
70,1,12.0,28.0,2.3333333333333335,0.21212121212121213,0.18181818181818182,0.09090909090909091,0.2222222222222222,0.3333333333333333,0.2222222222222222,0.6666666666666666,0.5833333333333334,0.0,0.2857142857142857,0.42857142857142855,0.4959595959595961,0.3303766511642841,0.335016835016835,0.3967118672047298,NaN,NaN,NaN,NaN,3.111111111111111,3.218867985971328,2.3015873015873014,0.9296160919819497,3.5,0.3333333333333333,0.8370593015816856,3.0,7.0,1.4565217391304348,0.5852453137742206,0.16666666666666666,0.0
700,1,12.0,17.0,1.4166666666666667,0.12878787878787878,0.18181818181818182,0.2727272727272727,0.2222222222222222,0.4444444444444444,0.2222222222222222,0.4444444444444444,0.5833333333333334,0.0,0.2857142857142857,0.2857142857142857,0.3842592592592593,0.42172851251913823,0.2814814814814815,0.4239729784075314,NaN,NaN,NaN,NaN,1.8888888888888888,1.3642254619787417,2.100694444444444,0.8051009906954875,3.375,0.3333333333333333,0.5364330495659888,2.0,4.0,1.3043478260869565,0.4704719688969648,0.0,0.0
701,1,12.0,20.0,1.6666666666666667,0.15151515151515152,0.18181818181818182,0.2727272727272727,0.3333333333333333,0.4444444444444444,0.2222222222222222,0.5555555555555556,0.5833333333333334,0.0,0.2857142857142857,0.2857142857142857,0.5515873015873016,0.31861922643062074,0.3492063492063492,0.4217378472361512,NaN,NaN,NaN,NaN,2.2222222222222223,2.048034287907418,2.225,0.9516731677323987,4.0,0.2222222222222222,0.4832728334791305,3.0,4.0,1.4,0.6214554662658655,0.0,0.0
702,1,12.0,11.0,0.9166666666666666,0.08333333333333333,0.18181818181818182,0.45454545454545453,0.3333333333333333,0.5555555555555556,0.3333333333333333,0.4444444444444444,0.5833333333333334,0.0,0.42857142857142855,0.14285714285714285,0.5,0.5,0.3888888888888889,0.4859126579037751,NaN,NaN,NaN,NaN,1.2222222222222223,0.4409585518440984,2.0416666666666665,0.7525210155124432,3.0,0.1111111111111111,0.22360679774997896,2.0,3.0,1.3125,0.47871355387816905,0.0,0.0
703,1,12.0,26.0,2.1666666666666665,0.19696969696969696,0.18181818181818182,0.09090909090909091,0.1111111111111111,0.5555555555555556,0.4444444444444444,0.7777777777777778,0.5833333333333334,0.0,0.5714285714285714,0.2857142857142857,0.8585390946502057,0.14664148342428504,0.5777777777777778,0.4459696053419884,NaN,NaN,NaN,NaN,2.888888888888889,2.0275875100994067,2.120701058201058,0.8489761429780044,3.416666666666667,0.3333333333333333,0.5780891498198578,2.0,5.0,1.3142857142857143,0.4710082159536056,0.0,0.0
704,1,12.0,18.0,1.5,0.13636363636363635,0.18181818181818182,0.36363636363636365,0.2222222222222222,0.3333333333333333,0.2222222222222222,0.5555555555555556,0.5833333333333334,0.0,0.2857142857142857,0.14285714285714285,0.5111111111111111,0.3858612300930075,0.38888888888888884,0.42491829279939874,NaN,NaN,NaN,NaN,2.0,1.0,2.2791666666666663,0.9059044534540487,3.4,0.3333333333333333,0.8365672544642363,3.0,6.0,1.5483870967741935,0.6752140242135256,0.16666666666666666,0.0
705,1,12.0,26.0,2.1666666666666665,0.19696969696969696,0.18181818181818182,0.09090909090909091,0.2222222222222222,0.3333333333333333,0.2222222222222222,0.5555555555555556,0.5833333333333334,0.0,0.2857142857142857,0.42857142857142855,0.5593869731800766,0.3842303493072587,0.335016835016835,0.41593906474514164,NaN,NaN,NaN,NaN,2.888888888888889,3.2574700476153438,2.380952380952381,1.0128019959057841,3.666666666666667,0.3333333333333333,0.8992894068612539,3.0,7.0,1.4390243902439024,0.5936657514041415,0.3333333333333333,0.0
706,1,12.0,27.0,2.25,0.20454545454545456,0.18181818181818182,0.09090909090909091,0.2222222222222222,0.4444444444444444,0.3333333333333333,0.6666666666666666,0.5833333333333334,0.0,0.42857142857142855,0.2857142857142857,0.6158730158730159,0.34620349422042357,0.4388888888888889,0.44984565254219266,NaN,NaN,NaN,NaN,3.0,2.179449471770337,2.2162698412698414,0.9104660886553412,3.5,0.4444444444444444,0.7097957283840178,3.0,6.0,1.3142857142857143,0.5297851157852238,0.16666666666666666,0.0
707,1,12.0,26.0,2.1666666666666665,0.19696969696969696,0.18181818181818182,0.09090909090909091,0.3333333333333333,0.4444444444444444,0.2222222222222222,0.4444444444444444,0.5833333333333334,0.0,0.2857142857142857,0.42857142857142855,0.33444444444444443,0.41058985347640753,0.27020202020202017,0.4240394536108039,NaN,NaN,NaN,NaN,2.888888888888889,3.4075080500434787,2.21875,0.9506651379668104,4.0,0.2222222222222222,0.6786758884316295,3.0,6.0,1.2941176470588236,0.5239368319955838,0.0,0.0
708,1,12.0,22.0,1.8333333333333333,0.16666666666666666,0.18181818181818182,0.09090909090909091,0.3333333333333333,0.5555555555555556,0.3333333333333333,0.4444444444444444,0.5833333333333334,0.0,0.42857142857142855,0.42857142857142855,0.4444444444444444,0.4639803635691685,0.35353535353535354,0.48838671094806657,NaN,NaN,NaN,NaN,2.4444444444444446,3.358240279934981,2.1875,0.960143218483576,4.0,0.1111111111111111,0.6797949780052895,3.0,5.0,1.2592592592592593,0.5256931389634797,0.0,0.0
709,1,12.0,23.0,1.9166666666666667,0.17424242424242425,0.18181818181818182,0.09090909090909091,0.3333333333333333,0.3333333333333333,0.2222222222222222,0.5555555555555556,0.5833333333333334,0.0,0.2857142857142857,0.42857142857142855,0.6872427983539094,0.3181595797924163,0.35185185185185186,0.4265042370217802,NaN,NaN,NaN,NaN,2.5555555555555554,1.3333333333333333,2.2927579365079365,0.9527935332429707,3.571428571428571,0.5555555555555556,0.6378699868739065,3.0,4.0,1.4722222222222223,0.5599036198240404,0.0,0.0
71,1,12.0,27.0,2.25,0.20454545454545456,0.18181818181818182,0.18181818181818182,0.1111111111111111,0.3333333333333333,0.2222222222222222,0.7777777777777778,0.5833333333333334,0.0,0.2857142857142857,0.42857142857142855,0.6201851851851852,0.3096149540204517,0.41111111111111115,0.38042374035044424,NaN,NaN,NaN,NaN,3.0,1.8708286933869707,2.243055555555556,0.8999567423199508,3.5,0.4444444444444444,0.7461916605685126,3.0,6.0,1.4390243902439024,0.5936657514041415,0.16666666666666666,0.0
710,1,12.0,28.0,2.3333333333333335,0.21212121212121213,0.18181818181818182,0.09090909090909091,0.1111111111111111,0.4444444444444444,0.3333333333333333,0.7777777777777778,0.5833333333333334,0.0,0.42857142857142855,0.42857142857142855,0.6967013888888889,0.30622453302558256,0.46464646464646464,0.42792972806051127,NaN,NaN,NaN,NaN,3.111111111111111,3.2188679859713276,2.1527777777777777,0.8209945106588633,3.0,0.1111111111111111,0.7493873649138567,2.0,6.0,1.1612903225806452,0.37387825055298296,0.0,0.0
711,1,12.0,16.0,1.3333333333333333,0.12121212121212122,0.18181818181818182,0.36363636363636365,0.2222222222222222,0.5555555555555556,0.3333333333333333,0.4444444444444444,0.5833333333333334,0.0,0.42857142857142855,0.42857142857142855,0.5061728395061729,0.4482858680337113,0.4074074074074074,0.49378857873975496,NaN,NaN,NaN,NaN,1.7777777777777777,1.2018504251546631,2.1041666666666665,0.8356974042769019,3.5,0.2222222222222222,0.6018634258146389,3.0,4.0,1.44,0.5830951894845301,0.0,0.0
712,1,12.0,19.0,1.5833333333333333,0.14393939393939395,0.18181818181818182,0.18181818181818182,0.4444444444444444,0.4444444444444444,0.3333333333333333,0.4444444444444444,0.5833333333333334,0.0,0.42857142857142855,0.2857142857142857,0.5555555555555556,0.4289845892077917,0.3611111111111111,0.4859126579037751,NaN,NaN,NaN,NaN,2.111111111111111,1.6914819275153699,2.2529761904761902,0.9630774456695848,3.7142857142857144,0.3333333333333333,0.663138488890627,3.0,5.0,1.4848484848484849,0.5657523818560178,0.0,0.0
713,1,12.0,30.0,2.5,0.22727272727272727,0.18181818181818182,0.09090909090909091,0.3333333333333333,0.4444444444444444,0.2222222222222222,0.6666666666666666,0.5833333333333334,0.0,0.2857142857142857,0.2857142857142857,0.7258487654320988,0.1819311175733695,0.42760942760942755,0.4080217353983659,NaN,NaN,NaN,NaN,3.3333333333333335,3.3541019662496847,2.1904761904761902,0.8749944782933824,3.428571428571429,0.3333333333333333,0.5750297037682579,2.0,5.0,1.275,0.4522025867763026,0.0,0.0
714,1,12.0,22.0,1.8333333333333333,0.16666666666666666,0.18181818181818182,0.09090909090909091,0.2222222222222222,0.5555555555555556,0.4444444444444444,0.7777777777777778,0.5833333333333334,0.0,0.5714285714285714,0.2857142857142857,0.8923611111111112,0.14986973510352247,0.5962962962962963,0.4379384927781413,NaN,NaN,NaN,NaN,2.4444444444444446,1.5898986690282428,2.160353535353535,0.9187096359371434,3.75,0.4444444444444444,0.5393800886500351,3.0,5.0,1.4411764705882353,0.6125543375075284,0.0,0.0
715,1,12.0,26.0,2.1666666666666665,0.19696969696969696,0.18181818181818182,0.09090909090909091,0.2222222222222222,0.4444444444444444,0.2222222222222222,0.6666666666666666,0.5833333333333334,0.0,0.2857142857142857,0.42857142857142855,0.5876984126984127,0.37725559356995436,0.39814814814814814,0.3947964000986638,NaN,NaN,NaN,NaN,2.888888888888889,2.4209731743889917,2.203174603174603,0.9014368917075265,3.571428571428571,0.3333333333333333,0.6047270042711419,3.0,5.0,1.4102564102564104,0.5946227781653596,0.0,0.0
716,1,12.0,18.0,1.5,0.13636363636363635,0.18181818181818182,0.36363636363636365,0.3333333333333333,0.4444444444444444,0.2222222222222222,0.5555555555555556,0.5833333333333334,0.0,0.2857142857142857,0.2857142857142857,0.574074074074074,0.3707969187281248,0.3796296296296296,0.42718212497860275,NaN,NaN,NaN,NaN,2.0,1.3228756555322954,2.2430555555555554,1.008460631416936,4.333333333333334,0.4444444444444444,0.3740456265202872,4.0,5.0,1.6666666666666667,0.8539125638299664,0.0,0.0
717,1,12.0,25.0,2.0833333333333335,0.1893939393939394,0.18181818181818182,0.09090909090909091,0.1111111111111111,0.5555555555555556,0.3333333333333333,0.7777777777777778,0.5833333333333334,0.0,0.42857142857142855,0.2857142857142857,0.6486625514403292,0.3463990585518161,0.478395061728395,0.42030306199596323,NaN,NaN,NaN,NaN,2.7777777777777777,2.5873624493766707,2.015277777777778,0.7144065253773118,3.0,0.3333333333333333,0.5018465901049841,2.0,5.0,1.2647058823529411,0.4478110755198991,0.0,0.0
718,1,12.0,16.0,1.3333333333333333,0.12121212121212122,0.18181818181818182,0.36363636363636365,0.3333333333333333,0.5555555555555556,0.3333333333333333,0.4444444444444444,0.5833333333333334,0.0,0.42857142857142855,0.2857142857142857,0.42592592592592593,0.4648111258522642,0.3888888888888889,0.4859126579037751,NaN,NaN,NaN,NaN,1.7777777777777777,1.2018504251546631,2.097222222222222,0.8362323312241112,3.333333333333333,0.3333333333333333,0.4383259399460972,2.0,5.0,1.3043478260869565,0.4704719688969648,0.0,0.0
719,1,12.0,23.0,1.9166666666666667,0.17424242424242425,0.18181818181818182,0.09090909090909091,0.2222222222222222,0.5555555555555556,0.3333333333333333,0.6666666666666666,0.5833333333333334,0.0,0.42857142857142855,0.14285714285714285,0.7051467051467052,0.31263717736125307,0.4666666666666667,0.45215533220835125,NaN,NaN,NaN,NaN,2.5555555555555554,2.1858128414340006,2.1635586635586637,0.9052225788887588,3.5384615384615383,0.3333333333333333,0.6497492442057535,3.0,6.0,1.3823529411764706,0.5512908203729234,0.16666666666666666,0.0
72,1,12.0,32.0,2.6666666666666665,0.24242424242424243,0.18181818181818182,0.09090909090909091,0.1111111111111111,0.5555555555555556,0.3333333333333333,0.7777777777777778,0.5833333333333334,0.0,0.42857142857142855,0.2857142857142857,0.6317460317460317,0.3432532227719219,0.49242424242424243,0.4284825982539173,NaN,NaN,NaN,NaN,3.5555555555555554,3.4318767136623336,1.9976851851851851,0.7083415857444939,3.083333333333333,0.4444444444444444,0.47770428370098217,2.0,5.0,1.1388888888888888,0.3507361872061009,0.0,0.0
720,1,12.0,29.0,2.4166666666666665,0.2196969696969697,0.18181818181818182,0.09090909090909091,0.1111111111111111,0.5555555555555556,0.3333333333333333,0.7777777777777778,0.5833333333333334,0.0,0.42857142857142855,0.42857142857142855,0.6693121693121694,0.32284617827208817,0.5016835016835016,0.4151794701689259,NaN,NaN,NaN,NaN,3.2222222222222223,3.492054473292827,1.9832702020202018,0.6950121072885168,3.090909090909091,0.4444444444444444,0.46176359899996156,2.0,5.0,1.1515151515151516,0.36410954062720946,0.0,0.0
721,1,12.0,25.0,2.0833333333333335,0.1893939393939394,0.18181818181818182,0.09090909090909091,0.2222222222222222,0.5555555555555556,0.4444444444444444,0.7777777777777778,0.5833333333333334,0.0,0.5714285714285714,0.42857142857142855,0.9065255731922398,0.1710394695793081,0.5907407407407407,0.4367740891333546,NaN,NaN,NaN,NaN,2.7777777777777777,2.1666666666666665,2.1095328282828283,0.8493813186682421,3.5,0.4444444444444444,0.5717731617656233,2.0,5.0,1.2903225806451613,0.46141437537906377,0.0,0.0
722,1,12.0,20.0,1.6666666666666667,0.15151515151515152,0.18181818181818182,0.2727272727272727,0.3333333333333333,0.5555555555555556,0.3333333333333333,0.5555555555555556,0.5833333333333334,0.0,0.42857142857142855,0.42857142857142855,0.6535493827160493,0.3433191120351656,0.4351851851851852,0.47466687473986285,NaN,NaN,NaN,NaN,2.2222222222222223,1.3017082793177757,2.1552579365079363,0.91155196716978,3.571428571428571,0.4444444444444444,0.4524205232660205,3.0,4.0,1.4193548387096775,0.5641627157943647,0.0,0.0
723,1,12.0,30.0,2.5,0.22727272727272727,0.18181818181818182,0.18181818181818182,0.2222222222222222,0.3333333333333333,0.2222222222222222,0.6666666666666666,0.5833333333333334,0.0,0.2857142857142857,0.42857142857142855,0.49074074074074076,0.32394177193585005,0.3251322751322751,0.40040921370864646,NaN,NaN,NaN,NaN,3.3333333333333335,3.2015621187164243,2.1970959595959596,0.8508895622453286,3.25,0.4444444444444444,0.6688760924775358,2.0,6.0,1.263157894736842,0.4462583499902144,0.0,0.0
724,1,12.0,26.0,2.1666666666666665,0.19696969696969696,0.18181818181818182,0.09090909090909091,0.3333333333333333,0.3333333333333333,0.2222222222222222,0.5555555555555556,0.5833333333333334,0.0,0.2857142857142857,0.42857142857142855,0.500755857898715,0.34046233405792686,0.3009259259259259,0.41446175864935486,NaN,NaN,NaN,NaN,2.888888888888889,2.9767618499152917,2.218711843711844,0.8618872407624887,3.2142857142857144,0.3333333333333333,0.6945799045695004,3.0,6.0,1.4390243902439024,0.5499445648338057,0.0,0.0
725,1,12.0,19.0,1.5833333333333333,0.14393939393939395,0.18181818181818182,0.18181818181818182,0.3333333333333333,0.3333333333333333,0.2222222222222222,0.4444444444444444,0.5833333333333334,0.0,0.2857142857142857,0.42857142857142855,0.4876543209876544,0.4372488501154665,0.2751322751322751,0.42576979622227484,NaN,NaN,NaN,NaN,2.111111111111111,1.9649710204252662,2.2314814814814814,0.8809090465098938,3.5,0.4444444444444444,0.6523395526266677,3.0,5.0,1.4285714285714286,0.634126487474228,0.0,0.0
726,1,12.0,14.0,1.1666666666666667,0.10606060606060606,0.18181818181818182,0.45454545454545453,0.3333333333333333,0.4444444444444444,0.3333333333333333,0.5555555555555556,0.5833333333333334,0.0,0.42857142857142855,0.2857142857142857,0.5925925925925926,0.3888888888888889,0.4444444444444444,0.4714045207910317,NaN,NaN,NaN,NaN,1.5555555555555556,0.881917103688197,2.1888888888888887,0.878397684185524,3.333333333333333,0.3333333333333333,0.5535764504085108,3.0,4.0,1.5,0.659380473395787,0.16666666666666666,0.0
727,1,12.0,18.0,1.5,0.13636363636363635,0.18181818181818182,0.18181818181818182,0.2222222222222222,0.5555555555555556,0.4444444444444444,0.5555555555555556,0.5833333333333334,0.0,0.5714285714285714,0.2857142857142857,0.5833333333333334,0.46368092477478523,0.48148148148148157,0.5030769521187454,NaN,NaN,NaN,NaN,2.0,1.8027756377319946,2.024305555555556,0.7382194174154173,3.166666666666667,0.3333333333333333,0.5202638498810972,3.0,5.0,1.3846153846153846,0.5710988059467872,0.0,0.0
728,1,12.0,19.0,1.5833333333333333,0.14393939393939395,0.18181818181818182,0.09090909090909091,0.3333333333333333,0.4444444444444444,0.2222222222222222,0.5555555555555556,0.5833333333333334,0.0,0.2857142857142857,0.42857142857142855,0.6878306878306879,0.327423037218036,0.4074074074074074,0.42582526990988584,NaN,NaN,NaN,NaN,2.111111111111111,1.9649710204252662,2.1988636363636362,0.9177851303298314,3.6363636363636367,0.4444444444444444,0.4198623284470377,3.0,5.0,1.4333333333333333,0.6260623155792925,0.0,0.0
729,1,12.0,16.0,1.3333333333333333,0.12121212121212122,0.18181818181818182,0.36363636363636365,0.3333333333333333,0.4444444444444444,0.2222222222222222,0.4444444444444444,0.5833333333333334,0.0,0.2857142857142857,0.42857142857142855,0.5111111111111111,0.434293807359846,0.30000000000000004,0.4301162633521314,NaN,NaN,NaN,NaN,1.7777777777777777,1.3944333775567928,2.1458333333333335,0.8288706263051642,3.25,0.2222222222222222,0.42297310789221576,2.0,4.0,1.3043478260869565,0.4704719688969648,0.0,0.0
73,1,12.0,20.0,1.6666666666666667,0.15151515151515152,0.18181818181818182,0.2727272727272727,0.1111111111111111,0.5555555555555556,0.3333333333333333,0.6666666666666666,0.5833333333333334,0.0,0.42857142857142855,0.42857142857142855,0.6557239057239056,0.3686349762844413,0.4574074074074074,0.4560634025664566,NaN,NaN,NaN,NaN,2.2222222222222223,1.563471919941143,2.02281746031746,0.7220797415075303,3.0,0.3333333333333333,0.5733299090647873,2.0,4.0,1.2083333333333333,0.4148511169990534,0.16666666666666666,0.0
730,1,12.0,16.0,1.3333333333333333,0.12121212121212122,0.18181818181818182,0.36363636363636365,0.3333333333333333,0.4444444444444444,0.2222222222222222,0.4444444444444444,0.5833333333333334,0.0,0.2857142857142857,0.42857142857142855,0.5277777777777778,0.384147685720537,0.3055555555555556,0.42898458920779164,NaN,NaN,NaN,NaN,1.7777777777777777,1.3017082793177759,2.2430555555555554,1.0258393541248945,4.333333333333334,0.5555555555555556,0.3794107883235482,4.0,5.0,1.7647058823529411,0.8548905132596332,0.0,0.0
731,1,12.0,29.0,2.4166666666666665,0.2196969696969697,0.18181818181818182,0.09090909090909091,0.2222222222222222,0.4444444444444444,0.2222222222222222,0.5555555555555556,0.5833333333333334,0.0,0.2857142857142857,0.42857142857142855,0.4444444444444444,0.3755782578608322,0.32575757575757575,0.41690764381463963,NaN,NaN,NaN,NaN,3.2222222222222223,3.231786571610886,2.1524305555555556,0.8304884362342773,3.166666666666667,0.4444444444444444,0.6645209015000038,2.0,6.0,1.2894736842105263,0.45960586739381004,0.0,0.0
732,1,12.0,26.0,2.1666666666666665,0.19696969696969696,0.18181818181818182,0.09090909090909091,0.2222222222222222,0.4444444444444444,0.3333333333333333,0.7777777777777778,0.5833333333333334,0.0,0.42857142857142855,0.2857142857142857,0.7754629629629629,0.2291140511989392,0.49242424242424243,0.4284825982539173,NaN,NaN,NaN,NaN,2.888888888888889,3.2574700476153438,2.0965608465608465,0.7710849160413858,3.0,0.3333333333333333,0.6046855473060371,2.0,4.0,1.1428571428571428,0.3563483225498992,0.0,0.0
733,1,12.0,20.0,1.6666666666666667,0.15151515151515152,0.18181818181818182,0.18181818181818182,0.3333333333333333,0.4444444444444444,0.2222222222222222,0.4444444444444444,0.5833333333333334,0.0,0.2857142857142857,0.42857142857142855,0.3958333333333333,0.41926274578121053,0.30246913580246915,0.42953383350900753,NaN,NaN,NaN,NaN,2.2222222222222223,2.6352313834736494,2.2222222222222223,0.9563275012056746,4.0,0.3333333333333333,0.549770685847785,3.0,4.0,1.3076923076923077,0.5491251783869153,0.0,0.0
734,1,12.0,28.0,2.3333333333333335,0.21212121212121213,0.18181818181818182,0.09090909090909091,0.1111111111111111,0.5555555555555556,0.4444444444444444,0.8888888888888888,0.5833333333333334,0.0,0.5714285714285714,0.2857142857142857,0.831275720164609,0.1794110077695509,0.6095238095238096,0.4082760615118502,NaN,NaN,NaN,NaN,3.111111111111111,2.3687784005919825,2.069586894586895,0.7849720178783502,3.3,0.4444444444444444,0.6159409275647488,3.0,5.0,1.2857142857142858,0.5185629788417315,0.0,0.0
735,1,12.0,35.0,2.9166666666666665,0.26515151515151514,0.18181818181818182,0.09090909090909091,0.1111111111111111,0.4444444444444444,0.3333333333333333,0.7777777777777778,0.5833333333333334,0.0,0.42857142857142855,0.42857142857142855,0.8124691358024693,0.18465017624073335,0.47760942760942754,0.43689320886394367,NaN,NaN,NaN,NaN,3.888888888888889,3.140240613569462,2.2170063732563734,0.8921105162291235,3.2727272727272725,0.4444444444444444,0.716030574185744,2.0,6.0,1.2727272727272727,0.4505106334669666,0.0,0.0
736,1,12.0,22.0,1.8333333333333333,0.16666666666666666,0.18181818181818182,0.18181818181818182,0.3333333333333333,0.3333333333333333,0.2222222222222222,0.5555555555555556,0.5833333333333334,0.0,0.2857142857142857,0.2857142857142857,0.6407407407407406,0.24254311058825637,0.35185185185185186,0.4265042370217802,NaN,NaN,NaN,NaN,2.4444444444444446,1.5898986690282426,2.3208333333333333,0.9920676551139204,3.833333333333333,0.4444444444444444,0.553503968022491,3.0,5.0,1.5,0.6546536707079771,0.0,0.0
737,1,12.0,20.0,1.6666666666666667,0.15151515151515152,0.18181818181818182,0.09090909090909091,0.4444444444444444,0.3333333333333333,0.2222222222222222,0.4444444444444444,0.5833333333333334,0.0,0.2857142857142857,0.42857142857142855,0.43827160493827155,0.3843429181577271,0.2814814814814815,0.4239729784075314,NaN,NaN,NaN,NaN,2.2222222222222223,1.9860625479688307,2.3861111111111115,1.0507773297102467,4.0,0.2222222222222222,0.6941779605660731,3.0,7.0,1.6216216216216217,0.7207770248277338,0.0,0.0
738,1,12.0,16.0,1.3333333333333333,0.12121212121212122,0.18181818181818182,0.36363636363636365,0.3333333333333333,0.4444444444444444,0.2222222222222222,0.5555555555555556,0.5833333333333334,0.0,0.2857142857142857,0.42857142857142855,0.6666666666666666,0.33333333333333337,0.3888888888888889,0.42491829279939874,NaN,NaN,NaN,NaN,1.7777777777777777,1.2018504251546631,2.222222222222222,1.0083823763012805,4.333333333333334,0.4444444444444444,0.3542075139843351,4.0,5.0,1.6896551724137931,0.8905635565617211,0.0,0.0
739,1,12.0,24.0,2.0,0.18181818181818182,0.18181818181818182,0.09090909090909091,0.3333333333333333,0.4444444444444444,0.2222222222222222,0.5555555555555556,0.5833333333333334,0.0,0.2857142857142857,0.42857142857142855,0.5573476702508962,0.3952167185542789,0.33024691358024694,0.4153786677066288,NaN,NaN,NaN,NaN,2.6666666666666665,2.6925824035672523,2.1630952380952384,0.8432303451406301,3.2142857142857144,0.3333333333333333,0.5883364900254068,2.0,5.0,1.303030303030303,0.4666937221594376,0.16666666666666666,0.0
74,1,12.0,26.0,2.1666666666666665,0.19696969696969696,0.18181818181818182,0.09090909090909091,0.1111111111111111,0.5555555555555556,0.3333333333333333,0.7777777777777778,0.5833333333333334,0.0,0.42857142857142855,0.2857142857142857,0.6314814814814815,0.3369215149750553,0.49242424242424243,0.42030095474788476,NaN,NaN,NaN,NaN,2.888888888888889,3.218867985971327,1.9979166666666668,0.6990625486819452,3.0,0.3333333333333333,0.5245483405163546,2.0,5.0,1.2647058823529411,0.4478110755198991,0.0,0.0
740,1,12.0,22.0,1.8333333333333333,0.16666666666666666,0.18181818181818182,0.36363636363636365,0.3333333333333333,0.3333333333333333,0.2222222222222222,0.6666666666666666,0.5833333333333334,0.0,0.2857142857142857,0.42857142857142855,0.7304526748971193,0.17448511142101938,0.38333333333333336,0.40858835573770885,NaN,NaN,NaN,NaN,2.4444444444444446,1.5092308563562362,2.537806637806638,1.188964434330968,4.333333333333334,0.5555555555555556,0.8523243789422086,4.0,5.0,1.7142857142857142,0.8050364114084404,0.16666666666666666,0.0
741,1,12.0,25.0,2.0833333333333335,0.1893939393939394,0.18181818181818182,0.09090909090909091,0.2222222222222222,0.4444444444444444,0.2222222222222222,0.5555555555555556,0.5833333333333334,0.0,0.2857142857142857,0.42857142857142855,0.3481481481481482,0.4106604136128073,0.3016835016835017,0.413075741489773,NaN,NaN,NaN,NaN,2.7777777777777777,3.3829638550307397,2.1595238095238094,0.9078972786406967,4.0,0.3333333333333333,0.5971841204952882,3.0,5.0,1.1851851851851851,0.48334070138798946,0.0,0.0
742,1,12.0,20.0,1.6666666666666667,0.15151515151515152,0.18181818181818182,0.2727272727272727,0.2222222222222222,0.4444444444444444,0.3333333333333333,0.5555555555555556,0.5833333333333334,0.0,0.42857142857142855,0.42857142857142855,0.632716049382716,0.42713194795077014,0.39814814814814814,0.4672945511461312,NaN,NaN,NaN,NaN,2.2222222222222223,1.7873008824606014,2.119047619047619,0.8185768303652898,3.428571428571429,0.3333333333333333,0.7684710782238946,3.0,5.0,1.4285714285714286,0.5727497953228164,0.16666666666666666,0.0
743,1,12.0,16.0,1.3333333333333333,0.12121212121212122,0.18181818181818182,0.18181818181818182,0.1111111111111111,0.5555555555555556,0.4444444444444444,0.4444444444444444,0.5833333333333334,0.0,0.5714285714285714,0.42857142857142855,0.711111111111111,0.3789605666967358,0.4444444444444444,0.5270462766947299,NaN,NaN,NaN,NaN,1.7777777777777777,1.3944333775567925,2.0875,0.804002770234938,3.25,0.2222222222222222,0.5558402048550765,3.0,4.0,1.48,0.6531972647421809,0.0,0.0
744,1,12.0,23.0,1.9166666666666667,0.17424242424242425,0.18181818181818182,0.18181818181818182,0.2222222222222222,0.4444444444444444,0.2222222222222222,0.4444444444444444,0.5833333333333334,0.0,0.2857142857142857,0.42857142857142855,0.6222222222222222,0.34268141991586815,0.32407407407407407,0.4418326033496352,NaN,NaN,NaN,NaN,2.5555555555555554,2.0069324297987157,2.18482905982906,0.8693139375696654,3.3846153846153846,0.3333333333333333,0.5601725832193569,2.0,5.0,1.3333333333333333,0.478713553878169,0.0,0.0
745,1,12.0,28.0,2.3333333333333335,0.21212121212121213,0.18181818181818182,0.09090909090909091,0.2222222222222222,0.3333333333333333,0.2222222222222222,0.5555555555555556,0.5833333333333334,0.0,0.2857142857142857,0.42857142857142855,0.49600893997445705,0.36184780591731097,0.335016835016835,0.41593906474514164,NaN,NaN,NaN,NaN,3.111111111111111,3.1402406135694623,2.1903594771241828,0.847328825033454,3.333333333333333,0.6666666666666666,0.6312343787999414,2.0,6.0,1.325,0.47434164902525683,0.16666666666666666,0.0
746,1,12.0,28.0,2.3333333333333335,0.21212121212121213,0.18181818181818182,0.09090909090909091,0.1111111111111111,0.4444444444444444,0.2222222222222222,0.7777777777777778,0.5833333333333334,0.0,0.2857142857142857,0.42857142857142855,0.6833900226757369,0.30156998526660106,0.472053872053872,0.37616295880154005,NaN,NaN,NaN,NaN,3.111111111111111,3.218867985971328,2.111111111111111,0.808207060844344,3.333333333333333,0.3333333333333333,0.6316882002723461,3.0,6.0,1.4651162790697674,0.6672201467675355,0.16666666666666666,0.0
747,1,12.0,17.0,1.4166666666666667,0.12878787878787878,0.18181818181818182,0.2727272727272727,0.3333333333333333,0.4444444444444444,0.2222222222222222,0.5555555555555556,0.5833333333333334,0.0,0.2857142857142857,0.42857142857142855,0.6296296296296295,0.32034896096307763,0.3611111111111111,0.42491829279939874,NaN,NaN,NaN,NaN,1.8888888888888888,1.1666666666666667,2.343253968253968,1.152084785979343,4.5,0.3333333333333333,0.5712498261521705,4.0,5.0,1.71875,0.9240295694193397,0.0,0.0
748,1,12.0,13.0,1.0833333333333333,0.09848484848484848,0.18181818181818182,0.36363636363636365,0.2222222222222222,0.7777777777777778,0.5555555555555556,0.6666666666666666,0.5833333333333334,0.0,0.7142857142857143,0.2857142857142857,0.8333333333333334,0.3535533905932738,0.6111111111111112,0.4859126579037751,NaN,NaN,NaN,NaN,1.4444444444444444,1.0137937550497031,1.9375,0.7081104818779727,3.25,0.1111111111111111,0.25,3.0,4.0,1.2941176470588236,0.5878675320972555,0.0,0.0
749,1,12.0,20.0,1.6666666666666667,0.15151515151515152,0.18181818181818182,0.09090909090909091,0.3333333333333333,0.5555555555555556,0.3333333333333333,0.5555555555555556,0.5833333333333334,0.0,0.42857142857142855,0.2857142857142857,0.6222222222222222,0.4146618434874909,0.40909090909090906,0.4712827580301755,NaN,NaN,NaN,NaN,2.2222222222222223,3.3082388735465345,2.0833333333333335,0.7929614610987591,3.0,0.0,0.5619514869490163,2.0,4.0,1.173913043478261,0.3875533878815898,0.0,0.0
75,1,12.0,23.0,1.9166666666666667,0.17424242424242425,0.18181818181818182,0.09090909090909091,0.2222222222222222,0.4444444444444444,0.3333333333333333,0.5555555555555556,0.5833333333333334,0.0,0.42857142857142855,0.42857142857142855,0.44999999999999996,0.46502688094345684,0.38131313131313127,0.4726204230449158,NaN,NaN,NaN,NaN,2.5555555555555554,3.3208098075285455,2.181547619047619,0.9184587110122375,4.0,0.3333333333333333,0.6063534909118224,3.0,4.0,1.2,0.5,0.0,0.0
750,1,12.0,28.0,2.3333333333333335,0.21212121212121213,0.18181818181818182,0.09090909090909091,0.2222222222222222,0.3333333333333333,0.2222222222222222,0.6666666666666666,0.5833333333333334,0.0,0.2857142857142857,0.2857142857142857,0.7445326278659612,0.18846843813697647,0.42760942760942755,0.4080217353983659,NaN,NaN,NaN,NaN,3.111111111111111,3.1402406135694623,2.340191511387163,0.9645025398220456,3.571428571428571,0.3333333333333333,0.784668098358151,3.0,6.0,1.441860465116279,0.6287677132370127,0.16666666666666666,0.0
751,1,12.0,23.0,1.9166666666666667,0.17424242424242425,0.18181818181818182,0.09090909090909091,0.2222222222222222,0.5555555555555556,0.3333333333333333,0.6666666666666666,0.5833333333333334,0.0,0.42857142857142855,0.42857142857142855,0.5833333333333334,0.3535533905932738,0.43686868686868685,0.45109167653902854,NaN,NaN,NaN,NaN,2.5555555555555554,3.3208098075285455,2.1281250000000003,0.906637848040771,4.0,0.2222222222222222,0.5483947333781005,3.0,5.0,1.4193548387096775,0.7199163631231569,0.0,0.0
752,1,12.0,19.0,1.5833333333333333,0.14393939393939395,0.18181818181818182,0.09090909090909091,0.3333333333333333,0.5555555555555556,0.4444444444444444,0.4444444444444444,0.5833333333333334,0.0,0.5714285714285714,0.42857142857142855,0.7444444444444444,0.3669506476050666,0.4444444444444444,0.5270462766947299,NaN,NaN,NaN,NaN,2.111111111111111,1.5365907428821477,2.182638888888889,0.948433439444877,3.625,0.4444444444444444,0.5422181927517806,3.0,5.0,1.4838709677419355,0.625617974056345,0.0,0.0
753,1,12.0,35.0,2.9166666666666665,0.26515151515151514,0.18181818181818182,0.09090909090909091,0.1111111111111111,0.3333333333333333,0.2222222222222222,0.8888888888888888,0.5833333333333334,0.0,0.2857142857142857,0.42857142857142855,0.7883991429445975,0.13412466409361823,0.4388888888888889,0.3780202449017189,NaN,NaN,NaN,NaN,3.888888888888889,2.6666666666666665,2.3357007575757573,0.9570800247241059,3.5,0.4444444444444444,0.7980909940325638,3.0,7.0,1.3846153846153846,0.5296630876560489,0.3333333333333333,0.0
754,1,12.0,15.0,1.25,0.11363636363636363,0.18181818181818182,0.5454545454545454,0.2222222222222222,0.4444444444444444,0.3333333333333333,0.5555555555555556,0.5833333333333334,0.0,0.42857142857142855,0.14285714285714285,0.4444444444444444,0.44682522061515034,0.4166666666666667,0.46770717334674267,NaN,NaN,NaN,NaN,1.6666666666666667,1.118033988749895,2.0555555555555554,0.7328281087929398,3.0,0.3333333333333333,0.5472393438623537,2.0,5.0,1.3,0.47016234598162726,0.0,0.0
755,1,12.0,27.0,2.25,0.20454545454545456,0.18181818181818182,0.2727272727272727,0.1111111111111111,0.4444444444444444,0.3333333333333333,0.6666666666666666,0.5833333333333334,0.0,0.42857142857142855,0.42857142857142855,0.6363636363636362,0.3277773886785445,0.43253968253968256,0.4540227101315448,NaN,NaN,NaN,NaN,3.0,2.1213203435596424,2.2145833333333336,0.897190656010373,3.416666666666667,0.4444444444444444,0.7872712488779887,2.0,7.0,1.3421052631578947,0.48078290821993175,0.16666666666666666,0.0
756,1,12.0,21.0,1.75,0.1590909090909091,0.18181818181818182,0.18181818181818182,0.2222222222222222,0.4444444444444444,0.3333333333333333,0.5555555555555556,0.5833333333333334,0.0,0.42857142857142855,0.42857142857142855,0.6742424242424243,0.285451288342738,0.42063492063492064,0.4662656197039557,NaN,NaN,NaN,NaN,2.3333333333333335,1.9999999999999998,2.1884920634920633,0.8749036718972507,3.428571428571429,0.3333333333333333,0.6471157341238196,3.0,6.0,1.5405405405405406,0.6495551723463696,0.16666666666666666,0.0
757,1,12.0,21.0,1.75,0.1590909090909091,0.18181818181818182,0.2727272727272727,0.2222222222222222,0.4444444444444444,0.3333333333333333,0.6666666666666666,0.5833333333333334,0.0,0.42857142857142855,0.42857142857142855,0.788888888888889,0.22000631304073479,0.4666666666666667,0.44440972086577946,NaN,NaN,NaN,NaN,2.3333333333333335,1.5811388300841898,2.1547619047619047,0.822815505199546,3.0,0.1111111111111111,0.6524976309583197,3.0,5.0,1.3214285714285714,0.5479640045336466,0.16666666666666666,0.0
758,1,12.0,26.0,2.1666666666666665,0.19696969696969696,0.18181818181818182,0.09090909090909091,0.2222222222222222,0.3333333333333333,0.2222222222222222,0.6666666666666666,0.5833333333333334,0.0,0.2857142857142857,0.42857142857142855,0.6935185185185184,0.2594993101634543,0.40909090909090906,0.3995089961647033,NaN,NaN,NaN,NaN,2.888888888888889,3.1797973380564852,2.267195767195767,0.8976284783260637,3.428571428571429,0.3333333333333333,0.7274252065004299,2.0,5.0,1.25,0.43994134506405985,0.0,0.0
759,1,12.0,11.0,0.9166666666666666,0.08333333333333333,0.18181818181818182,0.45454545454545453,0.4444444444444444,0.3333333333333333,0.2222222222222222,0.3333333333333333,0.5833333333333334,0.0,0.2857142857142857,0.42857142857142855,0.4444444444444444,0.4639803635691685,0.2777777777777778,0.4409585518440985,NaN,NaN,NaN,NaN,1.2222222222222223,0.4409585518440984,2.2916666666666665,0.98761267097926,4.0,0.3333333333333333,0.41560470729681676,3.0,5.0,1.619047619047619,0.7400128699009549,0.0,0.0
76,1,12.0,37.0,3.0833333333333335,0.2803030303030303,0.18181818181818182,0.09090909090909091,0.2222222222222222,0.3333333333333333,0.2222222222222222,0.7777777777777778,0.5833333333333334,0.0,0.2857142857142857,0.42857142857142855,0.7235743680188125,0.16766688011480546,0.3998316498316498,0.3937167526771485,NaN,NaN,NaN,NaN,4.111111111111111,3.370624736026114,2.2465313299232736,0.8792882072302641,3.3529411764705883,0.4444444444444444,0.65137416966709,2.0,7.0,1.2173913043478262,0.41702882811414954,0.0,0.0
760,1,12.0,20.0,1.6666666666666667,0.15151515151515152,0.18181818181818182,0.09090909090909091,0.2222222222222222,0.5555555555555556,0.3333333333333333,0.5555555555555556,0.5833333333333334,0.0,0.42857142857142855,0.14285714285714285,0.4867724867724868,0.4371027693115011,0.42592592592592593,0.4648111258522642,NaN,NaN,NaN,NaN,2.2222222222222223,2.1081851067789197,2.0027777777777778,0.7261992287694333,3.2,0.3333333333333333,0.36742744042410364,2.0,4.0,1.2307692307692308,0.4296689244236597,0.0,0.0
761,1,12.0,19.0,1.5833333333333333,0.14393939393939395,0.18181818181818182,0.45454545454545453,0.3333333333333333,0.3333333333333333,0.2222222222222222,0.5555555555555556,0.5833333333333334,0.0,0.2857142857142857,0.2857142857142857,0.55,0.39999999999999997,0.3277777777777778,0.41616636630612575,NaN,NaN,NaN,NaN,2.111111111111111,1.69148192751537,2.25,0.8747293953855187,3.333333333333333,0.3333333333333333,0.7262595207554798,3.0,5.0,1.4482758620689655,0.6316761657092368,0.16666666666666666,0.0
762,1,12.0,24.0,2.0,0.18181818181818182,0.18181818181818182,0.09090909090909091,0.2222222222222222,0.4444444444444444,0.3333333333333333,0.5555555555555556,0.5833333333333334,0.0,0.42857142857142855,0.42857142857142855,0.7037037037037037,0.35321222155637555,0.41111111111111115,0.4702245326555295,NaN,NaN,NaN,NaN,2.6666666666666665,2.345207879911715,2.218152218152218,0.9057543445786198,3.5384615384615383,0.3333333333333333,0.6485836667183505,3.0,5.0,1.375,0.5535807194106618,0.0,0.0
763,1,12.0,29.0,2.4166666666666665,0.2196969696969697,0.18181818181818182,0.09090909090909091,0.2222222222222222,0.4444444444444444,0.3333333333333333,0.6666666666666666,0.5833333333333334,0.0,0.42857142857142855,0.42857142857142855,0.7041847041847041,0.3308043434604402,0.4084656084656085,0.45688098760560714,NaN,NaN,NaN,NaN,3.2222222222222223,2.488864087178013,2.361607142857143,1.095353151894626,4.0,0.3333333333333333,0.7623986673046537,3.0,7.0,1.5106382978723405,0.6551581430574079,0.16666666666666666,0.0
764,1,12.0,30.0,2.5,0.22727272727272727,0.18181818181818182,0.09090909090909091,0.2222222222222222,0.4444444444444444,0.3333333333333333,0.5555555555555556,0.5833333333333334,0.0,0.42857142857142855,0.42857142857142855,0.6927689594356261,0.36333096789877406,0.39057239057239057,0.4705379676303885,NaN,NaN,NaN,NaN,3.3333333333333335,3.5355339059327378,2.178819444444444,0.8573461856874354,3.333333333333333,0.3333333333333333,0.6743248036166765,3.0,6.0,1.2702702702702702,0.5081911631052416,0.0,0.0
765,1,12.0,21.0,1.75,0.1590909090909091,0.18181818181818182,0.18181818181818182,0.1111111111111111,0.5555555555555556,0.4444444444444444,0.5555555555555556,0.5833333333333334,0.0,0.5714285714285714,0.2857142857142857,0.7345679012345678,0.3661799987645405,0.5185185185185186,0.5030769521187454,NaN,NaN,NaN,NaN,2.3333333333333335,1.7320508075688772,2.0396825396825395,0.7626709711523303,3.142857142857143,0.2222222222222222,0.45097645681815196,2.0,4.0,1.2592592592592593,0.44657608470472243,0.0,0.0
766,1,12.0,23.0,1.9166666666666667,0.17424242424242425,0.18181818181818182,0.18181818181818182,0.1111111111111111,0.6666666666666666,0.4444444444444444,0.6666666666666666,0.5833333333333334,0.0,0.5714285714285714,0.42857142857142855,0.7006172839506173,0.41522383934775303,0.5037037037037037,0.48317366455908667,NaN,NaN,NaN,NaN,2.5555555555555554,3.0046260628866577,1.9625000000000001,0.6866006514309861,3.0,0.2222222222222222,0.45872094042649797,2.0,4.0,1.2903225806451613,0.4614143753790638,0.0,0.0
767,1,12.0,24.0,2.0,0.18181818181818182,0.18181818181818182,0.09090909090909091,0.2222222222222222,0.4444444444444444,0.3333333333333333,0.5555555555555556,0.5833333333333334,0.0,0.42857142857142855,0.42857142857142855,0.6111111111111112,0.4304995483285797,0.38131313131313127,0.4726204230449158,NaN,NaN,NaN,NaN,2.6666666666666665,3.278719262151,2.0722222222222224,0.7500617258550076,3.0,0.3333333333333333,0.5937527014939814,2.0,6.0,1.3235294117647058,0.47485807993381707,0.0,0.0
768,1,12.0,23.0,1.9166666666666667,0.17424242424242425,0.18181818181818182,0.18181818181818182,0.2222222222222222,0.5555555555555556,0.4444444444444444,0.6666666666666666,0.5833333333333334,0.0,0.5714285714285714,0.2857142857142857,0.6759259259259259,0.37371177908538084,0.49444444444444446,0.48762462794425976,NaN,NaN,NaN,NaN,2.5555555555555554,2.5549516194593154,2.1001984126984126,0.8186942119441952,3.2857142857142856,0.2222222222222222,0.729630796984121,3.0,6.0,1.3548387096774193,0.5506594287321455,0.16666666666666666,0.0
769,1,12.0,21.0,1.75,0.1590909090909091,0.18181818181818182,0.18181818181818182,0.2222222222222222,0.5555555555555556,0.4444444444444444,0.6666666666666666,0.5833333333333334,0.0,0.5714285714285714,0.42857142857142855,0.7777777777777778,0.34197140881138655,0.4851851851851852,0.49360102847202614,NaN,NaN,NaN,NaN,2.3333333333333335,2.0615528128088303,2.1005952380952384,0.8194100457824834,3.25,0.3333333333333333,0.6520059501180262,3.0,5.0,1.3793103448275863,0.5614899250748772,0.0,0.0
77,1,12.0,18.0,1.5,0.13636363636363635,0.18181818181818182,0.45454545454545453,0.1111111111111111,0.4444444444444444,0.3333333333333333,0.7777777777777778,0.5833333333333334,0.0,0.42857142857142855,0.14285714285714285,0.7111111111111111,0.34439963866286377,0.5222222222222223,0.4085883557377088,NaN,NaN,NaN,NaN,2.0,1.5,2.152777777777778,0.8209945106588633,3.0,0.1111111111111111,0.7843443621467375,3.0,5.0,1.4642857142857142,0.6372477195601849,0.16666666666666666,0.0
770,1,12.0,21.0,1.75,0.1590909090909091,0.18181818181818182,0.18181818181818182,0.2222222222222222,0.5555555555555556,0.3333333333333333,0.5555555555555556,0.5833333333333334,0.0,0.42857142857142855,0.14285714285714285,0.5185185185185185,0.4385459278846373,0.3888888888888889,0.46955948623269356,NaN,NaN,NaN,NaN,2.3333333333333335,2.179449471770337,2.0259259259259257,0.7352490028192161,3.111111111111111,0.3333333333333333,0.4959542373305838,2.0,5.0,1.2,0.4082482904638631,0.0,0.0
771,1,12.0,24.0,2.0,0.18181818181818182,0.18181818181818182,0.18181818181818182,0.4444444444444444,0.3333333333333333,0.2222222222222222,0.3333333333333333,0.5833333333333334,0.0,0.2857142857142857,0.2857142857142857,0.3746031746031746,0.39404222410348005,0.24444444444444446,0.4333333333333333,NaN,NaN,NaN,NaN,2.6666666666666665,2.345207879911715,2.2500000000000004,0.8947094782693712,3.5,0.4444444444444444,0.5610387622558919,2.0,6.0,1.303030303030303,0.4666937221594376,0.0,0.0
772,1,12.0,12.0,1.0,0.09090909090909091,0.18181818181818182,0.45454545454545453,0.4444444444444444,0.4444444444444444,0.2222222222222222,0.4444444444444444,0.5833333333333334,0.0,0.2857142857142857,0.2857142857142857,0.6481481481481481,0.41201102706087017,0.35185185185185186,0.4444444444444444,NaN,NaN,NaN,NaN,1.3333333333333333,0.7071067811865476,2.125,0.8012773892638271,3.0,0.1111111111111111,0.21320071635561044,2.0,3.0,1.368421052631579,0.4955946277833521,0.0,0.0
773,1,12.0,27.0,2.25,0.20454545454545456,0.18181818181818182,0.18181818181818182,0.2222222222222222,0.3333333333333333,0.2222222222222222,0.5555555555555556,0.5833333333333334,0.0,0.2857142857142857,0.42857142857142855,0.6148148148148148,0.32703541168171246,0.36851851851851847,0.4249546090502919,NaN,NaN,NaN,NaN,3.0,1.5811388300841898,2.22885101010101,0.8728835600474867,3.3636363636363633,0.5555555555555556,0.6647348246526377,3.0,6.0,1.4285714285714286,0.5474043916011735,0.16666666666666666,0.0
774,1,12.0,31.0,2.5833333333333335,0.23484848484848486,0.18181818181818182,0.09090909090909091,0.1111111111111111,0.5555555555555556,0.3333333333333333,0.7777777777777778,0.5833333333333334,0.0,0.42857142857142855,0.2857142857142857,0.6640946502057612,0.32647187603310196,0.49444444444444446,0.4268749491621899,NaN,NaN,NaN,NaN,3.4444444444444446,2.9627314724385294,2.0518122400475343,0.7657801588971563,3.2727272727272725,0.4444444444444444,0.465767901085184,2.0,4.0,1.1891891891891893,0.39706127695565785,0.0,0.0
775,1,12.0,18.0,1.5,0.13636363636363635,0.18181818181818182,0.2727272727272727,0.2222222222222222,0.6666666666666666,0.4444444444444444,0.5555555555555556,0.5833333333333334,0.0,0.5714285714285714,0.2857142857142857,0.6765432098765432,0.4182726252410777,0.5185185185185185,0.5030769521187454,NaN,NaN,NaN,NaN,2.0,1.7320508075688772,1.9944444444444445,0.7693409659478182,3.4,0.3333333333333333,0.3726292769875501,3.0,4.0,1.36,0.5686240703077327,0.0,0.0
776,1,12.0,19.0,1.5833333333333333,0.14393939393939395,0.18181818181818182,0.2727272727272727,0.1111111111111111,0.6666666666666666,0.3333333333333333,0.5555555555555556,0.5833333333333334,0.0,0.42857142857142855,0.2857142857142857,0.5574074074074074,0.40917100397489947,0.4444444444444444,0.4639803635691685,NaN,NaN,NaN,NaN,2.111111111111111,1.536590742882148,1.9666666666666668,0.6971804687888252,3.0,0.1111111111111111,0.3625768722686178,2.0,4.0,1.2083333333333333,0.4148511169990534,0.0,0.0
777,1,12.0,26.0,2.1666666666666665,0.19696969696969696,0.18181818181818182,0.09090909090909091,0.1111111111111111,0.5555555555555556,0.2222222222222222,0.5555555555555556,0.5833333333333334,0.0,0.2857142857142857,0.2857142857142857,0.4444444444444444,0.39086797998528583,0.35353535353535354,0.4195492574545572,NaN,NaN,NaN,NaN,2.888888888888889,3.4439963866286374,2.0037037037037035,0.7138572815914308,3.111111111111111,0.4444444444444444,0.49587184724370964,2.0,5.0,1.21875,0.42001344064515445,0.0,0.0
778,1,12.0,24.0,2.0,0.18181818181818182,0.18181818181818182,0.18181818181818182,0.2222222222222222,0.4444444444444444,0.2222222222222222,0.6666666666666666,0.5833333333333334,0.0,0.2857142857142857,0.42857142857142855,0.7387037037037036,0.18537457907680127,0.4629629629629629,0.39771725175767647,NaN,NaN,NaN,NaN,2.6666666666666665,1.7320508075688772,2.178240740740741,0.8852084739057787,3.5,0.5555555555555556,0.5126865531581931,3.0,5.0,1.475,0.5986094998689324,0.0,0.0
779,1,12.0,15.0,1.25,0.11363636363636363,0.18181818181818182,0.36363636363636365,0.3333333333333333,0.4444444444444444,0.3333333333333333,0.4444444444444444,0.5833333333333334,0.0,0.42857142857142855,0.42857142857142855,0.712962962962963,0.3513641844631532,0.3888888888888889,0.4859126579037751,NaN,NaN,NaN,NaN,1.6666666666666667,0.9999999999999999,2.25,0.9414688716912718,3.5,0.2222222222222222,0.6035608621222174,3.0,4.0,1.44,0.5830951894845301,0.16666666666666666,0.0
78,1,12.0,27.0,2.25,0.20454545454545456,0.18181818181818182,0.09090909090909091,0.1111111111111111,0.5555555555555556,0.2222222222222222,0.6666666666666666,0.5833333333333334,0.0,0.2857142857142857,0.2857142857142857,0.5222222222222223,0.3693086634360056,0.4,0.41466184348749097,NaN,NaN,NaN,NaN,3.0,2.958039891549808,1.9814814814814816,0.7040580359032487,3.111111111111111,0.3333333333333333,0.4246957750604021,2.0,4.0,1.2121212121212122,0.4151487502672805,0.0,0.0
780,1,12.0,19.0,1.5833333333333333,0.14393939393939395,0.18181818181818182,0.18181818181818182,0.2222222222222222,0.3333333333333333,0.2222222222222222,0.4444444444444444,0.5833333333333334,0.0,0.2857142857142857,0.42857142857142855,0.42803030303030304,0.4056038249448806,0.3333333333333333,0.43301270189221935,NaN,NaN,NaN,NaN,2.111111111111111,1.2692955176439846,2.28125,0.9295114185811422,3.625,0.3333333333333333,0.7334928056269077,3.0,6.0,1.5,0.6221710168382552,0.16666666666666666,0.0
781,1,12.0,21.0,1.75,0.1590909090909091,0.18181818181818182,0.36363636363636365,0.1111111111111111,0.4444444444444444,0.3333333333333333,0.6666666666666666,0.5833333333333334,0.0,0.42857142857142855,0.42857142857142855,0.6882716049382716,0.349651992379615,0.41666666666666663,0.452615853800009,NaN,NaN,NaN,NaN,2.3333333333333335,1.7320508075688772,2.045138888888889,0.7259307708085765,3.0,0.4444444444444444,0.4715184999204122,3.0,4.0,1.3103448275862069,0.5413902920037096,0.0,0.0
782,1,12.0,36.0,3.0,0.2727272727272727,0.18181818181818182,0.09090909090909091,0.1111111111111111,0.3333333333333333,0.2222222222222222,0.7777777777777778,0.5833333333333334,0.0,0.2857142857142857,0.42857142857142855,0.6045977011494252,0.30636873980518803,0.38501683501683504,0.3812032419086559,NaN,NaN,NaN,NaN,4.0,3.2015621187164243,2.2837301587301586,0.9123072441133253,3.428571428571429,0.5555555555555556,0.7990036605124483,3.0,8.0,1.36,0.5252793231671495,0.3333333333333333,0.0
783,1,12.0,30.0,2.5,0.22727272727272727,0.18181818181818182,0.09090909090909091,0.1111111111111111,0.4444444444444444,0.3333333333333333,0.7777777777777778,0.5833333333333334,0.0,0.42857142857142855,0.42857142857142855,0.8299319727891157,0.15757663133514177,0.5296296296296297,0.4138049877674683,NaN,NaN,NaN,NaN,3.3333333333333335,2.23606797749979,2.254377104377104,0.9372025184549662,3.466666666666667,0.4444444444444444,0.7774471470844503,3.0,7.0,1.372093023255814,0.5355573782764613,0.16666666666666666,0.0
784,1,12.0,32.0,2.6666666666666665,0.24242424242424243,0.18181818181818182,0.09090909090909091,0.3333333333333333,0.3333333333333333,0.2222222222222222,0.5555555555555556,0.5833333333333334,0.0,0.2857142857142857,0.42857142857142855,0.6584362139917695,0.2768675071615874,0.3181818181818181,0.4190702026042222,NaN,NaN,NaN,NaN,3.5555555555555554,4.27525177946022,2.3346491228070176,0.9547755575606248,3.5,0.4444444444444444,0.838121662600785,3.0,7.0,1.236842105263158,0.4895784467034156,0.16666666666666666,0.0
785,1,12.0,29.0,2.4166666666666665,0.2196969696969697,0.18181818181818182,0.18181818181818182,0.2222222222222222,0.3333333333333333,0.2222222222222222,0.5555555555555556,0.5833333333333334,0.0,0.2857142857142857,0.42857142857142855,0.4650793650793651,0.3737533605821963,0.2944444444444445,0.4126472801046649,NaN,NaN,NaN,NaN,3.2222222222222223,2.279132388529557,2.2255050505050504,0.8562098734618336,3.2727272727272725,0.3333333333333333,0.661526496873392,3.0,7.0,1.3333333333333333,0.5298129428260174,0.0,0.0
786,1,12.0,15.0,1.25,0.11363636363636363,0.18181818181818182,0.36363636363636365,0.2222222222222222,0.5555555555555556,0.3333333333333333,0.5555555555555556,0.5833333333333334,0.0,0.42857142857142855,0.42857142857142855,0.7083333333333334,0.375,0.4166666666666667,0.46770717334674267,NaN,NaN,NaN,NaN,1.6666666666666667,1.1180339887498947,2.1125000000000003,0.8929331136510423,4.0,0.2222222222222222,0.34839769284677014,3.0,4.0,1.3333333333333333,0.5773502691896257,0.0,0.0
787,1,12.0,32.0,2.6666666666666665,0.24242424242424243,0.18181818181818182,0.09090909090909091,0.2222222222222222,0.3333333333333333,0.2222222222222222,0.5555555555555556,0.5833333333333334,0.0,0.2857142857142857,0.42857142857142855,0.5104858104858105,0.34741384304179784,0.3297258297258297,0.4162659004778995,NaN,NaN,NaN,NaN,3.5555555555555554,3.431876713662333,2.4392551892551895,1.0745219576930343,3.857142857142857,0.4444444444444444,0.880788565697235,3.0,7.0,1.391304347826087,0.6138498140448513,0.16666666666666666,0.0
788,1,12.0,26.0,2.1666666666666665,0.19696969696969696,0.18181818181818182,0.09090909090909091,0.1111111111111111,0.6666666666666666,0.4444444444444444,0.6666666666666666,0.5833333333333334,0.0,0.5714285714285714,0.2857142857142857,0.653968253968254,0.4130231857020107,0.5202020202020202,0.4805682280955668,NaN,NaN,NaN,NaN,2.888888888888889,3.6209268304000717,1.954761904761905,0.6855744806976097,3.1,0.3333333333333333,0.44765462410252926,2.0,5.0,1.1666666666666667,0.3790490217894517,0.0,0.0
789,1,12.0,21.0,1.75,0.1590909090909091,0.18181818181818182,0.09090909090909091,0.3333333333333333,0.5555555555555556,0.3333333333333333,0.5555555555555556,0.5833333333333334,0.0,0.42857142857142855,0.42857142857142855,0.7325102880658436,0.32855514523879664,0.4444444444444444,0.4714045207910317,NaN,NaN,NaN,NaN,2.3333333333333335,1.6583123951777,2.1129629629629627,0.8478113809527602,3.5555555555555554,0.2222222222222222,0.3208784239598589,3.0,4.0,1.3548387096774193,0.5506594287321455,0.0,0.0
79,1,12.0,20.0,1.6666666666666667,0.15151515151515152,0.18181818181818182,0.18181818181818182,0.2222222222222222,0.5555555555555556,0.3333333333333333,0.6666666666666666,0.5833333333333334,0.0,0.42857142857142855,0.42857142857142855,0.6666666666666666,0.33657280044590654,0.4629629629629629,0.4392052305789416,NaN,NaN,NaN,NaN,2.2222222222222223,1.3017082793177757,2.0375,0.7529110173187799,3.2,0.3333333333333333,0.38784153030790675,2.0,4.0,1.2692307692307692,0.45234432086120485,0.0,0.0
790,1,12.0,22.0,1.8333333333333333,0.16666666666666666,0.18181818181818182,0.36363636363636365,0.2222222222222222,0.3333333333333333,0.2222222222222222,0.5555555555555556,0.5833333333333334,0.0,0.2857142857142857,0.42857142857142855,0.418546365914787,0.37905196819896786,0.32222222222222224,0.41766546953805567,NaN,NaN,NaN,NaN,2.4444444444444446,1.7400510848184252,2.3194444444444446,0.9807705003775219,4.0,0.2222222222222222,0.8292468345735863,3.0,7.0,1.457142857142857,0.6108266887567038,0.3333333333333333,0.0
791,1,12.0,26.0,2.1666666666666665,0.19696969696969696,0.18181818181818182,0.09090909090909091,0.2222222222222222,0.5555555555555556,0.3333333333333333,0.5555555555555556,0.5833333333333334,0.0,0.42857142857142855,0.42857142857142855,0.5079365079365079,0.43366680000207103,0.38333333333333336,0.47169905660283024,NaN,NaN,NaN,NaN,2.888888888888889,2.934469476943168,2.0915404040404044,0.8054595664921669,3.1818181818181817,0.2222222222222222,0.6841702502087835,2.0,6.0,1.2727272727272727,0.4522670168666455,0.0,0.0
792,1,12.0,30.0,2.5,0.22727272727272727,0.18181818181818182,0.09090909090909091,0.2222222222222222,0.4444444444444444,0.2222222222222222,0.6666666666666666,0.5833333333333334,0.0,0.2857142857142857,0.42857142857142855,0.6491060025542784,0.3037066927881976,0.3998316498316498,0.4109766054503927,NaN,NaN,NaN,NaN,3.3333333333333335,3.2015621187164243,2.18015873015873,0.8757711996395241,3.4,0.5555555555555556,0.6168403239898207,3.0,5.0,1.3571428571428572,0.5328903502931349,0.16666666666666666,0.0
793,1,12.0,15.0,1.25,0.11363636363636363,0.18181818181818182,0.18181818181818182,0.4444444444444444,0.4444444444444444,0.2222222222222222,0.2222222222222222,0.5833333333333334,0.0,0.2857142857142857,0.2857142857142857,0.2592592592592593,0.43390275977259196,0.2222222222222222,0.44095855184409843,NaN,NaN,NaN,NaN,1.6666666666666667,1.9999999999999998,2.28125,0.9973330915268707,4.0,0.1111111111111111,0.5546073256947529,3.0,4.0,1.4090909090909092,0.5903260526902471,0.0,0.0
794,1,12.0,19.0,1.5833333333333333,0.14393939393939395,0.18181818181818182,0.2727272727272727,0.4444444444444444,0.3333333333333333,0.2222222222222222,0.4444444444444444,0.5833333333333334,0.0,0.2857142857142857,0.42857142857142855,0.47530864197530853,0.3299727718741752,0.27222222222222225,0.42360883423796114,NaN,NaN,NaN,NaN,2.111111111111111,1.6914819275153699,2.457175925925926,1.1216585607727214,4.111111111111111,0.2222222222222222,0.7376427663638392,3.0,6.0,1.736842105263158,0.7599505861004169,0.16666666666666666,0.0
795,1,12.0,25.0,2.0833333333333335,0.1893939393939394,0.18181818181818182,0.09090909090909091,0.2222222222222222,0.5555555555555556,0.3333333333333333,0.7777777777777778,0.5833333333333334,0.0,0.42857142857142855,0.42857142857142855,0.7786195286195287,0.22052898155559597,0.5074074074074074,0.42680264037041815,NaN,NaN,NaN,NaN,2.7777777777777777,3.032234233110042,2.0833333333333335,0.7929614610987591,3.0,0.0,0.6454972243679028,2.0,5.0,1.2727272727272727,0.4522670168666455,0.16666666666666666,0.0
796,1,12.0,14.0,1.1666666666666667,0.10606060606060606,0.18181818181818182,0.45454545454545453,0.3333333333333333,0.4444444444444444,0.2222222222222222,0.4444444444444444,0.5833333333333334,0.0,0.2857142857142857,0.42857142857142855,0.625,0.33071891388307384,0.3333333333333333,0.43301270189221935,NaN,NaN,NaN,NaN,1.5555555555555556,1.0137937550497034,2.15,0.8458454619222978,3.5,0.3333333333333333,0.3109715368056966,3.0,4.0,1.4090909090909092,0.5903260526902471,0.0,0.0
797,1,12.0,18.0,1.5,0.13636363636363635,0.18181818181818182,0.18181818181818182,0.3333333333333333,0.4444444444444444,0.3333333333333333,0.5555555555555556,0.5833333333333334,0.0,0.42857142857142855,0.2857142857142857,0.5777777777777778,0.4486863541990601,0.41111111111111115,0.4702245326555295,NaN,NaN,NaN,NaN,2.0,1.7320508075688772,2.134920634920635,0.8190383904980275,3.2857142857142856,0.3333333333333333,0.6074410513699191,2.0,6.0,1.3846153846153846,0.4961389383568338,0.0,0.0
798,1,12.0,20.0,1.6666666666666667,0.15151515151515152,0.18181818181818182,0.09090909090909091,0.2222222222222222,0.5555555555555556,0.3333333333333333,0.5555555555555556,0.5833333333333334,0.0,0.42857142857142855,0.42857142857142855,0.6194444444444445,0.4340088884778488,0.4166666666666667,0.46770717334674267,NaN,NaN,NaN,NaN,2.2222222222222223,1.6414763002993509,2.03125,0.7615120276015463,3.375,0.3333333333333333,0.43010670340717716,3.0,5.0,1.3793103448275863,0.5614899250748772,0.0,0.0
799,1,12.0,20.0,1.6666666666666667,0.15151515151515152,0.18181818181818182,0.2727272727272727,0.1111111111111111,0.6666666666666666,0.4444444444444444,0.6666666666666666,0.5833333333333334,0.0,0.5714285714285714,0.42857142857142855,0.7365079365079364,0.4249316338236497,0.4788359788359789,0.4980751561502534,NaN,NaN,NaN,NaN,2.2222222222222223,2.4381231397212986,2.0104166666666665,0.75464157155245,3.125,0.1111111111111111,0.5371097114233396,2.0,4.0,1.2083333333333333,0.41485111699905336,0.0,0.0
8,1,12.0,25.0,2.0833333333333335,0.1893939393939394,0.18181818181818182,0.18181818181818182,0.2222222222222222,0.6666666666666666,0.4444444444444444,0.6666666666666666,0.5833333333333334,0.0,0.5714285714285714,0.42857142857142855,0.7722222222222221,0.32037304644568476,0.5407407407407407,0.4812535072823937,NaN,NaN,NaN,NaN,2.7777777777777777,2.279132388529557,2.0238095238095237,0.7773064508229895,3.2857142857142856,0.1111111111111111,0.5412884603230624,2.0,5.0,1.28125,0.45680340939917435,0.0,0.0
80,1,12.0,35.0,2.9166666666666665,0.26515151515151514,0.18181818181818182,0.09090909090909091,0.2222222222222222,0.3333333333333333,0.2222222222222222,0.7777777777777778,0.5833333333333334,0.0,0.2857142857142857,0.42857142857142855,0.7307561017238438,0.17869897461343381,0.4024691358024692,0.3826797075537037,NaN,NaN,NaN,NaN,3.888888888888889,2.891558595482912,2.3189775910364148,0.9446140183946538,3.4705882352941178,0.4444444444444444,0.749770871880009,3.0,7.0,1.3673469387755102,0.528120786019496,0.3333333333333333,0.0
800,1,12.0,20.0,1.6666666666666667,0.15151515151515152,0.18181818181818182,0.2727272727272727,0.1111111111111111,0.5555555555555556,0.4444444444444444,0.5555555555555556,0.5833333333333334,0.0,0.5714285714285714,0.2857142857142857,0.6018518518518519,0.42035405417837657,0.5,0.5,NaN,NaN,NaN,NaN,2.2222222222222223,2.048034287907418,2.015151515151515,0.7319922623746158,3.1818181818181817,0.3333333333333333,0.520982108662821,2.0,5.0,1.24,0.4358898943540673,0.0,0.0
801,1,12.0,27.0,2.25,0.20454545454545456,0.18181818181818182,0.09090909090909091,0.2222222222222222,0.4444444444444444,0.2222222222222222,0.6666666666666666,0.5833333333333334,0.0,0.2857142857142857,0.2857142857142857,0.5873456790123456,0.37701391091850056,0.4461279461279461,0.41543282268037957,NaN,NaN,NaN,NaN,3.0,3.2015621187164243,2.1083333333333334,0.792531425626808,3.2,0.3333333333333333,0.5248795819029118,2.0,4.0,1.1612903225806452,0.373878250552983,0.0,0.0
802,1,12.0,22.0,1.8333333333333333,0.16666666666666666,0.18181818181818182,0.09090909090909091,0.1111111111111111,0.5555555555555556,0.3333333333333333,0.6666666666666666,0.5833333333333334,0.0,0.42857142857142855,0.2857142857142857,0.5416666666666666,0.44194173824159216,0.44612794612794615,0.4476183731014239,NaN,NaN,NaN,NaN,2.4444444444444446,3.2829526005987018,2.0749999999999997,0.8058028181994537,3.4,0.2222222222222222,0.6786796450506384,3.0,5.0,1.2083333333333333,0.5089773777040515,0.0,0.0
803,1,12.0,22.0,1.8333333333333333,0.16666666666666666,0.18181818181818182,0.09090909090909091,0.2222222222222222,0.4444444444444444,0.2222222222222222,0.4444444444444444,0.5833333333333334,0.0,0.2857142857142857,0.42857142857142855,0.5238095238095237,0.35784900427966204,0.35185185185185186,0.4444444444444444,NaN,NaN,NaN,NaN,2.4444444444444446,2.0069324297987157,2.121212121212121,0.8223798027340552,3.4545454545454546,0.3333333333333333,0.405197044111313,2.0,5.0,1.3125,0.47092907485988494,0.0,0.0
804,1,12.0,20.0,1.6666666666666667,0.15151515151515152,0.18181818181818182,0.2727272727272727,0.1111111111111111,0.5555555555555556,0.3333333333333333,0.5555555555555556,0.5833333333333334,0.0,0.42857142857142855,0.42857142857142855,0.6283950617283952,0.4016597936676117,0.43333333333333335,0.4636809247747852,NaN,NaN,NaN,NaN,2.2222222222222223,1.5634719199411433,1.9847222222222223,0.7015660092392342,3.25,0.4444444444444444,0.4081363649537503,2.0,4.0,1.2,0.408248290463863,0.0,0.0
805,1,12.0,19.0,1.5833333333333333,0.14393939393939395,0.18181818181818182,0.36363636363636365,0.2222222222222222,0.5555555555555556,0.3333333333333333,0.5555555555555556,0.5833333333333334,0.0,0.42857142857142855,0.42857142857142855,0.762962962962963,0.3417456999828822,0.4629629629629629,0.4697648479246601,NaN,NaN,NaN,NaN,2.111111111111111,1.5365907428821477,2.097222222222222,0.8301707665796849,3.5,0.2222222222222222,0.5580354010024183,2.0,4.0,1.25,0.4423258684646914,0.0,0.0
806,1,12.0,19.0,1.5833333333333333,0.14393939393939395,0.18181818181818182,0.18181818181818182,0.3333333333333333,0.4444444444444444,0.3333333333333333,0.5555555555555556,0.5833333333333334,0.0,0.42857142857142855,0.42857142857142855,0.6049382716049383,0.38932955632645627,0.4444444444444444,0.4714045207910317,NaN,NaN,NaN,NaN,2.111111111111111,1.6914819275153699,2.211111111111111,0.9462668098485095,4.0,0.3333333333333333,0.527545347403663,3.0,6.0,1.6571428571428573,0.7647705208621943,0.0,0.0
807,1,12.0,15.0,1.25,0.11363636363636363,0.18181818181818182,0.45454545454545453,0.3333333333333333,0.4444444444444444,0.3333333333333333,0.5555555555555556,0.5833333333333334,0.0,0.42857142857142855,0.2857142857142857,0.6111111111111112,0.3535533905932738,0.4166666666666667,0.46770717334674267,NaN,NaN,NaN,NaN,1.6666666666666667,0.9999999999999999,2.161111111111111,0.8671133270141348,3.666666666666667,0.3333333333333333,0.5395275220875643,3.0,5.0,1.52,0.6531972647421809,0.0,0.0
808,1,12.0,26.0,2.1666666666666665,0.19696969696969696,0.18181818181818182,0.09090909090909091,0.1111111111111111,0.4444444444444444,0.3333333333333333,0.8888888888888888,0.5833333333333334,0.0,0.42857142857142855,0.42857142857142855,0.8194444444444444,0.19564208303117656,0.5424242424242425,0.38324948178602436,NaN,NaN,NaN,NaN,2.888888888888889,3.2956199888808646,2.1055555555555556,0.7845520285627241,3.1,0.3333333333333333,0.7054718975909658,2.0,6.0,1.3611111111111112,0.4871361075732195,0.0,0.0
809,1,12.0,16.0,1.3333333333333333,0.12121212121212122,0.18181818181818182,0.2727272727272727,0.4444444444444444,0.4444444444444444,0.2222222222222222,0.3333333333333333,0.5833333333333334,0.0,0.2857142857142857,0.2857142857142857,0.36666666666666664,0.412310562561766,0.2777777777777778,0.4409585518440985,NaN,NaN,NaN,NaN,1.7777777777777777,1.9860625479688307,2.2731481481481484,1.0231491003545397,4.0,0.2222222222222222,0.6359837330010693,3.0,5.0,1.5185185185185186,0.642732769590452,0.16666666666666666,0.0
81,1,12.0,21.0,1.75,0.1590909090909091,0.18181818181818182,0.09090909090909091,0.3333333333333333,0.4444444444444444,0.3333333333333333,0.6666666666666666,0.5833333333333334,0.0,0.42857142857142855,0.2857142857142857,0.7795414462081127,0.22743246382429003,0.48148148148148145,0.4444444444444445,NaN,NaN,NaN,NaN,2.3333333333333335,1.9999999999999998,2.121969696969697,0.8141356179456304,3.3636363636363633,0.3333333333333333,0.442040098900329,2.0,4.0,1.2857142857142858,0.46004370622823615,0.0,0.0
810,1,12.0,22.0,1.8333333333333333,0.16666666666666666,0.18181818181818182,0.18181818181818182,0.3333333333333333,0.5555555555555556,0.3333333333333333,0.5555555555555556,0.5833333333333334,0.0,0.42857142857142855,0.42857142857142855,0.5694444444444444,0.4458528033131812,0.43209876543209874,0.4761096345252756,NaN,NaN,NaN,NaN,2.4444444444444446,2.697735676039774,2.1474358974358974,0.9210107022425575,4.0,0.1111111111111111,0.38049743576593587,3.0,4.0,1.2307692307692308,0.5144077999169381,0.0,0.0
811,1,12.0,23.0,1.9166666666666667,0.17424242424242425,0.18181818181818182,0.2727272727272727,0.2222222222222222,0.4444444444444444,0.3333333333333333,0.7777777777777778,0.5833333333333334,0.0,0.42857142857142855,0.42857142857142855,0.840877914951989,0.13753724252731195,0.5037037037037037,0.4217833976911624,NaN,NaN,NaN,NaN,2.5555555555555554,1.3333333333333335,2.236772486772487,0.9316762963579811,3.666666666666667,0.3333333333333333,0.5795650797377074,3.0,6.0,1.5,0.5991446895152781,0.0,0.0
812,1,12.0,13.0,1.0833333333333333,0.09848484848484848,0.18181818181818182,0.36363636363636365,0.3333333333333333,0.4444444444444444,0.3333333333333333,0.4444444444444444,0.5833333333333334,0.0,0.42857142857142855,0.42857142857142855,0.7037037037037037,0.4312270748961117,0.3888888888888889,0.4859126579037751,NaN,NaN,NaN,NaN,1.4444444444444444,0.7264831572567789,2.1041666666666665,0.7938566201357353,3.25,0.3333333333333333,0.4694172601242567,3.0,4.0,1.3888888888888888,0.6076849889141857,0.0,0.0
813,1,12.0,21.0,1.75,0.1590909090909091,0.18181818181818182,0.45454545454545453,0.1111111111111111,0.5555555555555556,0.3333333333333333,0.7777777777777778,0.5833333333333334,0.0,0.42857142857142855,0.14285714285714285,0.6090534979423867,0.3889378765931695,0.537037037037037,0.40635385662021645,NaN,NaN,NaN,NaN,2.3333333333333335,1.8027756377319946,2.0284722222222222,0.7286563871066941,3.0,0.3333333333333333,0.48545136635973024,2.0,4.0,1.1923076923076923,0.40191847623425014,0.0,0.0
814,1,12.0,24.0,2.0,0.18181818181818182,0.18181818181818182,0.18181818181818182,0.3333333333333333,0.3333333333333333,0.2222222222222222,0.4444444444444444,0.5833333333333334,0.0,0.2857142857142857,0.2857142857142857,0.3411458333333333,0.41102957618643454,0.27469135802469136,0.4231998104454237,NaN,NaN,NaN,NaN,2.6666666666666665,2.6925824035672523,2.2132936507936507,0.844795297912769,3.142857142857143,0.3333333333333333,0.723308089893093,2.0,7.0,1.3235294117647058,0.47485807993381707,0.0,0.0
815,1,12.0,35.0,2.9166666666666665,0.26515151515151514,0.18181818181818182,0.09090909090909091,0.1111111111111111,0.4444444444444444,0.3333333333333333,0.7777777777777778,0.5833333333333334,0.0,0.42857142857142855,0.42857142857142855,0.653968253968254,0.33254796936297426,0.4590909090909091,0.43137537104452506,NaN,NaN,NaN,NaN,3.888888888888889,3.443996386628637,2.1694444444444447,0.841530392008156,3.2,0.2222222222222222,0.7496877656943229,2.0,7.0,1.1951219512195121,0.4012176588288426,0.16666666666666666,0.0
816,1,12.0,24.0,2.0,0.18181818181818182,0.18181818181818182,0.09090909090909091,0.1111111111111111,0.5555555555555556,0.3333333333333333,0.7777777777777778,0.5833333333333334,0.0,0.42857142857142855,0.42857142857142855,0.6648148148148147,0.33506782526954776,0.5387205387205386,0.41314705707078236,NaN,NaN,NaN,NaN,2.6666666666666665,3.2015621187164243,2.1087962962962963,0.8678425664627248,3.75,0.3333333333333333,0.5765895359200911,3.0,5.0,1.3225806451612903,0.5992827253861374,0.0,0.0
817,1,12.0,25.0,2.0833333333333335,0.1893939393939394,0.18181818181818182,0.09090909090909091,0.3333333333333333,0.5555555555555556,0.3333333333333333,0.5555555555555556,0.5833333333333334,0.0,0.42857142857142855,0.42857142857142855,0.7372134038800706,0.3139800412579342,0.42328042328042326,0.4811906790864799,NaN,NaN,NaN,NaN,2.7777777777777777,2.5385910352879693,2.1541310541310543,0.892206418451644,3.5384615384615383,0.3333333333333333,0.5098247922771744,3.0,6.0,1.4146341463414633,0.5466081666101211,0.0,0.0
818,1,12.0,19.0,1.5833333333333333,0.14393939393939395,0.18181818181818182,0.09090909090909091,0.3333333333333333,0.3333333333333333,0.2222222222222222,0.4444444444444444,0.5833333333333334,0.0,0.2857142857142857,0.42857142857142855,0.5178571428571428,0.3328812836126295,0.2916666666666667,0.4330127018922193,NaN,NaN,NaN,NaN,2.111111111111111,2.2607766610417563,2.363461538461538,1.011787041699724,3.5,0.5555555555555556,0.7811532198956805,3.0,7.0,1.65,0.6621642835894567,0.0,0.0
819,1,12.0,21.0,1.75,0.1590909090909091,0.18181818181818182,0.2727272727272727,0.2222222222222222,0.4444444444444444,0.3333333333333333,0.7777777777777778,0.5833333333333334,0.0,0.42857142857142855,0.42857142857142855,0.8130511463844798,0.16299388148941124,0.5129629629629631,0.42260581989881035,NaN,NaN,NaN,NaN,2.3333333333333335,1.5,2.190909090909091,0.8746401595123403,3.333333333333333,0.4444444444444444,0.6289317973652023,3.0,4.0,1.4411764705882353,0.5609070830300027,0.16666666666666666,0.0
82,1,12.0,40.0,3.3333333333333335,0.30303030303030304,0.18181818181818182,0.09090909090909091,0.2222222222222222,0.4444444444444444,0.2222222222222222,0.6666666666666666,0.5833333333333334,0.0,0.2857142857142857,0.42857142857142855,0.5631981187536742,0.3604307903483096,0.3922558922558922,0.4146953673840877,NaN,NaN,NaN,NaN,4.444444444444445,4.2163702135578385,2.14293747188484,0.8160685015353443,3.1538461538461537,0.4444444444444444,0.6336410111381439,2.0,6.0,1.1363636363636365,0.34714175717877416,0.16666666666666666,0.0
820,1,12.0,25.0,2.0833333333333335,0.1893939393939394,0.18181818181818182,0.09090909090909091,0.2222222222222222,0.4444444444444444,0.2222222222222222,0.6666666666666666,0.5833333333333334,0.0,0.2857142857142857,0.2857142857142857,0.5611111111111111,0.3140240613569462,0.36944444444444446,0.4073116469949979,NaN,NaN,NaN,NaN,2.7777777777777777,2.438123139721299,2.281535947712418,0.9887619406816217,3.8,0.4444444444444444,0.7278539218408813,4.0,6.0,1.5384615384615385,0.7555462940344224,0.16666666666666666,0.0
821,1,12.0,15.0,1.25,0.11363636363636363,0.18181818181818182,0.5454545454545454,0.3333333333333333,0.4444444444444444,0.3333333333333333,0.5555555555555556,0.5833333333333334,0.0,0.42857142857142855,0.2857142857142857,0.5185185185185186,0.376796110173626,0.3888888888888889,0.4695594862326936,NaN,NaN,NaN,NaN,1.6666666666666667,1.3228756555322951,2.183333333333333,0.9203095658362446,4.0,0.2222222222222222,0.5548058433447901,3.0,6.0,1.6153846153846154,0.7524319545007682,0.0,0.0
822,1,12.0,21.0,1.75,0.1590909090909091,0.18181818181818182,0.2727272727272727,0.1111111111111111,0.3333333333333333,0.2222222222222222,0.8888888888888888,0.5833333333333334,0.0,0.2857142857142857,0.42857142857142855,0.8353909465020575,0.1528323259646907,0.5092592592592592,0.334488738299786,NaN,NaN,NaN,NaN,2.3333333333333335,1.0,2.36875,1.0052772684009303,3.75,0.4444444444444444,0.741097962806666,4.0,5.0,1.8,0.9391758525703705,0.0,0.0
823,1,12.0,19.0,1.5833333333333333,0.14393939393939395,0.18181818181818182,0.18181818181818182,0.2222222222222222,0.4444444444444444,0.3333333333333333,0.5555555555555556,0.5833333333333334,0.0,0.42857142857142855,0.42857142857142855,0.6388888888888888,0.33333333333333337,0.3925925925925926,0.4695677024247875,NaN,NaN,NaN,NaN,2.111111111111111,1.3642254619787417,2.173611111111111,0.8736160291168921,3.5,0.4444444444444444,0.5530278754810912,3.0,5.0,1.5,0.6221710168382552,0.0,0.0
824,1,12.0,24.0,2.0,0.18181818181818182,0.18181818181818182,0.09090909090909091,0.1111111111111111,0.5555555555555556,0.2222222222222222,0.6666666666666666,0.5833333333333334,0.0,0.2857142857142857,0.2857142857142857,0.5574074074074074,0.3679061541638098,0.42760942760942755,0.4080217353983659,NaN,NaN,NaN,NaN,2.6666666666666665,3.2015621187164247,1.9812091503267977,0.6903679590375732,3.0,0.3333333333333333,0.5186859808578154,2.0,5.0,1.3235294117647058,0.47485807993381707,0.0,0.0
825,1,12.0,25.0,2.0833333333333335,0.1893939393939394,0.18181818181818182,0.09090909090909091,0.3333333333333333,0.3333333333333333,0.2222222222222222,0.4444444444444444,0.5833333333333334,0.0,0.2857142857142857,0.2857142857142857,0.49947089947089945,0.33452545707478076,0.29797979797979796,0.430686981925815,NaN,NaN,NaN,NaN,2.7777777777777777,3.270236145058097,2.484126984126984,1.1250109751558528,4.0,0.3333333333333333,0.8682351061472264,3.0,6.0,1.627906976744186,0.7874992309581578,0.16666666666666666,0.0
826,1,12.0,19.0,1.5833333333333333,0.14393939393939395,0.18181818181818182,0.18181818181818182,0.2222222222222222,0.5555555555555556,0.4444444444444444,0.6666666666666666,0.5833333333333334,0.0,0.5714285714285714,0.42857142857142855,0.7666666666666666,0.3464101615137755,0.5,0.485912657903775,NaN,NaN,NaN,NaN,2.111111111111111,1.6914819275153699,2.0788690476190474,0.8207739604141941,3.571428571428571,0.3333333333333333,0.5522729806540605,2.0,4.0,1.3043478260869565,0.4704719688969648,0.0,0.0
827,1,12.0,21.0,1.75,0.1590909090909091,0.18181818181818182,0.18181818181818182,0.3333333333333333,0.5555555555555556,0.4444444444444444,0.5555555555555556,0.5833333333333334,0.0,0.5714285714285714,0.42857142857142855,0.8717421124828532,0.17376783811290056,0.5185185185185185,0.5030769521187454,NaN,NaN,NaN,NaN,2.3333333333333335,1.6583123951777,2.131132756132756,0.8663853095949553,3.4545454545454546,0.3333333333333333,0.37502641022040656,2.0,5.0,1.34375,0.48255870443481425,0.0,0.0
828,1,12.0,12.0,1.0,0.09090909090909091,0.18181818181818182,0.45454545454545453,0.3333333333333333,0.5555555555555556,0.3333333333333333,0.4444444444444444,0.5833333333333334,0.0,0.42857142857142855,0.42857142857142855,0.6296296296296297,0.4148106811963355,0.3888888888888889,0.4859126579037751,NaN,NaN,NaN,NaN,1.3333333333333333,0.7071067811865476,2.0833333333333335,0.8211226608993472,3.5,0.2222222222222222,0.21320071635561044,3.0,4.0,1.4210526315789473,0.606976978666884,0.0,0.0
829,1,12.0,27.0,2.25,0.20454545454545456,0.18181818181818182,0.09090909090909091,0.3333333333333333,0.4444444444444444,0.2222222222222222,0.4444444444444444,0.5833333333333334,0.0,0.2857142857142857,0.42857142857142855,0.5361552028218695,0.37477655875978794,0.32407407407407407,0.4418326033496352,NaN,NaN,NaN,NaN,3.0,2.179449471770337,2.251513532763533,0.9615326834771283,3.625,0.4444444444444444,0.5428522645588223,3.0,5.0,1.394736842105263,0.5945460991473914,0.0,0.0
83,1,12.0,19.0,1.5833333333333333,0.14393939393939395,0.18181818181818182,0.36363636363636365,0.3333333333333333,0.3333333333333333,0.2222222222222222,0.5555555555555556,0.5833333333333334,0.0,0.2857142857142857,0.42857142857142855,0.4913194444444444,0.3457956806812048,0.3277777777777778,0.41616636630612575,NaN,NaN,NaN,NaN,2.111111111111111,1.4529663145135578,2.2186507936507938,0.8815674893237992,3.666666666666667,0.4444444444444444,0.6398791342024386,4.0,7.0,1.6176470588235294,0.7790711595597376,0.0,0.0
830,1,12.0,31.0,2.5833333333333335,0.23484848484848486,0.18181818181818182,0.09090909090909091,0.2222222222222222,0.4444444444444444,0.3333333333333333,0.6666666666666666,0.5833333333333334,0.0,0.42857142857142855,0.42857142857142855,0.7222222222222222,0.23333333333333334,0.4313131313131313,0.4539794455770304,NaN,NaN,NaN,NaN,3.4444444444444446,3.320809807528546,2.200892857142857,0.8756499375205695,3.2857142857142856,0.2222222222222222,0.7283282665514234,2.0,7.0,1.275,0.45220258677630254,0.16666666666666666,0.0
831,1,12.0,23.0,1.9166666666666667,0.17424242424242425,0.18181818181818182,0.36363636363636365,0.1111111111111111,0.5555555555555556,0.3333333333333333,0.7777777777777778,0.5833333333333334,0.0,0.42857142857142855,0.42857142857142855,0.6503527336860669,0.34459004838696067,0.5317460317460317,0.40963453652583937,NaN,NaN,NaN,NaN,2.5555555555555554,2.0069324297987157,2.059090909090909,0.7934129644966769,3.5,0.4444444444444444,0.48403209354924615,3.0,4.0,1.2666666666666666,0.5208304597621878,0.0,0.0
832,1,12.0,20.0,1.6666666666666667,0.15151515151515152,0.18181818181818182,0.2727272727272727,0.2222222222222222,0.3333333333333333,0.2222222222222222,0.6666666666666666,0.5833333333333334,0.0,0.2857142857142857,0.42857142857142855,0.636904761904762,0.2734534434127421,0.42063492063492064,0.39357798225753665,NaN,NaN,NaN,NaN,2.2222222222222223,1.855921454276674,2.259259259259259,0.9384340340236984,4.0,0.3333333333333333,0.6078060546999795,3.0,5.0,1.5,0.6154574548966637,0.0,0.0
833,1,12.0,13.0,1.0833333333333333,0.09848484848484848,0.18181818181818182,0.5454545454545454,0.2222222222222222,0.6666666666666666,0.3333333333333333,0.5555555555555556,0.5833333333333334,0.0,0.42857142857142855,0.14285714285714285,0.6759259259259259,0.3690369515440673,0.4629629629629629,0.4697648479246601,NaN,NaN,NaN,NaN,1.4444444444444444,0.7264831572567789,1.9722222222222223,0.7029279793177564,3.0,0.1111111111111111,0.2135042050734495,2.0,3.0,1.2777777777777777,0.4608885989624768,0.0,0.0
834,1,12.0,28.0,2.3333333333333335,0.21212121212121213,0.18181818181818182,0.09090909090909091,0.3333333333333333,0.3333333333333333,0.2222222222222222,0.6666666666666666,0.5833333333333334,0.0,0.2857142857142857,0.42857142857142855,0.6885802469135802,0.18778499146053354,0.3664983164983165,0.41399171968156745,NaN,NaN,NaN,NaN,3.111111111111111,3.3333333333333335,2.3471810496267014,0.9687883985886548,3.3636363636363633,0.5555555555555556,0.8404175699431832,3.0,6.0,1.4634146341463414,0.636300281927085,0.0,0.0
835,1,12.0,29.0,2.4166666666666665,0.2196969696969697,0.18181818181818182,0.09090909090909091,0.2222222222222222,0.3333333333333333,0.2222222222222222,0.7777777777777778,0.5833333333333334,0.0,0.2857142857142857,0.42857142857142855,0.7675485008818341,0.16947485157285327,0.4351851851851852,0.3836452032481426,NaN,NaN,NaN,NaN,3.2222222222222223,1.986062547968831,2.290645424836601,0.9244190297428169,3.5294117647058822,0.5555555555555556,0.6404457608459692,3.0,7.0,1.4130434782608696,0.5802714673714456,0.16666666666666666,0.0
836,1,12.0,16.0,1.3333333333333333,0.12121212121212122,0.18181818181818182,0.36363636363636365,0.4444444444444444,0.4444444444444444,0.2222222222222222,0.4444444444444444,0.5833333333333334,0.0,0.2857142857142857,0.42857142857142855,0.5074074074074074,0.3600840094021956,0.35185185185185186,0.4444444444444444,NaN,NaN,NaN,NaN,1.7777777777777777,1.3944333775567928,2.3511904761904763,1.13653214582388,4.5,0.4444444444444444,0.3868589716493314,4.0,5.0,1.5925925925925926,0.8439494725697221,0.0,0.0
837,1,12.0,23.0,1.9166666666666667,0.17424242424242425,0.18181818181818182,0.09090909090909091,0.3333333333333333,0.4444444444444444,0.2222222222222222,0.4444444444444444,0.5833333333333334,0.0,0.2857142857142857,0.42857142857142855,0.45351473922902497,0.4010577665750047,0.291005291005291,0.4228751366589594,NaN,NaN,NaN,NaN,2.5555555555555554,2.6034165586355518,2.1631944444444446,0.8473179487234743,3.416666666666667,0.3333333333333333,0.5672725486821673,3.0,6.0,1.475,0.5986094998689324,0.0,0.0
838,1,12.0,20.0,1.6666666666666667,0.15151515151515152,0.18181818181818182,0.09090909090909091,0.1111111111111111,0.4444444444444444,0.3333333333333333,0.5555555555555556,0.5833333333333334,0.0,0.42857142857142855,0.42857142857142855,0.6567460317460319,0.35081194289017076,0.4444444444444444,0.4639803635691685,NaN,NaN,NaN,NaN,2.2222222222222223,1.7159383568311668,2.1628787878787876,0.8553228250118349,3.4545454545454546,0.2222222222222222,0.6414526521904597,3.0,5.0,1.4242424242424243,0.5607084263625252,0.16666666666666666,0.0
839,1,12.0,24.0,2.0,0.18181818181818182,0.18181818181818182,0.09090909090909091,0.1111111111111111,0.6666666666666666,0.3333333333333333,0.6666666666666666,0.5833333333333334,0.0,0.42857142857142855,0.2857142857142857,0.5636574074074074,0.4079971925209024,0.44753086419753085,0.46324065745737,NaN,NaN,NaN,NaN,2.6666666666666665,2.6457513110645907,1.9523809523809526,0.6799086846177776,3.0,0.2222222222222222,0.4209883829446916,2.0,4.0,1.1153846153846154,0.325812593608421,0.0,0.0
84,1,12.0,21.0,1.75,0.1590909090909091,0.18181818181818182,0.18181818181818182,0.2222222222222222,0.4444444444444444,0.2222222222222222,0.6666666666666666,0.5833333333333334,0.0,0.2857142857142857,0.42857142857142855,0.4930555555555556,0.3569133687294128,0.35185185185185186,0.40133842435555256,NaN,NaN,NaN,NaN,2.3333333333333335,1.8708286933869707,2.1486111111111112,0.8336804832477176,3.333333333333333,0.4444444444444444,0.5765466890513592,3.0,5.0,1.4411764705882353,0.6125543375075284,0.0,0.0
840,1,12.0,17.0,1.4166666666666667,0.12878787878787878,0.18181818181818182,0.45454545454545453,0.2222222222222222,0.4444444444444444,0.3333333333333333,0.7777777777777778,0.5833333333333334,0.0,0.42857142857142855,0.2857142857142857,0.8439153439153437,0.1399055759032079,0.5407407407407407,0.41122370830437893,NaN,NaN,NaN,NaN,1.8888888888888888,1.3642254619787415,2.27209595959596,0.9828675687955226,3.666666666666667,0.4444444444444444,0.6840149548325778,3.0,4.0,1.6333333333333333,0.7648904962570575,0.16666666666666666,0.0
841,1,12.0,25.0,2.0833333333333335,0.1893939393939394,0.18181818181818182,0.18181818181818182,0.2222222222222222,0.3333333333333333,0.2222222222222222,0.6666666666666666,0.5833333333333334,0.0,0.2857142857142857,0.42857142857142855,0.8078703703703705,0.15926867973860712,0.42037037037037034,0.4184775463392552,NaN,NaN,NaN,NaN,2.7777777777777777,1.922093765778466,2.3079365079365077,0.9447690033713674,3.428571428571429,0.4444444444444444,0.6770841400658023,3.0,6.0,1.4878048780487805,0.5967391062898507,0.0,0.0
842,1,12.0,28.0,2.3333333333333335,0.21212121212121213,0.18181818181818182,0.09090909090909091,0.1111111111111111,0.3333333333333333,0.2222222222222222,0.7777777777777778,0.5833333333333334,0.0,0.2857142857142857,0.2857142857142857,0.566358024691358,0.30640489420156486,0.42037037037037034,0.3747015273092722,NaN,NaN,NaN,NaN,3.111111111111111,2.7588242262078086,2.1531162464985996,0.8148111088224269,3.428571428571429,0.6666666666666666,0.6431844619121089,3.0,4.0,1.3055555555555556,0.5247826458609559,0.0,0.0
843,1,12.0,18.0,1.5,0.13636363636363635,0.18181818181818182,0.18181818181818182,0.2222222222222222,0.5555555555555556,0.3333333333333333,0.4444444444444444,0.5833333333333334,0.0,0.42857142857142855,0.42857142857142855,0.6222222222222222,0.42295258468165065,0.37037037037037035,0.4843221048378526,NaN,NaN,NaN,NaN,2.0,1.5811388300841898,2.096031746031746,0.8216856573246449,3.2857142857142856,0.3333333333333333,0.5408917085248721,3.0,5.0,1.3846153846153846,0.5710988059467873,0.0,0.0
844,1,12.0,23.0,1.9166666666666667,0.17424242424242425,0.18181818181818182,0.18181818181818182,0.3333333333333333,0.4444444444444444,0.3333333333333333,0.5555555555555556,0.5833333333333334,0.0,0.42857142857142855,0.2857142857142857,0.6074074074074073,0.36884872605995184,0.3925925925925926,0.4695677024247875,NaN,NaN,NaN,NaN,2.5555555555555554,2.3511226632776476,2.2,0.874902591980699,3.3,0.2222222222222222,0.7480937566740572,2.0,6.0,1.3823529411764706,0.4932702180563817,0.16666666666666666,0.0
845,1,12.0,31.0,2.5833333333333335,0.23484848484848486,0.18181818181818182,0.18181818181818182,0.1111111111111111,0.3333333333333333,0.2222222222222222,0.7777777777777778,0.5833333333333334,0.0,0.2857142857142857,0.42857142857142855,0.5563888888888889,0.3203363981599829,0.3777777777777778,0.38251724725095004,NaN,NaN,NaN,NaN,3.4444444444444446,2.4037008503093262,2.26984126984127,0.9001553573814491,3.5,0.4444444444444444,0.7796473241253693,3.0,7.0,1.3777777777777778,0.5755980640283038,0.16666666666666666,0.0
846,1,12.0,23.0,1.9166666666666667,0.17424242424242425,0.18181818181818182,0.2727272727272727,0.2222222222222222,0.3333333333333333,0.2222222222222222,0.7777777777777778,0.5833333333333334,0.0,0.2857142857142857,0.42857142857142855,0.7589285714285714,0.2059386177619785,0.4388888888888889,0.3739800945386146,NaN,NaN,NaN,NaN,2.5555555555555554,1.4240006242195886,2.166170634920635,0.8105117886226725,3.2857142857142856,0.5555555555555556,0.6603151566086924,3.0,5.0,1.411764705882353,0.5569204860727307,0.16666666666666666,0.0
847,1,12.0,25.0,2.0833333333333335,0.1893939393939394,0.18181818181818182,0.18181818181818182,0.2222222222222222,0.5555555555555556,0.3333333333333333,0.5555555555555556,0.5833333333333334,0.0,0.42857142857142855,0.42857142857142855,0.5361111111111111,0.4390794900825033,0.3802469135802469,0.4727701976731995,NaN,NaN,NaN,NaN,2.7777777777777777,2.9059326290271157,2.0347222222222223,0.7380857828840918,3.0,0.2222222222222222,0.5268705653123854,2.0,5.0,1.2333333333333334,0.43018306715207627,0.0,0.0
848,1,12.0,21.0,1.75,0.1590909090909091,0.18181818181818182,0.2727272727272727,0.1111111111111111,0.5555555555555556,0.3333333333333333,0.6666666666666666,0.5833333333333334,0.0,0.42857142857142855,0.14285714285714285,0.6121212121212122,0.403679131413378,0.4666666666666667,0.45215533220835125,NaN,NaN,NaN,NaN,2.3333333333333335,1.7320508075688774,2.0803030303030305,0.801255901247377,3.3636363636363633,0.3333333333333333,0.7116172113502908,3.0,5.0,1.3666666666666667,0.5560534167675355,0.16666666666666666,0.0
849,1,12.0,30.0,2.5,0.22727272727272727,0.18181818181818182,0.09090909090909091,0.2222222222222222,0.4444444444444444,0.2222222222222222,0.5555555555555556,0.5833333333333334,0.0,0.2857142857142857,0.42857142857142855,0.5515873015873016,0.4049485574972509,0.33024691358024694,0.41537866770662873,NaN,NaN,NaN,NaN,3.3333333333333335,2.958039891549808,2.1329365079365084,0.8399832588895642,3.5,0.5555555555555556,0.6470997668598931,2.0,5.0,1.2,0.40583972495671394,0.0,0.0
85,1,12.0,17.0,1.4166666666666667,0.12878787878787878,0.18181818181818182,0.45454545454545453,0.2222222222222222,0.5555555555555556,0.3333333333333333,0.6666666666666666,0.5833333333333334,0.0,0.42857142857142855,0.2857142857142857,0.5077160493827161,0.42486784841235103,0.48148148148148157,0.43656204570838086,NaN,NaN,NaN,NaN,1.8888888888888888,1.1666666666666667,2.091666666666667,0.8262272781453751,3.5,0.2222222222222222,0.4866602873608218,2.0,5.0,1.2272727272727273,0.42893202722888857,0.0,0.0
850,1,12.0,26.0,2.1666666666666665,0.19696969696969696,0.18181818181818182,0.09090909090909091,0.1111111111111111,0.3333333333333333,0.2222222222222222,0.5555555555555556,0.5833333333333334,0.0,0.2857142857142857,0.42857142857142855,0.5964912280701754,0.36024081775228056,0.35353535353535354,0.4195492574545572,NaN,NaN,NaN,NaN,2.888888888888889,3.2188679859713276,2.2936507936507935,0.9183073153531897,3.2857142857142856,0.4444444444444444,0.9156502142433465,3.0,7.0,1.4634146341463414,0.5957164164100968,0.3333333333333333,0.0
851,1,12.0,25.0,2.0833333333333335,0.1893939393939394,0.18181818181818182,0.09090909090909091,0.3333333333333333,0.4444444444444444,0.3333333333333333,0.6666666666666666,0.5833333333333334,0.0,0.42857142857142855,0.42857142857142855,0.7857142857142857,0.23214285714285712,0.4851851851851852,0.44941663147014854,NaN,NaN,NaN,NaN,2.7777777777777777,2.1666666666666665,2.1458333333333335,0.8454609943275283,3.416666666666667,0.2222222222222222,0.5782116426566519,2.0,5.0,1.3333333333333333,0.47809144373375745,0.16666666666666666,0.0
852,1,12.0,14.0,1.1666666666666667,0.10606060606060606,0.18181818181818182,0.45454545454545453,0.2222222222222222,0.4444444444444444,0.3333333333333333,0.6666666666666666,0.5833333333333334,0.0,0.42857142857142855,0.42857142857142855,0.6944444444444444,0.3486083443891982,0.48148148148148145,0.4365620457083809,NaN,NaN,NaN,NaN,1.5555555555555556,0.7264831572567789,2.131944444444444,0.8464560204835184,3.5,0.5555555555555556,0.4612999230951801,3.0,4.0,1.5,0.659380473395787,0.0,0.0
853,1,12.0,28.0,2.3333333333333335,0.21212121212121213,0.18181818181818182,0.18181818181818182,0.1111111111111111,0.3333333333333333,0.2222222222222222,0.7777777777777778,0.5833333333333334,0.0,0.2857142857142857,0.42857142857142855,0.7174211248285322,0.20650841733593223,0.42328042328042326,0.39168797484695356,NaN,NaN,NaN,NaN,3.111111111111111,1.8333333333333333,2.2974206349206345,0.9214899295729739,3.333333333333333,0.5555555555555556,0.7735227715969984,3.0,6.0,1.4883720930232558,0.6680495071209637,0.0,0.0
854,1,12.0,21.0,1.75,0.1590909090909091,0.18181818181818182,0.09090909090909091,0.4444444444444444,0.3333333333333333,0.2222222222222222,0.4444444444444444,0.5833333333333334,0.0,0.2857142857142857,0.42857142857142855,0.3263888888888889,0.41195249861010813,0.2623456790123457,0.42652936319559337,NaN,NaN,NaN,NaN,2.3333333333333335,2.692582403567252,2.559294871794872,1.320979857776509,5.0,0.3333333333333333,0.8026541366016019,4.0,6.0,1.5161290322580645,0.7690239589651064,0.0,0.0
855,1,12.0,30.0,2.5,0.22727272727272727,0.18181818181818182,0.09090909090909091,0.4444444444444444,0.3333333333333333,0.2222222222222222,0.4444444444444444,0.5833333333333334,0.0,0.2857142857142857,0.42857142857142855,0.4600529100529101,0.34587334367722694,0.2666666666666667,0.4242640687119285,NaN,NaN,NaN,NaN,3.3333333333333335,3.0413812651491097,2.310267857142857,0.9278775270073265,3.2857142857142856,0.3333333333333333,0.7625366997778488,3.0,7.0,1.3863636363636365,0.5376914084676802,0.16666666666666666,0.0
856,1,12.0,19.0,1.5833333333333333,0.14393939393939395,0.18181818181818182,0.2727272727272727,0.2222222222222222,0.4444444444444444,0.3333333333333333,0.6666666666666666,0.5833333333333334,0.0,0.42857142857142855,0.14285714285714285,0.5761316872427983,0.369494849950054,0.4166666666666667,0.45261585380000896,NaN,NaN,NaN,NaN,2.111111111111111,1.8333333333333335,2.079761904761905,0.7548841175448451,3.0,0.3333333333333333,0.5455917579950883,2.0,5.0,1.3571428571428572,0.4879500364742666,0.0,0.0
857,1,12.0,24.0,2.0,0.18181818181818182,0.18181818181818182,0.18181818181818182,0.3333333333333333,0.3333333333333333,0.2222222222222222,0.5555555555555556,0.5833333333333334,0.0,0.2857142857142857,0.42857142857142855,0.5767195767195767,0.3233579172613232,0.3138888888888889,0.42114262561644256,NaN,NaN,NaN,NaN,2.6666666666666665,2.3979157616563596,2.3308760683760683,0.9762897166732811,3.75,0.4444444444444444,0.7966897836565193,3.0,5.0,1.5384615384615385,0.6426161105878412,0.16666666666666666,0.0
858,1,12.0,19.0,1.5833333333333333,0.14393939393939395,0.18181818181818182,0.2727272727272727,0.1111111111111111,0.4444444444444444,0.2222222222222222,0.7777777777777778,0.5833333333333334,0.0,0.2857142857142857,0.42857142857142855,0.6704545454545454,0.3303282239488326,0.4537037037037038,0.36588721867554147,NaN,NaN,NaN,NaN,2.111111111111111,1.2692955176439848,2.1194444444444445,0.7974021371617763,3.166666666666667,0.3333333333333333,0.6306550530768861,3.0,5.0,1.3793103448275863,0.5614899250748772,0.16666666666666666,0.0
859,1,12.0,20.0,1.6666666666666667,0.15151515151515152,0.18181818181818182,0.09090909090909091,0.2222222222222222,0.3333333333333333,0.2222222222222222,0.5555555555555556,0.5833333333333334,0.0,0.2857142857142857,0.42857142857142855,0.5714285714285714,0.44907943128238126,0.4074074074074074,0.4258252699098859,NaN,NaN,NaN,NaN,2.2222222222222223,1.922093765778466,2.152777777777778,0.8301707665796849,3.5,0.4444444444444444,0.5114907692398211,3.0,6.0,1.4545454545454546,0.6169941800226468,0.0,0.0
86,1,12.0,29.0,2.4166666666666665,0.2196969696969697,0.18181818181818182,0.09090909090909091,0.2222222222222222,0.4444444444444444,0.3333333333333333,0.7777777777777778,0.5833333333333334,0.0,0.42857142857142855,0.42857142857142855,0.7830246913580248,0.19291783879155777,0.4683501683501683,0.4272004858096637,NaN,NaN,NaN,NaN,3.2222222222222223,3.192874010111336,2.137962962962963,0.8345171165456744,3.333333333333333,0.4444444444444444,0.6140856602121642,3.0,5.0,1.2571428571428571,0.5054326709601878,0.0,0.0
860,1,12.0,26.0,2.1666666666666665,0.19696969696969696,0.18181818181818182,0.09090909090909091,0.3333333333333333,0.4444444444444444,0.3333333333333333,0.4444444444444444,0.5833333333333334,0.0,0.42857142857142855,0.42857142857142855,0.5470085470085471,0.46702578461761496,0.35353535353535354,0.48838671094806657,NaN,NaN,NaN,NaN,2.888888888888889,3.2574700476153438,2.1861111111111113,0.8572281302780884,3.166666666666667,0.2222222222222222,0.7030884249746494,2.0,5.0,1.25,0.43994134506405985,0.3333333333333333,0.0
861,1,12.0,29.0,2.4166666666666665,0.2196969696969697,0.18181818181818182,0.18181818181818182,0.1111111111111111,0.3333333333333333,0.2222222222222222,0.8888888888888888,0.5833333333333334,0.0,0.2857142857142857,0.42857142857142855,0.7689300411522633,0.16527655300349647,0.4666666666666667,0.35541446853560205,NaN,NaN,NaN,NaN,3.2222222222222223,2.8185890875479607,2.276388888888889,0.9183650473909383,3.666666666666667,0.5555555555555556,0.6915647737874832,3.0,6.0,1.3333333333333333,0.5773502691896257,0.0,0.0
862,1,12.0,16.0,1.3333333333333333,0.12121212121212122,0.18181818181818182,0.36363636363636365,0.2222222222222222,0.5555555555555556,0.3333333333333333,0.5555555555555556,0.5833333333333334,0.0,0.42857142857142855,0.2857142857142857,0.4861111111111111,0.4487637339278753,0.3888888888888889,0.4695594862326936,NaN,NaN,NaN,NaN,1.7777777777777777,1.3017082793177757,2.069444444444444,0.7960075038138434,3.333333333333333,0.2222222222222222,0.5008095298466126,3.0,5.0,1.434782608695652,0.66237087637185,0.0,0.0
863,1,12.0,21.0,1.75,0.1590909090909091,0.18181818181818182,0.18181818181818182,0.4444444444444444,0.4444444444444444,0.2222222222222222,0.2222222222222222,0.5833333333333334,0.0,0.2857142857142857,0.42857142857142855,0.4074074074074074,0.4654205368697063,0.2222222222222222,0.44095855184409843,NaN,NaN,NaN,NaN,2.3333333333333335,2.692582403567252,2.2328042328042326,0.9201206040443859,3.571428571428571,0.2222222222222222,0.5222956202856632,2.0,5.0,1.2857142857142858,0.4600437062282362,0.0,0.0
864,1,12.0,21.0,1.75,0.1590909090909091,0.18181818181818182,0.2727272727272727,0.1111111111111111,0.5555555555555556,0.3333333333333333,0.7777777777777778,0.5833333333333334,0.0,0.42857142857142855,0.42857142857142855,0.6319444444444444,0.33721695950497177,0.48888888888888893,0.41591599044892597,NaN,NaN,NaN,NaN,2.3333333333333335,1.5811388300841895,2.0073412698412696,0.719395473851278,3.25,0.4444444444444444,0.5091551159330217,3.0,4.0,1.3214285714285714,0.5479640045336466,0.0,0.0
865,1,12.0,29.0,2.4166666666666665,0.2196969696969697,0.18181818181818182,0.09090909090909091,0.2222222222222222,0.3333333333333333,0.2222222222222222,0.6666666666666666,0.5833333333333334,0.0,0.2857142857142857,0.42857142857142855,0.5650793650793651,0.3359316250211379,0.35555555555555557,0.39956573649122834,NaN,NaN,NaN,NaN,3.2222222222222223,2.1081851067789192,2.308006535947712,0.9397568796174474,3.5294117647058822,0.5555555555555556,0.7269054878116363,3.0,6.0,1.3953488372093024,0.5407021398022307,0.16666666666666666,0.0
866,1,12.0,29.0,2.4166666666666665,0.2196969696969697,0.18181818181818182,0.09090909090909091,0.1111111111111111,0.3333333333333333,0.2222222222222222,0.6666666666666666,0.5833333333333334,0.0,0.2857142857142857,0.42857142857142855,0.6507407407407407,0.33011688913751014,0.37575757575757573,0.40347150605507087,NaN,NaN,NaN,NaN,3.2222222222222223,3.270236145058097,2.251984126984127,0.8712439383648123,3.1904761904761907,0.2222222222222222,0.7992781768089344,3.0,6.0,1.3157894736842106,0.5253191132035963,0.16666666666666666,0.0
867,1,12.0,21.0,1.75,0.1590909090909091,0.18181818181818182,0.2727272727272727,0.1111111111111111,0.5555555555555556,0.4444444444444444,0.7777777777777778,0.5833333333333334,0.0,0.5714285714285714,0.2857142857142857,0.7513227513227513,0.3227730064708374,0.5231481481481481,0.46449976411640675,NaN,NaN,NaN,NaN,2.3333333333333335,2.3979157616563596,1.979292929292929,0.6832666992528817,3.0,0.3333333333333333,0.5398307163605025,2.0,4.0,1.173913043478261,0.3875533878815898,0.0,0.0
868,1,12.0,18.0,1.5,0.13636363636363635,0.18181818181818182,0.45454545454545453,0.1111111111111111,0.4444444444444444,0.3333333333333333,0.7777777777777778,0.5833333333333334,0.0,0.42857142857142855,0.42857142857142855,0.7,0.35000000000000003,0.5222222222222223,0.4085883557377088,NaN,NaN,NaN,NaN,2.0,1.224744871391589,2.0555555555555554,0.7498596950693924,3.333333333333333,0.5555555555555556,0.5379565413466338,3.0,4.0,1.3333333333333333,0.5646597025732799,0.0,0.0
869,1,12.0,24.0,2.0,0.18181818181818182,0.18181818181818182,0.09090909090909091,0.2222222222222222,0.4444444444444444,0.3333333333333333,0.6666666666666666,0.5833333333333334,0.0,0.42857142857142855,0.42857142857142855,0.6555555555555556,0.4134038918270821,0.46464646464646464,0.4535342286998717,NaN,NaN,NaN,NaN,2.6666666666666665,3.24037034920393,2.0722222222222224,0.7500617258550076,3.0,0.3333333333333333,0.6086715689967718,2.0,4.0,1.125,0.3378319623460881,0.0,0.0
87,1,12.0,34.0,2.8333333333333335,0.25757575757575757,0.18181818181818182,0.09090909090909091,0.1111111111111111,0.3333333333333333,0.2222222222222222,0.6666666666666666,0.5833333333333334,0.0,0.2857142857142857,0.42857142857142855,0.5123456790123457,0.3544010964630489,0.3737373737373737,0.4045057295215907,NaN,NaN,NaN,NaN,3.7777777777777777,4.206476488041321,2.143518518518518,0.8013941042259207,3.333333333333333,0.6666666666666666,0.6765459325802421,3.0,5.0,1.2105263157894737,0.4740791778345997,0.16666666666666666,0.0
870,1,12.0,16.0,1.3333333333333333,0.12121212121212122,0.18181818181818182,0.36363636363636365,0.2222222222222222,0.6666666666666666,0.4444444444444444,0.6666666666666666,0.5833333333333334,0.0,0.5714285714285714,0.2857142857142857,0.6851851851851852,0.4285346839039309,0.537037037037037,0.46976484792466006,NaN,NaN,NaN,NaN,1.7777777777777777,1.6414763002993507,1.9722222222222223,0.7029279793177563,3.0,0.1111111111111111,0.47140452079103173,2.0,4.0,1.1578947368421053,0.3746343246326776,0.0,0.0
871,1,12.0,20.0,1.6666666666666667,0.15151515151515152,0.18181818181818182,0.18181818181818182,0.2222222222222222,0.4444444444444444,0.3333333333333333,0.6666666666666666,0.5833333333333334,0.0,0.42857142857142855,0.2857142857142857,0.6597222222222222,0.30113896928070344,0.4768518518518518,0.45601264331616675,NaN,NaN,NaN,NaN,2.2222222222222223,2.279132388529557,2.2067307692307687,0.9063745859326073,3.5,0.5555555555555556,0.672126441545037,3.0,6.0,1.5,0.609449400220044,0.0,0.0
872,1,12.0,18.0,1.5,0.13636363636363635,0.18181818181818182,0.36363636363636365,0.1111111111111111,0.5555555555555556,0.3333333333333333,0.7777777777777778,0.5833333333333334,0.0,0.42857142857142855,0.42857142857142855,0.7175925925925927,0.3552543211785739,0.4907407407407407,0.4134132240593672,NaN,NaN,NaN,NaN,2.0,1.118033988749895,2.0500000000000003,0.758587203592669,3.0,0.1111111111111111,0.46526399843023974,2.0,4.0,1.3571428571428572,0.4879500364742666,0.0,0.0
873,1,12.0,22.0,1.8333333333333333,0.16666666666666666,0.18181818181818182,0.18181818181818182,0.2222222222222222,0.3333333333333333,0.2222222222222222,0.5555555555555556,0.5833333333333334,0.0,0.2857142857142857,0.42857142857142855,0.6814814814814816,0.3131875153212312,0.3657407407407407,0.43390275977259196,NaN,NaN,NaN,NaN,2.4444444444444446,2.242270674512285,2.4446924603174605,1.0811461514377887,3.857142857142857,0.4444444444444444,0.8536457407015737,3.0,6.0,1.6590909090909092,0.7134319875402743,0.3333333333333333,0.0
874,1,12.0,26.0,2.1666666666666665,0.19696969696969696,0.18181818181818182,0.09090909090909091,0.2222222222222222,0.5555555555555556,0.3333333333333333,0.5555555555555556,0.5833333333333334,0.0,0.42857142857142855,0.42857142857142855,0.653968253968254,0.41302318570201074,0.40909090909090906,0.4712827580301755,NaN,NaN,NaN,NaN,2.888888888888889,3.6209268304000717,2.0523809523809526,0.7698476666252143,3.2,0.3333333333333333,0.527186483795836,2.0,5.0,1.1935483870967742,0.40160966445124946,0.0,0.0
875,1,12.0,20.0,1.6666666666666667,0.15151515151515152,0.18181818181818182,0.36363636363636365,0.3333333333333333,0.3333333333333333,0.2222222222222222,0.5555555555555556,0.5833333333333334,0.0,0.2857142857142857,0.2857142857142857,0.5690235690235692,0.3238236384224332,0.3462962962962963,0.4283185614976974,NaN,NaN,NaN,NaN,2.2222222222222223,1.563471919941143,2.4694444444444446,1.1815465240743543,4.333333333333334,0.5555555555555556,0.7561908234060427,4.0,6.0,1.775,0.8619447302169194,0.16666666666666666,0.0
876,1,12.0,25.0,2.0833333333333335,0.1893939393939394,0.18181818181818182,0.09090909090909091,0.3333333333333333,0.4444444444444444,0.2222222222222222,0.5555555555555556,0.5833333333333334,0.0,0.2857142857142857,0.42857142857142855,0.6366666666666667,0.31240998703626616,0.35555555555555557,0.41866188956934897,NaN,NaN,NaN,NaN,2.7777777777777777,1.922093765778466,2.2270833333333333,0.932366416082424,3.666666666666667,0.4444444444444444,0.4749371303422989,3.0,5.0,1.394736842105263,0.5472028965176681,0.0,0.0
877,1,12.0,21.0,1.75,0.1590909090909091,0.18181818181818182,0.09090909090909091,0.2222222222222222,0.5555555555555556,0.3333333333333333,0.5555555555555556,0.5833333333333334,0.0,0.42857142857142855,0.42857142857142855,0.5111111111111111,0.43357365131095205,0.39057239057239057,0.4705379676303885,NaN,NaN,NaN,NaN,2.3333333333333335,3.3166247903553994,2.125,0.856127645538062,3.5,0.1111111111111111,0.7629828681843761,3.0,6.0,1.4375,0.564400909900732,0.0,0.0
878,1,12.0,13.0,1.0833333333333333,0.09848484848484848,0.18181818181818182,0.6363636363636364,0.1111111111111111,0.6666666666666666,0.3333333333333333,0.5555555555555556,0.5833333333333334,0.0,0.42857142857142855,0.14285714285714285,0.5,0.4330127018922193,0.4444444444444444,0.4639803635691685,NaN,NaN,NaN,NaN,1.4444444444444444,0.7264831572567789,1.9583333333333333,0.6894771844512245,3.0,0.1111111111111111,0.45643546458763845,2.0,3.0,1.2,0.41403933560541256,0.0,0.0
879,1,12.0,23.0,1.9166666666666667,0.17424242424242425,0.18181818181818182,0.09090909090909091,0.2222222222222222,0.4444444444444444,0.3333333333333333,0.6666666666666666,0.5833333333333334,0.0,0.42857142857142855,0.2857142857142857,0.7142857142857143,0.29817284784815257,0.49074074074074076,0.44574462599670034,NaN,NaN,NaN,NaN,2.5555555555555554,2.0069324297987157,2.119949494949495,0.8119972956871497,3.2727272727272725,0.3333333333333333,0.5643277679635474,2.0,5.0,1.2413793103448276,0.4354941703556927,0.0,0.0
88,1,12.0,34.0,2.8333333333333335,0.25757575757575757,0.18181818181818182,0.09090909090909091,0.1111111111111111,0.4444444444444444,0.2222222222222222,0.6666666666666666,0.5833333333333334,0.0,0.2857142857142857,0.42857142857142855,0.4892756680731364,0.36703896858717294,0.3381032547699214,0.40759649659281383,NaN,NaN,NaN,NaN,3.7777777777777777,3.7675515184857717,2.0787037037037037,0.7578464723940889,3.0,0.3333333333333333,0.5965951859453245,2.0,5.0,1.1794871794871795,0.3887764119844716,0.16666666666666666,0.0
880,1,12.0,18.0,1.5,0.13636363636363635,0.18181818181818182,0.18181818181818182,0.3333333333333333,0.5555555555555556,0.3333333333333333,0.4444444444444444,0.5833333333333334,0.0,0.42857142857142855,0.42857142857142855,0.6349206349206349,0.4850368758919848,0.3888888888888889,0.4859126579037751,NaN,NaN,NaN,NaN,2.0,2.0,2.0729166666666665,0.8020894824636388,3.375,0.2222222222222222,0.3515982416472127,2.0,5.0,1.25,0.4423258684646914,0.0,0.0
881,1,12.0,28.0,2.3333333333333335,0.21212121212121213,0.18181818181818182,0.09090909090909091,0.1111111111111111,0.5555555555555556,0.3333333333333333,0.7777777777777778,0.5833333333333334,0.0,0.42857142857142855,0.42857142857142855,0.6191358024691358,0.3522974760906015,0.4831649831649832,0.4189636715830094,NaN,NaN,NaN,NaN,3.111111111111111,3.3706247360261146,1.9773576097105507,0.6815550588938167,3.0,0.3333333333333333,0.50491375711524,2.0,5.0,1.2058823529411764,0.41042563012190475,0.0,0.0
882,1,12.0,29.0,2.4166666666666665,0.2196969696969697,0.18181818181818182,0.18181818181818182,0.1111111111111111,0.4444444444444444,0.2222222222222222,0.6666666666666666,0.5833333333333334,0.0,0.2857142857142857,0.42857142857142855,0.5159143518518517,0.3718409975766267,0.3765432098765432,0.40968952579310786,NaN,NaN,NaN,NaN,3.2222222222222223,2.6822461565718467,2.079563492063492,0.7766832806908975,3.25,0.5555555555555556,0.5161592402039776,2.0,5.0,1.2432432432432432,0.43495883620083997,0.0,0.0
883,1,12.0,17.0,1.4166666666666667,0.12878787878787878,0.18181818181818182,0.2727272727272727,0.4444444444444444,0.3333333333333333,0.2222222222222222,0.3333333333333333,0.5833333333333334,0.0,0.2857142857142857,0.42857142857142855,0.3037037037037037,0.42440953899520617,0.2592592592592593,0.43390275977259196,NaN,NaN,NaN,NaN,1.8888888888888888,1.6914819275153696,2.2708333333333335,0.9502292386895944,4.0,0.2222222222222222,0.5712151649824104,3.0,5.0,1.375,0.5757792451369143,0.0,0.0
884,1,12.0,26.0,2.1666666666666665,0.19696969696969696,0.18181818181818182,0.09090909090909091,0.3333333333333333,0.4444444444444444,0.3333333333333333,0.6666666666666666,0.5833333333333334,0.0,0.42857142857142855,0.42857142857142855,0.7638888888888888,0.23753654689565373,0.4313131313131313,0.4539794455770304,NaN,NaN,NaN,NaN,2.888888888888889,3.2956199888808646,2.1666666666666665,0.8348471099367218,3.0,0.0,0.7316998123442532,2.0,6.0,1.3333333333333333,0.4780914437337575,0.16666666666666666,0.0
885,1,12.0,21.0,1.75,0.1590909090909091,0.18181818181818182,0.2727272727272727,0.2222222222222222,0.4444444444444444,0.2222222222222222,0.5555555555555556,0.5833333333333334,0.0,0.2857142857142857,0.42857142857142855,0.5324074074074074,0.3800457859031147,0.3333333333333333,0.41457809879442503,NaN,NaN,NaN,NaN,2.3333333333333335,1.5811388300841898,2.194444444444444,0.9530210691528064,4.0,0.4444444444444444,0.522509208546484,3.0,6.0,1.5945945945945945,0.7249313936680667,0.0,0.0
886,1,12.0,16.0,1.3333333333333333,0.12121212121212122,0.18181818181818182,0.2727272727272727,0.4444444444444444,0.4444444444444444,0.2222222222222222,0.5555555555555556,0.5833333333333334,0.0,0.2857142857142857,0.14285714285714285,0.6666666666666666,0.2165063509461097,0.3888888888888889,0.4166666666666667,NaN,NaN,NaN,NaN,1.7777777777777777,1.3017082793177757,2.1909722222222223,0.8866394557038246,3.625,0.2222222222222222,0.32461471107783785,3.0,4.0,1.4230769230769231,0.5777942140988899,0.0,0.0
887,1,12.0,18.0,1.5,0.13636363636363635,0.18181818181818182,0.09090909090909091,0.2222222222222222,0.5555555555555556,0.3333333333333333,0.5555555555555556,0.5833333333333334,0.0,0.42857142857142855,0.2857142857142857,0.5763888888888888,0.46538141466018074,0.41358024691358025,0.4690342645153311,NaN,NaN,NaN,NaN,2.0,2.6457513110645907,2.048611111111111,0.7624872356385938,3.083333333333333,0.2222222222222222,0.5361817996676536,2.0,4.0,1.2272727272727273,0.42893202722888857,0.0,0.0
888,1,12.0,27.0,2.25,0.20454545454545456,0.18181818181818182,0.09090909090909091,0.2222222222222222,0.3333333333333333,0.2222222222222222,0.6666666666666666,0.5833333333333334,0.0,0.2857142857142857,0.42857142857142855,0.7471707818930041,0.18156464288351934,0.3935185185185185,0.4151593104898646,NaN,NaN,NaN,NaN,3.0,2.23606797749979,2.3990079365079366,1.0374434281235405,3.666666666666667,0.5555555555555556,0.819331878434504,4.0,7.0,1.6274509803921569,0.7200217861627658,0.16666666666666666,0.0
889,1,12.0,19.0,1.5833333333333333,0.14393939393939395,0.18181818181818182,0.36363636363636365,0.2222222222222222,0.4444444444444444,0.3333333333333333,0.6666666666666666,0.5833333333333334,0.0,0.42857142857142855,0.2857142857142857,0.6851851851851852,0.24216105241892633,0.44814814814814813,0.4463155059643318,NaN,NaN,NaN,NaN,2.111111111111111,1.2692955176439846,2.129166666666667,0.8119724394486812,3.25,0.3333333333333333,0.6620343447920285,3.0,5.0,1.4137931034482758,0.5680317759792735,0.16666666666666666,0.0
89,1,12.0,33.0,2.75,0.25,0.18181818181818182,0.09090909090909091,0.1111111111111111,0.5555555555555556,0.3333333333333333,0.7777777777777778,0.5833333333333334,0.0,0.42857142857142855,0.42857142857142855,0.690576652601969,0.3174481186083419,0.489337822671156,0.42240043575677727,NaN,NaN,NaN,NaN,3.6666666666666665,3.774917217635375,2.0395833333333333,0.7465992155154634,3.111111111111111,0.4444444444444444,0.6137282662903905,2.0,6.0,1.2619047619047619,0.44500061986933037,0.16666666666666666,0.0
890,1,12.0,20.0,1.6666666666666667,0.15151515151515152,0.18181818181818182,0.18181818181818182,0.2222222222222222,0.5555555555555556,0.3333333333333333,0.5555555555555556,0.5833333333333334,0.0,0.42857142857142855,0.42857142857142855,0.6825396825396826,0.42873674060402633,0.4166666666666667,0.46770717334674267,NaN,NaN,NaN,NaN,2.2222222222222223,2.279132388529557,2.0833333333333335,0.8211226608993472,3.5,0.2222222222222222,0.5250313273861306,2.0,4.0,1.25,0.4423258684646914,0.0,0.0
891,1,12.0,18.0,1.5,0.13636363636363635,0.18181818181818182,0.36363636363636365,0.3333333333333333,0.4444444444444444,0.2222222222222222,0.4444444444444444,0.5833333333333334,0.0,0.2857142857142857,0.42857142857142855,0.3148148148148148,0.42853468390393096,0.3055555555555556,0.42898458920779164,NaN,NaN,NaN,NaN,2.0,1.3228756555322954,2.2305555555555556,0.9885667958030504,4.0,0.3333333333333333,0.5285597921571956,3.0,5.0,1.3478260869565217,0.5727680517510726,0.0,0.0
892,1,12.0,16.0,1.3333333333333333,0.12121212121212122,0.18181818181818182,0.45454545454545453,0.1111111111111111,0.7777777777777778,0.5555555555555556,0.7777777777777778,0.5833333333333334,0.0,0.7142857142857143,0.14285714285714285,0.7777777777777778,0.33333333333333337,0.6851851851851851,0.42853468390393096,NaN,NaN,NaN,NaN,1.7777777777777777,1.2018504251546631,1.8888888888888886,0.6249579110407281,3.0,0.1111111111111111,0.268741924943285,2.0,3.0,1.1578947368421053,0.3746343246326776,0.0,0.0
893,1,12.0,19.0,1.5833333333333333,0.14393939393939395,0.18181818181818182,0.18181818181818182,0.3333333333333333,0.4444444444444444,0.2222222222222222,0.4444444444444444,0.5833333333333334,0.0,0.2857142857142857,0.42857142857142855,0.4736842105263158,0.4610898807351377,0.26296296296296295,0.42506353918641265,NaN,NaN,NaN,NaN,2.111111111111111,1.964971020425266,2.3087962962962965,1.013454544665918,3.75,0.3333333333333333,0.768237342583961,4.0,5.0,1.6363636363636365,0.7833494518006402,0.16666666666666666,0.0
894,1,12.0,13.0,1.0833333333333333,0.09848484848484848,0.18181818181818182,0.5454545454545454,0.1111111111111111,0.6666666666666666,0.2222222222222222,0.6666666666666666,0.5833333333333334,0.0,0.2857142857142857,0.14285714285714285,0.5833333333333334,0.39528470752104744,0.4444444444444444,0.39086797998528583,NaN,NaN,NaN,NaN,1.4444444444444444,0.5270462766947299,1.9305555555555554,0.6492354996507307,3.0,0.2222222222222222,0.29538231539940274,2.0,3.0,1.2352941176470589,0.4372373160976031,0.0,0.0
895,1,12.0,15.0,1.25,0.11363636363636363,0.18181818181818182,0.45454545454545453,0.4444444444444444,0.4444444444444444,0.3333333333333333,0.4444444444444444,0.5833333333333334,0.0,0.42857142857142855,0.2857142857142857,0.6527777777777778,0.3294039229342062,0.35555555555555557,0.4876246279442597,NaN,NaN,NaN,NaN,1.6666666666666667,1.3228756555322951,2.222222222222222,0.9463735497270069,4.0,0.1111111111111111,0.4691543670326645,3.0,5.0,1.6333333333333333,0.6686751354593717,0.0,0.0
896,1,12.0,21.0,1.75,0.1590909090909091,0.18181818181818182,0.18181818181818182,0.2222222222222222,0.5555555555555556,0.3333333333333333,0.5555555555555556,0.5833333333333334,0.0,0.42857142857142855,0.42857142857142855,0.5873015873015873,0.43305361196854397,0.375,0.4759858191164943,NaN,NaN,NaN,NaN,2.3333333333333335,2.3979157616563596,2.047979797979798,0.7633617431486656,3.166666666666667,0.3333333333333333,0.48338184560242703,2.0,5.0,1.3103448275862069,0.4708236154307584,0.0,0.0
897,1,12.0,29.0,2.4166666666666665,0.2196969696969697,0.18181818181818182,0.09090909090909091,0.3333333333333333,0.3333333333333333,0.2222222222222222,0.5555555555555556,0.5833333333333334,0.0,0.2857142857142857,0.42857142857142855,0.4115646258503401,0.36771766829968666,0.28611111111111115,0.4155401438021495,NaN,NaN,NaN,NaN,3.2222222222222223,2.8625940062196116,2.2305555555555556,0.8630996914847539,3.333333333333333,0.3333333333333333,0.6688367799431393,3.0,7.0,1.3333333333333333,0.5298129428260174,0.0,0.0
898,1,12.0,16.0,1.3333333333333333,0.12121212121212122,0.18181818181818182,0.36363636363636365,0.2222222222222222,0.4444444444444444,0.3333333333333333,0.6666666666666666,0.5833333333333334,0.0,0.42857142857142855,0.14285714285714285,0.7440476190476191,0.24581964103457507,0.5,0.4330127018922193,NaN,NaN,NaN,NaN,1.7777777777777777,0.9718253158075502,2.1666666666666665,0.8468599159080072,3.333333333333333,0.2222222222222222,0.6146362971528593,3.0,4.0,1.4444444444444444,0.5773502691896257,0.16666666666666666,0.0
899,1,12.0,17.0,1.4166666666666667,0.12878787878787878,0.18181818181818182,0.2727272727272727,0.4444444444444444,0.4444444444444444,0.3333333333333333,0.4444444444444444,0.5833333333333334,0.0,0.42857142857142855,0.42857142857142855,0.7291666666666666,0.34232659844072877,0.35555555555555557,0.4876246279442597,NaN,NaN,NaN,NaN,1.8888888888888888,1.536590742882148,2.263888888888889,0.9884646121952417,3.833333333333333,0.3333333333333333,0.5713045500334204,3.0,6.0,1.5862068965517242,0.7327658649308672,0.0,0.0
9,1,12.0,28.0,2.3333333333333335,0.21212121212121213,0.18181818181818182,0.09090909090909091,0.2222222222222222,0.4444444444444444,0.3333333333333333,0.6666666666666666,0.5833333333333334,0.0,0.42857142857142855,0.42857142857142855,0.6728395061728396,0.32327944907585354,0.4127946127946128,0.45422659972480856,NaN,NaN,NaN,NaN,3.111111111111111,3.257470047615344,2.175892857142857,0.8533317940532362,3.2857142857142856,0.4444444444444444,0.7235803525642442,3.0,6.0,1.4680851063829787,0.5457768229098153,0.16666666666666666,0.0
90,1,12.0,18.0,1.5,0.13636363636363635,0.18181818181818182,0.2727272727272727,0.3333333333333333,0.5555555555555556,0.3333333333333333,0.4444444444444444,0.5833333333333334,0.0,0.42857142857142855,0.42857142857142855,0.5333333333333334,0.40688518719112343,0.3703703703703704,0.48432210483785265,NaN,NaN,NaN,NaN,2.0,1.6583123951777,2.052777777777778,0.7843749790400684,3.3,0.2222222222222222,0.3626788492763512,2.0,4.0,1.3703703703703705,0.49210287762341137,0.0,0.0
900,1,12.0,22.0,1.8333333333333333,0.16666666666666666,0.18181818181818182,0.09090909090909091,0.4444444444444444,0.4444444444444444,0.2222222222222222,0.3333333333333333,0.5833333333333334,0.0,0.2857142857142857,0.42857142857142855,0.41111111111111115,0.4321297387488057,0.2424242424242424,0.4336087279167935,NaN,NaN,NaN,NaN,2.4444444444444446,3.2829526005987018,2.3452380952380953,1.0819112020416821,4.0,0.1111111111111111,0.8136784507754244,4.0,5.0,1.4666666666666666,0.7760791522613609,0.0,0.0
901,1,12.0,16.0,1.3333333333333333,0.12121212121212122,0.18181818181818182,0.2727272727272727,0.3333333333333333,0.4444444444444444,0.3333333333333333,0.5555555555555556,0.5833333333333334,0.0,0.42857142857142855,0.42857142857142855,0.7777777777777778,0.3666666666666667,0.41111111111111115,0.4702245326555295,NaN,NaN,NaN,NaN,1.7777777777777777,1.5634719199411429,2.236111111111111,0.9546757166209497,4.0,0.1111111111111111,0.6560791223738299,3.0,4.0,1.3333333333333333,0.5773502691896257,0.16666666666666666,0.0
902,1,12.0,21.0,1.75,0.1590909090909091,0.18181818181818182,0.2727272727272727,0.4444444444444444,0.3333333333333333,0.2222222222222222,0.4444444444444444,0.5833333333333334,0.0,0.2857142857142857,0.42857142857142855,0.5179012345679012,0.4136723685868274,0.34074074074074073,0.4415181441401228,NaN,NaN,NaN,NaN,2.3333333333333335,1.5,2.2575396825396825,0.900835541359299,3.4,0.4444444444444444,0.5460380411491788,3.0,5.0,1.4857142857142858,0.6122008787696948,0.0,0.0
903,1,12.0,19.0,1.5833333333333333,0.14393939393939395,0.18181818181818182,0.18181818181818182,0.1111111111111111,0.4444444444444444,0.3333333333333333,0.5555555555555556,0.5833333333333334,0.0,0.42857142857142855,0.2857142857142857,0.6555555555555556,0.3532832118538578,0.4629629629629629,0.4697648479246601,NaN,NaN,NaN,NaN,2.111111111111111,1.3642254619787417,2.1921296296296298,0.8938826215113648,3.5555555555555554,0.3333333333333333,0.7076681188849575,3.0,5.0,1.4545454545454546,0.5640760748177663,0.16666666666666666,0.0
904,1,12.0,29.0,2.4166666666666665,0.2196969696969697,0.18181818181818182,0.18181818181818182,0.1111111111111111,0.4444444444444444,0.2222222222222222,0.7777777777777778,0.5833333333333334,0.0,0.2857142857142857,0.42857142857142855,0.5825429087624209,0.3209294153168296,0.412037037037037,0.39880705598225635,NaN,NaN,NaN,NaN,3.2222222222222223,2.4381231397212986,2.109027777777778,0.7952943862334316,3.2,0.5555555555555556,0.582683927752127,3.0,5.0,1.3333333333333333,0.5773502691896257,0.16666666666666666,0.0
905,1,12.0,20.0,1.6666666666666667,0.15151515151515152,0.18181818181818182,0.36363636363636365,0.1111111111111111,0.4444444444444444,0.2222222222222222,0.7777777777777778,0.5833333333333334,0.0,0.2857142857142857,0.42857142857142855,0.7006172839506173,0.3184700652207378,0.48148148148148157,0.367465459870082,NaN,NaN,NaN,NaN,2.2222222222222223,1.0929064207170003,2.091666666666667,0.7864862402233149,3.25,0.4444444444444444,0.45552167895721496,3.0,4.0,1.3448275862068966,0.5526470114022356,0.0,0.0
906,1,12.0,16.0,1.3333333333333333,0.12121212121212122,0.18181818181818182,0.2727272727272727,0.3333333333333333,0.3333333333333333,0.2222222222222222,0.4444444444444444,0.5833333333333334,0.0,0.2857142857142857,0.2857142857142857,0.5,0.4330127018922193,0.3333333333333333,0.43301270189221935,NaN,NaN,NaN,NaN,1.7777777777777777,1.3017082793177757,2.1666666666666665,0.8348471099367218,3.5,0.4444444444444444,0.45529294598825787,2.0,5.0,1.3846153846153846,0.4961389383568338,0.0,0.0
907,1,12.0,25.0,2.0833333333333335,0.1893939393939394,0.18181818181818182,0.09090909090909091,0.3333333333333333,0.3333333333333333,0.2222222222222222,0.6666666666666666,0.5833333333333334,0.0,0.2857142857142857,0.2857142857142857,0.7395404663923181,0.1819021252345041,0.42592592592592593,0.40061680838488767,NaN,NaN,NaN,NaN,2.7777777777777777,1.6414763002993509,2.342361111111111,1.0119477274215989,3.7857142857142856,0.6666666666666666,0.6021901558055024,3.0,5.0,1.4878048780487805,0.6372578449698442,0.0,0.0
908,1,12.0,29.0,2.4166666666666665,0.2196969696969697,0.18181818181818182,0.09090909090909091,0.2222222222222222,0.4444444444444444,0.2222222222222222,0.5555555555555556,0.5833333333333334,0.0,0.2857142857142857,0.42857142857142855,0.42673107890499196,0.39097618493330066,0.31385281385281383,0.42085236657808733,NaN,NaN,NaN,NaN,3.2222222222222223,3.562926387738658,2.1574074074074074,0.8524189299714007,3.5,0.3333333333333333,0.6430843186210432,3.0,5.0,1.25,0.5,0.16666666666666666,0.0
909,1,12.0,19.0,1.5833333333333333,0.14393939393939395,0.18181818181818182,0.09090909090909091,0.4444444444444444,0.4444444444444444,0.2222222222222222,0.4444444444444444,0.5833333333333334,0.0,0.2857142857142857,0.42857142857142855,0.5659722222222222,0.4009401927899527,0.3333333333333333,0.4330127018922194,NaN,NaN,NaN,NaN,2.111111111111111,1.7638342073763935,2.225,0.9323723407620916,3.6,0.3333333333333333,0.4311008619991084,3.0,5.0,1.4375,0.564400909900732,0.0,0.0
91,1,12.0,23.0,1.9166666666666667,0.17424242424242425,0.18181818181818182,0.09090909090909091,0.3333333333333333,0.3333333333333333,0.2222222222222222,0.5555555555555556,0.5833333333333334,0.0,0.2857142857142857,0.2857142857142857,0.5578703703703703,0.365590539950413,0.3465608465608465,0.4125839279546041,NaN,NaN,NaN,NaN,2.5555555555555554,2.3511226632776476,2.2411616161616164,0.89349473774054,3.5454545454545454,0.4444444444444444,0.6414366970374314,3.0,5.0,1.393939393939394,0.555618683282088,0.0,0.0
910,1,12.0,26.0,2.1666666666666665,0.19696969696969696,0.18181818181818182,0.2727272727272727,0.2222222222222222,0.3333333333333333,0.2222222222222222,0.7777777777777778,0.5833333333333334,0.0,0.2857142857142857,0.42857142857142855,0.7759934413580248,0.16865266794334063,0.44814814814814813,0.39470844060701277,NaN,NaN,NaN,NaN,2.888888888888889,1.5365907428821481,2.286111111111111,0.9262197345300933,3.5,0.5555555555555556,0.6589619686054546,3.0,7.0,1.5,0.6287677132370127,0.0,0.0
911,1,12.0,19.0,1.5833333333333333,0.14393939393939395,0.18181818181818182,0.2727272727272727,0.3333333333333333,0.4444444444444444,0.2222222222222222,0.4444444444444444,0.5833333333333334,0.0,0.2857142857142857,0.42857142857142855,0.3462962962962963,0.4122076217839623,0.29444444444444445,0.4245913067618999,NaN,NaN,NaN,NaN,2.111111111111111,1.536590742882148,2.2916666666666665,1.075730900224108,4.5,0.3333333333333333,0.898341551894183,3.0,5.0,1.4137931034482758,0.5680317759792736,0.0,0.0
912,1,12.0,17.0,1.4166666666666667,0.12878787878787878,0.18181818181818182,0.18181818181818182,0.2222222222222222,0.4444444444444444,0.3333333333333333,0.5555555555555556,0.5833333333333334,0.0,0.42857142857142855,0.2857142857142857,0.5555555555555556,0.4639803635691685,0.40476190476190477,0.47380354147934284,NaN,NaN,NaN,NaN,1.8888888888888888,1.9649710204252657,2.09375,0.7781187248742958,3.125,0.3333333333333333,0.5564420521069028,2.0,4.0,1.2380952380952381,0.4364357804719847,0.0,0.0
913,1,12.0,21.0,1.75,0.1590909090909091,0.18181818181818182,0.09090909090909091,0.1111111111111111,0.6666666666666666,0.4444444444444444,0.6666666666666666,0.5833333333333334,0.0,0.5714285714285714,0.42857142857142855,0.7333333333333333,0.4242640687119285,0.4788359788359789,0.4980751561502534,NaN,NaN,NaN,NaN,2.3333333333333335,2.3979157616563596,2.040719696969697,0.803697817906013,3.3636363636363633,0.2222222222222222,0.5550467670536297,3.0,4.0,1.3076923076923077,0.5491251783869153,0.0,0.0
914,1,12.0,24.0,2.0,0.18181818181818182,0.18181818181818182,0.09090909090909091,0.3333333333333333,0.3333333333333333,0.2222222222222222,0.5555555555555556,0.5833333333333334,0.0,0.2857142857142857,0.42857142857142855,0.5915404040404042,0.3081015061767084,0.3333333333333333,0.41457809879442503,NaN,NaN,NaN,NaN,2.6666666666666665,1.5811388300841898,2.4791666666666665,1.1732094674632723,4.333333333333334,0.4444444444444444,0.8373093553291634,4.0,6.0,1.7173913043478262,0.860569410416689,0.3333333333333333,0.0
915,1,12.0,34.0,2.8333333333333335,0.25757575757575757,0.18181818181818182,0.09090909090909091,0.1111111111111111,0.3333333333333333,0.2222222222222222,0.6666666666666666,0.5833333333333334,0.0,0.2857142857142857,0.42857142857142855,0.5555246913580247,0.3349538284829172,0.3627946127946127,0.4158125620106304,NaN,NaN,NaN,NaN,3.7777777777777777,3.192874010111336,2.2619047619047623,0.9147883719250011,3.5,0.4444444444444444,0.7314230297338379,3.0,7.0,1.3333333333333333,0.5640760748177662,0.0,0.0
916,1,12.0,25.0,2.0833333333333335,0.1893939393939394,0.18181818181818182,0.18181818181818182,0.2222222222222222,0.3333333333333333,0.2222222222222222,0.7777777777777778,0.5833333333333334,0.0,0.2857142857142857,0.42857142857142855,0.8003703703703704,0.1732487329153957,0.44814814814814813,0.369726291821663,NaN,NaN,NaN,NaN,2.7777777777777777,1.5634719199411433,2.364239926739927,1.0017456702866598,3.6923076923076925,0.4444444444444444,0.754209396514393,3.0,7.0,1.5333333333333334,0.6252272314199782,0.16666666666666666,0.0
917,1,12.0,14.0,1.1666666666666667,0.10606060606060606,0.18181818181818182,0.45454545454545453,0.2222222222222222,0.5555555555555556,0.4444444444444444,0.5555555555555556,0.5833333333333334,0.0,0.5714285714285714,0.2857142857142857,0.6666666666666666,0.4330127018922193,0.5,0.5,NaN,NaN,NaN,NaN,1.5555555555555556,0.881917103688197,2.034722222222222,0.7533245619405328,3.25,0.3333333333333333,0.5015619680701555,2.0,5.0,1.3157894736842106,0.47756693294091923,0.0,0.0
918,1,12.0,27.0,2.25,0.20454545454545456,0.18181818181818182,0.2727272727272727,0.1111111111111111,0.3333333333333333,0.2222222222222222,0.8888888888888888,0.5833333333333334,0.0,0.2857142857142857,0.42857142857142855,0.7612433862433862,0.1741883826653797,0.48809523809523814,0.3525498308324011,NaN,NaN,NaN,NaN,3.0,1.8708286933869707,2.1904761904761907,0.8363889557262044,3.333333333333333,0.5555555555555556,0.6778239569299492,3.0,5.0,1.2941176470588236,0.5239368319955838,0.0,0.0
919,1,12.0,30.0,2.5,0.22727272727272727,0.18181818181818182,0.18181818181818182,0.2222222222222222,0.3333333333333333,0.2222222222222222,0.6666666666666666,0.5833333333333334,0.0,0.2857142857142857,0.42857142857142855,0.5727513227513228,0.36189518923569225,0.3277777777777778,0.3969501787938185,NaN,NaN,NaN,NaN,3.3333333333333335,3.0413812651491097,2.1980769230769233,0.8278641579467674,3.0769230769230766,0.3333333333333333,0.7643391773408528,2.0,5.0,1.2,0.40583972495671394,0.16666666666666666,0.0
92,1,12.0,21.0,1.75,0.1590909090909091,0.18181818181818182,0.36363636363636365,0.2222222222222222,0.3333333333333333,0.2222222222222222,0.6666666666666666,0.5833333333333334,0.0,0.2857142857142857,0.2857142857142857,0.6458333333333334,0.2993772471499982,0.4074074074074074,0.40706530249313455,NaN,NaN,NaN,NaN,2.3333333333333335,1.224744871391589,2.236111111111111,0.8844856215986865,3.5,0.5555555555555556,0.5770110908308427,3.0,4.0,1.3666666666666667,0.5560534167675355,0.0,0.0
920,1,12.0,37.0,3.0833333333333335,0.2803030303030303,0.18181818181818182,0.09090909090909091,0.1111111111111111,0.4444444444444444,0.3333333333333333,0.7777777777777778,0.5833333333333334,0.0,0.42857142857142855,0.42857142857142855,0.6469184027777778,0.33377554488955513,0.4282267115600449,0.4379693937433418,NaN,NaN,NaN,NaN,4.111111111111111,3.723051317281446,2.149206349206349,0.8186456612919583,3.1,0.3333333333333333,0.7252504858176543,3.0,7.0,1.25,0.48823364593527946,0.0,0.0
921,1,12.0,25.0,2.0833333333333335,0.1893939393939394,0.18181818181818182,0.09090909090909091,0.3333333333333333,0.3333333333333333,0.2222222222222222,0.6666666666666666,0.5833333333333334,0.0,0.2857142857142857,0.42857142857142855,0.6787037037037037,0.21380770465046678,0.372053872053872,0.39677816851317893,NaN,NaN,NaN,NaN,2.7777777777777777,3.1928740101113355,2.2800438596491226,0.9193267893257893,3.4,0.4444444444444444,0.7322465085032109,3.0,6.0,1.435897435897436,0.5522619418008753,0.0,0.0
922,1,12.0,19.0,1.5833333333333333,0.14393939393939395,0.18181818181818182,0.18181818181818182,0.3333333333333333,0.5555555555555556,0.3333333333333333,0.5555555555555556,0.5833333333333334,0.0,0.42857142857142855,0.42857142857142855,0.6370370370370371,0.39031484600556215,0.4444444444444444,0.4714045207910317,NaN,NaN,NaN,NaN,2.111111111111111,1.3642254619787417,2.28125,1.1207305348825747,4.5,0.2222222222222222,0.6747725412730873,4.0,6.0,1.6363636363636365,0.8222751143238883,0.0,0.0
923,1,12.0,18.0,1.5,0.13636363636363635,0.18181818181818182,0.18181818181818182,0.3333333333333333,0.5555555555555556,0.2222222222222222,0.5555555555555556,0.5833333333333334,0.0,0.2857142857142857,0.2857142857142857,0.55,0.3950870157319777,0.3611111111111111,0.4166666666666667,NaN,NaN,NaN,NaN,2.0,1.5,2.061904761904762,0.7757773845646564,3.142857142857143,0.2222222222222222,0.34571251089512095,2.0,4.0,1.28,0.45825756949558405,0.0,0.0
924,1,12.0,31.0,2.5833333333333335,0.23484848484848486,0.18181818181818182,0.09090909090909091,0.1111111111111111,0.4444444444444444,0.3333333333333333,0.6666666666666666,0.5833333333333334,0.0,0.42857142857142855,0.2857142857142857,0.6817449860928121,0.3338355608103607,0.44983164983164986,0.4604842121305215,NaN,NaN,NaN,NaN,3.4444444444444446,3.5746017649212027,2.188573999100315,0.866489914684226,3.333333333333333,0.4444444444444444,0.7539361328854784,3.0,6.0,1.3,0.5163977794943222,0.3333333333333333,0.0
925,1,12.0,24.0,2.0,0.18181818181818182,0.18181818181818182,0.09090909090909091,0.3333333333333333,0.5555555555555556,0.3333333333333333,0.5555555555555556,0.5833333333333334,0.0,0.42857142857142855,0.42857142857142855,0.6973684210526315,0.32842063090391277,0.40909090909090906,0.4712827580301755,NaN,NaN,NaN,NaN,2.6666666666666665,3.278719262151,2.1209150326797386,0.8448489582242904,3.333333333333333,0.2222222222222222,0.6041237764098504,2.0,5.0,1.3428571428571427,0.4815939919779354,0.16666666666666666,0.0
926,1,12.0,24.0,2.0,0.18181818181818182,0.18181818181818182,0.09090909090909091,0.3333333333333333,0.4444444444444444,0.3333333333333333,0.5555555555555556,0.5833333333333334,0.0,0.42857142857142855,0.2857142857142857,0.6296296296296295,0.3888888888888889,0.37575757575757573,0.47464645389842225,NaN,NaN,NaN,NaN,2.6666666666666665,3.391164991562634,2.2083333333333335,0.8908201872772114,3.5,0.1111111111111111,0.8030738049717996,2.0,5.0,1.2758620689655173,0.454858826147342,0.16666666666666666,0.0
927,1,12.0,25.0,2.0833333333333335,0.1893939393939394,0.18181818181818182,0.09090909090909091,0.3333333333333333,0.4444444444444444,0.2222222222222222,0.5555555555555556,0.5833333333333334,0.0,0.2857142857142857,0.42857142857142855,0.4571428571428571,0.40046210552208766,0.3611111111111111,0.42491829279939874,NaN,NaN,NaN,NaN,2.7777777777777777,2.386303510546059,2.270517676767677,0.997615983799647,4.0,0.3333333333333333,0.7047464617683169,3.0,6.0,1.3235294117647058,0.5348796656113336,0.0,0.0
928,1,12.0,26.0,2.1666666666666665,0.19696969696969696,0.18181818181818182,0.2727272727272727,0.2222222222222222,0.3333333333333333,0.2222222222222222,0.7777777777777778,0.5833333333333334,0.0,0.2857142857142857,0.2857142857142857,0.7414094650205761,0.16313764954566326,0.4388888888888889,0.383152131085755,NaN,NaN,NaN,NaN,2.888888888888889,1.5365907428821477,2.254166666666667,0.8865685466329086,3.5,0.4444444444444444,0.7125664611378096,3.0,6.0,1.4,0.5453768398418632,0.16666666666666666,0.0
929,1,12.0,25.0,2.0833333333333335,0.1893939393939394,0.18181818181818182,0.18181818181818182,0.3333333333333333,0.3333333333333333,0.2222222222222222,0.5555555555555556,0.5833333333333334,0.0,0.2857142857142857,0.2857142857142857,0.6878306878306879,0.2179358251240763,0.3462962962962963,0.4283185614976974,NaN,NaN,NaN,NaN,2.7777777777777777,2.3863035105460586,2.3613816738816737,0.9834632302201516,3.571428571428571,0.4444444444444444,0.822519373673936,3.0,6.0,1.5121951219512195,0.6372578449698441,0.0,0.0
93,1,12.0,21.0,1.75,0.1590909090909091,0.18181818181818182,0.2727272727272727,0.2222222222222222,0.3333333333333333,0.2222222222222222,0.5555555555555556,0.5833333333333334,0.0,0.2857142857142857,0.2857142857142857,0.41435185185185186,0.40456976843415304,0.3462962962962963,0.42831856149769737,NaN,NaN,NaN,NaN,2.3333333333333335,1.414213562373095,2.1408730158730163,0.8178498700555248,3.5,0.5555555555555556,0.6438390083012222,3.0,4.0,1.3333333333333333,0.5547001962252291,0.0,0.0
930,1,12.0,19.0,1.5833333333333333,0.14393939393939395,0.18181818181818182,0.2727272727272727,0.2222222222222222,0.5555555555555556,0.4444444444444444,0.6666666666666666,0.5833333333333334,0.0,0.5714285714285714,0.2857142857142857,0.7839506172839505,0.21675370205036343,0.5407407407407407,0.4812535072823937,NaN,NaN,NaN,NaN,2.111111111111111,1.536590742882148,2.2275883838383836,0.9876132763119363,3.75,0.4444444444444444,0.7856166363568762,4.0,5.0,1.6666666666666667,0.8164965809277259,0.16666666666666666,0.0
931,1,12.0,25.0,2.0833333333333335,0.1893939393939394,0.18181818181818182,0.09090909090909091,0.2222222222222222,0.3333333333333333,0.2222222222222222,0.6666666666666666,0.5833333333333334,0.0,0.2857142857142857,0.2857142857142857,0.48888888888888893,0.3568039066178757,0.3627946127946128,0.39876208174418415,NaN,NaN,NaN,NaN,2.7777777777777777,3.270236145058097,2.144791666666667,0.7843544380378662,3.0,0.4444444444444444,0.688564705867696,2.0,7.0,1.368421052631579,0.4888515295293514,0.0,0.0
932,1,12.0,25.0,2.0833333333333335,0.1893939393939394,0.18181818181818182,0.18181818181818182,0.2222222222222222,0.5555555555555556,0.3333333333333333,0.5555555555555556,0.5833333333333334,0.0,0.42857142857142855,0.42857142857142855,0.5215419501133787,0.4168072093946105,0.375,0.4759858191164943,NaN,NaN,NaN,NaN,2.7777777777777777,2.8625940062196116,2.0416666666666665,0.7573378414291775,3.2,0.3333333333333333,0.4662974730076642,2.0,5.0,1.25,0.43994134506405985,0.0,0.0
933,1,12.0,18.0,1.5,0.13636363636363635,0.18181818181818182,0.18181818181818182,0.4444444444444444,0.4444444444444444,0.2222222222222222,0.2222222222222222,0.5833333333333334,0.0,0.2857142857142857,0.2857142857142857,0.25396825396825395,0.4331763190157203,0.2222222222222222,0.44095855184409843,NaN,NaN,NaN,NaN,2.0,2.1213203435596424,2.223214285714286,0.9048064041232722,3.428571428571429,0.2222222222222222,0.5351498738562205,2.0,5.0,1.28,0.4582575694955841,0.0,0.0
934,1,12.0,16.0,1.3333333333333333,0.12121212121212122,0.18181818181818182,0.45454545454545453,0.3333333333333333,0.4444444444444444,0.3333333333333333,0.5555555555555556,0.5833333333333334,0.0,0.42857142857142855,0.2857142857142857,0.7111111111111111,0.3756475889861548,0.41111111111111115,0.4702245326555295,NaN,NaN,NaN,NaN,1.7777777777777777,1.5634719199411429,2.180555555555556,0.8571102887832155,3.333333333333333,0.2222222222222222,0.6789663985576683,3.0,5.0,1.4166666666666667,0.5835920751217648,0.16666666666666666,0.0
935,1,12.0,13.0,1.0833333333333333,0.09848484848484848,0.18181818181818182,0.36363636363636365,0.2222222222222222,0.6666666666666666,0.4444444444444444,0.5555555555555556,0.5833333333333334,0.0,0.5714285714285714,0.42857142857142855,0.6481481481481481,0.4444444444444444,0.5,0.5,NaN,NaN,NaN,NaN,1.4444444444444444,0.7264831572567789,1.9583333333333333,0.6894771844512245,3.0,0.1111111111111111,0.32025630761017426,2.0,3.0,1.25,0.4472135954999579,0.0,0.0
936,1,12.0,31.0,2.5833333333333335,0.23484848484848486,0.18181818181818182,0.09090909090909091,0.1111111111111111,0.5555555555555556,0.3333333333333333,0.5555555555555556,0.5833333333333334,0.0,0.42857142857142855,0.42857142857142855,0.5786666666666667,0.3968513575635089,0.40909090909090906,0.4712827580301755,NaN,NaN,NaN,NaN,3.4444444444444446,3.4681086744474685,2.0364583333333335,0.7454684755950856,3.0,0.2222222222222222,0.5460174728387007,2.0,5.0,1.2162162162162162,0.41734179538380073,0.0,0.0
937,1,12.0,28.0,2.3333333333333335,0.21212121212121213,0.18181818181818182,0.09090909090909091,0.1111111111111111,0.4444444444444444,0.3333333333333333,0.5555555555555556,0.5833333333333334,0.0,0.42857142857142855,0.42857142857142855,0.70679012345679,0.2562550654610324,0.4351851851851852,0.47466687473986285,NaN,NaN,NaN,NaN,3.111111111111111,2.472066162365221,2.1808035714285716,0.8824073966482572,3.5,0.4444444444444444,0.6010427710832381,3.0,7.0,1.441860465116279,0.6287677132370127,0.0,0.0
938,1,12.0,28.0,2.3333333333333335,0.21212121212121213,0.18181818181818182,0.09090909090909091,0.1111111111111111,0.4444444444444444,0.2222222222222222,0.7777777777777778,0.5833333333333334,0.0,0.2857142857142857,0.2857142857142857,0.5716999050332383,0.3636672903925736,0.4553872053872054,0.3830151325683481,NaN,NaN,NaN,NaN,3.111111111111111,3.2188679859713276,2.0875,0.7627411027989707,3.05,0.4444444444444444,0.5884079472648783,2.0,5.0,1.25,0.43915503282683993,0.16666666666666666,0.0
939,1,12.0,29.0,2.4166666666666665,0.2196969696969697,0.18181818181818182,0.09090909090909091,0.2222222222222222,0.4444444444444444,0.3333333333333333,0.6666666666666666,0.5833333333333334,0.0,0.42857142857142855,0.42857142857142855,0.6460317460317461,0.3274069253766336,0.46464646464646464,0.44581257514559086,NaN,NaN,NaN,NaN,3.2222222222222223,3.4560735588879536,2.106060606060606,0.7968602298366488,3.2727272727272725,0.3333333333333333,0.5794955107867046,2.0,5.0,1.2058823529411764,0.41042563012190475,0.0,0.0
94,1,12.0,19.0,1.5833333333333333,0.14393939393939395,0.18181818181818182,0.18181818181818182,0.3333333333333333,0.4444444444444444,0.2222222222222222,0.4444444444444444,0.5833333333333334,0.0,0.2857142857142857,0.42857142857142855,0.4666666666666667,0.4,0.3148148148148148,0.42853468390393096,NaN,NaN,NaN,NaN,2.111111111111111,1.964971020425266,2.240740740740741,0.9570851433219132,3.666666666666667,0.4444444444444444,0.6345695446261237,3.0,5.0,1.4285714285714286,0.634126487474228,0.0,0.0
940,1,12.0,15.0,1.25,0.11363636363636363,0.18181818181818182,0.5454545454545454,0.3333333333333333,0.5555555555555556,0.3333333333333333,0.4444444444444444,0.5833333333333334,0.0,0.42857142857142855,0.2857142857142857,0.48148148148148157,0.5030769521187454,0.35185185185185186,0.4890782461571947,NaN,NaN,NaN,NaN,1.6666666666666667,1.6583123951776997,2.069444444444444,0.7767399280485817,3.0,0.1111111111111111,0.4498677054212187,2.0,4.0,1.1666666666666667,0.3834824944236852,0.0,0.0
941,1,12.0,35.0,2.9166666666666665,0.26515151515151514,0.18181818181818182,0.09090909090909091,0.1111111111111111,0.3333333333333333,0.2222222222222222,0.7777777777777778,0.5833333333333334,0.0,0.2857142857142857,0.42857142857142855,0.6216596343178621,0.30182604307876054,0.40044893378226715,0.3839281231856526,NaN,NaN,NaN,NaN,3.888888888888889,3.7896056669673577,2.232936507936508,0.8524824199765845,3.0952380952380953,0.3333333333333333,0.8224057320412386,3.0,7.0,1.38,0.5303060340934453,0.3333333333333333,0.0
942,1,12.0,25.0,2.0833333333333335,0.1893939393939394,0.18181818181818182,0.09090909090909091,0.3333333333333333,0.5555555555555556,0.3333333333333333,0.5555555555555556,0.5833333333333334,0.0,0.42857142857142855,0.42857142857142855,0.5274074074074074,0.43669776536135946,0.42760942760942755,0.4785203616958155,NaN,NaN,NaN,NaN,2.7777777777777777,3.3829638550307397,2.1904761904761902,0.9637845418797489,4.0,0.1111111111111111,0.7196465496773988,3.0,6.0,1.303030303030303,0.5294365215047319,0.0,0.0
943,1,12.0,34.0,2.8333333333333335,0.25757575757575757,0.18181818181818182,0.09090909090909091,0.2222222222222222,0.4444444444444444,0.3333333333333333,0.6666666666666666,0.5833333333333334,0.0,0.42857142857142855,0.42857142857142855,0.7795864377497032,0.180072829268503,0.44983164983164986,0.4604842121305215,NaN,NaN,NaN,NaN,3.7777777777777777,3.2702361450580972,2.2835046897546896,0.9720229650346229,3.625,0.5555555555555556,0.7799562099139444,3.0,7.0,1.3617021276595744,0.5285555342832591,0.3333333333333333,0.0
944,1,12.0,30.0,2.5,0.22727272727272727,0.18181818181818182,0.09090909090909091,0.2222222222222222,0.3333333333333333,0.2222222222222222,0.6666666666666666,0.5833333333333334,0.0,0.2857142857142857,0.42857142857142855,0.61331569664903,0.30193374467025036,0.34259259259259256,0.39625951715797514,NaN,NaN,NaN,NaN,3.3333333333333335,2.692582403567252,2.23510101010101,0.8813837487264731,3.4545454545454546,0.5555555555555556,0.6481178892697207,2.0,6.0,1.3,0.46409548089225705,0.0,0.0
945,1,12.0,26.0,2.1666666666666665,0.19696969696969696,0.18181818181818182,0.09090909090909091,0.1111111111111111,0.4444444444444444,0.3333333333333333,0.7777777777777778,0.5833333333333334,0.0,0.42857142857142855,0.42857142857142855,0.6462962962962964,0.3378627451612581,0.46464646464646464,0.4279297280605112,NaN,NaN,NaN,NaN,2.888888888888889,3.2956199888808646,2.1611111111111114,0.8758065066194916,3.666666666666667,0.4444444444444444,0.6636083697302713,3.0,4.0,1.3225806451612903,0.5992827253861374,0.0,0.0
946,1,12.0,24.0,2.0,0.18181818181818182,0.18181818181818182,0.18181818181818182,0.1111111111111111,0.3333333333333333,0.2222222222222222,0.6666666666666666,0.5833333333333334,0.0,0.2857142857142857,0.2857142857142857,0.5460317460317461,0.3276065240200489,0.39814814814814814,0.39479640009866374,NaN,NaN,NaN,NaN,2.6666666666666665,2.2912878474779204,2.3228174603174603,0.9653433131044983,3.666666666666667,0.5555555555555556,0.9050473504080656,4.0,7.0,1.697674418604651,0.8319479070496523,0.3333333333333333,0.0
947,1,12.0,24.0,2.0,0.18181818181818182,0.18181818181818182,0.18181818181818182,0.2222222222222222,0.5555555555555556,0.4444444444444444,0.5555555555555556,0.5833333333333334,0.0,0.5714285714285714,0.42857142857142855,0.8194444444444444,0.3472048606770616,0.47619047619047616,0.5050762722761054,NaN,NaN,NaN,NaN,2.6666666666666665,2.345207879911715,2.1342592592592595,0.898139470262496,3.5555555555555554,0.3333333333333333,0.5882822430560688,3.0,6.0,1.393939393939394,0.6092717958449424,0.0,0.0
948,1,12.0,17.0,1.4166666666666667,0.12878787878787878,0.18181818181818182,0.2727272727272727,0.3333333333333333,0.4444444444444444,0.2222222222222222,0.4444444444444444,0.5833333333333334,0.0,0.2857142857142857,0.42857142857142855,0.4907407407407407,0.3690369515440673,0.35185185185185186,0.4444444444444444,NaN,NaN,NaN,NaN,1.8888888888888888,1.0540925533894598,2.236111111111111,1.0086953603374658,4.0,0.3333333333333333,0.5254938542453881,4.0,5.0,1.5555555555555556,0.8006407690254357,0.0,0.0
949,1,12.0,19.0,1.5833333333333333,0.14393939393939395,0.18181818181818182,0.18181818181818182,0.2222222222222222,0.4444444444444444,0.3333333333333333,0.5555555555555556,0.5833333333333334,0.0,0.42857142857142855,0.2857142857142857,0.5679012345679012,0.418540027307021,0.4259259259259259,0.4648111258522642,NaN,NaN,NaN,NaN,2.111111111111111,1.3642254619787417,2.0944444444444446,0.7864808888664673,3.2,0.3333333333333333,0.490136632102371,3.0,5.0,1.3461538461538463,0.5615911461059686,0.0,0.0
95,1,12.0,20.0,1.6666666666666667,0.15151515151515152,0.18181818181818182,0.09090909090909091,0.2222222222222222,0.5555555555555556,0.3333333333333333,0.5555555555555556,0.5833333333333334,0.0,0.42857142857142855,0.42857142857142855,0.5540123456790123,0.4060240613667854,0.39814814814814814,0.4672945511461312,NaN,NaN,NaN,NaN,2.2222222222222223,1.7873008824606014,2.047222222222222,0.7762195791248987,3.4,0.3333333333333333,0.3688570936766102,2.0,4.0,1.3103448275862069,0.47082361543075835,0.0,0.0
950,1,12.0,13.0,1.0833333333333333,0.09848484848484848,0.18181818181818182,0.45454545454545453,0.2222222222222222,0.5555555555555556,0.3333333333333333,0.4444444444444444,0.5833333333333334,0.0,0.42857142857142855,0.2857142857142857,0.4722222222222222,0.44095855184409843,0.3611111111111111,0.4859126579037751,NaN,NaN,NaN,NaN,1.4444444444444444,1.0137937550497031,2.0416666666666665,0.7821396449755147,3.5,0.3333333333333333,0.3535533905932738,3.0,4.0,1.3333333333333333,0.5940885257860046,0.0,0.0
951,1,12.0,13.0,1.0833333333333333,0.09848484848484848,0.18181818181818182,0.36363636363636365,0.3333333333333333,0.5555555555555556,0.3333333333333333,0.4444444444444444,0.5833333333333334,0.0,0.42857142857142855,0.14285714285714285,0.4166666666666667,0.5,0.35555555555555557,0.4876246279442597,NaN,NaN,NaN,NaN,1.4444444444444444,1.3333333333333333,2.0952380952380953,0.8088869407213293,3.142857142857143,0.1111111111111111,0.44179833251647527,2.0,3.0,1.2941176470588236,0.4696682183138622,0.0,0.0
952,1,12.0,22.0,1.8333333333333333,0.16666666666666666,0.18181818181818182,0.18181818181818182,0.2222222222222222,0.3333333333333333,0.2222222222222222,0.6666666666666666,0.5833333333333334,0.0,0.2857142857142857,0.42857142857142855,0.6203703703703703,0.3105455859560559,0.3925925925925926,0.3974843734796298,NaN,NaN,NaN,NaN,2.4444444444444446,1.4240006242195886,2.2958333333333334,1.0165828331059188,4.0,0.5555555555555556,0.5881020295101839,3.0,6.0,1.5675675675675675,0.6888210758059559,0.0,0.0
953,1,12.0,15.0,1.25,0.11363636363636363,0.18181818181818182,0.5454545454545454,0.4444444444444444,0.4444444444444444,0.3333333333333333,0.4444444444444444,0.5833333333333334,0.0,0.42857142857142855,0.14285714285714285,0.6592592592592593,0.26965913554470217,0.4074074074074074,0.49378857873975496,NaN,NaN,NaN,NaN,1.6666666666666667,1.1180339887498947,2.4222222222222225,1.1343429846100372,4.0,0.4444444444444444,0.6520622556053871,3.0,5.0,1.7941176470588236,0.7698646777865489,0.16666666666666666,0.0
954,1,12.0,24.0,2.0,0.18181818181818182,0.18181818181818182,0.09090909090909091,0.2222222222222222,0.3333333333333333,0.2222222222222222,0.6666666666666666,0.5833333333333334,0.0,0.2857142857142857,0.42857142857142855,0.6140046296296295,0.3362144010252834,0.35000000000000003,0.40155946010522525,NaN,NaN,NaN,NaN,2.6666666666666665,1.8027756377319946,2.34375,0.9860333053669785,3.625,0.4444444444444444,0.8304903194453451,3.0,7.0,1.5909090909090908,0.6583341138789853,0.16666666666666666,0.0
955,1,12.0,22.0,1.8333333333333333,0.16666666666666666,0.18181818181818182,0.18181818181818182,0.2222222222222222,0.3333333333333333,0.2222222222222222,0.7777777777777778,0.5833333333333334,0.0,0.2857142857142857,0.42857142857142855,0.8148148148148148,0.1793496051409022,0.45185185185185184,0.38518073359251004,NaN,NaN,NaN,NaN,2.4444444444444446,1.5898986690282428,2.359848484848485,1.0445483556148232,4.0,0.2222222222222222,0.731576697931619,4.0,7.0,1.631578947368421,0.8193950514590742,0.0,0.0
956,1,12.0,22.0,1.8333333333333333,0.16666666666666666,0.18181818181818182,0.18181818181818182,0.2222222222222222,0.3333333333333333,0.2222222222222222,0.5555555555555556,0.5833333333333334,0.0,0.2857142857142857,0.42857142857142855,0.6423280423280423,0.3283422634619379,0.35555555555555557,0.41866188956934897,NaN,NaN,NaN,NaN,2.4444444444444446,1.4240006242195886,2.370833333333333,1.0048696752896047,3.857142857142857,0.4444444444444444,0.7150485258925642,4.0,6.0,1.6888888888888889,0.792642938707479,0.16666666666666666,0.0
957,1,12.0,29.0,2.4166666666666665,0.2196969696969697,0.18181818181818182,0.09090909090909091,0.2222222222222222,0.4444444444444444,0.2222222222222222,0.6666666666666666,0.5833333333333334,0.0,0.2857142857142857,0.42857142857142855,0.49845679012345684,0.36152449925710445,0.37407407407407406,0.4044123918922977,NaN,NaN,NaN,NaN,3.2222222222222223,3.073181485764296,2.1634920634920634,0.8501963184915806,3.428571428571429,0.3333333333333333,0.6058697723323925,2.0,5.0,1.263157894736842,0.4462583499902143,0.0,0.0
958,1,12.0,23.0,1.9166666666666667,0.17424242424242425,0.18181818181818182,0.09090909090909091,0.2222222222222222,0.4444444444444444,0.2222222222222222,0.4444444444444444,0.5833333333333334,0.0,0.2857142857142857,0.42857142857142855,0.41830065359477125,0.4369349484458697,0.3148148148148148,0.42853468390393096,NaN,NaN,NaN,NaN,2.5555555555555554,2.6034165586355513,2.207459207459207,0.9090595296718089,3.5,0.4444444444444444,0.6895920419233179,2.0,5.0,1.34375,0.48255870443481425,0.16666666666666666,0.0
959,1,12.0,18.0,1.5,0.13636363636363635,0.18181818181818182,0.36363636363636365,0.3333333333333333,0.4444444444444444,0.2222222222222222,0.4444444444444444,0.5833333333333334,0.0,0.2857142857142857,0.42857142857142855,0.3935185185185185,0.40241842206806727,0.28703703703703703,0.42309850588132825,NaN,NaN,NaN,NaN,2.0,1.8027756377319946,2.1145833333333335,0.7895955763822542,3.0,0.2222222222222222,0.5669981729287804,2.0,5.0,1.3571428571428572,0.4879500364742666,0.0,0.0
96,1,12.0,22.0,1.8333333333333333,0.16666666666666666,0.18181818181818182,0.09090909090909091,0.3333333333333333,0.3333333333333333,0.2222222222222222,0.4444444444444444,0.5833333333333334,0.0,0.2857142857142857,0.2857142857142857,0.3439153439153439,0.39912897850694956,0.287037037037037,0.42309850588132825,NaN,NaN,NaN,NaN,2.4444444444444446,2.0069324297987157,2.1999999999999997,0.8635140795937062,3.4,0.5555555555555556,0.5289252355124537,2.0,5.0,1.3225806451612903,0.4751909633114914,0.0,0.0
960,1,12.0,30.0,2.5,0.22727272727272727,0.18181818181818182,0.09090909090909091,0.3333333333333333,0.3333333333333333,0.2222222222222222,0.5555555555555556,0.5833333333333334,0.0,0.2857142857142857,0.42857142857142855,0.7370370370370369,0.2617751603340188,0.372053872053872,0.43036111904591284,NaN,NaN,NaN,NaN,3.3333333333333335,3.278719262151,2.393849206349206,1.0411480877789525,3.833333333333333,0.5555555555555556,0.7199755138421224,3.0,5.0,1.3902439024390243,0.6276164744685964,0.0,0.0
961,1,12.0,11.0,0.9166666666666666,0.08333333333333333,0.18181818181818182,0.36363636363636365,0.4444444444444444,0.5555555555555556,0.3333333333333333,0.3333333333333333,0.5833333333333334,0.0,0.42857142857142855,0.2857142857142857,0.3888888888888889,0.4859126579037751,0.3333333333333333,0.5,NaN,NaN,NaN,NaN,1.2222222222222223,0.4409585518440984,2.2083333333333335,0.9876126709792599,4.0,0.1111111111111111,0.22360679774997896,3.0,4.0,1.5263157894736843,0.696692268479466,0.0,0.0
962,1,12.0,32.0,2.6666666666666665,0.24242424242424243,0.18181818181818182,0.09090909090909091,0.1111111111111111,0.3333333333333333,0.2222222222222222,0.8888888888888888,0.5833333333333334,0.0,0.2857142857142857,0.42857142857142855,0.7781565656565657,0.20230027884514112,0.44753086419753085,0.3525820882344402,NaN,NaN,NaN,NaN,3.5555555555555554,2.455153310442706,2.2305675805675804,0.8670339503558442,3.3636363636363633,0.6666666666666666,0.6522778254467643,2.0,7.0,1.2954545454545454,0.4615215208036401,0.16666666666666666,0.0
963,1,12.0,28.0,2.3333333333333335,0.21212121212121213,0.18181818181818182,0.09090909090909091,0.2222222222222222,0.3333333333333333,0.2222222222222222,0.7777777777777778,0.5833333333333334,0.0,0.2857142857142857,0.2857142857142857,0.7346296296296297,0.18889624168695573,0.4313131313131313,0.37894239272800806,NaN,NaN,NaN,NaN,3.111111111111111,3.2956199888808646,2.3373015873015874,0.9902552062284331,4.0,0.2222222222222222,0.7766952992966195,4.0,6.0,1.5,0.7844645405527362,0.16666666666666666,0.0
964,1,12.0,19.0,1.5833333333333333,0.14393939393939395,0.18181818181818182,0.18181818181818182,0.3333333333333333,0.3333333333333333,0.2222222222222222,0.5555555555555556,0.5833333333333334,0.0,0.2857142857142857,0.42857142857142855,0.7731481481481481,0.2492272006239772,0.3796296296296296,0.42718212497860275,NaN,NaN,NaN,NaN,2.111111111111111,1.2692955176439848,2.2589285714285716,0.8786697495401541,3.25,0.2222222222222222,0.6600662336977131,3.0,5.0,1.4193548387096775,0.5641627157943647,0.16666666666666666,0.0
965,1,12.0,13.0,1.0833333333333333,0.09848484848484848,0.18181818181818182,0.45454545454545453,0.2222222222222222,0.6666666666666666,0.5555555555555556,0.6666666666666666,0.5833333333333334,0.0,0.7142857142857143,0.14285714285714285,0.6666666666666666,0.4330127018922193,0.5833333333333334,0.5,NaN,NaN,NaN,NaN,1.4444444444444444,1.0137937550497031,2.0,0.7687061147858074,3.5,0.2222222222222222,0.3535533905932738,3.0,4.0,1.3333333333333333,0.5940885257860046,0.0,0.0
966,1,12.0,31.0,2.5833333333333335,0.23484848484848486,0.18181818181818182,0.09090909090909091,0.1111111111111111,0.4444444444444444,0.3333333333333333,0.8888888888888888,0.5833333333333334,0.0,0.42857142857142855,0.2857142857142857,0.753317901234568,0.20765333984974685,0.5067901234567901,0.4036272438637239,NaN,NaN,NaN,NaN,3.4444444444444446,2.5055493963954847,2.191729323308271,0.8743726427478437,3.428571428571429,0.4444444444444444,0.7146177066951437,3.0,6.0,1.2820512820512822,0.5103516820842346,0.16666666666666666,0.0
967,1,12.0,19.0,1.5833333333333333,0.14393939393939395,0.18181818181818182,0.09090909090909091,0.2222222222222222,0.6666666666666666,0.4444444444444444,0.5555555555555556,0.5833333333333334,0.0,0.5714285714285714,0.2857142857142857,0.5111111111111111,0.5011098792790969,0.46464646464646464,0.5111250846494849,NaN,NaN,NaN,NaN,2.111111111111111,3.3333333333333335,2.0705128205128207,0.887094933788265,4.0,0.1111111111111111,0.5058569039839343,3.0,4.0,1.1904761904761905,0.5117663157191591,0.0,0.0
968,1,12.0,36.0,3.0,0.2727272727272727,0.18181818181818182,0.09090909090909091,0.1111111111111111,0.4444444444444444,0.2222222222222222,0.6666666666666666,0.5833333333333334,0.0,0.2857142857142857,0.42857142857142855,0.5419181757209927,0.3591859265546818,0.3802469135802469,0.40126258211793947,NaN,NaN,NaN,NaN,4.0,3.7080992435478315,2.1005368814192344,0.7888666323022833,3.2142857142857144,0.5555555555555556,0.5987150125221757,2.0,6.0,1.2093023255813953,0.41162509149327114,0.16666666666666666,0.0
969,1,12.0,27.0,2.25,0.20454545454545456,0.18181818181818182,0.18181818181818182,0.1111111111111111,0.6666666666666666,0.4444444444444444,0.6666666666666666,0.5833333333333334,0.0,0.5714285714285714,0.42857142857142855,0.7394957983193277,0.4242605317484998,0.5092592592592592,0.47951879171200196,NaN,NaN,NaN,NaN,3.0,3.0413812651491097,2.0380050505050504,0.7969323694066013,3.2727272727272725,0.3333333333333333,0.6359250090640738,3.0,5.0,1.2941176470588236,0.5239368319955838,0.16666666666666666,0.0
97,1,12.0,23.0,1.9166666666666667,0.17424242424242425,0.18181818181818182,0.09090909090909091,0.3333333333333333,0.4444444444444444,0.2222222222222222,0.4444444444444444,0.5833333333333334,0.0,0.2857142857142857,0.42857142857142855,0.4914529914529915,0.43345137597199807,0.30000000000000004,0.4301162633521314,NaN,NaN,NaN,NaN,2.5555555555555554,3.0046260628866577,2.1354166666666665,0.8143917371358524,3.125,0.2222222222222222,0.6313902565976784,2.0,5.0,1.3333333333333333,0.478713553878169,0.16666666666666666,0.0
970,1,12.0,25.0,2.0833333333333335,0.1893939393939394,0.18181818181818182,0.09090909090909091,0.3333333333333333,0.3333333333333333,0.2222222222222222,0.5555555555555556,0.5833333333333334,0.0,0.2857142857142857,0.42857142857142855,0.654320987654321,0.29104136380558726,0.3862433862433862,0.4425270431571634,NaN,NaN,NaN,NaN,2.7777777777777777,2.048034287907418,2.475347222222222,1.1470213652830643,3.875,0.6666666666666666,0.8854215686138815,3.0,5.0,1.5609756097560976,0.7088293337540735,0.16666666666666666,0.0
971,1,12.0,30.0,2.5,0.22727272727272727,0.18181818181818182,0.09090909090909091,0.1111111111111111,0.4444444444444444,0.2222222222222222,0.6666666666666666,0.5833333333333334,0.0,0.2857142857142857,0.42857142857142855,0.5009416195856874,0.36349412714015544,0.35353535353535354,0.4026570383611609,NaN,NaN,NaN,NaN,3.3333333333333335,3.3541019662496847,2.1296296296296293,0.8193552710710715,3.333333333333333,0.4444444444444444,0.5948551952181225,3.0,5.0,1.2820512820512822,0.5103516820842346,0.16666666666666666,0.0
972,1,12.0,28.0,2.3333333333333335,0.21212121212121213,0.18181818181818182,0.09090909090909091,0.3333333333333333,0.3333333333333333,0.2222222222222222,0.5555555555555556,0.5833333333333334,0.0,0.2857142857142857,0.42857142857142855,0.6652421652421653,0.25102063557747295,0.3351851851851852,0.43384940779258335,NaN,NaN,NaN,NaN,3.111111111111111,2.803767306876787,2.366865079365079,1.0030978908442052,3.666666666666667,0.5555555555555556,0.7332168113213362,3.0,6.0,1.5106382978723405,0.6551581430574079,0.16666666666666666,0.0
973,1,12.0,30.0,2.5,0.22727272727272727,0.18181818181818182,0.09090909090909091,0.2222222222222222,0.3333333333333333,0.2222222222222222,0.6666666666666666,0.5833333333333334,0.0,0.2857142857142857,0.42857142857142855,0.5975783475783476,0.3113766426082471,0.3627946127946127,0.3987620817441842,NaN,NaN,NaN,NaN,3.3333333333333335,3.2015621187164243,2.189099326599327,0.8375884756116421,3.3636363636363633,0.5555555555555556,0.6822378592798525,3.0,7.0,1.3414634146341464,0.5296109939172796,0.16666666666666666,0.0
974,1,12.0,32.0,2.6666666666666665,0.24242424242424243,0.18181818181818182,0.09090909090909091,0.1111111111111111,0.3333333333333333,0.2222222222222222,0.7777777777777778,0.5833333333333334,0.0,0.2857142857142857,0.42857142857142855,0.6266031746031746,0.30592410838425754,0.4055555555555556,0.38115322086764236,NaN,NaN,NaN,NaN,3.5555555555555554,2.455153310442706,2.322285353535354,0.9516296615185529,3.5454545454545454,0.4444444444444444,0.8035663518301143,3.0,7.0,1.3636363636363635,0.5742906277822775,0.16666666666666666,0.0
975,1,12.0,31.0,2.5833333333333335,0.23484848484848486,0.18181818181818182,0.09090909090909091,0.1111111111111111,0.4444444444444444,0.2222222222222222,0.6666666666666666,0.5833333333333334,0.0,0.2857142857142857,0.42857142857142855,0.5166940339354132,0.35480117693058577,0.39057239057239057,0.3986301280406896,NaN,NaN,NaN,NaN,3.4444444444444446,3.4681086744474685,2.09510582010582,0.7861712369069584,3.2857142857142856,0.5555555555555556,0.5841256251978524,2.0,6.0,1.302325581395349,0.4647008111181006,0.16666666666666666,0.0
976,1,12.0,17.0,1.4166666666666667,0.12878787878787878,0.18181818181818182,0.36363636363636365,0.3333333333333333,0.3333333333333333,0.2222222222222222,0.6666666666666666,0.5833333333333334,0.0,0.2857142857142857,0.2857142857142857,0.7525252525252525,0.21212121212121213,0.3925925925925926,0.3974843734796298,NaN,NaN,NaN,NaN,1.8888888888888888,1.3642254619787415,2.341666666666667,0.9912878064172458,4.0,0.1111111111111111,0.735596996443345,4.0,6.0,1.6875,0.8206016675429032,0.16666666666666666,0.0
977,1,12.0,22.0,1.8333333333333333,0.16666666666666666,0.18181818181818182,0.09090909090909091,0.2222222222222222,0.5555555555555556,0.3333333333333333,0.6666666666666666,0.5833333333333334,0.0,0.42857142857142855,0.2857142857142857,0.5722222222222223,0.39140061886057925,0.44612794612794615,0.4476183731014239,NaN,NaN,NaN,NaN,2.4444444444444446,3.2829526005987018,2.113970588235294,0.8342532539127703,3.25,0.2222222222222222,0.6523629742953148,3.0,5.0,1.2592592592592593,0.5256931389634797,0.0,0.0
978,1,12.0,15.0,1.25,0.11363636363636363,0.18181818181818182,0.36363636363636365,0.3333333333333333,0.5555555555555556,0.4444444444444444,0.5555555555555556,0.5833333333333334,0.0,0.5714285714285714,0.42857142857142855,0.8518518518518517,0.33793125168323435,0.5185185185185185,0.5030769521187454,NaN,NaN,NaN,NaN,1.6666666666666667,1.118033988749895,2.0416666666666665,0.7525210155124432,3.0,0.1111111111111111,0.29680841985233175,2.0,3.0,1.1764705882352942,0.3929526239966878,0.0,0.0
979,1,12.0,23.0,1.9166666666666667,0.17424242424242425,0.18181818181818182,0.09090909090909091,0.2222222222222222,0.4444444444444444,0.2222222222222222,0.5555555555555556,0.5833333333333334,0.0,0.2857142857142857,0.42857142857142855,0.46560846560846564,0.4151521985327623,0.34259259259259256,0.4134132240593672,NaN,NaN,NaN,NaN,2.5555555555555554,2.1278575558006176,2.1638888888888888,0.8534491319788315,3.5,0.3333333333333333,0.5262039961709697,3.0,5.0,1.3714285714285714,0.5469549011258115,0.0,0.0
98,1,12.0,18.0,1.5,0.13636363636363635,0.18181818181818182,0.18181818181818182,0.2222222222222222,0.5555555555555556,0.3333333333333333,0.5555555555555556,0.5833333333333334,0.0,0.42857142857142855,0.42857142857142855,0.6111111111111112,0.3974746672570607,0.42592592592592593,0.4648111258522642,NaN,NaN,NaN,NaN,2.0,1.8027756377319946,2.113095238095238,0.873174096904181,3.666666666666667,0.4444444444444444,0.46467559264458563,3.0,6.0,1.542857142857143,0.6108266887567038,0.0,0.0
980,1,12.0,21.0,1.75,0.1590909090909091,0.18181818181818182,0.09090909090909091,0.1111111111111111,0.7777777777777778,0.5555555555555556,0.7777777777777778,0.5833333333333334,0.0,0.7142857142857143,0.2857142857142857,0.8259259259259258,0.3340732528527314,0.6498316498316498,0.4578443700617326,NaN,NaN,NaN,NaN,2.3333333333333335,3.3166247903553994,1.9000000000000001,0.6410219114110615,3.0,0.1111111111111111,0.39999999999999997,2.0,3.0,1.0476190476190477,0.2182178902359924,0.0,0.0
981,1,12.0,16.0,1.3333333333333333,0.12121212121212122,0.18181818181818182,0.36363636363636365,0.2222222222222222,0.4444444444444444,0.2222222222222222,0.6666666666666666,0.5833333333333334,0.0,0.2857142857142857,0.42857142857142855,0.6435185185185185,0.3274951700708777,0.4351851851851852,0.403495529064832,NaN,NaN,NaN,NaN,1.7777777777777777,1.092906420717,2.1694444444444447,0.9271939129376078,4.0,0.3333333333333333,0.5209633171133815,3.0,4.0,1.434782608695652,0.6623708763718499,0.0,0.0
982,1,12.0,23.0,1.9166666666666667,0.17424242424242425,0.18181818181818182,0.09090909090909091,0.2222222222222222,0.5555555555555556,0.4444444444444444,0.6666666666666666,0.5833333333333334,0.0,0.5714285714285714,0.2857142857142857,0.775132275132275,0.23513369788929445,0.5277777777777778,0.4750730937913076,NaN,NaN,NaN,NaN,2.5555555555555554,2.0069324297987157,2.120833333333333,0.8509983738663855,3.416666666666667,0.3333333333333333,0.5767566396183693,2.0,5.0,1.3333333333333333,0.478713553878169,0.0,0.0
983,1,12.0,30.0,2.5,0.22727272727272727,0.18181818181818182,0.09090909090909091,0.1111111111111111,0.4444444444444444,0.3333333333333333,0.7777777777777778,0.5833333333333334,0.0,0.42857142857142855,0.42857142857142855,0.7611111111111112,0.2166666666666667,0.499037999037999,0.4339585433245281,NaN,NaN,NaN,NaN,3.3333333333333335,3.4641016151377544,2.251907814407814,0.9304150129214509,3.333333333333333,0.5555555555555556,0.7995228322812744,3.0,6.0,1.4285714285714286,0.6302480016263494,0.0,0.0
984,1,12.0,21.0,1.75,0.1590909090909091,0.18181818181818182,0.18181818181818182,0.2222222222222222,0.5555555555555556,0.3333333333333333,0.7777777777777778,0.5833333333333334,0.0,0.42857142857142855,0.42857142857142855,0.8341049382716048,0.17026088470771567,0.5555555555555555,0.39965262694272663,NaN,NaN,NaN,NaN,2.3333333333333335,1.7320508075688772,2.1203703703703702,0.8754775298942824,3.666666666666667,0.4444444444444444,0.39066111679006865,3.0,5.0,1.4722222222222223,0.6087979308727327,0.0,0.0
985,1,12.0,14.0,1.1666666666666667,0.10606060606060606,0.18181818181818182,0.2727272727272727,0.4444444444444444,0.5555555555555556,0.3333333333333333,0.4444444444444444,0.5833333333333334,0.0,0.42857142857142855,0.14285714285714285,0.5555555555555556,0.4409585518440985,0.4074074074074074,0.49378857873975496,NaN,NaN,NaN,NaN,1.5555555555555556,1.1303883305208782,2.1527777777777777,0.9085962458909556,3.833333333333333,0.1111111111111111,0.4295623464921122,3.0,4.0,1.4545454545454546,0.5958006000151015,0.0,0.0
986,1,12.0,24.0,2.0,0.18181818181818182,0.18181818181818182,0.09090909090909091,0.2222222222222222,0.3333333333333333,0.2222222222222222,0.5555555555555556,0.5833333333333334,0.0,0.2857142857142857,0.42857142857142855,0.5228535353535353,0.3423621704768878,0.34259259259259256,0.4134132240593672,NaN,NaN,NaN,NaN,2.6666666666666665,1.5,2.4002525252525255,1.031689205692469,3.7142857142857144,0.4444444444444444,0.8583443924193573,3.0,8.0,1.5869565217391304,0.652383219231074,0.3333333333333333,0.0
987,1,12.0,20.0,1.6666666666666667,0.15151515151515152,0.18181818181818182,0.18181818181818182,0.3333333333333333,0.5555555555555556,0.3333333333333333,0.4444444444444444,0.5833333333333334,0.0,0.42857142857142855,0.42857142857142855,0.4930555555555556,0.41890673890828944,0.3611111111111111,0.4859126579037751,NaN,NaN,NaN,NaN,2.2222222222222223,1.3017082793177759,2.1166666666666667,0.8684713145766094,3.5,0.3333333333333333,0.4511972377668341,2.0,5.0,1.3548387096774193,0.48637345711392005,0.16666666666666666,0.0
988,1,12.0,20.0,1.6666666666666667,0.15151515151515152,0.18181818181818182,0.2727272727272727,0.2222222222222222,0.5555555555555556,0.3333333333333333,0.6666666666666666,0.5833333333333334,0.0,0.42857142857142855,0.2857142857142857,0.6666666666666666,0.408248290463863,0.5092592592592592,0.44962261267329573,NaN,NaN,NaN,NaN,2.2222222222222223,2.3333333333333335,2.027777777777778,0.7447911148193194,3.0,0.1111111111111111,0.49559462778335206,2.0,4.0,1.173913043478261,0.38755338788158983,0.0,0.0
989,1,12.0,25.0,2.0833333333333335,0.1893939393939394,0.18181818181818182,0.09090909090909091,0.3333333333333333,0.3333333333333333,0.2222222222222222,0.6666666666666666,0.5833333333333334,0.0,0.2857142857142857,0.42857142857142855,0.7333333333333333,0.23511226632776472,0.35555555555555557,0.4017323597731316,NaN,NaN,NaN,NaN,2.7777777777777777,2.048034287907418,2.3287037037037037,0.9651091403693893,3.7,0.4444444444444444,0.7131631272650985,3.0,6.0,1.475,0.6400120191179106,0.0,0.0
99,1,12.0,30.0,2.5,0.22727272727272727,0.18181818181818182,0.09090909090909091,0.2222222222222222,0.4444444444444444,0.3333333333333333,0.6666666666666666,0.5833333333333334,0.0,0.42857142857142855,0.42857142857142855,0.6158730158730159,0.3536014898235614,0.4075036075036075,0.4555433285024606,NaN,NaN,NaN,NaN,3.3333333333333335,3.605551275463989,2.1593837535014004,0.8457114052393718,3.4,0.3333333333333333,0.6728223936169367,2.0,5.0,1.2820512820512822,0.455880752454893,0.16666666666666666,0.0
990,1,12.0,40.0,3.3333333333333335,0.30303030303030304,0.18181818181818182,0.09090909090909091,0.1111111111111111,0.4444444444444444,0.3333333333333333,0.7777777777777778,0.5833333333333334,0.0,0.42857142857142855,0.42857142857142855,0.6760699216395419,0.32814420060588745,0.45600448933782267,0.433154089012042,NaN,NaN,NaN,NaN,4.444444444444445,3.844187531556932,2.1483918128654973,0.8181612068147168,3.1333333333333333,0.4444444444444444,0.7224990281463607,2.0,7.0,1.1777777777777778,0.3866457674602808,0.3333333333333333,0.0
991,1,12.0,35.0,2.9166666666666665,0.26515151515151514,0.18181818181818182,0.09090909090909091,0.1111111111111111,0.3333333333333333,0.2222222222222222,0.8888888888888888,0.5833333333333334,0.0,0.2857142857142857,0.42857142857142855,0.7638993869152598,0.1531764876532864,0.47390572390572383,0.3616801689867751,NaN,NaN,NaN,NaN,3.888888888888889,3.100179206289712,2.2764118932597195,0.8975019542809158,3.2222222222222223,0.5555555555555556,0.816043361766305,3.0,7.0,1.38,0.5303060340934453,0.16666666666666666,0.0
992,1,12.0,31.0,2.5833333333333335,0.23484848484848486,0.18181818181818182,0.09090909090909091,0.1111111111111111,0.3333333333333333,0.2222222222222222,0.6666666666666666,0.5833333333333334,0.0,0.2857142857142857,0.42857142857142855,0.4776500638569604,0.37510671891046776,0.36216931216931214,0.41636118809499645,NaN,NaN,NaN,NaN,3.4444444444444446,2.455153310442706,2.16468253968254,0.84102561866608,3.357142857142857,0.5555555555555556,0.6468122817426494,3.0,7.0,1.3255813953488371,0.5219437222243748,0.16666666666666666,0.0
993,1,12.0,19.0,1.5833333333333333,0.14393939393939395,0.18181818181818182,0.2727272727272727,0.1111111111111111,0.5555555555555556,0.3333333333333333,0.6666666666666666,0.5833333333333334,0.0,0.42857142857142855,0.2857142857142857,0.7283950617283951,0.321109122019556,0.48148148148148145,0.45218946100276963,NaN,NaN,NaN,NaN,2.111111111111111,1.69148192751537,2.1472222222222226,0.8907445907362705,3.666666666666667,0.2222222222222222,0.6241095020629811,3.0,6.0,1.4838709677419355,0.625617974056345,0.0,0.0
994,1,12.0,17.0,1.4166666666666667,0.12878787878787878,0.18181818181818182,0.6363636363636364,0.3333333333333333,0.3333333333333333,0.2222222222222222,0.4444444444444444,0.5833333333333334,0.0,0.2857142857142857,0.2857142857142857,0.3240740740740741,0.4091922184071176,0.2777777777777778,0.42287048187884246,NaN,NaN,NaN,NaN,1.8888888888888888,1.2692955176439846,2.2083333333333335,0.864931246172816,3.5,0.3333333333333333,0.5524011756174396,3.0,5.0,1.375,0.5757792451369143,0.0,0.0
995,1,12.0,13.0,1.0833333333333333,0.09848484848484848,0.18181818181818182,0.45454545454545453,0.3333333333333333,0.5555555555555556,0.3333333333333333,0.4444444444444444,0.5833333333333334,0.0,0.42857142857142855,0.2857142857142857,0.4444444444444444,0.4639803635691685,0.3611111111111111,0.4859126579037751,NaN,NaN,NaN,NaN,1.4444444444444444,1.0137937550497031,2.0833333333333335,0.7929614610987591,3.0,0.0,0.408248290463863,2.0,4.0,1.35,0.48936048492959294,0.0,0.0
996,1,12.0,25.0,2.0833333333333335,0.1893939393939394,0.18181818181818182,0.09090909090909091,0.2222222222222222,0.4444444444444444,0.2222222222222222,0.6666666666666666,0.5833333333333334,0.0,0.2857142857142857,0.42857142857142855,0.6267361111111112,0.3144901904052193,0.3888888888888889,0.3974746672570607,NaN,NaN,NaN,NaN,2.7777777777777777,1.4813657362192647,2.1997023809523806,0.9139412631556,3.625,0.5555555555555556,0.5565797673424412,3.0,6.0,1.45,0.5970010522689693,0.0,0.0
997,1,12.0,23.0,1.9166666666666667,0.17424242424242425,0.18181818181818182,0.2727272727272727,0.3333333333333333,0.3333333333333333,0.2222222222222222,0.5555555555555556,0.5833333333333334,0.0,0.2857142857142857,0.42857142857142855,0.6777777777777777,0.3658134011274662,0.3277777777777778,0.41616636630612575,NaN,NaN,NaN,NaN,2.5555555555555554,1.6666666666666667,2.399305555555556,1.0602818994158847,4.0,0.4444444444444444,0.7745665482868963,3.0,5.0,1.4242424242424243,0.6139168831315355,0.16666666666666666,0.0
998,1,12.0,18.0,1.5,0.13636363636363635,0.18181818181818182,0.09090909090909091,0.3333333333333333,0.4444444444444444,0.3333333333333333,0.5555555555555556,0.5833333333333334,0.0,0.42857142857142855,0.42857142857142855,0.8148148148148149,0.2729016464625586,0.4259259259259259,0.4648111258522642,NaN,NaN,NaN,NaN,2.0,1.6583123951777,2.256944444444444,0.9437850490737913,3.5,0.3333333333333333,0.6593587750157486,3.0,4.0,1.4666666666666666,0.6288102248298565,0.16666666666666666,0.0
999,1,12.0,18.0,1.5,0.13636363636363635,0.18181818181818182,0.18181818181818182,0.2222222222222222,0.5555555555555556,0.4444444444444444,0.6666666666666666,0.5833333333333334,0.0,0.5714285714285714,0.2857142857142857,0.7,0.35000000000000003,0.4851851851851852,0.49360102847202614,NaN,NaN,NaN,NaN,2.0,2.0,2.220734126984127,1.0285850140313195,4.333333333333334,0.4444444444444444,0.5475675602326471,4.0,5.0,1.7,0.8769067893689609,0.0,0.0
