SLN_ID,Detritus,S,interactions,L_D,C,Basal,Top,Carniv,Herbiv,Herbiv_true,ProdFeed,Animals,BasalAnimals,AnimHerbiv_true,AnimPred,green_frac_mean,green_frac_sd,green_direct_mean,green_direct_sd,cross_habitat_L,aqu_from_terr,terr_from_aqu,terr_with_aqu,meanInDegree,sdInDegree,mean_NTP,sd_NTP,max_NTP,TrOmniv,q_inCoherence,diameter,max_chain_len,mean_path_len,sd_path_len,loop,Modularity
1,1,68.0,188.0,2.764705882352941,0.041264266900790166,0.16417910447761194,0.13432835820895522,0.2857142857142857,0.6428571428571429,0.26785714285714285,0.39285714285714285,0.20588235294117646,0.0,0.0,0.7142857142857143,0.502735188829393,0.4176583133012258,0.3410218253968254,0.4541546552859602,NaN,NaN,NaN,NaN,3.357142857142857,4.0291148201269005,2.256675998307561,0.9446761049082524,4.888888888888889,0.19642857142857142,0.3953769808729609,5.0,9.0,2.0323741007194243,0.8978625932586031,0.08823529411764706,0.0
10,1,68.0,197.0,2.8970588235294117,0.043239683933274806,0.16417910447761194,0.16417910447761194,0.25,0.625,0.25,0.39285714285714285,0.20588235294117646,0.0,0.07142857142857142,0.6428571428571429,0.46765293857927775,0.43699802987728287,0.3410501700680272,0.4557904661517272,NaN,NaN,NaN,NaN,3.517857142857143,3.5419104830768764,2.216311597745109,0.8529408177609221,4.5,0.25,0.286037268389186,4.0,6.0,1.5698630136986302,0.6943027436677168,0.0,0.0
100,1,68.0,236.0,3.4705882352941178,0.05179982440737489,0.16417910447761194,0.05970149253731343,0.21428571428571427,0.6071428571428571,0.21428571428571427,0.42857142857142855,0.20588235294117646,0.0,0.07142857142857142,0.5714285714285714,0.5067973485867424,0.3981658918430262,0.3360745900924472,0.439575979972651,NaN,NaN,NaN,NaN,4.214285714285714,6.053441652824931,2.30373537763154,1.0306921368545938,5.75,0.32142857142857145,0.4421775512995949,5.0,12.0,2.1311258278145697,1.0274860148301597,0.08823529411764706,0.0
1000,1,68.0,268.0,3.9411764705882355,0.058823529411764705,0.16417910447761194,0.04477611940298507,0.25,0.6428571428571429,0.26785714285714285,0.42857142857142855,0.20588235294117646,0.0,0.07142857142857142,0.5714285714285714,0.5305388333567009,0.4087488789432831,0.3624536423772417,0.46326352381655217,NaN,NaN,NaN,NaN,4.785714285714286,6.821661449754374,2.261634803974492,0.9601004723294916,4.666666666666666,0.25,0.3773985646666554,4.0,9.0,1.985545335085414,0.895045572704732,0.04411764705882353,0.0
101,1,68.0,208.0,3.0588235294117645,0.0456540825285338,0.16417910447761194,0.07462686567164178,0.30357142857142855,0.625,0.19642857142857142,0.39285714285714285,0.20588235294117646,0.0,0.0,0.5714285714285714,0.4706700473844571,0.39337140782501456,0.3297548185941043,0.43944089094501754,NaN,NaN,NaN,NaN,3.7142857142857144,4.275572415539174,2.2827058358308356,1.0177991443481098,5.5,0.19642857142857142,0.32919991581306585,5.0,8.0,1.8574610244988865,1.0009788797899564,0.04411764705882353,0.0
102,1,68.0,202.0,2.9705882352941178,0.04433713784021071,0.16417910447761194,0.1044776119402985,0.23214285714285715,0.6428571428571429,0.25,0.39285714285714285,0.20588235294117646,0.0,0.07142857142857142,0.5714285714285714,0.5452545719700151,0.4206198575521379,0.3365588280766852,0.4577460092971183,NaN,NaN,NaN,NaN,3.607142857142857,4.0212100007497575,2.32363730682889,1.1153540432830789,5.818181818181818,0.26785714285714285,0.44419494775665147,6.0,10.0,2.3513071895424837,1.2699916583153021,0.04411764705882353,0.0
103,1,68.0,245.0,3.6029411764705883,0.053775241439859525,0.16417910447761194,0.1044776119402985,0.25,0.625,0.23214285714285715,0.44642857142857145,0.20588235294117646,0.0,0.07142857142857142,0.5714285714285714,0.5281159394874673,0.39055561847170056,0.3417479491796719,0.4421676411416052,NaN,NaN,NaN,NaN,4.375,5.086747487343951,2.299611170201833,1.0553984281753237,5.75,0.25,0.3623941517033615,5.0,7.0,1.8645276292335116,0.9577728069232759,0.0,0.0
104,1,68.0,288.0,4.235294117647059,0.06321334503950835,0.16417910447761194,0.05970149253731343,0.23214285714285715,0.6071428571428571,0.25,0.42857142857142855,0.20588235294117646,0.0,0.07142857142857142,0.6428571428571429,0.5216096611356197,0.4062161782205421,0.3578268716321628,0.4611306182983651,NaN,NaN,NaN,NaN,5.142857142857143,7.334671267166825,2.296681168633568,0.9768013944505498,5.0,0.26785714285714285,0.4377748803966834,5.0,11.0,1.846952010376135,0.7927760998209088,0.07352941176470588,0.0
105,1,68.0,335.0,4.926470588235294,0.07352941176470588,0.16417910447761194,0.05970149253731343,0.23214285714285715,0.6428571428571429,0.16071428571428573,0.42857142857142855,0.20588235294117646,0.0,0.07142857142857142,0.7142857142857143,0.5199576144891209,0.3830542675652742,0.3226017943409248,0.4221149917931555,NaN,NaN,NaN,NaN,5.982142857142857,8.63289916841081,2.199797921720773,0.8271536017697894,4.137931034482758,0.25,0.3877826579064814,5.0,12.0,1.7576499388004896,0.7589455790851297,0.07352941176470588,0.0
106,1,68.0,225.0,3.3088235294117645,0.04938542581211589,0.16417910447761194,0.08955223880597014,0.23214285714285715,0.6607142857142857,0.21428571428571427,0.39285714285714285,0.20588235294117646,0.0,0.07142857142857142,0.6428571428571429,0.4988784357147124,0.39833898653578587,0.3239904936333508,0.4373308541311112,NaN,NaN,NaN,NaN,4.017857142857143,5.776098310132168,2.2435097461189026,0.9350745535085101,4.588235294117647,0.23214285714285715,0.4467081429338595,5.0,12.0,2.0874233128834354,1.0295308396888458,0.07352941176470588,0.0
107,1,68.0,237.0,3.485294117647059,0.05201931518876207,0.16417910447761194,0.14925373134328357,0.2857142857142857,0.6071428571428571,0.17857142857142858,0.4107142857142857,0.20588235294117646,0.0,0.07142857142857142,0.6428571428571429,0.5074887762260254,0.40195812608461723,0.33545422615686593,0.4372196954234546,NaN,NaN,NaN,NaN,4.232142857142857,4.285243480633474,2.291691451714203,0.9802639754269644,4.666666666666666,0.25,0.456213522804783,4.0,10.0,1.7625,0.7318617668631585,0.07352941176470588,0.0
108,1,68.0,322.0,4.735294117647059,0.07067603160667252,0.16417910447761194,0.05970149253731343,0.2857142857142857,0.625,0.125,0.44642857142857145,0.20588235294117646,0.0,0.0,0.6428571428571429,0.5339838046171752,0.3883116286427469,0.3316055068962046,0.4286348102034823,NaN,NaN,NaN,NaN,5.75,7.214253568142344,2.276002262725172,0.9487897060305055,4.916666666666666,0.23214285714285715,0.3673129860503709,4.0,10.0,1.736842105263158,0.7415473807221652,0.058823529411764705,0.0
109,1,68.0,199.0,2.926470588235294,0.043678665496049165,0.16417910447761194,0.1044776119402985,0.25,0.625,0.25,0.42857142857142855,0.20588235294117646,0.0,0.07142857142857142,0.5714285714285714,0.47355850283975276,0.4432486390199983,0.34909569597069595,0.45316740398198296,NaN,NaN,NaN,NaN,3.5535714285714284,4.062778461984955,2.2633570255924784,0.9577114503941847,5.333333333333334,0.21428571428571427,0.3981215785182879,4.0,9.0,1.6185567010309279,0.7463024993588694,0.04411764705882353,0.0
11,1,68.0,339.0,4.985294117647059,0.0744073748902546,0.16417910447761194,0.014925373134328358,0.23214285714285715,0.6071428571428571,0.19642857142857142,0.44642857142857145,0.20588235294117646,0.0,0.07142857142857142,0.6428571428571429,0.544945851087709,0.3938577818327983,0.352396261534917,0.44682103866776673,NaN,NaN,NaN,NaN,6.053571428571429,8.194054702498175,2.2952728532955593,0.9889002628496484,4.803571428571429,0.2857142857142857,0.43706236735319504,5.0,11.0,1.9563164108618654,0.9598215131565202,0.08823529411764706,0.0
110,1,68.0,236.0,3.4705882352941178,0.05179982440737489,0.16417910447761194,0.11940298507462686,0.2857142857142857,0.6428571428571429,0.26785714285714285,0.39285714285714285,0.20588235294117646,0.0,0.07142857142857142,0.6428571428571429,0.5197500651081957,0.4114529842068447,0.35072278911564625,0.4603100220025408,NaN,NaN,NaN,NaN,4.214285714285714,5.482913245924803,2.2604703130593613,0.9549832500343358,4.861111111111111,0.19642857142857142,0.4438903819777806,4.0,10.0,1.7978533094812164,0.7761653557373669,0.10294117647058823,0.0
111,1,68.0,288.0,4.235294117647059,0.06321334503950835,0.16417910447761194,0.11940298507462686,0.23214285714285715,0.6428571428571429,0.16071428571428573,0.39285714285714285,0.20588235294117646,0.0,0.07142857142857142,0.5714285714285714,0.4489724857194762,0.40262610322386294,0.33820153061224495,0.44305143665629915,NaN,NaN,NaN,NaN,5.142857142857143,6.724253446709488,2.32829506042006,1.1173967613358977,5.5,0.23214285714285715,0.37141070238548,5.0,10.0,1.7311411992263057,0.9701240896936769,0.08823529411764706,0.0
112,1,68.0,259.0,3.8088235294117645,0.05684811237928007,0.16417910447761194,0.13432835820895522,0.26785714285714285,0.6428571428571429,0.25,0.42857142857142855,0.20588235294117646,0.0,0.07142857142857142,0.5714285714285714,0.5341602190324416,0.41889149830153266,0.3572118241235889,0.4545423288915014,NaN,NaN,NaN,NaN,4.625,6.746211057798565,2.2414478472372554,0.9360298941578101,5.0,0.17857142857142858,0.35089392614978,5.0,8.0,1.8741721854304636,0.9396702838104852,0.04411764705882353,0.0
113,1,68.0,240.0,3.5294117647058822,0.05267778753292362,0.16417910447761194,0.07462686567164178,0.26785714285714285,0.6071428571428571,0.23214285714285715,0.42857142857142855,0.20588235294117646,0.0,0.07142857142857142,0.5714285714285714,0.5543072635578491,0.41444156664432186,0.3551124966303538,0.4523978092269451,NaN,NaN,NaN,NaN,4.285714285714286,5.011674681868639,2.2444565958839315,0.8782613764682818,4.318181818181818,0.2857142857142857,0.4080494850035795,4.0,9.0,1.7763578274760383,0.7050561348961035,0.058823529411764705,0.0
114,1,68.0,269.0,3.9558823529411766,0.059043020193151885,0.16417910447761194,0.04477611940298507,0.25,0.625,0.25,0.42857142857142855,0.20588235294117646,0.0,0.07142857142857142,0.6428571428571429,0.516814903183148,0.4107050276353409,0.35290446529998204,0.4559674969894353,NaN,NaN,NaN,NaN,4.803571428571429,8.089093988725903,2.2770974623565485,0.9654422185370524,4.75,0.26785714285714285,0.41876078563245933,5.0,11.0,2.0921228304405877,0.997753844169801,0.058823529411764705,0.0
115,1,68.0,228.0,3.3529411764705883,0.05004389815627744,0.16417910447761194,0.16417910447761194,0.25,0.6071428571428571,0.21428571428571427,0.42857142857142855,0.20588235294117646,0.0,0.07142857142857142,0.5714285714285714,0.4964120780114767,0.39392039020763336,0.33779053287981853,0.44357253161202637,NaN,NaN,NaN,NaN,4.071428571428571,4.503966505838414,2.2756582471774864,0.9753082041473308,5.8,0.25,0.2856032658851026,5.0,7.0,2.0657672849915683,1.0908364289256043,0.0,0.0
116,1,68.0,293.0,4.3088235294117645,0.06431079894644424,0.16417910447761194,0.014925373134328358,0.26785714285714285,0.6071428571428571,0.21428571428571427,0.44642857142857145,0.20588235294117646,0.0,0.0,0.6428571428571429,0.5382762875854729,0.3971563273673924,0.34671230294350597,0.44711579120949524,NaN,NaN,NaN,NaN,5.232142857142857,5.8246843735903875,2.306981363692571,0.9857232869559666,4.53125,0.2857142857142857,0.4641353042666133,5.0,12.0,2.006880733944954,0.8783391040060192,0.10294117647058823,0.0
117,1,68.0,226.0,3.323529411764706,0.04960491659350307,0.16417910447761194,0.11940298507462686,0.25,0.625,0.25,0.4107142857142857,0.20588235294117646,0.0,0.07142857142857142,0.6428571428571429,0.5427379020707394,0.40797644938126326,0.3388109410430839,0.4454706086738564,NaN,NaN,NaN,NaN,4.035714285714286,4.902556979277747,2.197803136562606,0.8174900932885067,4.042105263157895,0.23214285714285715,0.37293684349106104,4.0,8.0,1.6226053639846743,0.5756632771393327,0.04411764705882353,0.0
118,1,68.0,221.0,3.25,0.048507462686567165,0.16417910447761194,0.11940298507462686,0.30357142857142855,0.6428571428571429,0.25,0.3392857142857143,0.20588235294117646,0.0,0.07142857142857142,0.5714285714285714,0.47314392666404953,0.41883601507850987,0.3258432539682539,0.46076929025793084,NaN,NaN,NaN,NaN,3.9464285714285716,6.288285336046103,2.3622788355848674,1.2040715497857315,6.2,0.19642857142857142,0.38896372797715134,6.0,8.0,1.6631016042780749,1.0007380682965459,0.029411764705882353,0.0
119,1,68.0,235.0,3.4558823529411766,0.051580333625987705,0.16417910447761194,0.11940298507462686,0.30357142857142855,0.625,0.25,0.4107142857142857,0.20588235294117646,0.0,0.07142857142857142,0.5714285714285714,0.5043465684681929,0.4277181373350557,0.3478096282372598,0.4611282999124323,NaN,NaN,NaN,NaN,4.196428571428571,5.632437363109388,2.2645534404205137,0.9505918220487457,4.931034482758621,0.17857142857142858,0.3049923642840894,4.0,8.0,1.764,0.8328813737655147,0.029411764705882353,0.0
12,1,68.0,228.0,3.3529411764705883,0.05004389815627744,0.16417910447761194,0.1044776119402985,0.2857142857142857,0.6071428571428571,0.21428571428571427,0.39285714285714285,0.20588235294117646,0.0,0.07142857142857142,0.5714285714285714,0.4230185595821461,0.4009417351775049,0.3145755012531328,0.4341316603185539,NaN,NaN,NaN,NaN,4.071428571428571,5.338904017108391,2.267586353022155,0.9252167098515326,4.454545454545455,0.26785714285714285,0.399342465555616,4.0,10.0,1.624203821656051,0.6723791933462384,0.08823529411764706,0.0
120,1,68.0,279.0,4.102941176470588,0.061237928007023705,0.16417910447761194,0.014925373134328358,0.26785714285714285,0.625,0.26785714285714285,0.42857142857142855,0.20588235294117646,0.0,0.07142857142857142,0.6428571428571429,0.5351380135387489,0.4168100763970019,0.3447916666666666,0.45375972177024493,NaN,NaN,NaN,NaN,4.982142857142857,8.687485401277094,2.3026587191513888,1.0393022399819634,5.6,0.23214285714285715,0.37742796673856827,5.0,10.0,1.9286775631500743,0.9516405970424393,0.058823529411764705,0.0
121,1,68.0,199.0,2.926470588235294,0.043678665496049165,0.16417910447761194,0.11940298507462686,0.2857142857142857,0.6071428571428571,0.21428571428571427,0.4107142857142857,0.20588235294117646,0.0,0.0,0.7142857142857143,0.4442416118002649,0.41395899392751867,0.3329796691403834,0.4376665930220914,NaN,NaN,NaN,NaN,3.5535714285714284,3.9030041709485217,2.254444064843427,0.9213323405962752,5.5,0.21428571428571427,0.4051555106135428,4.0,8.0,1.7639198218262806,0.7862880429042871,0.058823529411764705,0.0
122,1,68.0,266.0,3.911764705882353,0.058384547848990345,0.16417910447761194,0.05970149253731343,0.25,0.625,0.21428571428571427,0.44642857142857145,0.20588235294117646,0.0,0.07142857142857142,0.5714285714285714,0.5306867311471289,0.38982013248597164,0.3442547340573657,0.4454693096354326,NaN,NaN,NaN,NaN,4.75,5.458104899221807,2.3519481359794345,1.1193705602433288,5.666666666666666,0.26785714285714285,0.5041514063002324,5.0,10.0,1.7959866220735785,0.8769430380292866,0.08823529411764706,0.0
123,1,68.0,284.0,4.176470588235294,0.06233538191395961,0.16417910447761194,0.08955223880597014,0.25,0.625,0.23214285714285715,0.42857142857142855,0.20588235294117646,0.0,0.07142857142857142,0.5714285714285714,0.517182260029811,0.4046340011078979,0.3488345020315067,0.45187240451739596,NaN,NaN,NaN,NaN,5.071428571428571,6.298216610083561,2.2774099234907617,0.9724917829893044,4.666666666666666,0.26785714285714285,0.3443319854554431,5.0,12.0,1.9795918367346939,0.9038540082245555,0.07352941176470588,0.0
124,1,68.0,249.0,3.661764705882353,0.05465320456540825,0.16417910447761194,0.13432835820895522,0.23214285714285715,0.6428571428571429,0.23214285714285715,0.44642857142857145,0.20588235294117646,0.0,0.0,0.6428571428571429,0.5181914824466276,0.3981991825896626,0.3541743970315399,0.44720480920238365,NaN,NaN,NaN,NaN,4.446428571428571,5.4503365796222925,2.21583494960716,0.8615124499146668,4.25,0.26785714285714285,0.41542520914371606,4.0,10.0,1.766990291262136,0.740632041990878,0.07352941176470588,0.0
125,1,68.0,232.0,3.411764705882353,0.050921861281826165,0.16417910447761194,0.14925373134328357,0.25,0.625,0.14285714285714285,0.42857142857142855,0.20588235294117646,0.0,0.07142857142857142,0.5714285714285714,0.5050948873027954,0.37396107790762206,0.31993829583115296,0.41307035900867733,NaN,NaN,NaN,NaN,4.142857142857143,4.822027379842224,2.3144599159895183,1.0692281494883877,5.833333333333334,0.26785714285714285,0.37562989749616654,5.0,10.0,1.9947089947089947,1.0608551512414024,0.08823529411764706,0.0
126,1,68.0,225.0,3.3088235294117645,0.04938542581211589,0.16417910447761194,0.04477611940298507,0.25,0.625,0.25,0.39285714285714285,0.20588235294117646,0.0,0.07142857142857142,0.6428571428571429,0.5199026949504216,0.40647174413192544,0.3466269841269841,0.4587595857785326,NaN,NaN,NaN,NaN,4.017857142857143,4.742423896657111,2.3636613631770804,1.1443088731051085,5.454545454545455,0.2857142857142857,0.5251034430469357,5.0,11.0,2.2006319115323856,1.1247501461192315,0.11764705882352941,0.0
127,1,68.0,295.0,4.338235294117647,0.06474978050921862,0.16417910447761194,0.029850746268656716,0.25,0.625,0.19642857142857142,0.42857142857142855,0.20588235294117646,0.0,0.0,0.6428571428571429,0.4968549186671411,0.4012062715428177,0.3414626449995203,0.4404111508664542,NaN,NaN,NaN,NaN,5.267857142857143,7.29256426138937,2.2367218557729016,0.8837830690372888,4.353658536585366,0.26785714285714285,0.3987054394077224,4.0,10.0,1.814526588845655,0.749439012883887,0.058823529411764705,0.0
128,1,68.0,284.0,4.176470588235294,0.06233538191395961,0.16417910447761194,0.07462686567164178,0.25,0.6428571428571429,0.25,0.42857142857142855,0.20588235294117646,0.0,0.07142857142857142,0.6428571428571429,0.48436302701884326,0.42211432606563676,0.3542267475171887,0.45364189336604815,NaN,NaN,NaN,NaN,5.071428571428571,6.5111293332881335,2.2288659628197136,0.8785098834858425,4.172413793103448,0.23214285714285715,0.39651630832213736,4.0,10.0,1.6282894736842106,0.6569780312383898,0.058823529411764705,0.0
129,1,68.0,233.0,3.426470588235294,0.051141352063213345,0.16417910447761194,0.08955223880597014,0.25,0.6607142857142857,0.17857142857142858,0.44642857142857145,0.20588235294117646,0.0,0.07142857142857142,0.5714285714285714,0.555913438628889,0.39976614921989956,0.34814942002442,0.4385089411750567,NaN,NaN,NaN,NaN,4.160714285714286,4.781695346800167,2.2116219566737154,0.891259309109672,4.857142857142858,0.19642857142857142,0.37611830973980026,4.0,8.0,1.645021645021645,0.7301732920388364,0.04411764705882353,0.0
13,1,68.0,198.0,2.911764705882353,0.043459174714661986,0.16417910447761194,0.19402985074626866,0.2857142857142857,0.6428571428571429,0.23214285714285715,0.39285714285714285,0.20588235294117646,0.0,0.07142857142857142,0.6428571428571429,0.4974707456272629,0.41712332150863624,0.34049744897959183,0.4490338405675245,NaN,NaN,NaN,NaN,3.5357142857142856,4.0089186286863665,2.315518839114593,1.0943276034440599,5.6,0.21428571428571427,0.42575047581424247,6.0,11.0,2.1176470588235294,1.1549340437121591,0.08823529411764706,0.0
130,1,68.0,256.0,3.764705882352941,0.056189640035118525,0.16417910447761194,0.0,0.26785714285714285,0.625,0.30357142857142855,0.4107142857142857,0.20588235294117646,0.0,0.07142857142857142,0.6428571428571429,0.5174633281252746,0.4264456291724787,0.3520429966858538,0.4646686351249422,NaN,NaN,NaN,NaN,4.571428571428571,7.24846602670246,2.278240738351033,0.9703663067914081,4.866666666666667,0.23214285714285715,0.45308544974552617,5.0,13.0,2.1895261845386536,1.0618759575633554,0.10294117647058823,0.0
131,1,68.0,269.0,3.9558823529411766,0.059043020193151885,0.16417910447761194,0.0,0.25,0.625,0.19642857142857142,0.44642857142857145,0.20588235294117646,0.0,0.07142857142857142,0.5714285714285714,0.4719684474535848,0.39654146677137014,0.3399335392051558,0.43593131050858774,NaN,NaN,NaN,NaN,4.803571428571429,6.2009372982335,2.2647959990291535,0.9314265935932854,4.551724137931035,0.23214285714285715,0.46889120293549846,5.0,11.0,2.0675512665862485,0.9274511387778085,0.08823529411764706,0.0
132,1,68.0,209.0,3.073529411764706,0.045873573309920986,0.16417910447761194,0.04477611940298507,0.25,0.6428571428571429,0.23214285714285715,0.4107142857142857,0.20588235294117646,0.0,0.07142857142857142,0.5714285714285714,0.5422957361606259,0.4121612317123586,0.3454107400535972,0.4474559542248986,NaN,NaN,NaN,NaN,3.732142857142857,5.28287480769384,2.307638526237142,1.0565848089836374,5.4,0.26785714285714285,0.42591074425439845,7.0,10.0,2.272407732864675,1.3379461881837058,0.07352941176470588,0.0
133,1,68.0,283.0,4.161764705882353,0.06211589113257243,0.16417910447761194,0.07462686567164178,0.26785714285714285,0.6607142857142857,0.08928571428571429,0.39285714285714285,0.20588235294117646,0.0,0.0,0.5714285714285714,0.473128987930453,0.3852245213401874,0.3263251133786848,0.43181456407945107,NaN,NaN,NaN,NaN,5.053571428571429,5.118308111288135,2.2851997092193996,1.035271144548455,5.084507042253521,0.19642857142857142,0.4361226539055044,5.0,9.0,2.01432664756447,1.0344543218225641,0.07352941176470588,0.0
134,1,68.0,304.0,4.470588235294118,0.06672519754170325,0.16417910447761194,0.029850746268656716,0.23214285714285715,0.6428571428571429,0.21428571428571427,0.44642857142857145,0.20588235294117646,0.0,0.14285714285714285,0.6428571428571429,0.5683611296130794,0.40615068013103217,0.3460294913419913,0.43713779081021353,NaN,NaN,NaN,NaN,5.428571428571429,7.806424260841818,2.2428263910883217,0.9186937343193884,5.0,0.23214285714285715,0.4204389843134052,4.0,8.0,1.5778894472361809,0.6393528354205245,0.029411764705882353,0.0
135,1,68.0,242.0,3.5588235294117645,0.05311676909569798,0.16417910447761194,0.08955223880597014,0.2857142857142857,0.625,0.21428571428571427,0.4107142857142857,0.20588235294117646,0.0,0.07142857142857142,0.6428571428571429,0.4949518726773396,0.3878267346215822,0.32706668907873226,0.43400006514309136,NaN,NaN,NaN,NaN,4.321428571428571,6.090550483725194,2.282602321035602,0.9658006018252747,4.638888888888889,0.21428571428571427,0.44304930601002485,4.0,12.0,1.9474452554744526,0.8148009741532657,0.10294117647058823,0.0
136,1,68.0,273.0,4.014705882352941,0.05992098331870061,0.16417910447761194,0.029850746268656716,0.21428571428571427,0.6071428571428571,0.26785714285714285,0.42857142857142855,0.20588235294117646,0.0,0.07142857142857142,0.6428571428571429,0.5118211664241878,0.40687624838813313,0.3437232905982906,0.4543244405846336,NaN,NaN,NaN,NaN,4.875,6.728670002311007,2.3226815558395533,1.0297479665397105,4.916666666666666,0.32142857142857145,0.4094951258145057,6.0,13.0,2.272517321016166,1.1203250520464978,0.04411764705882353,0.0
137,1,68.0,247.0,3.6323529411764706,0.05421422300263389,0.16417910447761194,0.13432835820895522,0.2857142857142857,0.6071428571428571,0.17857142857142858,0.4107142857142857,0.20588235294117646,0.0,0.0,0.6428571428571429,0.4752140837679741,0.41181551870669825,0.3335449607771036,0.43596783397162286,NaN,NaN,NaN,NaN,4.410714285714286,5.9597949498414655,2.252279765576817,0.9033395484264726,5.0,0.19642857142857142,0.36875011881828385,4.0,7.0,1.7292035398230088,0.7263629175079839,0.0,0.0
138,1,68.0,255.0,3.75,0.055970149253731345,0.16417910447761194,0.14925373134328357,0.26785714285714285,0.625,0.19642857142857142,0.4107142857142857,0.20588235294117646,0.0,0.0,0.7142857142857143,0.4716349129169897,0.4121880084219933,0.34279363989185413,0.44281304034091734,NaN,NaN,NaN,NaN,4.553571428571429,6.429815896861469,2.2518470169690348,0.9347476824490524,5.4,0.21428571428571427,0.35277331083904945,6.0,9.0,1.934673366834171,0.9970192667644652,0.04411764705882353,0.0
139,1,68.0,221.0,3.25,0.048507462686567165,0.16417910447761194,0.11940298507462686,0.26785714285714285,0.6428571428571429,0.2857142857142857,0.375,0.20588235294117646,0.0,0.0,0.5714285714285714,0.49554099417544795,0.4272888673251813,0.3498511904761905,0.4644440879012627,NaN,NaN,NaN,NaN,3.9464285714285716,5.3100920822597715,2.2427892820787405,0.9214918335111024,4.875,0.19642857142857142,0.3590617348660799,4.0,8.0,1.6757990867579908,0.7801359242003898,0.04411764705882353,0.0
14,1,68.0,237.0,3.485294117647059,0.05201931518876207,0.16417910447761194,0.08955223880597014,0.2857142857142857,0.6428571428571429,0.19642857142857142,0.4107142857142857,0.20588235294117646,0.0,0.14285714285714285,0.5714285714285714,0.5919738870737493,0.41839738483781996,0.3517653772035129,0.454236124261525,NaN,NaN,NaN,NaN,4.232142857142857,5.720747158540399,2.2576004348391927,0.9587344971249313,4.757575757575758,0.17857142857142858,0.39114580580562264,4.0,9.0,2.016641452344932,0.9218040152119746,0.04411764705882353,0.0
140,1,68.0,257.0,3.7794117647058822,0.056409130816505705,0.16417910447761194,0.1044776119402985,0.26785714285714285,0.6071428571428571,0.19642857142857142,0.42857142857142855,0.20588235294117646,0.0,0.07142857142857142,0.6428571428571429,0.5055010873270819,0.3847339471037112,0.3434098639455782,0.44156254033802844,NaN,NaN,NaN,NaN,4.589285714285714,4.189930725026307,2.3343309623634254,1.0496109212172535,5.166666666666666,0.2857142857142857,0.47704745707521956,5.0,11.0,2.030261348005502,0.9673273013368735,0.07352941176470588,0.0
141,1,68.0,225.0,3.3088235294117645,0.04938542581211589,0.16417910447761194,0.13432835820895522,0.2857142857142857,0.6428571428571429,0.17857142857142858,0.375,0.20588235294117646,0.0,0.0,0.6428571428571429,0.4333753181429203,0.4063580082175714,0.32840136054421765,0.43967590975163295,NaN,NaN,NaN,NaN,4.017857142857143,3.947340054580237,2.330977960316509,1.1246686422924306,6.0,0.17857142857142858,0.5550461706638659,5.0,10.0,1.785571142284569,0.8689837486804808,0.10294117647058823,0.0
142,1,68.0,211.0,3.1029411764705883,0.046312554872695345,0.16417910447761194,0.16417910447761194,0.25,0.625,0.16071428571428573,0.39285714285714285,0.20588235294117646,0.0,0.07142857142857142,0.5714285714285714,0.426202737125552,0.39985093730253624,0.3169713718820862,0.4261369513890971,NaN,NaN,NaN,NaN,3.767857142857143,3.785095514243736,2.250188688742085,0.9346755987859585,4.945945945945946,0.23214285714285715,0.4090137300007374,4.0,9.0,1.7718120805369129,0.8453577163798597,0.058823529411764705,0.0
143,1,68.0,301.0,4.426470588235294,0.0660667251975417,0.16417910447761194,0.05970149253731343,0.26785714285714285,0.6071428571428571,0.14285714285714285,0.4107142857142857,0.20588235294117646,0.0,0.0,0.6428571428571429,0.49705023160358414,0.398817812823889,0.33433602607709745,0.4348806072660035,NaN,NaN,NaN,NaN,5.375,5.934682345791941,2.279992034438205,0.9618385414548521,5.0,0.25,0.4217175970289647,4.0,10.0,1.8211267605633803,0.8400106609837522,0.058823529411764705,0.0
144,1,68.0,309.0,4.544117647058823,0.06782265144863915,0.16417910447761194,0.08955223880597014,0.26785714285714285,0.6071428571428571,0.21428571428571427,0.44642857142857145,0.20588235294117646,0.0,0.07142857142857142,0.7142857142857143,0.5354759832009021,0.39190653320597385,0.3538166483550222,0.44255687524222187,NaN,NaN,NaN,NaN,5.517857142857143,7.490578497937675,2.2363887272368483,0.8671885620718043,4.318181818181818,0.26785714285714285,0.4509117763716465,3.0,11.0,1.7142857142857142,0.6407262999581228,0.08823529411764706,0.0
145,1,68.0,232.0,3.411764705882353,0.050921861281826165,0.16417910447761194,0.11940298507462686,0.23214285714285715,0.6607142857142857,0.2857142857142857,0.42857142857142855,0.20588235294117646,0.0,0.14285714285714285,0.5714285714285714,0.5654697424817945,0.4304826591086457,0.3698115079365079,0.4679421275716615,NaN,NaN,NaN,NaN,4.142857142857143,5.391672270282188,2.291102462585631,1.0548485432655739,5.043478260869565,0.23214285714285715,0.4916727035886315,5.0,9.0,1.7716701902748415,0.8893679680090322,0.08823529411764706,0.0
146,1,68.0,271.0,3.985294117647059,0.05948200175592625,0.16417910447761194,0.05970149253731343,0.25,0.6071428571428571,0.26785714285714285,0.42857142857142855,0.20588235294117646,0.0,0.0,0.5714285714285714,0.5449176941507573,0.3994512139705372,0.36127884633385515,0.4617532375519906,NaN,NaN,NaN,NaN,4.839285714285714,6.166704691587457,2.251044946972332,0.8904115652696547,4.264705882352941,0.2857142857142857,0.38147796268899803,3.0,10.0,1.7449275362318841,0.6741195907313882,0.058823529411764705,0.0
147,1,68.0,224.0,3.2941176470588234,0.04916593503072871,0.16417910447761194,0.04477611940298507,0.23214285714285715,0.625,0.30357142857142855,0.4642857142857143,0.20588235294117646,0.0,0.07142857142857142,0.6428571428571429,0.5154993281771174,0.4153769317020051,0.3737138605442177,0.4656271521567714,NaN,NaN,NaN,NaN,4.0,4.624047813530715,2.2758699486138996,0.9619908293920217,4.673076923076923,0.2857142857142857,0.47834067236485506,4.0,12.0,1.9838945827232797,0.8483404883528906,0.10294117647058823,0.0
148,1,68.0,218.0,3.2058823529411766,0.04784899034240562,0.16417910447761194,0.08955223880597014,0.25,0.625,0.25,0.4107142857142857,0.20588235294117646,0.0,0.0,0.5714285714285714,0.5112516617638434,0.40462884790854853,0.35105917366946776,0.45690206406265516,NaN,NaN,NaN,NaN,3.892857142857143,4.654142129441145,2.3541926869190366,1.1484091658026252,5.708333333333334,0.25,0.37512617568927936,5.0,11.0,2.3267776096822996,1.184122252792557,0.07352941176470588,0.0
149,1,68.0,276.0,4.0588235294117645,0.06057945566286216,0.16417910447761194,0.04477611940298507,0.25,0.625,0.17857142857142858,0.42857142857142855,0.20588235294117646,0.0,0.07142857142857142,0.5714285714285714,0.5012154605761655,0.39679715874763355,0.3334608504486324,0.4401170444934582,NaN,NaN,NaN,NaN,4.928571428571429,5.03029781463246,2.283758032127399,0.9729203571547851,4.666666666666666,0.2857142857142857,0.39320480813228637,5.0,10.0,1.948509485094851,0.9275252379715013,0.07352941176470588,0.0
15,1,68.0,266.0,3.911764705882353,0.058384547848990345,0.16417910447761194,0.1044776119402985,0.2857142857142857,0.6071428571428571,0.21428571428571427,0.4107142857142857,0.20588235294117646,0.0,0.07142857142857142,0.7142857142857143,0.5306587906388581,0.4079779822747647,0.3459398123284401,0.4488458350743731,NaN,NaN,NaN,NaN,4.75,6.040018061381786,2.3169534946741237,1.0430677861869946,5.0285714285714285,0.25,0.4151155265958472,6.0,11.0,1.9871382636655948,1.0841391325799392,0.07352941176470588,0.0
150,1,68.0,255.0,3.75,0.055970149253731345,0.16417910447761194,0.04477611940298507,0.2857142857142857,0.625,0.21428571428571427,0.4107142857142857,0.20588235294117646,0.0,0.07142857142857142,0.6428571428571429,0.560052000936763,0.41564423959118085,0.33849786126571846,0.44517165902680106,NaN,NaN,NaN,NaN,4.553571428571429,6.840838977938152,2.2537762246079347,0.9091513541790237,4.466666666666667,0.21428571428571427,0.3450262694810724,5.0,8.0,1.8857979502196194,0.8433735497709601,0.029411764705882353,0.0
151,1,68.0,327.0,4.8088235294117645,0.07177348551360843,0.16417910447761194,0.029850746268656716,0.23214285714285715,0.6071428571428571,0.23214285714285715,0.4107142857142857,0.20588235294117646,0.0,0.0,0.7142857142857143,0.5156665263706609,0.4021151554963764,0.3468181662874544,0.4570434532240356,NaN,NaN,NaN,NaN,5.839285714285714,8.74856203397665,2.295336672159661,0.9945781263591689,5.0,0.25,0.37635880177039016,6.0,10.0,2.2011764705882353,1.254719628806899,0.07352941176470588,0.0
152,1,68.0,232.0,3.411764705882353,0.050921861281826165,0.16417910447761194,0.05970149253731343,0.25,0.6428571428571429,0.26785714285714285,0.44642857142857145,0.20588235294117646,0.0,0.07142857142857142,0.5714285714285714,0.5100390616267337,0.41686332232903534,0.35808439229350275,0.45425839686061714,NaN,NaN,NaN,NaN,4.142857142857143,6.1774621780338705,2.26626709633425,0.9640223311242488,4.722222222222222,0.21428571428571427,0.41414573772433116,4.0,10.0,1.9475262368815591,0.8393149450672822,0.04411764705882353,0.0
153,1,68.0,263.0,3.8676470588235294,0.0577260755048288,0.16417910447761194,0.14925373134328357,0.23214285714285715,0.6071428571428571,0.21428571428571427,0.44642857142857145,0.20588235294117646,0.0,0.0,0.6428571428571429,0.5395008948795567,0.3913567307335542,0.3502976190476191,0.44447231314655755,NaN,NaN,NaN,NaN,4.696428571428571,6.480515251280404,2.3386452340876684,1.1071795404697988,5.9,0.2857142857142857,0.35251224211743515,5.0,9.0,1.9214285714285715,1.0804349296033884,0.07352941176470588,0.0
154,1,68.0,252.0,3.7058823529411766,0.0553116769095698,0.16417910447761194,0.11940298507462686,0.26785714285714285,0.6428571428571429,0.23214285714285715,0.39285714285714285,0.20588235294117646,0.0,0.0,0.7142857142857143,0.48858676041939014,0.41185660588781237,0.32601348163378824,0.4477402903552,NaN,NaN,NaN,NaN,4.5,7.58946638440411,2.2844676703406606,1.0274606061349998,5.666666666666666,0.21428571428571427,0.3789177357743835,6.0,10.0,2.230769230769231,1.1637771961786711,0.0,0.0
155,1,68.0,251.0,3.6911764705882355,0.05509218612818262,0.16417910447761194,0.1044776119402985,0.26785714285714285,0.6071428571428571,0.23214285714285715,0.4107142857142857,0.20588235294117646,0.0,0.07142857142857142,0.6428571428571429,0.4764381821807671,0.4046351353745565,0.33152747941281774,0.44129513007657706,NaN,NaN,NaN,NaN,4.482142857142857,6.862257967723481,2.2932863772468237,0.9887505819764858,5.145833333333334,0.26785714285714285,0.31325298178661887,5.0,9.0,1.8435374149659864,0.8867810615185256,0.0,0.0
156,1,68.0,284.0,4.176470588235294,0.06233538191395961,0.16417910447761194,0.05970149253731343,0.19642857142857142,0.625,0.17857142857142858,0.42857142857142855,0.20588235294117646,0.0,0.07142857142857142,0.5714285714285714,0.49061416925157664,0.38436376085884805,0.3354738181504486,0.4369355372345897,NaN,NaN,NaN,NaN,5.071428571428571,5.858504751391597,2.278752166387071,0.9626080928856916,4.666666666666666,0.32142857142857145,0.3739385003656134,4.0,8.0,1.691151919866444,0.7449530356852991,0.058823529411764705,0.0
157,1,68.0,210.0,3.088235294117647,0.046093064091308165,0.16417910447761194,0.11940298507462686,0.26785714285714285,0.6071428571428571,0.23214285714285715,0.4107142857142857,0.20588235294117646,0.0,0.07142857142857142,0.5714285714285714,0.548173116544706,0.4043266282921373,0.34594190531690533,0.4454616787667189,NaN,NaN,NaN,NaN,3.75,3.890547986641938,2.2790454857313254,0.9568874459702466,4.548387096774194,0.26785714285714285,0.45428031634304716,5.0,10.0,2.027027027027027,0.957265889054776,0.058823529411764705,0.0
158,1,68.0,317.0,4.661764705882353,0.0695785776997366,0.16417910447761194,0.1044776119402985,0.23214285714285715,0.625,0.17857142857142858,0.4107142857142857,0.20588235294117646,0.0,0.07142857142857142,0.5714285714285714,0.5089741221660125,0.40838783112108606,0.35565476190476186,0.44711695363301784,NaN,NaN,NaN,NaN,5.660714285714286,7.527589945634021,2.2606420564996594,0.9565296745539456,5.0,0.26785714285714285,0.3992520693595721,6.0,10.0,2.0891891891891894,1.2604709010685167,0.08823529411764706,0.0
159,1,68.0,315.0,4.632352941176471,0.06913959613696224,0.16417910447761194,0.029850746268656716,0.25,0.625,0.23214285714285715,0.42857142857142855,0.20588235294117646,0.0,0.0,0.5714285714285714,0.49882969080990275,0.39024863743689625,0.3497850529100529,0.4506036844265291,NaN,NaN,NaN,NaN,5.625,7.435938529747393,2.26524221532941,0.942871579197115,4.677966101694915,0.2857142857142857,0.34525602803060257,4.0,10.0,1.8120567375886525,0.7274149912932111,0.058823529411764705,0.0
16,1,68.0,275.0,4.044117647058823,0.06035996488147498,0.16417910447761194,0.11940298507462686,0.2857142857142857,0.625,0.25,0.42857142857142855,0.20588235294117646,0.0,0.07142857142857142,0.5714285714285714,0.48424459429286004,0.39903051850765187,0.34361665120593693,0.4446571468930068,NaN,NaN,NaN,NaN,4.910714285714286,7.493698651568495,2.2743207507042644,0.9663591859251027,4.770833333333334,0.21428571428571427,0.3686921596283492,5.0,11.0,1.9426229508196722,0.8733711937340038,0.058823529411764705,0.0
160,1,68.0,259.0,3.8088235294117645,0.05684811237928007,0.16417910447761194,0.04477611940298507,0.30357142857142855,0.6428571428571429,0.21428571428571427,0.42857142857142855,0.20588235294117646,0.0,0.14285714285714285,0.6428571428571429,0.5297939454765865,0.40709990626337755,0.35286654135338347,0.4502027048928426,NaN,NaN,NaN,NaN,4.625,5.265885058994875,2.2862522157412197,1.0077204385710055,4.815789473684211,0.21428571428571427,0.4600798144417313,4.0,9.0,1.858974358974359,0.8718808137782256,0.08823529411764706,0.0
161,1,68.0,209.0,3.073529411764706,0.045873573309920986,0.16417910447761194,0.1044776119402985,0.2857142857142857,0.6071428571428571,0.25,0.4107142857142857,0.20588235294117646,0.0,0.07142857142857142,0.5714285714285714,0.5060201924548516,0.40806943834398673,0.342965367965368,0.4513057345782675,NaN,NaN,NaN,NaN,3.732142857142857,4.814716347459474,2.3550151009449487,1.1271273779909348,5.833333333333334,0.26785714285714285,0.3738142008882695,6.0,10.0,2.5818431911966986,1.4185315857162477,0.058823529411764705,0.0
162,1,68.0,287.0,4.220588235294118,0.06299385425812117,0.16417910447761194,0.0,0.26785714285714285,0.6071428571428571,0.25,0.42857142857142855,0.20588235294117646,0.0,0.0,0.5714285714285714,0.5391163522116013,0.3835754708807075,0.35767708506166696,0.45496127110699586,NaN,NaN,NaN,NaN,5.125,7.094331924469382,2.30403774562889,0.996145693262872,4.7924528301886795,0.2857142857142857,0.4050818318761916,5.0,12.0,1.955451348182884,0.8267158506336437,0.07352941176470588,0.0
163,1,68.0,245.0,3.6029411764705883,0.053775241439859525,0.16417910447761194,0.11940298507462686,0.2857142857142857,0.625,0.26785714285714285,0.39285714285714285,0.20588235294117646,0.0,0.0,0.6428571428571429,0.4981851805086909,0.4151781625224047,0.34793083900226757,0.46315605911157687,NaN,NaN,NaN,NaN,4.375,4.602617832178868,2.297387089765262,1.013757824481025,4.895833333333334,0.23214285714285715,0.45061646841781094,5.0,11.0,1.8871224165341813,0.85304409162216,0.11764705882352941,0.0
164,1,68.0,267.0,3.926470588235294,0.058604038630377525,0.16417910447761194,0.08955223880597014,0.25,0.6071428571428571,0.25,0.4107142857142857,0.20588235294117646,0.0,0.0,0.5714285714285714,0.5291241768089184,0.3957540943911822,0.34092261904761906,0.4520158399932219,NaN,NaN,NaN,NaN,4.767857142857143,5.3051983817883634,2.3230971223340795,1.0313275371547286,4.818181818181818,0.30357142857142855,0.4409055391421504,5.0,12.0,1.9222873900293256,0.9026647056003113,0.10294117647058823,0.0
165,1,68.0,268.0,3.9411764705882355,0.058823529411764705,0.16417910447761194,0.11940298507462686,0.25,0.625,0.19642857142857142,0.42857142857142855,0.20588235294117646,0.0,0.0,0.5714285714285714,0.5127873269364833,0.401336514490993,0.35615079365079366,0.4459380951633618,NaN,NaN,NaN,NaN,4.785714285714286,4.834400538994321,2.2115711094464485,0.8540868091690755,4.238095238095238,0.23214285714285715,0.3406996663634527,3.0,9.0,1.6280701754385964,0.6428611315315802,0.058823529411764705,0.0
166,1,68.0,256.0,3.764705882352941,0.056189640035118525,0.16417910447761194,0.08955223880597014,0.26785714285714285,0.625,0.25,0.4107142857142857,0.20588235294117646,0.0,0.07142857142857142,0.6428571428571429,0.5053486554843787,0.40195540252920614,0.3491496598639455,0.4538366141579208,NaN,NaN,NaN,NaN,4.571428571428571,6.935697232715404,2.3124463463705127,1.0401819637973253,5.036363636363636,0.26785714285714285,0.39328263671945757,5.0,10.0,2.0719424460431655,0.9872405562937167,0.10294117647058823,0.0
167,1,68.0,274.0,4.029411764705882,0.0601404741000878,0.16417910447761194,0.11940298507462686,0.26785714285714285,0.6607142857142857,0.25,0.39285714285714285,0.20588235294117646,0.0,0.0,0.5714285714285714,0.4946686611316712,0.40325008091139625,0.3515963203463203,0.4566897922858212,NaN,NaN,NaN,NaN,4.892857142857143,5.389142523895351,2.278602699792213,1.0208166630607105,5.0,0.21428571428571427,0.4256681535037545,4.0,10.0,1.7259786476868328,0.8140923576257745,0.10294117647058823,0.0
168,1,68.0,252.0,3.7058823529411766,0.0553116769095698,0.16417910447761194,0.14925373134328357,0.25,0.6607142857142857,0.19642857142857142,0.39285714285714285,0.20588235294117646,0.0,0.14285714285714285,0.5714285714285714,0.53736439526412,0.41393490449941256,0.3303287981859411,0.4384396314603558,NaN,NaN,NaN,NaN,4.5,5.95131765394705,2.231882880207791,0.9161321435119407,4.6,0.21428571428571427,0.34604586805098125,4.0,8.0,1.5844748858447488,0.7689251156412736,0.04411764705882353,0.0
169,1,68.0,228.0,3.3529411764705883,0.05004389815627744,0.16417910447761194,0.14925373134328357,0.2857142857142857,0.625,0.17857142857142858,0.4107142857142857,0.20588235294117646,0.0,0.0,0.5714285714285714,0.4879852744441736,0.39876925751160397,0.3401044887652031,0.44206856802426364,NaN,NaN,NaN,NaN,4.071428571428571,3.473835411693028,2.2744258119328435,0.9603165867988439,4.727272727272727,0.23214285714285715,0.39665029155113796,4.0,9.0,1.8624338624338623,0.8419960313036924,0.058823529411764705,0.0
17,1,68.0,223.0,3.2794117647058822,0.048946444249341525,0.16417910447761194,0.07462686567164178,0.26785714285714285,0.6071428571428571,0.25,0.4107142857142857,0.20588235294117646,0.0,0.07142857142857142,0.6428571428571429,0.4950735675534782,0.4123179641635938,0.34264946363160653,0.4512963463149939,NaN,NaN,NaN,NaN,3.982142857142857,6.08871107849622,2.3229283527361027,1.069638931040714,5.619047619047619,0.2857142857142857,0.44692826611739367,5.0,9.0,2.1533646322378717,1.092127906291263,0.04411764705882353,0.0
170,1,68.0,267.0,3.926470588235294,0.058604038630377525,0.16417910447761194,0.07462686567164178,0.23214285714285715,0.6071428571428571,0.17857142857142858,0.44642857142857145,0.20588235294117646,0.0,0.07142857142857142,0.5714285714285714,0.5234242089325442,0.4047463917468626,0.3450503117913832,0.4364221997323712,NaN,NaN,NaN,NaN,4.767857142857143,5.966546348154459,2.2831522671864004,0.9872083643534991,5.277777777777778,0.2857142857142857,0.3517077035197662,5.0,9.0,2.050445103857567,1.0600715348236183,0.058823529411764705,0.0
171,1,68.0,234.0,3.4411764705882355,0.051360842844600525,0.16417910447761194,0.1044776119402985,0.25,0.625,0.16071428571428573,0.42857142857142855,0.20588235294117646,0.0,0.07142857142857142,0.5714285714285714,0.480457314243195,0.3952311676087547,0.33909466030001745,0.4320383146199628,NaN,NaN,NaN,NaN,4.178571428571429,4.6165990743172625,2.2897837456660985,1.0277288465380663,5.833333333333334,0.25,0.382790996948868,5.0,9.0,1.4759358288770053,0.7047967068707109,0.0,0.0
172,1,68.0,210.0,3.088235294117647,0.046093064091308165,0.16417910447761194,0.13432835820895522,0.2857142857142857,0.625,0.21428571428571427,0.4107142857142857,0.20588235294117646,0.0,0.07142857142857142,0.5714285714285714,0.52325556885766,0.39647368091890917,0.33662243406134384,0.44099499802167086,NaN,NaN,NaN,NaN,3.75,4.585550427950032,2.3065064360937764,1.0276981378199708,5.181818181818182,0.25,0.34756375309176774,7.0,9.0,2.275123558484349,1.2632494937216387,0.0,0.0
173,1,68.0,215.0,3.161764705882353,0.04719051799824407,0.16417910447761194,0.1791044776119403,0.30357142857142855,0.625,0.23214285714285715,0.375,0.20588235294117646,0.0,0.0,0.5714285714285714,0.45845736993506986,0.4378784780626177,0.34218524531024525,0.4590873087663639,NaN,NaN,NaN,NaN,3.8392857142857144,3.586726974500622,2.371142569616176,1.161584155486952,5.571428571428571,0.23214285714285715,0.5906552992282839,6.0,11.0,1.949317738791423,1.063126893377739,0.10294117647058823,0.0
174,1,68.0,306.0,4.5,0.06716417910447761,0.16417910447761194,0.08955223880597014,0.21428571428571427,0.6071428571428571,0.19642857142857142,0.44642857142857145,0.20588235294117646,0.0,0.07142857142857142,0.6428571428571429,0.5361817453257121,0.38889717311885946,0.34698937003931585,0.438740104316184,NaN,NaN,NaN,NaN,5.464285714285714,6.211321878676025,2.2797619442085355,0.9466819126430912,4.666666666666666,0.3392857142857143,0.4282771726155628,5.0,11.0,1.7924528301886793,0.7913480664533331,0.08823529411764706,0.0
175,1,68.0,271.0,3.985294117647059,0.05948200175592625,0.16417910447761194,0.11940298507462686,0.23214285714285715,0.6071428571428571,0.19642857142857142,0.44642857142857145,0.20588235294117646,0.0,0.0,0.6428571428571429,0.49939754468483794,0.3967077710981149,0.34007225038450734,0.43818633349545344,NaN,NaN,NaN,NaN,4.839285714285714,6.995522686857477,2.221698382210296,0.8391246835097289,4.32,0.30357142857142855,0.3696657343913224,4.0,8.0,1.913888888888889,0.8411042406784192,0.0,0.0
176,1,68.0,202.0,2.9705882352941178,0.04433713784021071,0.16417910447761194,0.19402985074626866,0.2857142857142857,0.625,0.21428571428571427,0.4107142857142857,0.20588235294117646,0.0,0.07142857142857142,0.5714285714285714,0.49758619356833644,0.4091040106906993,0.34526643990929706,0.44843219036632,NaN,NaN,NaN,NaN,3.607142857142857,4.1590146185608186,2.2634489248653336,0.9644548144709869,5.052631578947368,0.19642857142857142,0.2994361057525648,4.0,6.0,1.6043956043956045,0.7588467526649978,0.0,0.0
177,1,68.0,227.0,3.338235294117647,0.04982440737489025,0.16417910447761194,0.08955223880597014,0.26785714285714285,0.625,0.30357142857142855,0.42857142857142855,0.20588235294117646,0.0,0.07142857142857142,0.6428571428571429,0.5275162467614373,0.4176459369562935,0.36082098902362875,0.46380276884110555,NaN,NaN,NaN,NaN,4.053571428571429,5.272293421470198,2.3047191730701417,1.0172000987310448,4.886363636363637,0.26785714285714285,0.4813815071305944,4.0,10.0,1.9136,0.8390837493728133,0.058823529411764705,0.0
178,1,68.0,233.0,3.426470588235294,0.051141352063213345,0.16417910447761194,0.1044776119402985,0.2857142857142857,0.625,0.30357142857142855,0.4107142857142857,0.20588235294117646,0.0,0.07142857142857142,0.6428571428571429,0.45868287171359473,0.4243568776148333,0.3481547619047619,0.465140651973493,NaN,NaN,NaN,NaN,4.160714285714286,5.456528319243043,2.273430956017549,0.9550585874746667,4.509803921568627,0.23214285714285715,0.4031455017665363,7.0,9.0,2.1494252873563218,1.284652765681317,0.029411764705882353,0.0
179,1,68.0,215.0,3.161764705882353,0.04719051799824407,0.16417910447761194,0.14925373134328357,0.2857142857142857,0.625,0.26785714285714285,0.42857142857142855,0.20588235294117646,0.0,0.07142857142857142,0.5714285714285714,0.49481912209622614,0.4293917048811063,0.357430926916221,0.4584693442915107,NaN,NaN,NaN,NaN,3.8392857142857144,4.864628494511209,2.305073493329037,1.072829203717299,5.785714285714286,0.19642857142857142,0.45396889328146134,6.0,8.0,1.9223107569721116,1.0906700311323325,0.029411764705882353,0.0
18,1,68.0,324.0,4.764705882352941,0.07111501316944688,0.16417910447761194,0.0,0.25,0.6428571428571429,0.25,0.42857142857142855,0.20588235294117646,0.0,0.07142857142857142,0.5714285714285714,0.511983434319463,0.4122203774679201,0.35641594516594516,0.4596229653277557,NaN,NaN,NaN,NaN,5.785714285714286,8.339858916867044,2.2529015242358503,0.9247035646260369,4.369747899159664,0.26785714285714285,0.3904829875287788,4.0,10.0,1.8138020833333333,0.8028418379983099,0.07352941176470588,0.0
180,1,68.0,250.0,3.676470588235294,0.05487269534679543,0.16417910447761194,0.05970149253731343,0.30357142857142855,0.625,0.25,0.39285714285714285,0.20588235294117646,0.0,0.07142857142857142,0.6428571428571429,0.5807206817492377,0.41519024608711563,0.3468451476335215,0.4603684593757275,NaN,NaN,NaN,NaN,4.464285714285714,6.935978100296467,2.28730538046869,0.9737200286087703,5.083333333333334,0.21428571428571427,0.4149188016039891,5.0,12.0,1.9931224209078404,0.9248375719980535,0.07352941176470588,0.0
181,1,68.0,270.0,3.9705882352941178,0.05926251097453907,0.16417910447761194,0.1044776119402985,0.23214285714285715,0.6607142857142857,0.16071428571428573,0.4107142857142857,0.20588235294117646,0.0,0.07142857142857142,0.5714285714285714,0.5009120350359659,0.3916558070807057,0.33705357142857145,0.43474901135085087,NaN,NaN,NaN,NaN,4.821428571428571,5.939412713107532,2.217113648306948,0.8872440954510985,4.444444444444445,0.23214285714285715,0.3789679589570983,5.0,10.0,2.0652173913043477,1.1327460099529385,0.058823529411764705,0.0
182,1,68.0,246.0,3.6176470588235294,0.053994732221246705,0.16417910447761194,0.08955223880597014,0.25,0.625,0.26785714285714285,0.42857142857142855,0.20588235294117646,0.0,0.0,0.6428571428571429,0.543676306816052,0.40243792216382135,0.36021887015675835,0.4584084541929187,NaN,NaN,NaN,NaN,4.392857142857143,5.06567260697323,2.2470444804424248,0.9224658499061169,4.916666666666666,0.26785714285714285,0.4132397083651671,5.0,10.0,1.9859154929577465,0.9720814685828039,0.07352941176470588,0.0
183,1,68.0,308.0,4.529411764705882,0.06760316066725197,0.16417910447761194,0.05970149253731343,0.19642857142857142,0.6428571428571429,0.23214285714285715,0.42857142857142855,0.20588235294117646,0.0,0.0,0.6428571428571429,0.46923806047111744,0.4157375799869555,0.346961069684284,0.4486581253759615,NaN,NaN,NaN,NaN,5.5,7.979519238195198,2.220982368437833,0.8774477037290931,4.590909090909091,0.25,0.3595309379397917,6.0,9.0,1.8723076923076922,1.059407586921007,0.08823529411764706,0.0
184,1,68.0,276.0,4.0588235294117645,0.06057945566286216,0.16417910447761194,0.08955223880597014,0.2857142857142857,0.625,0.21428571428571427,0.4107142857142857,0.20588235294117646,0.0,0.07142857142857142,0.5714285714285714,0.49225167701984024,0.3975482655050728,0.35517340708213113,0.455279328860992,NaN,NaN,NaN,NaN,4.928571428571429,5.084225668609789,2.3180888344541644,1.0420942560688558,4.933333333333334,0.26785714285714285,0.4532104784268346,5.0,12.0,1.9929775280898876,1.0027843709251045,0.08823529411764706,0.0
185,1,68.0,251.0,3.6911764705882355,0.05509218612818262,0.16417910447761194,0.1044776119402985,0.2857142857142857,0.625,0.2857142857142857,0.42857142857142855,0.20588235294117646,0.0,0.0,0.6428571428571429,0.5228700293902725,0.40800459281847096,0.35708015072566746,0.4588494883241093,NaN,NaN,NaN,NaN,4.482142857142857,7.132489228691664,2.2125124442844966,0.8367779378969381,4.089887640449438,0.21428571428571427,0.37752825786650374,3.0,10.0,1.8156028368794326,0.6949783032853579,0.07352941176470588,0.0
186,1,68.0,334.0,4.911764705882353,0.0733099209833187,0.16417910447761194,0.08955223880597014,0.17857142857142858,0.625,0.19642857142857142,0.44642857142857145,0.20588235294117646,0.0,0.07142857142857142,0.6428571428571429,0.5341185003089445,0.39774147897452605,0.3479513515932689,0.4459501601162835,NaN,NaN,NaN,NaN,5.964285714285714,7.598957549832467,2.2787359969856738,0.96150628975976,4.787878787878788,0.3392857142857143,0.3476205039975285,5.0,9.0,1.7374461979913918,0.8295482899002761,0.04411764705882353,0.0
187,1,68.0,241.0,3.5441176470588234,0.0528972783143108,0.16417910447761194,0.05970149253731343,0.25,0.625,0.25,0.4107142857142857,0.20588235294117646,0.0,0.07142857142857142,0.5714285714285714,0.5008390886726252,0.4168211544304097,0.33630726911976916,0.4509111719591934,NaN,NaN,NaN,NaN,4.303571428571429,5.001525741237342,2.2332856217489496,0.8930099543934243,4.64516129032258,0.23214285714285715,0.3791558144788391,5.0,8.0,1.806282722513089,0.8166721896714645,0.04411764705882353,0.0
188,1,68.0,246.0,3.6176470588235294,0.053994732221246705,0.16417910447761194,0.11940298507462686,0.2857142857142857,0.6071428571428571,0.19642857142857142,0.4107142857142857,0.20588235294117646,0.0,0.07142857142857142,0.5714285714285714,0.47991754870807973,0.40058090161965837,0.34246031746031746,0.4426176834022943,NaN,NaN,NaN,NaN,4.392857142857143,4.71237663037384,2.270490931034112,0.9586259217510211,4.8,0.21428571428571427,0.4320851215378057,5.0,9.0,1.7771428571428571,0.8747144728093862,0.058823529411764705,0.0
189,1,68.0,250.0,3.676470588235294,0.05487269534679543,0.16417910447761194,0.04477611940298507,0.25,0.625,0.25,0.42857142857142855,0.20588235294117646,0.0,0.0,0.5714285714285714,0.5296692360983055,0.3929944058092981,0.3515716631480178,0.45570296980038316,NaN,NaN,NaN,NaN,4.464285714285714,5.4035822653774135,2.2566095937753268,0.9169981552386368,4.576923076923077,0.23214285714285715,0.3788646368768162,4.0,10.0,1.779541446208113,0.7812315646175564,0.058823529411764705,0.0
19,1,68.0,214.0,3.1470588235294117,0.04697102721685689,0.16417910447761194,0.1044776119402985,0.2857142857142857,0.625,0.30357142857142855,0.39285714285714285,0.20588235294117646,0.0,0.07142857142857142,0.5714285714285714,0.512163875594893,0.4241407382026413,0.35152986633249794,0.4670521838427018,NaN,NaN,NaN,NaN,3.8214285714285716,5.887142053530011,2.3291285993241466,1.085152808192668,5.35,0.21428571428571427,0.3744306696677503,4.0,10.0,1.9111111111111112,1.0472622537651908,0.10294117647058823,0.0
190,1,68.0,270.0,3.9705882352941178,0.05926251097453907,0.16417910447761194,0.04477611940298507,0.25,0.625,0.16071428571428573,0.39285714285714285,0.20588235294117646,0.0,0.07142857142857142,0.5714285714285714,0.47140414402885755,0.3861921791265581,0.3076111884147599,0.4280368603633364,NaN,NaN,NaN,NaN,4.821428571428571,6.319111395692342,2.2904645398465364,1.0016960519665785,5.088235294117647,0.25,0.36055606094631576,7.0,9.0,2.4376590330788805,1.4799919489455942,0.04411764705882353,0.0
191,1,68.0,206.0,3.0294117647058822,0.04521510096575944,0.16417910447761194,0.1044776119402985,0.25,0.6428571428571429,0.30357142857142855,0.4107142857142857,0.20588235294117646,0.0,0.07142857142857142,0.6428571428571429,0.4947948891094899,0.42443549716127443,0.35679146658663463,0.46529484564926976,NaN,NaN,NaN,NaN,3.6785714285714284,4.0231473109636795,2.206383421325808,0.8547773735186925,4.506329113924051,0.25,0.36511450316777355,4.0,7.0,1.6916299559471366,0.7044923552879475,0.029411764705882353,0.0
192,1,68.0,218.0,3.2058823529411766,0.04784899034240562,0.16417910447761194,0.16417910447761194,0.2857142857142857,0.625,0.25,0.39285714285714285,0.20588235294117646,0.0,0.07142857142857142,0.6428571428571429,0.5155016052524405,0.4334084542040761,0.3514041033079898,0.4592992082367777,NaN,NaN,NaN,NaN,3.892857142857143,5.051295320567232,2.248862554241686,0.9163836634349711,4.727272727272727,0.21428571428571427,0.29976532484978335,5.0,9.0,1.9698681732580037,0.9976556395078172,0.0,0.0
193,1,68.0,223.0,3.2794117647058822,0.048946444249341525,0.16417910447761194,0.16417910447761194,0.2857142857142857,0.6071428571428571,0.19642857142857142,0.42857142857142855,0.20588235294117646,0.0,0.07142857142857142,0.5714285714285714,0.5287890191611082,0.383256674032019,0.33921671738870984,0.43773639891332516,NaN,NaN,NaN,NaN,3.982142857142857,4.63775443870913,2.2788726023012926,0.9640418717629802,4.818181818181818,0.25,0.329087686047954,4.0,9.0,1.8775862068965516,0.8397596299411232,0.0,0.0
194,1,68.0,189.0,2.7794117647058822,0.041483757682177345,0.16417910447761194,0.208955223880597,0.25,0.6607142857142857,0.23214285714285715,0.4107142857142857,0.20588235294117646,0.0,0.14285714285714285,0.5714285714285714,0.49816787826241604,0.42326636254187233,0.35355183740162727,0.4589835167416362,NaN,NaN,NaN,NaN,3.375,3.665874570090521,2.2690660020884477,1.024587004773747,5.333333333333334,0.21428571428571427,0.327695185232828,5.0,8.0,2.195933456561922,1.1149082785762445,0.0,0.0
195,1,68.0,237.0,3.485294117647059,0.05201931518876207,0.16417910447761194,0.05970149253731343,0.25,0.6071428571428571,0.19642857142857142,0.42857142857142855,0.20588235294117646,0.0,0.0,0.6428571428571429,0.49044650350407404,0.3905446661192413,0.3327728818800248,0.4367692300954286,NaN,NaN,NaN,NaN,4.232142857142857,4.793901699711155,2.254117647948967,0.9071024037502133,4.75,0.25,0.35429375433341237,4.0,8.0,1.9297971918876755,0.8766420963281436,0.029411764705882353,0.0
196,1,68.0,270.0,3.9705882352941178,0.05926251097453907,0.16417910447761194,0.13432835820895522,0.23214285714285715,0.6428571428571429,0.23214285714285715,0.4107142857142857,0.20588235294117646,0.0,0.0,0.5714285714285714,0.496694425859243,0.4110725802031735,0.35162513968904946,0.45097697534044273,NaN,NaN,NaN,NaN,4.821428571428571,6.60607748518436,2.241776606272206,0.931806553202638,4.548387096774194,0.26785714285714285,0.39901043903395267,4.0,10.0,1.7147766323024054,0.7589431470481102,0.07352941176470588,0.0
197,1,68.0,294.0,4.323529411764706,0.06453028972783142,0.16417910447761194,0.05970149253731343,0.26785714285714285,0.6428571428571429,0.25,0.39285714285714285,0.20588235294117646,0.0,0.07142857142857142,0.5714285714285714,0.5115379298145543,0.4002083671509865,0.33565296310832027,0.455654259584934,NaN,NaN,NaN,NaN,5.25,6.48144203932203,2.3032529093883456,1.0257677587906628,4.9,0.25,0.36076409003742954,5.0,11.0,2.015990159901599,0.9382355097864469,0.04411764705882353,0.0
198,1,68.0,248.0,3.6470588235294117,0.05443371378402107,0.16417910447761194,0.08955223880597014,0.26785714285714285,0.625,0.25,0.42857142857142855,0.20588235294117646,0.0,0.07142857142857142,0.7142857142857143,0.5807215534541366,0.40952978249923194,0.35789815082578247,0.4566787723814104,NaN,NaN,NaN,NaN,4.428571428571429,5.499940967805985,2.270096002588833,0.944904920528316,4.589743589743589,0.23214285714285715,0.3450204079727994,4.0,10.0,1.7993019197207678,0.8063555679982394,0.04411764705882353,0.0
199,1,68.0,217.0,3.1911764705882355,0.04762949956101844,0.16417910447761194,0.13432835820895522,0.23214285714285715,0.6607142857142857,0.2857142857142857,0.4107142857142857,0.20588235294117646,0.0,0.14285714285714285,0.5714285714285714,0.5300542308308185,0.4294075801593792,0.35886646325196747,0.46612503871578403,NaN,NaN,NaN,NaN,3.875,4.600642247655113,2.2234380094648154,0.9322234641121533,5.0,0.16071428571428573,0.4080421204138172,4.0,8.0,1.5398936170212767,0.7181487232130143,0.029411764705882353,0.0
2,1,68.0,206.0,3.0294117647058822,0.04521510096575944,0.16417910447761194,0.14925373134328357,0.2857142857142857,0.625,0.23214285714285715,0.39285714285714285,0.20588235294117646,0.0,0.0,0.5714285714285714,0.5176854249290809,0.3973532760924203,0.33214285714285713,0.44452456889590736,NaN,NaN,NaN,NaN,3.6785714285714284,4.032175784665341,2.3310318579000207,1.0645616721423279,5.0,0.21428571428571427,0.4197812048585631,6.0,9.0,2.1883830455259026,1.0635425218639465,0.07352941176470588,0.0
20,1,68.0,272.0,4.0,0.05970149253731343,0.16417910447761194,0.16417910447761194,0.25,0.625,0.16071428571428573,0.4107142857142857,0.20588235294117646,0.0,0.0,0.7142857142857143,0.49307654752818225,0.40080858344563647,0.338938492063492,0.4331983088247941,NaN,NaN,NaN,NaN,4.857142857142857,7.486784894195107,2.203210620545978,0.8332984824924107,4.325,0.23214285714285715,0.29002162007751503,5.0,7.0,1.8552188552188553,0.9178286767399685,0.0,0.0
200,1,68.0,279.0,4.102941176470588,0.061237928007023705,0.16417910447761194,0.04477611940298507,0.25,0.6428571428571429,0.25,0.44642857142857145,0.20588235294117646,0.0,0.14285714285714285,0.5714285714285714,0.5586551568101327,0.40924492045808014,0.36398046398046396,0.4574425017081677,NaN,NaN,NaN,NaN,4.982142857142857,6.09766295448457,2.2224116625650536,0.8904061955211449,4.653846153846153,0.21428571428571427,0.34851280334240065,4.0,9.0,1.931564245810056,0.8925853453109716,0.058823529411764705,0.0
201,1,68.0,285.0,4.1911764705882355,0.06255487269534679,0.16417910447761194,0.014925373134328358,0.23214285714285715,0.625,0.17857142857142858,0.44642857142857145,0.20588235294117646,0.0,0.0,0.6428571428571429,0.5158182179262633,0.3845863460007317,0.34147405174190887,0.43691250563175577,NaN,NaN,NaN,NaN,5.089285714285714,7.022759845257122,2.2774277389869773,0.9751056041809215,5.1,0.30357142857142855,0.38164606516770155,5.0,9.0,1.849645390070922,0.8611422212442852,0.04411764705882353,0.0
202,1,68.0,263.0,3.8676470588235294,0.0577260755048288,0.16417910447761194,0.13432835820895522,0.25,0.625,0.19642857142857142,0.42857142857142855,0.20588235294117646,0.0,0.07142857142857142,0.7142857142857143,0.49610976384259226,0.3957694423987422,0.3384670534880619,0.4378914247776822,NaN,NaN,NaN,NaN,4.696428571428571,5.650163771905258,2.3147083614716935,1.0576997155455352,5.583333333333334,0.26785714285714285,0.3905779742970833,6.0,10.0,1.9792663476874004,1.047384131253884,0.07352941176470588,0.0
203,1,68.0,273.0,4.014705882352941,0.05992098331870061,0.16417910447761194,0.1044776119402985,0.26785714285714285,0.625,0.26785714285714285,0.375,0.20588235294117646,0.0,0.0,0.5714285714285714,0.45994407456019076,0.42284694280373414,0.33985969387755105,0.4599182968517181,NaN,NaN,NaN,NaN,4.875,6.407559455972155,2.2421101695042065,0.9073925424322634,5.0,0.21428571428571427,0.40294755977115126,4.0,11.0,1.731833910034602,0.825749232872719,0.08823529411764706,0.0
204,1,68.0,353.0,5.1911764705882355,0.07748024582967515,0.16417910447761194,0.04477611940298507,0.21428571428571427,0.6428571428571429,0.21428571428571427,0.4107142857142857,0.20588235294117646,0.0,0.07142857142857142,0.5714285714285714,0.5015707448888447,0.40337046218547734,0.34480772197625303,0.4553596210679701,NaN,NaN,NaN,NaN,6.303571428571429,8.536381270468485,2.243058113745131,0.9097240193911883,4.354166666666666,0.2857142857142857,0.3752564917025166,4.0,11.0,1.7925591882750846,0.7510946794043935,0.10294117647058823,0.0
205,1,68.0,301.0,4.426470588235294,0.0660667251975417,0.16417910447761194,0.014925373134328358,0.23214285714285715,0.625,0.17857142857142858,0.44642857142857145,0.20588235294117646,0.0,0.07142857142857142,0.6428571428571429,0.4848595520846068,0.37766325513808763,0.3264681719209583,0.4239725920326119,NaN,NaN,NaN,NaN,5.375,8.531359265034553,2.3082539130712996,1.035464332518484,5.8,0.2857142857142857,0.4599569007234889,5.0,10.0,1.7949438202247192,0.8234107974908302,0.058823529411764705,0.0
206,1,68.0,290.0,4.264705882352941,0.0636523266022827,0.16417910447761194,0.05970149253731343,0.26785714285714285,0.6071428571428571,0.16071428571428573,0.4107142857142857,0.20588235294117646,0.0,0.0,0.5714285714285714,0.5067283500405481,0.38423470912882096,0.32960126628604886,0.4316359184708825,NaN,NaN,NaN,NaN,5.178571428571429,5.66362281376712,2.255763166213169,0.913075150704561,4.5,0.25,0.3965275293058166,5.0,10.0,1.7235649546827794,0.7445336717446001,0.058823529411764705,0.0
207,1,68.0,211.0,3.1029411764705883,0.046312554872695345,0.16417910447761194,0.16417910447761194,0.26785714285714285,0.6607142857142857,0.32142857142857145,0.39285714285714285,0.20588235294117646,0.0,0.07142857142857142,0.6428571428571429,0.5409656817578659,0.4268048570368422,0.3563988095238095,0.47559901376847585,NaN,NaN,NaN,NaN,3.767857142857143,4.0316523633890835,2.3065640473421403,1.0664501299452818,5.0588235294117645,0.21428571428571427,0.5694107884767424,4.0,11.0,1.7406593406593407,0.7900786251480697,0.11764705882352941,0.0
208,1,68.0,246.0,3.6176470588235294,0.053994732221246705,0.16417910447761194,0.029850746268656716,0.23214285714285715,0.6428571428571429,0.19642857142857142,0.4107142857142857,0.20588235294117646,0.0,0.07142857142857142,0.6428571428571429,0.5012667778292047,0.4142731140673474,0.34023474227089207,0.446343207597843,NaN,NaN,NaN,NaN,4.392857142857143,6.409307355652459,2.248370547853865,0.9439816824189077,4.7431192660550465,0.21428571428571427,0.40669531898302863,5.0,10.0,2.153314917127072,0.9583166172326918,0.029411764705882353,0.0
209,1,68.0,198.0,2.911764705882353,0.043459174714661986,0.16417910447761194,0.14925373134328357,0.26785714285714285,0.625,0.23214285714285715,0.42857142857142855,0.20588235294117646,0.0,0.07142857142857142,0.5714285714285714,0.4967193190407476,0.41372833530819136,0.35173235961051086,0.4566904096312665,NaN,NaN,NaN,NaN,3.5357142857142856,3.6479846775709204,2.3771499849899107,1.1977189152173342,5.666666666666666,0.25,0.4692943745954356,5.0,10.0,2.247739602169982,1.1864724192476404,0.10294117647058823,0.0
21,1,68.0,292.0,4.294117647058823,0.06409130816505706,0.16417910447761194,0.05970149253731343,0.25,0.6428571428571429,0.17857142857142858,0.42857142857142855,0.20588235294117646,0.0,0.0,0.5714285714285714,0.5128922485206326,0.38593930945670324,0.33071545647244405,0.43072201313448594,NaN,NaN,NaN,NaN,5.214285714285714,6.73853041900029,2.266253997307725,0.9787063635048853,5.0285714285714285,0.23214285714285715,0.369920394405002,6.0,11.0,2.1820418204182044,1.166579887413151,0.04411764705882353,0.0
210,1,68.0,293.0,4.3088235294117645,0.06431079894644424,0.16417910447761194,0.029850746268656716,0.23214285714285715,0.6071428571428571,0.25,0.42857142857142855,0.20588235294117646,0.0,0.07142857142857142,0.5714285714285714,0.5215015169978094,0.3999479135415589,0.34988247445954207,0.45727208425234506,NaN,NaN,NaN,NaN,5.232142857142857,7.050444399735824,2.355132694908328,1.1062749640371763,5.304347826086957,0.30357142857142855,0.45901917484783944,5.0,12.0,2.020408163265306,1.0193588554711965,0.11764705882352941,0.0
211,1,68.0,248.0,3.6470588235294117,0.05443371378402107,0.16417910447761194,0.19402985074626866,0.26785714285714285,0.625,0.17857142857142858,0.39285714285714285,0.20588235294117646,0.0,0.0,0.5714285714285714,0.5360152724321424,0.39704178609738516,0.3198178546781031,0.43227285429077217,NaN,NaN,NaN,NaN,4.428571428571429,6.2139349057571405,2.272784067369205,0.9656629293260643,5.0,0.19642857142857142,0.29262319323412656,4.0,7.0,1.6489795918367347,0.7615833385695517,0.0,0.0
212,1,68.0,265.0,3.8970588235294117,0.05816505706760316,0.16417910447761194,0.029850746268656716,0.2857142857142857,0.6428571428571429,0.19642857142857142,0.42857142857142855,0.20588235294117646,0.0,0.0,0.6428571428571429,0.5210560058587702,0.3898052667406584,0.34640471505023174,0.44218436322815585,NaN,NaN,NaN,NaN,4.732142857142857,7.953252213982704,2.2437210471359825,0.9124947478701284,4.621621621621621,0.21428571428571427,0.4093168740787731,4.0,8.0,1.9061277705345503,0.7810092548992196,0.0,0.0
213,1,68.0,274.0,4.029411764705882,0.0601404741000878,0.16417910447761194,0.07462686567164178,0.21428571428571427,0.625,0.23214285714285715,0.42857142857142855,0.20588235294117646,0.0,0.07142857142857142,0.6428571428571429,0.4698870073363707,0.4053994354643984,0.34114010989010995,0.4486678792583512,NaN,NaN,NaN,NaN,4.892857142857143,6.065336898170759,2.2974449507380057,1.0084837622247633,5.103448275862069,0.2857142857142857,0.37832675425073004,6.0,11.0,1.9244094488188976,1.0097096855640912,0.0,0.0
214,1,68.0,313.0,4.602941176470588,0.06870061457418788,0.16417910447761194,0.1044776119402985,0.23214285714285715,0.6428571428571429,0.19642857142857142,0.39285714285714285,0.20588235294117646,0.0,0.07142857142857142,0.6428571428571429,0.49141995277974776,0.39650215281441664,0.32598346962898633,0.4368142062427126,NaN,NaN,NaN,NaN,5.589285714285714,8.212577462126525,2.2932029563858256,1.0339344013782688,5.0,0.25,0.3957144340412859,5.0,10.0,1.9616368286445012,0.9857168854742262,0.08823529411764706,0.0
215,1,68.0,311.0,4.573529411764706,0.06826163301141353,0.16417910447761194,0.05970149253731343,0.26785714285714285,0.625,0.16071428571428573,0.42857142857142855,0.20588235294117646,0.0,0.0,0.6428571428571429,0.47677526316626934,0.38652698866234536,0.34544917257683216,0.43714593068167634,NaN,NaN,NaN,NaN,5.553571428571429,7.6131934354588875,2.244954967132059,0.9080488661903506,4.803921568627451,0.2857142857142857,0.32290189250598106,5.0,10.0,1.9335142469470827,0.9439036357096992,0.0,0.0
216,1,68.0,267.0,3.926470588235294,0.058604038630377525,0.16417910447761194,0.029850746268656716,0.2857142857142857,0.625,0.21428571428571427,0.42857142857142855,0.20588235294117646,0.0,0.0,0.7142857142857143,0.504069306200903,0.3902844233671598,0.33883928571428573,0.44290143802239884,NaN,NaN,NaN,NaN,4.767857142857143,5.457242298679207,2.304774217760449,1.016433829876212,5.083333333333334,0.23214285714285715,0.35253712703132783,6.0,10.0,2.1264822134387353,1.0992067825503042,0.04411764705882353,0.0
217,1,68.0,287.0,4.220588235294118,0.06299385425812117,0.16417910447761194,0.08955223880597014,0.23214285714285715,0.6071428571428571,0.2857142857142857,0.44642857142857145,0.20588235294117646,0.0,0.07142857142857142,0.7142857142857143,0.5510568153915826,0.4048608923656447,0.3652236283957019,0.4618660480308281,NaN,NaN,NaN,NaN,5.125,5.9515085940839025,2.243382922107347,0.8768592868088643,4.25,0.30357142857142855,0.42773700318963187,5.0,12.0,1.8729763387297633,0.7935553905012309,0.07352941176470588,0.0
218,1,68.0,229.0,3.3676470588235294,0.05026338893766462,0.16417910447761194,0.11940298507462686,0.21428571428571427,0.625,0.25,0.4642857142857143,0.20588235294117646,0.0,0.07142857142857142,0.5714285714285714,0.5554394420695627,0.40305648633427404,0.36303094955931087,0.45492161120736513,NaN,NaN,NaN,NaN,4.089285714285714,4.3912176224587425,2.246822986432891,0.9145628599848652,4.735294117647059,0.26785714285714285,0.41025309035833124,6.0,10.0,2.0704,1.0925904292798139,0.04411764705882353,0.0
219,1,68.0,244.0,3.588235294117647,0.053555750658472345,0.16417910447761194,0.14925373134328357,0.25,0.6428571428571429,0.25,0.42857142857142855,0.20588235294117646,0.0,0.07142857142857142,0.5714285714285714,0.4728981092771531,0.4139388645260918,0.352125104427736,0.4590910538889258,NaN,NaN,NaN,NaN,4.357142857142857,4.184076183160807,2.288510081477126,1.0311794587565997,5.4,0.21428571428571427,0.43945899186194703,4.0,9.0,1.7352941176470589,0.842468897110121,0.029411764705882353,0.0
22,1,68.0,259.0,3.8088235294117645,0.05684811237928007,0.16417910447761194,0.05970149253731343,0.26785714285714285,0.6071428571428571,0.23214285714285715,0.42857142857142855,0.20588235294117646,0.0,0.07142857142857142,0.5714285714285714,0.5558997629569614,0.4060025014006235,0.35429238159501314,0.4495595017651416,NaN,NaN,NaN,NaN,4.625,5.133003728103777,2.2872334343420304,0.9637493317858619,4.583333333333334,0.2857142857142857,0.41936003681891115,4.0,11.0,1.9202898550724639,0.857491482758215,0.10294117647058823,0.0
220,1,68.0,256.0,3.764705882352941,0.056189640035118525,0.16417910447761194,0.1044776119402985,0.2857142857142857,0.625,0.25,0.4107142857142857,0.20588235294117646,0.0,0.07142857142857142,0.6428571428571429,0.5469532088929848,0.4039697090990327,0.3563988095238096,0.46005779648463857,NaN,NaN,NaN,NaN,4.571428571428571,5.0447349434187965,2.278249362336506,0.9740777564297032,4.75,0.25,0.4191646269937845,4.0,10.0,1.7065026362038664,0.7267353445351062,0.07352941176470588,0.0
221,1,68.0,235.0,3.4558823529411766,0.051580333625987705,0.16417910447761194,0.05970149253731343,0.26785714285714285,0.625,0.17857142857142858,0.39285714285714285,0.20588235294117646,0.0,0.07142857142857142,0.5714285714285714,0.4989844635770974,0.40450916328699255,0.3194798752834466,0.42839093038330006,NaN,NaN,NaN,NaN,4.196428571428571,5.0106056351671535,2.287046700878224,0.9862032745475721,4.826086956521739,0.23214285714285715,0.44706139377387233,4.0,10.0,1.7606177606177607,0.7846651669406913,0.07352941176470588,0.0
222,1,68.0,237.0,3.485294117647059,0.05201931518876207,0.16417910447761194,0.1044776119402985,0.26785714285714285,0.625,0.25,0.4107142857142857,0.20588235294117646,0.0,0.0,0.5714285714285714,0.5681069552957397,0.41327921270961887,0.35153695250029837,0.4554156171178459,NaN,NaN,NaN,NaN,4.232142857142857,5.569367750728725,2.3557631212910266,1.1539725156953222,5.875,0.25,0.4473963754098372,6.0,9.0,1.8221757322175731,1.0756353855653324,0.029411764705882353,0.0
223,1,68.0,235.0,3.4558823529411766,0.051580333625987705,0.16417910447761194,0.08955223880597014,0.2857142857142857,0.625,0.25,0.42857142857142855,0.20588235294117646,0.0,0.07142857142857142,0.5714285714285714,0.5613716053092712,0.39302129437399375,0.35315688775510207,0.45258535083369134,NaN,NaN,NaN,NaN,4.196428571428571,4.481962406467396,2.3509802444520074,1.1197788474780481,5.416666666666666,0.25,0.5539311015080216,5.0,12.0,2.0404191616766467,0.9991815861148966,0.11764705882352941,0.0
224,1,68.0,234.0,3.4411764705882355,0.051360842844600525,0.16417910447761194,0.07462686567164178,0.25,0.6428571428571429,0.23214285714285715,0.42857142857142855,0.20588235294117646,0.0,0.07142857142857142,0.5714285714285714,0.4938223086770437,0.4012102755663213,0.34753465780251497,0.4496717560057668,NaN,NaN,NaN,NaN,4.178571428571429,4.973044221718607,2.2893821588894716,1.0071324943132662,5.111111111111111,0.25,0.3956088667690038,5.0,10.0,1.810760667903525,0.8389868072192964,0.04411764705882353,0.0
225,1,68.0,252.0,3.7058823529411766,0.0553116769095698,0.16417910447761194,0.11940298507462686,0.2857142857142857,0.6071428571428571,0.19642857142857142,0.4107142857142857,0.20588235294117646,0.0,0.0,0.5714285714285714,0.5082521515099546,0.40531370700817726,0.3288527911164466,0.44036999105799773,NaN,NaN,NaN,NaN,4.5,5.3189199177003115,2.2793852111013955,0.9700489744480123,5.214285714285714,0.21428571428571427,0.34663349121196924,5.0,9.0,1.8505338078291815,0.9733021139881763,0.04411764705882353,0.0
226,1,68.0,242.0,3.5588235294117645,0.05311676909569798,0.16417910447761194,0.13432835820895522,0.2857142857142857,0.625,0.26785714285714285,0.4107142857142857,0.20588235294117646,0.0,0.07142857142857142,0.5714285714285714,0.5129717848623079,0.417177811310607,0.36640447845804985,0.46427224778379683,NaN,NaN,NaN,NaN,4.321428571428571,4.272989768118052,2.267273243533317,0.9471192367068182,4.5,0.21428571428571427,0.3775881825669105,4.0,7.0,1.6733870967741935,0.7400364578480453,0.08823529411764706,0.0
227,1,68.0,257.0,3.7794117647058822,0.056409130816505705,0.16417910447761194,0.07462686567164178,0.2857142857142857,0.625,0.25,0.39285714285714285,0.20588235294117646,0.0,0.0,0.5714285714285714,0.4927148379857821,0.4167877386231858,0.3481032052460624,0.46177883806772313,NaN,NaN,NaN,NaN,4.589285714285714,6.193183307517987,2.3907859247001566,1.2164031555404333,5.7,0.19642857142857142,0.4361570610285937,6.0,11.0,1.9268292682926829,1.1122576964003918,0.08823529411764706,0.0
228,1,68.0,266.0,3.911764705882353,0.058384547848990345,0.16417910447761194,0.07462686567164178,0.2857142857142857,0.6428571428571429,0.30357142857142855,0.39285714285714285,0.20588235294117646,0.0,0.07142857142857142,0.6428571428571429,0.5281323439198976,0.41808673692380705,0.35681818181818187,0.46975683880419006,NaN,NaN,NaN,NaN,4.75,5.191776714627224,2.3446295188952653,1.1033164192693952,4.9523809523809526,0.25,0.49866442300011726,5.0,12.0,2.1483312731767614,1.025781667186602,0.08823529411764706,0.0
229,1,68.0,235.0,3.4558823529411766,0.051580333625987705,0.16417910447761194,0.1044776119402985,0.2857142857142857,0.6071428571428571,0.23214285714285715,0.42857142857142855,0.20588235294117646,0.0,0.0,0.7142857142857143,0.4807147992909635,0.4135772288549877,0.3519530004751679,0.4484242324715663,NaN,NaN,NaN,NaN,4.196428571428571,6.405735052157681,2.2616729835069487,0.9106067134923537,4.72972972972973,0.23214285714285715,0.4866383776222663,5.0,12.0,2.0129682997118157,0.8964281255488514,0.10294117647058823,0.0
23,1,68.0,275.0,4.044117647058823,0.06035996488147498,0.16417910447761194,0.11940298507462686,0.25,0.625,0.16071428571428573,0.39285714285714285,0.20588235294117646,0.0,0.0,0.5714285714285714,0.46076381706891173,0.38907333832056634,0.32674319727891155,0.4288691825383024,NaN,NaN,NaN,NaN,4.910714285714286,7.423003032868438,2.2533069525947225,0.9510022166248219,4.9523809523809526,0.26785714285714285,0.38221741969391504,4.0,10.0,1.822695035460993,0.9482802078802288,0.029411764705882353,0.0
230,1,68.0,296.0,4.352941176470588,0.0649692712906058,0.16417910447761194,0.07462686567164178,0.23214285714285715,0.6428571428571429,0.21428571428571427,0.39285714285714285,0.20588235294117646,0.0,0.0,0.5714285714285714,0.4676138000786233,0.39201295498396016,0.3204534774436091,0.44621871248032535,NaN,NaN,NaN,NaN,5.285714285714286,6.5801748683983545,2.317109414514881,1.0522145284471893,5.090909090909091,0.2857142857142857,0.34370109803293575,5.0,10.0,2.0709914320685434,0.9900748244525437,0.0,0.0
231,1,68.0,308.0,4.529411764705882,0.06760316066725197,0.16417910447761194,0.08955223880597014,0.17857142857142858,0.625,0.23214285714285715,0.44642857142857145,0.20588235294117646,0.0,0.07142857142857142,0.5714285714285714,0.5267555434002215,0.38451153694451057,0.35476601931095025,0.44409539177518814,NaN,NaN,NaN,NaN,5.5,7.009085013557242,2.28358501145856,0.9898728960607759,4.7,0.35714285714285715,0.43295055145076583,5.0,10.0,1.9498806682577565,0.929983098770401,0.07352941176470588,0.0
232,1,68.0,236.0,3.4705882352941178,0.05179982440737489,0.16417910447761194,0.1044776119402985,0.30357142857142855,0.6071428571428571,0.21428571428571427,0.4107142857142857,0.20588235294117646,0.0,0.0,0.5714285714285714,0.4278550930365133,0.40467354768000924,0.3397321428571428,0.4417509670018186,NaN,NaN,NaN,NaN,4.214285714285714,5.941271017105793,2.2560784809857957,0.9117931396152424,5.0,0.17857142857142858,0.32999276375692344,4.0,8.0,1.6396588486140724,0.7339483805060063,0.029411764705882353,0.0
233,1,68.0,265.0,3.8970588235294117,0.05816505706760316,0.16417910447761194,0.0,0.26785714285714285,0.6428571428571429,0.23214285714285715,0.4107142857142857,0.20588235294117646,0.0,0.07142857142857142,0.5714285714285714,0.5450863285131857,0.4057539320904099,0.3373286435786436,0.4464364639936662,NaN,NaN,NaN,NaN,4.732142857142857,7.791583037725148,2.2563123551036095,0.9366545374025187,4.708333333333334,0.21428571428571427,0.44095548815082236,4.0,10.0,1.8589909443725743,0.7355076609716189,0.058823529411764705,0.0
234,1,68.0,271.0,3.985294117647059,0.05948200175592625,0.16417910447761194,0.07462686567164178,0.26785714285714285,0.625,0.26785714285714285,0.44642857142857145,0.20588235294117646,0.0,0.07142857142857142,0.6428571428571429,0.5256261508513643,0.4075157567525448,0.3667119565217391,0.4565777847366957,NaN,NaN,NaN,NaN,4.839285714285714,5.735937066075081,2.26978347521836,0.942985793314812,4.541666666666666,0.25,0.4042642246916528,6.0,11.0,1.8646616541353382,0.8966298588175406,0.04411764705882353,0.0
235,1,68.0,290.0,4.264705882352941,0.0636523266022827,0.16417910447761194,0.08955223880597014,0.26785714285714285,0.6607142857142857,0.23214285714285715,0.39285714285714285,0.20588235294117646,0.0,0.07142857142857142,0.6428571428571429,0.5085850988450864,0.4103637405700735,0.3438379329004329,0.4586387690421335,NaN,NaN,NaN,NaN,5.178571428571429,6.211740036874877,2.279670784909738,1.0133066915760855,5.076923076923077,0.19642857142857142,0.4277739520785853,5.0,12.0,1.859304084720121,0.9373683987462662,0.04411764705882353,0.0
236,1,68.0,270.0,3.9705882352941178,0.05926251097453907,0.16417910447761194,0.11940298507462686,0.26785714285714285,0.6071428571428571,0.23214285714285715,0.4107142857142857,0.20588235294117646,0.0,0.0,0.7142857142857143,0.5072781054013378,0.3946708043604072,0.3324968434343435,0.44813927535781534,NaN,NaN,NaN,NaN,4.821428571428571,7.343784367148102,2.2628876763820087,0.9307164272980487,5.0,0.25,0.3582199516156007,5.0,10.0,1.8253275109170306,0.788990665427202,0.058823529411764705,0.0
237,1,68.0,260.0,3.823529411764706,0.05706760316066725,0.16417910447761194,0.08955223880597014,0.26785714285714285,0.6071428571428571,0.25,0.4107142857142857,0.20588235294117646,0.0,0.07142857142857142,0.5714285714285714,0.4912670476039714,0.42515600827906275,0.35337683150183147,0.46373517567388,NaN,NaN,NaN,NaN,4.642857142857143,5.0251316452355805,2.2931755803936293,0.9882328833131949,5.054054054054054,0.25,0.4241520643156775,4.0,9.0,1.9362670713201822,0.9086909126678432,0.04411764705882353,0.0
238,1,68.0,203.0,2.985294117647059,0.04455662862159789,0.16417910447761194,0.19402985074626866,0.2857142857142857,0.6607142857142857,0.19642857142857142,0.39285714285714285,0.20588235294117646,0.0,0.14285714285714285,0.5714285714285714,0.4766814631587267,0.42335664569284165,0.3513392857142857,0.45385769803423537,NaN,NaN,NaN,NaN,3.625,3.729794047446003,2.236624331550802,0.9310145397904667,4.625,0.17857142857142858,0.35365809983343444,4.0,9.0,1.5135135135135136,0.7222563148251366,0.04411764705882353,0.0
239,1,68.0,308.0,4.529411764705882,0.06760316066725197,0.16417910447761194,0.029850746268656716,0.25,0.625,0.19642857142857142,0.44642857142857145,0.20588235294117646,0.0,0.07142857142857142,0.6428571428571429,0.5547164858332223,0.39258761151583177,0.3592778368021503,0.4461141190813701,NaN,NaN,NaN,NaN,5.5,6.597520195291009,2.2006885221366463,0.8335202666044933,4.333333333333334,0.21428571428571427,0.37295702696474287,4.0,10.0,1.734087694483734,0.7451528795009317,0.058823529411764705,0.0
24,1,68.0,250.0,3.676470588235294,0.05487269534679543,0.16417910447761194,0.05970149253731343,0.26785714285714285,0.6428571428571429,0.2857142857142857,0.4107142857142857,0.20588235294117646,0.0,0.14285714285714285,0.5714285714285714,0.5329577134048697,0.4138492487749494,0.36193649187070237,0.4696819085349193,NaN,NaN,NaN,NaN,4.464285714285714,5.957315703369296,2.3041295995080495,1.065691563383883,5.5,0.19642857142857142,0.4833297904701659,5.0,11.0,1.7872340425531914,0.9386157388385551,0.058823529411764705,0.0
240,1,68.0,244.0,3.588235294117647,0.053555750658472345,0.16417910447761194,0.1044776119402985,0.30357142857142855,0.625,0.26785714285714285,0.39285714285714285,0.20588235294117646,0.0,0.0,0.6428571428571429,0.5356182904140657,0.4221938098724566,0.3528818325575844,0.46378976524218524,NaN,NaN,NaN,NaN,4.357142857142857,4.952239425217174,2.2859708527317792,0.9852919024159741,5.046511627906977,0.19642857142857142,0.411532596142811,5.0,11.0,1.914855072463768,0.9835287670333841,0.10294117647058823,0.0
241,1,68.0,257.0,3.7794117647058822,0.056409130816505705,0.16417910447761194,0.14925373134328357,0.2857142857142857,0.625,0.14285714285714285,0.42857142857142855,0.20588235294117646,0.0,0.0,0.5714285714285714,0.45999770135051765,0.3662983052205151,0.3178393901420217,0.41667112930032374,NaN,NaN,NaN,NaN,4.589285714285714,5.280415912387225,2.257513880312309,0.9261624130352085,4.576923076923077,0.23214285714285715,0.4039813893026929,4.0,11.0,1.8035426731078905,0.7808516918777384,0.10294117647058823,0.0
242,1,68.0,262.0,3.8529411764705883,0.05750658472344162,0.16417910447761194,0.1044776119402985,0.25,0.625,0.23214285714285715,0.42857142857142855,0.20588235294117646,0.0,0.07142857142857142,0.5714285714285714,0.5423346633768601,0.4070813116751332,0.34753465780251497,0.4512134495315922,NaN,NaN,NaN,NaN,4.678571428571429,4.247382692936881,2.2420916553734664,0.8956896060008077,4.411764705882353,0.23214285714285715,0.32049308912943403,5.0,9.0,1.8075040783034257,0.8568118832818634,0.07352941176470588,0.0
243,1,68.0,224.0,3.2941176470588234,0.04916593503072871,0.16417910447761194,0.029850746268656716,0.26785714285714285,0.625,0.25,0.4107142857142857,0.20588235294117646,0.0,0.07142857142857142,0.6428571428571429,0.4888981354798568,0.4053782087954957,0.33303571428571427,0.4442100640107272,NaN,NaN,NaN,NaN,4.0,6.240629338893197,2.2821073550510653,0.99166033201092,4.756756756756756,0.26785714285714285,0.48430674179589267,4.0,11.0,1.838095238095238,0.8417063902578765,0.08823529411764706,0.0
244,1,68.0,262.0,3.8529411764705883,0.05750658472344162,0.16417910447761194,0.08955223880597014,0.2857142857142857,0.6071428571428571,0.19642857142857142,0.39285714285714285,0.20588235294117646,0.0,0.0,0.6428571428571429,0.51342621662011,0.39627417871851695,0.3348323303680446,0.44819524821845097,NaN,NaN,NaN,NaN,4.678571428571429,6.755757525271294,2.343520365949193,1.076921893722834,5.3,0.26785714285714285,0.386731441159632,5.0,9.0,2.167315175097276,1.0290686385627117,0.058823529411764705,0.0
245,1,68.0,291.0,4.279411764705882,0.06387181738366988,0.16417910447761194,0.05970149253731343,0.25,0.6071428571428571,0.23214285714285715,0.42857142857142855,0.20588235294117646,0.0,0.07142857142857142,0.5714285714285714,0.5466981714274789,0.4103817485278637,0.34322439120575765,0.4492115691573079,NaN,NaN,NaN,NaN,5.196428571428571,6.2796052072118,2.2989465724815243,0.9928126892782049,5.0,0.26785714285714285,0.4586074390455741,5.0,11.0,1.891218872870249,0.8480107697901558,0.08823529411764706,0.0
246,1,68.0,297.0,4.367647058823529,0.06518876207199298,0.16417910447761194,0.07462686567164178,0.25,0.6071428571428571,0.19642857142857142,0.4107142857142857,0.20588235294117646,0.0,0.0,0.5714285714285714,0.49135064631807757,0.3961102425259175,0.338743894993895,0.4449744437466598,NaN,NaN,NaN,NaN,5.303571428571429,6.6794655280388815,2.335435110934592,1.0873366996541112,5.666666666666666,0.2857142857142857,0.353325590402221,6.0,9.0,2.114441416893733,1.1947971115481844,0.029411764705882353,0.0
247,1,68.0,274.0,4.029411764705882,0.0601404741000878,0.16417910447761194,0.08955223880597014,0.23214285714285715,0.6428571428571429,0.25,0.42857142857142855,0.20588235294117646,0.0,0.07142857142857142,0.5714285714285714,0.5213620419370157,0.40122773434140363,0.34971909218232744,0.4463901380146757,NaN,NaN,NaN,NaN,4.892857142857143,5.726107900512502,2.2093465240040318,0.8491852671436629,4.1684210526315795,0.25,0.355256533178462,4.0,9.0,1.7893982808022924,0.7422884728118507,0.058823529411764705,0.0
248,1,68.0,286.0,4.205882352941177,0.06277436347673397,0.16417910447761194,0.1044776119402985,0.26785714285714285,0.625,0.26785714285714285,0.4107142857142857,0.20588235294117646,0.0,0.0,0.6428571428571429,0.53161087662232,0.41847353405530124,0.352721552356501,0.4552605546415212,NaN,NaN,NaN,NaN,5.107142857142857,7.660236339645192,2.229642360752943,0.8613375978473936,4.214285714285714,0.23214285714285715,0.32700568739996855,4.0,9.0,1.7132132132132132,0.6982510091399782,0.058823529411764705,0.0
249,1,68.0,267.0,3.926470588235294,0.058604038630377525,0.16417910447761194,0.16417910447761194,0.2857142857142857,0.625,0.17857142857142858,0.4107142857142857,0.20588235294117646,0.0,0.0,0.6428571428571429,0.487594245137028,0.3967905017650447,0.33217893217893213,0.4409987735016032,NaN,NaN,NaN,NaN,4.767857142857143,5.608406260179516,2.2795843494637986,0.9655831984245521,4.888888888888889,0.19642857142857142,0.28923265903178286,4.0,7.0,1.6893203883495145,0.8325705145770173,0.029411764705882353,0.0
25,1,68.0,271.0,3.985294117647059,0.05948200175592625,0.16417910447761194,0.05970149253731343,0.23214285714285715,0.625,0.26785714285714285,0.42857142857142855,0.20588235294117646,0.0,0.07142857142857142,0.6428571428571429,0.5290168579962431,0.4187637793458281,0.3530503101623791,0.4561623410285591,NaN,NaN,NaN,NaN,4.839285714285714,6.54155051321039,2.2700191821512066,0.9503897600752244,4.75,0.26785714285714285,0.48154853870528347,5.0,11.0,1.965612104539202,0.9301650543818675,0.07352941176470588,0.0
250,1,68.0,228.0,3.3529411764705883,0.05004389815627744,0.16417910447761194,0.029850746268656716,0.26785714285714285,0.625,0.26785714285714285,0.39285714285714285,0.20588235294117646,0.0,0.0,0.5714285714285714,0.5195724424371579,0.4130360529106018,0.3436110481895365,0.4608395420203941,NaN,NaN,NaN,NaN,4.071428571428571,6.569508471601323,2.296027836069396,1.0107650725158477,5.285714285714286,0.25,0.40279087045651596,5.0,9.0,1.862135922330097,0.9159329517768515,0.08823529411764706,0.0
251,1,68.0,215.0,3.161764705882353,0.04719051799824407,0.16417910447761194,0.07462686567164178,0.2857142857142857,0.625,0.26785714285714285,0.375,0.20588235294117646,0.0,0.07142857142857142,0.5714285714285714,0.5493483074934898,0.4365615514887918,0.341765873015873,0.46471059634117623,NaN,NaN,NaN,NaN,3.8392857142857144,5.89229631333624,2.3956681898237764,1.2282864670008997,5.472222222222222,0.23214285714285715,0.5510385234413271,6.0,12.0,2.384297520661157,1.173136668838356,0.10294117647058823,0.0
252,1,68.0,225.0,3.3088235294117645,0.04938542581211589,0.16417910447761194,0.16417910447761194,0.23214285714285715,0.6071428571428571,0.21428571428571427,0.44642857142857145,0.20588235294117646,0.0,0.07142857142857142,0.5714285714285714,0.4863027132631012,0.40563543535564567,0.3505102040816327,0.44422527137010887,NaN,NaN,NaN,NaN,4.017857142857143,4.166930727563357,2.312395143908714,1.0476099538913795,4.916666666666666,0.2857142857142857,0.5215364580774164,4.0,11.0,1.9248251748251748,0.901222639579234,0.10294117647058823,0.0
253,1,68.0,298.0,4.382352941176471,0.06540825285338016,0.16417910447761194,0.11940298507462686,0.26785714285714285,0.6071428571428571,0.21428571428571427,0.39285714285714285,0.20588235294117646,0.0,0.0,0.6428571428571429,0.4751744040920914,0.4156248366361528,0.34267924274973144,0.45285030416930233,NaN,NaN,NaN,NaN,5.321428571428571,6.495053062578803,2.2849553027788536,0.9586757818483927,5.0,0.25,0.33104506640235043,5.0,9.0,1.751602564102564,0.8503595665087598,0.04411764705882353,0.0
254,1,68.0,241.0,3.5441176470588234,0.0528972783143108,0.16417910447761194,0.05970149253731343,0.25,0.6071428571428571,0.25,0.42857142857142855,0.20588235294117646,0.0,0.07142857142857142,0.5714285714285714,0.5501787587966348,0.42145015858056734,0.3508637794198139,0.45516080017008126,NaN,NaN,NaN,NaN,4.303571428571429,5.790021644981186,2.294239084200151,1.014775346494382,5.02,0.25,0.3911091846970974,5.0,9.0,1.9390444810543657,0.9340856048350625,0.058823529411764705,0.0
255,1,68.0,290.0,4.264705882352941,0.0636523266022827,0.16417910447761194,0.1044776119402985,0.26785714285714285,0.6071428571428571,0.21428571428571427,0.4107142857142857,0.20588235294117646,0.0,0.0,0.5714285714285714,0.4534332951091713,0.4160405434559182,0.3492452009539448,0.449701394559917,NaN,NaN,NaN,NaN,5.178571428571429,6.801355861770618,2.2532532396820426,0.9203800735629648,5.0,0.25,0.37415674757501466,4.0,9.0,1.5740402193784278,0.6763283918463978,0.04411764705882353,0.0
256,1,68.0,262.0,3.8529411764705883,0.05750658472344162,0.16417910447761194,0.11940298507462686,0.30357142857142855,0.6071428571428571,0.16071428571428573,0.4107142857142857,0.20588235294117646,0.0,0.0,0.6428571428571429,0.4657167171993021,0.39648496246251214,0.3355611628709455,0.43842654535870546,NaN,NaN,NaN,NaN,4.678571428571429,5.815675190558524,2.3427287291367627,1.1101243815750064,6.5,0.25,0.3488161816307484,6.0,8.0,1.964573268921095,1.0435830120746257,0.058823529411764705,0.0
257,1,68.0,231.0,3.3970588235294117,0.05070237050043898,0.16417910447761194,0.14925373134328357,0.26785714285714285,0.6071428571428571,0.23214285714285715,0.4107142857142857,0.20588235294117646,0.0,0.0,0.5714285714285714,0.5169997081573545,0.40566432533137636,0.3425949546485261,0.45380735272049516,NaN,NaN,NaN,NaN,4.125,3.818912267791826,2.2815164353333537,0.9664218289081999,4.925925925925926,0.25,0.35698729841503263,4.0,10.0,1.8890784982935154,0.8611164512105388,0.058823529411764705,0.0
258,1,68.0,260.0,3.823529411764706,0.05706760316066725,0.16417910447761194,0.11940298507462686,0.2857142857142857,0.6071428571428571,0.23214285714285715,0.42857142857142855,0.20588235294117646,0.0,0.0,0.5714285714285714,0.5532942845556471,0.4008649975720274,0.3557327097505669,0.45290012182473105,NaN,NaN,NaN,NaN,4.642857142857143,4.676551065703214,2.2758278799612865,0.9386783146127702,4.571428571428571,0.26785714285714285,0.371731839447073,4.0,10.0,1.7902439024390244,0.7677767974958736,0.08823529411764706,0.0
259,1,68.0,201.0,2.9558823529411766,0.04411764705882353,0.16417910447761194,0.19402985074626866,0.32142857142857145,0.6071428571428571,0.26785714285714285,0.375,0.20588235294117646,0.0,0.07142857142857142,0.5714285714285714,0.446105118183637,0.4325457853626208,0.33767507002801117,0.46208946299341613,NaN,NaN,NaN,NaN,3.5892857142857144,4.062139094858032,2.312370314471475,1.0294190988636,5.333333333333334,0.23214285714285715,0.3580617377567348,5.0,11.0,1.8775981524249423,0.9936286637763928,0.058823529411764705,0.0
26,1,68.0,248.0,3.6470588235294117,0.05443371378402107,0.16417910447761194,0.1044776119402985,0.23214285714285715,0.625,0.25,0.44642857142857145,0.20588235294117646,0.0,0.07142857142857142,0.6428571428571429,0.5199273861617322,0.40122995500127523,0.35758928571428567,0.45189000259290274,NaN,NaN,NaN,NaN,4.428571428571429,4.3770357044970005,2.3044237411087,1.0219445681153354,4.774193548387097,0.2857142857142857,0.4458951358736345,5.0,11.0,1.9152,0.9168172370510088,0.029411764705882353,0.0
260,1,68.0,245.0,3.6029411764705883,0.053775241439859525,0.16417910447761194,0.1044776119402985,0.26785714285714285,0.6071428571428571,0.26785714285714285,0.39285714285714285,0.20588235294117646,0.0,0.07142857142857142,0.6428571428571429,0.48330057591218306,0.4022485400489204,0.34653679653679653,0.4573202463124306,NaN,NaN,NaN,NaN,4.375,6.462654956819921,2.341702112724738,1.0860515798702355,5.666666666666666,0.2857142857142857,0.4018896278581079,5.0,10.0,1.7216035634743876,0.9638562400149956,0.07352941176470588,0.0
261,1,68.0,204.0,3.0,0.04477611940298507,0.16417910447761194,0.1791044776119403,0.2857142857142857,0.625,0.19642857142857142,0.39285714285714285,0.20588235294117646,0.0,0.0,0.6428571428571429,0.4178257008343588,0.42648850606271355,0.3209834312512884,0.43567846076656946,NaN,NaN,NaN,NaN,3.642857142857143,5.303270248127595,2.228579001489627,0.870972564205764,4.5625,0.17857142857142858,0.3521006003570736,4.0,8.0,1.7983367983367984,0.8434041506481706,0.058823529411764705,0.0
262,1,68.0,204.0,3.0,0.04477611940298507,0.16417910447761194,0.14925373134328357,0.26785714285714285,0.625,0.17857142857142858,0.44642857142857145,0.20588235294117646,0.0,0.0,0.5714285714285714,0.5173172117647563,0.3962852904294068,0.34852027932385077,0.4414218693790743,NaN,NaN,NaN,NaN,3.642857142857143,3.227318455867722,2.2822005506748155,0.9867556552608565,4.8,0.25,0.4051024341705309,4.0,9.0,1.8800813008130082,0.8957068875515392,0.058823529411764705,0.0
263,1,68.0,265.0,3.8970588235294117,0.05816505706760316,0.16417910447761194,0.08955223880597014,0.2857142857142857,0.6428571428571429,0.23214285714285715,0.4107142857142857,0.20588235294117646,0.0,0.0,0.5714285714285714,0.5008759414222065,0.42021222295613714,0.34162974400286433,0.45136848893761067,NaN,NaN,NaN,NaN,4.732142857142857,6.691897601315602,2.3632410956243524,1.185954489419387,6.095238095238095,0.21428571428571427,0.4153882969092388,6.0,11.0,2.1273006134969323,1.2057428181805996,0.10294117647058823,0.0
264,1,68.0,303.0,4.455882352941177,0.06650570676031607,0.16417910447761194,0.11940298507462686,0.25,0.6428571428571429,0.21428571428571427,0.39285714285714285,0.20588235294117646,0.0,0.0,0.5714285714285714,0.4853598766443226,0.4210616315576526,0.34102009102009107,0.4546387468976395,NaN,NaN,NaN,NaN,5.410714285714286,8.671325337967842,2.262641333666707,0.9645256695411504,5.0,0.21428571428571427,0.30700415824069577,5.0,8.0,1.9585714285714286,1.0987042514192138,0.058823529411764705,0.0
265,1,68.0,284.0,4.176470588235294,0.06233538191395961,0.16417910447761194,0.11940298507462686,0.21428571428571427,0.6071428571428571,0.23214285714285715,0.42857142857142855,0.20588235294117646,0.0,0.0,0.5714285714285714,0.48332951265738966,0.39504462624071696,0.3419563075813076,0.4457618906101846,NaN,NaN,NaN,NaN,5.071428571428571,5.263449069184207,2.319374046424335,1.0361668311674765,4.833333333333334,0.32142857142857145,0.4295335226564962,5.0,11.0,1.78060413354531,0.8443549628155772,0.10294117647058823,0.0
266,1,68.0,209.0,3.073529411764706,0.045873573309920986,0.16417910447761194,0.16417910447761194,0.2857142857142857,0.625,0.30357142857142855,0.42857142857142855,0.20588235294117646,0.0,0.07142857142857142,0.7142857142857143,0.5280779404149352,0.4253652309277906,0.36000631313131315,0.4694553708907129,NaN,NaN,NaN,NaN,3.732142857142857,4.367196194058906,2.361656887206759,1.1237487778955437,5.545454545454545,0.25,0.4246633586610868,7.0,10.0,2.4174454828660434,1.36944857811445,0.04411764705882353,0.0
267,1,68.0,230.0,3.3823529411764706,0.0504828797190518,0.16417910447761194,0.1044776119402985,0.26785714285714285,0.6428571428571429,0.21428571428571427,0.4107142857142857,0.20588235294117646,0.0,0.0,0.5714285714285714,0.49667884812637714,0.3988514408836463,0.34699117585630745,0.4477566543233463,NaN,NaN,NaN,NaN,4.107142857142857,5.0728459698443675,2.334545296865443,1.102869236542395,5.739130434782609,0.26785714285714285,0.41873849458077866,6.0,12.0,2.0925324675324677,1.105584971418048,0.07352941176470588,0.0
268,1,68.0,280.0,4.117647058823529,0.061457418788410885,0.16417910447761194,0.029850746268656716,0.26785714285714285,0.6428571428571429,0.25,0.4107142857142857,0.20588235294117646,0.0,0.0,0.5714285714285714,0.5135911385618613,0.40017767335026655,0.3479006582390041,0.45826704201920654,NaN,NaN,NaN,NaN,5.0,5.865151319446072,2.3072229634795143,1.0423580799162515,5.3,0.23214285714285715,0.43337075021811816,5.0,11.0,2.136969696969697,1.0319662777205736,0.07352941176470588,0.0
269,1,68.0,261.0,3.838235294117647,0.05728709394205443,0.16417910447761194,0.014925373134328358,0.25,0.625,0.19642857142857142,0.4107142857142857,0.20588235294117646,0.0,0.07142857142857142,0.6428571428571429,0.46901270050687355,0.4025106635776616,0.33556901927437643,0.4417962706215968,NaN,NaN,NaN,NaN,4.660714285714286,6.197585411679693,2.250599488207421,0.9398562241778821,5.25,0.19642857142857142,0.42182144755546486,6.0,9.0,2.0714285714285716,1.1718652764756716,0.058823529411764705,0.0
27,1,68.0,204.0,3.0,0.04477611940298507,0.16417910447761194,0.11940298507462686,0.2857142857142857,0.6071428571428571,0.21428571428571427,0.39285714285714285,0.20588235294117646,0.0,0.0,0.6428571428571429,0.4523450802005982,0.4063894933886719,0.32422686179735055,0.43667759746239754,NaN,NaN,NaN,NaN,3.642857142857143,5.272324212091153,2.2695357304562664,0.9379972784845632,4.767441860465116,0.21428571428571427,0.34773976718412664,4.0,9.0,1.6856435643564356,0.7830029562282644,0.04411764705882353,0.0
270,1,68.0,265.0,3.8970588235294117,0.05816505706760316,0.16417910447761194,0.11940298507462686,0.30357142857142855,0.6428571428571429,0.19642857142857142,0.39285714285714285,0.20588235294117646,0.0,0.07142857142857142,0.6428571428571429,0.5239471676454671,0.40307360727353986,0.33876069367140793,0.4463016073785939,NaN,NaN,NaN,NaN,4.732142857142857,6.661943673320384,2.1982821303529922,0.8317097166051116,4.272727272727273,0.17857142857142858,0.3205495013544635,4.0,8.0,1.618348623853211,0.6650637322421625,0.04411764705882353,0.0
271,1,68.0,219.0,3.2205882352941178,0.0480684811237928,0.16417910447761194,0.13432835820895522,0.25,0.625,0.19642857142857142,0.42857142857142855,0.20588235294117646,0.0,0.0,0.6428571428571429,0.49581292683794675,0.4005138196159512,0.3472240870032223,0.44574655620760845,NaN,NaN,NaN,NaN,3.9107142857142856,4.683731168879962,2.3294993306226885,1.1186709167459323,5.888888888888889,0.26785714285714285,0.43236048443217256,5.0,11.0,1.8622881355932204,0.9904520068878193,0.08823529411764706,0.0
272,1,68.0,268.0,3.9411764705882355,0.058823529411764705,0.16417910447761194,0.04477611940298507,0.26785714285714285,0.6428571428571429,0.17857142857142858,0.42857142857142855,0.20588235294117646,0.0,0.0,0.5714285714285714,0.5016762260009278,0.3806367143289195,0.3312211819613135,0.4351217797518359,NaN,NaN,NaN,NaN,4.785714285714286,5.66557157740517,2.283771014185529,0.9837811663740864,4.875,0.23214285714285715,0.40892619316905393,4.0,13.0,2.01159793814433,0.9051078129020813,0.11764705882352941,0.0
273,1,68.0,296.0,4.352941176470588,0.0649692712906058,0.16417910447761194,0.0,0.21428571428571427,0.6607142857142857,0.23214285714285715,0.4107142857142857,0.20588235294117646,0.0,0.07142857142857142,0.6428571428571429,0.47731194538693344,0.40341677368949097,0.33960523603380743,0.4474493845296733,NaN,NaN,NaN,NaN,5.285714285714286,8.07625990331998,2.2461365952127874,0.9238980756262842,4.454545454545455,0.2857142857142857,0.4389479585625746,5.0,11.0,1.8891820580474934,0.8922766310746577,0.058823529411764705,0.0
274,1,68.0,212.0,3.1176470588235294,0.046532045654082525,0.16417910447761194,0.1044776119402985,0.26785714285714285,0.6071428571428571,0.26785714285714285,0.4107142857142857,0.20588235294117646,0.0,0.07142857142857142,0.5714285714285714,0.5367990891899892,0.4206689317440308,0.35785375978348327,0.4587218235996574,NaN,NaN,NaN,NaN,3.7857142857142856,4.923835481020447,2.195462892404699,0.8103341059805841,4.272727272727273,0.25,0.37670948133604265,5.0,9.0,1.8256029684601114,0.8152891692114834,0.029411764705882353,0.0
275,1,68.0,311.0,4.573529411764706,0.06826163301141353,0.16417910447761194,0.07462686567164178,0.23214285714285715,0.625,0.17857142857142858,0.4107142857142857,0.20588235294117646,0.0,0.0,0.5714285714285714,0.45066807616125615,0.3792670827860669,0.3330066237021124,0.4356728043638119,NaN,NaN,NaN,NaN,5.553571428571429,6.684907404967326,2.3453766303672223,1.1023272530411248,5.222222222222222,0.2857142857142857,0.4459127507675634,6.0,12.0,2.011764705882353,1.0774303573459891,0.10294117647058823,0.0
276,1,68.0,238.0,3.5,0.05223880597014925,0.16417910447761194,0.1044776119402985,0.25,0.625,0.14285714285714285,0.375,0.20588235294117646,0.0,0.0,0.7142857142857143,0.4536957621089449,0.39539564970719504,0.30372023809523807,0.4246616429009691,NaN,NaN,NaN,NaN,4.25,5.4112677056137395,2.275399185384192,0.9579733332631263,4.875,0.26785714285714285,0.3240184416256654,5.0,8.0,1.760154738878143,0.8262401855553445,0.029411764705882353,0.0
277,1,68.0,274.0,4.029411764705882,0.0601404741000878,0.16417910447761194,0.08955223880597014,0.23214285714285715,0.625,0.19642857142857142,0.42857142857142855,0.20588235294117646,0.0,0.0,0.6428571428571429,0.48824900634306495,0.4028537901959129,0.3422757644724556,0.4431476259238996,NaN,NaN,NaN,NaN,4.892857142857143,5.691072982163528,2.2393634945880376,0.8989994919827845,4.705882352941177,0.30357142857142855,0.3321070404059757,5.0,10.0,1.9152046783625731,0.9223766736952979,0.058823529411764705,0.0
278,1,68.0,214.0,3.1470588235294117,0.04697102721685689,0.16417910447761194,0.13432835820895522,0.2857142857142857,0.625,0.21428571428571427,0.39285714285714285,0.20588235294117646,0.0,0.07142857142857142,0.5714285714285714,0.45593760272482836,0.41850703651420956,0.3333049886621315,0.448275163478994,NaN,NaN,NaN,NaN,3.8214285714285716,3.613646573537811,2.330824622599956,1.0942879376344077,6.157894736842105,0.19642857142857142,0.46896724221753056,6.0,9.0,1.845291479820628,1.0624596353021343,0.04411764705882353,0.0
279,1,68.0,276.0,4.0588235294117645,0.06057945566286216,0.16417910447761194,0.05970149253731343,0.26785714285714285,0.6428571428571429,0.23214285714285715,0.42857142857142855,0.20588235294117646,0.0,0.07142857142857142,0.6428571428571429,0.47530874297676806,0.40720368110735783,0.35096037503352334,0.45185822031878675,NaN,NaN,NaN,NaN,4.928571428571429,7.003524159260869,2.2409923133691203,0.9147433299225278,4.8,0.21428571428571427,0.41931525070652853,4.0,8.0,1.7676470588235293,0.7394702511082543,0.0,0.0
28,1,68.0,220.0,3.235294117647059,0.048287971905179985,0.16417910447761194,0.14925373134328357,0.30357142857142855,0.625,0.26785714285714285,0.375,0.20588235294117646,0.0,0.07142857142857142,0.5714285714285714,0.5708400407576824,0.4218142716099739,0.3446428571428571,0.4616380271486179,NaN,NaN,NaN,NaN,3.9285714285714284,5.352508818241279,2.2341530012015647,0.8978417368348164,5.0,0.17857142857142858,0.24013602157565175,5.0,7.0,1.6616915422885572,0.8678089613472671,0.0,0.0
280,1,68.0,291.0,4.279411764705882,0.06387181738366988,0.16417910447761194,0.07462686567164178,0.23214285714285715,0.625,0.26785714285714285,0.44642857142857145,0.20588235294117646,0.0,0.07142857142857142,0.7142857142857143,0.5547747734893054,0.4042588846444564,0.36042007305621304,0.4585351986354684,NaN,NaN,NaN,NaN,5.196428571428571,7.732857034891951,2.266726375751206,0.947862847147292,4.833333333333334,0.25,0.35577006651427856,5.0,9.0,1.8782742681047766,0.9649599134355085,0.029411764705882353,0.0
281,1,68.0,225.0,3.3088235294117645,0.04938542581211589,0.16417910447761194,0.19402985074626866,0.25,0.625,0.17857142857142858,0.39285714285714285,0.20588235294117646,0.0,0.07142857142857142,0.5714285714285714,0.4373572234746899,0.4181475341638698,0.33890578667364374,0.44599917870464595,NaN,NaN,NaN,NaN,4.017857142857143,3.7294458346738635,2.3500607655585917,1.1631849950199793,6.2727272727272725,0.21428571428571427,0.35248072635203914,6.0,10.0,2.152173913043478,1.3044346362272856,0.0,0.0
282,1,68.0,238.0,3.5,0.05223880597014925,0.16417910447761194,0.07462686567164178,0.2857142857142857,0.6428571428571429,0.17857142857142858,0.375,0.20588235294117646,0.0,0.0,0.6428571428571429,0.44476308472760195,0.3906527083955547,0.31600765306122447,0.429702207102126,NaN,NaN,NaN,NaN,4.25,5.053351723001639,2.299333649376057,1.0259175873402944,5.071428571428571,0.17857142857142858,0.4123680039673538,4.0,8.0,1.6811279826464207,0.8077421745466534,0.058823529411764705,0.0
283,1,68.0,247.0,3.6323529411764706,0.05421422300263389,0.16417910447761194,0.08955223880597014,0.23214285714285715,0.625,0.23214285714285715,0.4107142857142857,0.20588235294117646,0.0,0.07142857142857142,0.5714285714285714,0.48786351002460476,0.4079500170013896,0.34765641104926814,0.4560105383867105,NaN,NaN,NaN,NaN,4.410714285714286,5.975029207123096,2.315570917018666,1.0802467138359075,5.333333333333334,0.21428571428571427,0.4490644241918247,5.0,8.0,1.78698224852071,0.9271850411189646,0.08823529411764706,0.0
284,1,68.0,243.0,3.573529411764706,0.053336259877085165,0.16417910447761194,0.16417910447761194,0.26785714285714285,0.625,0.25,0.4107142857142857,0.20588235294117646,0.0,0.07142857142857142,0.5714285714285714,0.4797049436731172,0.40002426849197414,0.35148809523809516,0.45490621506214274,NaN,NaN,NaN,NaN,4.339285714285714,6.061133364506812,2.302592813760634,1.0411465072722905,5.0,0.19642857142857142,0.3178924197175871,5.0,9.0,1.9132947976878614,1.0333234102009927,0.058823529411764705,0.0
285,1,68.0,267.0,3.926470588235294,0.058604038630377525,0.16417910447761194,0.08955223880597014,0.26785714285714285,0.625,0.25,0.39285714285714285,0.20588235294117646,0.0,0.0,0.6428571428571429,0.5101920033703796,0.4148820345149103,0.3498367988394584,0.4612700798664218,NaN,NaN,NaN,NaN,4.767857142857143,7.929211978336976,2.2436550167921885,0.893643483794464,4.3164556962025316,0.26785714285714285,0.43782525773371067,4.0,13.0,1.8388814913448734,0.7187996108816698,0.11764705882352941,0.0
286,1,68.0,216.0,3.176470588235294,0.04741000877963126,0.16417910447761194,0.11940298507462686,0.2857142857142857,0.625,0.21428571428571427,0.39285714285714285,0.20588235294117646,0.0,0.07142857142857142,0.6428571428571429,0.4987788542476043,0.41681041181462014,0.34088625834949365,0.4501501548226579,NaN,NaN,NaN,NaN,3.857142857142857,3.979166525010763,2.243201151687705,0.907444710817771,4.772727272727273,0.23214285714285715,0.332316669453333,4.0,8.0,1.7584033613445378,0.7829988056112713,0.0,0.0
287,1,68.0,249.0,3.661764705882353,0.05465320456540825,0.16417910447761194,0.08955223880597014,0.2857142857142857,0.6071428571428571,0.21428571428571427,0.4107142857142857,0.20588235294117646,0.0,0.07142857142857142,0.6428571428571429,0.4494605094769265,0.41173315811831973,0.3367075535747896,0.44288481980015965,NaN,NaN,NaN,NaN,4.446428571428571,6.480515251280404,2.313769338527598,1.0259187967435348,5.054054054054054,0.23214285714285715,0.36750068279444315,5.0,10.0,1.9252971137521222,0.9536120670893682,0.07352941176470588,0.0
288,1,68.0,278.0,4.088235294117647,0.061018437225636525,0.16417910447761194,0.07462686567164178,0.25,0.625,0.23214285714285715,0.44642857142857145,0.20588235294117646,0.0,0.0,0.6428571428571429,0.47017465693768973,0.4032901195229469,0.34329289339849417,0.44635954502590514,NaN,NaN,NaN,NaN,4.964285714285714,7.5941706967534355,2.2308653791922923,0.8769201975726445,4.509803921568627,0.25,0.40842402561281105,4.0,11.0,1.8432432432432433,0.753715394626992,0.058823529411764705,0.0
289,1,68.0,258.0,3.7941176470588234,0.05662862159789289,0.16417910447761194,0.13432835820895522,0.2857142857142857,0.625,0.21428571428571427,0.4107142857142857,0.20588235294117646,0.0,0.0,0.7142857142857143,0.5392333543000575,0.4208995423954039,0.34014861734676566,0.4479470900752328,NaN,NaN,NaN,NaN,4.607142857142857,7.129142678097789,2.356776077680346,1.1460303682430573,5.5,0.17857142857142858,0.41616563989867345,4.0,8.0,1.7696969696969698,0.9391889154573351,0.07352941176470588,0.0
29,1,68.0,310.0,4.5588235294117645,0.06804214223002635,0.16417910447761194,0.1044776119402985,0.21428571428571427,0.6071428571428571,0.14285714285714285,0.39285714285714285,0.20588235294117646,0.0,0.0,0.5714285714285714,0.4695041483507459,0.37381122923734,0.3177083333333333,0.4254678426168189,NaN,NaN,NaN,NaN,5.535714285714286,7.37308196498165,2.3055886014206814,1.0029396560238457,4.888888888888889,0.3392857142857143,0.3068354341292017,5.0,9.0,1.875,0.9483690604473086,0.029411764705882353,0.0
290,1,68.0,312.0,4.588235294117647,0.0684811237928007,0.16417910447761194,0.1044776119402985,0.26785714285714285,0.625,0.17857142857142858,0.39285714285714285,0.20588235294117646,0.0,0.07142857142857142,0.5714285714285714,0.5024284517080837,0.39897271666406736,0.3295555139305139,0.44122027735028974,NaN,NaN,NaN,NaN,5.571428571428571,7.0190834492498,2.3048614255228244,1.0129387430414183,4.72972972972973,0.25,0.40877675900130667,4.0,12.0,1.7238239757207892,0.7774715112023602,0.11764705882352941,0.0
291,1,68.0,299.0,4.397058823529412,0.06562774363476734,0.16417910447761194,0.029850746268656716,0.25,0.6428571428571429,0.21428571428571427,0.42857142857142855,0.20588235294117646,0.0,0.07142857142857142,0.6428571428571429,0.5147112805001408,0.4041023254193696,0.34340136054421766,0.44590405094783686,NaN,NaN,NaN,NaN,5.339285714285714,8.778645134051747,2.2471817514257317,0.9320106455928969,4.647887323943662,0.23214285714285715,0.3802405005739174,4.0,8.0,1.7851959361393324,0.7925974726835753,0.04411764705882353,0.0
292,1,68.0,207.0,3.0441176470588234,0.04543459174714662,0.16417910447761194,0.23880597014925373,0.2857142857142857,0.6071428571428571,0.25,0.4107142857142857,0.20588235294117646,0.0,0.07142857142857142,0.6428571428571429,0.5071146091012163,0.39259381916014324,0.3382440476190475,0.4462604914470372,NaN,NaN,NaN,NaN,3.6964285714285716,3.9262271636088184,2.318182361926015,1.0484397529925207,5.2,0.19642857142857142,0.3347523426354808,5.0,7.0,1.682051282051282,0.8672480468362455,0.029411764705882353,0.0
293,1,68.0,243.0,3.573529411764706,0.053336259877085165,0.16417910447761194,0.08955223880597014,0.2857142857142857,0.625,0.17857142857142858,0.35714285714285715,0.20588235294117646,0.0,0.07142857142857142,0.5714285714285714,0.4729891208938297,0.40632904924940083,0.32441184807256235,0.4452864048140128,NaN,NaN,NaN,NaN,4.339285714285714,4.629065429786746,2.326889388967808,1.0911202567083527,5.319148936170213,0.23214285714285715,0.43954410627860063,4.0,10.0,1.7878192534381139,0.9039333116072775,0.07352941176470588,0.0
294,1,68.0,242.0,3.5588235294117645,0.05311676909569798,0.16417910447761194,0.04477611940298507,0.23214285714285715,0.625,0.25,0.44642857142857145,0.20588235294117646,0.0,0.07142857142857142,0.5714285714285714,0.5514847779214098,0.4028159786866221,0.35163175118532264,0.4457035119772123,NaN,NaN,NaN,NaN,4.321428571428571,6.539689019176096,2.229547856252348,0.8831600005257565,4.333333333333334,0.23214285714285715,0.4011173636976726,4.0,8.0,1.77882797731569,0.8518283292712919,0.04411764705882353,0.0
295,1,68.0,269.0,3.9558823529411766,0.059043020193151885,0.16417910447761194,0.11940298507462686,0.26785714285714285,0.6071428571428571,0.125,0.42857142857142855,0.20588235294117646,0.0,0.07142857142857142,0.5714285714285714,0.5135643046039344,0.3773132519039471,0.32062837694886565,0.4176467963387892,NaN,NaN,NaN,NaN,4.803571428571429,5.85404178280316,2.3375790400124012,1.058894348913521,5.166666666666666,0.26785714285714285,0.3990759664255206,6.0,10.0,2.4819121447028425,1.5025837041153531,0.058823529411764705,0.0
296,1,68.0,256.0,3.764705882352941,0.056189640035118525,0.16417910447761194,0.1044776119402985,0.2857142857142857,0.625,0.17857142857142858,0.4107142857142857,0.20588235294117646,0.0,0.07142857142857142,0.6428571428571429,0.498288364520071,0.39582209955475034,0.327778964456596,0.43190064385559657,NaN,NaN,NaN,NaN,4.571428571428571,5.19390251897582,2.275816645371599,0.9619753469893622,4.962962962962963,0.21428571428571427,0.380068842363978,5.0,10.0,1.6942307692307692,0.802672189712672,0.029411764705882353,0.0
297,1,68.0,289.0,4.25,0.06343283582089553,0.16417910447761194,0.029850746268656716,0.26785714285714285,0.6428571428571429,0.17857142857142858,0.39285714285714285,0.20588235294117646,0.0,0.07142857142857142,0.5714285714285714,0.47034902132071404,0.4005885905483761,0.34202033085961653,0.4448636239837637,NaN,NaN,NaN,NaN,5.160714285714286,6.613421025637009,2.3109092176266217,1.051076190043993,5.142857142857142,0.25,0.4295361870725664,5.0,11.0,2.1302774427020505,1.020283443252459,0.07352941176470588,0.0
298,1,68.0,227.0,3.338235294117647,0.04982440737489025,0.16417910447761194,0.07462686567164178,0.25,0.625,0.2857142857142857,0.4107142857142857,0.20588235294117646,0.0,0.07142857142857142,0.5714285714285714,0.4739612765512188,0.42872158535229477,0.3548256802721088,0.4639101339557326,NaN,NaN,NaN,NaN,4.053571428571429,5.645334816891306,2.2780683842976526,0.9962659480871224,5.038461538461538,0.25,0.4388841844692346,5.0,10.0,2.050541516245487,1.0661526355149238,0.04411764705882353,0.0
299,1,68.0,251.0,3.6911764705882355,0.05509218612818262,0.16417910447761194,0.014925373134328358,0.26785714285714285,0.6071428571428571,0.23214285714285715,0.42857142857142855,0.20588235294117646,0.0,0.0,0.5714285714285714,0.46381204490156636,0.3931296002276061,0.3332808269352027,0.4422038246453165,NaN,NaN,NaN,NaN,4.482142857142857,6.630483518440547,2.3978800540858063,1.2016483131933307,5.625,0.26785714285714285,0.5448302732194648,5.0,11.0,1.99009900990099,1.0538717237005402,0.07352941176470588,0.0
3,1,68.0,259.0,3.8088235294117645,0.05684811237928007,0.16417910447761194,0.014925373134328358,0.26785714285714285,0.6428571428571429,0.25,0.42857142857142855,0.20588235294117646,0.0,0.07142857142857142,0.5714285714285714,0.5496145040047269,0.4052803324033848,0.36006641200456535,0.45805069295560374,NaN,NaN,NaN,NaN,4.625,6.183739674633495,2.261004230167501,0.9424482264373044,4.479166666666666,0.25,0.4532440010150477,5.0,10.0,2.04089709762533,0.9250171835839133,0.07352941176470588,0.0
30,1,68.0,272.0,4.0,0.05970149253731343,0.16417910447761194,0.1044776119402985,0.26785714285714285,0.6071428571428571,0.25,0.4107142857142857,0.20588235294117646,0.0,0.0,0.5714285714285714,0.5183962524553104,0.40011117930593937,0.3525629807276812,0.46125575762874454,NaN,NaN,NaN,NaN,4.857142857142857,6.046572496963794,2.3105036509176453,1.0338523392518246,5.75,0.21428571428571427,0.3265934802965822,5.0,7.0,1.8811544991511036,1.0216040599670293,0.0,0.0
300,1,68.0,271.0,3.985294117647059,0.05948200175592625,0.16417910447761194,0.1044776119402985,0.23214285714285715,0.625,0.25,0.4107142857142857,0.20588235294117646,0.0,0.07142857142857142,0.6428571428571429,0.5220013293185041,0.405376147094403,0.34754732244283915,0.45479736233778667,NaN,NaN,NaN,NaN,4.839285714285714,7.864250032357095,2.2750391063172923,0.9822441510654552,5.25,0.30357142857142855,0.38852190719608726,4.0,9.0,2.0539811066126856,0.964113341250754,0.058823529411764705,0.0
301,1,68.0,320.0,4.705882352941177,0.07023705004389816,0.16417910447761194,0.05970149253731343,0.23214285714285715,0.6428571428571429,0.25,0.42857142857142855,0.20588235294117646,0.0,0.0,0.6428571428571429,0.5378108832169827,0.3993252338772894,0.35626417233560087,0.45572286343956847,NaN,NaN,NaN,NaN,5.714285714285714,7.933162354008957,2.247576860065927,0.9223758485964851,4.431372549019608,0.2857142857142857,0.4099150190817134,4.0,11.0,1.8724137931034484,0.7741790492320428,0.07352941176470588,0.0
302,1,68.0,278.0,4.088235294117647,0.061018437225636525,0.16417910447761194,0.04477611940298507,0.2857142857142857,0.6071428571428571,0.19642857142857142,0.42857142857142855,0.20588235294117646,0.0,0.07142857142857142,0.5714285714285714,0.4929982906101368,0.39920592033774727,0.3401855558810446,0.4433024891343793,NaN,NaN,NaN,NaN,4.964285714285714,5.627737429147577,2.263770611047549,0.9087743786960379,4.3625,0.23214285714285715,0.405419911399659,5.0,11.0,1.8720445062586926,0.844635780957247,0.04411764705882353,0.0
303,1,68.0,254.0,3.735294117647059,0.05575065847234416,0.16417910447761194,0.1044776119402985,0.26785714285714285,0.6607142857142857,0.19642857142857142,0.375,0.20588235294117646,0.0,0.07142857142857142,0.5714285714285714,0.4221769244120005,0.39452979842976443,0.3190476190476191,0.43511496880139167,NaN,NaN,NaN,NaN,4.535714285714286,4.725036933821157,2.287899557662461,1.0311511359233256,5.1,0.23214285714285715,0.48278004731534024,5.0,11.0,1.71484375,0.8421006111710394,0.10294117647058823,0.0
304,1,68.0,239.0,3.514705882352941,0.05245829675153644,0.16417910447761194,0.08955223880597014,0.26785714285714285,0.6428571428571429,0.26785714285714285,0.4107142857142857,0.20588235294117646,0.0,0.07142857142857142,0.6428571428571429,0.555086316176678,0.4123712652336205,0.36733276643990936,0.466827744009905,NaN,NaN,NaN,NaN,4.267857142857143,5.079338079383506,2.309432038477616,1.0559389528007748,5.138888888888889,0.26785714285714285,0.36387067244575394,7.0,10.0,2.1073529411764707,1.094344300551885,0.0,0.0
305,1,68.0,228.0,3.3529411764705883,0.05004389815627744,0.16417910447761194,0.08955223880597014,0.25,0.6071428571428571,0.26785714285714285,0.39285714285714285,0.20588235294117646,0.0,0.07142857142857142,0.5714285714285714,0.49008072996181096,0.40477250905702344,0.3406337535014006,0.45914410809720685,NaN,NaN,NaN,NaN,4.071428571428571,5.536185568543621,2.297199974929678,0.9864726902445472,4.87037037037037,0.26785714285714285,0.37163142668545995,4.0,9.0,1.9918831168831168,0.9203740981932655,0.058823529411764705,0.0
306,1,68.0,208.0,3.0588235294117645,0.0456540825285338,0.16417910447761194,0.14925373134328357,0.2857142857142857,0.625,0.25,0.4107142857142857,0.20588235294117646,0.0,0.07142857142857142,0.5714285714285714,0.5158811527807771,0.4210429880545179,0.35107194392908675,0.4575742765904973,NaN,NaN,NaN,NaN,3.7142857142857144,3.7837657322941007,2.2792143912976615,0.996629636773101,5.375,0.21428571428571427,0.5313976446316669,5.0,10.0,1.8123711340206186,0.8575452343270878,0.07352941176470588,0.0
307,1,68.0,210.0,3.088235294117647,0.046093064091308165,0.16417910447761194,0.14925373134328357,0.30357142857142855,0.625,0.21428571428571427,0.39285714285714285,0.20588235294117646,0.0,0.07142857142857142,0.5714285714285714,0.48163844594929905,0.39923833769613876,0.3385338345864662,0.44870380665487364,NaN,NaN,NaN,NaN,3.75,4.068727743969293,2.3262446201292892,1.0609074496425794,5.105263157894736,0.25,0.4487818291668952,6.0,10.0,1.9601518026565465,0.9751310605642517,0.07352941176470588,0.0
308,1,68.0,193.0,2.838235294117647,0.04236172080772607,0.16417910447761194,0.19402985074626866,0.2857142857142857,0.6071428571428571,0.26785714285714285,0.39285714285714285,0.20588235294117646,0.0,0.07142857142857142,0.5714285714285714,0.5055893511250654,0.43965194160867077,0.3537017050409907,0.4619854677314142,NaN,NaN,NaN,NaN,3.4464285714285716,3.2188063448605115,2.3148082854842817,1.0473447125430442,5.3,0.23214285714285715,0.4668180805109142,5.0,10.0,1.8098765432098765,0.936552152960925,0.07352941176470588,0.0
309,1,68.0,290.0,4.264705882352941,0.0636523266022827,0.16417910447761194,0.1044776119402985,0.26785714285714285,0.625,0.125,0.44642857142857145,0.20588235294117646,0.0,0.0,0.6428571428571429,0.530233710136837,0.3900178906459388,0.344017094017094,0.43053665492240567,NaN,NaN,NaN,NaN,5.178571428571429,4.6675169293441545,2.271820976648956,0.9428789286385859,4.440476190476191,0.26785714285714285,0.379648969301714,5.0,12.0,1.905511811023622,0.8873448489385883,0.10294117647058823,0.0
31,1,68.0,281.0,4.132352941176471,0.06167690956979807,0.16417910447761194,0.04477611940298507,0.25,0.6428571428571429,0.21428571428571427,0.375,0.20588235294117646,0.0,0.0,0.5714285714285714,0.5278067478819013,0.3957751550980588,0.33836309523809527,0.45360421471797263,NaN,NaN,NaN,NaN,5.017857142857143,5.744534387108787,2.3206699553300134,1.069140690425467,5.230769230769231,0.2857142857142857,0.45495102462644493,6.0,11.0,2.12630359212051,1.0064945187677818,0.07352941176470588,0.0
310,1,68.0,324.0,4.764705882352941,0.07111501316944688,0.16417910447761194,0.08955223880597014,0.25,0.625,0.19642857142857142,0.4107142857142857,0.20588235294117646,0.0,0.07142857142857142,0.5714285714285714,0.5416077907771296,0.38804961638527613,0.33635912698412695,0.4452789755888898,NaN,NaN,NaN,NaN,5.785714285714286,8.533813568737836,2.3354463868145947,1.0853193161220687,5.416666666666666,0.26785714285714285,0.280457628071308,5.0,10.0,2.1351981351981353,1.0911316512761362,0.029411764705882353,0.0
311,1,68.0,345.0,5.073529411764706,0.0757243195785777,0.16417910447761194,0.08955223880597014,0.25,0.625,0.14285714285714285,0.42857142857142855,0.20588235294117646,0.0,0.07142857142857142,0.5714285714285714,0.49001556167435506,0.37418277233665004,0.32550275119435795,0.43077541195826435,NaN,NaN,NaN,NaN,6.160714285714286,8.136956736708445,2.2836121594388925,0.9644461832228923,4.867924528301886,0.23214285714285715,0.28905206757917146,4.0,7.0,1.8904109589041096,0.9318124914281299,0.0,0.0
312,1,68.0,261.0,3.838235294117647,0.05728709394205443,0.16417910447761194,0.07462686567164178,0.23214285714285715,0.625,0.17857142857142858,0.42857142857142855,0.20588235294117646,0.0,0.07142857142857142,0.6428571428571429,0.5572257362386588,0.3965485554687132,0.34326530612244893,0.43574107673006673,NaN,NaN,NaN,NaN,4.660714285714286,5.181353932267953,2.2217551859062605,0.8681698002858561,4.296875,0.25,0.3719352280537101,4.0,9.0,1.7900466562986004,0.7700146644639838,0.058823529411764705,0.0
313,1,68.0,294.0,4.323529411764706,0.06453028972783142,0.16417910447761194,0.05970149253731343,0.23214285714285715,0.6071428571428571,0.25,0.4107142857142857,0.20588235294117646,0.0,0.0,0.6428571428571429,0.5413867374087526,0.40330626323064944,0.35206332533013207,0.45575211352259615,NaN,NaN,NaN,NaN,5.25,6.388199347945469,2.2740153231186753,0.9445032271609306,4.5,0.30357142857142855,0.4114180162231314,3.0,10.0,1.7718023255813953,0.7487718864042655,0.10294117647058823,0.0
314,1,68.0,248.0,3.6470588235294117,0.05443371378402107,0.16417910447761194,0.1044776119402985,0.2857142857142857,0.6071428571428571,0.19642857142857142,0.44642857142857145,0.20588235294117646,0.0,0.07142857142857142,0.5714285714285714,0.5132660914836508,0.38759252041588266,0.3359312314669457,0.43863743791687154,NaN,NaN,NaN,NaN,4.428571428571429,4.483736845968564,2.3052281687647094,0.9977386268286881,5.0,0.23214285714285715,0.3667909710587531,5.0,9.0,1.7104761904761905,0.7959731440773172,0.04411764705882353,0.0
315,1,68.0,252.0,3.7058823529411766,0.0553116769095698,0.16417910447761194,0.13432835820895522,0.25,0.6428571428571429,0.25,0.44642857142857145,0.20588235294117646,0.0,0.0,0.5714285714285714,0.5025133368801132,0.39780675657149983,0.3510338345864662,0.4446519492520709,NaN,NaN,NaN,NaN,4.5,5.3529940644975,2.2646779357363505,0.9666842549918802,4.777777777777778,0.25,0.4343580427325167,4.0,10.0,1.763986013986014,0.7886432428085063,0.08823529411764706,0.0
316,1,68.0,278.0,4.088235294117647,0.061018437225636525,0.16417910447761194,0.029850746268656716,0.26785714285714285,0.6071428571428571,0.17857142857142858,0.44642857142857145,0.20588235294117646,0.0,0.0,0.5714285714285714,0.4916127247036887,0.3794723668375429,0.34519557823129254,0.4356212473873489,NaN,NaN,NaN,NaN,4.964285714285714,6.027103286486306,2.338600719297048,1.0998288994203107,5.75,0.2857142857142857,0.4314676309079205,6.0,10.0,2.1605562579013906,1.1186618108917006,0.029411764705882353,0.0
317,1,68.0,205.0,3.014705882352941,0.04499561018437226,0.16417910447761194,0.14925373134328357,0.23214285714285715,0.6428571428571429,0.25,0.4107142857142857,0.20588235294117646,0.0,0.0,0.5714285714285714,0.5531721785936596,0.4294689845993757,0.35318877551020406,0.45189653416385483,NaN,NaN,NaN,NaN,3.6607142857142856,5.421428143661329,2.212933436591916,0.86266690967896,4.5,0.21428571428571427,0.2991875790024175,4.0,6.0,1.4666666666666666,0.6144260572639811,0.0,0.0
318,1,68.0,250.0,3.676470588235294,0.05487269534679543,0.16417910447761194,0.07462686567164178,0.2857142857142857,0.6428571428571429,0.25,0.4107142857142857,0.20588235294117646,0.0,0.07142857142857142,0.6428571428571429,0.5680811200419341,0.4119294843922607,0.34195610936682364,0.4542640689419891,NaN,NaN,NaN,NaN,4.464285714285714,4.935821883165727,2.279861489583607,0.9782861401257121,4.618556701030927,0.19642857142857142,0.4085846198241073,4.0,9.0,1.7913907284768211,0.7723617500554533,0.029411764705882353,0.0
319,1,68.0,312.0,4.588235294117647,0.0684811237928007,0.16417910447761194,0.08955223880597014,0.17857142857142858,0.625,0.21428571428571427,0.44642857142857145,0.20588235294117646,0.0,0.07142857142857142,0.6428571428571429,0.5139217700098897,0.3925985383677241,0.3441668266769073,0.44383621963163916,NaN,NaN,NaN,NaN,5.571428571428571,7.731534348150008,2.277873089691879,0.9732764003978236,5.166666666666666,0.3392857142857143,0.31827104509168935,5.0,8.0,1.9900124843945068,0.9771899123732012,0.0,0.0
32,1,68.0,326.0,4.794117647058823,0.07155399473222125,0.16417910447761194,0.05970149253731343,0.21428571428571427,0.625,0.26785714285714285,0.42857142857142855,0.20588235294117646,0.0,0.0,0.6428571428571429,0.5234794506069972,0.40025424354820194,0.35990175675533376,0.45971646602064953,NaN,NaN,NaN,NaN,5.821428571428571,7.346259760417711,2.321367747031842,1.0634083224500372,5.583333333333334,0.3392857142857143,0.4617066007447879,5.0,10.0,2.044578313253012,1.091335876652576,0.08823529411764706,0.0
320,1,68.0,262.0,3.8529411764705883,0.05750658472344162,0.16417910447761194,0.08955223880597014,0.23214285714285715,0.625,0.16071428571428573,0.4107142857142857,0.20588235294117646,0.0,0.07142857142857142,0.5714285714285714,0.4787387978754726,0.3880104401003209,0.32523448773448776,0.4258115137205197,NaN,NaN,NaN,NaN,4.678571428571429,4.5531493310859945,2.281696762151658,0.9803318939401737,4.972972972972973,0.26785714285714285,0.4649049766998243,5.0,11.0,1.853125,0.8504751042643139,0.10294117647058823,0.0
321,1,68.0,215.0,3.161764705882353,0.04719051799824407,0.16417910447761194,0.13432835820895522,0.2857142857142857,0.625,0.19642857142857142,0.4107142857142857,0.20588235294117646,0.0,0.0,0.5714285714285714,0.5111958185585942,0.3940938742915427,0.3434948979591837,0.439315304455472,NaN,NaN,NaN,NaN,3.8392857142857144,3.774444140721726,2.3068124018921377,1.0569384723045834,5.0,0.21428571428571427,0.453548468466691,6.0,10.0,1.9845261121856868,1.0509097285463043,0.10294117647058823,0.0
322,1,68.0,230.0,3.3823529411764706,0.0504828797190518,0.16417910447761194,0.05970149253731343,0.2857142857142857,0.625,0.25,0.44642857142857145,0.20588235294117646,0.0,0.07142857142857142,0.5714285714285714,0.5581676358221966,0.4031047087091244,0.3627456884513336,0.4559791576852557,NaN,NaN,NaN,NaN,4.107142857142857,5.242062645488012,2.30429815239973,1.0138951320034002,4.764705882352941,0.23214285714285715,0.44731440590235105,4.0,11.0,2.035961272475795,0.8688714995375492,0.07352941176470588,0.0
323,1,68.0,238.0,3.5,0.05223880597014925,0.16417910447761194,0.16417910447761194,0.26785714285714285,0.6071428571428571,0.23214285714285715,0.4107142857142857,0.20588235294117646,0.0,0.0,0.5714285714285714,0.4956487502615134,0.40740967065702427,0.347859977324263,0.45493807596355923,NaN,NaN,NaN,NaN,4.25,4.529699969996006,2.2746648129212996,0.9440635753583526,4.9,0.25,0.37431999850291275,5.0,9.0,1.884678747940692,0.8635710572293623,0.0,0.0
324,1,68.0,224.0,3.2941176470588234,0.04916593503072871,0.16417910447761194,0.16417910447761194,0.2857142857142857,0.6071428571428571,0.19642857142857142,0.39285714285714285,0.20588235294117646,0.0,0.0,0.5714285714285714,0.43595664249496097,0.40693196526048214,0.33025793650793656,0.44246011524594336,NaN,NaN,NaN,NaN,4.0,4.616177088142407,2.306836972525911,1.035958027324165,6.0,0.16071428571428573,0.3007146979420753,5.0,7.0,1.5883838383838385,0.7461403907274086,0.029411764705882353,0.0
325,1,68.0,265.0,3.8970588235294117,0.05816505706760316,0.16417910447761194,0.029850746268656716,0.26785714285714285,0.625,0.17857142857142858,0.4107142857142857,0.20588235294117646,0.0,0.0,0.5714285714285714,0.5016659254543884,0.379960251123257,0.32022456709956704,0.42719681445779517,NaN,NaN,NaN,NaN,4.732142857142857,7.0362466012616585,2.3524324876966642,1.1523196473110793,5.857142857142858,0.25,0.4443503178640174,6.0,11.0,2.332089552238806,1.2498229461418373,0.029411764705882353,0.0
326,1,68.0,273.0,4.014705882352941,0.05992098331870061,0.16417910447761194,0.08955223880597014,0.23214285714285715,0.6428571428571429,0.26785714285714285,0.4107142857142857,0.20588235294117646,0.0,0.07142857142857142,0.5714285714285714,0.532390095503806,0.4045755870417838,0.35077748640248646,0.4583190855599099,NaN,NaN,NaN,NaN,4.875,5.339603322004701,2.2758642067652146,0.981406381361507,4.833333333333334,0.2857142857142857,0.40851141750634656,5.0,11.0,2.07673568818514,0.9754083895453898,0.08823529411764706,0.0
327,1,68.0,252.0,3.7058823529411766,0.0553116769095698,0.16417910447761194,0.11940298507462686,0.25,0.625,0.25,0.4107142857142857,0.20588235294117646,0.0,0.07142857142857142,0.5714285714285714,0.47873409847563136,0.4301768296016184,0.34884559884559885,0.45959348190823185,NaN,NaN,NaN,NaN,4.5,5.82783290457408,2.2554294943962128,0.9370992061101514,4.909090909090909,0.21428571428571427,0.35208721168751855,4.0,8.0,1.6088888888888888,0.7828399621474782,0.029411764705882353,0.0
328,1,68.0,290.0,4.264705882352941,0.0636523266022827,0.16417910447761194,0.014925373134328358,0.25,0.625,0.19642857142857142,0.42857142857142855,0.20588235294117646,0.0,0.0,0.6428571428571429,0.5055221689301875,0.3942573433178996,0.35015589569160993,0.44880057467810186,NaN,NaN,NaN,NaN,5.178571428571429,7.304063981739936,2.2871324892281693,0.9987702698316445,5.1,0.25,0.396722526430392,5.0,10.0,1.826984126984127,0.897037404279278,0.08823529411764706,0.0
329,1,68.0,230.0,3.3823529411764706,0.0504828797190518,0.16417910447761194,0.07462686567164178,0.25,0.6428571428571429,0.21428571428571427,0.44642857142857145,0.20588235294117646,0.0,0.0,0.6428571428571429,0.5190563989113717,0.3985550868687145,0.3521498342926915,0.4396701842293479,NaN,NaN,NaN,NaN,4.107142857142857,5.735625737214955,2.226452319786142,0.8876463372228867,4.516129032258064,0.26785714285714285,0.40578281540900246,4.0,10.0,1.9548872180451127,0.8472551504546421,0.08823529411764706,0.0
33,1,68.0,249.0,3.661764705882353,0.05465320456540825,0.16417910447761194,0.13432835820895522,0.26785714285714285,0.6428571428571429,0.23214285714285715,0.4107142857142857,0.20588235294117646,0.0,0.07142857142857142,0.5714285714285714,0.5205387896750924,0.399899224300102,0.3579506802721088,0.45099309250572983,NaN,NaN,NaN,NaN,4.446428571428571,4.263671669335728,2.2247996345320065,0.8943124847456251,4.578947368421053,0.25,0.44728709461959265,3.0,11.0,1.5273972602739727,0.6403146267485812,0.08823529411764706,0.0
330,1,68.0,253.0,3.7205882352941178,0.05553116769095698,0.16417910447761194,0.1044776119402985,0.23214285714285715,0.625,0.25,0.4107142857142857,0.20588235294117646,0.0,0.0,0.5714285714285714,0.502872961935553,0.4056340070329287,0.3517644557823129,0.4584704005964432,NaN,NaN,NaN,NaN,4.517857142857143,5.473875381145583,2.262212776781267,0.9424520650267963,4.727272727272727,0.25,0.34430193019748695,4.0,9.0,1.8190954773869348,0.8399248044381022,0.07352941176470588,0.0
331,1,68.0,293.0,4.3088235294117645,0.06431079894644424,0.16417910447761194,0.04477611940298507,0.2857142857142857,0.625,0.23214285714285715,0.4107142857142857,0.20588235294117646,0.0,0.07142857142857142,0.6428571428571429,0.47931366601091246,0.3902994987530486,0.32811312588098307,0.4461043833421814,NaN,NaN,NaN,NaN,5.232142857142857,6.427189606178291,2.3898471962258463,1.1868026948935442,5.5,0.26785714285714285,0.46713298965533256,5.0,10.0,2.0261194029850746,0.9921557171357833,0.058823529411764705,0.0
332,1,68.0,269.0,3.9558823529411766,0.059043020193151885,0.16417910447761194,0.08955223880597014,0.23214285714285715,0.6428571428571429,0.26785714285714285,0.42857142857142855,0.20588235294117646,0.0,0.07142857142857142,0.5714285714285714,0.516311373870431,0.4069246935542377,0.3534488795518208,0.4561366469602396,NaN,NaN,NaN,NaN,4.803571428571429,6.325761593694448,2.2741189663406196,0.9757734080007954,4.6,0.26785714285714285,0.42731878581694216,4.0,10.0,1.820097244732577,0.8208235432962492,0.08823529411764706,0.0
333,1,68.0,235.0,3.4558823529411766,0.051580333625987705,0.16417910447761194,0.11940298507462686,0.2857142857142857,0.625,0.23214285714285715,0.4107142857142857,0.20588235294117646,0.0,0.07142857142857142,0.6428571428571429,0.5291413601471997,0.408014173712154,0.3431136621315193,0.4521999658188549,NaN,NaN,NaN,NaN,4.196428571428571,4.761281885669572,2.302017886678563,1.019924706675245,5.363636363636363,0.25,0.415747168594152,5.0,11.0,2.0195195195195197,0.9536209160343098,0.08823529411764706,0.0
334,1,68.0,260.0,3.823529411764706,0.05706760316066725,0.16417910447761194,0.1044776119402985,0.25,0.625,0.21428571428571427,0.4107142857142857,0.20588235294117646,0.0,0.0,0.7142857142857143,0.4947629866873689,0.4185141713923517,0.3394967916244512,0.44405790939514045,NaN,NaN,NaN,NaN,4.642857142857143,7.909553651189109,2.193881135600362,0.8050531778459608,4.080645161290322,0.25,0.3475529375159337,3.0,8.0,1.6399317406143346,0.6256970093179638,0.029411764705882353,0.0
335,1,68.0,209.0,3.073529411764706,0.045873573309920986,0.16417910447761194,0.13432835820895522,0.26785714285714285,0.6428571428571429,0.21428571428571427,0.4107142857142857,0.20588235294117646,0.0,0.07142857142857142,0.6428571428571429,0.539224812476903,0.40698968341280384,0.3475258372579801,0.45463797919406346,NaN,NaN,NaN,NaN,3.732142857142857,3.5444762219983486,2.2934377609155927,1.029329447536752,5.444444444444445,0.25,0.4330947517407818,5.0,11.0,2.1463414634146343,0.9930685112103543,0.04411764705882353,0.0
336,1,68.0,275.0,4.044117647058823,0.06035996488147498,0.16417910447761194,0.13432835820895522,0.25,0.625,0.19642857142857142,0.4107142857142857,0.20588235294117646,0.0,0.07142857142857142,0.5714285714285714,0.5233689687600693,0.39540812643236073,0.34284619150690576,0.43954476100708256,NaN,NaN,NaN,NaN,4.910714285714286,4.640833724918149,2.2216085532510483,0.8614630969569106,4.289855072463768,0.25,0.4234016727534757,4.0,9.0,1.5992970123022847,0.6204265326394658,0.058823529411764705,0.0
337,1,68.0,209.0,3.073529411764706,0.045873573309920986,0.16417910447761194,0.08955223880597014,0.26785714285714285,0.625,0.32142857142857145,0.42857142857142855,0.20588235294117646,0.0,0.0,0.7142857142857143,0.5295149780166227,0.4187020145676388,0.3698386591478697,0.470118438359961,NaN,NaN,NaN,NaN,3.732142857142857,3.7391835347430473,2.2668565349355414,0.9539961971840178,4.555555555555555,0.23214285714285715,0.41699013278095187,5.0,10.0,2.0214521452145213,0.9312935304483193,0.08823529411764706,0.0
338,1,68.0,209.0,3.073529411764706,0.045873573309920986,0.16417910447761194,0.1044776119402985,0.32142857142857145,0.625,0.25,0.375,0.20588235294117646,0.0,0.0,0.6428571428571429,0.49554758514320857,0.4095517112115635,0.3233366336044908,0.44736729366186806,NaN,NaN,NaN,NaN,3.732142857142857,4.465997074576951,2.285513311202817,0.9771508632174805,4.931034482758621,0.23214285714285715,0.4001661273331114,6.0,10.0,2.0749542961608776,1.1060331336714684,0.04411764705882353,0.0
339,1,68.0,249.0,3.661764705882353,0.05465320456540825,0.16417910447761194,0.08955223880597014,0.2857142857142857,0.6607142857142857,0.19642857142857142,0.375,0.20588235294117646,0.0,0.07142857142857142,0.6428571428571429,0.5520334445345874,0.41254107142771107,0.3367263753327418,0.45128510345911294,NaN,NaN,NaN,NaN,4.446428571428571,5.948016148590731,2.252077550603939,0.9478339362320014,4.591836734693878,0.19642857142857142,0.37660931265795256,4.0,11.0,1.8727272727272728,0.8681257881816208,0.029411764705882353,0.0
34,1,68.0,235.0,3.4558823529411766,0.051580333625987705,0.16417910447761194,0.08955223880597014,0.30357142857142855,0.625,0.30357142857142855,0.375,0.20588235294117646,0.0,0.07142857142857142,0.5714285714285714,0.5307441906340167,0.4131963551422141,0.35017006802721085,0.46776261828749544,NaN,NaN,NaN,NaN,4.196428571428571,6.442528139726581,2.3272326865984088,1.0670852354845315,5.166666666666666,0.19642857142857142,0.3989076010391597,6.0,9.0,2.101449275362319,1.1263763592444562,0.029411764705882353,0.0
340,1,68.0,238.0,3.5,0.05223880597014925,0.16417910447761194,0.08955223880597014,0.25,0.6071428571428571,0.2857142857142857,0.44642857142857145,0.20588235294117646,0.0,0.07142857142857142,0.5714285714285714,0.5174425947888902,0.4082685324108488,0.35642715419501136,0.4563766816476035,NaN,NaN,NaN,NaN,4.25,4.6289602209646095,2.2383311559793015,0.8835620805016392,4.413793103448276,0.25,0.4128454674922108,4.0,9.0,1.636734693877551,0.6848324254451685,0.08823529411764706,0.0
341,1,68.0,298.0,4.382352941176471,0.06540825285338016,0.16417910447761194,0.0,0.25,0.6071428571428571,0.26785714285714285,0.4107142857142857,0.20588235294117646,0.0,0.07142857142857142,0.5714285714285714,0.49232735511742387,0.4005906811253988,0.33671596260881975,0.45381612746531264,NaN,NaN,NaN,NaN,5.321428571428571,7.816316600215551,2.326163843760986,1.0480587773008279,5.333333333333334,0.26785714285714285,0.4227067440880921,5.0,10.0,1.933852140077821,0.929758004504516,0.029411764705882353,0.0
342,1,68.0,241.0,3.5441176470588234,0.0528972783143108,0.16417910447761194,0.029850746268656716,0.19642857142857142,0.6607142857142857,0.26785714285714285,0.4107142857142857,0.20588235294117646,0.0,0.07142857142857142,0.5714285714285714,0.48058528790868144,0.4086798536110133,0.3472218492660222,0.45916208551209964,NaN,NaN,NaN,NaN,4.303571428571429,6.412827040342709,2.3388734644385436,1.1516472890249292,5.833333333333334,0.2857142857142857,0.5579333405345331,6.0,13.0,2.4120603015075375,1.2177121661663712,0.08823529411764706,0.0
343,1,68.0,270.0,3.9705882352941178,0.05926251097453907,0.16417910447761194,0.04477611940298507,0.26785714285714285,0.6071428571428571,0.25,0.42857142857142855,0.20588235294117646,0.0,0.07142857142857142,0.6428571428571429,0.535617167585003,0.3939533799728804,0.3528535965668319,0.451699022626964,NaN,NaN,NaN,NaN,4.821428571428571,5.868582430217687,2.2636757384162625,0.9201740589414555,4.833333333333334,0.2857142857142857,0.4109357794649436,6.0,11.0,2.029187817258883,0.9867796249478686,0.058823529411764705,0.0
344,1,68.0,313.0,4.602941176470588,0.06870061457418788,0.16417910447761194,0.05970149253731343,0.25,0.6428571428571429,0.19642857142857142,0.4107142857142857,0.20588235294117646,0.0,0.0,0.6428571428571429,0.5039342831645917,0.38262915439814266,0.3297158446712018,0.43579468979922903,NaN,NaN,NaN,NaN,5.589285714285714,7.195394450528846,2.27794541790472,0.9759042282958599,4.583333333333334,0.26785714285714285,0.3910150331554968,5.0,10.0,1.915945611866502,0.8874010205626855,0.08823529411764706,0.0
345,1,68.0,208.0,3.0588235294117645,0.0456540825285338,0.16417910447761194,0.16417910447761194,0.25,0.625,0.25,0.42857142857142855,0.20588235294117646,0.0,0.0,0.7142857142857143,0.4860753419568059,0.4158287344847715,0.35802154195011343,0.4547150344799357,NaN,NaN,NaN,NaN,3.7142857142857144,3.9252760677170477,2.251834054866261,0.9429951172909509,5.083333333333334,0.23214285714285715,0.3828667757022814,5.0,9.0,1.8179824561403508,0.9113358675196542,0.04411764705882353,0.0
346,1,68.0,245.0,3.6029411764705883,0.053775241439859525,0.16417910447761194,0.08955223880597014,0.21428571428571427,0.625,0.25,0.4107142857142857,0.20588235294117646,0.0,0.07142857142857142,0.5714285714285714,0.5173470339102966,0.4176922465885626,0.3460813492063492,0.44991824197612024,NaN,NaN,NaN,NaN,4.375,5.665084449342465,2.2055056129475092,0.8446789972332396,4.375,0.2857142857142857,0.40774558541545336,6.0,9.0,1.92831541218638,1.0695160875636096,0.029411764705882353,0.0
347,1,68.0,254.0,3.735294117647059,0.05575065847234416,0.16417910447761194,0.11940298507462686,0.25,0.6607142857142857,0.2857142857142857,0.4107142857142857,0.20588235294117646,0.0,0.0,0.5714285714285714,0.5409386470103618,0.4160043234421184,0.3577628968253968,0.4669228626347978,NaN,NaN,NaN,NaN,4.535714285714286,6.19079752745751,2.2961164547965125,1.0555307398963014,5.538461538461538,0.21428571428571427,0.41555805866915324,7.0,11.0,2.5038860103626943,1.4748159734698094,0.08823529411764706,0.0
348,1,68.0,222.0,3.264705882352941,0.048726953467954345,0.16417910447761194,0.13432835820895522,0.26785714285714285,0.6607142857142857,0.14285714285714285,0.4107142857142857,0.20588235294117646,0.0,0.0,0.5714285714285714,0.4793952851360775,0.3923514870314283,0.325829279847137,0.4266417782201756,NaN,NaN,NaN,NaN,3.9642857142857144,4.548583338756186,2.251082381630909,0.9481408007913658,4.970588235294118,0.19642857142857142,0.34779614079036875,5.0,9.0,2.1033898305084744,1.068687864952982,0.029411764705882353,0.0
349,1,68.0,300.0,4.411764705882353,0.06584723441615452,0.16417910447761194,0.1044776119402985,0.23214285714285715,0.6428571428571429,0.25,0.44642857142857145,0.20588235294117646,0.0,0.07142857142857142,0.6428571428571429,0.5309032974602884,0.4001413350971543,0.34876510386763393,0.4497318443942008,NaN,NaN,NaN,NaN,5.357142857142857,7.030915035311282,2.2552443485075706,0.9403711233660816,4.857142857142858,0.25,0.3428406621790908,5.0,8.0,1.8859527121001392,0.9115844683221016,0.029411764705882353,0.0
35,1,68.0,305.0,4.485294117647059,0.06694468832309043,0.16417910447761194,0.014925373134328358,0.25,0.625,0.19642857142857142,0.42857142857142855,0.20588235294117646,0.0,0.0,0.6428571428571429,0.539324033561896,0.3917370241350785,0.3485960481030356,0.44451783085405194,NaN,NaN,NaN,NaN,5.446428571428571,6.1671258750281375,2.2601951411539107,0.9152243470274771,4.32258064516129,0.2857142857142857,0.3896547926960293,4.0,11.0,1.947488584474886,0.8360345002353801,0.058823529411764705,0.0
350,1,68.0,204.0,3.0,0.04477611940298507,0.16417910447761194,0.14925373134328357,0.30357142857142855,0.625,0.23214285714285715,0.42857142857142855,0.20588235294117646,0.0,0.07142857142857142,0.5714285714285714,0.5436188574352251,0.40986417811086945,0.3422348484848485,0.44614606960837067,NaN,NaN,NaN,NaN,3.642857142857143,4.231606492396653,2.237172898236342,0.9108079333993894,4.888888888888889,0.17857142857142858,0.27687023871066313,4.0,8.0,1.963740458015267,0.9482912767241248,0.0,0.0
351,1,68.0,260.0,3.823529411764706,0.05706760316066725,0.16417910447761194,0.05970149253731343,0.25,0.6428571428571429,0.23214285714285715,0.4107142857142857,0.20588235294117646,0.0,0.07142857142857142,0.5714285714285714,0.539691775347009,0.42031509352017776,0.3609764739229025,0.46155542268894867,NaN,NaN,NaN,NaN,4.642857142857143,6.064587436851808,2.2248648211323454,0.9009286384340939,4.578947368421053,0.21428571428571427,0.40527380040764915,4.0,8.0,1.5536105032822758,0.7054557794302518,0.058823529411764705,0.0
352,1,68.0,298.0,4.382352941176471,0.06540825285338016,0.16417910447761194,0.07462686567164178,0.26785714285714285,0.625,0.21428571428571427,0.42857142857142855,0.20588235294117646,0.0,0.07142857142857142,0.7142857142857143,0.5469665428322773,0.3901684278654022,0.3515885193411789,0.4469691701255719,NaN,NaN,NaN,NaN,5.321428571428571,8.188921880103727,2.2340881170477043,0.8842006129175272,4.6,0.23214285714285715,0.3882485803132514,4.0,9.0,1.7886178861788617,0.7594045284168754,0.029411764705882353,0.0
353,1,68.0,283.0,4.161764705882353,0.06211589113257243,0.16417910447761194,0.08955223880597014,0.21428571428571427,0.625,0.2857142857142857,0.42857142857142855,0.20588235294117646,0.0,0.07142857142857142,0.5714285714285714,0.5421197669438016,0.3946145747369034,0.3616345731841123,0.46284287729446455,NaN,NaN,NaN,NaN,5.053571428571429,7.186906384295218,2.261518568404735,0.9417902262730338,4.583333333333334,0.30357142857142855,0.3656411081258475,4.0,9.0,1.8281461434370772,0.7554450582707719,0.029411764705882353,0.0
354,1,68.0,293.0,4.3088235294117645,0.06431079894644424,0.16417910447761194,0.05970149253731343,0.25,0.625,0.19642857142857142,0.42857142857142855,0.20588235294117646,0.0,0.0,0.7142857142857143,0.49602893397230646,0.4015024363683922,0.3404357088580113,0.44288281084308917,NaN,NaN,NaN,NaN,5.232142857142857,7.301285245336347,2.2148397432208426,0.8316330604803286,4.014285714285714,0.25,0.3862397830919089,4.0,11.0,1.7427821522309712,0.6660386569553082,0.08823529411764706,0.0
355,1,68.0,217.0,3.1911764705882355,0.04762949956101844,0.16417910447761194,0.1044776119402985,0.2857142857142857,0.6428571428571429,0.26785714285714285,0.42857142857142855,0.20588235294117646,0.0,0.0,0.5714285714285714,0.5767181760482656,0.42798653780662954,0.3625833737569731,0.4577408195636788,NaN,NaN,NaN,NaN,3.875,5.373546315051169,2.267081621674642,0.9751732401908799,4.90566037735849,0.21428571428571427,0.4159766989831551,4.0,9.0,1.9554367201426024,0.8963078214099505,0.058823529411764705,0.0
356,1,68.0,245.0,3.6029411764705883,0.053775241439859525,0.16417910447761194,0.07462686567164178,0.30357142857142855,0.625,0.21428571428571427,0.42857142857142855,0.20588235294117646,0.0,0.07142857142857142,0.6428571428571429,0.5323049513975893,0.39679476814541265,0.34516572586481403,0.4431560100950368,NaN,NaN,NaN,NaN,4.375,6.568692965326304,2.2680193000478033,0.929255343534501,4.395061728395062,0.25,0.4234791444442014,4.0,12.0,1.991769547325103,0.825379214614419,0.07352941176470588,0.0
357,1,68.0,292.0,4.294117647058823,0.06409130816505706,0.16417910447761194,0.11940298507462686,0.2857142857142857,0.625,0.17857142857142858,0.42857142857142855,0.20588235294117646,0.0,0.0,0.6428571428571429,0.47220904366717215,0.4044671026071349,0.3321457749766573,0.4321939532891831,NaN,NaN,NaN,NaN,5.214285714285714,5.105128564721721,2.2858218628169094,0.9755711049549307,5.0,0.23214285714285715,0.46746376428834624,4.0,11.0,1.660883280757098,0.6816135319168929,0.07352941176470588,0.0
358,1,68.0,256.0,3.764705882352941,0.056189640035118525,0.16417910447761194,0.07462686567164178,0.2857142857142857,0.6428571428571429,0.17857142857142858,0.42857142857142855,0.20588235294117646,0.0,0.0,0.5714285714285714,0.46074184602186846,0.40276533982240953,0.3335636982065554,0.4359464435308102,NaN,NaN,NaN,NaN,4.571428571428571,6.9775149075952765,2.299397480877148,1.0292326886452394,5.333333333333334,0.23214285714285715,0.3573588738669858,6.0,8.0,2.409879839786382,1.3340295643614304,0.029411764705882353,0.0
359,1,68.0,256.0,3.764705882352941,0.056189640035118525,0.16417910447761194,0.07462686567164178,0.25,0.625,0.17857142857142858,0.42857142857142855,0.20588235294117646,0.0,0.07142857142857142,0.6428571428571429,0.5231024215576926,0.38830576323585486,0.3368074203365557,0.4356465504928689,NaN,NaN,NaN,NaN,4.571428571428571,4.979438240886736,2.2714073819343787,0.9514762427769489,4.777777777777778,0.25,0.3678710239914948,5.0,11.0,1.8288431061806656,0.8256936049852337,0.029411764705882353,0.0
36,1,68.0,249.0,3.661764705882353,0.05465320456540825,0.16417910447761194,0.11940298507462686,0.26785714285714285,0.6071428571428571,0.25,0.42857142857142855,0.20588235294117646,0.0,0.07142857142857142,0.6428571428571429,0.535976686278868,0.39816389089421683,0.3587514172335601,0.45559498134776005,NaN,NaN,NaN,NaN,4.446428571428571,4.961376798859338,2.287834274630585,0.9850256323923382,4.916666666666666,0.2857142857142857,0.36155155269005007,4.0,9.0,1.8465608465608465,0.9031264831753687,0.058823529411764705,0.0
360,1,68.0,260.0,3.823529411764706,0.05706760316066725,0.16417910447761194,0.1044776119402985,0.26785714285714285,0.6428571428571429,0.16071428571428573,0.39285714285714285,0.20588235294117646,0.0,0.0,0.5714285714285714,0.49091472266282116,0.3827174559627721,0.3348001700680272,0.43452739012699665,NaN,NaN,NaN,NaN,4.642857142857143,5.261968423348025,2.2661928633618706,0.9695523618749734,5.0,0.21428571428571427,0.4156161548918933,4.0,8.0,1.8815384615384616,0.858096992892881,0.029411764705882353,0.0
361,1,68.0,259.0,3.8088235294117645,0.05684811237928007,0.16417910447761194,0.07462686567164178,0.25,0.625,0.23214285714285715,0.44642857142857145,0.20588235294117646,0.0,0.07142857142857142,0.6428571428571429,0.5091272762098172,0.399545316323395,0.34107986311933686,0.4395660692017559,NaN,NaN,NaN,NaN,4.625,6.490727652162388,2.2642554699587096,0.9353235387615108,4.720000000000001,0.26785714285714285,0.4182995912604764,4.0,11.0,1.910919540229885,0.836640259020156,0.07352941176470588,0.0
362,1,68.0,263.0,3.8676470588235294,0.0577260755048288,0.16417910447761194,0.05970149253731343,0.26785714285714285,0.6071428571428571,0.19642857142857142,0.44642857142857145,0.20588235294117646,0.0,0.07142857142857142,0.6428571428571429,0.5046464925533994,0.3897628741167189,0.3348822034794779,0.43588345826221847,NaN,NaN,NaN,NaN,4.696428571428571,5.470315406752214,2.2841267570434884,0.9584542737777048,4.545454545454545,0.2857142857142857,0.39373880206513157,4.0,10.0,1.8982118294360386,0.8135116506573147,0.08823529411764706,0.0
363,1,68.0,293.0,4.3088235294117645,0.06431079894644424,0.16417910447761194,0.05970149253731343,0.25,0.6071428571428571,0.30357142857142855,0.42857142857142855,0.20588235294117646,0.0,0.07142857142857142,0.5714285714285714,0.48882335676077854,0.418612868776798,0.3631351287601287,0.4693378295001863,NaN,NaN,NaN,NaN,5.232142857142857,5.510291434063327,2.2984905000144122,0.98419516589834,5.0,0.26785714285714285,0.3667684845443341,4.0,10.0,1.8178025034770515,0.7944200666384542,0.058823529411764705,0.0
364,1,68.0,230.0,3.3823529411764706,0.0504828797190518,0.16417910447761194,0.07462686567164178,0.25,0.625,0.21428571428571427,0.42857142857142855,0.20588235294117646,0.0,0.0,0.5714285714285714,0.4864126089239474,0.4027755163121906,0.32400103681823605,0.4386752949349735,NaN,NaN,NaN,NaN,4.107142857142857,5.96254543395252,2.3385040197663405,1.085085839996483,5.102564102564102,0.26785714285714285,0.4307556886577259,6.0,12.0,2.0965517241379312,1.1140437347410779,0.058823529411764705,0.0
365,1,68.0,249.0,3.661764705882353,0.05465320456540825,0.16417910447761194,0.07462686567164178,0.26785714285714285,0.6428571428571429,0.19642857142857142,0.42857142857142855,0.20588235294117646,0.0,0.0,0.5714285714285714,0.5192751467625081,0.38921453388152766,0.33816738816738817,0.436720061632149,NaN,NaN,NaN,NaN,4.446428571428571,4.414520020680279,2.289743212721704,0.9983096471327385,4.704225352112676,0.23214285714285715,0.4765916040663585,4.0,11.0,1.9926253687315634,0.9118966930492605,0.08823529411764706,0.0
366,1,68.0,244.0,3.588235294117647,0.053555750658472345,0.16417910447761194,0.08955223880597014,0.26785714285714285,0.6071428571428571,0.23214285714285715,0.44642857142857145,0.20588235294117646,0.0,0.07142857142857142,0.6428571428571429,0.49566165774420134,0.4007488625681446,0.3573197032436163,0.4457740927920885,NaN,NaN,NaN,NaN,4.357142857142857,4.803137502729843,2.256286788771317,0.9265699411200569,4.818181818181818,0.25,0.4093183796890383,4.0,10.0,1.8983333333333334,0.8940522568352152,0.07352941176470588,0.0
367,1,68.0,261.0,3.838235294117647,0.05728709394205443,0.16417910447761194,0.05970149253731343,0.23214285714285715,0.625,0.26785714285714285,0.4642857142857143,0.20588235294117646,0.0,0.07142857142857142,0.5714285714285714,0.5488011644322232,0.3961929875786816,0.35869918771704484,0.4528402531019401,NaN,NaN,NaN,NaN,4.660714285714286,5.302749837976128,2.263167066774637,0.9227741493122082,4.5,0.26785714285714285,0.43901450187246727,4.0,10.0,1.8694481830417227,0.7721015478607455,0.07352941176470588,0.0
368,1,68.0,252.0,3.7058823529411766,0.0553116769095698,0.16417910447761194,0.11940298507462686,0.25,0.625,0.19642857142857142,0.44642857142857145,0.20588235294117646,0.0,0.0,0.6428571428571429,0.5336151431273909,0.40801795271244157,0.3541654919543575,0.44259869141350977,NaN,NaN,NaN,NaN,4.5,4.7020305091620695,2.215200757396332,0.848832030248495,4.256410256410256,0.21428571428571427,0.34960486575748745,5.0,8.0,1.7625,0.8324936138935388,0.058823529411764705,0.0
369,1,68.0,271.0,3.985294117647059,0.05948200175592625,0.16417910447761194,0.05970149253731343,0.21428571428571427,0.6428571428571429,0.23214285714285715,0.44642857142857145,0.20588235294117646,0.0,0.07142857142857142,0.6428571428571429,0.5041722291649121,0.3910490098355066,0.3349908028479457,0.43274043703948095,NaN,NaN,NaN,NaN,4.839285714285714,7.367685675148758,2.2348493720512024,0.8940171220241524,4.291666666666666,0.25,0.45519099290081,5.0,10.0,1.8172661870503597,0.8032649565527192,0.07352941176470588,0.0
37,1,68.0,261.0,3.838235294117647,0.05728709394205443,0.16417910447761194,0.11940298507462686,0.2857142857142857,0.6071428571428571,0.17857142857142858,0.4107142857142857,0.20588235294117646,0.0,0.07142857142857142,0.5714285714285714,0.4565935857976306,0.37789223732214233,0.3248299319727891,0.4274486512342053,NaN,NaN,NaN,NaN,4.660714285714286,5.657743802529851,2.2849115459459974,0.9683827653599031,4.733333333333333,0.21428571428571427,0.3681832284724169,3.0,10.0,1.705128205128205,0.7487305967229243,0.07352941176470588,0.0
370,1,68.0,243.0,3.573529411764706,0.053336259877085165,0.16417910447761194,0.1044776119402985,0.25,0.625,0.26785714285714285,0.42857142857142855,0.20588235294117646,0.0,0.07142857142857142,0.6428571428571429,0.5121311922573623,0.40901031475566163,0.3588228213933102,0.45920210676977496,NaN,NaN,NaN,NaN,4.339285714285714,5.507934064813926,2.2881525385817523,1.0114446285757286,5.064516129032258,0.26785714285714285,0.38900058155587247,5.0,9.0,1.8519195612431445,0.9287881391561644,0.029411764705882353,0.0
371,1,68.0,241.0,3.5441176470588234,0.0528972783143108,0.16417910447761194,0.014925373134328358,0.23214285714285715,0.6428571428571429,0.25,0.42857142857142855,0.20588235294117646,0.0,0.07142857142857142,0.6428571428571429,0.5205866582396719,0.4051858992870652,0.3516093486767748,0.4495489451697637,NaN,NaN,NaN,NaN,4.303571428571429,6.684907404967326,2.240583521600194,0.9133107160187116,4.545454545454545,0.26785714285714285,0.4402071688442472,4.0,9.0,1.8637015781922526,0.7466896771985418,0.058823529411764705,0.0
372,1,68.0,225.0,3.3088235294117645,0.04938542581211589,0.16417910447761194,0.07462686567164178,0.26785714285714285,0.625,0.23214285714285715,0.4107142857142857,0.20588235294117646,0.0,0.0,0.5714285714285714,0.524102718489016,0.39178789257012664,0.33576388888888886,0.4428462624311856,NaN,NaN,NaN,NaN,4.017857142857143,5.658432392708879,2.2718292358630277,0.9499300590061327,4.566666666666666,0.23214285714285715,0.39504157335747186,5.0,10.0,2.004594180704441,0.9209442818836449,0.04411764705882353,0.0
373,1,68.0,293.0,4.3088235294117645,0.06431079894644424,0.16417910447761194,0.08955223880597014,0.23214285714285715,0.625,0.23214285714285715,0.42857142857142855,0.20588235294117646,0.0,0.07142857142857142,0.6428571428571429,0.5209835085761843,0.40276526521040174,0.34780023120359255,0.4557415163720046,NaN,NaN,NaN,NaN,5.232142857142857,6.2841534366678555,2.259817267792637,0.9282518881600049,4.701754385964913,0.25,0.35543429611402977,4.0,8.0,1.7975206611570247,0.7730240993612145,0.04411764705882353,0.0
374,1,68.0,254.0,3.735294117647059,0.05575065847234416,0.16417910447761194,0.029850746268656716,0.26785714285714285,0.625,0.21428571428571427,0.4107142857142857,0.20588235294117646,0.0,0.0,0.5714285714285714,0.5134561641640037,0.3927404814797559,0.33514739229024937,0.4427539346158103,NaN,NaN,NaN,NaN,4.535714285714286,5.052323626409341,2.2968710159264,0.9966437449978528,4.696969696969697,0.26785714285714285,0.43077466178023155,4.0,11.0,1.9448275862068964,0.8391269991991144,0.058823529411764705,0.0
375,1,68.0,197.0,2.8970588235294117,0.043239683933274806,0.16417910447761194,0.13432835820895522,0.26785714285714285,0.6607142857142857,0.21428571428571427,0.42857142857142855,0.20588235294117646,0.0,0.0,0.6428571428571429,0.5210551161498825,0.40530824400973114,0.34065334467120184,0.4456458709901598,NaN,NaN,NaN,NaN,3.517857142857143,3.5419104830768773,2.3243074413546547,1.1307181405465951,5.888888888888889,0.21428571428571427,0.5720089987151359,5.0,9.0,1.9294871794871795,0.9779945798020666,0.07352941176470588,0.0
376,1,68.0,252.0,3.7058823529411766,0.0553116769095698,0.16417910447761194,0.13432835820895522,0.2857142857142857,0.6428571428571429,0.21428571428571427,0.375,0.20588235294117646,0.0,0.0,0.6428571428571429,0.47300871146330875,0.4067113892821448,0.3346640251845419,0.44911466946554685,NaN,NaN,NaN,NaN,4.5,7.512413968649733,2.2603023150560904,0.9662304175762892,5.045454545454545,0.16071428571428573,0.33671285930981754,5.0,9.0,2.0846153846153848,1.1283885136190535,0.0,0.0
377,1,68.0,295.0,4.338235294117647,0.06474978050921862,0.16417910447761194,0.07462686567164178,0.19642857142857142,0.625,0.16071428571428573,0.42857142857142855,0.20588235294117646,0.0,0.07142857142857142,0.6428571428571429,0.4825797029653746,0.3945857260607715,0.32648873943516804,0.4326562472956736,NaN,NaN,NaN,NaN,5.267857142857143,6.2682201952056875,2.2780384026529266,0.9934867299913419,4.983333333333333,0.30357142857142855,0.4307940533780191,5.0,10.0,1.791476407914764,0.8450287445359216,0.08823529411764706,0.0
378,1,68.0,234.0,3.4411764705882355,0.051360842844600525,0.16417910447761194,0.05970149253731343,0.2857142857142857,0.6428571428571429,0.25,0.4107142857142857,0.20588235294117646,0.0,0.14285714285714285,0.5714285714285714,0.4805630047348609,0.39872170456402045,0.3461211407639979,0.4527345752620931,NaN,NaN,NaN,NaN,4.178571428571429,5.138472156574958,2.2986061203766686,1.0420816199520615,5.285714285714286,0.19642857142857142,0.421485009637683,5.0,8.0,1.6796338672768878,0.8662223444607268,0.04411764705882353,0.0
379,1,68.0,265.0,3.8970588235294117,0.05816505706760316,0.16417910447761194,0.05970149253731343,0.25,0.625,0.16071428571428573,0.42857142857142855,0.20588235294117646,0.0,0.07142857142857142,0.5714285714285714,0.5385234239847853,0.39676944569845296,0.3496811224489796,0.4436189601268979,NaN,NaN,NaN,NaN,4.732142857142857,5.279432033600072,2.3232262709438167,1.0913134637201158,6.166666666666667,0.2857142857142857,0.38668656942822055,6.0,9.0,2.2592067988668556,1.2736083523547386,0.029411764705882353,0.0
38,1,68.0,215.0,3.161764705882353,0.04719051799824407,0.16417910447761194,0.11940298507462686,0.2857142857142857,0.6428571428571429,0.19642857142857142,0.39285714285714285,0.20588235294117646,0.0,0.0,0.5714285714285714,0.5489319570420761,0.40063024327817387,0.326140873015873,0.43748489689682635,NaN,NaN,NaN,NaN,3.8392857142857144,4.084457394537518,2.3285913628443287,1.0816076849546032,5.3,0.25,0.39531911921512813,6.0,8.0,1.9502982107355864,1.0253339318726271,0.029411764705882353,0.0
380,1,68.0,263.0,3.8676470588235294,0.0577260755048288,0.16417910447761194,0.05970149253731343,0.25,0.625,0.25,0.44642857142857145,0.20588235294117646,0.0,0.07142857142857142,0.5714285714285714,0.5583743848201993,0.40730400935831895,0.3528381175702604,0.4531315936742898,NaN,NaN,NaN,NaN,4.696428571428571,6.295509634528532,2.2888798599584135,1.0342302643792696,5.6764705882352935,0.25,0.4046344977861706,5.0,10.0,2.1351724137931036,1.0966757299660248,0.04411764705882353,0.0
381,1,68.0,265.0,3.8970588235294117,0.05816505706760316,0.16417910447761194,0.014925373134328358,0.25,0.6428571428571429,0.21428571428571427,0.44642857142857145,0.20588235294117646,0.0,0.07142857142857142,0.5714285714285714,0.5601676178436794,0.41793187774339924,0.35442048031333745,0.44467284742379953,NaN,NaN,NaN,NaN,4.732142857142857,7.413724548990992,2.2222883482444047,0.871472183219003,4.416666666666666,0.23214285714285715,0.3738917349222605,4.0,9.0,1.703583061889251,0.6949504627079659,0.07352941176470588,0.0
382,1,68.0,253.0,3.7205882352941178,0.05553116769095698,0.16417910447761194,0.04477611940298507,0.2857142857142857,0.6428571428571429,0.23214285714285715,0.35714285714285715,0.20588235294117646,0.0,0.07142857142857142,0.5714285714285714,0.46659722641586654,0.4100662051632878,0.3293013038548752,0.4563599332247386,NaN,NaN,NaN,NaN,4.517857142857143,5.467228220550558,2.286862427806166,0.9973491082493574,4.837837837837838,0.23214285714285715,0.4515107877608005,5.0,12.0,2.0139082058414464,0.9484343629717962,0.10294117647058823,0.0
383,1,68.0,264.0,3.8823529411764706,0.05794556628621598,0.16417910447761194,0.08955223880597014,0.23214285714285715,0.6071428571428571,0.23214285714285715,0.42857142857142855,0.20588235294117646,0.0,0.07142857142857142,0.5714285714285714,0.48977181829640765,0.401867013247475,0.3373485797827903,0.44784210292080495,NaN,NaN,NaN,NaN,4.714285714285714,5.502773798778165,2.266979918841232,0.9326763421778332,4.666666666666666,0.2857142857142857,0.3919373678853061,4.0,10.0,1.784829721362229,0.7625856985968327,0.029411764705882353,0.0
384,1,68.0,310.0,4.5588235294117645,0.06804214223002635,0.16417910447761194,0.1044776119402985,0.23214285714285715,0.625,0.17857142857142858,0.44642857142857145,0.20588235294117646,0.0,0.0,0.6428571428571429,0.4829292809213838,0.3966737463721412,0.3467545351473923,0.43678691797919106,NaN,NaN,NaN,NaN,5.535714285714286,5.69837069445544,2.28474106189866,0.9821489674178757,4.708333333333334,0.26785714285714285,0.4092133684641091,4.0,8.0,1.6792763157894737,0.781224149836791,0.08823529411764706,0.0
385,1,68.0,224.0,3.2941176470588234,0.04916593503072871,0.16417910447761194,0.1044776119402985,0.2857142857142857,0.625,0.32142857142857145,0.375,0.20588235294117646,0.0,0.07142857142857142,0.5714285714285714,0.5069240605255839,0.4406259094357379,0.3480576441102757,0.4696178081238943,NaN,NaN,NaN,NaN,4.0,5.917616227686771,2.303922367980523,1.0289888741332427,5.125,0.23214285714285715,0.4698091645692954,4.0,11.0,1.754201680672269,0.8287487037553161,0.07352941176470588,0.0
386,1,68.0,241.0,3.5441176470588234,0.0528972783143108,0.16417910447761194,0.05970149253731343,0.23214285714285715,0.6428571428571429,0.19642857142857142,0.42857142857142855,0.20588235294117646,0.0,0.0,0.6428571428571429,0.5353695286195286,0.41257639532150864,0.33283730158730157,0.4387917381104876,NaN,NaN,NaN,NaN,4.303571428571429,5.218567002390747,2.2769352078244003,0.9820315852396293,5.105263157894736,0.26785714285714285,0.434697435442435,4.0,10.0,2.0175182481751825,0.9301557602552964,0.07352941176470588,0.0
387,1,68.0,295.0,4.338235294117647,0.06474978050921862,0.16417910447761194,0.04477611940298507,0.23214285714285715,0.625,0.30357142857142855,0.42857142857142855,0.20588235294117646,0.0,0.07142857142857142,0.7142857142857143,0.5407580756922272,0.41734289969890265,0.3620188170395459,0.46623560882675047,NaN,NaN,NaN,NaN,5.267857142857143,8.286881355335227,2.2385718951880578,0.8827279741982157,4.5,0.2857142857142857,0.4182889324249925,4.0,10.0,1.7978142076502732,0.7652476533161915,0.0,0.0
388,1,68.0,267.0,3.926470588235294,0.058604038630377525,0.16417910447761194,0.014925373134328358,0.26785714285714285,0.6071428571428571,0.23214285714285715,0.44642857142857145,0.20588235294117646,0.0,0.07142857142857142,0.6428571428571429,0.5213888914563409,0.4083488609750942,0.35936249499799927,0.4534846258601438,NaN,NaN,NaN,NaN,4.767857142857143,6.494728131838431,2.2930206031592864,1.0208219250753345,5.583333333333334,0.23214285714285715,0.4587195714330863,5.0,10.0,1.9381294964028777,0.9500034645358668,0.08823529411764706,0.0
389,1,68.0,248.0,3.6470588235294117,0.05443371378402107,0.16417910447761194,0.04477611940298507,0.23214285714285715,0.625,0.26785714285714285,0.4642857142857143,0.20588235294117646,0.0,0.0,0.6428571428571429,0.553553071720165,0.4026256416179628,0.3565757553021208,0.44981616628464083,NaN,NaN,NaN,NaN,4.428571428571429,6.166941610812351,2.2882871129418243,0.9943149105031566,4.875,0.25,0.4256651208861196,6.0,10.0,2.1064748201438848,1.0396469579985916,0.08823529411764706,0.0
39,1,68.0,291.0,4.279411764705882,0.06387181738366988,0.16417910447761194,0.1044776119402985,0.21428571428571427,0.6607142857142857,0.25,0.42857142857142855,0.20588235294117646,0.0,0.14285714285714285,0.6428571428571429,0.5199274914465234,0.4155397392762724,0.3557889035567606,0.45306572344969387,NaN,NaN,NaN,NaN,5.196428571428571,7.237326585410952,2.2296670978632678,0.9279444055319547,4.886363636363637,0.23214285714285715,0.3478106222252052,5.0,8.0,1.7456140350877194,0.8854556432210398,0.0,0.0
390,1,68.0,261.0,3.838235294117647,0.05728709394205443,0.16417910447761194,0.11940298507462686,0.2857142857142857,0.625,0.23214285714285715,0.39285714285714285,0.20588235294117646,0.0,0.07142857142857142,0.5714285714285714,0.518033631919245,0.4128172732588272,0.3495535714285714,0.459677330587852,NaN,NaN,NaN,NaN,4.660714285714286,4.357967773731596,2.2743013396713754,0.9619106080229075,4.708333333333334,0.23214285714285715,0.4021768465263489,4.0,10.0,1.6126482213438735,0.7093143410523804,0.07352941176470588,0.0
391,1,68.0,267.0,3.926470588235294,0.058604038630377525,0.16417910447761194,0.13432835820895522,0.2857142857142857,0.6071428571428571,0.25,0.42857142857142855,0.20588235294117646,0.0,0.07142857142857142,0.6428571428571429,0.5079846707274479,0.3972689791677452,0.3541843333077912,0.451303830146045,NaN,NaN,NaN,NaN,4.767857142857143,7.273841229623192,2.246008052210437,0.919432291648433,5.083333333333334,0.21428571428571427,0.3783416678262702,5.0,8.0,1.929936305732484,1.0094586145559228,0.029411764705882353,0.0
392,1,68.0,279.0,4.102941176470588,0.061237928007023705,0.16417910447761194,0.029850746268656716,0.25,0.6428571428571429,0.2857142857142857,0.42857142857142855,0.20588235294117646,0.0,0.07142857142857142,0.6428571428571429,0.5397787377457413,0.4016809740604308,0.3730640589569161,0.47014221054159017,NaN,NaN,NaN,NaN,4.982142857142857,5.616505129538284,2.2841454413629965,0.9921068319716211,4.75,0.25,0.44915719847962254,4.0,12.0,1.914361001317523,0.8357398134186458,0.10294117647058823,0.0
393,1,68.0,220.0,3.235294117647059,0.048287971905179985,0.16417910447761194,0.04477611940298507,0.2857142857142857,0.625,0.26785714285714285,0.39285714285714285,0.20588235294117646,0.0,0.0,0.6428571428571429,0.5022917026924032,0.42469112785916335,0.3463463345864662,0.46029046188937583,NaN,NaN,NaN,NaN,3.9285714285714284,5.578716512073178,2.27407211525822,0.9560635157564742,4.653846153846153,0.21428571428571427,0.3914656297178923,5.0,10.0,2.0694006309148265,1.0046859972077757,0.058823529411764705,0.0
394,1,68.0,341.0,5.014705882352941,0.07484635645302898,0.16417910447761194,0.07462686567164178,0.25,0.6071428571428571,0.19642857142857142,0.4642857142857143,0.20588235294117646,0.0,0.07142857142857142,0.6428571428571429,0.5355388395474543,0.37730762295510134,0.35198412698412695,0.440169413339442,NaN,NaN,NaN,NaN,6.089285714285714,6.90527278301098,2.2773583180008456,0.9463546784272608,4.583333333333334,0.2857142857142857,0.43962854227988646,6.0,12.0,1.8252656434474617,0.8766334400508546,0.10294117647058823,0.0
395,1,68.0,282.0,4.147058823529412,0.06189640035118525,0.16417910447761194,0.08955223880597014,0.23214285714285715,0.625,0.17857142857142858,0.4107142857142857,0.20588235294117646,0.0,0.0,0.6428571428571429,0.5239595201506527,0.39353330626457206,0.33901935774309727,0.4362395046983323,NaN,NaN,NaN,NaN,5.035714285714286,7.291250761175181,2.358689706744368,1.1666594058260957,6.5,0.30357142857142855,0.41407006347834197,6.0,10.0,2.3587385019710907,1.4174961194423312,0.029411764705882353,0.0
396,1,68.0,258.0,3.7941176470588234,0.05662862159789289,0.16417910447761194,0.11940298507462686,0.26785714285714285,0.6428571428571429,0.17857142857142858,0.39285714285714285,0.20588235294117646,0.0,0.0,0.7142857142857143,0.502611313416713,0.3941519786335818,0.330509768009768,0.44143638813529057,NaN,NaN,NaN,NaN,4.607142857142857,5.649387968230224,2.2578988071354456,0.9451903314093741,4.9,0.23214285714285715,0.33406854820399845,4.0,8.0,1.7482014388489209,0.8062237650610886,0.04411764705882353,0.0
397,1,68.0,261.0,3.838235294117647,0.05728709394205443,0.16417910447761194,0.07462686567164178,0.25,0.625,0.23214285714285715,0.42857142857142855,0.20588235294117646,0.0,0.0,0.5714285714285714,0.5253123596304619,0.3933438616499603,0.35012046485260767,0.4480184255467814,NaN,NaN,NaN,NaN,4.660714285714286,5.7754237490005425,2.2814303881149036,0.9726136278818096,4.522123893805309,0.26785714285714285,0.39634269634589026,5.0,9.0,1.8734177215189873,0.8702454411982506,0.058823529411764705,0.0
398,1,68.0,294.0,4.323529411764706,0.06453028972783142,0.16417910447761194,0.029850746268656716,0.21428571428571427,0.625,0.17857142857142858,0.44642857142857145,0.20588235294117646,0.0,0.07142857142857142,0.5714285714285714,0.5149638068385723,0.39895829286118967,0.345303500187954,0.4376183931993614,NaN,NaN,NaN,NaN,5.25,7.201641227084029,2.2885513582592183,1.0076677220809125,5.285714285714286,0.2857142857142857,0.42948748257278685,5.0,9.0,1.9483240223463687,1.008417710117916,0.0,0.0
399,1,68.0,222.0,3.264705882352941,0.048726953467954345,0.16417910447761194,0.05970149253731343,0.25,0.625,0.21428571428571427,0.4107142857142857,0.20588235294117646,0.0,0.0,0.6428571428571429,0.5070202020202019,0.40029530857047413,0.3270124716553288,0.4403980590400378,NaN,NaN,NaN,NaN,3.9642857142857144,5.691985707879219,2.2492425427286795,0.9430866888968717,5.545454545454545,0.21428571428571427,0.36335406238462026,5.0,8.0,1.9061224489795918,1.0640833037921056,0.029411764705882353,0.0
4,1,68.0,252.0,3.7058823529411766,0.0553116769095698,0.16417910447761194,0.05970149253731343,0.26785714285714285,0.625,0.23214285714285715,0.42857142857142855,0.20588235294117646,0.0,0.0,0.6428571428571429,0.4948003197827387,0.3912668578297867,0.32900815217391305,0.4420077813478627,NaN,NaN,NaN,NaN,4.5,6.075285253310408,2.2919674606112097,0.987458250863419,5.157894736842105,0.23214285714285715,0.3991213840895357,4.0,10.0,1.908579465541491,0.8179824589704695,0.07352941176470588,0.0
40,1,68.0,282.0,4.147058823529412,0.06189640035118525,0.16417910447761194,0.1044776119402985,0.2857142857142857,0.6071428571428571,0.19642857142857142,0.4107142857142857,0.20588235294117646,0.0,0.07142857142857142,0.6428571428571429,0.4997097349471519,0.39208324110649767,0.3382416855631141,0.4390473473896243,NaN,NaN,NaN,NaN,5.035714285714286,6.779552910210058,2.245384910699844,0.8850816132759151,4.277777777777778,0.25,0.347722321964163,5.0,9.0,1.8724279835390947,0.8589667656496208,0.029411764705882353,0.0
400,1,68.0,270.0,3.9705882352941178,0.05926251097453907,0.16417910447761194,0.08955223880597014,0.23214285714285715,0.625,0.30357142857142855,0.4107142857142857,0.20588235294117646,0.0,0.07142857142857142,0.7142857142857143,0.520284497557241,0.4094762467403452,0.3608316076021243,0.4661700434566682,NaN,NaN,NaN,NaN,4.821428571428571,8.142162194086115,2.2310144068424163,0.8814888336991041,4.54054054054054,0.23214285714285715,0.41690251264958955,4.0,10.0,1.7291021671826625,0.7061116138763827,0.058823529411764705,0.0
401,1,68.0,234.0,3.4411764705882355,0.051360842844600525,0.16417910447761194,0.13432835820895522,0.30357142857142855,0.625,0.17857142857142858,0.4107142857142857,0.20588235294117646,0.0,0.07142857142857142,0.5714285714285714,0.5538083458589943,0.4004712655702944,0.3350236568986569,0.435325577239223,NaN,NaN,NaN,NaN,4.178571428571429,3.814361106312648,2.2563305522427313,0.9458509332623524,4.615384615384615,0.19642857142857142,0.4135518134542896,4.0,9.0,1.768642447418738,0.793901245749869,0.04411764705882353,0.0
402,1,68.0,323.0,4.75,0.0708955223880597,0.16417910447761194,0.0,0.23214285714285715,0.6071428571428571,0.25,0.4107142857142857,0.20588235294117646,0.0,0.0,0.7142857142857143,0.4902402190511602,0.3927202190346156,0.33132489016109706,0.4460512056562679,NaN,NaN,NaN,NaN,5.767857142857143,9.081431748210335,2.231924677511905,0.8647969084179513,4.5,0.30357142857142855,0.4082735449746803,4.0,11.0,1.9160997732426304,0.8333236812895128,0.058823529411764705,0.0
403,1,68.0,281.0,4.132352941176471,0.06167690956979807,0.16417910447761194,0.11940298507462686,0.23214285714285715,0.625,0.19642857142857142,0.42857142857142855,0.20588235294117646,0.0,0.0,0.5714285714285714,0.4899338678640605,0.3801963253363942,0.3343884264232008,0.4339851807247286,NaN,NaN,NaN,NaN,5.017857142857143,6.470888856826594,2.2769862035918957,0.9692683492336528,4.909090909090909,0.25,0.3622601793283991,4.0,9.0,1.698706099815157,0.8518923317792012,0.07352941176470588,0.0
404,1,68.0,268.0,3.9411764705882355,0.058823529411764705,0.16417910447761194,0.1044776119402985,0.23214285714285715,0.6428571428571429,0.32142857142857145,0.44642857142857145,0.20588235294117646,0.0,0.0,0.6428571428571429,0.5307021040324024,0.424834979355488,0.3652061701873732,0.4705788220934929,NaN,NaN,NaN,NaN,4.785714285714286,4.978916587934608,2.3094368046505034,1.0645151735811091,5.181818181818182,0.26785714285714285,0.5151270642656263,6.0,12.0,1.9929378531073447,0.9828549250882388,0.11764705882352941,0.0
405,1,68.0,330.0,4.852941176470588,0.07243195785776997,0.16417910447761194,0.014925373134328358,0.19642857142857142,0.6428571428571429,0.23214285714285715,0.44642857142857145,0.20588235294117646,0.0,0.07142857142857142,0.6428571428571429,0.5261575827924013,0.40105868186967714,0.3535420308857809,0.45376356666596485,NaN,NaN,NaN,NaN,5.892857142857143,8.546511401902952,2.2542485389297724,0.9377515120911839,4.611111111111111,0.2857142857142857,0.4138944939194418,4.0,13.0,1.917960088691796,0.8308220703019208,0.08823529411764706,0.0
406,1,68.0,243.0,3.573529411764706,0.053336259877085165,0.16417910447761194,0.04477611940298507,0.25,0.625,0.26785714285714285,0.39285714285714285,0.20588235294117646,0.0,0.07142857142857142,0.6428571428571429,0.5064720169055557,0.4023865657234972,0.3352139331342293,0.4595834554393912,NaN,NaN,NaN,NaN,4.339285714285714,6.894732602671235,2.311245315344688,1.0313187716222971,5.071428571428571,0.26785714285714285,0.38250761769187247,5.0,9.0,2.145244215938303,0.9906820730601956,0.058823529411764705,0.0
407,1,68.0,250.0,3.676470588235294,0.05487269534679543,0.16417910447761194,0.11940298507462686,0.25,0.6071428571428571,0.25,0.4107142857142857,0.20588235294117646,0.0,0.0,0.5714285714285714,0.5413810011582273,0.42112588073927515,0.35505243764172334,0.4538054802775676,NaN,NaN,NaN,NaN,4.464285714285714,6.0601958735649815,2.2619314028073814,0.9451123589978841,4.818181818181818,0.26785714285714285,0.3234943063944024,5.0,9.0,1.6308724832214765,0.83113995914351,0.029411764705882353,0.0
408,1,68.0,288.0,4.235294117647059,0.06321334503950835,0.16417910447761194,0.04477611940298507,0.26785714285714285,0.6607142857142857,0.21428571428571427,0.4107142857142857,0.20588235294117646,0.0,0.07142857142857142,0.7142857142857143,0.49038682036064074,0.4014483989511566,0.3356091527520099,0.4464995699244922,NaN,NaN,NaN,NaN,5.142857142857143,6.908304808321308,2.2306728020335225,0.9018504798642712,4.589285714285714,0.19642857142857142,0.3737620030684773,5.0,10.0,1.9481865284974094,0.8952442885094634,0.029411764705882353,0.0
409,1,68.0,230.0,3.3823529411764706,0.0504828797190518,0.16417910447761194,0.05970149253731343,0.25,0.6607142857142857,0.23214285714285715,0.42857142857142855,0.20588235294117646,0.0,0.07142857142857142,0.5714285714285714,0.5667570042745426,0.4116851104607021,0.35466624149659864,0.4494164052960556,NaN,NaN,NaN,NaN,4.107142857142857,5.782979953523715,2.270191074094118,1.01067322905479,5.5,0.19642857142857142,0.40345343400625605,5.0,8.0,1.7582644628099173,0.873721416802649,0.029411764705882353,0.0
41,1,68.0,230.0,3.3823529411764706,0.0504828797190518,0.16417910447761194,0.1791044776119403,0.26785714285714285,0.625,0.17857142857142858,0.42857142857142855,0.20588235294117646,0.0,0.0,0.5714285714285714,0.5173861181933873,0.39627749749231017,0.3390873015873016,0.43542549115245693,NaN,NaN,NaN,NaN,4.107142857142857,3.631571517719523,2.291051846719088,0.985723086815443,4.5777777777777775,0.25,0.4097405368912593,5.0,11.0,1.7425149700598803,0.794713069148513,0.10294117647058823,0.0
410,1,68.0,303.0,4.455882352941177,0.06650570676031607,0.16417910447761194,0.05970149253731343,0.25,0.6071428571428571,0.17857142857142858,0.44642857142857145,0.20588235294117646,0.0,0.0,0.5714285714285714,0.5080875703281993,0.3855260218779465,0.3455101424627823,0.438767834150806,NaN,NaN,NaN,NaN,5.410714285714286,6.423753605923127,2.25002339068083,0.9048198053184989,4.833333333333334,0.23214285714285715,0.3511007212759433,5.0,10.0,1.9553219448094612,0.9641473913607768,0.08823529411764706,0.0
411,1,68.0,268.0,3.9411764705882355,0.058823529411764705,0.16417910447761194,0.13432835820895522,0.25,0.625,0.25,0.4107142857142857,0.20588235294117646,0.0,0.07142857142857142,0.6428571428571429,0.5227895926113667,0.38747493970929026,0.3480228574683462,0.4554004065622639,NaN,NaN,NaN,NaN,4.785714285714286,6.869469440183163,2.3355788603643997,1.0908820620536266,5.5,0.23214285714285715,0.35732294506155793,4.0,7.0,1.6842105263157894,0.8301474187408556,0.029411764705882353,0.0
412,1,68.0,163.0,2.3970588235294117,0.035776997366110626,0.16417910447761194,0.22388059701492538,0.30357142857142855,0.625,0.25,0.39285714285714285,0.20588235294117646,0.0,0.07142857142857142,0.5714285714285714,0.47646112955125225,0.407008027027249,0.32857142857142857,0.4442331297788061,NaN,NaN,NaN,NaN,2.9107142857142856,2.5745381630977535,2.2782536383043985,0.9663283950068077,4.774193548387097,0.21428571428571427,0.42485013812671585,4.0,10.0,1.8436724565756824,0.8182485918839516,0.08823529411764706,0.0
413,1,68.0,256.0,3.764705882352941,0.056189640035118525,0.16417910447761194,0.1044776119402985,0.2857142857142857,0.625,0.30357142857142855,0.39285714285714285,0.20588235294117646,0.0,0.07142857142857142,0.6428571428571429,0.536642850187361,0.4177989656446387,0.3552185387711703,0.4695917430304782,NaN,NaN,NaN,NaN,4.571428571428571,6.263478971878873,2.2697251097880002,0.9586209500517784,4.923076923076923,0.21428571428571427,0.3791499368953655,4.0,9.0,1.796116504854369,0.7768016957841799,0.04411764705882353,0.0
414,1,68.0,223.0,3.2794117647058822,0.048946444249341525,0.16417910447761194,0.08955223880597014,0.25,0.6071428571428571,0.19642857142857142,0.42857142857142855,0.20588235294117646,0.0,0.07142857142857142,0.5714285714285714,0.4889629705995481,0.3913744713465818,0.33285619803476946,0.43863860643790326,NaN,NaN,NaN,NaN,3.982142857142857,4.822263035051155,2.3070836607476557,1.0275062523615506,5.666666666666666,0.2857142857142857,0.37044269634136945,6.0,9.0,2.2964539007092197,1.1852797034876106,0.04411764705882353,0.0
415,1,68.0,288.0,4.235294117647059,0.06321334503950835,0.16417910447761194,0.04477611940298507,0.2857142857142857,0.625,0.17857142857142858,0.42857142857142855,0.20588235294117646,0.0,0.0,0.6428571428571429,0.5278203409514372,0.3846877312788577,0.34378543083900226,0.44193452460054417,NaN,NaN,NaN,NaN,5.142857142857143,5.344252890820097,2.2611955186364248,0.9383383771899699,4.826923076923077,0.23214285714285715,0.37395469673035925,4.0,9.0,1.9485488126649078,0.90572332822111,0.058823529411764705,0.0
416,1,68.0,210.0,3.088235294117647,0.046093064091308165,0.16417910447761194,0.13432835820895522,0.2857142857142857,0.625,0.2857142857142857,0.42857142857142855,0.20588235294117646,0.0,0.07142857142857142,0.6428571428571429,0.5339382131301984,0.4105398466971952,0.3645922529851101,0.4597846659151587,NaN,NaN,NaN,NaN,3.75,3.7282703764614498,2.2574812929999033,0.9333343305334261,4.690476190476191,0.23214285714285715,0.41005905237055806,4.0,9.0,1.8085106382978724,0.7776462114715564,0.07352941176470588,0.0
417,1,68.0,220.0,3.235294117647059,0.048287971905179985,0.16417910447761194,0.14925373134328357,0.23214285714285715,0.625,0.19642857142857142,0.39285714285714285,0.20588235294117646,0.0,0.07142857142857142,0.5714285714285714,0.49412425883051636,0.40472039440148044,0.3325963718820862,0.4439100995008217,NaN,NaN,NaN,NaN,3.9285714285714284,5.109197207379658,2.352804242326301,1.1409043572615338,5.6,0.2857142857142857,0.40952758294376,5.0,8.0,1.8927038626609443,1.014555565745439,0.07352941176470588,0.0
418,1,68.0,253.0,3.7205882352941178,0.05553116769095698,0.16417910447761194,0.029850746268656716,0.25,0.6428571428571429,0.26785714285714285,0.4107142857142857,0.20588235294117646,0.0,0.0,0.5714285714285714,0.5256330988243699,0.407138386838895,0.3497294372294372,0.4571296926397153,NaN,NaN,NaN,NaN,4.517857142857143,7.407590876756262,2.24791263672428,0.9267055118509732,4.772727272727273,0.25,0.40973932366476257,4.0,11.0,2.015645371577575,0.8700201488776524,0.07352941176470588,0.0
419,1,68.0,278.0,4.088235294117647,0.061018437225636525,0.16417910447761194,0.11940298507462686,0.25,0.625,0.26785714285714285,0.39285714285714285,0.20588235294117646,0.0,0.07142857142857142,0.5714285714285714,0.5128196209023087,0.4078200055632612,0.35036395056556346,0.4645948145024523,NaN,NaN,NaN,NaN,4.964285714285714,6.48624919128371,2.2682799023143367,0.9472746602088721,4.888888888888889,0.25,0.32515667501815926,4.0,8.0,1.8064516129032258,0.8091903866741473,0.029411764705882353,0.0
42,1,68.0,337.0,4.955882352941177,0.07396839332748024,0.16417910447761194,0.04477611940298507,0.25,0.625,0.21428571428571427,0.4642857142857143,0.20588235294117646,0.0,0.07142857142857142,0.6428571428571429,0.5484136034345531,0.39456820236981827,0.36083249695921665,0.4492003878962978,NaN,NaN,NaN,NaN,6.017857142857143,8.120660679410873,2.223716913038171,0.849647803706326,4.008928571428571,0.26785714285714285,0.40673069965607617,3.0,10.0,1.6717112922002328,0.5807945931576,0.058823529411764705,0.0
420,1,68.0,228.0,3.3529411764705883,0.05004389815627744,0.16417910447761194,0.08955223880597014,0.23214285714285715,0.625,0.2857142857142857,0.4107142857142857,0.20588235294117646,0.0,0.0,0.5714285714285714,0.4934599881051359,0.4104401972505112,0.34713654401154403,0.45975219666724676,NaN,NaN,NaN,NaN,4.071428571428571,5.446791024771601,2.3027822825326334,1.0532126081903803,5.135802469135802,0.25,0.4641469448145733,5.0,11.0,2.008503401360544,0.9982586909001825,0.07352941176470588,0.0
421,1,68.0,250.0,3.676470588235294,0.05487269534679543,0.16417910447761194,0.029850746268656716,0.25,0.6607142857142857,0.21428571428571427,0.42857142857142855,0.20588235294117646,0.0,0.07142857142857142,0.5714285714285714,0.48478766941176377,0.4051850146364938,0.3398100907029478,0.44739091790839447,NaN,NaN,NaN,NaN,4.464285714285714,7.368148369136603,2.304265975895686,1.0642501270143798,5.073170731707317,0.23214285714285715,0.4081226178308703,5.0,10.0,1.9949238578680204,1.037422467246821,0.07352941176470588,0.0
422,1,68.0,239.0,3.514705882352941,0.05245829675153644,0.16417910447761194,0.08955223880597014,0.23214285714285715,0.6428571428571429,0.25,0.44642857142857145,0.20588235294117646,0.0,0.14285714285714285,0.5714285714285714,0.5946373808829556,0.402889523032241,0.3636273448773449,0.45329415811426244,NaN,NaN,NaN,NaN,4.267857142857143,5.738200767832026,2.290948169149389,1.0207833421934651,4.875,0.2857142857142857,0.4659199028969554,4.0,9.0,1.8072727272727274,0.8380423335409474,0.07352941176470588,0.0
423,1,68.0,266.0,3.911764705882353,0.058384547848990345,0.16417910447761194,0.08955223880597014,0.26785714285714285,0.6428571428571429,0.125,0.39285714285714285,0.20588235294117646,0.0,0.0,0.6428571428571429,0.4548522333079611,0.4013839257223529,0.32041288737717305,0.4284926828255002,NaN,NaN,NaN,NaN,4.75,6.506639965171243,2.2567247133796937,0.9574984619495297,5.0,0.16071428571428573,0.3527748019968519,6.0,10.0,2.182089552238806,1.2657291833802702,0.07352941176470588,0.0
424,1,68.0,289.0,4.25,0.06343283582089553,0.16417910447761194,0.08955223880597014,0.21428571428571427,0.6428571428571429,0.19642857142857142,0.39285714285714285,0.20588235294117646,0.0,0.07142857142857142,0.5714285714285714,0.4602409714761197,0.3994223229772456,0.33757794784580497,0.44488668422122374,NaN,NaN,NaN,NaN,5.160714285714286,6.409585962274958,2.2732279497195362,0.9980034834983033,5.041666666666666,0.26785714285714285,0.404928430510732,5.0,10.0,1.9451851851851851,0.9857831030149037,0.08823529411764706,0.0
425,1,68.0,242.0,3.5588235294117645,0.05311676909569798,0.16417910447761194,0.08955223880597014,0.26785714285714285,0.6428571428571429,0.23214285714285715,0.44642857142857145,0.20588235294117646,0.0,0.0,0.7142857142857143,0.5022832025790976,0.3954671838739479,0.34051162131519275,0.4425031704365117,NaN,NaN,NaN,NaN,4.321428571428571,4.92159302686416,2.274686663973205,0.9684907417728742,4.805555555555555,0.23214285714285715,0.42175348006564994,4.0,12.0,1.9628610729023384,0.8198612804860155,0.11764705882352941,0.0
426,1,68.0,237.0,3.485294117647059,0.05201931518876207,0.16417910447761194,0.05970149253731343,0.21428571428571427,0.6071428571428571,0.21428571428571427,0.42857142857142855,0.20588235294117646,0.0,0.0,0.5714285714285714,0.491594312200772,0.39285283999779597,0.33757467730682017,0.4407017777813089,NaN,NaN,NaN,NaN,4.232142857142857,4.588487853227987,2.3007884726456185,1.0090367514581908,5.0,0.32142857142857145,0.42126644735897084,5.0,12.0,2.09775429326288,0.934895364019282,0.08823529411764706,0.0
427,1,68.0,339.0,4.985294117647059,0.0744073748902546,0.16417910447761194,0.13432835820895522,0.25,0.625,0.17857142857142858,0.4107142857142857,0.20588235294117646,0.0,0.0,0.6428571428571429,0.5015879095278808,0.38611360454767707,0.3407528519496777,0.4406393278335429,NaN,NaN,NaN,NaN,6.053571428571429,8.793426559046855,2.2315476374932284,0.9034863711336386,5.0,0.25,0.3232712563238476,5.0,9.0,1.8797385620915033,0.9700596055743381,0.029411764705882353,0.0
428,1,68.0,210.0,3.088235294117647,0.046093064091308165,0.16417910447761194,0.22388059701492538,0.26785714285714285,0.625,0.17857142857142858,0.42857142857142855,0.20588235294117646,0.0,0.07142857142857142,0.5714285714285714,0.5187271825396825,0.38991866965686717,0.336047335600907,0.431869039226272,NaN,NaN,NaN,NaN,3.75,4.944234475169492,2.3034751693202744,1.0525503001072196,5.818181818181818,0.23214285714285715,0.28197838658480756,5.0,8.0,2.022312373225152,1.1141683287664692,0.0,0.0
429,1,68.0,244.0,3.588235294117647,0.053555750658472345,0.16417910447761194,0.07462686567164178,0.25,0.6071428571428571,0.21428571428571427,0.44642857142857145,0.20588235294117646,0.0,0.07142857142857142,0.5714285714285714,0.5504387782090658,0.4035204386978549,0.34792375283446714,0.44329528946512375,NaN,NaN,NaN,NaN,4.357142857142857,4.692076770001149,2.2902180088375035,0.9865728667158713,4.75,0.26785714285714285,0.38395564014266415,4.0,9.0,1.8287671232876712,0.8250751952100408,0.07352941176470588,0.0
43,1,68.0,234.0,3.4411764705882355,0.051360842844600525,0.16417910447761194,0.13432835820895522,0.23214285714285715,0.6071428571428571,0.19642857142857142,0.42857142857142855,0.20588235294117646,0.0,0.07142857142857142,0.6428571428571429,0.4955358760584029,0.387971616216586,0.3275651927437642,0.4321614439286905,NaN,NaN,NaN,NaN,4.178571428571429,4.260205470320727,2.2768958066682603,0.9608485255152067,4.833333333333334,0.30357142857142855,0.3909100136622408,4.0,9.0,1.7165354330708662,0.7526168710310456,0.058823529411764705,0.0
430,1,68.0,260.0,3.823529411764706,0.05706760316066725,0.16417910447761194,0.07462686567164178,0.19642857142857142,0.6428571428571429,0.21428571428571427,0.44642857142857145,0.20588235294117646,0.0,0.0,0.5714285714285714,0.4988064076641737,0.3841337911933558,0.3647071328531412,0.4413008564493988,NaN,NaN,NaN,NaN,4.642857142857143,5.327215105401769,2.3360412161599835,1.1420037533921397,5.5,0.30357142857142855,0.564886327793075,6.0,12.0,2.4617486338797816,1.4551803597056607,0.08823529411764706,0.0
431,1,68.0,213.0,3.1323529411764706,0.04675153643546971,0.16417910447761194,0.05970149253731343,0.2857142857142857,0.625,0.26785714285714285,0.39285714285714285,0.20588235294117646,0.0,0.07142857142857142,0.5714285714285714,0.5089198993089299,0.41479553399638996,0.34213435374149664,0.45731636084294136,NaN,NaN,NaN,NaN,3.8035714285714284,5.143114171066334,2.340610131083277,1.1102174179123976,5.444444444444445,0.25,0.48628238604704704,5.0,10.0,1.9176954732510287,0.9830604630858465,0.058823529411764705,0.0
432,1,68.0,222.0,3.264705882352941,0.048726953467954345,0.16417910447761194,0.13432835820895522,0.26785714285714285,0.625,0.21428571428571427,0.39285714285714285,0.20588235294117646,0.0,0.07142857142857142,0.6428571428571429,0.5131033871882086,0.40620079391318714,0.34228316326530617,0.4472955789348058,NaN,NaN,NaN,NaN,3.9642857142857144,3.8938846493364005,2.296040589996524,1.024041708458017,5.1,0.21428571428571427,0.3343173108814193,4.0,6.0,1.806841046277666,0.856023180980704,0.0,0.0
433,1,68.0,257.0,3.7794117647058822,0.056409130816505705,0.16417910447761194,0.13432835820895522,0.26785714285714285,0.6428571428571429,0.19642857142857142,0.42857142857142855,0.20588235294117646,0.0,0.0,0.5714285714285714,0.5215721726068595,0.38874106506290423,0.3391661708543066,0.4381403082962602,NaN,NaN,NaN,NaN,4.589285714285714,5.147909675390004,2.336729414182475,1.121062289747275,5.5,0.19642857142857142,0.3784983025260284,5.0,9.0,2.2707774798927614,1.1799800641369413,0.029411764705882353,0.0
434,1,68.0,354.0,5.205882352941177,0.07769973661106233,0.16417910447761194,0.05970149253731343,0.26785714285714285,0.625,0.17857142857142858,0.42857142857142855,0.20588235294117646,0.0,0.07142857142857142,0.6428571428571429,0.5170168798159038,0.38937300128851593,0.3446585694266388,0.44047333732885624,NaN,NaN,NaN,NaN,6.321428571428571,7.186115761679583,2.261380311941406,0.9224840903609506,4.388888888888889,0.26785714285714285,0.361950472947277,4.0,9.0,1.792654028436019,0.7919482523327138,0.07352941176470588,0.0
435,1,68.0,207.0,3.0441176470588234,0.04543459174714662,0.16417910447761194,0.14925373134328357,0.2857142857142857,0.625,0.21428571428571427,0.42857142857142855,0.20588235294117646,0.0,0.07142857142857142,0.6428571428571429,0.5361982470727219,0.39878277423737946,0.35047268907563023,0.4412325470826715,NaN,NaN,NaN,NaN,3.6964285714285716,4.111711180417325,2.2573464596460253,0.9412266677189481,5.0,0.19642857142857142,0.3808389050715137,4.0,8.0,1.7708779443254818,0.8083310045813158,0.0,0.0
436,1,68.0,315.0,4.632352941176471,0.06913959613696224,0.16417910447761194,0.0,0.23214285714285715,0.625,0.19642857142857142,0.42857142857142855,0.20588235294117646,0.0,0.0,0.5714285714285714,0.49363949297785753,0.40063271788578303,0.34551743943191315,0.44280459499950126,NaN,NaN,NaN,NaN,5.625,7.667078381566926,2.3348448558920047,1.0999045732515031,5.538461538461538,0.2857142857142857,0.4385131681298141,6.0,12.0,2.2933025404157044,1.2453386635675443,0.04411764705882353,0.0
437,1,68.0,267.0,3.926470588235294,0.058604038630377525,0.16417910447761194,0.13432835820895522,0.2857142857142857,0.625,0.21428571428571427,0.375,0.20588235294117646,0.0,0.07142857142857142,0.5714285714285714,0.5162903592093074,0.4101144624928608,0.3221647869674185,0.4437111426164181,NaN,NaN,NaN,NaN,4.767857142857143,6.081241115635319,2.2559675309936944,0.9316661860475969,5.2,0.16071428571428573,0.25127064887127654,4.0,7.0,1.7048872180451127,0.8264316383059156,0.0,0.0
438,1,68.0,245.0,3.6029411764705883,0.053775241439859525,0.16417910447761194,0.11940298507462686,0.2857142857142857,0.6071428571428571,0.19642857142857142,0.4107142857142857,0.20588235294117646,0.0,0.07142857142857142,0.6428571428571429,0.4724724953307011,0.3996924875392902,0.3342793367346939,0.43925089575619,NaN,NaN,NaN,NaN,4.375,4.956400820243364,2.2910799729340257,0.9841148869049451,4.833333333333334,0.25,0.4063730077029249,4.0,10.0,1.9017160686427457,0.8317978573589982,0.10294117647058823,0.0
439,1,68.0,208.0,3.0588235294117645,0.0456540825285338,0.16417910447761194,0.14925373134328357,0.26785714285714285,0.625,0.2857142857142857,0.4107142857142857,0.20588235294117646,0.0,0.0,0.5714285714285714,0.5310808660585447,0.4247913064912283,0.3634662956091527,0.4610019227561118,NaN,NaN,NaN,NaN,3.7142857142857144,5.280200704567911,2.213830801412412,0.8620518884361332,4.777777777777778,0.25,0.2743209220823904,4.0,5.0,1.612565445026178,0.7746977835328388,0.0,0.0
44,1,68.0,260.0,3.823529411764706,0.05706760316066725,0.16417910447761194,0.029850746268656716,0.2857142857142857,0.6071428571428571,0.23214285714285715,0.42857142857142855,0.20588235294117646,0.0,0.07142857142857142,0.6428571428571429,0.5613792249340269,0.41651043404931115,0.34637467925766796,0.45198697822760175,NaN,NaN,NaN,NaN,4.642857142857143,6.467902769350064,2.2737893260830995,0.9565389947345614,4.724137931034482,0.21428571428571427,0.38711343546104693,5.0,8.0,1.650853889943074,0.7549042642567433,0.058823529411764705,0.0
440,1,68.0,259.0,3.8088235294117645,0.05684811237928007,0.16417910447761194,0.1044776119402985,0.25,0.6071428571428571,0.17857142857142858,0.42857142857142855,0.20588235294117646,0.0,0.07142857142857142,0.6428571428571429,0.4539847485526788,0.39283940916835286,0.3223631996658312,0.42860334744690504,NaN,NaN,NaN,NaN,4.625,5.773174642650736,2.3237727110413045,1.0491521867384286,5.083333333333334,0.2857142857142857,0.4295604808957455,4.0,9.0,1.89,0.9014364348509518,0.10294117647058823,0.0
441,1,68.0,202.0,2.9705882352941178,0.04433713784021071,0.16417910447761194,0.14925373134328357,0.26785714285714285,0.625,0.2857142857142857,0.44642857142857145,0.20588235294117646,0.0,0.0,0.5714285714285714,0.500731654417609,0.4222817734842265,0.36909138655462187,0.4565482050714859,NaN,NaN,NaN,NaN,3.607142857142857,4.359643736189175,2.248214285714286,0.9303283158141563,4.75,0.19642857142857142,0.3823434647358918,5.0,10.0,1.7546728971962617,0.872747222721007,0.058823529411764705,0.0
442,1,68.0,220.0,3.235294117647059,0.048287971905179985,0.16417910447761194,0.13432835820895522,0.25,0.625,0.17857142857142858,0.42857142857142855,0.20588235294117646,0.0,0.07142857142857142,0.5714285714285714,0.4824204953228684,0.40336640023870185,0.34155393217893215,0.4391870706710034,NaN,NaN,NaN,NaN,3.9285714285714284,3.5668021983392806,2.328034950663099,1.0731789895968207,5.1,0.26785714285714285,0.42904633085332206,5.0,11.0,2.2709867452135493,1.1210893609705153,0.07352941176470588,0.0
443,1,68.0,207.0,3.0441176470588234,0.04543459174714662,0.16417910447761194,0.05970149253731343,0.25,0.6428571428571429,0.23214285714285715,0.42857142857142855,0.20588235294117646,0.0,0.07142857142857142,0.5714285714285714,0.477944289837147,0.4267301742442257,0.3485544217687075,0.4487938108217081,NaN,NaN,NaN,NaN,3.6964285714285716,6.370156678127794,2.2047899184055373,0.8530985962736853,4.6,0.21428571428571427,0.3563754081845003,4.0,5.0,1.4849397590361446,0.684142126704874,0.0,0.0
444,1,68.0,289.0,4.25,0.06343283582089553,0.16417910447761194,0.08955223880597014,0.26785714285714285,0.6428571428571429,0.16071428571428573,0.4107142857142857,0.20588235294117646,0.0,0.07142857142857142,0.5714285714285714,0.5104800209888706,0.4137170287599601,0.3338151927437642,0.43943836444784046,NaN,NaN,NaN,NaN,5.160714285714286,6.670905037997019,2.2283680805323605,0.9050249364340069,5.037037037037037,0.16071428571428573,0.3190131767265693,4.0,8.0,1.6358792184724689,0.7407258628475197,0.058823529411764705,0.0
445,1,68.0,263.0,3.8676470588235294,0.0577260755048288,0.16417910447761194,0.1791044776119403,0.26785714285714285,0.625,0.17857142857142858,0.42857142857142855,0.20588235294117646,0.0,0.0,0.6428571428571429,0.46528805432216297,0.3968823061660134,0.33783713545226707,0.4337396375151622,NaN,NaN,NaN,NaN,4.696428571428571,4.997889164827098,2.2427574665232917,0.8917662178585397,4.469387755102041,0.23214285714285715,0.36375458427775886,4.0,9.0,1.6876122082585279,0.7316637739590991,0.04411764705882353,0.0
446,1,68.0,236.0,3.4705882352941178,0.05179982440737489,0.16417910447761194,0.11940298507462686,0.25,0.6071428571428571,0.25,0.4107142857142857,0.20588235294117646,0.0,0.0,0.5714285714285714,0.5421377446873055,0.40942271034506866,0.3491295202291443,0.4542014343248028,NaN,NaN,NaN,NaN,4.214285714285714,4.567530805844408,2.335083268281495,1.0781153292367713,5.625,0.26785714285714285,0.4035525230790812,5.0,10.0,2.065359477124183,1.0419872906003018,0.08823529411764706,0.0
447,1,68.0,210.0,3.088235294117647,0.046093064091308165,0.16417910447761194,0.08955223880597014,0.32142857142857145,0.6607142857142857,0.19642857142857142,0.35714285714285715,0.20588235294117646,0.0,0.07142857142857142,0.5714285714285714,0.47959430109934603,0.3913969953124816,0.3162981859410431,0.4385142652841365,NaN,NaN,NaN,NaN,3.75,5.053351723001639,2.332396139742171,1.110618893234326,5.433962264150944,0.17857142857142858,0.4406665233865204,5.0,8.0,2.370262390670554,1.151294639572782,0.029411764705882353,0.0
448,1,68.0,238.0,3.5,0.05223880597014925,0.16417910447761194,0.11940298507462686,0.23214285714285715,0.625,0.25,0.42857142857142855,0.20588235294117646,0.0,0.07142857142857142,0.5714285714285714,0.53380511618421,0.40024949588130215,0.358219954648526,0.452027790011929,NaN,NaN,NaN,NaN,4.25,4.320143095273161,2.298908222024157,1.013283908762344,5.055555555555555,0.30357142857142855,0.439282570774091,5.0,8.0,1.7538167938931297,0.8287869991074369,0.029411764705882353,0.0
449,1,68.0,245.0,3.6029411764705883,0.053775241439859525,0.16417910447761194,0.11940298507462686,0.25,0.625,0.21428571428571427,0.42857142857142855,0.20588235294117646,0.0,0.07142857142857142,0.5714285714285714,0.514113785225044,0.3838240343919668,0.3401592455163884,0.43624747600493113,NaN,NaN,NaN,NaN,4.375,5.125914552545721,2.287281292488988,0.9934731021963816,5.1,0.25,0.35970354399788074,5.0,11.0,1.8498293515358362,0.893265384839466,0.07352941176470588,0.0
45,1,68.0,249.0,3.661764705882353,0.05465320456540825,0.16417910447761194,0.08955223880597014,0.21428571428571427,0.6428571428571429,0.26785714285714285,0.42857142857142855,0.20588235294117646,0.0,0.07142857142857142,0.6428571428571429,0.5578531534366993,0.4170470066846001,0.362953514739229,0.4617019728314547,NaN,NaN,NaN,NaN,4.446428571428571,6.41282704034271,2.2881630821715344,1.0366470204206966,5.388888888888889,0.2857142857142857,0.326590154842248,5.0,8.0,2.0514950166112955,1.115168189403428,0.029411764705882353,0.0
450,1,68.0,260.0,3.823529411764706,0.05706760316066725,0.16417910447761194,0.014925373134328358,0.25,0.6428571428571429,0.23214285714285715,0.42857142857142855,0.20588235294117646,0.0,0.07142857142857142,0.5714285714285714,0.5343500295271663,0.40582448567455726,0.34557998698883247,0.449193848888968,NaN,NaN,NaN,NaN,4.642857142857143,6.871359721014789,2.2679443197734366,0.9741408209963556,5.0,0.21428571428571427,0.3644544108382335,5.0,8.0,2.07977207977208,1.0409125560799033,0.0,0.0
451,1,68.0,258.0,3.7941176470588234,0.05662862159789289,0.16417910447761194,0.014925373134328358,0.26785714285714285,0.6428571428571429,0.23214285714285715,0.4107142857142857,0.20588235294117646,0.0,0.07142857142857142,0.5714285714285714,0.5306604621984626,0.4029582971991147,0.3412068994264373,0.45075077364974186,NaN,NaN,NaN,NaN,4.607142857142857,5.578134492425258,2.250889992688786,0.9174721780555031,4.445783132530121,0.23214285714285715,0.3926234694821507,5.0,11.0,2.015957446808511,0.90993079340465,0.058823529411764705,0.0
452,1,68.0,256.0,3.764705882352941,0.056189640035118525,0.16417910447761194,0.05970149253731343,0.25,0.6071428571428571,0.23214285714285715,0.44642857142857145,0.20588235294117646,0.0,0.07142857142857142,0.5714285714285714,0.5349819790925995,0.3822139910933015,0.34996714594928885,0.4486034933791387,NaN,NaN,NaN,NaN,4.571428571428571,5.4933253477855635,2.295439027098441,0.9838656268056405,4.843137254901961,0.2857142857142857,0.4060744779065527,5.0,10.0,2.057640750670241,0.9613479405048898,0.04411764705882353,0.0
453,1,68.0,313.0,4.602941176470588,0.06870061457418788,0.16417910447761194,0.04477611940298507,0.23214285714285715,0.625,0.19642857142857142,0.4107142857142857,0.20588235294117646,0.0,0.07142857142857142,0.5714285714285714,0.4954868249577218,0.405159384134479,0.33163265306122447,0.44650269844279833,NaN,NaN,NaN,NaN,5.589285714285714,7.080772391648928,2.291333706338606,0.9915318875705508,5.0,0.26785714285714285,0.3575528136608471,5.0,10.0,1.9736147757255937,1.0095137243884054,0.04411764705882353,0.0
454,1,68.0,250.0,3.676470588235294,0.05487269534679543,0.16417910447761194,0.05970149253731343,0.26785714285714285,0.6428571428571429,0.25,0.375,0.20588235294117646,0.0,0.07142857142857142,0.6428571428571429,0.5526698752716948,0.41002158712577336,0.3407995435016112,0.4619372009114534,NaN,NaN,NaN,NaN,4.464285714285714,5.045121084101625,2.287392982837407,1.0171826958778956,4.9655172413793105,0.23214285714285715,0.4640881419225224,5.0,11.0,2.0912981455064195,1.0157030771747568,0.07352941176470588,0.0
455,1,68.0,258.0,3.7941176470588234,0.05662862159789289,0.16417910447761194,0.13432835820895522,0.23214285714285715,0.625,0.21428571428571427,0.44642857142857145,0.20588235294117646,0.0,0.07142857142857142,0.6428571428571429,0.5303931855408768,0.39649359241171717,0.35458464885156615,0.4463281540350643,NaN,NaN,NaN,NaN,4.607142857142857,4.89035626673399,2.2732762460701736,0.9629308356808121,4.621621621621621,0.2857142857142857,0.4298976465172455,5.0,11.0,1.9044117647058822,0.8673311227233799,0.058823529411764705,0.0
456,1,68.0,231.0,3.3970588235294117,0.05070237050043898,0.16417910447761194,0.11940298507462686,0.26785714285714285,0.625,0.19642857142857142,0.39285714285714285,0.20588235294117646,0.0,0.07142857142857142,0.5714285714285714,0.4962580275610957,0.414136011532302,0.3368339002267574,0.44365843521430287,NaN,NaN,NaN,NaN,4.125,5.387063629237597,2.3295060903149136,1.0994781226773174,5.833333333333334,0.21428571428571427,0.38365212837635815,5.0,10.0,1.988826815642458,1.0667401879245528,0.058823529411764705,0.0
457,1,68.0,261.0,3.838235294117647,0.05728709394205443,0.16417910447761194,0.14925373134328357,0.2857142857142857,0.625,0.26785714285714285,0.4107142857142857,0.20588235294117646,0.0,0.07142857142857142,0.6428571428571429,0.5267251852070362,0.41047076106415764,0.35325854700854703,0.46430277614336923,NaN,NaN,NaN,NaN,4.660714285714286,5.264898464752748,2.2770131958106163,0.9731684252884975,4.868421052631579,0.21428571428571427,0.29863958408906127,4.0,8.0,1.7195357833655707,0.8425835690938867,0.058823529411764705,0.0
458,1,68.0,291.0,4.279411764705882,0.06387181738366988,0.16417910447761194,0.04477611940298507,0.21428571428571427,0.625,0.21428571428571427,0.4107142857142857,0.20588235294117646,0.0,0.0,0.6428571428571429,0.45250913718875496,0.3923725624700243,0.3177179962894248,0.4356352813655007,NaN,NaN,NaN,NaN,5.196428571428571,7.339605247886647,2.293477497483669,1.0321678875375682,5.5,0.26785714285714285,0.4254032736862931,6.0,10.0,2.117797695262484,1.1497840444030833,0.029411764705882353,0.0
459,1,68.0,301.0,4.426470588235294,0.0660667251975417,0.16417910447761194,0.05970149253731343,0.2857142857142857,0.6071428571428571,0.16071428571428573,0.44642857142857145,0.20588235294117646,0.0,0.0,0.7142857142857143,0.5161749557352825,0.37666672735191054,0.3356502492792983,0.4335071635072784,NaN,NaN,NaN,NaN,5.375,7.791749715972892,2.2521614106133385,0.8922136683198225,4.361702127659575,0.21428571428571427,0.40919055185295994,5.0,9.0,1.7575757575757576,0.745869853982892,0.0,0.0
46,1,68.0,289.0,4.25,0.06343283582089553,0.16417910447761194,0.05970149253731343,0.23214285714285715,0.625,0.23214285714285715,0.44642857142857145,0.20588235294117646,0.0,0.07142857142857142,0.6428571428571429,0.5178704118756708,0.39219026925960376,0.3476891633846521,0.4494057657750291,NaN,NaN,NaN,NaN,5.160714285714286,6.951198158890008,2.3059425790969517,1.0125744468543048,4.783783783783784,0.2857142857142857,0.41815378929436586,5.0,11.0,1.958762886597938,0.9092218667957378,0.07352941176470588,0.0
460,1,68.0,277.0,4.073529411764706,0.06079894644424934,0.16417910447761194,0.1044776119402985,0.25,0.6071428571428571,0.23214285714285715,0.4107142857142857,0.20588235294117646,0.0,0.07142857142857142,0.5714285714285714,0.5243387221903093,0.40094467784114146,0.34186421777147585,0.4508207333709127,NaN,NaN,NaN,NaN,4.946428571428571,6.221428198666994,2.304364671807073,1.023569927087981,5.166666666666666,0.26785714285714285,0.44792977821357777,4.0,9.0,1.9237536656891496,0.9197100917608166,0.058823529411764705,0.0
461,1,68.0,254.0,3.735294117647059,0.05575065847234416,0.16417910447761194,0.05970149253731343,0.26785714285714285,0.6428571428571429,0.21428571428571427,0.42857142857142855,0.20588235294117646,0.0,0.07142857142857142,0.5714285714285714,0.49347342522168897,0.3989229752049478,0.3438740079365079,0.4459922720693737,NaN,NaN,NaN,NaN,4.535714285714286,5.308532705043786,2.3138722256161857,1.0674747841303978,5.081967213114754,0.21428571428571427,0.4833645897767607,5.0,12.0,2.263225806451613,1.1770314428344817,0.07352941176470588,0.0
462,1,68.0,304.0,4.470588235294118,0.06672519754170325,0.16417910447761194,0.014925373134328358,0.21428571428571427,0.6071428571428571,0.14285714285714285,0.4107142857142857,0.20588235294117646,0.0,0.07142857142857142,0.5714285714285714,0.5073043897681446,0.38644077699527296,0.3297001486730764,0.43383796443758554,NaN,NaN,NaN,NaN,5.428571428571429,6.940938220199296,2.2885609635608075,0.9792451716623075,4.733333333333333,0.26785714285714285,0.3944397209786435,4.0,10.0,1.7240204429301533,0.8697527322641952,0.0,0.0
463,1,68.0,315.0,4.632352941176471,0.06913959613696224,0.16417910447761194,0.04477611940298507,0.25,0.6071428571428571,0.16071428571428573,0.42857142857142855,0.20588235294117646,0.0,0.07142857142857142,0.6428571428571429,0.5348747472284028,0.3936706477382411,0.3421462724694208,0.4418916749483926,NaN,NaN,NaN,NaN,5.625,8.158793359983392,2.2747809311129195,0.9538573686787568,4.9787234042553195,0.2857142857142857,0.38067413989331184,5.0,10.0,1.9312883435582822,0.888191815864196,0.029411764705882353,0.0
464,1,68.0,286.0,4.205882352941177,0.06277436347673397,0.16417910447761194,0.08955223880597014,0.26785714285714285,0.625,0.23214285714285715,0.4107142857142857,0.20588235294117646,0.0,0.0,0.5714285714285714,0.5227860842054787,0.38871554334251235,0.34843582169709986,0.44820365789711536,NaN,NaN,NaN,NaN,5.107142857142857,6.961396337017377,2.28474616257124,0.9779998114714453,4.66,0.23214285714285715,0.38055231449890353,4.0,10.0,1.990578734858681,0.9366267189794523,0.07352941176470588,0.0
465,1,68.0,315.0,4.632352941176471,0.06913959613696224,0.16417910447761194,0.1044776119402985,0.25,0.625,0.23214285714285715,0.42857142857142855,0.20588235294117646,0.0,0.0,0.5714285714285714,0.5382729740239185,0.3942112710757146,0.35276409414340454,0.4512975976997191,NaN,NaN,NaN,NaN,5.625,6.601824816601158,2.2470928096924734,0.9066670158663899,4.833333333333334,0.26785714285714285,0.3739703145455658,5.0,12.0,1.7965879265091864,0.8133827488955931,0.08823529411764706,0.0
466,1,68.0,271.0,3.985294117647059,0.05948200175592625,0.16417910447761194,0.05970149253731343,0.25,0.625,0.25,0.39285714285714285,0.20588235294117646,0.0,0.07142857142857142,0.5714285714285714,0.5136926161537139,0.40085633143191507,0.35265924551638833,0.4588280561070331,NaN,NaN,NaN,NaN,4.839285714285714,5.867558841055346,2.2696306267310695,0.9454642918927103,4.727272727272727,0.26785714285714285,0.29367400620908746,4.0,6.0,1.7666666666666666,0.8144493652174216,0.0,0.0
467,1,68.0,289.0,4.25,0.06343283582089553,0.16417910447761194,0.04477611940298507,0.23214285714285715,0.6428571428571429,0.23214285714285715,0.42857142857142855,0.20588235294117646,0.0,0.07142857142857142,0.5714285714285714,0.5250034299028153,0.39319403501284944,0.3452150006426322,0.4483682958691702,NaN,NaN,NaN,NaN,5.160714285714286,7.342966419925659,2.297613906101919,1.0171570575056512,4.9,0.2857142857142857,0.3912446414180652,4.0,9.0,1.7763779527559056,0.8538700812193158,0.029411764705882353,0.0
468,1,68.0,188.0,2.764705882352941,0.041264266900790166,0.16417910447761194,0.23880597014925373,0.26785714285714285,0.625,0.17857142857142858,0.4107142857142857,0.20588235294117646,0.0,0.07142857142857142,0.5714285714285714,0.49701065303743863,0.38609933515506145,0.327593537414966,0.4278974442509301,NaN,NaN,NaN,NaN,3.357142857142857,2.9629749879505862,2.2450384967726813,0.9178926681427455,5.0,0.17857142857142858,0.27575752208372917,4.0,7.0,1.8121827411167513,0.9192616835572933,0.029411764705882353,0.0
469,1,68.0,229.0,3.3676470588235294,0.05026338893766462,0.16417910447761194,0.11940298507462686,0.2857142857142857,0.6071428571428571,0.19642857142857142,0.4107142857142857,0.20588235294117646,0.0,0.0,0.5714285714285714,0.5121063633786849,0.3908594601497976,0.34593253968253973,0.44632963951095667,NaN,NaN,NaN,NaN,4.089285714285714,3.881315548832688,2.315969937319551,1.0459425798564017,5.107142857142858,0.23214285714285715,0.4459345714091342,5.0,10.0,1.9773913043478262,0.9759352585310739,0.058823529411764705,0.0
47,1,68.0,268.0,3.9411764705882355,0.058823529411764705,0.16417910447761194,0.05970149253731343,0.2857142857142857,0.6428571428571429,0.25,0.4107142857142857,0.20588235294117646,0.0,0.07142857142857142,0.6428571428571429,0.5557728787867636,0.41482665874860736,0.35603226138940425,0.4592488038694341,NaN,NaN,NaN,NaN,4.785714285714286,5.5060769261683165,2.273377575409133,0.983996393980406,5.0,0.19642857142857142,0.3717517527539586,7.0,9.0,2.2517985611510793,1.4126513852713856,0.058823529411764705,0.0
470,1,68.0,280.0,4.117647058823529,0.061457418788410885,0.16417910447761194,0.07462686567164178,0.21428571428571427,0.6428571428571429,0.21428571428571427,0.4107142857142857,0.20588235294117646,0.0,0.07142857142857142,0.6428571428571429,0.5080586710487456,0.39635004056988044,0.34106475923702817,0.4471447593080493,NaN,NaN,NaN,NaN,5.0,6.870225614927067,2.208867950919846,0.8493439247962129,4.294117647058823,0.25,0.3742535027993143,4.0,9.0,1.8051209103840682,0.7645097536477425,0.029411764705882353,0.0
471,1,68.0,237.0,3.485294117647059,0.05201931518876207,0.16417910447761194,0.029850746268656716,0.23214285714285715,0.6607142857142857,0.23214285714285715,0.42857142857142855,0.20588235294117646,0.0,0.0,0.5714285714285714,0.5156786313344435,0.41977503141587463,0.3601470193340494,0.45183313550854304,NaN,NaN,NaN,NaN,4.232142857142857,6.814399383734341,2.176464126535249,0.8309566442910038,4.478260869565217,0.21428571428571427,0.35727812683361776,3.0,7.0,1.5720823798627002,0.6755551659108369,0.0,0.0
472,1,68.0,222.0,3.264705882352941,0.048726953467954345,0.16417910447761194,0.11940298507462686,0.2857142857142857,0.6428571428571429,0.26785714285714285,0.375,0.20588235294117646,0.0,0.07142857142857142,0.6428571428571429,0.49568240649673523,0.4067562440578828,0.3406037414965986,0.4577398292893498,NaN,NaN,NaN,NaN,3.9642857142857144,3.846908017967326,2.3279927332276475,1.0847150826310776,4.982142857142858,0.25,0.460871603418689,5.0,12.0,2.1982881597717547,1.0388441006314428,0.11764705882352941,0.0
473,1,68.0,241.0,3.5441176470588234,0.0528972783143108,0.16417910447761194,0.029850746268656716,0.25,0.625,0.23214285714285715,0.42857142857142855,0.20588235294117646,0.0,0.07142857142857142,0.5714285714285714,0.5227081250000805,0.40820861506340517,0.3370819160997732,0.43971380741990707,NaN,NaN,NaN,NaN,4.303571428571429,5.653380783718206,2.2675183188623795,0.943433899505572,4.727272727272727,0.26785714285714285,0.41701241310717735,4.0,10.0,2.013440860215054,0.8711509005436238,0.058823529411764705,0.0
474,1,68.0,249.0,3.661764705882353,0.05465320456540825,0.16417910447761194,0.14925373134328357,0.25,0.6071428571428571,0.21428571428571427,0.4107142857142857,0.20588235294117646,0.0,0.07142857142857142,0.6428571428571429,0.5298513361452131,0.4018782340335222,0.34785247432306254,0.4532105407001225,NaN,NaN,NaN,NaN,4.446428571428571,4.276445605054157,2.305981203156816,1.0126542550149589,5.4,0.32142857142857145,0.3606779985815446,6.0,10.0,2.1708029197080294,1.147725986101539,0.029411764705882353,0.0
475,1,68.0,213.0,3.1323529411764706,0.04675153643546971,0.16417910447761194,0.08955223880597014,0.26785714285714285,0.6428571428571429,0.2857142857142857,0.39285714285714285,0.20588235294117646,0.0,0.07142857142857142,0.5714285714285714,0.5231000476033111,0.4059844496711372,0.3495127217553688,0.46281346477912494,NaN,NaN,NaN,NaN,3.8035714285714284,3.9239110492056164,2.2803940578802675,1.0009433006391035,4.833333333333334,0.23214285714285715,0.4692513714356329,4.0,9.0,1.7842323651452283,0.8201720903228167,0.07352941176470588,0.0
476,1,68.0,252.0,3.7058823529411766,0.0553116769095698,0.16417910447761194,0.1044776119402985,0.25,0.6428571428571429,0.19642857142857142,0.39285714285714285,0.20588235294117646,0.0,0.0,0.5714285714285714,0.48980026054676207,0.3961283273905314,0.3296523912595341,0.4415259640949248,NaN,NaN,NaN,NaN,4.5,5.113262612604065,2.277373522563654,0.9868781494780174,4.681818181818182,0.25,0.4100173923101378,4.0,12.0,1.8661971830985915,0.7551316985000043,0.11764705882352941,0.0
477,1,68.0,348.0,5.117647058823529,0.07638279192273925,0.16417910447761194,0.014925373134328358,0.21428571428571427,0.625,0.17857142857142858,0.44642857142857145,0.20588235294117646,0.0,0.07142857142857142,0.5714285714285714,0.4931145503084843,0.38818810701224776,0.3447062596968612,0.44048870248625405,NaN,NaN,NaN,NaN,6.214285714285714,8.132346828257202,2.2561271901045856,0.9258016240106022,4.5675675675675675,0.2857142857142857,0.38602742211455104,4.0,11.0,1.7766749379652604,0.7784372694072206,0.08823529411764706,0.0
478,1,68.0,263.0,3.8676470588235294,0.0577260755048288,0.16417910447761194,0.05970149253731343,0.25,0.625,0.19642857142857142,0.44642857142857145,0.20588235294117646,0.0,0.07142857142857142,0.5714285714285714,0.4748976291768114,0.3975107892283019,0.335733460050687,0.43520714893419143,NaN,NaN,NaN,NaN,4.696428571428571,5.383205002960235,2.3027693242176572,1.0211673391199914,5.230769230769231,0.26785714285714285,0.4415902633876919,6.0,11.0,2.0645604395604398,1.0710429293226655,0.08823529411764706,0.0
479,1,68.0,243.0,3.573529411764706,0.053336259877085165,0.16417910447761194,0.11940298507462686,0.30357142857142855,0.6071428571428571,0.26785714285714285,0.4107142857142857,0.20588235294117646,0.0,0.07142857142857142,0.5714285714285714,0.5731939272285721,0.4032959051653892,0.35235760971055086,0.4595464866446201,NaN,NaN,NaN,NaN,4.339285714285714,4.51774998589618,2.3543178971425505,1.0974519792002104,5.081967213114754,0.25,0.420326479587838,5.0,10.0,2.1021021021021022,1.082365174751282,0.07352941176470588,0.0
48,1,68.0,279.0,4.102941176470588,0.061237928007023705,0.16417910447761194,0.07462686567164178,0.26785714285714285,0.625,0.19642857142857142,0.39285714285714285,0.20588235294117646,0.0,0.07142857142857142,0.6428571428571429,0.4660186944383958,0.3908035017737918,0.32964852607709755,0.4413447795891423,NaN,NaN,NaN,NaN,4.982142857142857,6.4652668409490515,2.3063890656609454,1.0208299503766727,5.0,0.21428571428571427,0.3893715708370104,6.0,10.0,1.892156862745098,1.0241617489225516,0.058823529411764705,0.0
480,1,68.0,263.0,3.8676470588235294,0.0577260755048288,0.16417910447761194,0.1044776119402985,0.2857142857142857,0.625,0.25,0.39285714285714285,0.20588235294117646,0.0,0.07142857142857142,0.6428571428571429,0.4261151911597753,0.42494322015364555,0.3409848868625464,0.4548193695535865,NaN,NaN,NaN,NaN,4.696428571428571,7.634656967604178,2.2595029873022,0.9318928521601699,4.611111111111111,0.21428571428571427,0.4289634002758397,4.0,10.0,1.5244161358811041,0.6547197133569665,0.058823529411764705,0.0
481,1,68.0,271.0,3.985294117647059,0.05948200175592625,0.16417910447761194,0.029850746268656716,0.30357142857142855,0.625,0.21428571428571427,0.39285714285714285,0.20588235294117646,0.0,0.07142857142857142,0.6428571428571429,0.5342605270301413,0.4101890084502237,0.33923611111111107,0.45356613603607804,NaN,NaN,NaN,NaN,4.839285714285714,6.349736675182353,2.3243712319415173,1.0523605418006645,5.24,0.23214285714285715,0.3676494952477085,6.0,11.0,2.1353383458646618,1.0504127519067927,0.07352941176470588,0.0
482,1,68.0,271.0,3.985294117647059,0.05948200175592625,0.16417910447761194,0.11940298507462686,0.25,0.6428571428571429,0.16071428571428573,0.4107142857142857,0.20588235294117646,0.0,0.0,0.6428571428571429,0.48210188011160476,0.3860494510104741,0.33794707276850133,0.44107927698376065,NaN,NaN,NaN,NaN,4.839285714285714,6.059633309380679,2.3078091155508056,1.071554598054915,5.7368421052631575,0.21428571428571427,0.359749229947982,5.0,11.0,1.8126064735945486,0.9414485898134723,0.08823529411764706,0.0
483,1,68.0,253.0,3.7205882352941178,0.05553116769095698,0.16417910447761194,0.1044776119402985,0.2857142857142857,0.6428571428571429,0.26785714285714285,0.4107142857142857,0.20588235294117646,0.0,0.0,0.7142857142857143,0.44447745128359023,0.42271161536355367,0.34905273937532005,0.45781205192468133,NaN,NaN,NaN,NaN,4.517857142857143,7.109509819258278,2.3554735080742946,1.1613351555082156,5.727272727272727,0.21428571428571427,0.5799179125325332,6.0,10.0,2.0929535232383807,1.154854541208624,0.058823529411764705,0.0
484,1,68.0,239.0,3.514705882352941,0.05245829675153644,0.16417910447761194,0.08955223880597014,0.25,0.625,0.19642857142857142,0.44642857142857145,0.20588235294117646,0.0,0.07142857142857142,0.5714285714285714,0.5035166615319943,0.3791971965250209,0.33822278911564624,0.4261729831818001,NaN,NaN,NaN,NaN,4.267857142857143,5.8852390742465985,2.248302269591891,0.905746575045643,4.538461538461538,0.2857142857142857,0.46082532671884335,5.0,12.0,1.937031484257871,0.8536754332025137,0.08823529411764706,0.0
485,1,68.0,317.0,4.661764705882353,0.0695785776997366,0.16417910447761194,0.014925373134328358,0.23214285714285715,0.625,0.19642857142857142,0.4642857142857143,0.20588235294117646,0.0,0.07142857142857142,0.5714285714285714,0.5170417742055418,0.38823624507930643,0.3442272742430305,0.4432519121090314,NaN,NaN,NaN,NaN,5.660714285714286,6.584490829253197,2.262191965494131,0.9258901475168999,4.424778761061948,0.26785714285714285,0.3972776290772315,4.0,11.0,1.78239608801956,0.7214721313486107,0.10294117647058823,0.0
486,1,68.0,223.0,3.2794117647058822,0.048946444249341525,0.16417910447761194,0.11940298507462686,0.26785714285714285,0.625,0.19642857142857142,0.39285714285714285,0.20588235294117646,0.0,0.07142857142857142,0.5714285714285714,0.495726802585858,0.399432386048581,0.32842261904761905,0.4293193367334134,NaN,NaN,NaN,NaN,3.982142857142857,5.671270729590652,2.3349027094364576,1.089181186313049,5.291666666666666,0.26785714285714285,0.4032635239520046,6.0,11.0,2.263157894736842,1.2080243066338505,0.04411764705882353,0.0
487,1,68.0,257.0,3.7794117647058822,0.056409130816505705,0.16417910447761194,0.07462686567164178,0.2857142857142857,0.625,0.25,0.4107142857142857,0.20588235294117646,0.0,0.07142857142857142,0.6428571428571429,0.5337957745953336,0.40114113684582114,0.3479449096225412,0.4571005711501447,NaN,NaN,NaN,NaN,4.589285714285714,5.938401332817645,2.265849885407254,0.958393391259988,4.793103448275862,0.23214285714285715,0.3677599730988792,4.0,10.0,2.052482269503546,0.9763235160513355,0.04411764705882353,0.0
488,1,68.0,272.0,4.0,0.05970149253731343,0.16417910447761194,0.1044776119402985,0.25,0.6428571428571429,0.17857142857142858,0.39285714285714285,0.20588235294117646,0.0,0.07142857142857142,0.6428571428571429,0.532967869305842,0.4169125560345135,0.32991891932211476,0.439258037001135,NaN,NaN,NaN,NaN,4.857142857142857,7.252406676228423,2.191817046459871,0.8243719165596003,4.166666666666666,0.21428571428571427,0.3523041404807584,4.0,9.0,1.714046822742475,0.7458450028814445,0.04411764705882353,0.0
489,1,68.0,234.0,3.4411764705882355,0.051360842844600525,0.16417910447761194,0.07462686567164178,0.2857142857142857,0.6428571428571429,0.2857142857142857,0.4107142857142857,0.20588235294117646,0.0,0.14285714285714285,0.5714285714285714,0.5506268305211407,0.42097327362912335,0.3585254031682603,0.46543654961730774,NaN,NaN,NaN,NaN,4.178571428571429,5.853071121936034,2.3536288487336163,1.1578334805779689,5.333333333333334,0.21428571428571427,0.6178881862557134,6.0,12.0,2.2527173913043477,1.0848333300729964,0.08823529411764706,0.0
49,1,68.0,206.0,3.0294117647058822,0.04521510096575944,0.16417910447761194,0.07462686567164178,0.26785714285714285,0.6428571428571429,0.26785714285714285,0.39285714285714285,0.20588235294117646,0.0,0.07142857142857142,0.5714285714285714,0.4659688652396986,0.4074442496340374,0.3357142857142857,0.45137756118542577,NaN,NaN,NaN,NaN,3.6785714285714284,4.036682449091728,2.2593557138949594,0.9654529100649837,5.5,0.19642857142857142,0.3812179313973661,4.0,7.0,1.8021052631578947,0.8336259757093133,0.0,0.0
490,1,68.0,268.0,3.9411764705882355,0.058823529411764705,0.16417910447761194,0.029850746268656716,0.26785714285714285,0.625,0.23214285714285715,0.42857142857142855,0.20588235294117646,0.0,0.07142857142857142,0.6428571428571429,0.5127452249903339,0.4036470117156272,0.33106097168597165,0.4409938856235263,NaN,NaN,NaN,NaN,4.785714285714286,6.895886219569371,2.286642974481729,0.9718003714645643,4.681818181818182,0.25,0.40618002341772236,5.0,9.0,1.9613793103448276,0.8895639728125476,0.029411764705882353,0.0
491,1,68.0,275.0,4.044117647058823,0.06035996488147498,0.16417910447761194,0.05970149253731343,0.23214285714285715,0.6071428571428571,0.25,0.44642857142857145,0.20588235294117646,0.0,0.0,0.7142857142857143,0.519993521481977,0.39968257619034187,0.35459139075210505,0.4540017787615655,NaN,NaN,NaN,NaN,4.910714285714286,5.570300418581279,2.2893534566635716,0.9702681176329893,5.071428571428571,0.30357142857142855,0.35324302306336336,5.0,9.0,1.9765193370165746,0.9442267092514048,0.029411764705882353,0.0
492,1,68.0,233.0,3.426470588235294,0.051141352063213345,0.16417910447761194,0.1044776119402985,0.26785714285714285,0.625,0.25,0.375,0.20588235294117646,0.0,0.0,0.6428571428571429,0.498326074799289,0.42010380781074425,0.3464607317285889,0.4630528069029012,NaN,NaN,NaN,NaN,4.160714285714286,5.754924486399091,2.2965002504031835,1.0499518730819786,5.916666666666666,0.23214285714285715,0.43093134322892346,5.0,11.0,2.0749128919860627,1.1331732350049515,0.07352941176470588,0.0
493,1,68.0,276.0,4.0588235294117645,0.06057945566286216,0.16417910447761194,0.05970149253731343,0.23214285714285715,0.625,0.21428571428571427,0.42857142857142855,0.20588235294117646,0.0,0.07142857142857142,0.5714285714285714,0.5014945019303835,0.38734174975232427,0.3327989718614718,0.4327083207212024,NaN,NaN,NaN,NaN,4.928571428571429,6.977514907595272,2.351661771890874,1.1149755651587616,5.75,0.30357142857142855,0.4342521082975885,6.0,10.0,2.45422943221321,1.3486876247852022,0.04411764705882353,0.0
494,1,68.0,302.0,4.4411764705882355,0.06628621597892889,0.16417910447761194,0.014925373134328358,0.23214285714285715,0.625,0.23214285714285715,0.42857142857142855,0.20588235294117646,0.0,0.07142857142857142,0.6428571428571429,0.5232144122818407,0.4046267693519237,0.34849010443757716,0.4520670549860148,NaN,NaN,NaN,NaN,5.392857142857143,7.759284342418024,2.252378714007869,0.8995455965928592,4.333333333333334,0.2857142857142857,0.4095631238035387,4.0,11.0,1.7997481108312343,0.7235543046696703,0.07352941176470588,0.0
495,1,68.0,270.0,3.9705882352941178,0.05926251097453907,0.16417910447761194,0.05970149253731343,0.23214285714285715,0.6428571428571429,0.26785714285714285,0.4107142857142857,0.20588235294117646,0.0,0.0,0.6428571428571429,0.5180294401476634,0.39714424932212644,0.34353032879818596,0.4554560047270611,NaN,NaN,NaN,NaN,4.821428571428571,6.042597704049725,2.2685066513404037,0.977105129198519,5.0,0.23214285714285715,0.3993930197104285,5.0,9.0,1.9705014749262537,0.9794114151297438,0.029411764705882353,0.0
496,1,68.0,295.0,4.338235294117647,0.06474978050921862,0.16417910447761194,0.05970149253731343,0.25,0.6428571428571429,0.14285714285714285,0.4107142857142857,0.20588235294117646,0.0,0.0,0.6428571428571429,0.5100809629029003,0.3799528618493144,0.3194423602774443,0.42478388842807485,NaN,NaN,NaN,NaN,5.267857142857143,6.431431542690297,2.232926112217022,0.8820881152628137,4.245614035087719,0.23214285714285715,0.36353000651043005,4.0,8.0,1.7130801687763713,0.6832692274834915,0.029411764705882353,0.0
497,1,68.0,225.0,3.3088235294117645,0.04938542581211589,0.16417910447761194,0.11940298507462686,0.25,0.625,0.23214285714285715,0.4107142857142857,0.20588235294117646,0.0,0.07142857142857142,0.7142857142857143,0.4715299746090917,0.40949052480538317,0.32423662646876933,0.4386469264815383,NaN,NaN,NaN,NaN,4.017857142857143,6.317338540379662,2.222273723052529,0.8601598362382559,4.428571428571429,0.25,0.35521679515569515,4.0,8.0,1.818342151675485,0.7639043767774032,0.0,0.0
498,1,68.0,212.0,3.1176470588235294,0.046532045654082525,0.16417910447761194,0.19402985074626866,0.32142857142857145,0.625,0.21428571428571427,0.39285714285714285,0.20588235294117646,0.0,0.07142857142857142,0.7142857142857143,0.49086383344195844,0.42673105245902176,0.3454861111111111,0.45488882057630015,NaN,NaN,NaN,NaN,3.7857142857142856,3.467848616357702,2.2564416456284966,0.9600226120154493,4.876923076923077,0.14285714285714285,0.3510613971772372,4.0,9.0,1.7446300715990453,0.8662676604123641,0.058823529411764705,0.0
499,1,68.0,187.0,2.75,0.041044776119402986,0.16417910447761194,0.19402985074626866,0.32142857142857145,0.6428571428571429,0.2857142857142857,0.39285714285714285,0.20588235294117646,0.0,0.07142857142857142,0.6428571428571429,0.5250803720611051,0.42493268278992624,0.3596435284640172,0.4683290498584934,NaN,NaN,NaN,NaN,3.3392857142857144,3.396665668319103,2.2340400413427934,0.917118735068263,4.9,0.14285714285714285,0.3179217479785173,4.0,7.0,1.8352668213457077,0.8751132077138486,0.0,0.0
5,1,68.0,238.0,3.5,0.05223880597014925,0.16417910447761194,0.029850746268656716,0.26785714285714285,0.6428571428571429,0.25,0.42857142857142855,0.20588235294117646,0.0,0.07142857142857142,0.5714285714285714,0.49631996434451786,0.4054151920068927,0.3302604637426066,0.44664690936158297,NaN,NaN,NaN,NaN,4.25,7.045953061542104,2.2652670902010725,0.9537744335945073,4.76,0.23214285714285715,0.38510764918621493,4.0,7.0,1.9874015748031495,0.9003147124120148,0.029411764705882353,0.0
50,1,68.0,239.0,3.514705882352941,0.05245829675153644,0.16417910447761194,0.13432835820895522,0.26785714285714285,0.6071428571428571,0.23214285714285715,0.39285714285714285,0.20588235294117646,0.0,0.0,0.5714285714285714,0.43692689672736235,0.4197397713398465,0.3406746031746032,0.4569627283104555,NaN,NaN,NaN,NaN,4.267857142857143,4.89709031022438,2.3184562743913126,1.0498872231997218,5.2,0.26785714285714285,0.45294682569439493,5.0,10.0,1.8544423440453686,0.9229728611644062,0.10294117647058823,0.0
500,1,68.0,235.0,3.4558823529411766,0.051580333625987705,0.16417910447761194,0.08955223880597014,0.23214285714285715,0.6428571428571429,0.21428571428571427,0.4107142857142857,0.20588235294117646,0.0,0.07142857142857142,0.5714285714285714,0.4868335591272328,0.41037224959934193,0.33898809523809526,0.4377632170467662,NaN,NaN,NaN,NaN,4.196428571428571,5.488565445483059,2.336453074026075,1.1165558906884747,5.470588235294118,0.2857142857142857,0.5376019847548492,6.0,10.0,2.0855018587360594,1.2417826095354896,0.04411764705882353,0.0
501,1,68.0,245.0,3.6029411764705883,0.053775241439859525,0.16417910447761194,0.07462686567164178,0.2857142857142857,0.6607142857142857,0.19642857142857142,0.39285714285714285,0.20588235294117646,0.0,0.07142857142857142,0.5714285714285714,0.5023081679178405,0.3937028418718833,0.3467278257456829,0.44686790476041094,NaN,NaN,NaN,NaN,4.375,4.9195805438342735,2.3158562775114557,1.127496517729059,5.909090909090909,0.21428571428571427,0.5061869050755564,6.0,11.0,2.093137254901961,1.2026234120233252,0.058823529411764705,0.0
502,1,68.0,269.0,3.9558823529411766,0.059043020193151885,0.16417910447761194,0.0,0.23214285714285715,0.6428571428571429,0.25,0.42857142857142855,0.20588235294117646,0.0,0.07142857142857142,0.6428571428571429,0.5143783901671469,0.39572336119388357,0.34886294261294265,0.4570078794789883,NaN,NaN,NaN,NaN,4.803571428571429,7.796082099612346,2.301952386449261,1.0263074826444074,5.083333333333334,0.2857142857142857,0.43948901848768596,5.0,10.0,2.0934466019417477,0.9583074207040928,0.04411764705882353,0.0
503,1,68.0,263.0,3.8676470588235294,0.0577260755048288,0.16417910447761194,0.029850746268656716,0.2857142857142857,0.625,0.25,0.39285714285714285,0.20588235294117646,0.0,0.07142857142857142,0.5714285714285714,0.512873952080647,0.4212211197346953,0.35445075757575756,0.46179501341212503,NaN,NaN,NaN,NaN,4.696428571428571,5.978505872501296,2.3154939189726726,1.0475621313486538,4.918918918918919,0.25,0.42876677937425156,5.0,12.0,1.992836676217765,0.9129737490990012,0.08823529411764706,0.0
504,1,68.0,281.0,4.132352941176471,0.06167690956979807,0.16417910447761194,0.08955223880597014,0.2857142857142857,0.625,0.23214285714285715,0.4107142857142857,0.20588235294117646,0.0,0.07142857142857142,0.6428571428571429,0.5535106532194698,0.3865040533968731,0.34680413832199547,0.4500310503070038,NaN,NaN,NaN,NaN,5.017857142857143,6.623624581556735,2.365432517953702,1.1566806484086978,6.083333333333333,0.26785714285714285,0.4372543015532086,7.0,12.0,2.2526564344746163,1.230008708104268,0.04411764705882353,0.0
505,1,68.0,242.0,3.5588235294117645,0.05311676909569798,0.16417910447761194,0.13432835820895522,0.21428571428571427,0.6428571428571429,0.25,0.4107142857142857,0.20588235294117646,0.0,0.07142857142857142,0.5714285714285714,0.5111432912222565,0.40843971062759366,0.34722286641929495,0.454342802259143,NaN,NaN,NaN,NaN,4.321428571428571,5.427563132607631,2.3254371746469737,1.0940861012626357,5.166666666666666,0.30357142857142855,0.5177263806051413,5.0,12.0,1.946551724137931,0.9669344249334462,0.10294117647058823,0.0
506,1,68.0,283.0,4.161764705882353,0.06211589113257243,0.16417910447761194,0.04477611940298507,0.23214285714285715,0.6071428571428571,0.23214285714285715,0.42857142857142855,0.20588235294117646,0.0,0.07142857142857142,0.5714285714285714,0.4847328535825709,0.3986388343388873,0.34400676937441643,0.44501688008481705,NaN,NaN,NaN,NaN,5.053571428571429,6.812874557795682,2.3307216931086963,1.060450239328719,4.935185185185185,0.30357142857142855,0.44093094527236726,5.0,12.0,2.2955082742316786,1.1461914972866296,0.10294117647058823,0.0
507,1,68.0,246.0,3.6176470588235294,0.053994732221246705,0.16417910447761194,0.04477611940298507,0.26785714285714285,0.625,0.23214285714285715,0.42857142857142855,0.20588235294117646,0.0,0.07142857142857142,0.6428571428571429,0.5280550636115959,0.4080263724543104,0.3545193397871969,0.4533633910483687,NaN,NaN,NaN,NaN,4.392857142857143,6.309238742232973,2.2487729681282356,0.9086007524264758,4.5625,0.23214285714285715,0.4135604842581006,6.0,10.0,2.0090771558245084,0.989295385205791,0.058823529411764705,0.0
508,1,68.0,201.0,2.9558823529411766,0.04411764705882353,0.16417910447761194,0.208955223880597,0.32142857142857145,0.625,0.21428571428571427,0.4107142857142857,0.20588235294117646,0.0,0.0,0.5714285714285714,0.4520167946177814,0.41034699867908386,0.33821495703544574,0.4449293681758801,NaN,NaN,NaN,NaN,3.5892857142857144,3.6270538292834145,2.298698468029369,1.0112500033870069,5.048780487804878,0.17857142857142858,0.3986665941790594,5.0,10.0,1.9251968503937007,0.9433223007784133,0.10294117647058823,0.0
509,1,68.0,299.0,4.397058823529412,0.06562774363476734,0.16417910447761194,0.029850746268656716,0.23214285714285715,0.625,0.21428571428571427,0.42857142857142855,0.20588235294117646,0.0,0.0,0.6428571428571429,0.49548952397209745,0.40439508912613564,0.34684472273757994,0.45054713348857084,NaN,NaN,NaN,NaN,5.339285714285714,7.274555370890776,2.2552681045705647,0.917198775099097,4.576271186440678,0.26785714285714285,0.3715392058079855,4.0,8.0,1.8961218836565097,0.9207193874325811,0.07352941176470588,0.0
51,1,68.0,311.0,4.573529411764706,0.06826163301141353,0.16417910447761194,0.0,0.23214285714285715,0.6428571428571429,0.25,0.4642857142857143,0.20588235294117646,0.0,0.14285714285714285,0.6428571428571429,0.5773115479363673,0.4174129247398348,0.3709196249854379,0.45792885642981396,NaN,NaN,NaN,NaN,5.553571428571429,8.485109187398706,2.2139619150850374,0.8743545146281035,4.673469387755102,0.21428571428571427,0.4329867438982656,4.0,9.0,1.7354651162790697,0.7494341884762442,0.04411764705882353,0.0
510,1,68.0,314.0,4.617647058823529,0.06892010535557506,0.16417910447761194,0.029850746268656716,0.25,0.6071428571428571,0.23214285714285715,0.44642857142857145,0.20588235294117646,0.0,0.0,0.7142857142857143,0.5232433814244034,0.39876703066482355,0.34983476453291285,0.4466501117672617,NaN,NaN,NaN,NaN,5.607142857142857,8.363728119203067,2.2521830057638246,0.8885010251098238,4.3,0.2857142857142857,0.40841480052798546,5.0,10.0,1.8579952267303104,0.8151063523053828,0.029411764705882353,0.0
511,1,68.0,265.0,3.8970588235294117,0.05816505706760316,0.16417910447761194,0.05970149253731343,0.26785714285714285,0.625,0.23214285714285715,0.4107142857142857,0.20588235294117646,0.0,0.07142857142857142,0.6428571428571429,0.5197461697374934,0.4142648546594696,0.3416421376242805,0.4500768915932559,NaN,NaN,NaN,NaN,4.732142857142857,7.051733691224311,2.2853488397049393,0.974167841358065,4.928571428571429,0.25,0.45193068497266187,5.0,10.0,1.8744710860366713,0.826663642459553,0.10294117647058823,0.0
512,1,68.0,259.0,3.8088235294117645,0.05684811237928007,0.16417910447761194,0.1044776119402985,0.26785714285714285,0.6607142857142857,0.25,0.4107142857142857,0.20588235294117646,0.0,0.0,0.6428571428571429,0.466408714100586,0.3991977826553891,0.3359307359307359,0.4495585708173439,NaN,NaN,NaN,NaN,4.625,6.621075166741151,2.273890632086443,1.0132624630013225,5.304347826086957,0.21428571428571427,0.39332177991439976,5.0,11.0,2.1483516483516483,1.0989416078510859,0.0,0.0
513,1,68.0,245.0,3.6029411764705883,0.053775241439859525,0.16417910447761194,0.08955223880597014,0.30357142857142855,0.625,0.19642857142857142,0.39285714285714285,0.20588235294117646,0.0,0.0,0.6428571428571429,0.5030027011048405,0.40148515320429146,0.33295132446918163,0.444009833824135,NaN,NaN,NaN,NaN,4.375,5.327672184837474,2.3100922208112524,1.0350186889174489,5.222222222222222,0.23214285714285715,0.36372183987000123,5.0,8.0,1.7710371819960862,0.8968478025661485,0.029411764705882353,0.0
514,1,68.0,272.0,4.0,0.05970149253731343,0.16417910447761194,0.04477611940298507,0.21428571428571427,0.6428571428571429,0.19642857142857142,0.4107142857142857,0.20588235294117646,0.0,0.0,0.7142857142857143,0.49013009831076737,0.3933377889269141,0.33489791031355065,0.44166088133565523,NaN,NaN,NaN,NaN,4.857142857142857,6.351602722373082,2.2888171913489055,1.0242618960612666,5.166666666666666,0.26785714285714285,0.4753771081524792,6.0,13.0,2.1554726368159205,1.0736084105369164,0.10294117647058823,0.0
515,1,68.0,301.0,4.426470588235294,0.0660667251975417,0.16417910447761194,0.029850746268656716,0.23214285714285715,0.625,0.25,0.42857142857142855,0.20588235294117646,0.0,0.0,0.6428571428571429,0.5053772153705757,0.3921769964535824,0.34186507936507937,0.4464069226753478,NaN,NaN,NaN,NaN,5.375,8.482200614977653,2.26863820388416,0.9361892086378205,4.5,0.30357142857142855,0.43794729906664376,4.0,11.0,1.8378048780487806,0.7358166816450716,0.08823529411764706,0.0
516,1,68.0,266.0,3.911764705882353,0.058384547848990345,0.16417910447761194,0.07462686567164178,0.2857142857142857,0.625,0.26785714285714285,0.42857142857142855,0.20588235294117646,0.0,0.07142857142857142,0.5714285714285714,0.5473048415710553,0.4084208031170218,0.35370979532163743,0.46098333951768056,NaN,NaN,NaN,NaN,4.75,5.271708365502505,2.2815156696887926,0.9688124073820686,4.666666666666666,0.23214285714285715,0.41467241802225435,5.0,11.0,1.9562841530054644,0.89121037978383,0.029411764705882353,0.0
517,1,68.0,299.0,4.397058823529412,0.06562774363476734,0.16417910447761194,0.07462686567164178,0.25,0.6428571428571429,0.23214285714285715,0.4107142857142857,0.20588235294117646,0.0,0.07142857142857142,0.5714285714285714,0.5185443049198395,0.39567849245341435,0.3395124716553288,0.45017767969358163,NaN,NaN,NaN,NaN,5.339285714285714,6.742745018878468,2.3190380001805226,1.0728751014640092,5.35,0.26785714285714285,0.4839174922883397,5.0,12.0,1.9731800766283525,0.9783048008610189,0.08823529411764706,0.0
518,1,68.0,311.0,4.573529411764706,0.06826163301141353,0.16417910447761194,0.05970149253731343,0.21428571428571427,0.6071428571428571,0.19642857142857142,0.44642857142857145,0.20588235294117646,0.0,0.07142857142857142,0.5714285714285714,0.5255226457556005,0.3950841481125961,0.3421368783680814,0.4392812860182793,NaN,NaN,NaN,NaN,5.553571428571429,5.984585176957526,2.2590667085681666,0.9051322714155852,4.217948717948718,0.32142857142857145,0.44260608405262253,5.0,13.0,1.878787878787879,0.8165398860581454,0.10294117647058823,0.0
519,1,68.0,269.0,3.9558823529411766,0.059043020193151885,0.16417910447761194,0.029850746268656716,0.26785714285714285,0.625,0.21428571428571427,0.39285714285714285,0.20588235294117646,0.0,0.07142857142857142,0.5714285714285714,0.5085314455107448,0.3921281820526553,0.3323569200407435,0.45172315423072484,NaN,NaN,NaN,NaN,4.803571428571429,5.381515983969042,2.3391340620009125,1.0667212854006,4.88495575221239,0.2857142857142857,0.4474989580769271,5.0,12.0,2.027603513174404,0.9142868838156274,0.08823529411764706,0.0
52,1,68.0,271.0,3.985294117647059,0.05948200175592625,0.16417910447761194,0.029850746268656716,0.25,0.625,0.23214285714285715,0.4107142857142857,0.20588235294117646,0.0,0.07142857142857142,0.5714285714285714,0.5202790568188022,0.4080120756273614,0.3384018759018759,0.4531034003583816,NaN,NaN,NaN,NaN,4.839285714285714,6.344007295978511,2.286719090579073,1.0022718116753704,5.5,0.26785714285714285,0.38750828873430826,5.0,8.0,2.005925925925926,1.0463844039904198,0.07352941176470588,0.0
520,1,68.0,269.0,3.9558823529411766,0.059043020193151885,0.16417910447761194,0.014925373134328358,0.25,0.625,0.19642857142857142,0.42857142857142855,0.20588235294117646,0.0,0.07142857142857142,0.6428571428571429,0.5155271546274437,0.404307697982812,0.3353367862296434,0.43972105078855617,NaN,NaN,NaN,NaN,4.803571428571429,6.686267182155439,2.281579331738259,0.9981319680777117,4.961538461538462,0.25,0.43250306501036506,4.0,11.0,1.9627659574468086,0.843994565529003,0.10294117647058823,0.0
521,1,68.0,318.0,4.676470588235294,0.0697980684811238,0.16417910447761194,0.07462686567164178,0.23214285714285715,0.625,0.17857142857142858,0.4642857142857143,0.20588235294117646,0.0,0.0,0.7142857142857143,0.523272287569572,0.3772110590976643,0.346936867362204,0.42771577609508193,NaN,NaN,NaN,NaN,5.678571428571429,7.188645447970248,2.209038397417633,0.8270810797504863,3.924731182795699,0.26785714285714285,0.4462948321585201,4.0,10.0,1.5921625544267053,0.5836902424394695,0.058823529411764705,0.0
522,1,68.0,153.0,2.25,0.033582089552238806,0.16417910447761194,0.2537313432835821,0.30357142857142855,0.625,0.25,0.39285714285714285,0.20588235294117646,0.0,0.0,0.5714285714285714,0.44519380268132897,0.4300665805094265,0.33847080498866217,0.45338120992934877,NaN,NaN,NaN,NaN,2.732142857142857,3.0718136273281558,2.313329297582487,1.0697821921950033,5.444444444444445,0.17857142857142858,0.5045371963585155,5.0,10.0,2.0366492146596857,1.0492928639907706,0.08823529411764706,0.0
523,1,68.0,262.0,3.8529411764705883,0.05750658472344162,0.16417910447761194,0.11940298507462686,0.21428571428571427,0.625,0.2857142857142857,0.44642857142857145,0.20588235294117646,0.0,0.07142857142857142,0.6428571428571429,0.539988106440047,0.4074406995162926,0.3666492237920809,0.46120799375229105,NaN,NaN,NaN,NaN,4.678571428571429,6.161779975585988,2.267127828812381,0.9535047448641429,4.703125,0.2857142857142857,0.30776077398666757,4.0,9.0,1.8594771241830066,0.8807033276637491,0.058823529411764705,0.0
524,1,68.0,302.0,4.4411764705882355,0.06628621597892889,0.16417910447761194,0.07462686567164178,0.21428571428571427,0.6428571428571429,0.23214285714285715,0.42857142857142855,0.20588235294117646,0.0,0.0,0.5714285714285714,0.5202712480303068,0.38820965972464383,0.3466486833968037,0.44945101413109373,NaN,NaN,NaN,NaN,5.392857142857143,7.0004638065269305,2.3140436548086836,1.0663427711060636,5.75,0.30357142857142855,0.40688779008035636,6.0,12.0,2.1852731591448933,1.188078609107588,0.08823529411764706,0.0
525,1,68.0,226.0,3.323529411764706,0.04960491659350307,0.16417910447761194,0.08955223880597014,0.30357142857142855,0.6071428571428571,0.21428571428571427,0.39285714285714285,0.20588235294117646,0.0,0.07142857142857142,0.7142857142857143,0.5002762250271504,0.4026920973173242,0.32224702380952375,0.4426249444000221,NaN,NaN,NaN,NaN,4.035714285714286,4.4147038847028455,2.3543080059342256,1.1061464334611733,5.19672131147541,0.23214285714285715,0.4763678087042415,5.0,10.0,2.0954692556634305,1.008366390664369,0.08823529411764706,0.0
526,1,68.0,255.0,3.75,0.055970149253731345,0.16417910447761194,0.029850746268656716,0.23214285714285715,0.6428571428571429,0.16071428571428573,0.44642857142857145,0.20588235294117646,0.0,0.0,0.6428571428571429,0.5259318918916029,0.40795785451065203,0.34619920336555676,0.4372652052917924,NaN,NaN,NaN,NaN,4.553571428571429,5.229008746170967,2.2607760976754383,0.961406779612179,4.954545454545455,0.26785714285714285,0.41733642304043117,6.0,11.0,2.1241655540720963,1.054309087364608,0.04411764705882353,0.0
527,1,68.0,211.0,3.1029411764705883,0.046312554872695345,0.16417910447761194,0.1044776119402985,0.26785714285714285,0.625,0.25,0.39285714285714285,0.20588235294117646,0.0,0.07142857142857142,0.5714285714285714,0.5318940750958598,0.4072916917807373,0.342870670995671,0.448658498341374,NaN,NaN,NaN,NaN,3.767857142857143,3.6381367430374247,2.327682811395434,1.0892182610874444,5.583333333333334,0.26785714285714285,0.42970715904899937,6.0,9.0,2.3109375,1.1914690485867516,0.07352941176470588,0.0
528,1,68.0,258.0,3.7941176470588234,0.05662862159789289,0.16417910447761194,0.07462686567164178,0.26785714285714285,0.625,0.17857142857142858,0.39285714285714285,0.20588235294117646,0.0,0.0,0.5714285714285714,0.5323677010426584,0.3974763574672818,0.3389668367346939,0.4404549246692564,NaN,NaN,NaN,NaN,4.607142857142857,5.182763641247684,2.2702730330660095,0.9497962211427926,4.764705882352941,0.25,0.37147833991047113,4.0,9.0,1.8962264150943395,0.8686589749707349,0.029411764705882353,0.0
529,1,68.0,267.0,3.926470588235294,0.058604038630377525,0.16417910447761194,0.08955223880597014,0.26785714285714285,0.6071428571428571,0.25,0.42857142857142855,0.20588235294117646,0.0,0.07142857142857142,0.6428571428571429,0.4643177455160808,0.4044720017175844,0.3453838798365196,0.4520166190485966,NaN,NaN,NaN,NaN,4.767857142857143,6.240603325811525,2.353250244090127,1.094856786021838,5.545454545454545,0.2857142857142857,0.4989620316601553,7.0,12.0,2.0633284241531666,1.1523202691083567,0.058823529411764705,0.0
53,1,68.0,259.0,3.8088235294117645,0.05684811237928007,0.16417910447761194,0.11940298507462686,0.26785714285714285,0.6428571428571429,0.17857142857142858,0.42857142857142855,0.20588235294117646,0.0,0.0,0.5714285714285714,0.49931999104020586,0.3865744655589975,0.35004256149099955,0.4413125919893846,NaN,NaN,NaN,NaN,4.625,5.021997067447824,2.2559343376372634,0.926765310106027,4.4375,0.21428571428571427,0.42027512319952504,5.0,13.0,2.0503778337531484,0.9686022265114136,0.04411764705882353,0.0
530,1,68.0,240.0,3.5294117647058822,0.05267778753292362,0.16417910447761194,0.13432835820895522,0.23214285714285715,0.6071428571428571,0.25,0.4107142857142857,0.20588235294117646,0.0,0.07142857142857142,0.6428571428571429,0.5179798159295615,0.4139373282041959,0.3446107609710551,0.45861441574584605,NaN,NaN,NaN,NaN,4.285714285714286,4.849420905312625,2.3336099352152138,1.0715165447106498,6.0,0.2857142857142857,0.3307090164220928,6.0,8.0,2.0532646048109964,1.1685411689053182,0.029411764705882353,0.0
531,1,68.0,241.0,3.5441176470588234,0.0528972783143108,0.16417910447761194,0.1044776119402985,0.2857142857142857,0.625,0.2857142857142857,0.42857142857142855,0.20588235294117646,0.0,0.07142857142857142,0.5714285714285714,0.4766052324039664,0.40169286770894225,0.34416118421052627,0.45689012487984,NaN,NaN,NaN,NaN,4.303571428571429,6.005814282410436,2.303969382916751,1.0157928395316842,5.0,0.17857142857142858,0.34336268633178235,5.0,9.0,1.9815436241610738,1.0048596037774724,0.058823529411764705,0.0
532,1,68.0,222.0,3.264705882352941,0.048726953467954345,0.16417910447761194,0.1044776119402985,0.26785714285714285,0.6071428571428571,0.25,0.42857142857142855,0.20588235294117646,0.0,0.07142857142857142,0.5714285714285714,0.5707412114647447,0.41450000523294206,0.36247874149659864,0.45740680461018707,NaN,NaN,NaN,NaN,3.9642857142857144,4.085291958919263,2.2693010597238916,0.9602512972260188,4.973684210526316,0.26785714285714285,0.3820141291669907,4.0,7.0,1.7118279569892474,0.7897306205890922,0.029411764705882353,0.0
533,1,68.0,251.0,3.6911764705882355,0.05509218612818262,0.16417910447761194,0.07462686567164178,0.23214285714285715,0.625,0.25,0.4642857142857143,0.20588235294117646,0.0,0.07142857142857142,0.6428571428571429,0.5265463696864623,0.41234926611651274,0.3631635072728278,0.4502058096532002,NaN,NaN,NaN,NaN,4.482142857142857,6.695971845896528,2.254849044216304,0.936575216300488,4.6,0.2857142857142857,0.4425270734034136,5.0,11.0,2.026745913818722,1.0173484542222628,0.07352941176470588,0.0
534,1,68.0,189.0,2.7794117647058822,0.041483757682177345,0.16417910447761194,0.16417910447761194,0.25,0.625,0.26785714285714285,0.42857142857142855,0.20588235294117646,0.0,0.14285714285714285,0.5714285714285714,0.5855156932942258,0.4280390273037924,0.3736434610075915,0.4663891894179675,NaN,NaN,NaN,NaN,3.375,4.061179855433863,2.2380676270886113,0.9255429855009855,4.75,0.25,0.3651608930608277,4.0,8.0,1.9549356223175967,0.9459064584326856,0.0,0.0
535,1,68.0,248.0,3.6470588235294117,0.05443371378402107,0.16417910447761194,0.13432835820895522,0.25,0.625,0.26785714285714285,0.39285714285714285,0.20588235294117646,0.0,0.07142857142857142,0.6428571428571429,0.49871469953553194,0.43105974181542567,0.3492701247165533,0.4589888510029178,NaN,NaN,NaN,NaN,4.428571428571429,6.525076503507325,2.2256401717819907,0.8678862162201877,4.4,0.23214285714285715,0.36027520563553084,4.0,9.0,1.7293666026871402,0.7976415849467234,0.07352941176470588,0.0
536,1,68.0,252.0,3.7058823529411766,0.0553116769095698,0.16417910447761194,0.08955223880597014,0.26785714285714285,0.6428571428571429,0.26785714285714285,0.4107142857142857,0.20588235294117646,0.0,0.07142857142857142,0.6428571428571429,0.5170984415550501,0.40952015797002145,0.36408730158730157,0.46334279752671387,NaN,NaN,NaN,NaN,4.5,6.295741706611194,2.238725995575196,0.9223961769216508,4.541666666666666,0.25,0.40476202820960533,4.0,11.0,1.8390092879256965,0.7847944143416276,0.07352941176470588,0.0
537,1,68.0,294.0,4.323529411764706,0.06453028972783142,0.16417910447761194,0.029850746268656716,0.23214285714285715,0.625,0.19642857142857142,0.42857142857142855,0.20588235294117646,0.0,0.07142857142857142,0.5714285714285714,0.484842678481401,0.3915165565726956,0.34854894609358894,0.44265212123831144,NaN,NaN,NaN,NaN,5.25,6.444871110919414,2.2793270566922295,1.0003810794909975,5.214285714285714,0.2857142857142857,0.4211391634918166,6.0,10.0,2.049136786188579,1.1445882952281,0.029411764705882353,0.0
538,1,68.0,249.0,3.661764705882353,0.05465320456540825,0.16417910447761194,0.13432835820895522,0.25,0.625,0.23214285714285715,0.39285714285714285,0.20588235294117646,0.0,0.07142857142857142,0.5714285714285714,0.45330301096753184,0.4009718530834176,0.34187216553287986,0.4547181529630619,NaN,NaN,NaN,NaN,4.446428571428571,4.954042033282768,2.3275187639158226,1.0748226131720593,5.075,0.26785714285714285,0.467603032142342,5.0,11.0,1.850187265917603,0.9953126365195007,0.04411764705882353,0.0
539,1,68.0,261.0,3.838235294117647,0.05728709394205443,0.16417910447761194,0.05970149253731343,0.23214285714285715,0.625,0.23214285714285715,0.42857142857142855,0.20588235294117646,0.0,0.07142857142857142,0.5714285714285714,0.5192815804160078,0.42155254995647296,0.3625587466169264,0.4585145112375275,NaN,NaN,NaN,NaN,4.660714285714286,6.0280459240402005,2.2372237666483543,0.8986159982957901,4.413793103448276,0.26785714285714285,0.3561449553863116,4.0,8.0,1.5591397849462365,0.7019425876568064,0.058823529411764705,0.0
54,1,68.0,222.0,3.264705882352941,0.048726953467954345,0.16417910447761194,0.208955223880597,0.23214285714285715,0.625,0.21428571428571427,0.42857142857142855,0.20588235294117646,0.0,0.14285714285714285,0.5714285714285714,0.5275769656153059,0.4150394728701639,0.3583864795918367,0.4506016254298858,NaN,NaN,NaN,NaN,3.9642857142857144,4.335746913589548,2.2126349776285696,0.8731185472087322,4.666666666666666,0.23214285714285715,0.2417197147144334,5.0,7.0,1.4730878186968839,0.7111017665423168,0.0,0.0
540,1,68.0,241.0,3.5441176470588234,0.0528972783143108,0.16417910447761194,0.07462686567164178,0.26785714285714285,0.625,0.16071428571428573,0.44642857142857145,0.20588235294117646,0.0,0.0,0.5714285714285714,0.4692972026373541,0.40180929630836637,0.3306180400635288,0.4238374926533677,NaN,NaN,NaN,NaN,4.303571428571429,5.588688715471775,2.2338285583364503,0.8847668200607781,4.422535211267606,0.23214285714285715,0.34773390997577713,4.0,10.0,1.7756521739130435,0.7513740380185706,0.029411764705882353,0.0
541,1,68.0,228.0,3.3529411764705883,0.05004389815627744,0.16417910447761194,0.11940298507462686,0.30357142857142855,0.625,0.23214285714285715,0.4107142857142857,0.20588235294117646,0.0,0.07142857142857142,0.5714285714285714,0.5170325884197691,0.40347787395304924,0.3427083333333333,0.45093560760574386,NaN,NaN,NaN,NaN,4.071428571428571,4.755311452784876,2.29561459599931,1.0172887785866918,5.0,0.17857142857142858,0.47438555982563513,4.0,9.0,1.7446808510638299,0.7628713002956513,0.058823529411764705,0.0
542,1,68.0,256.0,3.764705882352941,0.056189640035118525,0.16417910447761194,0.14925373134328357,0.26785714285714285,0.625,0.19642857142857142,0.4107142857142857,0.20588235294117646,0.0,0.0,0.5714285714285714,0.5203825167887668,0.41017844243335144,0.3449404761904762,0.4503665134004707,NaN,NaN,NaN,NaN,4.571428571428571,4.898449264288158,2.2550825734274698,0.9241933735983825,4.633333333333333,0.25,0.346090647890505,4.0,10.0,1.662027833001988,0.7475654132131484,0.07352941176470588,0.0
543,1,68.0,256.0,3.764705882352941,0.056189640035118525,0.16417910447761194,0.11940298507462686,0.2857142857142857,0.6428571428571429,0.25,0.39285714285714285,0.20588235294117646,0.0,0.07142857142857142,0.5714285714285714,0.5249897733459792,0.39732766807306186,0.33214285714285713,0.44852853858795866,NaN,NaN,NaN,NaN,4.571428571428571,6.166941610812351,2.3453743892986325,1.135507849432448,5.264705882352941,0.21428571428571427,0.5493239493115273,5.0,11.0,2.0937042459736457,1.0217595428610846,0.11764705882352941,0.0
544,1,68.0,256.0,3.764705882352941,0.056189640035118525,0.16417910447761194,0.08955223880597014,0.19642857142857142,0.6071428571428571,0.2857142857142857,0.42857142857142855,0.20588235294117646,0.0,0.07142857142857142,0.6428571428571429,0.5144901245182653,0.4149747221746805,0.3498506774504674,0.4623277488862544,NaN,NaN,NaN,NaN,4.571428571428571,6.005625068844414,2.3496857888552958,1.1183131879669466,5.416666666666666,0.3392857142857143,0.47407637594837326,6.0,13.0,2.357142857142857,1.2765694770084508,0.11764705882352941,0.0
545,1,68.0,191.0,2.8088235294117645,0.04192273924495171,0.16417910447761194,0.22388059701492538,0.2857142857142857,0.6428571428571429,0.23214285714285715,0.375,0.20588235294117646,0.0,0.07142857142857142,0.6428571428571429,0.47274114465063144,0.42028846000378783,0.3379726890756302,0.45524020828138406,NaN,NaN,NaN,NaN,3.4107142857142856,3.9486558620476315,2.3479478346161975,1.154424212855332,5.5,0.19642857142857142,0.4780987984379938,5.0,11.0,2.055441478439425,1.0358820420816626,0.10294117647058823,0.0
546,1,68.0,219.0,3.2205882352941178,0.0480684811237928,0.16417910447761194,0.1044776119402985,0.30357142857142855,0.6607142857142857,0.26785714285714285,0.39285714285714285,0.20588235294117646,0.0,0.07142857142857142,0.6428571428571429,0.5334652689109999,0.4105879067605932,0.34972170686456394,0.4622715405514272,NaN,NaN,NaN,NaN,3.9107142857142856,4.041947261201916,2.2676671520397105,0.972509713513562,4.888888888888889,0.21428571428571427,0.45384398019875666,5.0,10.0,2.0128824476650564,0.9687845231465008,0.04411764705882353,0.0
547,1,68.0,280.0,4.117647058823529,0.061457418788410885,0.16417910447761194,0.04477611940298507,0.26785714285714285,0.6428571428571429,0.21428571428571427,0.42857142857142855,0.20588235294117646,0.0,0.0,0.5714285714285714,0.561247411922727,0.4107091905176577,0.359945254452242,0.4515444323570337,NaN,NaN,NaN,NaN,5.0,6.258085678834732,2.267518370247891,0.9509028185808539,4.448275862068965,0.25,0.4305549584802974,4.0,12.0,1.9604591836734695,0.8678846692379026,0.10294117647058823,0.0
548,1,68.0,230.0,3.3823529411764706,0.0504828797190518,0.16417910447761194,0.1044776119402985,0.26785714285714285,0.625,0.19642857142857142,0.4107142857142857,0.20588235294117646,0.0,0.0,0.5714285714285714,0.4977693861662789,0.38760975293638955,0.32731009070294786,0.4335705582736347,NaN,NaN,NaN,NaN,4.107142857142857,4.372137282335084,2.2987537022351825,1.0052225088635758,4.870967741935484,0.25,0.43549256347059156,5.0,11.0,2.102201257861635,1.0709896212757177,0.07352941176470588,0.0
549,1,68.0,235.0,3.4558823529411766,0.051580333625987705,0.16417910447761194,0.11940298507462686,0.30357142857142855,0.625,0.17857142857142858,0.4107142857142857,0.20588235294117646,0.0,0.0,0.6428571428571429,0.5107817861408381,0.4000719539838351,0.33750176306567287,0.44258002774802024,NaN,NaN,NaN,NaN,4.196428571428571,6.091483303036202,2.24606663571817,0.904148122406044,4.541666666666666,0.19642857142857142,0.31588735211372787,4.0,8.0,1.8846153846153846,0.9002861616733282,0.0,0.0
55,1,68.0,236.0,3.4705882352941178,0.05179982440737489,0.16417910447761194,0.13432835820895522,0.21428571428571427,0.6071428571428571,0.14285714285714285,0.44642857142857145,0.20588235294117646,0.0,0.07142857142857142,0.5714285714285714,0.44833791702563824,0.3703916055710657,0.32419009270374816,0.413943277394089,NaN,NaN,NaN,NaN,4.214285714285714,3.9529702789135697,2.2913049784377497,0.9776710201059993,4.833333333333334,0.3392857142857143,0.45362616056633703,5.0,11.0,1.9332298136645962,0.8587024842370033,0.058823529411764705,0.0
550,1,68.0,294.0,4.323529411764706,0.06453028972783142,0.16417910447761194,0.1044776119402985,0.25,0.625,0.19642857142857142,0.42857142857142855,0.20588235294117646,0.0,0.07142857142857142,0.6428571428571429,0.49563363563021223,0.39879658507627164,0.33683518862090295,0.44052988417935507,NaN,NaN,NaN,NaN,5.25,6.6476243193271,2.2701878513383704,0.9542426844846932,4.8235294117647065,0.25,0.3466216753120339,4.0,8.0,1.71499176276771,0.795712080122884,0.029411764705882353,0.0
551,1,68.0,330.0,4.852941176470588,0.07243195785776997,0.16417910447761194,0.05970149253731343,0.23214285714285715,0.625,0.19642857142857142,0.44642857142857145,0.20588235294117646,0.0,0.07142857142857142,0.6428571428571429,0.5310198627357812,0.39706607514392633,0.33381293913608745,0.43456541305601,NaN,NaN,NaN,NaN,5.892857142857143,8.59318666984822,2.261326000068916,0.9204363244980388,4.714285714285714,0.25,0.4041693479726154,5.0,10.0,1.7530695770804912,0.8217547477021329,0.0,0.0
552,1,68.0,236.0,3.4705882352941178,0.05179982440737489,0.16417910447761194,0.11940298507462686,0.23214285714285715,0.6071428571428571,0.21428571428571427,0.42857142857142855,0.20588235294117646,0.0,0.07142857142857142,0.6428571428571429,0.461818362878745,0.4157352437566193,0.33341727716727715,0.44096661038630786,NaN,NaN,NaN,NaN,4.214285714285714,4.405427585126352,2.308495812163555,1.0347095202594452,5.12,0.2857142857142857,0.4443088336758565,5.0,9.0,1.929553264604811,0.9296342106767481,0.07352941176470588,0.0
553,1,68.0,259.0,3.8088235294117645,0.05684811237928007,0.16417910447761194,0.1044776119402985,0.26785714285714285,0.625,0.23214285714285715,0.44642857142857145,0.20588235294117646,0.0,0.07142857142857142,0.6428571428571429,0.5361692904118818,0.39066879588726205,0.35892903045158686,0.44613842414017113,NaN,NaN,NaN,NaN,4.625,5.989574275355469,2.2849946099861733,0.9918744665985014,4.7,0.25,0.40699862991162644,6.0,11.0,1.9069400630914826,0.9518498359226459,0.08823529411764706,0.0
554,1,68.0,238.0,3.5,0.05223880597014925,0.16417910447761194,0.16417910447761194,0.23214285714285715,0.6071428571428571,0.2857142857142857,0.44642857142857145,0.20588235294117646,0.0,0.07142857142857142,0.5714285714285714,0.5207301128009658,0.4099420137138097,0.3655966553287982,0.46093955152480875,NaN,NaN,NaN,NaN,4.25,4.174598510907693,2.267068147147391,0.9490869642301388,4.553191489361702,0.2857142857142857,0.4543053569425325,4.0,10.0,1.7078431372549019,0.7567231438291294,0.08823529411764706,0.0
555,1,68.0,239.0,3.514705882352941,0.05245829675153644,0.16417910447761194,0.05970149253731343,0.25,0.625,0.21428571428571427,0.42857142857142855,0.20588235294117646,0.0,0.0,0.5714285714285714,0.4990103571209093,0.3970633089085593,0.33812358276643995,0.44694936021932646,NaN,NaN,NaN,NaN,4.267857142857143,4.915619156150289,2.284190402094347,0.9852687874348174,5.071428571428571,0.26785714285714285,0.39532673902820126,5.0,10.0,1.8592057761732852,0.8889700346458372,0.058823529411764705,0.0
556,1,68.0,284.0,4.176470588235294,0.06233538191395961,0.16417910447761194,0.07462686567164178,0.30357142857142855,0.6071428571428571,0.14285714285714285,0.39285714285714285,0.20588235294117646,0.0,0.0,0.5714285714285714,0.5274042487484861,0.3978410414322935,0.3316390950319522,0.4410160634540306,NaN,NaN,NaN,NaN,5.071428571428571,5.892544265601908,2.2847153812140335,0.9791306651930695,4.75,0.21428571428571427,0.36460715938820165,5.0,10.0,1.9657064471879286,0.9391826739389191,0.07352941176470588,0.0
557,1,68.0,213.0,3.1323529411764706,0.04675153643546971,0.16417910447761194,0.14925373134328357,0.26785714285714285,0.625,0.25,0.42857142857142855,0.20588235294117646,0.0,0.07142857142857142,0.5714285714285714,0.47643091214745464,0.4124112358947913,0.3474279936333508,0.4499169016156623,NaN,NaN,NaN,NaN,3.8035714285714284,4.546405744630058,2.2451880676002864,0.9085493676647991,4.426966292134832,0.25,0.42226078412129264,4.0,11.0,1.8145454545454545,0.7478976440050223,0.10294117647058823,0.0
558,1,68.0,219.0,3.2205882352941178,0.0480684811237928,0.16417910447761194,0.1044776119402985,0.2857142857142857,0.6607142857142857,0.19642857142857142,0.4107142857142857,0.20588235294117646,0.0,0.0,0.5714285714285714,0.4953329246260794,0.3971745109450911,0.3430909863945578,0.44254954986288403,NaN,NaN,NaN,NaN,3.9107142857142856,4.456973231870525,2.247101743715521,0.9502171967968183,5.0256410256410255,0.17857142857142858,0.38844591058100364,5.0,10.0,2.0669781931464173,0.9740149131331504,0.029411764705882353,0.0
559,1,68.0,231.0,3.3970588235294117,0.05070237050043898,0.16417910447761194,0.05970149253731343,0.26785714285714285,0.6428571428571429,0.23214285714285715,0.39285714285714285,0.20588235294117646,0.0,0.07142857142857142,0.5714285714285714,0.4840614756937871,0.40572087630957976,0.334976035868893,0.45112753023802465,NaN,NaN,NaN,NaN,4.125,6.825253908030888,2.226077731023674,0.8944507206502239,4.625,0.19642857142857142,0.35128500876176294,3.0,6.0,1.570048309178744,0.6984392823106498,0.029411764705882353,0.0
56,1,68.0,263.0,3.8676470588235294,0.0577260755048288,0.16417910447761194,0.04477611940298507,0.26785714285714285,0.625,0.23214285714285715,0.42857142857142855,0.20588235294117646,0.0,0.0,0.6428571428571429,0.5020187705583636,0.40513900796386854,0.3435334175360771,0.4478356752067628,NaN,NaN,NaN,NaN,4.696428571428571,7.942794660129834,2.2478753116336634,0.900921149829722,4.444444444444445,0.21428571428571427,0.4358697522216112,4.0,10.0,1.8702928870292888,0.7721923719830288,0.07352941176470588,0.0
560,1,68.0,262.0,3.8529411764705883,0.05750658472344162,0.16417910447761194,0.1044776119402985,0.23214285714285715,0.6428571428571429,0.17857142857142858,0.44642857142857145,0.20588235294117646,0.0,0.0,0.6428571428571429,0.5573772272957404,0.3926251731315148,0.35668590668590666,0.4412641104112762,NaN,NaN,NaN,NaN,4.678571428571429,5.717937145055478,2.2315172319925582,0.8891030048256342,4.367647058823529,0.26785714285714285,0.3559454402937194,3.0,8.0,1.7817337461300309,0.7326541515224999,0.04411764705882353,0.0
561,1,68.0,313.0,4.602941176470588,0.06870061457418788,0.16417910447761194,0.08955223880597014,0.25,0.625,0.21428571428571427,0.4107142857142857,0.20588235294117646,0.0,0.07142857142857142,0.5714285714285714,0.5540841866234927,0.4016556368033347,0.33982944139194143,0.4503378898908491,NaN,NaN,NaN,NaN,5.589285714285714,7.295769099501897,2.3362539554120225,1.075389870973448,5.0,0.25,0.40295203205195274,5.0,10.0,1.8841201716738198,0.9735865030637091,0.08823529411764706,0.0
562,1,68.0,220.0,3.235294117647059,0.048287971905179985,0.16417910447761194,0.029850746268656716,0.26785714285714285,0.6428571428571429,0.30357142857142855,0.42857142857142855,0.20588235294117646,0.0,0.07142857142857142,0.5714285714285714,0.5299249180201809,0.41827674869070836,0.35406617192331474,0.4610377706338194,NaN,NaN,NaN,NaN,3.9285714285714284,6.527862361676066,2.240761336066789,0.9190268084125773,4.5058823529411764,0.21428571428571427,0.412450988746793,3.0,9.0,1.8493589743589745,0.7209764018705213,0.029411764705882353,0.0
563,1,68.0,205.0,3.014705882352941,0.04499561018437226,0.16417910447761194,0.16417910447761194,0.30357142857142855,0.6607142857142857,0.21428571428571427,0.39285714285714285,0.20588235294117646,0.0,0.07142857142857142,0.5714285714285714,0.47170491789589025,0.4031952089368381,0.3279431216931217,0.43510132823213665,NaN,NaN,NaN,NaN,3.6607142857142856,4.636914278480251,2.2469538794538795,0.9239361097771588,4.454545454545455,0.17857142857142858,0.5005008315982487,5.0,13.0,1.8838821490467939,0.7897126147307117,0.10294117647058823,0.0
564,1,68.0,241.0,3.5441176470588234,0.0528972783143108,0.16417910447761194,0.07462686567164178,0.26785714285714285,0.625,0.30357142857142855,0.4107142857142857,0.20588235294117646,0.0,0.07142857142857142,0.5714285714285714,0.5285400537492777,0.42462686370873537,0.3654761904761905,0.4696507099130046,NaN,NaN,NaN,NaN,4.303571428571429,5.304953578263666,2.2823343092715884,0.9784345370072879,4.791666666666666,0.26785714285714285,0.4543110561194899,5.0,11.0,2.0558823529411763,0.9976972533831591,0.07352941176470588,0.0
565,1,68.0,303.0,4.455882352941177,0.06650570676031607,0.16417910447761194,0.08955223880597014,0.23214285714285715,0.6428571428571429,0.17857142857142858,0.39285714285714285,0.20588235294117646,0.0,0.07142857142857142,0.5714285714285714,0.5290090734165867,0.41323383747986503,0.33252551020408166,0.44633755342345793,NaN,NaN,NaN,NaN,5.410714285714286,6.779050042632777,2.28492450911707,1.0046967371451965,4.783783783783784,0.25,0.3926974354807104,4.0,10.0,1.7455716586151369,0.8345370766818934,0.10294117647058823,0.0
566,1,68.0,301.0,4.426470588235294,0.0660667251975417,0.16417910447761194,0.07462686567164178,0.2857142857142857,0.6428571428571429,0.16071428571428573,0.4107142857142857,0.20588235294117646,0.0,0.0,0.6428571428571429,0.49655143753472636,0.37387669508181004,0.3440759637188209,0.4390306080026549,NaN,NaN,NaN,NaN,5.375,5.998674095922441,2.2637866252613956,0.9500084770877439,4.761904761904762,0.21428571428571427,0.33994039313748187,5.0,10.0,1.9601063829787233,0.9837583788318756,0.08823529411764706,0.0
567,1,68.0,351.0,5.161764705882353,0.07704126426690079,0.16417910447761194,0.0,0.25,0.6071428571428571,0.23214285714285715,0.42857142857142855,0.20588235294117646,0.0,0.07142857142857142,0.6428571428571429,0.5506792808360788,0.4066367233988339,0.35755658032443743,0.4534217828256471,NaN,NaN,NaN,NaN,6.267857142857143,8.66653138422554,2.26120751535235,0.906936005542228,4.444444444444445,0.2857142857142857,0.42564286222882913,4.0,12.0,1.8677966101694916,0.8303710418740924,0.10294117647058823,0.0
568,1,68.0,264.0,3.8823529411764706,0.05794556628621598,0.16417910447761194,0.11940298507462686,0.23214285714285715,0.6071428571428571,0.17857142857142858,0.42857142857142855,0.20588235294117646,0.0,0.07142857142857142,0.5714285714285714,0.4908707205579287,0.3964982745977587,0.34852117128902843,0.4417778863514907,NaN,NaN,NaN,NaN,4.714285714285714,6.499550434003559,2.3092114488251,1.0175019079971512,5.111111111111111,0.32142857142857145,0.3938835601495964,6.0,9.0,1.9688581314878892,1.10414332827333,0.0,0.0
569,1,68.0,229.0,3.3676470588235294,0.05026338893766462,0.16417910447761194,0.1044776119402985,0.30357142857142855,0.6428571428571429,0.25,0.4107142857142857,0.20588235294117646,0.0,0.07142857142857142,0.5714285714285714,0.518933230216181,0.40957769196547417,0.3484677524856096,0.4561376322781721,NaN,NaN,NaN,NaN,4.089285714285714,5.847382586840297,2.2227830508340167,0.8705481375583254,4.5,0.21428571428571427,0.3641007646966817,5.0,9.0,1.9299847792998477,0.8543105370241055,0.0,0.0
57,1,68.0,245.0,3.6029411764705883,0.053775241439859525,0.16417910447761194,0.1044776119402985,0.26785714285714285,0.625,0.23214285714285715,0.4107142857142857,0.20588235294117646,0.0,0.07142857142857142,0.5714285714285714,0.5181455242475754,0.40447051344848267,0.3476147586227473,0.45453724875987533,NaN,NaN,NaN,NaN,4.375,4.657593994562194,2.279164049640472,0.9624592627167395,4.388888888888889,0.25,0.4597269330719312,4.0,11.0,1.8030560271646858,0.8072318736744891,0.10294117647058823,0.0
570,1,68.0,227.0,3.338235294117647,0.04982440737489025,0.16417910447761194,0.208955223880597,0.30357142857142855,0.6071428571428571,0.23214285714285715,0.42857142857142855,0.20588235294117646,0.0,0.07142857142857142,0.6428571428571429,0.5589469009341795,0.4192822597582533,0.34851749910490515,0.4541135059781297,NaN,NaN,NaN,NaN,4.053571428571429,4.791733953978902,2.344098389031256,1.097030064015699,5.727272727272727,0.23214285714285715,0.35294005658168265,6.0,10.0,2.0949820788530467,1.136916006950199,0.07352941176470588,0.0
571,1,68.0,237.0,3.485294117647059,0.05201931518876207,0.16417910447761194,0.11940298507462686,0.2857142857142857,0.625,0.16071428571428573,0.44642857142857145,0.20588235294117646,0.0,0.07142857142857142,0.5714285714285714,0.4940157888101129,0.37988287475302673,0.3395343743558029,0.43399589786460024,NaN,NaN,NaN,NaN,4.232142857142857,3.682840166001192,2.2783030074775006,0.9729142020620917,4.8235294117647065,0.23214285714285715,0.38940048223028606,5.0,8.0,1.8250460405156537,0.8785884496896259,0.029411764705882353,0.0
572,1,68.0,250.0,3.676470588235294,0.05487269534679543,0.16417910447761194,0.08955223880597014,0.19642857142857142,0.6428571428571429,0.21428571428571427,0.4107142857142857,0.20588235294117646,0.0,0.07142857142857142,0.5714285714285714,0.5168819366479519,0.41109501073390603,0.34846230158730157,0.4484394446204934,NaN,NaN,NaN,NaN,4.464285714285714,4.596300036548314,2.259505721261477,0.9473230845205901,4.578125,0.30357142857142855,0.4403054225720725,5.0,11.0,2.022354694485842,1.0019865935757528,0.058823529411764705,0.0
573,1,68.0,250.0,3.676470588235294,0.05487269534679543,0.16417910447761194,0.029850746268656716,0.23214285714285715,0.625,0.25,0.4107142857142857,0.20588235294117646,0.0,0.0,0.6428571428571429,0.5012024763071413,0.4210894813929099,0.3403745377429588,0.45229125735303377,NaN,NaN,NaN,NaN,4.464285714285714,6.586388956060785,2.2097676472390098,0.8458997254030615,4.483870967741936,0.25,0.3893076109949737,5.0,9.0,1.907046476761619,0.883819245546072,0.0,0.0
574,1,68.0,262.0,3.8529411764705883,0.05750658472344162,0.16417910447761194,0.16417910447761194,0.19642857142857142,0.6428571428571429,0.25,0.44642857142857145,0.20588235294117646,0.0,0.07142857142857142,0.5714285714285714,0.5479937259502016,0.4079481941310434,0.35883290816326535,0.4540285384634441,NaN,NaN,NaN,NaN,4.678571428571429,6.293162647182742,2.206895549845069,0.8630493818203765,4.7,0.26785714285714285,0.27486246841830037,4.0,6.0,1.7135036496350364,0.8022136569254914,0.0,0.0
575,1,68.0,278.0,4.088235294117647,0.061018437225636525,0.16417910447761194,0.1044776119402985,0.2857142857142857,0.625,0.19642857142857142,0.4107142857142857,0.20588235294117646,0.0,0.0,0.6428571428571429,0.4575751069452147,0.41017222085774746,0.3320949926023041,0.4435977388362121,NaN,NaN,NaN,NaN,4.964285714285714,5.987758074041298,2.246178301313295,0.8970651728308946,4.45945945945946,0.23214285714285715,0.3754735186043193,4.0,10.0,1.7447447447447448,0.7198648647271103,0.07352941176470588,0.0
576,1,68.0,237.0,3.485294117647059,0.05201931518876207,0.16417910447761194,0.07462686567164178,0.2857142857142857,0.6428571428571429,0.25,0.44642857142857145,0.20588235294117646,0.0,0.14285714285714285,0.5714285714285714,0.5026723454896295,0.40482959160825627,0.36057890261367703,0.45124134982191766,NaN,NaN,NaN,NaN,4.232142857142857,4.492381718698167,2.2839103523462834,1.009983436319222,4.953488372093023,0.23214285714285715,0.5083350650935664,4.0,11.0,2.0303030303030303,0.9552934857921271,0.10294117647058823,0.0
577,1,68.0,250.0,3.676470588235294,0.05487269534679543,0.16417910447761194,0.08955223880597014,0.26785714285714285,0.625,0.26785714285714285,0.44642857142857145,0.20588235294117646,0.0,0.07142857142857142,0.5714285714285714,0.5349205016724979,0.4127665533055611,0.3623220998925886,0.45917632751799375,NaN,NaN,NaN,NaN,4.464285714285714,6.09609199916944,2.233752789738569,0.8784408500291706,4.5,0.19642857142857142,0.3412628591387771,5.0,8.0,1.9812792511700468,0.9632102501320461,0.029411764705882353,0.0
578,1,68.0,254.0,3.735294117647059,0.05575065847234416,0.16417910447761194,0.13432835820895522,0.26785714285714285,0.625,0.23214285714285715,0.42857142857142855,0.20588235294117646,0.0,0.07142857142857142,0.6428571428571429,0.5223837183526087,0.4086451783031695,0.34769851781292227,0.44884129342718565,NaN,NaN,NaN,NaN,4.535714285714286,6.42428428476111,2.2354469965941868,0.8793093437107693,4.638888888888889,0.23214285714285715,0.3288259794840078,4.0,9.0,1.8685376661742983,0.7950474031209327,0.029411764705882353,0.0
579,1,68.0,234.0,3.4411764705882355,0.051360842844600525,0.16417910447761194,0.11940298507462686,0.25,0.6428571428571429,0.17857142857142858,0.4107142857142857,0.20588235294117646,0.0,0.0,0.5714285714285714,0.527734861574737,0.38587597633167303,0.3279760887608632,0.4358258727152084,NaN,NaN,NaN,NaN,4.178571428571429,4.411172356465065,2.3129702818710776,1.0460124208241053,4.9,0.26785714285714285,0.3937238655407281,5.0,10.0,2.21765601217656,1.1725228105448944,0.08823529411764706,0.0
58,1,68.0,289.0,4.25,0.06343283582089553,0.16417910447761194,0.08955223880597014,0.26785714285714285,0.625,0.26785714285714285,0.42857142857142855,0.20588235294117646,0.0,0.07142857142857142,0.5714285714285714,0.5062048319538291,0.4024304719114218,0.3550595238095238,0.4631835825942717,NaN,NaN,NaN,NaN,5.160714285714286,5.335223555729449,2.3879576626767904,1.1918789693730898,6.2,0.2857142857142857,0.41539641310167924,6.0,11.0,2.12015503875969,1.1361549630764938,0.029411764705882353,0.0
580,1,68.0,260.0,3.823529411764706,0.05706760316066725,0.16417910447761194,0.1044776119402985,0.26785714285714285,0.625,0.23214285714285715,0.4107142857142857,0.20588235294117646,0.0,0.0,0.5714285714285714,0.4889397364362214,0.39724700987109435,0.34002976190476186,0.44758166018333184,NaN,NaN,NaN,NaN,4.642857142857143,5.744336567211447,2.2942723744810856,1.0009733038197408,5.071428571428571,0.23214285714285715,0.39274068829448433,5.0,9.0,1.7142857142857142,0.8240685814391382,0.04411764705882353,0.0
581,1,68.0,213.0,3.1323529411764706,0.04675153643546971,0.16417910447761194,0.14925373134328357,0.2857142857142857,0.6428571428571429,0.23214285714285715,0.4107142857142857,0.20588235294117646,0.0,0.07142857142857142,0.5714285714285714,0.46377350992114474,0.4148039672322252,0.3541666666666667,0.45273207304798946,NaN,NaN,NaN,NaN,3.8035714285714284,3.365167254290736,2.3410019397320494,1.1027234510984119,5.277777777777778,0.23214285714285715,0.5697674282275071,5.0,11.0,2.091417910447761,1.112814502337742,0.08823529411764706,0.0
582,1,68.0,238.0,3.5,0.05223880597014925,0.16417910447761194,0.029850746268656716,0.26785714285714285,0.6428571428571429,0.30357142857142855,0.4107142857142857,0.20588235294117646,0.0,0.07142857142857142,0.5714285714285714,0.522449413671414,0.4301200785356973,0.3568471028762382,0.47060124357311084,NaN,NaN,NaN,NaN,4.25,7.31188322962261,2.3272589982642375,1.0994930111345869,5.555555555555555,0.23214285714285715,0.4432435762194718,5.0,10.0,2.015122873345936,1.134746515057065,0.0,0.0
583,1,68.0,263.0,3.8676470588235294,0.0577260755048288,0.16417910447761194,0.1044776119402985,0.25,0.6428571428571429,0.23214285714285715,0.39285714285714285,0.20588235294117646,0.0,0.07142857142857142,0.6428571428571429,0.5289674369473565,0.4082457846338535,0.3546356042416967,0.4585957450431337,NaN,NaN,NaN,NaN,4.696428571428571,5.123633805867022,2.266917806964569,0.9799791877552456,4.916666666666666,0.26785714285714285,0.4249259825264538,4.0,9.0,1.882442748091603,0.8494899455489551,0.07352941176470588,0.0
584,1,68.0,241.0,3.5441176470588234,0.0528972783143108,0.16417910447761194,0.1044776119402985,0.32142857142857145,0.6071428571428571,0.26785714285714285,0.4107142857142857,0.20588235294117646,0.0,0.0,0.5714285714285714,0.536893003767441,0.39999130407158767,0.35081782713085236,0.46037229246165584,NaN,NaN,NaN,NaN,4.303571428571429,5.298094487153395,2.358738625621935,1.1559162193744634,5.909090909090909,0.19642857142857142,0.4002841191688575,5.0,8.0,1.9349904397705544,1.1122701880266304,0.058823529411764705,0.0
585,1,68.0,231.0,3.3970588235294117,0.05070237050043898,0.16417910447761194,0.11940298507462686,0.2857142857142857,0.625,0.16071428571428573,0.42857142857142855,0.20588235294117646,0.0,0.07142857142857142,0.5714285714285714,0.4503143614611248,0.38149493218204633,0.32926361832611833,0.4295175255072885,NaN,NaN,NaN,NaN,4.125,3.908324449172561,2.3103331741021083,1.0455905233968321,5.166666666666666,0.19642857142857142,0.3612332190641039,5.0,8.0,1.9491525423728813,1.047573223130009,0.0,0.0
586,1,68.0,281.0,4.132352941176471,0.06167690956979807,0.16417910447761194,0.07462686567164178,0.2857142857142857,0.6071428571428571,0.25,0.4107142857142857,0.20588235294117646,0.0,0.07142857142857142,0.5714285714285714,0.48727623666079084,0.4173571185903236,0.34855472013366745,0.45794656015939267,NaN,NaN,NaN,NaN,5.017857142857143,7.092867278736168,2.286862714826165,0.9469206318512329,4.326530612244898,0.25,0.4407975154528678,4.0,11.0,1.8478260869565217,0.744498649160339,0.10294117647058823,0.0
587,1,68.0,238.0,3.5,0.05223880597014925,0.16417910447761194,0.1044776119402985,0.30357142857142855,0.625,0.16071428571428573,0.42857142857142855,0.20588235294117646,0.0,0.07142857142857142,0.6428571428571429,0.46676336148365616,0.3748331994196506,0.3258735312306741,0.42287864282313703,NaN,NaN,NaN,NaN,4.25,4.24371192578984,2.3452100740212063,1.1022785431040076,5.3939393939393945,0.25,0.3509360847438246,5.0,9.0,2.1364365971107544,1.1165251628609119,0.029411764705882353,0.0
588,1,68.0,293.0,4.3088235294117645,0.06431079894644424,0.16417910447761194,0.05970149253731343,0.21428571428571427,0.6428571428571429,0.17857142857142858,0.4107142857142857,0.20588235294117646,0.0,0.07142857142857142,0.6428571428571429,0.4925385852259417,0.4110680160084558,0.34343818667818005,0.4482267657429206,NaN,NaN,NaN,NaN,5.232142857142857,6.82772708467885,2.223712229190611,0.881356134853986,4.4324324324324325,0.26785714285714285,0.37310531076174586,4.0,8.0,1.758132956152758,0.7617267690470725,0.0,0.0
589,1,68.0,272.0,4.0,0.05970149253731343,0.16417910447761194,0.08955223880597014,0.21428571428571427,0.625,0.21428571428571427,0.44642857142857145,0.20588235294117646,0.0,0.07142857142857142,0.5714285714285714,0.5234655248548151,0.39445083512368745,0.35140306122448983,0.44536939906731954,NaN,NaN,NaN,NaN,4.857142857142857,5.258511961757627,2.2514183442773463,0.9158425599488305,4.48,0.26785714285714285,0.45422705750590164,4.0,11.0,1.755426917510854,0.69121521749567,0.10294117647058823,0.0
59,1,68.0,272.0,4.0,0.05970149253731343,0.16417910447761194,0.08955223880597014,0.26785714285714285,0.6428571428571429,0.23214285714285715,0.4107142857142857,0.20588235294117646,0.0,0.07142857142857142,0.6428571428571429,0.49856317146597445,0.3934755778448772,0.34539044784580497,0.44945321052117054,NaN,NaN,NaN,NaN,4.857142857142857,5.940396593520646,2.2562895512130146,0.9474636647905215,5.2,0.25,0.3948587599207327,5.0,10.0,1.8208955223880596,0.8314694815710956,0.04411764705882353,0.0
590,1,68.0,236.0,3.4705882352941178,0.05179982440737489,0.16417910447761194,0.1044776119402985,0.25,0.6071428571428571,0.17857142857142858,0.44642857142857145,0.20588235294117646,0.0,0.07142857142857142,0.5714285714285714,0.47400263566609446,0.3934642126520921,0.33600840336134447,0.43162775456620156,NaN,NaN,NaN,NaN,4.214285714285714,4.551580287865206,2.3260334935597267,1.0619288357212766,5.555555555555555,0.2857142857142857,0.43598668246578154,5.0,9.0,2.0302547770700636,0.9931384686536554,0.029411764705882353,0.0
591,1,68.0,330.0,4.852941176470588,0.07243195785776997,0.16417910447761194,0.014925373134328358,0.21428571428571427,0.625,0.17857142857142858,0.44642857142857145,0.20588235294117646,0.0,0.07142857142857142,0.5714285714285714,0.5082133032908299,0.388771520769406,0.3359218395983102,0.4380914796085352,NaN,NaN,NaN,NaN,5.892857142857143,7.567102415128196,2.250864898312226,0.9144626243696786,4.429752066115702,0.2857142857142857,0.35594177171653063,4.0,11.0,1.7981330221703618,0.7410501931896974,0.058823529411764705,0.0
592,1,68.0,239.0,3.514705882352941,0.05245829675153644,0.16417910447761194,0.07462686567164178,0.23214285714285715,0.6428571428571429,0.19642857142857142,0.44642857142857145,0.20588235294117646,0.0,0.0,0.5714285714285714,0.5498799280997121,0.40155946394049225,0.34413796768707483,0.43599842413613127,NaN,NaN,NaN,NaN,4.267857142857143,6.482118260480686,2.220246079265132,0.8908417572039165,4.5625,0.25,0.30518587897727306,5.0,6.0,1.5851318944844124,0.7893945734917244,0.0,0.0
593,1,68.0,312.0,4.588235294117647,0.0684811237928007,0.16417910447761194,0.014925373134328358,0.26785714285714285,0.6071428571428571,0.30357142857142855,0.4107142857142857,0.20588235294117646,0.0,0.07142857142857142,0.7142857142857143,0.5492623744561118,0.4090117231688544,0.3497144431935454,0.4622992578079299,NaN,NaN,NaN,NaN,5.571428571428571,9.528630814277843,2.256271516312713,0.8895556867564915,4.5,0.26785714285714285,0.3961851768861362,4.0,9.0,1.7029449423815621,0.6335524856655348,0.04411764705882353,0.0
594,1,68.0,205.0,3.014705882352941,0.04499561018437226,0.16417910447761194,0.13432835820895522,0.2857142857142857,0.625,0.21428571428571427,0.44642857142857145,0.20588235294117646,0.0,0.0,0.5714285714285714,0.4953229743063406,0.39330691938167534,0.35289115646258506,0.4350826837744879,NaN,NaN,NaN,NaN,3.6607142857142856,4.660381512725739,2.204717357962794,0.8461666357704246,4.375,0.21428571428571427,0.3528315339290702,4.0,8.0,1.537837837837838,0.6542963498825034,0.058823529411764705,0.0
595,1,68.0,235.0,3.4558823529411766,0.051580333625987705,0.16417910447761194,0.08955223880597014,0.25,0.6607142857142857,0.25,0.42857142857142855,0.20588235294117646,0.0,0.0,0.5714285714285714,0.5173673712011978,0.40527619534600773,0.35685016760327315,0.4556537777697453,NaN,NaN,NaN,NaN,4.196428571428571,5.174832954202107,2.2575390319847046,0.9603261503429524,4.612244897959183,0.23214285714285715,0.45770849303861505,5.0,10.0,2.040214477211796,0.8905119300503176,0.07352941176470588,0.0
596,1,68.0,197.0,2.8970588235294117,0.043239683933274806,0.16417910447761194,0.19402985074626866,0.2857142857142857,0.6428571428571429,0.23214285714285715,0.39285714285714285,0.20588235294117646,0.0,0.07142857142857142,0.5714285714285714,0.44163013370046594,0.4213406417572729,0.34005810657596375,0.44990427593799165,NaN,NaN,NaN,NaN,3.517857142857143,3.731882641770512,2.255647490725346,0.9565593239221237,5.0,0.17857142857142858,0.4367299257232688,4.0,10.0,1.7991360691144709,0.7981575841048986,0.07352941176470588,0.0
597,1,68.0,273.0,4.014705882352941,0.05992098331870061,0.16417910447761194,0.04477611940298507,0.25,0.6071428571428571,0.21428571428571427,0.4107142857142857,0.20588235294117646,0.0,0.0,0.5714285714285714,0.5171699234121859,0.39850925961336503,0.34092261904761906,0.44962744619069395,NaN,NaN,NaN,NaN,4.875,5.413997011115137,2.2832038330332645,0.9736768310343141,5.409090909090909,0.25,0.3867364481245023,5.0,8.0,1.8248502994011977,0.8181848900387773,0.058823529411764705,0.0
598,1,68.0,218.0,3.2058823529411766,0.04784899034240562,0.16417910447761194,0.16417910447761194,0.30357142857142855,0.625,0.25,0.4107142857142857,0.20588235294117646,0.0,0.07142857142857142,0.5714285714285714,0.5134168992522534,0.40293261799780555,0.34635899814471244,0.45233094266309065,NaN,NaN,NaN,NaN,3.892857142857143,3.8265986388511073,2.2923359116283213,1.0061194075515092,4.875,0.21428571428571427,0.45588461658009427,4.0,10.0,1.7425531914893617,0.7969142730381243,0.08823529411764706,0.0
599,1,68.0,231.0,3.3970588235294117,0.05070237050043898,0.16417910447761194,0.11940298507462686,0.30357142857142855,0.625,0.21428571428571427,0.39285714285714285,0.20588235294117646,0.0,0.07142857142857142,0.5714285714285714,0.5148470372233692,0.39536599147339185,0.34391229610123614,0.45127657832045603,NaN,NaN,NaN,NaN,4.125,4.846976564641284,2.2376747387962554,0.883792928122057,4.333333333333334,0.17857142857142858,0.3677652036288446,5.0,7.0,1.8862478777589133,0.8604881226376226,0.0,0.0
6,1,68.0,195.0,2.8676470588235294,0.04280070237050044,0.16417910447761194,0.16417910447761194,0.30357142857142855,0.625,0.25,0.42857142857142855,0.20588235294117646,0.0,0.07142857142857142,0.5714285714285714,0.49277142920527905,0.39887362224728234,0.34597431077694235,0.4466822483600357,NaN,NaN,NaN,NaN,3.482142857142857,3.780288932817757,2.3230082472268427,1.090026488345273,6.0,0.17857142857142858,0.41571776985081466,6.0,9.0,1.8883720930232557,1.051851359810629,0.029411764705882353,0.0
60,1,68.0,206.0,3.0294117647058822,0.04521510096575944,0.16417910447761194,0.13432835820895522,0.26785714285714285,0.625,0.21428571428571427,0.42857142857142855,0.20588235294117646,0.0,0.0,0.5714285714285714,0.45782714041431577,0.410425676338087,0.3520904195011338,0.4453412571894609,NaN,NaN,NaN,NaN,3.6785714285714284,3.7129118338191502,2.4022224020686536,1.2613647080507466,6.076923076923077,0.25,0.4906594955923271,6.0,10.0,2.1785028790786947,1.2499224839393361,0.07352941176470588,0.0
600,1,68.0,248.0,3.6470588235294117,0.05443371378402107,0.16417910447761194,0.1044776119402985,0.21428571428571427,0.625,0.26785714285714285,0.4107142857142857,0.20588235294117646,0.0,0.07142857142857142,0.5714285714285714,0.475297937064004,0.4070655714704852,0.34486607142857145,0.45753925086318814,NaN,NaN,NaN,NaN,4.428571428571429,5.758336700683763,2.3052031864540337,1.027228429997785,5.3,0.30357142857142855,0.4651014700702644,5.0,9.0,1.9578125,0.9672743253600724,0.029411764705882353,0.0
601,1,68.0,303.0,4.455882352941177,0.06650570676031607,0.16417910447761194,0.08955223880597014,0.26785714285714285,0.6071428571428571,0.23214285714285715,0.44642857142857145,0.20588235294117646,0.0,0.0,0.5714285714285714,0.5623226416294188,0.39633060254812374,0.35333097470688213,0.45099242513955573,NaN,NaN,NaN,NaN,5.410714285714286,6.053629371825515,2.2521813465774936,0.8977328697052259,4.5,0.25,0.37413464749442965,5.0,11.0,1.870722433460076,0.8570502536759735,0.058823529411764705,0.0
602,1,68.0,268.0,3.9411764705882355,0.058823529411764705,0.16417910447761194,0.07462686567164178,0.2857142857142857,0.625,0.23214285714285715,0.4107142857142857,0.20588235294117646,0.0,0.0,0.5714285714285714,0.49708418406968263,0.3920571990248928,0.33336876417233563,0.44638383471075066,NaN,NaN,NaN,NaN,4.785714285714286,6.400892794870773,2.2511488236461306,0.9238693267735998,4.710526315789474,0.19642857142857142,0.3246276008298781,5.0,9.0,1.8725806451612903,0.9296184279561728,0.04411764705882353,0.0
603,1,68.0,251.0,3.6911764705882355,0.05509218612818262,0.16417910447761194,0.029850746268656716,0.23214285714285715,0.6428571428571429,0.17857142857142858,0.39285714285714285,0.20588235294117646,0.0,0.0,0.5714285714285714,0.45699479240057056,0.4028928017150787,0.31681824152425203,0.4329678228529606,NaN,NaN,NaN,NaN,4.482142857142857,6.42436009244521,2.27664548469653,0.9910152069849855,5.052631578947368,0.25,0.3813305840482432,4.0,7.0,1.8873483535528597,0.9220275466827996,0.0,0.0
604,1,68.0,241.0,3.5441176470588234,0.0528972783143108,0.16417910447761194,0.07462686567164178,0.25,0.625,0.26785714285714285,0.44642857142857145,0.20588235294117646,0.0,0.07142857142857142,0.5714285714285714,0.5732986886639427,0.41959436957561436,0.36260274943310655,0.4584209982051033,NaN,NaN,NaN,NaN,4.303571428571429,4.297651125301494,2.274308506290374,0.9601025842913432,4.888888888888889,0.2857142857142857,0.41412464933503274,4.0,9.0,1.8152866242038217,0.7625329740642803,0.058823529411764705,0.0
605,1,68.0,244.0,3.588235294117647,0.053555750658472345,0.16417910447761194,0.014925373134328358,0.25,0.6071428571428571,0.26785714285714285,0.42857142857142855,0.20588235294117646,0.0,0.07142857142857142,0.5714285714285714,0.4763620985772601,0.42544944624655595,0.3536686006140894,0.45312546621749716,NaN,NaN,NaN,NaN,4.357142857142857,7.092707064759796,2.269616250767225,0.9688365388969163,5.285714285714286,0.23214285714285715,0.3970888277882667,5.0,7.0,1.5591133004926108,0.8074977059756847,0.0,0.0
606,1,68.0,240.0,3.5294117647058822,0.05267778753292362,0.16417910447761194,0.1044776119402985,0.2857142857142857,0.625,0.16071428571428573,0.39285714285714285,0.20588235294117646,0.0,0.07142857142857142,0.5714285714285714,0.4609520182653342,0.38318490011816314,0.32474489795918365,0.4322660441385113,NaN,NaN,NaN,NaN,4.285714285714286,5.4862283308937565,2.3211786428429186,1.0781954584087872,5.636363636363637,0.25,0.39554899439962343,5.0,10.0,1.9064220183486238,0.9779062294678093,0.10294117647058823,0.0
607,1,68.0,226.0,3.323529411764706,0.04960491659350307,0.16417910447761194,0.04477611940298507,0.25,0.625,0.17857142857142858,0.42857142857142855,0.20588235294117646,0.0,0.07142857142857142,0.6428571428571429,0.4729060146299022,0.3760738992799268,0.31921393557422967,0.42233035338107483,NaN,NaN,NaN,NaN,4.035714285714286,5.123792223855955,2.283239158297951,0.9804635861235854,4.676056338028169,0.26785714285714285,0.412146891519029,4.0,11.0,2.08551724137931,0.8893926252001059,0.07352941176470588,0.0
608,1,68.0,232.0,3.411764705882353,0.050921861281826165,0.16417910447761194,0.208955223880597,0.2857142857142857,0.625,0.21428571428571427,0.42857142857142855,0.20588235294117646,0.0,0.07142857142857142,0.6428571428571429,0.5282666231715776,0.4075076745329862,0.35384778911564624,0.4488978075470295,NaN,NaN,NaN,NaN,4.142857142857143,3.4663503019147406,2.282643362446839,0.9962513542991158,4.809523809523809,0.23214285714285715,0.47474948059444816,4.0,10.0,1.7474541751527495,0.8165186398498988,0.10294117647058823,0.0
609,1,68.0,195.0,2.8676470588235294,0.04280070237050044,0.16417910447761194,0.13432835820895522,0.25,0.625,0.25,0.4107142857142857,0.20588235294117646,0.0,0.07142857142857142,0.5714285714285714,0.5420141952734515,0.41111893850207115,0.34377803657694955,0.4484619775651712,NaN,NaN,NaN,NaN,3.482142857142857,4.488332638088432,2.2535823019536214,0.9402111876036932,5.416666666666666,0.26785714285714285,0.37905417662266444,6.0,8.0,2.36734693877551,1.1884041752860557,0.0,0.0
61,1,68.0,275.0,4.044117647058823,0.06035996488147498,0.16417910447761194,0.08955223880597014,0.23214285714285715,0.6071428571428571,0.23214285714285715,0.4642857142857143,0.20588235294117646,0.0,0.0,0.5714285714285714,0.5102417969983131,0.39986092888490316,0.3552436624570083,0.4505793757441444,NaN,NaN,NaN,NaN,4.910714285714286,6.316721778420673,2.317037656858321,1.036806272003895,5.166666666666666,0.30357142857142855,0.3940758091928148,6.0,10.0,2.2525125628140703,1.201804186100535,0.07352941176470588,0.0
610,1,68.0,269.0,3.9558823529411766,0.059043020193151885,0.16417910447761194,0.07462686567164178,0.23214285714285715,0.625,0.26785714285714285,0.44642857142857145,0.20588235294117646,0.0,0.07142857142857142,0.6428571428571429,0.5447348436428443,0.394295799572488,0.3646552686731258,0.452278113416839,NaN,NaN,NaN,NaN,4.803571428571429,6.9240546262672185,2.221826036392683,0.8786681153743525,4.857142857142858,0.2857142857142857,0.3466129420091272,5.0,6.0,1.82475884244373,0.882737210050098,0.0,0.0
611,1,68.0,246.0,3.6176470588235294,0.053994732221246705,0.16417910447761194,0.1044776119402985,0.25,0.6428571428571429,0.26785714285714285,0.44642857142857145,0.20588235294117646,0.0,0.07142857142857142,0.5714285714285714,0.532938973927746,0.4169525775825262,0.3682728025420694,0.4627192925440693,NaN,NaN,NaN,NaN,4.392857142857143,5.029652333651163,2.213539211053836,0.8688985906024433,4.384615384615385,0.19642857142857142,0.3669022032868424,4.0,8.0,1.7594254937163376,0.7976618441108615,0.029411764705882353,0.0
612,1,68.0,268.0,3.9411764705882355,0.058823529411764705,0.16417910447761194,0.014925373134328358,0.26785714285714285,0.625,0.2857142857142857,0.42857142857142855,0.20588235294117646,0.0,0.07142857142857142,0.5714285714285714,0.55230748804514,0.4027051156428253,0.36527971036899615,0.4610307347343765,NaN,NaN,NaN,NaN,4.785714285714286,6.80565082243301,2.253583043071086,0.9221543984319033,4.8,0.23214285714285715,0.4436607336695866,4.0,10.0,1.8610747051114023,0.7364470273350381,0.08823529411764706,0.0
613,1,68.0,306.0,4.5,0.06716417910447761,0.16417910447761194,0.1044776119402985,0.26785714285714285,0.6071428571428571,0.14285714285714285,0.39285714285714285,0.20588235294117646,0.0,0.07142857142857142,0.6428571428571429,0.4420848648212017,0.3885706325338669,0.324451042378674,0.4320252149878262,NaN,NaN,NaN,NaN,5.464285714285714,6.930733361994595,2.2898625668838664,0.9806030122228004,4.888888888888889,0.26785714285714285,0.31642355280216716,4.0,8.0,1.5340909090909092,0.7015655624381605,0.058823529411764705,0.0
614,1,68.0,258.0,3.7941176470588234,0.05662862159789289,0.16417910447761194,0.1044776119402985,0.25,0.6607142857142857,0.17857142857142858,0.39285714285714285,0.20588235294117646,0.0,0.07142857142857142,0.5714285714285714,0.46126375510418743,0.4005654770107989,0.3170613354037267,0.4303133397392793,NaN,NaN,NaN,NaN,4.607142857142857,6.879953941253256,2.2739462603743426,1.0144559949698508,5.75,0.23214285714285715,0.4242860635930064,5.0,8.0,1.7422867513611615,0.8327443334522798,0.029411764705882353,0.0
615,1,68.0,315.0,4.632352941176471,0.06913959613696224,0.16417910447761194,0.029850746268656716,0.25,0.6428571428571429,0.17857142857142858,0.4107142857142857,0.20588235294117646,0.0,0.07142857142857142,0.6428571428571429,0.4962596047131416,0.3932544616940933,0.34127692743764165,0.442990176989748,NaN,NaN,NaN,NaN,5.625,6.853167814296473,2.2537744324303683,0.9335426079460599,4.4033613445378155,0.23214285714285715,0.4143804436806753,5.0,12.0,1.997587454764777,0.9743046417393741,0.08823529411764706,0.0
616,1,68.0,257.0,3.7794117647058822,0.056409130816505705,0.16417910447761194,0.1044776119402985,0.26785714285714285,0.6428571428571429,0.17857142857142858,0.4107142857142857,0.20588235294117646,0.0,0.07142857142857142,0.6428571428571429,0.5554720381742441,0.40199594441132475,0.3392491932670504,0.4409943260365617,NaN,NaN,NaN,NaN,4.589285714285714,6.717079413268524,2.3119001689969516,1.081554395083833,5.222222222222222,0.19642857142857142,0.38480630176968783,5.0,8.0,1.7216494845360826,0.9152323017361562,0.07352941176470588,0.0
617,1,68.0,214.0,3.1470588235294117,0.04697102721685689,0.16417910447761194,0.1044776119402985,0.23214285714285715,0.6428571428571429,0.21428571428571427,0.4107142857142857,0.20588235294117646,0.0,0.07142857142857142,0.5714285714285714,0.5073552965167549,0.39981358604632994,0.3501984126984127,0.44980568729747766,NaN,NaN,NaN,NaN,3.8214285714285716,4.068089311869966,2.2824706337033946,1.0180088820927424,4.916666666666666,0.26785714285714285,0.48872470990116407,5.0,11.0,1.9653284671532847,0.9390387952610498,0.10294117647058823,0.0
618,1,68.0,244.0,3.588235294117647,0.053555750658472345,0.16417910447761194,0.04477611940298507,0.26785714285714285,0.625,0.26785714285714285,0.42857142857142855,0.20588235294117646,0.0,0.0,0.6428571428571429,0.5471575709024239,0.41027763760719915,0.35660523267277927,0.46068880744503127,NaN,NaN,NaN,NaN,4.357142857142857,5.912786057438486,2.307565606094633,1.055160923473236,5.75,0.25,0.45314329033890366,6.0,12.0,2.304812834224599,1.2291106882886162,0.07352941176470588,0.0
619,1,68.0,315.0,4.632352941176471,0.06913959613696224,0.16417910447761194,0.05970149253731343,0.21428571428571427,0.625,0.21428571428571427,0.39285714285714285,0.20588235294117646,0.0,0.0,0.6428571428571429,0.5337377983749889,0.4084029447562659,0.33634187370600416,0.4522821818240468,NaN,NaN,NaN,NaN,5.625,6.940166359022606,2.265095505689613,0.9486926516350372,4.828571428571429,0.32142857142857145,0.3619314423056901,4.0,10.0,1.8229166666666667,0.802470652545273,0.058823529411764705,0.0
62,1,68.0,182.0,2.676470588235294,0.03994732221246708,0.16417910447761194,0.13432835820895522,0.30357142857142855,0.6071428571428571,0.25,0.4107142857142857,0.20588235294117646,0.0,0.07142857142857142,0.5714285714285714,0.490861277170801,0.41569434811213324,0.35226370851370853,0.45782835744569833,NaN,NaN,NaN,NaN,3.25,3.5019475101200994,2.308328333571956,1.0430152844519596,5.545454545454545,0.23214285714285715,0.4013495096665236,5.0,9.0,1.95,1.0044320917211234,0.029411764705882353,0.0
620,1,68.0,243.0,3.573529411764706,0.053336259877085165,0.16417910447761194,0.08955223880597014,0.26785714285714285,0.625,0.23214285714285715,0.4107142857142857,0.20588235294117646,0.0,0.07142857142857142,0.6428571428571429,0.4664680920930922,0.4100084518112378,0.34712881364667075,0.4529118757215005,NaN,NaN,NaN,NaN,4.339285714285714,5.082149816096212,2.2577722929563215,0.92682599958459,4.75,0.25,0.3242520741273944,4.0,7.0,1.6332622601279319,0.7466751212061472,0.029411764705882353,0.0
621,1,68.0,261.0,3.838235294117647,0.05728709394205443,0.16417910447761194,0.08955223880597014,0.23214285714285715,0.6428571428571429,0.25,0.42857142857142855,0.20588235294117646,0.0,0.07142857142857142,0.6428571428571429,0.5275054106692166,0.3985707708456921,0.34783505356165456,0.45307771106931854,NaN,NaN,NaN,NaN,4.660714285714286,5.8504911548729615,2.30960873258612,1.0685700400113134,5.857142857142858,0.19642857142857142,0.36555877747691284,6.0,8.0,1.9809825673534074,1.04027758109428,0.029411764705882353,0.0
622,1,68.0,307.0,4.514705882352941,0.06738366988586479,0.16417910447761194,0.08955223880597014,0.23214285714285715,0.6428571428571429,0.16071428571428573,0.42857142857142855,0.20588235294117646,0.0,0.07142857142857142,0.6428571428571429,0.48164247167238733,0.3714096173708257,0.3200434542096408,0.4218352466660792,NaN,NaN,NaN,NaN,5.482142857142857,7.722437371778352,2.258337403763843,0.9377607002966956,4.525423728813559,0.26785714285714285,0.37039477866128123,6.0,8.0,1.908004778972521,0.8951733733742236,0.058823529411764705,0.0
623,1,68.0,285.0,4.1911764705882355,0.06255487269534679,0.16417910447761194,0.05970149253731343,0.26785714285714285,0.6071428571428571,0.2857142857142857,0.44642857142857145,0.20588235294117646,0.0,0.0,0.5714285714285714,0.5737112327791499,0.3920279390332248,0.3674865054717539,0.45961146923265905,NaN,NaN,NaN,NaN,5.089285714285714,5.313026138957604,2.2638250191377263,0.9198318380471706,4.316666666666666,0.23214285714285715,0.4224254880992029,5.0,11.0,1.7523809523809524,0.6934231060444747,0.07352941176470588,0.0
624,1,68.0,263.0,3.8676470588235294,0.0577260755048288,0.16417910447761194,0.1044776119402985,0.23214285714285715,0.6071428571428571,0.25,0.42857142857142855,0.20588235294117646,0.0,0.0,0.5714285714285714,0.5136769282618552,0.4070007589735005,0.3561841403227958,0.45701841849501507,NaN,NaN,NaN,NaN,4.696428571428571,5.436976575792311,2.2906404480595794,0.9698935157189728,4.601941747572816,0.30357142857142855,0.40234279362548864,4.0,11.0,1.8858858858858858,0.8525303578281171,0.07352941176470588,0.0
625,1,68.0,256.0,3.764705882352941,0.056189640035118525,0.16417910447761194,0.14925373134328357,0.19642857142857142,0.625,0.14285714285714285,0.42857142857142855,0.20588235294117646,0.0,0.07142857142857142,0.5714285714285714,0.44565502295836346,0.3862209272959036,0.33776927437641724,0.430925301283559,NaN,NaN,NaN,NaN,4.571428571428571,5.186896577327921,2.237525730426648,0.9091075129114509,4.514285714285714,0.30357142857142855,0.36711797409420394,4.0,8.0,1.5625,0.7082922083074141,0.029411764705882353,0.0
626,1,68.0,175.0,2.573529411764706,0.038410886742756806,0.16417910447761194,0.208955223880597,0.30357142857142855,0.625,0.23214285714285715,0.39285714285714285,0.20588235294117646,0.0,0.0,0.5714285714285714,0.5019146402543884,0.38886215199789353,0.33365221088435376,0.44622061482984554,NaN,NaN,NaN,NaN,3.125,3.0275252419937133,2.3618700125124277,1.1487510575774165,5.461538461538462,0.19642857142857142,0.5263456081570892,6.0,10.0,2.0720338983050848,1.0502763234198715,0.07352941176470588,0.0
627,1,68.0,272.0,4.0,0.05970149253731343,0.16417910447761194,0.11940298507462686,0.25,0.625,0.25,0.4107142857142857,0.20588235294117646,0.0,0.0,0.6428571428571429,0.5293738936487876,0.3986917683636667,0.3398859543817527,0.44589984125537563,NaN,NaN,NaN,NaN,4.857142857142857,6.876649743029791,2.2752536635497194,0.9743521477193325,4.833333333333334,0.26785714285714285,0.41855565701848446,4.0,11.0,1.7634069400630914,0.7793859139467127,0.08823529411764706,0.0
628,1,68.0,250.0,3.676470588235294,0.05487269534679543,0.16417910447761194,0.08955223880597014,0.26785714285714285,0.6071428571428571,0.19642857142857142,0.42857142857142855,0.20588235294117646,0.0,0.07142857142857142,0.7142857142857143,0.5002676670291419,0.40259864262791134,0.3315220472246869,0.4347903246951289,NaN,NaN,NaN,NaN,4.464285714285714,5.284503195757765,2.2699003165364635,0.9332861619517556,4.627450980392156,0.25,0.40875370404839595,5.0,11.0,1.8818770226537216,0.8860315460373253,0.058823529411764705,0.0
629,1,68.0,241.0,3.5441176470588234,0.0528972783143108,0.16417910447761194,0.1791044776119403,0.25,0.625,0.19642857142857142,0.39285714285714285,0.20588235294117646,0.0,0.07142857142857142,0.5714285714285714,0.47717379553317046,0.3995762397968012,0.3326601473922902,0.4411280287949967,NaN,NaN,NaN,NaN,4.303571428571429,4.946696392018131,2.254888304658282,0.954507945034586,5.5,0.25,0.2800544396343053,5.0,7.0,1.7360178970917226,0.9644465778220677,0.0,0.0
63,1,68.0,280.0,4.117647058823529,0.061457418788410885,0.16417910447761194,0.08955223880597014,0.25,0.6428571428571429,0.25,0.39285714285714285,0.20588235294117646,0.0,0.07142857142857142,0.5714285714285714,0.528231017704737,0.3981580203547813,0.34771825396825395,0.46083072873508346,NaN,NaN,NaN,NaN,5.0,6.114067237266711,2.2480547442986176,0.9139629880103437,4.565217391304348,0.25,0.3088591429874269,4.0,8.0,1.7619808306709266,0.7710098767408554,0.029411764705882353,0.0
630,1,68.0,285.0,4.1911764705882355,0.06255487269534679,0.16417910447761194,0.05970149253731343,0.25,0.6071428571428571,0.23214285714285715,0.42857142857142855,0.20588235294117646,0.0,0.07142857142857142,0.5714285714285714,0.5073371756789941,0.39924699563338245,0.3500854588246782,0.45456349650884686,NaN,NaN,NaN,NaN,5.089285714285714,6.226853242104015,2.2747723910105186,0.9360886298705302,4.636363636363637,0.2857142857142857,0.3613427528541312,5.0,10.0,2.0881226053639845,1.0625691132809079,0.04411764705882353,0.0
631,1,68.0,209.0,3.073529411764706,0.045873573309920986,0.16417910447761194,0.08955223880597014,0.2857142857142857,0.6428571428571429,0.25,0.375,0.20588235294117646,0.0,0.07142857142857142,0.5714285714285714,0.5191332310643185,0.4179578091336419,0.3310303287981859,0.4533949448259656,NaN,NaN,NaN,NaN,3.732142857142857,4.530667506223343,2.2256068047684514,0.8899883212529255,4.611111111111111,0.21428571428571427,0.35199945061930826,4.0,7.0,1.7900763358778626,0.7610353179425747,0.029411764705882353,0.0
632,1,68.0,259.0,3.8088235294117645,0.05684811237928007,0.16417910447761194,0.1044776119402985,0.26785714285714285,0.625,0.26785714285714285,0.39285714285714285,0.20588235294117646,0.0,0.07142857142857142,0.6428571428571429,0.46645688397750373,0.4272819463999663,0.3425595238095238,0.4601072519110987,NaN,NaN,NaN,NaN,4.625,6.118711985674466,2.285222291758521,1.0007668534070506,5.076923076923077,0.19642857142857142,0.36668184850171226,5.0,10.0,1.7875457875457876,0.8875854385599684,0.07352941176470588,0.0
633,1,68.0,257.0,3.7794117647058822,0.056409130816505705,0.16417910447761194,0.07462686567164178,0.26785714285714285,0.6428571428571429,0.2857142857142857,0.4107142857142857,0.20588235294117646,0.0,0.07142857142857142,0.5714285714285714,0.5321103588323077,0.4115341483622935,0.35088201947445646,0.4617596270619691,NaN,NaN,NaN,NaN,4.589285714285714,6.435065262688867,2.300621709188757,1.0209575633448502,5.136363636363637,0.25,0.4859901513249967,5.0,13.0,2.084043848964677,0.9312992330553902,0.058823529411764705,0.0
634,1,68.0,331.0,4.867647058823529,0.07265144863915715,0.16417910447761194,0.05970149253731343,0.21428571428571427,0.625,0.25,0.44642857142857145,0.20588235294117646,0.0,0.07142857142857142,0.5714285714285714,0.504979757033591,0.4102822854559053,0.3557815171523155,0.45652033300445105,NaN,NaN,NaN,NaN,5.910714285714286,8.218110346201106,2.274034230223531,0.9558250808645131,5.066666666666666,0.26785714285714285,0.33492161678592247,5.0,9.0,1.8962386511024643,0.9788006788645527,0.058823529411764705,0.0
635,1,68.0,302.0,4.4411764705882355,0.06628621597892889,0.16417910447761194,0.014925373134328358,0.25,0.6071428571428571,0.16071428571428573,0.39285714285714285,0.20588235294117646,0.0,0.0,0.6428571428571429,0.48898863272717835,0.4044296659014177,0.3229527417027417,0.4344937961238183,NaN,NaN,NaN,NaN,5.392857142857143,7.22792204875351,2.2319071587534105,0.8637508831070592,4.25,0.23214285714285715,0.3789628964730394,4.0,9.0,1.6754772393538913,0.6809168450323713,0.04411764705882353,0.0
636,1,68.0,282.0,4.147058823529412,0.06189640035118525,0.16417910447761194,0.029850746268656716,0.23214285714285715,0.6071428571428571,0.21428571428571427,0.4107142857142857,0.20588235294117646,0.0,0.07142857142857142,0.5714285714285714,0.5198662105618137,0.39604629960069915,0.33724380777952206,0.4493720046819673,NaN,NaN,NaN,NaN,5.035714285714286,7.422237559497163,2.3376999019174174,1.1330702787468347,6.7272727272727275,0.26785714285714285,0.4072397759273585,6.0,10.0,2.080745341614907,1.285038466505253,0.058823529411764705,0.0
637,1,68.0,258.0,3.7941176470588234,0.05662862159789289,0.16417910447761194,0.1044776119402985,0.23214285714285715,0.6428571428571429,0.23214285714285715,0.4107142857142857,0.20588235294117646,0.0,0.07142857142857142,0.5714285714285714,0.5064934473166259,0.40666811845069,0.35072878510378513,0.4531848185337595,NaN,NaN,NaN,NaN,4.607142857142857,5.512559449866431,2.2823700932934545,1.0275673792705808,5.148148148148149,0.25,0.42830537233889066,4.0,9.0,1.704225352112676,0.8418503127718368,0.07352941176470588,0.0
638,1,68.0,253.0,3.7205882352941178,0.05553116769095698,0.16417910447761194,0.1044776119402985,0.26785714285714285,0.6428571428571429,0.26785714285714285,0.42857142857142855,0.20588235294117646,0.0,0.0,0.6428571428571429,0.5177357653435399,0.40120255004244293,0.34811799719887954,0.45759725537662194,NaN,NaN,NaN,NaN,4.517857142857143,5.0452176146545735,2.248582176294694,0.913418982282259,4.306306306306306,0.23214285714285715,0.3965765103879671,4.0,10.0,1.755458515283843,0.648969839160098,0.04411764705882353,0.0
639,1,68.0,309.0,4.544117647058823,0.06782265144863915,0.16417910447761194,0.04477611940298507,0.26785714285714285,0.6071428571428571,0.23214285714285715,0.42857142857142855,0.20588235294117646,0.0,0.0,0.5714285714285714,0.5173037344899732,0.38057455499427584,0.34270253555967845,0.4464962363217856,NaN,NaN,NaN,NaN,5.517857142857143,7.122285311046453,2.2819252985671024,0.9503416065512457,4.416666666666666,0.26785714285714285,0.40049919967254577,5.0,13.0,2.0713463751438437,1.0359753105995109,0.10294117647058823,0.0
64,1,68.0,232.0,3.411764705882353,0.050921861281826165,0.16417910447761194,0.13432835820895522,0.2857142857142857,0.6428571428571429,0.21428571428571427,0.4107142857142857,0.20588235294117646,0.0,0.0,0.5714285714285714,0.5306685548346207,0.40765405704375646,0.3450581109636837,0.4460164971545603,NaN,NaN,NaN,NaN,4.142857142857143,4.550438825706101,2.2682887083032206,0.9663263817188921,5.0,0.21428571428571427,0.33357444792458,4.0,8.0,1.6825726141078838,0.7823861496932458,0.0,0.0
640,1,68.0,257.0,3.7794117647058822,0.056409130816505705,0.16417910447761194,0.13432835820895522,0.26785714285714285,0.625,0.25,0.44642857142857145,0.20588235294117646,0.0,0.07142857142857142,0.5714285714285714,0.5409444753777696,0.39938794323522886,0.36027966742252454,0.4508741326562844,NaN,NaN,NaN,NaN,4.589285714285714,5.1514403483237245,2.2648976682923654,0.9448298267175772,4.566666666666666,0.25,0.4149219187809604,5.0,12.0,1.9590723055934516,0.8499213794946775,0.10294117647058823,0.0
641,1,68.0,224.0,3.2941176470588234,0.04916593503072871,0.16417910447761194,0.029850746268656716,0.2857142857142857,0.6428571428571429,0.25,0.4107142857142857,0.20588235294117646,0.0,0.0,0.5714285714285714,0.5128536350738824,0.40094859577330394,0.3589150432900433,0.45738525194947116,NaN,NaN,NaN,NaN,4.0,4.7367038788976075,2.3916566430602417,1.2473755876931627,5.916666666666666,0.23214285714285715,0.5621619751011325,8.0,13.0,2.6662484316185697,1.5208856199127736,0.10294117647058823,0.0
642,1,68.0,213.0,3.1323529411764706,0.04675153643546971,0.16417910447761194,0.16417910447761194,0.23214285714285715,0.625,0.25,0.44642857142857145,0.20588235294117646,0.0,0.07142857142857142,0.5714285714285714,0.483384680410396,0.42063710677652444,0.35510059793148024,0.4508833411017922,NaN,NaN,NaN,NaN,3.8035714285714284,4.420693663615753,2.2984247200800687,1.0176801325478992,5.043478260869565,0.23214285714285715,0.43618277805120026,5.0,8.0,1.9865125240847785,1.0516631318961231,0.029411764705882353,0.0
643,1,68.0,279.0,4.102941176470588,0.061237928007023705,0.16417910447761194,0.11940298507462686,0.26785714285714285,0.6428571428571429,0.19642857142857142,0.4107142857142857,0.20588235294117646,0.0,0.0,0.7142857142857143,0.5111001494937427,0.40165186410502696,0.34181067588325653,0.44672719721898385,NaN,NaN,NaN,NaN,4.982142857142857,6.598873378852627,2.305453654048822,1.0546747029577022,5.333333333333334,0.25,0.37336864901260075,5.0,8.0,2.027576197387518,1.0946992075515571,0.0,0.0
644,1,68.0,264.0,3.8823529411764706,0.05794556628621598,0.16417910447761194,0.05970149253731343,0.23214285714285715,0.6071428571428571,0.25,0.4642857142857143,0.20588235294117646,0.0,0.07142857142857142,0.5714285714285714,0.5067284699140672,0.407431277412022,0.3624772126719026,0.4553041830312357,NaN,NaN,NaN,NaN,4.714285714285714,5.925949975901174,2.3229782775515257,1.0564688287235537,5.333333333333334,0.30357142857142855,0.3674200479232359,5.0,9.0,2.1115537848605577,1.0083622980018314,0.0,0.0
645,1,68.0,230.0,3.3823529411764706,0.0504828797190518,0.16417910447761194,0.014925373134328358,0.25,0.6071428571428571,0.26785714285714285,0.4107142857142857,0.20588235294117646,0.0,0.07142857142857142,0.5714285714285714,0.5066578981252534,0.405484252746995,0.34138212977498694,0.45508563526878576,NaN,NaN,NaN,NaN,4.107142857142857,7.154600735772175,2.4790694669457847,1.4118338266974249,6.9,0.30357142857142855,0.597372971121675,8.0,11.0,2.386861313868613,1.6043732517731706,0.11764705882352941,0.0
646,1,68.0,322.0,4.735294117647059,0.07067603160667252,0.16417910447761194,0.05970149253731343,0.26785714285714285,0.6428571428571429,0.16071428571428573,0.42857142857142855,0.20588235294117646,0.0,0.0,0.7142857142857143,0.5211017126409536,0.3993316701446922,0.339461360785449,0.4346746785853587,NaN,NaN,NaN,NaN,5.75,8.579574051728379,2.180377107557991,0.7941657133925176,4.087719298245614,0.19642857142857142,0.3702865625122661,4.0,10.0,1.6979310344827587,0.7233734817728773,0.0,0.0
647,1,68.0,199.0,2.926470588235294,0.043678665496049165,0.16417910447761194,0.11940298507462686,0.2857142857142857,0.625,0.25,0.4107142857142857,0.20588235294117646,0.0,0.07142857142857142,0.5714285714285714,0.5251112501503127,0.4067589281606508,0.34668560606060606,0.44997429858640564,NaN,NaN,NaN,NaN,3.5535714285714284,3.602623502934507,2.2817816582944443,0.9833073400031309,4.818181818181818,0.23214285714285715,0.3549428276583268,5.0,7.0,1.9065606361829026,0.9131709451689703,0.029411764705882353,0.0
648,1,68.0,252.0,3.7058823529411766,0.0553116769095698,0.16417910447761194,0.1044776119402985,0.26785714285714285,0.6428571428571429,0.16071428571428573,0.39285714285714285,0.20588235294117646,0.0,0.0,0.6428571428571429,0.49122236448388074,0.4120990836717224,0.3255102040816326,0.4368435068147346,NaN,NaN,NaN,NaN,4.5,6.733903366210013,2.212400744861929,0.8533895817636358,4.180851063829787,0.23214285714285715,0.34924488602095305,4.0,10.0,1.7435158501440922,0.6337613287558123,0.04411764705882353,0.0
649,1,68.0,225.0,3.3088235294117645,0.04938542581211589,0.16417910447761194,0.13432835820895522,0.26785714285714285,0.625,0.19642857142857142,0.42857142857142855,0.20588235294117646,0.0,0.0,0.5714285714285714,0.5344967734751637,0.3844199166675864,0.33619614512471657,0.4383404125156132,NaN,NaN,NaN,NaN,4.017857142857143,4.087635775575686,2.337522419827407,1.0981220991820455,5.8,0.26785714285714285,0.2904889630109882,5.0,10.0,2.13893653516295,1.131967648448346,0.0,0.0
65,1,68.0,243.0,3.573529411764706,0.053336259877085165,0.16417910447761194,0.08955223880597014,0.30357142857142855,0.625,0.23214285714285715,0.42857142857142855,0.20588235294117646,0.0,0.0,0.6428571428571429,0.4779841835047511,0.40399688241354625,0.3498724489795918,0.4529213381338676,NaN,NaN,NaN,NaN,4.339285714285714,5.078570971925382,2.366321295543307,1.1500536573031845,5.833333333333334,0.19642857142857142,0.4376016681054743,6.0,11.0,2.3516949152542375,1.285006544379119,0.08823529411764706,0.0
650,1,68.0,269.0,3.9558823529411766,0.059043020193151885,0.16417910447761194,0.04477611940298507,0.30357142857142855,0.625,0.21428571428571427,0.42857142857142855,0.20588235294117646,0.0,0.0,0.7142857142857143,0.532318878155378,0.39467689955839874,0.34110460580275415,0.44506214645467307,NaN,NaN,NaN,NaN,4.803571428571429,7.369271933588068,2.2636537556823373,0.9236897449136656,5.0,0.21428571428571427,0.426607899980198,5.0,12.0,1.9006535947712417,0.8549591040727791,0.058823529411764705,0.0
651,1,68.0,298.0,4.382352941176471,0.06540825285338016,0.16417910447761194,0.04477611940298507,0.2857142857142857,0.625,0.16071428571428573,0.42857142857142855,0.20588235294117646,0.0,0.07142857142857142,0.6428571428571429,0.5350367542418811,0.38949244454158155,0.34345694966583123,0.4354269335870614,NaN,NaN,NaN,NaN,5.321428571428571,6.7986820724371215,2.23512626049324,0.8937031927979506,4.666666666666666,0.23214285714285715,0.3314984809549607,4.0,8.0,1.7550077041602465,0.8333761331244984,0.058823529411764705,0.0
652,1,68.0,259.0,3.8088235294117645,0.05684811237928007,0.16417910447761194,0.07462686567164178,0.2857142857142857,0.6071428571428571,0.26785714285714285,0.4107142857142857,0.20588235294117646,0.0,0.07142857142857142,0.6428571428571429,0.5204414902339441,0.41203748035901555,0.34675573082831146,0.45917009790203805,NaN,NaN,NaN,NaN,4.625,6.320421447397893,2.2731953267750487,0.9372059090462341,4.888888888888889,0.25,0.4139080345628404,4.0,10.0,1.8113207547169812,0.798974234667834,0.07352941176470588,0.0
653,1,68.0,203.0,2.985294117647059,0.04455662862159789,0.16417910447761194,0.08955223880597014,0.25,0.6607142857142857,0.16071428571428573,0.4107142857142857,0.20588235294117646,0.0,0.0,0.5714285714285714,0.5024651203073821,0.4053931390611275,0.32021683673469387,0.43171797599274286,NaN,NaN,NaN,NaN,3.625,4.127788313811206,2.2103592246550683,0.867917364430214,4.439024390243903,0.14285714285714285,0.38165444319153075,4.0,7.0,1.724373576309795,0.7639855881124811,0.0,0.0
654,1,68.0,234.0,3.4411764705882355,0.051360842844600525,0.16417910447761194,0.1044776119402985,0.26785714285714285,0.6428571428571429,0.25,0.4107142857142857,0.20588235294117646,0.0,0.07142857142857142,0.6428571428571429,0.5148740310195252,0.40414072255827393,0.346042230312747,0.4519774786988471,NaN,NaN,NaN,NaN,4.178571428571429,6.928484401649188,2.2894246515060654,1.0376155235848132,5.777777777777778,0.23214285714285715,0.38470757285447943,5.0,8.0,1.9121265377855887,0.9434786611047433,0.058823529411764705,0.0
655,1,68.0,253.0,3.7205882352941178,0.05553116769095698,0.16417910447761194,0.07462686567164178,0.21428571428571427,0.6607142857142857,0.26785714285714285,0.42857142857142855,0.20588235294117646,0.0,0.14285714285714285,0.6428571428571429,0.5384979018349639,0.40398411518182287,0.36388888888888893,0.4627077747871596,NaN,NaN,NaN,NaN,4.517857142857143,5.874416246212576,2.2214146637141177,0.8988932233526037,4.48051948051948,0.26785714285714285,0.4174958286625769,5.0,11.0,1.8234349919743178,0.8281403731737426,0.058823529411764705,0.0
656,1,68.0,206.0,3.0294117647058822,0.04521510096575944,0.16417910447761194,0.19402985074626866,0.30357142857142855,0.6428571428571429,0.23214285714285715,0.39285714285714285,0.20588235294117646,0.0,0.07142857142857142,0.5714285714285714,0.5338252744577769,0.41243234644557225,0.35428004535147395,0.4582323321825758,NaN,NaN,NaN,NaN,3.6785714285714284,3.29797261611181,2.3376411104767763,1.1288044216512991,5.75,0.19642857142857142,0.4434604181288484,6.0,9.0,2.250453720508167,1.2773818298449178,0.04411764705882353,0.0
657,1,68.0,207.0,3.0441176470588234,0.04543459174714662,0.16417910447761194,0.04477611940298507,0.2857142857142857,0.6071428571428571,0.26785714285714285,0.39285714285714285,0.20588235294117646,0.0,0.0,0.5714285714285714,0.5120664297838211,0.4214150313496526,0.35158523908523914,0.46485459742233626,NaN,NaN,NaN,NaN,3.6964285714285716,5.383205002960236,2.2679227745378974,0.9349525890666113,4.875,0.21428571428571427,0.40218572156590826,5.0,9.0,2.084507042253521,0.9296885072762887,0.07352941176470588,0.0
658,1,68.0,295.0,4.338235294117647,0.06474978050921862,0.16417910447761194,0.014925373134328358,0.25,0.625,0.23214285714285715,0.4107142857142857,0.20588235294117646,0.0,0.07142857142857142,0.5714285714285714,0.5160859329942179,0.42215663676403187,0.34921214698000413,0.4584056946921381,NaN,NaN,NaN,NaN,5.267857142857143,7.923477362023162,2.258032993019588,0.9374024364413364,4.678571428571429,0.25,0.37307333584394514,4.0,10.0,1.790633608815427,0.7521704764030149,0.058823529411764705,0.0
659,1,68.0,326.0,4.794117647058823,0.07155399473222125,0.16417910447761194,0.07462686567164178,0.23214285714285715,0.625,0.125,0.44642857142857145,0.20588235294117646,0.0,0.07142857142857142,0.7142857142857143,0.5008714811682249,0.37003238708866765,0.32638347763347764,0.41854361649586863,NaN,NaN,NaN,NaN,5.821428571428571,7.229000038625091,2.2299210968720162,0.8734093123299761,4.474576271186441,0.2857142857142857,0.37766304884232493,4.0,10.0,1.7337662337662338,0.7143541081538288,0.029411764705882353,0.0
66,1,68.0,312.0,4.588235294117647,0.0684811237928007,0.16417910447761194,0.04477611940298507,0.26785714285714285,0.6071428571428571,0.26785714285714285,0.44642857142857145,0.20588235294117646,0.0,0.07142857142857142,0.7142857142857143,0.5260088992391007,0.40587777886428106,0.3602525946275946,0.46017559271931513,NaN,NaN,NaN,NaN,5.571428571428571,6.720003092145238,2.226932003229367,0.8393633637251617,3.96,0.25,0.40232042859963724,4.0,10.0,1.7225725094577553,0.6618824089928854,0.07352941176470588,0.0
660,1,68.0,302.0,4.4411764705882355,0.06628621597892889,0.16417910447761194,0.08955223880597014,0.25,0.625,0.25,0.4107142857142857,0.20588235294117646,0.0,0.0,0.6428571428571429,0.5236238589209298,0.40869625688799593,0.3554206990662158,0.4574020903454003,NaN,NaN,NaN,NaN,5.392857142857143,8.141205118360597,2.2259234122269658,0.8582257128076618,4.183333333333334,0.23214285714285715,0.39527681169436224,4.0,13.0,1.7701863354037266,0.6788236753026188,0.10294117647058823,0.0
661,1,68.0,290.0,4.264705882352941,0.0636523266022827,0.16417910447761194,0.029850746268656716,0.26785714285714285,0.6428571428571429,0.17857142857142858,0.42857142857142855,0.20588235294117646,0.0,0.07142857142857142,0.5714285714285714,0.5424932300277391,0.39734462595813563,0.3553230004122861,0.4460278118248505,NaN,NaN,NaN,NaN,5.178571428571429,5.8592805728321995,2.263464650093957,0.9576578488222839,4.928571428571429,0.25,0.3597353761237142,4.0,9.0,1.9698870765370138,0.8734478622887536,0.08823529411764706,0.0
662,1,68.0,265.0,3.8970588235294117,0.05816505706760316,0.16417910447761194,0.07462686567164178,0.26785714285714285,0.625,0.23214285714285715,0.39285714285714285,0.20588235294117646,0.0,0.0,0.6428571428571429,0.5239364279992299,0.3961410502832929,0.3413690476190476,0.45066439249278906,NaN,NaN,NaN,NaN,4.732142857142857,5.567735206048805,2.3300593701348475,1.0988841100123021,5.875,0.25,0.4584115672778001,5.0,11.0,1.8787346221441126,1.045305306947351,0.10294117647058823,0.0
663,1,68.0,266.0,3.911764705882353,0.058384547848990345,0.16417910447761194,0.08955223880597014,0.26785714285714285,0.625,0.19642857142857142,0.4107142857142857,0.20588235294117646,0.0,0.07142857142857142,0.6428571428571429,0.4752809697213392,0.3885470777021225,0.32107179993209406,0.43129203084300816,NaN,NaN,NaN,NaN,4.75,5.507845643839671,2.3095956181347628,1.0383377049175586,5.5,0.25,0.4076948434876742,5.0,12.0,1.997150997150997,0.9732472097226663,0.10294117647058823,0.0
664,1,68.0,254.0,3.735294117647059,0.05575065847234416,0.16417910447761194,0.05970149253731343,0.26785714285714285,0.6428571428571429,0.26785714285714285,0.39285714285714285,0.20588235294117646,0.0,0.07142857142857142,0.5714285714285714,0.5726532516305245,0.4263223723051896,0.35386904761904764,0.46664768547403807,NaN,NaN,NaN,NaN,4.535714285714286,7.258760940381657,2.284246245421852,1.0125428375778838,5.388888888888889,0.25,0.42947740215831276,4.0,8.0,1.6692307692307693,0.7642136668047744,0.029411764705882353,0.0
665,1,68.0,242.0,3.5588235294117645,0.05311676909569798,0.16417910447761194,0.11940298507462686,0.21428571428571427,0.625,0.23214285714285715,0.42857142857142855,0.20588235294117646,0.0,0.07142857142857142,0.5714285714285714,0.48962989167664084,0.4016912248070976,0.3463229592011729,0.4489002916582374,NaN,NaN,NaN,NaN,4.321428571428571,5.936350709001258,2.3135503899304437,1.0564007435446612,5.181818181818182,0.30357142857142855,0.3757944951134281,5.0,8.0,1.9730586370839938,0.9582904726071156,0.0,0.0
666,1,68.0,287.0,4.220588235294118,0.06299385425812117,0.16417910447761194,0.014925373134328358,0.21428571428571427,0.625,0.19642857142857142,0.44642857142857145,0.20588235294117646,0.0,0.07142857142857142,0.6428571428571429,0.5281169476917013,0.4008478333057957,0.34592145271186625,0.44385457127248396,NaN,NaN,NaN,NaN,5.125,6.779816302150752,2.2865787510739097,0.9787751616332118,4.583333333333334,0.30357142857142855,0.4019985893438835,4.0,12.0,1.8618581907090463,0.757976737006802,0.08823529411764706,0.0
667,1,68.0,251.0,3.6911764705882355,0.05509218612818262,0.16417910447761194,0.11940298507462686,0.23214285714285715,0.6071428571428571,0.23214285714285715,0.42857142857142855,0.20588235294117646,0.0,0.07142857142857142,0.5714285714285714,0.47229329134511433,0.4036205718318007,0.3454670055821371,0.4447580405175943,NaN,NaN,NaN,NaN,4.482142857142857,4.564651022919382,2.262466858827105,0.9204566751768714,4.3584905660377355,0.2857142857142857,0.39462864428810096,4.0,11.0,1.7150170648464165,0.6911007568499327,0.07352941176470588,0.0
668,1,68.0,229.0,3.3676470588235294,0.05026338893766462,0.16417910447761194,0.14925373134328357,0.30357142857142855,0.6428571428571429,0.25,0.375,0.20588235294117646,0.0,0.0,0.6428571428571429,0.47573309677208936,0.4136909226315373,0.3261228354978355,0.4514761384006824,NaN,NaN,NaN,NaN,4.089285714285714,6.385428826531644,2.243138395742453,0.9074615223672019,4.303030303030303,0.19642857142857142,0.3902473780115993,4.0,10.0,1.8982300884955752,0.7472034282772251,0.04411764705882353,0.0
669,1,68.0,281.0,4.132352941176471,0.06167690956979807,0.16417910447761194,0.014925373134328358,0.23214285714285715,0.625,0.25,0.39285714285714285,0.20588235294117646,0.0,0.07142857142857142,0.5714285714285714,0.4819692499123343,0.4000178273660136,0.3334523931950403,0.4541477694766973,NaN,NaN,NaN,NaN,5.017857142857143,7.1971991305420575,2.3182008878107467,1.0343825713992636,5.0,0.2857142857142857,0.37680959373435463,5.0,10.0,2.339664804469274,1.159891753917954,0.0,0.0
67,1,68.0,293.0,4.3088235294117645,0.06431079894644424,0.16417910447761194,0.05970149253731343,0.25,0.625,0.21428571428571427,0.39285714285714285,0.20588235294117646,0.0,0.07142857142857142,0.6428571428571429,0.5259509065455895,0.412161289530673,0.34150926327978,0.4546094088203617,NaN,NaN,NaN,NaN,5.232142857142857,8.250600135590295,2.269537844944807,0.9510780373021677,4.909090909090909,0.25,0.3710462878780186,5.0,10.0,1.9302915082382763,0.8646806524094022,0.029411764705882353,0.0
670,1,68.0,330.0,4.852941176470588,0.07243195785776997,0.16417910447761194,0.04477611940298507,0.26785714285714285,0.6428571428571429,0.19642857142857142,0.39285714285714285,0.20588235294117646,0.0,0.07142857142857142,0.5714285714285714,0.47084465945094206,0.3917588069634572,0.3404265873015873,0.4476578653771458,NaN,NaN,NaN,NaN,5.892857142857143,7.8755746028258375,2.341109831835457,1.1214941635326021,5.404255319148936,0.25,0.42759802745593506,5.0,11.0,1.7793696275071633,0.8947663246130547,0.11764705882352941,0.0
671,1,68.0,268.0,3.9411764705882355,0.058823529411764705,0.16417910447761194,0.029850746268656716,0.2857142857142857,0.625,0.21428571428571427,0.44642857142857145,0.20588235294117646,0.0,0.14285714285714285,0.5714285714285714,0.5327738847427067,0.3996458340390984,0.3547183932052353,0.4483883223352397,NaN,NaN,NaN,NaN,4.785714285714286,5.5488386523317095,2.263857301403913,0.9775748095771064,5.24,0.19642857142857142,0.41697709818912054,6.0,8.0,1.9174603174603175,1.0100511851752791,0.04411764705882353,0.0
672,1,68.0,329.0,4.838235294117647,0.07221246707638279,0.16417910447761194,0.014925373134328358,0.19642857142857142,0.6607142857142857,0.19642857142857142,0.42857142857142855,0.20588235294117646,0.0,0.07142857142857142,0.5714285714285714,0.49926480037323756,0.3859458349836585,0.33057107599137214,0.4367631825225829,NaN,NaN,NaN,NaN,5.875,8.500401060057001,2.251318840678125,0.9492075373097275,4.583333333333334,0.2857142857142857,0.39810039594339125,4.0,8.0,1.6438746438746439,0.6787677231011434,0.04411764705882353,0.0
673,1,68.0,309.0,4.544117647058823,0.06782265144863915,0.16417910447761194,0.0,0.25,0.625,0.21428571428571427,0.44642857142857145,0.20588235294117646,0.0,0.0,0.6428571428571429,0.525996435750319,0.4039333036741068,0.3516025451200436,0.45233518100126563,NaN,NaN,NaN,NaN,5.517857142857143,7.6467249589221264,2.219910519108115,0.8505714404903679,4.279999999999999,0.25,0.3560768788877716,4.0,9.0,1.7638326585695008,0.7458631089981652,0.04411764705882353,0.0
674,1,68.0,277.0,4.073529411764706,0.06079894644424934,0.16417910447761194,0.04477611940298507,0.25,0.625,0.23214285714285715,0.44642857142857145,0.20588235294117646,0.0,0.07142857142857142,0.6428571428571429,0.5586986767564132,0.3956504955833527,0.3567597872482326,0.4463517937382657,NaN,NaN,NaN,NaN,4.946428571428571,6.465065964247998,2.2923508228132032,1.0222557396606533,5.068965517241379,0.23214285714285715,0.47042193485818945,6.0,12.0,2.3312262958280656,1.2971335049785873,0.07352941176470588,0.0
675,1,68.0,220.0,3.235294117647059,0.048287971905179985,0.16417910447761194,0.1044776119402985,0.2857142857142857,0.6428571428571429,0.23214285714285715,0.4107142857142857,0.20588235294117646,0.0,0.0,0.6428571428571429,0.5179422940745964,0.4164863777524236,0.3475765306122449,0.44776161519580915,NaN,NaN,NaN,NaN,3.9285714285714284,4.924362968887514,2.2253188543936098,0.8905844546123985,4.777777777777778,0.21428571428571427,0.3017375400364185,5.0,8.0,1.8771929824561404,0.9283545148611916,0.029411764705882353,0.0
676,1,68.0,322.0,4.735294117647059,0.07067603160667252,0.16417910447761194,0.04477611940298507,0.26785714285714285,0.625,0.23214285714285715,0.42857142857142855,0.20588235294117646,0.0,0.07142857142857142,0.5714285714285714,0.4995894781149062,0.4044735127928214,0.3462232509327148,0.4468775245429543,NaN,NaN,NaN,NaN,5.75,6.772269661172417,2.2416528126378883,0.8832527924837621,4.142857142857142,0.26785714285714285,0.40209143033736416,5.0,12.0,1.8890200708382527,0.8869742218814839,0.10294117647058823,0.0
677,1,68.0,241.0,3.5441176470588234,0.0528972783143108,0.16417910447761194,0.08955223880597014,0.26785714285714285,0.6428571428571429,0.21428571428571427,0.42857142857142855,0.20588235294117646,0.0,0.07142857142857142,0.7142857142857143,0.5582714747549509,0.3996595504801387,0.35543385832593904,0.449114555014599,NaN,NaN,NaN,NaN,4.303571428571429,4.560381335160243,2.2728984261205767,0.9825848840527125,5.083333333333334,0.19642857142857142,0.40801511168121557,5.0,11.0,2.0655021834061134,1.0188116911487937,0.10294117647058823,0.0
678,1,68.0,239.0,3.514705882352941,0.05245829675153644,0.16417910447761194,0.07462686567164178,0.26785714285714285,0.625,0.21428571428571427,0.42857142857142855,0.20588235294117646,0.0,0.0,0.6428571428571429,0.5370325196359166,0.3935816374555034,0.3479946145124716,0.44181547896051643,NaN,NaN,NaN,NaN,4.267857142857143,5.854263625546991,2.2882500721627013,1.0036710885058029,5.333333333333334,0.25,0.39147661308158765,6.0,10.0,2.187760778859527,1.1476342960684305,0.04411764705882353,0.0
679,1,68.0,221.0,3.25,0.048507462686567165,0.16417910447761194,0.16417910447761194,0.2857142857142857,0.625,0.21428571428571427,0.42857142857142855,0.20588235294117646,0.0,0.07142857142857142,0.5714285714285714,0.5245954081067848,0.4006646243563501,0.3518227867882246,0.445515804667971,NaN,NaN,NaN,NaN,3.9464285714285716,4.795526865953095,2.2797437406335086,0.9950236370861174,5.12,0.23214285714285715,0.3653375707721501,5.0,9.0,2.044701986754967,0.9720753186543767,0.029411764705882353,0.0
68,1,68.0,215.0,3.161764705882353,0.04719051799824407,0.16417910447761194,0.1791044776119403,0.2857142857142857,0.6071428571428571,0.25,0.4107142857142857,0.20588235294117646,0.0,0.07142857142857142,0.5714285714285714,0.5173925829389726,0.41774754822852433,0.3410714285714285,0.4467244906682088,NaN,NaN,NaN,NaN,3.8392857142857144,4.834635591096946,2.3334069758187233,1.0934303255161952,5.75,0.21428571428571427,0.3321450611667022,5.0,7.0,1.8600451467268624,1.0149591515943515,0.029411764705882353,0.0
680,1,68.0,243.0,3.573529411764706,0.053336259877085165,0.16417910447761194,0.08955223880597014,0.25,0.625,0.17857142857142858,0.42857142857142855,0.20588235294117646,0.0,0.0,0.6428571428571429,0.47254366405784143,0.3818766489657513,0.3336818439497011,0.4300736157033703,NaN,NaN,NaN,NaN,4.339285714285714,4.477323818022165,2.26532454602501,0.9455240674274328,4.5,0.26785714285714285,0.42036325213033593,4.0,12.0,1.8753623188405797,0.7631585494393835,0.11764705882352941,0.0
681,1,68.0,260.0,3.823529411764706,0.05706760316066725,0.16417910447761194,0.13432835820895522,0.23214285714285715,0.625,0.17857142857142858,0.4107142857142857,0.20588235294117646,0.0,0.0,0.5714285714285714,0.5381797266579305,0.3977671255134615,0.33908730158730155,0.4375663673063312,NaN,NaN,NaN,NaN,4.642857142857143,6.672681269525417,2.2937879969737662,1.0098483278319528,5.0,0.26785714285714285,0.3210287551485449,5.0,9.0,1.8807339449541285,1.0175371311533397,0.07352941176470588,0.0
682,1,68.0,296.0,4.352941176470588,0.0649692712906058,0.16417910447761194,0.1044776119402985,0.26785714285714285,0.6428571428571429,0.21428571428571427,0.39285714285714285,0.20588235294117646,0.0,0.07142857142857142,0.6428571428571429,0.5230368762129888,0.38968687581811245,0.3342467030671918,0.4482618646692538,NaN,NaN,NaN,NaN,5.285714285714286,6.632466388125189,2.3337492135096096,1.1085442091916768,5.7,0.25,0.4869837907439221,5.0,11.0,2.0609756097560976,1.099065902615348,0.07352941176470588,0.0
683,1,68.0,224.0,3.2941176470588234,0.04916593503072871,0.16417910447761194,0.14925373134328357,0.32142857142857145,0.6428571428571429,0.23214285714285715,0.375,0.20588235294117646,0.0,0.07142857142857142,0.5714285714285714,0.47419541264635107,0.40822126289016547,0.34216651404151405,0.45803434367497425,NaN,NaN,NaN,NaN,4.0,3.687817782917155,2.26251462666032,0.9416893477169763,4.454545454545455,0.19642857142857142,0.42372017903080816,4.0,11.0,1.7872727272727273,0.7539947155855814,0.08823529411764706,0.0
684,1,68.0,239.0,3.514705882352941,0.05245829675153644,0.16417910447761194,0.1044776119402985,0.25,0.6607142857142857,0.25,0.4107142857142857,0.20588235294117646,0.0,0.07142857142857142,0.6428571428571429,0.4987142480106946,0.41319609230111504,0.3477407629718554,0.45548787054274226,NaN,NaN,NaN,NaN,4.267857142857143,5.068588010046232,2.2419629476106016,0.9307829886520206,4.5,0.23214285714285715,0.41419247842730883,4.0,8.0,1.775,0.7931391854156876,0.04411764705882353,0.0
685,1,68.0,201.0,2.9558823529411766,0.04411764705882353,0.16417910447761194,0.16417910447761194,0.2857142857142857,0.625,0.17857142857142858,0.375,0.20588235294117646,0.0,0.07142857142857142,0.5714285714285714,0.494202588011916,0.39830751688283556,0.3211309523809524,0.43619962383364325,NaN,NaN,NaN,NaN,3.5892857142857144,4.053177365135499,2.28996862159093,1.0109519214682015,5.305555555555555,0.21428571428571427,0.37335634867717093,4.0,8.0,1.9334677419354838,0.9176214702118077,0.07352941176470588,0.0
686,1,68.0,214.0,3.1470588235294117,0.04697102721685689,0.16417910447761194,0.1044776119402985,0.2857142857142857,0.6428571428571429,0.30357142857142855,0.39285714285714285,0.20588235294117646,0.0,0.07142857142857142,0.6428571428571429,0.5656307039574325,0.41910569118933494,0.35397727272727275,0.46894070125364623,NaN,NaN,NaN,NaN,3.8214285714285716,5.3939600661114655,2.2652813547194386,0.9670667480808763,4.916666666666666,0.23214285714285715,0.311481629322511,4.0,8.0,1.8665480427046264,0.8132055178522373,0.0,0.0
687,1,68.0,199.0,2.926470588235294,0.043678665496049165,0.16417910447761194,0.08955223880597014,0.2857142857142857,0.6428571428571429,0.26785714285714285,0.39285714285714285,0.20588235294117646,0.0,0.07142857142857142,0.5714285714285714,0.5037369995013551,0.3981102604002683,0.3363095238095238,0.45391792902625727,NaN,NaN,NaN,NaN,3.5535714285714284,4.116130764143976,2.3311565468965125,1.1121536942029349,5.583333333333334,0.21428571428571427,0.5177360413535934,6.0,11.0,2.147840531561462,1.0760145486795707,0.10294117647058823,0.0
688,1,68.0,255.0,3.75,0.055970149253731345,0.16417910447761194,0.13432835820895522,0.26785714285714285,0.6071428571428571,0.23214285714285715,0.44642857142857145,0.20588235294117646,0.0,0.07142857142857142,0.5714285714285714,0.5058870761290197,0.40864773325363907,0.34843331271902706,0.44218838973088403,NaN,NaN,NaN,NaN,4.553571428571429,5.116531647893533,2.2515914084501585,0.9087134542132429,4.477611940298507,0.23214285714285715,0.3795669405375926,5.0,8.0,1.8848684210526316,0.9343709523325874,0.058823529411764705,0.0
689,1,68.0,210.0,3.088235294117647,0.046093064091308165,0.16417910447761194,0.11940298507462686,0.23214285714285715,0.625,0.25,0.39285714285714285,0.20588235294117646,0.0,0.07142857142857142,0.5714285714285714,0.4901296100826694,0.41035822887648826,0.3336397058823529,0.45109301239024324,NaN,NaN,NaN,NaN,3.75,4.991811476626678,2.354467080950027,1.1402865931356094,5.756756756756756,0.2857142857142857,0.45099590204172674,5.0,9.0,2.2666666666666666,1.1326145571153707,0.04411764705882353,0.0
69,1,68.0,316.0,4.647058823529412,0.06935908691834942,0.16417910447761194,0.07462686567164178,0.23214285714285715,0.625,0.23214285714285715,0.42857142857142855,0.20588235294117646,0.0,0.07142857142857142,0.6428571428571429,0.5494084153762507,0.4087622707576423,0.3479211632305844,0.45394188968116217,NaN,NaN,NaN,NaN,5.642857142857143,7.842607570603895,2.2585268317097595,0.9183141570050206,4.514285714285714,0.2857142857142857,0.3996465145815745,5.0,10.0,1.8475609756097562,0.8149586848792381,0.07352941176470588,0.0
690,1,68.0,233.0,3.426470588235294,0.051141352063213345,0.16417910447761194,0.08955223880597014,0.32142857142857145,0.6071428571428571,0.17857142857142858,0.39285714285714285,0.20588235294117646,0.0,0.07142857142857142,0.5714285714285714,0.5267512284472194,0.39794293569536726,0.32417425303454717,0.43989451896332465,NaN,NaN,NaN,NaN,4.160714285714286,4.035194197035901,2.4018875270467674,1.2267871090320415,5.888888888888889,0.23214285714285715,0.47487035008909145,5.0,10.0,1.8571428571428572,1.0008636823259598,0.029411764705882353,0.0
691,1,68.0,294.0,4.323529411764706,0.06453028972783142,0.16417910447761194,0.029850746268656716,0.26785714285714285,0.625,0.21428571428571427,0.42857142857142855,0.20588235294117646,0.0,0.07142857142857142,0.6428571428571429,0.5013385862885461,0.41819509705395597,0.3501184005834076,0.45520822497335217,NaN,NaN,NaN,NaN,5.25,7.613982353061194,2.3133904152235902,1.0434835130646318,5.090909090909091,0.25,0.3997687252653244,5.0,10.0,1.8139904610492845,0.9214680235256135,0.10294117647058823,0.0
692,1,68.0,210.0,3.088235294117647,0.046093064091308165,0.16417910447761194,0.11940298507462686,0.30357142857142855,0.625,0.21428571428571427,0.375,0.20588235294117646,0.0,0.0,0.5714285714285714,0.4423199561811256,0.4182828920223381,0.3280112044817927,0.44409931404133723,NaN,NaN,NaN,NaN,3.75,5.212746615051155,2.2864931043308907,0.987769161029035,4.842105263157895,0.19642857142857142,0.3916226029188356,4.0,10.0,1.972,0.9945825198431525,0.07352941176470588,0.0
693,1,68.0,204.0,3.0,0.04477611940298507,0.16417910447761194,0.11940298507462686,0.30357142857142855,0.625,0.25,0.39285714285714285,0.20588235294117646,0.0,0.07142857142857142,0.5714285714285714,0.4568861073075064,0.4054491502315746,0.3385416666666667,0.44813463688692684,NaN,NaN,NaN,NaN,3.642857142857143,4.122790632254153,2.3334589973712885,1.089144433412254,5.285714285714286,0.25,0.43727767393014605,5.0,9.0,1.850597609561753,0.8497913571770409,0.04411764705882353,0.0
694,1,68.0,223.0,3.2794117647058822,0.048946444249341525,0.16417910447761194,0.1044776119402985,0.23214285714285715,0.6428571428571429,0.26785714285714285,0.42857142857142855,0.20588235294117646,0.0,0.07142857142857142,0.6428571428571429,0.5447405649737849,0.4026900113626859,0.3555201247165533,0.45891600286852646,NaN,NaN,NaN,NaN,3.982142857142857,6.377491873566176,2.238906295462805,0.9011596989930243,4.466666666666667,0.25,0.41448063723643214,4.0,8.0,1.9627507163323783,0.7990592734963168,0.04411764705882353,0.0
695,1,68.0,223.0,3.2794117647058822,0.048946444249341525,0.16417910447761194,0.13432835820895522,0.25,0.6428571428571429,0.21428571428571427,0.4107142857142857,0.20588235294117646,0.0,0.0,0.5714285714285714,0.5076416764430745,0.4096590690976622,0.3384346282372598,0.4410377730839865,NaN,NaN,NaN,NaN,3.982142857142857,4.911918978561032,2.2386746879306183,0.913603063023273,4.75,0.21428571428571427,0.3493317881263122,5.0,9.0,1.7105882352941177,0.8920539593380541,0.07352941176470588,0.0
696,1,68.0,330.0,4.852941176470588,0.07243195785776997,0.16417910447761194,0.07462686567164178,0.19642857142857142,0.6071428571428571,0.19642857142857142,0.42857142857142855,0.20588235294117646,0.0,0.07142857142857142,0.5714285714285714,0.4812018681681055,0.3851438845025205,0.33598055948854816,0.43851052929319345,NaN,NaN,NaN,NaN,5.892857142857143,7.047058887297521,2.270714501286553,0.9222222448012797,4.533333333333333,0.3392857142857143,0.4414707806473692,5.0,12.0,1.7946428571428572,0.8242319076254521,0.08823529411764706,0.0
697,1,68.0,263.0,3.8676470588235294,0.0577260755048288,0.16417910447761194,0.07462686567164178,0.25,0.6071428571428571,0.21428571428571427,0.4107142857142857,0.20588235294117646,0.0,0.0,0.6428571428571429,0.5450663419353249,0.4051638048991707,0.35102040816326535,0.45493965042960455,NaN,NaN,NaN,NaN,4.696428571428571,4.872630959505601,2.2918872560265697,0.9720389265457988,4.646341463414634,0.32142857142857145,0.4002553430569853,5.0,12.0,2.0355263157894736,0.9254424498026973,0.10294117647058823,0.0
698,1,68.0,251.0,3.6911764705882355,0.05509218612818262,0.16417910447761194,0.04477611940298507,0.25,0.6428571428571429,0.21428571428571427,0.4107142857142857,0.20588235294117646,0.0,0.0,0.6428571428571429,0.5261887696710025,0.404009267082443,0.34086102389673817,0.45094845699131814,NaN,NaN,NaN,NaN,4.482142857142857,5.656825551904118,2.281556488310621,0.9992943009359141,5.135135135135135,0.21428571428571427,0.38103123408241574,5.0,11.0,2.138888888888889,0.9985591530180545,0.07352941176470588,0.0
699,1,68.0,292.0,4.294117647058823,0.06409130816505706,0.16417910447761194,0.07462686567164178,0.2857142857142857,0.625,0.23214285714285715,0.4107142857142857,0.20588235294117646,0.0,0.0,0.6428571428571429,0.5370658878717921,0.41434885332301086,0.33977493775287887,0.44768532928849775,NaN,NaN,NaN,NaN,5.214285714285714,6.735831691144647,2.248830708497569,0.8979738039744861,4.3100000000000005,0.19642857142857142,0.39993817387261804,4.0,11.0,1.8313725490196078,0.756513651046218,0.10294117647058823,0.0
7,1,68.0,281.0,4.132352941176471,0.06167690956979807,0.16417910447761194,0.1044776119402985,0.21428571428571427,0.625,0.16071428571428573,0.39285714285714285,0.20588235294117646,0.0,0.0,0.6428571428571429,0.4636785015368074,0.38628109807357325,0.3144486961451247,0.4300288189583495,NaN,NaN,NaN,NaN,5.017857142857143,6.473698033872623,2.2595632972787483,0.9250205956918283,4.533333333333333,0.30357142857142855,0.3225508717912894,4.0,9.0,1.6941580756013745,0.7599711669694199,0.08823529411764706,0.0
70,1,68.0,305.0,4.485294117647059,0.06694468832309043,0.16417910447761194,0.1044776119402985,0.23214285714285715,0.6428571428571429,0.23214285714285715,0.39285714285714285,0.20588235294117646,0.0,0.0,0.6428571428571429,0.5092981672428876,0.4075033986702945,0.35484478688316073,0.45996795014853675,NaN,NaN,NaN,NaN,5.446428571428571,8.344665455154063,2.1970486433114775,0.8382787162119476,4.267857142857142,0.19642857142857142,0.3464860367026249,4.0,10.0,1.7194244604316546,0.7165074693117301,0.07352941176470588,0.0
700,1,68.0,302.0,4.4411764705882355,0.06628621597892889,0.16417910447761194,0.11940298507462686,0.26785714285714285,0.625,0.26785714285714285,0.4107142857142857,0.20588235294117646,0.0,0.07142857142857142,0.6428571428571429,0.5075615676493949,0.400684554687701,0.3598356009070295,0.45821899221724793,NaN,NaN,NaN,NaN,5.392857142857143,6.546834270167451,2.2570007737832127,0.9408072330024604,4.52112676056338,0.25,0.3912331809411882,4.0,10.0,1.5913978494623655,0.7151084457531373,0.058823529411764705,0.0
701,1,68.0,247.0,3.6323529411764706,0.05421422300263389,0.16417910447761194,0.05970149253731343,0.26785714285714285,0.6428571428571429,0.23214285714285715,0.39285714285714285,0.20588235294117646,0.0,0.0,0.6428571428571429,0.46982165607471055,0.3984110241268262,0.3214889903329753,0.4464296630661083,NaN,NaN,NaN,NaN,4.410714285714286,4.774084531811635,2.2622859758492058,0.9649033948022482,4.909090909090909,0.21428571428571427,0.4658850263967118,5.0,9.0,1.8536977491961415,0.8376088341588502,0.04411764705882353,0.0
702,1,68.0,280.0,4.117647058823529,0.061457418788410885,0.16417910447761194,0.08955223880597014,0.30357142857142855,0.6428571428571429,0.19642857142857142,0.375,0.20588235294117646,0.0,0.0,0.7142857142857143,0.5005522777614749,0.39137490302705896,0.32732361884147604,0.4454467937628876,NaN,NaN,NaN,NaN,5.0,5.539937643232918,2.302386471664608,1.042796511246176,5.1891891891891895,0.21428571428571427,0.3958233697561337,4.0,12.0,2.0663329161451816,0.9665355252702331,0.10294117647058823,0.0
703,1,68.0,198.0,2.911764705882353,0.043459174714661986,0.16417910447761194,0.14925373134328357,0.30357142857142855,0.6071428571428571,0.25,0.4107142857142857,0.20588235294117646,0.0,0.0,0.5714285714285714,0.5353908130320841,0.4149773971090771,0.3595238095238095,0.4580300058855165,NaN,NaN,NaN,NaN,3.5357142857142856,3.940301260814206,2.2878864102366134,0.9796416194389342,4.878787878787879,0.23214285714285715,0.34747934493491345,4.0,11.0,1.9141630901287554,0.9211569672377483,0.07352941176470588,0.0
704,1,68.0,204.0,3.0,0.04477611940298507,0.16417910447761194,0.19402985074626866,0.30357142857142855,0.6428571428571429,0.17857142857142858,0.375,0.20588235294117646,0.0,0.07142857142857142,0.6428571428571429,0.5249005665138079,0.4130874519633431,0.33400651927437636,0.44616037747908033,NaN,NaN,NaN,NaN,3.642857142857143,3.0297228881897404,2.2688959939824995,0.981916028397176,4.864864864864865,0.21428571428571427,0.3801113495096564,4.0,8.0,1.8804123711340206,0.8896372154160653,0.029411764705882353,0.0
705,1,68.0,240.0,3.5294117647058822,0.05267778753292362,0.16417910447761194,0.11940298507462686,0.2857142857142857,0.625,0.125,0.42857142857142855,0.20588235294117646,0.0,0.07142857142857142,0.5714285714285714,0.5083306850588876,0.3982739533785302,0.3387516749123892,0.42880638416079664,NaN,NaN,NaN,NaN,4.285714285714286,4.591352685268197,2.2572716207493975,0.9466088381624262,4.833333333333334,0.21428571428571427,0.3332033247118625,4.0,10.0,1.9807692307692308,0.9580018922908213,0.04411764705882353,0.0
706,1,68.0,216.0,3.176470588235294,0.04741000877963126,0.16417910447761194,0.07462686567164178,0.2857142857142857,0.6428571428571429,0.26785714285714285,0.39285714285714285,0.20588235294117646,0.0,0.07142857142857142,0.5714285714285714,0.4872052508217899,0.4200348795036402,0.3487103174603175,0.4575271343249257,NaN,NaN,NaN,NaN,3.857142857142857,5.171349644228007,2.290961235885105,1.0229007017463745,5.166666666666666,0.21428571428571427,0.5132015605329476,5.0,11.0,1.7956989247311828,0.9020945429004311,0.07352941176470588,0.0
707,1,68.0,275.0,4.044117647058823,0.06035996488147498,0.16417910447761194,0.07462686567164178,0.19642857142857142,0.625,0.23214285714285715,0.44642857142857145,0.20588235294117646,0.0,0.0,0.6428571428571429,0.5114856224601942,0.39811613896687437,0.34565580618212205,0.44047512312341436,NaN,NaN,NaN,NaN,4.910714285714286,7.349154028530422,2.2260544370774804,0.8807877979371783,4.586956521739131,0.30357142857142855,0.35418457097647854,5.0,10.0,2.0767045454545454,1.087794664741162,0.029411764705882353,0.0
708,1,68.0,212.0,3.1176470588235294,0.046532045654082525,0.16417910447761194,0.16417910447761194,0.2857142857142857,0.6428571428571429,0.26785714285714285,0.39285714285714285,0.20588235294117646,0.0,0.07142857142857142,0.5714285714285714,0.5240892587193609,0.41110038650997915,0.34778911564625853,0.4638496358431155,NaN,NaN,NaN,NaN,3.7857142857142856,3.925276067717048,2.3185346788287964,1.0902075278062442,5.888888888888889,0.23214285714285715,0.35664633610590657,5.0,8.0,1.9258474576271187,1.0369036269927911,0.029411764705882353,0.0
709,1,68.0,248.0,3.6470588235294117,0.05443371378402107,0.16417910447761194,0.08955223880597014,0.26785714285714285,0.6428571428571429,0.19642857142857142,0.42857142857142855,0.20588235294117646,0.0,0.07142857142857142,0.6428571428571429,0.4801317421479773,0.4015181766912801,0.34349844104308386,0.43871950248516384,NaN,NaN,NaN,NaN,4.428571428571429,4.397756216556318,2.235170838215337,0.8816576375916403,4.245901639344263,0.25,0.4126034532558822,5.0,11.0,1.9096296296296296,0.872840622811508,0.04411764705882353,0.0
71,1,68.0,223.0,3.2794117647058822,0.048946444249341525,0.16417910447761194,0.22388059701492538,0.2857142857142857,0.6071428571428571,0.21428571428571427,0.4107142857142857,0.20588235294117646,0.0,0.07142857142857142,0.5714285714285714,0.5261046009679272,0.39752218116064575,0.3386555878332194,0.4437727791927006,NaN,NaN,NaN,NaN,3.982142857142857,4.020362133976451,2.279824945616219,0.9564732010553956,4.7,0.25,0.42415992937520064,4.0,10.0,1.6694915254237288,0.7055146409770049,0.10294117647058823,0.0
710,1,68.0,262.0,3.8529411764705883,0.05750658472344162,0.16417910447761194,0.11940298507462686,0.25,0.6071428571428571,0.25,0.4107142857142857,0.20588235294117646,0.0,0.07142857142857142,0.5714285714285714,0.4475517724217219,0.4159392944577778,0.34684590941639815,0.4493654242885889,NaN,NaN,NaN,NaN,4.678571428571429,5.868582430217687,2.3310740398464382,1.0634144169729567,5.0,0.26785714285714285,0.4185522244287873,4.0,11.0,1.7716390423572743,0.8587333429767594,0.07352941176470588,0.0
711,1,68.0,278.0,4.088235294117647,0.061018437225636525,0.16417910447761194,0.05970149253731343,0.2857142857142857,0.6428571428571429,0.25,0.4107142857142857,0.20588235294117646,0.0,0.07142857142857142,0.6428571428571429,0.5139586878971398,0.40707460811287066,0.3540990259740259,0.45985116878929816,NaN,NaN,NaN,NaN,4.964285714285714,5.291379904968202,2.3326690819512277,1.0967410700058822,5.5,0.21428571428571427,0.4932573959019609,5.0,11.0,2.1641975308641976,1.0854480362051808,0.10294117647058823,0.0
712,1,68.0,202.0,2.9705882352941178,0.04433713784021071,0.16417910447761194,0.1791044776119403,0.30357142857142855,0.625,0.23214285714285715,0.35714285714285715,0.20588235294117646,0.0,0.07142857142857142,0.5714285714285714,0.5164377707052734,0.43013326883635383,0.33539540816326524,0.45700025345392153,NaN,NaN,NaN,NaN,3.607142857142857,4.491116773156746,2.265313919915752,0.9512754558461436,4.647058823529411,0.16071428571428573,0.3646420209172473,4.0,8.0,1.5584045584045585,0.7182373395089372,0.058823529411764705,0.0
713,1,68.0,270.0,3.9705882352941178,0.05926251097453907,0.16417910447761194,0.08955223880597014,0.25,0.625,0.17857142857142858,0.42857142857142855,0.20588235294117646,0.0,0.07142857142857142,0.5714285714285714,0.4865737168028681,0.38399231912256193,0.33352316803914545,0.4332923681003249,NaN,NaN,NaN,NaN,4.821428571428571,5.507374041334838,2.282422322582363,0.9712902994997645,4.666666666666666,0.23214285714285715,0.38563772407486824,4.0,10.0,1.8919308357348703,0.8602952718720248,0.04411764705882353,0.0
714,1,68.0,257.0,3.7794117647058822,0.056409130816505705,0.16417910447761194,0.1044776119402985,0.23214285714285715,0.625,0.25,0.39285714285714285,0.20588235294117646,0.0,0.07142857142857142,0.6428571428571429,0.4718213782671428,0.4086248220491128,0.3481977513227513,0.4586314005333105,NaN,NaN,NaN,NaN,4.589285714285714,5.649704049253894,2.4171773827238954,1.2864856971491743,6.0,0.2857142857142857,0.4994230362503284,7.0,11.0,2.1282894736842106,1.2706245276897394,0.04411764705882353,0.0
715,1,68.0,267.0,3.926470588235294,0.058604038630377525,0.16417910447761194,0.07462686567164178,0.26785714285714285,0.6428571428571429,0.21428571428571427,0.42857142857142855,0.20588235294117646,0.0,0.07142857142857142,0.5714285714285714,0.5354133548450376,0.39908300658818996,0.3434331797235023,0.44695058605316745,NaN,NaN,NaN,NaN,4.767857142857143,5.855816289432621,2.299517101489054,1.0477683147074732,5.083333333333334,0.23214285714285715,0.3366857107132002,5.0,8.0,2.141112618724559,1.060227292881828,0.029411764705882353,0.0
716,1,68.0,299.0,4.397058823529412,0.06562774363476734,0.16417910447761194,0.11940298507462686,0.25,0.6071428571428571,0.19642857142857142,0.4107142857142857,0.20588235294117646,0.0,0.07142857142857142,0.6428571428571429,0.49090886551249296,0.39591677852181717,0.3394574671360385,0.44513482933705184,NaN,NaN,NaN,NaN,5.339285714285714,6.962958581507734,2.2507507879388906,0.8898339023570657,4.333333333333334,0.30357142857142855,0.345208319687947,4.0,9.0,1.7786774628879891,0.7386100019756158,0.029411764705882353,0.0
717,1,68.0,214.0,3.1470588235294117,0.04697102721685689,0.16417910447761194,0.04477611940298507,0.2857142857142857,0.625,0.25,0.39285714285714285,0.20588235294117646,0.0,0.07142857142857142,0.5714285714285714,0.5011801278319135,0.4199582136802274,0.3422846954096954,0.4551889186470664,NaN,NaN,NaN,NaN,3.8214285714285716,5.774889665556448,2.350291590516804,1.142235757039664,5.875,0.23214285714285715,0.4329919190397628,6.0,9.0,2.002083333333333,1.1586093426636288,0.0,0.0
718,1,68.0,302.0,4.4411764705882355,0.06628621597892889,0.16417910447761194,0.014925373134328358,0.25,0.6428571428571429,0.26785714285714285,0.4107142857142857,0.20588235294117646,0.0,0.0,0.7142857142857143,0.5361911526014901,0.40879596958318914,0.3421033179353613,0.4584023838862075,NaN,NaN,NaN,NaN,5.392857142857143,7.923907602206862,2.246576057150236,0.9302441898788978,5.0,0.19642857142857142,0.4163378378905803,5.0,10.0,1.9577294685990339,0.9249468309834199,0.08823529411764706,0.0
719,1,68.0,299.0,4.397058823529412,0.06562774363476734,0.16417910447761194,0.08955223880597014,0.25,0.625,0.21428571428571427,0.42857142857142855,0.20588235294117646,0.0,0.0,0.6428571428571429,0.5248824199514801,0.3901864268075661,0.3498381804961773,0.4488930044433706,NaN,NaN,NaN,NaN,5.339285714285714,6.0701259106734,2.264553177034781,0.9403875003682549,4.888888888888889,0.26785714285714285,0.36448353924722326,4.0,9.0,1.6940993788819876,0.7572742904108044,0.029411764705882353,0.0
72,1,68.0,304.0,4.470588235294118,0.06672519754170325,0.16417910447761194,0.05970149253731343,0.21428571428571427,0.625,0.23214285714285715,0.42857142857142855,0.20588235294117646,0.0,0.0,0.6428571428571429,0.5145603576444034,0.40061502015200234,0.3495358560090703,0.4535522501288545,NaN,NaN,NaN,NaN,5.428571428571429,6.9618627153609145,2.265673372985969,0.933335551027215,4.466666666666667,0.30357142857142855,0.3691995344857177,5.0,11.0,1.9217391304347826,0.882436110478462,0.0,0.0
720,1,68.0,313.0,4.602941176470588,0.06870061457418788,0.16417910447761194,0.0,0.23214285714285715,0.6428571428571429,0.23214285714285715,0.42857142857142855,0.20588235294117646,0.0,0.07142857142857142,0.5714285714285714,0.5091342980047677,0.3916463423318661,0.35604341095412523,0.4537168775478797,NaN,NaN,NaN,NaN,5.589285714285714,7.817874125627494,2.3438197227043784,1.1287282705697597,5.25,0.2857142857142857,0.4696468379682308,5.0,12.0,2.140043763676149,1.0082216231841772,0.058823529411764705,0.0
721,1,68.0,241.0,3.5441176470588234,0.0528972783143108,0.16417910447761194,0.11940298507462686,0.26785714285714285,0.6071428571428571,0.25,0.42857142857142855,0.20588235294117646,0.0,0.0,0.5714285714285714,0.4712140231272884,0.3931925831574339,0.3386305658627088,0.4492224051589567,NaN,NaN,NaN,NaN,4.303571428571429,4.994249940434747,2.3255845041636563,1.0620901193879932,5.5,0.26785714285714285,0.40721070001960313,6.0,11.0,1.9811965811965813,1.0765186488668712,0.08823529411764706,0.0
722,1,68.0,260.0,3.823529411764706,0.05706760316066725,0.16417910447761194,0.1044776119402985,0.2857142857142857,0.6428571428571429,0.23214285714285715,0.39285714285714285,0.20588235294117646,0.0,0.0,0.7142857142857143,0.5238921941541386,0.40474187867195355,0.34558865212751766,0.458570637154117,NaN,NaN,NaN,NaN,4.642857142857143,4.570373254813188,2.2835272218049307,0.9832494615621611,4.612244897959183,0.23214285714285715,0.43720932711789073,6.0,12.0,2.095104895104895,1.109882313349397,0.10294117647058823,0.0
723,1,68.0,205.0,3.014705882352941,0.04499561018437226,0.16417910447761194,0.14925373134328357,0.30357142857142855,0.625,0.25,0.39285714285714285,0.20588235294117646,0.0,0.07142857142857142,0.6428571428571429,0.5130340844671203,0.42677495820846095,0.3488945578231292,0.46304304359874227,NaN,NaN,NaN,NaN,3.6607142857142856,3.3751863825399506,2.395959806753715,1.2295785853296621,6.045454545454546,0.21428571428571427,0.4317288191611105,6.0,10.0,2.4726989079563184,1.342672376555216,0.10294117647058823,0.0
724,1,68.0,249.0,3.661764705882353,0.05465320456540825,0.16417910447761194,0.1044776119402985,0.25,0.6071428571428571,0.23214285714285715,0.42857142857142855,0.20588235294117646,0.0,0.07142857142857142,0.5714285714285714,0.553059138565793,0.40685000252503056,0.3523313492063492,0.4459616706268264,NaN,NaN,NaN,NaN,4.446428571428571,5.453671466776529,2.265741663341246,0.9495880762981432,4.888888888888889,0.2857142857142857,0.33867380953803006,4.0,7.0,1.6947791164658634,0.7994042370483707,0.029411764705882353,0.0
725,1,68.0,263.0,3.8676470588235294,0.0577260755048288,0.16417910447761194,0.04477611940298507,0.25,0.6071428571428571,0.21428571428571427,0.4107142857142857,0.20588235294117646,0.0,0.07142857142857142,0.6428571428571429,0.5327513182225342,0.4371717899584293,0.3443595989763238,0.45208606297664844,NaN,NaN,NaN,NaN,4.696428571428571,7.490405117960498,2.217835364788723,0.8491040111739205,4.555555555555555,0.19642857142857142,0.31825593169964617,3.0,6.0,1.4378109452736318,0.6452304845047749,0.0,0.0
726,1,68.0,292.0,4.294117647058823,0.06409130816505706,0.16417910447761194,0.1044776119402985,0.25,0.625,0.16071428571428573,0.4107142857142857,0.20588235294117646,0.0,0.0,0.6428571428571429,0.4692968227517581,0.3857719751643961,0.32808248299319726,0.4328439494787665,NaN,NaN,NaN,NaN,5.214285714285714,6.624237275378916,2.290141347439039,1.004486579588098,5.15,0.26785714285714285,0.3590900892424511,5.0,9.0,1.9022556390977443,0.963682864570027,0.029411764705882353,0.0
727,1,68.0,246.0,3.6176470588235294,0.053994732221246705,0.16417910447761194,0.11940298507462686,0.26785714285714285,0.6071428571428571,0.23214285714285715,0.4107142857142857,0.20588235294117646,0.0,0.0,0.5714285714285714,0.4647716039001158,0.4092800644014991,0.34355158730158736,0.44895254922343947,NaN,NaN,NaN,NaN,4.392857142857143,5.882728406657365,2.300723832143571,1.0041354505293145,4.9375,0.26785714285714285,0.38400850172116263,4.0,9.0,1.6571428571428573,0.80815541003668,0.07352941176470588,0.0
728,1,68.0,280.0,4.117647058823529,0.061457418788410885,0.16417910447761194,0.11940298507462686,0.23214285714285715,0.6071428571428571,0.19642857142857142,0.39285714285714285,0.20588235294117646,0.0,0.0,0.7142857142857143,0.4938142752578507,0.4041461604015166,0.33860155621388344,0.450773425450777,NaN,NaN,NaN,NaN,5.0,6.114067237266711,2.2719526633673444,0.9558419747286948,5.083333333333334,0.2857142857142857,0.3311110310330085,4.0,8.0,1.85,0.8763889907603525,0.0,0.0
729,1,68.0,254.0,3.735294117647059,0.05575065847234416,0.16417910447761194,0.13432835820895522,0.25,0.625,0.23214285714285715,0.39285714285714285,0.20588235294117646,0.0,0.07142857142857142,0.5714285714285714,0.5178071946606704,0.3961217056770909,0.3538690476190475,0.45549940482091505,NaN,NaN,NaN,NaN,4.535714285714286,4.600254086714958,2.2890098635392393,0.9860249784006484,4.705882352941177,0.2857142857142857,0.4640302628350164,4.0,11.0,1.9429012345679013,0.8989839238444569,0.10294117647058823,0.0
73,1,68.0,242.0,3.5588235294117645,0.05311676909569798,0.16417910447761194,0.1044776119402985,0.25,0.625,0.21428571428571427,0.4642857142857143,0.20588235294117646,0.0,0.07142857142857142,0.6428571428571429,0.5097542878512403,0.41139775129145834,0.3576966970998926,0.4441464967435835,NaN,NaN,NaN,NaN,4.321428571428571,4.9215930268641594,2.2664990840665706,0.9523959764391138,4.621212121212121,0.26785714285714285,0.43290802482029234,5.0,10.0,1.8716216216216217,0.865041339977532,0.07352941176470588,0.0
730,1,68.0,290.0,4.264705882352941,0.0636523266022827,0.16417910447761194,0.0,0.25,0.625,0.16071428571428573,0.39285714285714285,0.20588235294117646,0.0,0.0,0.5714285714285714,0.5162866278475029,0.39399085003711715,0.33202239229024944,0.4423301526527709,NaN,NaN,NaN,NaN,5.178571428571429,7.665998465140235,2.3041307182094717,1.020191745979018,5.194444444444445,0.2857142857142857,0.39609585346459336,5.0,12.0,2.291329479768786,1.1699284616752461,0.04411764705882353,0.0
731,1,68.0,267.0,3.926470588235294,0.058604038630377525,0.16417910447761194,0.07462686567164178,0.25,0.6071428571428571,0.21428571428571427,0.44642857142857145,0.20588235294117646,0.0,0.07142857142857142,0.6428571428571429,0.5595171743663394,0.41717807649648325,0.34496022699860085,0.4388879192858641,NaN,NaN,NaN,NaN,4.767857142857143,7.001275394016232,2.2487189554570706,0.8886954033427418,4.25,0.2857142857142857,0.4489527629353778,4.0,11.0,1.7225352112676056,0.619772282467729,0.08823529411764706,0.0
732,1,68.0,207.0,3.0441176470588234,0.04543459174714662,0.16417910447761194,0.1044776119402985,0.23214285714285715,0.6607142857142857,0.25,0.4107142857142857,0.20588235294117646,0.0,0.07142857142857142,0.5714285714285714,0.48103097505964626,0.4225231811788521,0.35131094104308386,0.458922857061382,NaN,NaN,NaN,NaN,3.6964285714285716,3.4320396419470605,2.324822460079009,1.1139632664084078,5.8,0.26785714285714285,0.5176721890545285,6.0,11.0,2.0342960288808665,1.0384544568944158,0.08823529411764706,0.0
733,1,68.0,201.0,2.9558823529411766,0.04411764705882353,0.16417910447761194,0.13432835820895522,0.26785714285714285,0.625,0.23214285714285715,0.39285714285714285,0.20588235294117646,0.0,0.0,0.6428571428571429,0.4487278274430583,0.39644583280294965,0.33516433747412006,0.4427215972691239,NaN,NaN,NaN,NaN,3.5892857142857144,5.34883771814634,2.2746491735997707,0.9988010358167254,5.4,0.25,0.41487526323141577,5.0,10.0,2.0726577437858507,1.0461011409972105,0.10294117647058823,0.0
734,1,68.0,319.0,4.6911764705882355,0.07001755926251098,0.16417910447761194,0.029850746268656716,0.23214285714285715,0.6428571428571429,0.23214285714285715,0.4642857142857143,0.20588235294117646,0.0,0.07142857142857142,0.7142857142857143,0.5137300579260714,0.3960716781588328,0.354768407517185,0.4489705131066715,NaN,NaN,NaN,NaN,5.696428571428571,7.9519457718499025,2.2871918536869646,1.0057426887096204,5.423076923076923,0.26785714285714285,0.4754589696553279,5.0,8.0,1.7654986522911051,0.8158325070045698,0.0,0.0
735,1,68.0,278.0,4.088235294117647,0.061018437225636525,0.16417910447761194,0.029850746268656716,0.25,0.6071428571428571,0.21428571428571427,0.44642857142857145,0.20588235294117646,0.0,0.07142857142857142,0.5714285714285714,0.5506678699723974,0.3996621121004125,0.34851899092970523,0.4515631483628184,NaN,NaN,NaN,NaN,4.964285714285714,5.932849340637373,2.3002062757207575,0.9967507163684142,5.272727272727273,0.25,0.3956587171566842,6.0,11.0,2.0842105263157893,1.0808005415860686,0.07352941176470588,0.0
736,1,68.0,274.0,4.029411764705882,0.0601404741000878,0.16417910447761194,0.1044776119402985,0.25,0.6428571428571429,0.25,0.4107142857142857,0.20588235294117646,0.0,0.07142857142857142,0.6428571428571429,0.5125897537993627,0.4329120459816437,0.3468880821559393,0.45861644853424016,NaN,NaN,NaN,NaN,4.892857142857143,7.801348534775188,2.2204823249468384,0.8912332575517308,4.8,0.17857142857142858,0.3280918479497259,4.0,8.0,1.4953488372093022,0.7282041929022495,0.0,0.0
737,1,68.0,334.0,4.911764705882353,0.0733099209833187,0.16417910447761194,0.08955223880597014,0.19642857142857142,0.6428571428571429,0.23214285714285715,0.42857142857142855,0.20588235294117646,0.0,0.0,0.5714285714285714,0.5160690088535123,0.39716519848003157,0.3511590154032015,0.45312585687219814,NaN,NaN,NaN,NaN,5.964285714285714,8.633895751290712,2.210968718513225,0.8525477291828288,4.161290322580645,0.2857142857142857,0.37764129344382247,4.0,11.0,1.75875,0.7322695616291934,0.08823529411764706,0.0
738,1,68.0,210.0,3.088235294117647,0.046093064091308165,0.16417910447761194,0.1791044776119403,0.23214285714285715,0.6071428571428571,0.23214285714285715,0.39285714285714285,0.20588235294117646,0.0,0.07142857142857142,0.5714285714285714,0.5186834733893558,0.42234342154990157,0.32228004838298957,0.44638471073167696,NaN,NaN,NaN,NaN,3.75,4.605332877120927,2.3251861632165762,1.1128154744026795,5.833333333333334,0.2857142857142857,0.33171845400348654,5.0,7.0,1.9073634204275534,1.1141804305842227,0.0,0.0
739,1,68.0,259.0,3.8088235294117645,0.05684811237928007,0.16417910447761194,0.13432835820895522,0.26785714285714285,0.625,0.26785714285714285,0.44642857142857145,0.20588235294117646,0.0,0.07142857142857142,0.6428571428571429,0.5361104169671347,0.4104203044672922,0.3576715942787372,0.46012467650316197,NaN,NaN,NaN,NaN,4.625,5.851379013842495,2.3010611235435077,1.0212039100869381,5.181818181818182,0.25,0.37277589121438176,4.0,9.0,1.8569157392686804,0.8475540083256945,0.04411764705882353,0.0
74,1,68.0,257.0,3.7794117647058822,0.056409130816505705,0.16417910447761194,0.08955223880597014,0.26785714285714285,0.6071428571428571,0.25,0.4107142857142857,0.20588235294117646,0.0,0.07142857142857142,0.5714285714285714,0.5044250422201552,0.40832573616466267,0.3470205389848247,0.45147494211439243,NaN,NaN,NaN,NaN,4.589285714285714,5.231988273945316,2.2154867217068346,0.846366015798075,4.6,0.21428571428571427,0.36371310621747144,4.0,8.0,1.638996138996139,0.7193004849198656,0.029411764705882353,0.0
740,1,68.0,311.0,4.573529411764706,0.06826163301141353,0.16417910447761194,0.05970149253731343,0.21428571428571427,0.625,0.21428571428571427,0.42857142857142855,0.20588235294117646,0.0,0.07142857142857142,0.6428571428571429,0.5308521954399674,0.3929700968365654,0.34965535456606883,0.44401622594607376,NaN,NaN,NaN,NaN,5.553571428571429,7.9702164744347215,2.2155805467299023,0.8468503128221846,4.171428571428571,0.2857142857142857,0.3247971293961741,4.0,8.0,1.6224648985959438,0.6715612703109011,0.029411764705882353,0.0
741,1,68.0,266.0,3.911764705882353,0.058384547848990345,0.16417910447761194,0.05970149253731343,0.30357142857142855,0.625,0.23214285714285715,0.4107142857142857,0.20588235294117646,0.0,0.07142857142857142,0.5714285714285714,0.5348587417707995,0.4019946082951375,0.34696248196248203,0.4559703903713052,NaN,NaN,NaN,NaN,4.75,5.360630899097945,2.2787636245012997,0.9571367888168498,4.416666666666666,0.21428571428571427,0.3916917368481992,5.0,11.0,1.9895150720838795,0.9277835472070367,0.10294117647058823,0.0
742,1,68.0,299.0,4.397058823529412,0.06562774363476734,0.16417910447761194,0.13432835820895522,0.25,0.625,0.125,0.42857142857142855,0.20588235294117646,0.0,0.0,0.5714285714285714,0.43223385028917155,0.3855516048200348,0.3278627100760559,0.4212218366277785,NaN,NaN,NaN,NaN,5.339285714285714,6.126772205846866,2.3592447111911996,1.164753282901025,6.333333333333333,0.26785714285714285,0.3803938471058948,6.0,9.0,2.0303468208092488,1.1690427496259386,0.058823529411764705,0.0
743,1,68.0,295.0,4.338235294117647,0.06474978050921862,0.16417910447761194,0.07462686567164178,0.23214285714285715,0.625,0.23214285714285715,0.44642857142857145,0.20588235294117646,0.0,0.0,0.6428571428571429,0.5149507976954435,0.3886923483562272,0.3527434658073756,0.44710834443948644,NaN,NaN,NaN,NaN,5.267857142857143,6.994780057439123,2.2501281972182614,0.919474663433129,4.514285714285714,0.2857142857142857,0.3496195379355525,4.0,9.0,1.8921052631578947,0.8349675398445942,0.029411764705882353,0.0
744,1,68.0,289.0,4.25,0.06343283582089553,0.16417910447761194,0.1044776119402985,0.17857142857142858,0.6071428571428571,0.14285714285714285,0.4642857142857143,0.20588235294117646,0.0,0.0,0.6428571428571429,0.48091417396225344,0.3654094633414927,0.32503392314372553,0.4147210538907332,NaN,NaN,NaN,NaN,5.160714285714286,6.779050042632779,2.282001328545288,0.9748213794311905,4.875,0.3392857142857143,0.4887756670901508,5.0,11.0,1.8018018018018018,0.8242908438438875,0.10294117647058823,0.0
745,1,68.0,211.0,3.1029411764705883,0.046312554872695345,0.16417910447761194,0.08955223880597014,0.26785714285714285,0.625,0.25,0.44642857142857145,0.20588235294117646,0.0,0.07142857142857142,0.5714285714285714,0.5167750469239908,0.3954266418335384,0.34989087301587307,0.4517398019936997,NaN,NaN,NaN,NaN,3.767857142857143,4.186519801929527,2.2980863100963544,1.0086595580074689,4.87037037037037,0.25,0.384417181704888,7.0,12.0,2.194074074074074,1.1397695484548653,0.0,0.0
746,1,68.0,270.0,3.9705882352941178,0.05926251097453907,0.16417910447761194,0.1044776119402985,0.26785714285714285,0.6071428571428571,0.19642857142857142,0.4107142857142857,0.20588235294117646,0.0,0.07142857142857142,0.6428571428571429,0.48851265883030454,0.39372042568067744,0.3326952491522925,0.4379290977883428,NaN,NaN,NaN,NaN,4.821428571428571,6.197087711489656,2.2892643022331565,0.9712311252505454,4.928571428571429,0.2857142857142857,0.44799608757168274,5.0,11.0,1.9462809917355373,0.8935824518062777,0.07352941176470588,0.0
747,1,68.0,242.0,3.5588235294117645,0.05311676909569798,0.16417910447761194,0.1791044776119403,0.2857142857142857,0.625,0.16071428571428573,0.375,0.20588235294117646,0.0,0.0,0.5714285714285714,0.4819286974048879,0.38482006960286963,0.3307327097505669,0.44542995199938895,NaN,NaN,NaN,NaN,4.321428571428571,4.435834011392151,2.3031818455639517,1.0362868075285636,5.0,0.16071428571428573,0.3766307980842206,4.0,9.0,1.7765151515151516,0.8509719723250054,0.058823529411764705,0.0
748,1,68.0,244.0,3.588235294117647,0.053555750658472345,0.16417910447761194,0.13432835820895522,0.25,0.6428571428571429,0.19642857142857142,0.4107142857142857,0.20588235294117646,0.0,0.07142857142857142,0.6428571428571429,0.47137208069697845,0.39780318032251477,0.3324461722488038,0.4366454602970364,NaN,NaN,NaN,NaN,4.357142857142857,4.558423058385517,2.2742891856132132,0.9811721401905371,4.695652173913043,0.26785714285714285,0.4048206880722641,4.0,9.0,1.8114186851211074,0.8183813722828017,0.058823529411764705,0.0
749,1,68.0,304.0,4.470588235294118,0.06672519754170325,0.16417910447761194,0.08955223880597014,0.25,0.6071428571428571,0.25,0.42857142857142855,0.20588235294117646,0.0,0.0,0.6428571428571429,0.4892784613162365,0.40527185787009895,0.35539547258297255,0.45558306196692716,NaN,NaN,NaN,NaN,5.428571428571429,7.09892986264868,2.320618559040395,1.0416496363542957,5.25,0.26785714285714285,0.437244394014632,5.0,12.0,2.036144578313253,0.9914688343655678,0.10294117647058823,0.0
75,1,68.0,307.0,4.514705882352941,0.06738366988586479,0.16417910447761194,0.0,0.23214285714285715,0.625,0.21428571428571427,0.42857142857142855,0.20588235294117646,0.0,0.0,0.5714285714285714,0.5211408094232143,0.40830233501276786,0.34607233044733043,0.4519388298017953,NaN,NaN,NaN,NaN,5.482142857142857,9.526978098448199,2.261996958201946,0.9498848060046742,4.666666666666666,0.26785714285714285,0.3959368444906119,4.0,11.0,1.8864734299516908,0.8015466476217932,0.04411764705882353,0.0
750,1,68.0,271.0,3.985294117647059,0.05948200175592625,0.16417910447761194,0.13432835820895522,0.2857142857142857,0.625,0.25,0.42857142857142855,0.20588235294117646,0.0,0.07142857142857142,0.6428571428571429,0.5397976884293121,0.41970828046304764,0.35440339822388695,0.4585232639056942,NaN,NaN,NaN,NaN,4.839285714285714,5.565402168639864,2.2490022896645097,0.8993234079452114,4.4,0.23214285714285715,0.3768369773573825,4.0,10.0,1.7311827956989247,0.7037886365918851,0.08823529411764706,0.0
751,1,68.0,299.0,4.397058823529412,0.06562774363476734,0.16417910447761194,0.04477611940298507,0.26785714285714285,0.625,0.25,0.42857142857142855,0.20588235294117646,0.0,0.0,0.6428571428571429,0.5475040905851365,0.3961166398060664,0.35157870772422445,0.45178056592398097,NaN,NaN,NaN,NaN,5.339285714285714,7.812057779692029,2.2456546220666307,0.8909972781785233,4.5,0.26785714285714285,0.4556546362902263,5.0,11.0,1.7796610169491525,0.7662620878592056,0.058823529411764705,0.0
752,1,68.0,272.0,4.0,0.05970149253731343,0.16417910447761194,0.1044776119402985,0.21428571428571427,0.6071428571428571,0.17857142857142858,0.42857142857142855,0.20588235294117646,0.0,0.07142857142857142,0.5714285714285714,0.49593690814284147,0.3842924239673995,0.33886323207443897,0.43732923289856407,NaN,NaN,NaN,NaN,4.857142857142857,5.826049874731346,2.273955861300206,0.9558808158078709,4.611940298507463,0.32142857142857145,0.4044169332779145,4.0,11.0,1.8105263157894738,0.7782107178455515,0.058823529411764705,0.0
753,1,68.0,261.0,3.838235294117647,0.05728709394205443,0.16417910447761194,0.13432835820895522,0.25,0.625,0.17857142857142858,0.42857142857142855,0.20588235294117646,0.0,0.0,0.7142857142857143,0.5022503888402146,0.37833644628630503,0.333515489529145,0.43377207912941895,NaN,NaN,NaN,NaN,4.660714285714286,5.100006366178865,2.259165255692702,0.9377013798803977,5.0,0.25,0.33795645594323626,4.0,7.0,1.796875,0.8064623087281023,0.058823529411764705,0.0
754,1,68.0,253.0,3.7205882352941178,0.05553116769095698,0.16417910447761194,0.11940298507462686,0.23214285714285715,0.6428571428571429,0.25,0.39285714285714285,0.20588235294117646,0.0,0.07142857142857142,0.6428571428571429,0.47352783442922614,0.39781413816405015,0.3375496031746032,0.45145139149911123,NaN,NaN,NaN,NaN,4.517857142857143,5.666459761947158,2.270767179067435,0.9808672051608718,4.861111111111111,0.26785714285714285,0.40635292642540444,4.0,10.0,1.839607201309329,0.8320244969284494,0.08823529411764706,0.0
755,1,68.0,270.0,3.9705882352941178,0.05926251097453907,0.16417910447761194,0.0,0.2857142857142857,0.6607142857142857,0.21428571428571427,0.4107142857142857,0.20588235294117646,0.0,0.07142857142857142,0.6428571428571429,0.507176306959456,0.40225371268061516,0.335401850133993,0.446216339599001,NaN,NaN,NaN,NaN,4.821428571428571,7.34625976041771,2.3109379253641102,1.0848032702898782,6.083333333333333,0.21428571428571427,0.4812699547254426,6.0,10.0,2.0833333333333335,1.105525951627494,0.029411764705882353,0.0
756,1,68.0,232.0,3.411764705882353,0.050921861281826165,0.16417910447761194,0.13432835820895522,0.2857142857142857,0.6428571428571429,0.19642857142857142,0.39285714285714285,0.20588235294117646,0.0,0.0,0.6428571428571429,0.4996029082445112,0.39678646047435906,0.33627286059351275,0.4395648233437537,NaN,NaN,NaN,NaN,4.142857142857143,5.075533367148615,2.2443287529222764,0.91698023900563,4.694444444444445,0.19642857142857142,0.3748943136158361,4.0,11.0,1.7918968692449355,0.7937536892725116,0.07352941176470588,0.0
757,1,68.0,288.0,4.235294117647059,0.06321334503950835,0.16417910447761194,0.014925373134328358,0.25,0.625,0.26785714285714285,0.42857142857142855,0.20588235294117646,0.0,0.07142857142857142,0.5714285714285714,0.5374492858263196,0.4023726511745742,0.3519054332259219,0.45918048167990205,NaN,NaN,NaN,NaN,5.142857142857143,7.948535763222102,2.281269183993271,0.9736421033669821,5.277777777777778,0.2857142857142857,0.4345289341111678,4.0,9.0,1.6773675762439808,0.715189902181047,0.07352941176470588,0.0
758,1,68.0,256.0,3.764705882352941,0.056189640035118525,0.16417910447761194,0.14925373134328357,0.2857142857142857,0.6428571428571429,0.16071428571428573,0.4107142857142857,0.20588235294117646,0.0,0.0,0.7142857142857143,0.5030899808866225,0.37575468308480603,0.34558531746031745,0.43457823535550066,NaN,NaN,NaN,NaN,4.571428571428571,4.040059148339035,2.299153068412635,1.037153879953973,5.291666666666666,0.23214285714285715,0.42345612027490126,5.0,11.0,1.9090909090909092,0.9308699409727725,0.11764705882352941,0.0
759,1,68.0,220.0,3.235294117647059,0.048287971905179985,0.16417910447761194,0.1791044776119403,0.2857142857142857,0.6071428571428571,0.21428571428571427,0.42857142857142855,0.20588235294117646,0.0,0.07142857142857142,0.5714285714285714,0.5144977233498932,0.3998739394423678,0.3425646278324849,0.44358759487778837,NaN,NaN,NaN,NaN,3.9285714285714284,3.0202777888925914,2.29632661870661,0.9821838712831312,4.837837837837838,0.26785714285714285,0.4749073260862466,6.0,13.0,2.0895953757225434,0.9995983901979112,0.10294117647058823,0.0
76,1,68.0,217.0,3.1911764705882355,0.04762949956101844,0.16417910447761194,0.04477611940298507,0.2857142857142857,0.6428571428571429,0.26785714285714285,0.39285714285714285,0.20588235294117646,0.0,0.07142857142857142,0.6428571428571429,0.5808310255920549,0.42376701398231514,0.34206928983714696,0.4600276116680098,NaN,NaN,NaN,NaN,3.875,7.107134699466701,2.282923338183914,0.9885112137302015,5.0,0.19642857142857142,0.36360669943825563,4.0,9.0,2.0016207455429496,0.909008289411199,0.029411764705882353,0.0
760,1,68.0,240.0,3.5294117647058822,0.05267778753292362,0.16417910447761194,0.11940298507462686,0.26785714285714285,0.6428571428571429,0.2857142857142857,0.375,0.20588235294117646,0.0,0.07142857142857142,0.5714285714285714,0.5175953426012166,0.4126785701139957,0.3422619047619047,0.46341632443699016,NaN,NaN,NaN,NaN,4.285714285714286,5.083714768174533,2.316011107203482,1.0625928647687193,5.166666666666666,0.25,0.39313609394641547,5.0,9.0,1.8389662027833003,0.983890422454302,0.0,0.0
761,1,68.0,349.0,5.132352941176471,0.07660228270412643,0.16417910447761194,0.014925373134328358,0.23214285714285715,0.625,0.21428571428571427,0.44642857142857145,0.20588235294117646,0.0,0.0,0.5714285714285714,0.47922753888914776,0.3991402283015305,0.34764481028578775,0.44623698284003754,NaN,NaN,NaN,NaN,6.232142857142857,8.538663023785762,2.2771414254219042,0.949252630845219,4.5,0.30357142857142855,0.3845046598236092,4.0,10.0,1.7213333333333334,0.7843246196787835,0.08823529411764706,0.0
762,1,68.0,212.0,3.1176470588235294,0.046532045654082525,0.16417910447761194,0.1044776119402985,0.26785714285714285,0.6428571428571429,0.26785714285714285,0.42857142857142855,0.20588235294117646,0.0,0.07142857142857142,0.5714285714285714,0.5253712778128424,0.4138970667960249,0.36701743197278913,0.46190524692015134,NaN,NaN,NaN,NaN,3.7857142857142856,4.523531547622683,2.305627114922055,1.0651648966297234,5.083333333333334,0.23214285714285715,0.5401841509441369,6.0,10.0,2.3161875945537065,1.1939981173138015,0.058823529411764705,0.0
763,1,68.0,275.0,4.044117647058823,0.06035996488147498,0.16417910447761194,0.07462686567164178,0.26785714285714285,0.625,0.25,0.39285714285714285,0.20588235294117646,0.0,0.0,0.6428571428571429,0.5088726807662477,0.40406485356351113,0.3479339700996678,0.4621324883418033,NaN,NaN,NaN,NaN,4.910714285714286,6.6777154114924,2.281110568622076,0.9654421835260004,4.655737704918033,0.25,0.428374473952183,4.0,12.0,1.9105058365758756,0.7869263754764069,0.10294117647058823,0.0
764,1,68.0,259.0,3.8088235294117645,0.05684811237928007,0.16417910447761194,0.11940298507462686,0.2857142857142857,0.6071428571428571,0.21428571428571427,0.39285714285714285,0.20588235294117646,0.0,0.07142857142857142,0.5714285714285714,0.49275848459934446,0.3951737743417183,0.32995134457291686,0.44603495587734204,NaN,NaN,NaN,NaN,4.625,4.645868154510081,2.288460626372311,0.972151787552013,4.75,0.23214285714285715,0.3452996953807196,4.0,10.0,1.8197492163009403,0.7926973998809598,0.07352941176470588,0.0
765,1,68.0,258.0,3.7941176470588234,0.05662862159789289,0.16417910447761194,0.11940298507462686,0.25,0.6607142857142857,0.19642857142857142,0.39285714285714285,0.20588235294117646,0.0,0.0,0.5714285714285714,0.4836497784145695,0.4154021508748602,0.34042658730158726,0.4488176673321485,NaN,NaN,NaN,NaN,4.607142857142857,6.119056883446756,2.2145568917188108,0.9078080984037806,4.846153846153847,0.17857142857142858,0.3788652768648017,4.0,7.0,1.5,0.72080503757985,0.04411764705882353,0.0
766,1,68.0,277.0,4.073529411764706,0.06079894644424934,0.16417910447761194,0.1044776119402985,0.26785714285714285,0.6428571428571429,0.23214285714285715,0.4107142857142857,0.20588235294117646,0.0,0.07142857142857142,0.6428571428571429,0.536579132084522,0.41159743279755556,0.34688400709934325,0.4525808880317176,NaN,NaN,NaN,NaN,4.946428571428571,6.23893826298599,2.2159140066415004,0.8580095071793717,4.136363636363637,0.17857142857142858,0.37855968748304475,3.0,10.0,1.6398763523956723,0.5981022491824263,0.07352941176470588,0.0
767,1,68.0,262.0,3.8529411764705883,0.05750658472344162,0.16417910447761194,0.04477611940298507,0.25,0.6071428571428571,0.19642857142857142,0.4107142857142857,0.20588235294117646,0.0,0.0,0.7142857142857143,0.5353056429193871,0.40760561199471373,0.3411131996658313,0.44357548319743206,NaN,NaN,NaN,NaN,4.678571428571429,5.612023271049861,2.255976862809672,0.9180416318723835,4.714285714285714,0.26785714285714285,0.3861052974560163,6.0,9.0,1.8468013468013469,0.9692219046413634,0.029411764705882353,0.0
768,1,68.0,181.0,2.661764705882353,0.03972783143107989,0.16417910447761194,0.19402985074626866,0.30357142857142855,0.6071428571428571,0.25,0.375,0.20588235294117646,0.0,0.07142857142857142,0.5714285714285714,0.4928589164237123,0.4008073324807188,0.33415532879818594,0.45207749028534555,NaN,NaN,NaN,NaN,3.232142857142857,2.55834514288629,2.3361763302583984,1.0693724122978874,5.111111111111111,0.26785714285714285,0.44602875478538384,5.0,11.0,2.1638418079096047,1.087446171048501,0.029411764705882353,0.0
769,1,68.0,284.0,4.176470588235294,0.06233538191395961,0.16417910447761194,0.04477611940298507,0.25,0.6071428571428571,0.19642857142857142,0.4642857142857143,0.20588235294117646,0.0,0.0,0.5714285714285714,0.5435308005322423,0.40114695289899654,0.35229646345717774,0.4442204579341924,NaN,NaN,NaN,NaN,5.071428571428571,5.867807838636915,2.2523666273848484,0.9019736958252124,4.7,0.26785714285714285,0.3515311528171647,5.0,9.0,1.9350282485875707,0.9595874433503612,0.0,0.0
77,1,68.0,267.0,3.926470588235294,0.058604038630377525,0.16417910447761194,0.11940298507462686,0.25,0.625,0.25,0.4107142857142857,0.20588235294117646,0.0,0.14285714285714285,0.6428571428571429,0.5355161256663629,0.4146798756728911,0.35990079365079364,0.4577502456556275,NaN,NaN,NaN,NaN,4.767857142857143,5.865123641039063,2.2239589991350988,0.8695795107311435,4.3,0.25,0.42330516135266544,4.0,10.0,1.8136942675159236,0.8273651316580324,0.07352941176470588,0.0
770,1,68.0,263.0,3.8676470588235294,0.0577260755048288,0.16417910447761194,0.04477611940298507,0.25,0.625,0.17857142857142858,0.44642857142857145,0.20588235294117646,0.0,0.07142857142857142,0.5714285714285714,0.499196096172568,0.39715515141811897,0.34731292517006807,0.4313095210357247,NaN,NaN,NaN,NaN,4.696428571428571,5.267118041921263,2.2461659996598407,0.9144417794468718,4.583333333333334,0.25,0.3698975953812288,4.0,10.0,1.711835334476844,0.7479506206390082,0.04411764705882353,0.0
771,1,68.0,283.0,4.161764705882353,0.06211589113257243,0.16417910447761194,0.014925373134328358,0.23214285714285715,0.6428571428571429,0.23214285714285715,0.42857142857142855,0.20588235294117646,0.0,0.14285714285714285,0.5714285714285714,0.5531601555331503,0.4099127221280336,0.35656850459482037,0.4507162462990589,NaN,NaN,NaN,NaN,5.053571428571429,6.576596640863979,2.204146839271488,0.8565501188463819,4.541666666666666,0.25,0.371246880256615,4.0,8.0,1.7704678362573099,0.7507570120911929,0.029411764705882353,0.0
772,1,68.0,309.0,4.544117647058823,0.06782265144863915,0.16417910447761194,0.1044776119402985,0.21428571428571427,0.6428571428571429,0.17857142857142858,0.4107142857142857,0.20588235294117646,0.0,0.0,0.6428571428571429,0.5297938985108257,0.38914387036672743,0.3424092970521542,0.44504604368039574,NaN,NaN,NaN,NaN,5.517857142857143,6.8436860653480425,2.2670864294088333,0.9567989796184638,4.75,0.2857142857142857,0.3568279140341933,6.0,9.0,2.0085889570552147,1.0797100560046706,0.08823529411764706,0.0
773,1,68.0,283.0,4.161764705882353,0.06211589113257243,0.16417910447761194,0.07462686567164178,0.26785714285714285,0.6428571428571429,0.17857142857142858,0.4107142857142857,0.20588235294117646,0.0,0.0,0.6428571428571429,0.5188087801135756,0.3958905760106891,0.34070294784580496,0.4454244044425138,NaN,NaN,NaN,NaN,5.053571428571429,6.656287916787316,2.2980104323116155,1.0236854810220772,5.272727272727273,0.25,0.3223181297461205,6.0,9.0,2.0164917541229386,1.073023422541323,0.04411764705882353,0.0
774,1,68.0,248.0,3.6470588235294117,0.05443371378402107,0.16417910447761194,0.014925373134328358,0.23214285714285715,0.6607142857142857,0.21428571428571427,0.42857142857142855,0.20588235294117646,0.0,0.0,0.5714285714285714,0.5055490035047209,0.3942757747609426,0.33916802443588157,0.4444170311340558,NaN,NaN,NaN,NaN,4.428571428571429,6.038835356882358,2.2479853368584677,0.9475861973640619,4.583333333333334,0.25,0.3884897453052864,5.0,9.0,2.0083333333333333,0.9104172269465254,0.04411764705882353,0.0
775,1,68.0,240.0,3.5294117647058822,0.05267778753292362,0.16417910447761194,0.04477611940298507,0.26785714285714285,0.6428571428571429,0.19642857142857142,0.42857142857142855,0.20588235294117646,0.0,0.0,0.5714285714285714,0.5220334108711256,0.4003046509637251,0.3385355047816228,0.4394738929703895,NaN,NaN,NaN,NaN,4.285714285714286,4.630783502190083,2.246772449200421,0.9192839167008345,4.7,0.23214285714285715,0.38546694882940813,4.0,8.0,1.8689547581903276,0.8013584166978475,0.04411764705882353,0.0
776,1,68.0,322.0,4.735294117647059,0.07067603160667252,0.16417910447761194,0.05970149253731343,0.19642857142857142,0.625,0.14285714285714285,0.44642857142857145,0.20588235294117646,0.0,0.0,0.5714285714285714,0.49089967071052026,0.37947704725111653,0.32982751114799985,0.4247021320293989,NaN,NaN,NaN,NaN,5.75,7.395944834840239,2.205873800589787,0.8259800326278823,4.416666666666666,0.30357142857142855,0.31042682588498094,5.0,7.0,1.5823429541595926,0.7345417919268967,0.0,0.0
777,1,68.0,264.0,3.8823529411764706,0.05794556628621598,0.16417910447761194,0.014925373134328358,0.26785714285714285,0.625,0.16071428571428573,0.42857142857142855,0.20588235294117646,0.0,0.07142857142857142,0.5714285714285714,0.45892725029292825,0.37421567328308686,0.30951420258485474,0.41495694993860827,NaN,NaN,NaN,NaN,4.714285714285714,6.916947003133379,2.275868349040821,0.9966980432992373,5.387096774193548,0.23214285714285715,0.40632241528479557,5.0,8.0,1.849662162162162,0.955543034836964,0.029411764705882353,0.0
778,1,68.0,259.0,3.8088235294117645,0.05684811237928007,0.16417910447761194,0.05970149253731343,0.23214285714285715,0.625,0.21428571428571427,0.42857142857142855,0.20588235294117646,0.0,0.0,0.5714285714285714,0.5683985427472983,0.40017925893885026,0.35220089929911363,0.45149576034095246,NaN,NaN,NaN,NaN,4.625,4.5629436272492505,2.3072934554067475,1.0200006668806139,4.71875,0.2857142857142857,0.4099749463995317,6.0,12.0,2.1269035532994924,1.0240498398754747,0.10294117647058823,0.0
779,1,68.0,268.0,3.9411764705882355,0.058823529411764705,0.16417910447761194,0.014925373134328358,0.21428571428571427,0.6071428571428571,0.2857142857142857,0.4642857142857143,0.20588235294117646,0.0,0.07142857142857142,0.5714285714285714,0.5673631388785806,0.40565627399712995,0.3659888722388723,0.45900743516848674,NaN,NaN,NaN,NaN,4.785714285714286,7.164849261154412,2.231996204045353,0.8665862289753958,4.607142857142858,0.30357142857142855,0.3889272215921843,4.0,8.0,1.7546848381601363,0.8102106673070844,0.058823529411764705,0.0
78,1,68.0,248.0,3.6470588235294117,0.05443371378402107,0.16417910447761194,0.11940298507462686,0.2857142857142857,0.625,0.19642857142857142,0.375,0.20588235294117646,0.0,0.07142857142857142,0.6428571428571429,0.5022969351412359,0.41979259886036074,0.33756141345427054,0.453091990876994,NaN,NaN,NaN,NaN,4.428571428571429,4.9684720272649505,2.304439530267383,1.0272549657368406,5.083333333333334,0.26785714285714285,0.3938531971400997,5.0,11.0,1.951219512195122,0.8712699340672401,0.07352941176470588,0.0
780,1,68.0,240.0,3.5294117647058822,0.05267778753292362,0.16417910447761194,0.08955223880597014,0.2857142857142857,0.6428571428571429,0.14285714285714285,0.375,0.20588235294117646,0.0,0.0,0.5714285714285714,0.3985737214278143,0.40099789291653987,0.2970592403628118,0.4181520953941653,NaN,NaN,NaN,NaN,4.285714285714286,5.489541413912909,2.2987605512808127,1.0372293196684506,5.076923076923077,0.17857142857142858,0.4228038351797663,5.0,10.0,1.9288025889967637,0.9009874952730165,0.058823529411764705,0.0
781,1,68.0,372.0,5.470588235294118,0.08165057067603161,0.16417910447761194,0.05970149253731343,0.21428571428571427,0.6071428571428571,0.21428571428571427,0.42857142857142855,0.20588235294117646,0.0,0.0,0.6428571428571429,0.5081982699998825,0.3885739667339178,0.33915598290598287,0.44116515770024667,NaN,NaN,NaN,NaN,6.642857142857143,8.100344709676522,2.2997319549426862,0.9805169608828851,4.916666666666666,0.3392857142857143,0.39014418272621343,5.0,13.0,1.9190628328008519,0.9118087972970073,0.11764705882352941,0.0
782,1,68.0,256.0,3.764705882352941,0.056189640035118525,0.16417910447761194,0.07462686567164178,0.23214285714285715,0.6428571428571429,0.2857142857142857,0.42857142857142855,0.20588235294117646,0.0,0.0,0.6428571428571429,0.534696881192745,0.4039653324307653,0.3619489462451647,0.46353427007814785,NaN,NaN,NaN,NaN,4.571428571428571,5.294446980674076,2.2343513929890064,0.8963163361371869,4.4406779661016955,0.26785714285714285,0.3534981240734363,4.0,9.0,1.6543438077634012,0.6943719411730553,0.04411764705882353,0.0
783,1,68.0,251.0,3.6911764705882355,0.05509218612818262,0.16417910447761194,0.08955223880597014,0.25,0.6428571428571429,0.25,0.4107142857142857,0.20588235294117646,0.0,0.0,0.5714285714285714,0.5344395469566969,0.40269601954981504,0.3562232905982906,0.45667164461887805,NaN,NaN,NaN,NaN,4.482142857142857,5.708020103897105,2.2384055143835466,0.9034969028394646,4.448275862068965,0.23214285714285715,0.3731174603631806,5.0,10.0,1.9161184210526316,0.9315290431737765,0.029411764705882353,0.0
784,1,68.0,223.0,3.2794117647058822,0.048946444249341525,0.16417910447761194,0.04477611940298507,0.25,0.6607142857142857,0.2857142857142857,0.44642857142857145,0.20588235294117646,0.0,0.14285714285714285,0.5714285714285714,0.5295066927211195,0.41721518416476794,0.36392661794447506,0.46276447576766155,NaN,NaN,NaN,NaN,3.982142857142857,5.763493484238285,2.312775905816872,1.132389229083005,5.9,0.21428571428571427,0.5908585946825884,6.0,10.0,2.2908496732026142,1.3197658611530427,0.10294117647058823,0.0
785,1,68.0,301.0,4.426470588235294,0.0660667251975417,0.16417910447761194,0.0,0.21428571428571427,0.625,0.19642857142857142,0.4107142857142857,0.20588235294117646,0.0,0.07142857142857142,0.5714285714285714,0.5061136274623127,0.39045781183199235,0.3405541083593409,0.4474291695737002,NaN,NaN,NaN,NaN,5.375,7.508934072762319,2.298437552038436,1.005085745653643,5.205882352941177,0.32142857142857145,0.36578927121638866,4.0,8.0,2.0586034912718203,0.9957748668278501,0.07352941176470588,0.0
786,1,68.0,263.0,3.8676470588235294,0.0577260755048288,0.16417910447761194,0.11940298507462686,0.25,0.625,0.21428571428571427,0.42857142857142855,0.20588235294117646,0.0,0.0,0.7142857142857143,0.5696664079358651,0.4022976109667546,0.34509165508308587,0.44782538541715566,NaN,NaN,NaN,NaN,4.696428571428571,5.019669104839275,2.2291200859080176,0.8968821783908166,4.9714285714285715,0.23214285714285715,0.34110726403886393,5.0,8.0,1.8050420168067227,0.9020971394885182,0.058823529411764705,0.0
787,1,68.0,245.0,3.6029411764705883,0.053775241439859525,0.16417910447761194,0.08955223880597014,0.26785714285714285,0.625,0.17857142857142858,0.42857142857142855,0.20588235294117646,0.0,0.07142857142857142,0.6428571428571429,0.4593961563161349,0.38760959949824747,0.33734117803666674,0.43553002427130233,NaN,NaN,NaN,NaN,4.375,4.27067165251982,2.3457080476943273,1.1223332305734568,5.875,0.26785714285714285,0.4188654318324497,5.0,9.0,1.959322033898305,1.0168560094702972,0.029411764705882353,0.0
788,1,68.0,293.0,4.3088235294117645,0.06431079894644424,0.16417910447761194,0.0,0.25,0.625,0.19642857142857142,0.4107142857142857,0.20588235294117646,0.0,0.0,0.6428571428571429,0.4619268482697307,0.3932709829162492,0.3236990629585167,0.4389085480530207,NaN,NaN,NaN,NaN,5.232142857142857,8.157519835717833,2.2536171348537994,0.9374722842803693,5.0,0.26785714285714285,0.4053348075461686,4.0,8.0,1.7669291338582678,0.8288046881252524,0.029411764705882353,0.0
789,1,68.0,260.0,3.823529411764706,0.05706760316066725,0.16417910447761194,0.13432835820895522,0.2857142857142857,0.6071428571428571,0.23214285714285715,0.42857142857142855,0.20588235294117646,0.0,0.07142857142857142,0.5714285714285714,0.4831932861441808,0.40421799635215117,0.35172193877551017,0.45192543252136136,NaN,NaN,NaN,NaN,4.642857142857143,5.998268148325879,2.3637840538282764,1.1774953449111543,6.75,0.25,0.4711101316397845,8.0,13.0,2.286089238845144,1.3425379235335713,0.07352941176470588,0.0
79,1,68.0,207.0,3.0441176470588234,0.04543459174714662,0.16417910447761194,0.1044776119402985,0.30357142857142855,0.6428571428571429,0.25,0.4107142857142857,0.20588235294117646,0.0,0.07142857142857142,0.6428571428571429,0.5353175864727203,0.3985580475996127,0.34567828005328005,0.4512017407686658,NaN,NaN,NaN,NaN,3.6964285714285716,4.1731594434264965,2.319561355039296,1.0720230511056903,5.555555555555555,0.21428571428571427,0.3837971956991099,6.0,7.0,2.0353817504655494,1.0827064509115278,0.0,0.0
790,1,68.0,228.0,3.3529411764705883,0.05004389815627744,0.16417910447761194,0.13432835820895522,0.25,0.625,0.21428571428571427,0.4107142857142857,0.20588235294117646,0.0,0.07142857142857142,0.5714285714285714,0.4969990240639907,0.4108375458528005,0.3376204648526077,0.44596829194643967,NaN,NaN,NaN,NaN,4.071428571428571,4.678216998570532,2.286826413833137,1.0282239273967533,6.2,0.26785714285714285,0.37318067696319857,6.0,9.0,1.7972972972972974,1.0471467809914519,0.029411764705882353,0.0
791,1,68.0,212.0,3.1176470588235294,0.046532045654082525,0.16417910447761194,0.22388059701492538,0.30357142857142855,0.625,0.19642857142857142,0.4107142857142857,0.20588235294117646,0.0,0.0,0.5714285714285714,0.4650504233015198,0.40222575216976636,0.3446053580922002,0.444542861132004,NaN,NaN,NaN,NaN,3.7857142857142856,4.232833934479727,2.3125985263014646,1.0717699483956835,6.0,0.17857142857142858,0.38578712224721273,5.0,8.0,1.724705882352941,0.9300925448923745,0.04411764705882353,0.0
792,1,68.0,289.0,4.25,0.06343283582089553,0.16417910447761194,0.16417910447761194,0.25,0.6071428571428571,0.23214285714285715,0.39285714285714285,0.20588235294117646,0.0,0.0,0.6428571428571429,0.44977715467561147,0.424273187040953,0.34075255102040813,0.44831845233925616,NaN,NaN,NaN,NaN,5.160714285714286,8.065136612074749,2.280675101605629,0.9996700159821325,5.375,0.23214285714285715,0.33311750576158294,5.0,9.0,1.492099322799097,0.8110134819722278,0.0,0.0
793,1,68.0,197.0,2.8970588235294117,0.043239683933274806,0.16417910447761194,0.11940298507462686,0.26785714285714285,0.6607142857142857,0.23214285714285715,0.4107142857142857,0.20588235294117646,0.0,0.07142857142857142,0.5714285714285714,0.5418610090365511,0.4100700742368533,0.3418296485260771,0.4437242591661792,NaN,NaN,NaN,NaN,3.517857142857143,4.831679818668645,2.2702551711603842,1.0096891575167168,4.888888888888889,0.21428571428571427,0.4047932798424966,4.0,8.0,1.8052256532066508,0.8891254445252654,0.0,0.0
794,1,68.0,248.0,3.6470588235294117,0.05443371378402107,0.16417910447761194,0.14925373134328357,0.21428571428571427,0.625,0.26785714285714285,0.39285714285714285,0.20588235294117646,0.0,0.07142857142857142,0.7142857142857143,0.5006496671481744,0.42071547764665534,0.33947897340754485,0.4598721758160324,NaN,NaN,NaN,NaN,4.428571428571429,5.4667828094514865,2.2990722094026497,1.0392662889705364,5.5,0.2857142857142857,0.4095044579954032,5.0,9.0,1.8462929475587704,0.9497662761141035,0.04411764705882353,0.0
795,1,68.0,326.0,4.794117647058823,0.07155399473222125,0.16417910447761194,0.04477611940298507,0.25,0.6071428571428571,0.23214285714285715,0.42857142857142855,0.20588235294117646,0.0,0.07142857142857142,0.6428571428571429,0.5214272606751924,0.3939098317466313,0.342473544973545,0.4489892476845276,NaN,NaN,NaN,NaN,5.821428571428571,6.347818932106145,2.2567087422342893,0.8993447791363677,4.391304347826087,0.2857142857142857,0.35387351607175643,4.0,10.0,1.7527272727272727,0.7084410990483465,0.07352941176470588,0.0
796,1,68.0,252.0,3.7058823529411766,0.0553116769095698,0.16417910447761194,0.1044776119402985,0.25,0.625,0.17857142857142858,0.44642857142857145,0.20588235294117646,0.0,0.0,0.5714285714285714,0.5274132241348978,0.3914576544003499,0.33527140022675733,0.4341864494397712,NaN,NaN,NaN,NaN,4.5,4.7367038788976075,2.2888919947384205,0.9903181910361212,5.291666666666666,0.25,0.46124259579385546,5.0,12.0,1.8685064935064934,0.881931570058986,0.08823529411764706,0.0
797,1,68.0,302.0,4.4411764705882355,0.06628621597892889,0.16417910447761194,0.07462686567164178,0.25,0.6071428571428571,0.125,0.4107142857142857,0.20588235294117646,0.0,0.0,0.5714285714285714,0.5223774018722643,0.3872877374518014,0.3296795961974533,0.4329006683739981,NaN,NaN,NaN,NaN,5.392857142857143,5.53888262912483,2.272147569842116,0.9416264422754087,4.957446808510639,0.26785714285714285,0.35791109592921705,4.0,10.0,1.898236092265943,0.8933386533781529,0.058823529411764705,0.0
798,1,68.0,338.0,4.970588235294118,0.07418788410886742,0.16417910447761194,0.04477611940298507,0.21428571428571427,0.6785714285714286,0.21428571428571427,0.42857142857142855,0.20588235294117646,0.0,0.14285714285714285,0.6428571428571429,0.5521695552379856,0.4114292180215205,0.35242067329833293,0.45156094096465377,NaN,NaN,NaN,NaN,6.035714285714286,9.812726959903163,2.2209623138062398,0.9358925575214824,5.416666666666666,0.23214285714285715,0.3834029096286973,5.0,9.0,1.8333333333333333,0.8924072266482926,0.04411764705882353,0.0
799,1,68.0,303.0,4.455882352941177,0.06650570676031607,0.16417910447761194,0.1044776119402985,0.23214285714285715,0.6071428571428571,0.17857142857142858,0.44642857142857145,0.20588235294117646,0.0,0.07142857142857142,0.5714285714285714,0.5349524089733085,0.39068656551829806,0.3542671614100185,0.4398923969569116,NaN,NaN,NaN,NaN,5.410714285714286,7.005911233222428,2.273140765288159,0.9770756585292575,5.055555555555555,0.2857142857142857,0.44412387939973585,4.0,10.0,1.6160558464223385,0.7332420180374177,0.10294117647058823,0.0
8,1,68.0,232.0,3.411764705882353,0.050921861281826165,0.16417910447761194,0.13432835820895522,0.26785714285714285,0.6428571428571429,0.19642857142857142,0.42857142857142855,0.20588235294117646,0.0,0.07142857142857142,0.5714285714285714,0.4904129962615387,0.39600464858930223,0.3468597374847375,0.4431409321904228,NaN,NaN,NaN,NaN,4.142857142857143,5.671070354090043,2.2584209931715127,0.9621257652069438,4.888888888888889,0.23214285714285715,0.30939569387054655,4.0,8.0,1.7874015748031495,0.8391779697117807,0.0,0.0
80,1,68.0,241.0,3.5441176470588234,0.0528972783143108,0.16417910447761194,0.11940298507462686,0.26785714285714285,0.6607142857142857,0.26785714285714285,0.39285714285714285,0.20588235294117646,0.0,0.14285714285714285,0.5714285714285714,0.5003525680713896,0.4205144787780826,0.3605690192743764,0.4659688253286399,NaN,NaN,NaN,NaN,4.303571428571429,5.7014181421089285,2.2920975501562397,1.068443819117742,5.375,0.19642857142857142,0.45949874664027285,5.0,9.0,1.6697892271662764,0.9043975519628242,0.058823529411764705,0.0
800,1,68.0,286.0,4.205882352941177,0.06277436347673397,0.16417910447761194,0.16417910447761194,0.25,0.6071428571428571,0.23214285714285715,0.39285714285714285,0.20588235294117646,0.0,0.0,0.6428571428571429,0.5488631102637024,0.4265323906402117,0.3487265251845419,0.4595252980814103,NaN,NaN,NaN,NaN,5.107142857142857,8.035554110957744,2.2599451619586444,0.923286845279077,5.0,0.25,0.34150546739196613,4.0,7.0,1.5849802371541502,0.7483921376443398,0.0,0.0
801,1,68.0,205.0,3.014705882352941,0.04499561018437226,0.16417910447761194,0.11940298507462686,0.26785714285714285,0.625,0.26785714285714285,0.4107142857142857,0.20588235294117646,0.0,0.07142857142857142,0.5714285714285714,0.5429081726866118,0.40637017238360906,0.35792426819212536,0.46090835323216217,NaN,NaN,NaN,NaN,3.6607142857142856,3.7672115837689715,2.3220463375619933,1.0670401798138838,5.325,0.25,0.4059642395709564,6.0,10.0,2.310344827586207,1.2565118335971786,0.04411764705882353,0.0
802,1,68.0,302.0,4.4411764705882355,0.06628621597892889,0.16417910447761194,0.07462686567164178,0.23214285714285715,0.625,0.14285714285714285,0.44642857142857145,0.20588235294117646,0.0,0.07142857142857142,0.6428571428571429,0.476779577122877,0.3661715394608624,0.31838963107172685,0.4118333514059414,NaN,NaN,NaN,NaN,5.392857142857143,7.379772283820076,2.2734428759681684,0.9486585853780175,4.454545454545455,0.2857142857142857,0.3572590533425877,5.0,9.0,2.0478527607361965,0.9770925018460355,0.029411764705882353,0.0
803,1,68.0,277.0,4.073529411764706,0.06079894644424934,0.16417910447761194,0.05970149253731343,0.26785714285714285,0.6071428571428571,0.19642857142857142,0.4107142857142857,0.20588235294117646,0.0,0.07142857142857142,0.5714285714285714,0.5271613782916887,0.39892110067435593,0.34412556689342405,0.4411597170430655,NaN,NaN,NaN,NaN,4.946428571428571,5.779020498499545,2.309129359341224,1.0518759259987327,5.589743589743589,0.2857142857142857,0.4340170586535535,6.0,10.0,1.9852700490998363,1.1698868030164133,0.058823529411764705,0.0
804,1,68.0,328.0,4.823529411764706,0.07199297629499561,0.16417910447761194,0.04477611940298507,0.19642857142857142,0.6071428571428571,0.25,0.44642857142857145,0.20588235294117646,0.0,0.0,0.6428571428571429,0.5214718120043255,0.3925854325690905,0.3600348273280604,0.45475536763118374,NaN,NaN,NaN,NaN,5.857142857142857,8.628554227212579,2.275372354381864,0.9589673383583567,5.108108108108108,0.30357142857142855,0.38354135866227457,5.0,11.0,2.001278772378517,1.0728870914121629,0.04411764705882353,0.0
805,1,68.0,248.0,3.6470588235294117,0.05443371378402107,0.16417910447761194,0.16417910447761194,0.25,0.6071428571428571,0.25,0.375,0.20588235294117646,0.0,0.07142857142857142,0.6428571428571429,0.5098249956324713,0.42647669750803024,0.3376984126984127,0.45727774284665784,NaN,NaN,NaN,NaN,4.428571428571429,7.127047438792954,2.249413816691061,0.9066766289863398,4.5423728813559325,0.26785714285714285,0.3232980483317929,4.0,9.0,1.5704225352112675,0.7426301810119172,0.07352941176470588,0.0
806,1,68.0,319.0,4.6911764705882355,0.07001755926251098,0.16417910447761194,0.029850746268656716,0.25,0.625,0.16071428571428573,0.44642857142857145,0.20588235294117646,0.0,0.07142857142857142,0.5714285714285714,0.4952020666706853,0.39126262744250495,0.33562779378098934,0.4339806879129745,NaN,NaN,NaN,NaN,5.696428571428571,6.859418588818108,2.285521282275893,0.993903933308198,4.916666666666666,0.25,0.4148404949963721,5.0,11.0,1.9737827715355805,1.0139338231624428,0.10294117647058823,0.0
807,1,68.0,292.0,4.294117647058823,0.06409130816505706,0.16417910447761194,0.029850746268656716,0.21428571428571427,0.625,0.16071428571428573,0.42857142857142855,0.20588235294117646,0.0,0.0,0.5714285714285714,0.5047879232622535,0.3856252042276068,0.33586309523809527,0.4319906928327087,NaN,NaN,NaN,NaN,5.214285714285714,7.591177380747604,2.240172322782935,0.9062373715186325,4.526315789473684,0.2857142857142857,0.33620476854034625,4.0,8.0,1.665486725663717,0.780726374764269,0.029411764705882353,0.0
808,1,68.0,250.0,3.676470588235294,0.05487269534679543,0.16417910447761194,0.04477611940298507,0.2857142857142857,0.6428571428571429,0.21428571428571427,0.42857142857142855,0.20588235294117646,0.0,0.07142857142857142,0.5714285714285714,0.5012285013390455,0.38974941274921915,0.3462458632101489,0.4407413612096317,NaN,NaN,NaN,NaN,4.464285714285714,5.71430194802889,2.2969779096709164,1.0245368216046076,4.983870967741936,0.21428571428571427,0.4522065432027943,5.0,11.0,1.8856655290102389,0.9070847362331457,0.11764705882352941,0.0
809,1,68.0,194.0,2.8529411764705883,0.04258121158911326,0.16417910447761194,0.2537313432835821,0.32142857142857145,0.6607142857142857,0.25,0.375,0.20588235294117646,0.0,0.07142857142857142,0.5714285714285714,0.4804026776107881,0.41419672841983113,0.3381343984962406,0.4566367868078461,NaN,NaN,NaN,NaN,3.4642857142857144,3.45340035703566,2.260035798564592,0.9729905147059842,4.7,0.14285714285714285,0.4706540830842521,4.0,10.0,1.8538622129436326,0.838121972761754,0.07352941176470588,0.0
81,1,68.0,213.0,3.1323529411764706,0.04675153643546971,0.16417910447761194,0.05970149253731343,0.2857142857142857,0.6428571428571429,0.19642857142857142,0.39285714285714285,0.20588235294117646,0.0,0.07142857142857142,0.6428571428571429,0.5177196236539349,0.41836527542974694,0.32972518552875696,0.4473405697806463,NaN,NaN,NaN,NaN,3.8035714285714284,6.200937298233499,2.329635906071494,1.1394154842480857,6.25,0.21428571428571427,0.4046282605395679,6.0,8.0,1.8336755646817249,0.9829071274917663,0.04411764705882353,0.0
810,1,68.0,334.0,4.911764705882353,0.0733099209833187,0.16417910447761194,0.014925373134328358,0.25,0.6071428571428571,0.16071428571428573,0.44642857142857145,0.20588235294117646,0.0,0.0,0.6428571428571429,0.5305813885988157,0.37790061732853863,0.3460375438054009,0.4378732013043587,NaN,NaN,NaN,NaN,5.964285714285714,7.651415283733842,2.2626520291475014,0.9284082841895671,4.655172413793103,0.2857142857142857,0.3373898507823105,4.0,8.0,1.9193758127438232,0.9662274283088313,0.058823529411764705,0.0
811,1,68.0,227.0,3.338235294117647,0.04982440737489025,0.16417910447761194,0.11940298507462686,0.30357142857142855,0.6428571428571429,0.25,0.375,0.20588235294117646,0.0,0.07142857142857142,0.6428571428571429,0.5287161693474433,0.4071955567812084,0.33241921768707483,0.4544968171349365,NaN,NaN,NaN,NaN,4.053571428571429,5.2237904832589726,2.3058657421651247,1.0485728258326084,5.03030303030303,0.19642857142857142,0.42497704806904474,5.0,11.0,2.008517887563884,0.9783993079195781,0.10294117647058823,0.0
812,1,68.0,268.0,3.9411764705882355,0.058823529411764705,0.16417910447761194,0.1044776119402985,0.21428571428571427,0.625,0.23214285714285715,0.44642857142857145,0.20588235294117646,0.0,0.07142857142857142,0.5714285714285714,0.5090716322651619,0.39970641272777574,0.3526863017934447,0.44993364132143204,NaN,NaN,NaN,NaN,4.785714285714286,5.861164283079494,2.344683276903782,1.1470083740194121,5.888888888888889,0.30357142857142855,0.402943223045722,5.0,9.0,2.0874074074074076,1.1281684448717737,0.058823529411764705,0.0
813,1,68.0,264.0,3.8823529411764706,0.05794556628621598,0.16417910447761194,0.07462686567164178,0.26785714285714285,0.625,0.30357142857142855,0.4107142857142857,0.20588235294117646,0.0,0.07142857142857142,0.5714285714285714,0.48874395184995123,0.4258771958120155,0.36296550671550676,0.46939983923963613,NaN,NaN,NaN,NaN,4.714285714285714,6.499550434003559,2.3294000762250624,1.0852002982276379,5.352941176470589,0.26785714285714285,0.42989041244283943,5.0,11.0,1.730275229357798,0.8460010372286227,0.10294117647058823,0.0
814,1,68.0,233.0,3.426470588235294,0.051141352063213345,0.16417910447761194,0.11940298507462686,0.25,0.6428571428571429,0.23214285714285715,0.4107142857142857,0.20588235294117646,0.0,0.0,0.6428571428571429,0.5432336930617983,0.4107437908497733,0.3523100907029479,0.4537652051679852,NaN,NaN,NaN,NaN,4.160714285714286,5.151440348323725,2.2706360258210334,0.9922488819882046,4.972222222222222,0.21428571428571427,0.37133585832681487,5.0,10.0,1.9619047619047618,1.0675988747299285,0.04411764705882353,0.0
815,1,68.0,286.0,4.205882352941177,0.06277436347673397,0.16417910447761194,0.04477611940298507,0.26785714285714285,0.6071428571428571,0.17857142857142858,0.42857142857142855,0.20588235294117646,0.0,0.07142857142857142,0.6428571428571429,0.4685266886274955,0.3854073098285669,0.33323412698412697,0.43127661043102244,NaN,NaN,NaN,NaN,5.107142857142857,5.770390159894094,2.3590442628574704,1.1158751455869105,5.727272727272727,0.2857142857142857,0.40859673555878806,6.0,10.0,2.2895705521472394,1.2390361186457246,0.04411764705882353,0.0
816,1,68.0,287.0,4.220588235294118,0.06299385425812117,0.16417910447761194,0.08955223880597014,0.21428571428571427,0.625,0.19642857142857142,0.42857142857142855,0.20588235294117646,0.0,0.07142857142857142,0.5714285714285714,0.5302509955404836,0.4039192359434962,0.34041398058425926,0.44332113010066193,NaN,NaN,NaN,NaN,5.125,6.614206473397037,2.278748917433268,0.9727654265019062,5.25,0.30357142857142855,0.37207830902094846,6.0,8.0,2.1272727272727274,1.1400769215985398,0.07352941176470588,0.0
817,1,68.0,282.0,4.147058823529412,0.06189640035118525,0.16417910447761194,0.08955223880597014,0.25,0.625,0.23214285714285715,0.42857142857142855,0.20588235294117646,0.0,0.07142857142857142,0.6428571428571429,0.49545820265504903,0.4084127336123559,0.3547576402355814,0.4523667426345247,NaN,NaN,NaN,NaN,5.035714285714286,6.550403972870087,2.271332703752654,0.9694556018707035,4.64935064935065,0.26785714285714285,0.45269685197848963,4.0,11.0,1.8746397694524495,0.8323315709935997,0.10294117647058823,0.0
818,1,68.0,329.0,4.838235294117647,0.07221246707638279,0.16417910447761194,0.014925373134328358,0.25,0.6428571428571429,0.21428571428571427,0.39285714285714285,0.20588235294117646,0.0,0.07142857142857142,0.5714285714285714,0.4577796375663286,0.40302474391096915,0.3350287760031549,0.44928411121283135,NaN,NaN,NaN,NaN,5.875,8.092785788477403,2.284442272990722,1.004943211142782,5.066666666666666,0.25,0.40936290302720335,6.0,12.0,2.0848837209302324,1.076148160909213,0.08823529411764706,0.0
819,1,68.0,221.0,3.25,0.048507462686567165,0.16417910447761194,0.1044776119402985,0.26785714285714285,0.625,0.26785714285714285,0.39285714285714285,0.20588235294117646,0.0,0.07142857142857142,0.5714285714285714,0.5148761805091334,0.4129824240416937,0.3401289682539682,0.45586553867324475,NaN,NaN,NaN,NaN,3.9464285714285716,5.468653292280361,2.3413476170169227,1.133813055897011,5.954545454545455,0.26785714285714285,0.4747583469446185,5.0,11.0,2.0396396396396397,1.022427146855965,0.08823529411764706,0.0
82,1,68.0,287.0,4.220588235294118,0.06299385425812117,0.16417910447761194,0.1044776119402985,0.2857142857142857,0.6071428571428571,0.19642857142857142,0.4107142857142857,0.20588235294117646,0.0,0.07142857142857142,0.5714285714285714,0.4797137519725239,0.40838499799650246,0.34632153299916457,0.4546630841127915,NaN,NaN,NaN,NaN,5.125,5.806148778352449,2.2757810552393156,0.9298852308076802,4.375,0.23214285714285715,0.34614001821382107,4.0,8.0,1.5663551401869158,0.658272612555587,0.029411764705882353,0.0
820,1,68.0,315.0,4.632352941176471,0.06913959613696224,0.16417910447761194,0.05970149253731343,0.25,0.625,0.26785714285714285,0.44642857142857145,0.20588235294117646,0.0,0.07142857142857142,0.5714285714285714,0.5506300533102364,0.4090930007614975,0.35430641135693314,0.4548212408173994,NaN,NaN,NaN,NaN,5.625,7.90986150895887,2.2134593297468634,0.8336744797211328,4.094827586206897,0.25,0.35400397876245226,4.0,9.0,1.7483870967741935,0.7170275672057755,0.029411764705882353,0.0
821,1,68.0,217.0,3.1911764705882355,0.04762949956101844,0.16417910447761194,0.11940298507462686,0.25,0.6428571428571429,0.23214285714285715,0.4107142857142857,0.20588235294117646,0.0,0.0,0.6428571428571429,0.46918329146616733,0.3991542143327724,0.34512471655328797,0.4464243271517707,NaN,NaN,NaN,NaN,3.875,5.477433041788163,2.230032008145786,0.9073450023961052,4.476190476190476,0.25,0.40784510879138247,4.0,11.0,1.8180112570356473,0.7771974569509899,0.04411764705882353,0.0
822,1,68.0,252.0,3.7058823529411766,0.0553116769095698,0.16417910447761194,0.1044776119402985,0.25,0.6071428571428571,0.23214285714285715,0.39285714285714285,0.20588235294117646,0.0,0.0,0.6428571428571429,0.5273709983957707,0.4034230449614603,0.336188313044516,0.44955250882691766,NaN,NaN,NaN,NaN,4.5,5.660067458640722,2.232315639006953,0.8683798753901292,4.473684210526316,0.25,0.3315724849036349,5.0,7.0,1.7554744525547445,0.8304462101415461,0.029411764705882353,0.0
823,1,68.0,352.0,5.176470588235294,0.07726075504828797,0.16417910447761194,0.029850746268656716,0.17857142857142858,0.625,0.16071428571428573,0.4642857142857143,0.20588235294117646,0.0,0.07142857142857142,0.6428571428571429,0.5131997107361921,0.36277347632625184,0.34652242571110753,0.42955721945752795,NaN,NaN,NaN,NaN,6.285714285714286,8.461064376874246,2.2669597878678402,0.969506049738144,4.674418604651162,0.3392857142857143,0.3820187881531533,4.0,9.0,1.7621951219512195,0.7644641469463476,0.04411764705882353,0.0
824,1,68.0,306.0,4.5,0.06716417910447761,0.16417910447761194,0.04477611940298507,0.25,0.6071428571428571,0.25,0.4642857142857143,0.20588235294117646,0.0,0.07142857142857142,0.5714285714285714,0.5450317937363823,0.39825242866514543,0.35813620510456584,0.45554930154323264,NaN,NaN,NaN,NaN,5.464285714285714,6.749987974977263,2.2712963788908573,0.925942685660985,4.666666666666666,0.25,0.3732651558321531,4.0,8.0,1.8616600790513833,0.8475280743479291,0.029411764705882353,0.0
825,1,68.0,247.0,3.6323529411764706,0.05421422300263389,0.16417910447761194,0.19402985074626866,0.25,0.625,0.17857142857142858,0.42857142857142855,0.20588235294117646,0.0,0.0,0.6428571428571429,0.5202446723890661,0.41991456342636446,0.35141723356009064,0.4431774474155318,NaN,NaN,NaN,NaN,4.410714285714286,6.280639184941973,2.2119789303353317,0.8512388049747696,4.6,0.23214285714285715,0.3008856981642554,4.0,7.0,1.8426103646833014,0.9436977697253893,0.0,0.0
826,1,68.0,269.0,3.9558823529411766,0.059043020193151885,0.16417910447761194,0.1044776119402985,0.21428571428571427,0.625,0.17857142857142858,0.4107142857142857,0.20588235294117646,0.0,0.07142857142857142,0.5714285714285714,0.4958791306536505,0.39096192140017066,0.3320631749203177,0.441498606238119,NaN,NaN,NaN,NaN,4.803571428571429,5.541314720458388,2.2734483452043746,0.9651720450576448,4.806451612903226,0.2857142857142857,0.373239996092898,4.0,10.0,1.608,0.7371721954139225,0.08823529411764706,0.0
827,1,68.0,281.0,4.132352941176471,0.06167690956979807,0.16417910447761194,0.029850746268656716,0.25,0.6607142857142857,0.21428571428571427,0.39285714285714285,0.20588235294117646,0.0,0.07142857142857142,0.6428571428571429,0.46858411734155664,0.39970008291716647,0.3382720193340494,0.4501293699791379,NaN,NaN,NaN,NaN,5.017857142857143,7.131214537455789,2.261397787715878,0.9676564639791371,4.6455696202531644,0.23214285714285715,0.4277164608183599,4.0,12.0,1.8963795255930087,0.7908851849543485,0.10294117647058823,0.0
828,1,68.0,295.0,4.338235294117647,0.06474978050921862,0.16417910447761194,0.07462686567164178,0.26785714285714285,0.6071428571428571,0.23214285714285715,0.4107142857142857,0.20588235294117646,0.0,0.07142857142857142,0.6428571428571429,0.5349845970212318,0.40494006153469475,0.35245030636368024,0.457272524572081,NaN,NaN,NaN,NaN,5.267857142857143,7.1718922859339544,2.252965650276802,0.8833349179993623,4.166666666666666,0.2857142857142857,0.40435723139775953,4.0,12.0,1.7503355704697987,0.695185455363267,0.058823529411764705,0.0
829,1,68.0,258.0,3.7941176470588234,0.05662862159789289,0.16417910447761194,0.029850746268656716,0.26785714285714285,0.625,0.25,0.4107142857142857,0.20588235294117646,0.0,0.07142857142857142,0.5714285714285714,0.4688482910789415,0.40946678185180135,0.33755537098560356,0.45281318406042814,NaN,NaN,NaN,NaN,4.607142857142857,6.7895068007479455,2.264405872115076,0.9363880481578124,4.722222222222222,0.21428571428571427,0.34252216774467925,4.0,9.0,1.7528455284552846,0.7402267901497349,0.029411764705882353,0.0
83,1,68.0,238.0,3.5,0.05223880597014925,0.16417910447761194,0.05970149253731343,0.26785714285714285,0.625,0.25,0.39285714285714285,0.20588235294117646,0.0,0.07142857142857142,0.5714285714285714,0.45810919111392945,0.42337331599676575,0.3487436641323196,0.46187926953362,NaN,NaN,NaN,NaN,4.25,4.722287581247038,2.315280930489927,1.0380061211937086,4.884615384615385,0.25,0.4412921118997894,4.0,11.0,2.074670571010249,0.9696205087078438,0.08823529411764706,0.0
830,1,68.0,298.0,4.382352941176471,0.06540825285338016,0.16417910447761194,0.05970149253731343,0.23214285714285715,0.6607142857142857,0.19642857142857142,0.4107142857142857,0.20588235294117646,0.0,0.0,0.5714285714285714,0.4839682472424097,0.383976974939104,0.3324652777777778,0.43459328310983625,NaN,NaN,NaN,NaN,5.321428571428571,6.006381887344775,2.237738731736756,0.9182145233187986,4.483333333333333,0.26785714285714285,0.47107837146788334,4.0,11.0,1.8678474114441417,0.8504723019022878,0.10294117647058823,0.0
831,1,68.0,294.0,4.323529411764706,0.06453028972783142,0.16417910447761194,0.11940298507462686,0.23214285714285715,0.6071428571428571,0.17857142857142858,0.42857142857142855,0.20588235294117646,0.0,0.0,0.6428571428571429,0.48620276414390834,0.39458667486391846,0.3422253465780251,0.4387901025078961,NaN,NaN,NaN,NaN,5.25,7.286974680894672,2.220518909957622,0.8418290697379784,4.25,0.30357142857142855,0.39986232061778576,5.0,10.0,1.8337468982630274,0.7719637654155737,0.04411764705882353,0.0
832,1,68.0,258.0,3.7941176470588234,0.05662862159789289,0.16417910447761194,0.05970149253731343,0.26785714285714285,0.6428571428571429,0.25,0.375,0.20588235294117646,0.0,0.07142857142857142,0.5714285714285714,0.5003583061516219,0.4145254722259666,0.33396217357910907,0.4517670897617949,NaN,NaN,NaN,NaN,4.607142857142857,7.044478357172753,2.2199988412089366,0.8714172834890511,4.533333333333333,0.21428571428571427,0.36597883895272093,4.0,10.0,1.7988165680473374,0.7289150265514496,0.029411764705882353,0.0
833,1,68.0,222.0,3.264705882352941,0.048726953467954345,0.16417910447761194,0.14925373134328357,0.25,0.625,0.2857142857142857,0.44642857142857145,0.20588235294117646,0.0,0.07142857142857142,0.5714285714285714,0.5308835059998025,0.4184811693540739,0.36151358270580963,0.4605581273667272,NaN,NaN,NaN,NaN,3.9642857142857144,4.512464699289919,2.2269004653636566,0.8855460402291605,4.6923076923076925,0.23214285714285715,0.33119262174461395,4.0,7.0,1.8227360308285163,0.8448020887651133,0.029411764705882353,0.0
834,1,68.0,268.0,3.9411764705882355,0.058823529411764705,0.16417910447761194,0.1044776119402985,0.23214285714285715,0.6428571428571429,0.19642857142857142,0.44642857142857145,0.20588235294117646,0.0,0.0,0.7142857142857143,0.5061257569570562,0.4039509020123888,0.34614538835800507,0.4411001312283771,NaN,NaN,NaN,NaN,4.785714285714286,6.080413519772201,2.2204636663038873,0.8703003046155747,4.2,0.25,0.36289527097833313,5.0,12.0,1.9058823529411764,0.8401130637973934,0.08823529411764706,0.0
835,1,68.0,253.0,3.7205882352941178,0.05553116769095698,0.16417910447761194,0.08955223880597014,0.21428571428571427,0.625,0.23214285714285715,0.44642857142857145,0.20588235294117646,0.0,0.07142857142857142,0.6428571428571429,0.5173645446664223,0.4004093012004047,0.36004109977324256,0.4498240054262178,NaN,NaN,NaN,NaN,4.517857142857143,4.255439605230727,2.340097983988655,1.1260717575718762,5.75,0.30357142857142855,0.463161423810351,8.0,12.0,2.4796747967479673,1.5801495566471158,0.07352941176470588,0.0
836,1,68.0,280.0,4.117647058823529,0.061457418788410885,0.16417910447761194,0.014925373134328358,0.25,0.625,0.17857142857142858,0.42857142857142855,0.20588235294117646,0.0,0.07142857142857142,0.5714285714285714,0.5204862166059574,0.39354655621022794,0.33803146258503397,0.44063560533744084,NaN,NaN,NaN,NaN,5.0,5.243177385031818,2.303666371268723,1.0067298309311081,4.722222222222222,0.2857142857142857,0.46486551715330193,6.0,13.0,2.2746878547105562,1.1655692811006588,0.10294117647058823,0.0
837,1,68.0,380.0,5.588235294117647,0.08340649692712906,0.16417910447761194,0.04477611940298507,0.21428571428571427,0.6071428571428571,0.25,0.44642857142857145,0.20588235294117646,0.0,0.0,0.6428571428571429,0.5163512873414373,0.40395892273829986,0.34507056898846494,0.4503457348179597,NaN,NaN,NaN,NaN,6.785714285714286,10.195746502990685,2.253714442153541,0.8938517211636737,4.333333333333334,0.26785714285714285,0.39154041609719575,3.0,12.0,1.7413394919168592,0.735601712877097,0.10294117647058823,0.0
838,1,68.0,209.0,3.073529411764706,0.045873573309920986,0.16417910447761194,0.13432835820895522,0.2857142857142857,0.6071428571428571,0.26785714285714285,0.39285714285714285,0.20588235294117646,0.0,0.07142857142857142,0.6428571428571429,0.5315267264313132,0.42233873759476775,0.3522321428571429,0.4630176660202258,NaN,NaN,NaN,NaN,3.732142857142857,3.8257076418669214,2.2440282907439393,0.8911980974067727,4.455882352941177,0.25,0.3660987024718705,4.0,8.0,1.6880530973451326,0.7125972711066269,0.04411764705882353,0.0
839,1,68.0,297.0,4.367647058823529,0.06518876207199298,0.16417910447761194,0.029850746268656716,0.23214285714285715,0.625,0.25,0.39285714285714285,0.20588235294117646,0.0,0.07142857142857142,0.6428571428571429,0.4919679647014562,0.40297961235178353,0.3416937229437229,0.45922919673706875,NaN,NaN,NaN,NaN,5.303571428571429,7.841427613195635,2.2907268054185446,0.9952173049982648,4.972222222222222,0.2857142857142857,0.4199307228004945,4.0,12.0,1.844311377245509,0.7440898058292347,0.10294117647058823,0.0
84,1,68.0,259.0,3.8088235294117645,0.05684811237928007,0.16417910447761194,0.05970149253731343,0.26785714285714285,0.6071428571428571,0.19642857142857142,0.42857142857142855,0.20588235294117646,0.0,0.07142857142857142,0.5714285714285714,0.4906515330695245,0.395016448945809,0.34196368324657794,0.44007352270997163,NaN,NaN,NaN,NaN,4.625,5.677907745255849,2.345921023307315,1.0876925441597218,5.666666666666666,0.2857142857142857,0.4402892362012191,7.0,12.0,2.3484486873508352,1.2860119526218285,0.04411764705882353,0.0
840,1,68.0,231.0,3.3970588235294117,0.05070237050043898,0.16417910447761194,0.08955223880597014,0.2857142857142857,0.625,0.21428571428571427,0.42857142857142855,0.20588235294117646,0.0,0.07142857142857142,0.5714285714285714,0.48629481285359255,0.3988414368217761,0.342609126984127,0.4406387812868881,NaN,NaN,NaN,NaN,4.125,4.456098986986059,2.298043202186249,1.0096584499692036,5.083333333333334,0.21428571428571427,0.3871670133833644,5.0,10.0,1.8004032258064515,0.9003253276823554,0.08823529411764706,0.0
841,1,68.0,228.0,3.3529411764705883,0.05004389815627744,0.16417910447761194,0.19402985074626866,0.2857142857142857,0.625,0.16071428571428573,0.39285714285714285,0.20588235294117646,0.0,0.0,0.6428571428571429,0.4566651577589077,0.41028111159654124,0.335463048855906,0.4362473887466739,NaN,NaN,NaN,NaN,4.071428571428571,4.93542719107896,2.2489622059583545,0.9420489078988367,5.090909090909091,0.21428571428571427,0.3747823780110934,5.0,10.0,1.9200710479573713,0.938882501069805,0.07352941176470588,0.0
842,1,68.0,256.0,3.764705882352941,0.056189640035118525,0.16417910447761194,0.029850746268656716,0.2857142857142857,0.625,0.25,0.4107142857142857,0.20588235294117646,0.0,0.0,0.5714285714285714,0.5251049261421988,0.4339747819568558,0.3425771930479281,0.4515382019080442,NaN,NaN,NaN,NaN,4.571428571428571,6.149226537784003,2.278704860642609,0.9450553962657842,4.444444444444445,0.17857142857142858,0.3870236362448644,4.0,9.0,1.8429054054054055,0.8553506348070421,0.04411764705882353,0.0
843,1,68.0,270.0,3.9705882352941178,0.05926251097453907,0.16417910447761194,0.1044776119402985,0.26785714285714285,0.625,0.21428571428571427,0.4107142857142857,0.20588235294117646,0.0,0.07142857142857142,0.5714285714285714,0.5106302462975133,0.40830036442673157,0.3439866780045352,0.4514493326141795,NaN,NaN,NaN,NaN,4.821428571428571,6.611579766817233,2.3591601064187646,1.155752220271758,6.153846153846154,0.23214285714285715,0.4334411503281985,7.0,9.0,2.1984496124031008,1.3528199496490014,0.029411764705882353,0.0
844,1,68.0,293.0,4.3088235294117645,0.06431079894644424,0.16417910447761194,0.04477611940298507,0.23214285714285715,0.625,0.30357142857142855,0.42857142857142855,0.20588235294117646,0.0,0.07142857142857142,0.6428571428571429,0.5058730101327906,0.4092452296801794,0.3579768257877864,0.4666293305179693,NaN,NaN,NaN,NaN,5.232142857142857,8.117301547656366,2.261062307593304,0.928369065529642,4.52,0.2857142857142857,0.4541109591564364,5.0,13.0,1.9541062801932367,0.8604265123347776,0.11764705882352941,0.0
845,1,68.0,300.0,4.411764705882353,0.06584723441615452,0.16417910447761194,0.05970149253731343,0.25,0.625,0.19642857142857142,0.42857142857142855,0.20588235294117646,0.0,0.0,0.6428571428571429,0.5125660935996718,0.4048468717014361,0.33936832625981067,0.44000321732401554,NaN,NaN,NaN,NaN,5.357142857142857,9.358377037671689,2.232909442303273,0.877604913016654,4.666666666666666,0.23214285714285715,0.3590358074354838,4.0,8.0,1.7373737373737375,0.7623757552542263,0.0,0.0
846,1,68.0,240.0,3.5294117647058822,0.05267778753292362,0.16417910447761194,0.1044776119402985,0.26785714285714285,0.6071428571428571,0.16071428571428573,0.42857142857142855,0.20588235294117646,0.0,0.07142857142857142,0.6428571428571429,0.4861403553806117,0.39101215357337915,0.3307397959183674,0.4258419036435058,NaN,NaN,NaN,NaN,4.285714285714286,4.622924244612773,2.2444239826140517,0.8944591170831641,4.511111111111111,0.25,0.3580469831548563,4.0,9.0,1.723608445297505,0.7698646436010693,0.04411764705882353,0.0
847,1,68.0,259.0,3.8088235294117645,0.05684811237928007,0.16417910447761194,0.08955223880597014,0.2857142857142857,0.625,0.21428571428571427,0.4107142857142857,0.20588235294117646,0.0,0.07142857142857142,0.5714285714285714,0.49697266886925046,0.41003500536818166,0.33467755692020396,0.4441429722989632,NaN,NaN,NaN,NaN,4.625,5.220806276986169,2.3273566480754617,1.072975324163496,5.416666666666666,0.21428571428571427,0.49362993697650076,5.0,10.0,1.9441176470588235,0.8933368719013182,0.07352941176470588,0.0
848,1,68.0,288.0,4.235294117647059,0.06321334503950835,0.16417910447761194,0.07462686567164178,0.23214285714285715,0.6428571428571429,0.23214285714285715,0.4107142857142857,0.20588235294117646,0.0,0.0,0.6428571428571429,0.5214415937175689,0.4010848208572884,0.3291748239993672,0.439690918807829,NaN,NaN,NaN,NaN,5.142857142857143,7.662016282056147,2.229486711177889,0.8987655469874845,5.0,0.23214285714285715,0.40650502322948345,4.0,10.0,1.8627968337730871,0.850620156635754,0.07352941176470588,0.0
849,1,68.0,237.0,3.485294117647059,0.05201931518876207,0.16417910447761194,0.04477611940298507,0.26785714285714285,0.625,0.19642857142857142,0.4107142857142857,0.20588235294117646,0.0,0.07142857142857142,0.6428571428571429,0.44511118781628606,0.3913618989488959,0.32790359442145156,0.43738986238681554,NaN,NaN,NaN,NaN,4.232142857142857,5.653610500230068,2.2905021311163574,0.9961924745077344,4.9375,0.25,0.43726257769303994,5.0,10.0,1.7198275862068966,0.8689230023610686,0.029411764705882353,0.0
85,1,68.0,257.0,3.7794117647058822,0.056409130816505705,0.16417910447761194,0.05970149253731343,0.26785714285714285,0.625,0.26785714285714285,0.4107142857142857,0.20588235294117646,0.0,0.07142857142857142,0.5714285714285714,0.5134434461190068,0.39884212338698105,0.34682668521954235,0.45535641667077265,NaN,NaN,NaN,NaN,4.589285714285714,4.789294067223024,2.3243422130777387,1.0411196658271995,4.875,0.25,0.4378204878313937,5.0,11.0,2.0853333333333333,1.0010266203328668,0.10294117647058823,0.0
850,1,68.0,197.0,2.8970588235294117,0.043239683933274806,0.16417910447761194,0.16417910447761194,0.25,0.625,0.25,0.42857142857142855,0.20588235294117646,0.0,0.0,0.5714285714285714,0.5306025998362307,0.409356063018028,0.346875,0.4486962228108886,NaN,NaN,NaN,NaN,3.517857142857143,4.125270553897907,2.3328116667600596,1.152038921848954,6.666666666666667,0.25,0.3296232592783146,6.0,7.0,1.9865168539325844,1.181615077645766,0.07352941176470588,0.0
851,1,68.0,221.0,3.25,0.048507462686567165,0.16417910447761194,0.07462686567164178,0.2857142857142857,0.6071428571428571,0.26785714285714285,0.4107142857142857,0.20588235294117646,0.0,0.0,0.5714285714285714,0.5384991593052829,0.39932723605736536,0.35518707482993195,0.45832905651411165,NaN,NaN,NaN,NaN,3.9464285714285716,4.113921565775246,2.339526630952153,1.0869543572225409,5.222222222222222,0.26785714285714285,0.48271167107076435,6.0,12.0,2.1467304625199364,1.0934752739944902,0.10294117647058823,0.0
852,1,68.0,297.0,4.367647058823529,0.06518876207199298,0.16417910447761194,0.014925373134328358,0.25,0.6071428571428571,0.25,0.44642857142857145,0.20588235294117646,0.0,0.07142857142857142,0.6428571428571429,0.5128158788525111,0.400715391139149,0.35515998065893023,0.45374758028963,NaN,NaN,NaN,NaN,5.303571428571429,6.917486781817757,2.2976350192735953,0.9849137416842674,5.416666666666666,0.2857142857142857,0.4360711149653221,5.0,10.0,1.990909090909091,0.8690921293985827,0.07352941176470588,0.0
853,1,68.0,269.0,3.9558823529411766,0.059043020193151885,0.16417910447761194,0.1044776119402985,0.26785714285714285,0.625,0.17857142857142858,0.375,0.20588235294117646,0.0,0.0,0.6428571428571429,0.48892397858018694,0.4090592213305438,0.3161706349206349,0.43389374120815805,NaN,NaN,NaN,NaN,4.803571428571429,6.7106960561808755,2.2719901306817425,0.9614061927697516,4.627118644067797,0.26785714285714285,0.4102602196302156,4.0,12.0,1.7953125,0.7814215382882546,0.10294117647058823,0.0
854,1,68.0,222.0,3.264705882352941,0.048726953467954345,0.16417910447761194,0.08955223880597014,0.26785714285714285,0.625,0.23214285714285715,0.42857142857142855,0.20588235294117646,0.0,0.07142857142857142,0.5714285714285714,0.5304528914998113,0.40163168462630655,0.34500517598343683,0.4407011239371908,NaN,NaN,NaN,NaN,3.9642857142857144,5.22916397181766,2.2790914332447714,0.98018569434307,4.8,0.25,0.45886364254035045,4.0,12.0,2.08,0.9199116708235148,0.10294117647058823,0.0
855,1,68.0,224.0,3.2941176470588234,0.04916593503072871,0.16417910447761194,0.13432835820895522,0.26785714285714285,0.625,0.26785714285714285,0.42857142857142855,0.20588235294117646,0.0,0.07142857142857142,0.5714285714285714,0.5376102806825209,0.39936733944741265,0.3546575448361163,0.4576895752370288,NaN,NaN,NaN,NaN,4.0,4.824181513244218,2.3173269802778966,1.0858918639154085,5.727272727272727,0.25,0.3850614909705987,6.0,10.0,2.1301369863013697,1.1582425832774175,0.058823529411764705,0.0
856,1,68.0,267.0,3.926470588235294,0.058604038630377525,0.16417910447761194,0.014925373134328358,0.25,0.6428571428571429,0.21428571428571427,0.4107142857142857,0.20588235294117646,0.0,0.07142857142857142,0.5714285714285714,0.5016221353532729,0.3990142332887969,0.3391517212945785,0.44816248112519674,NaN,NaN,NaN,NaN,4.767857142857143,6.415864064045598,2.3158940124131666,1.0697599914964908,5.666666666666666,0.26785714285714285,0.43780001086518633,5.0,11.0,2.162531017369727,1.0665486432195666,0.04411764705882353,0.0
857,1,68.0,333.0,4.897058823529412,0.07309043020193152,0.16417910447761194,0.05970149253731343,0.25,0.6428571428571429,0.125,0.44642857142857145,0.20588235294117646,0.0,0.07142857142857142,0.6428571428571429,0.4848969508099958,0.3741259187227943,0.3372307256235828,0.42373858453656454,NaN,NaN,NaN,NaN,5.946428571428571,8.280139750373438,2.3312015252125624,1.1439074060701895,6.545454545454546,0.21428571428571427,0.40862834559182726,6.0,11.0,2.13653603034134,1.3384546675617717,0.029411764705882353,0.0
858,1,68.0,207.0,3.0441176470588234,0.04543459174714662,0.16417910447761194,0.13432835820895522,0.30357142857142855,0.6428571428571429,0.23214285714285715,0.4107142857142857,0.20588235294117646,0.0,0.0,0.6428571428571429,0.49006881739360886,0.42509140749724506,0.35081963340891914,0.44729864932834346,NaN,NaN,NaN,NaN,3.6964285714285716,4.352301973385173,2.2175268174076006,0.8758903447968351,4.545454545454545,0.17857142857142858,0.42080173820400524,4.0,10.0,1.7505030181086518,0.7171043562501692,0.029411764705882353,0.0
859,1,68.0,252.0,3.7058823529411766,0.0553116769095698,0.16417910447761194,0.08955223880597014,0.23214285714285715,0.6428571428571429,0.2857142857142857,0.39285714285714285,0.20588235294117646,0.0,0.0,0.5714285714285714,0.5479772124418629,0.4249566031620486,0.34404761904761905,0.4636392991447121,NaN,NaN,NaN,NaN,4.5,6.472318679647124,2.266889149875036,0.9519013126721216,4.629032258064516,0.26785714285714285,0.41549808340508715,5.0,12.0,1.9236016371077762,0.8344705560112796,0.07352941176470588,0.0
86,1,68.0,271.0,3.985294117647059,0.05948200175592625,0.16417910447761194,0.014925373134328358,0.26785714285714285,0.625,0.23214285714285715,0.44642857142857145,0.20588235294117646,0.0,0.07142857142857142,0.5714285714285714,0.512786033692519,0.39664633185514087,0.3547957770596019,0.44959772784098134,NaN,NaN,NaN,NaN,4.839285714285714,7.370153040755384,2.24890010002107,0.9144051392915103,4.5,0.25,0.412377073234956,4.0,10.0,1.8103975535168195,0.7870402195903405,0.04411764705882353,0.0
860,1,68.0,281.0,4.132352941176471,0.06167690956979807,0.16417910447761194,0.029850746268656716,0.21428571428571427,0.625,0.25,0.42857142857142855,0.20588235294117646,0.0,0.07142857142857142,0.5714285714285714,0.5028158834748994,0.4000881367234385,0.3491719355206197,0.45387303996649203,NaN,NaN,NaN,NaN,5.017857142857143,5.863573441724211,2.2563968270985857,0.9430394795592364,4.583333333333334,0.26785714285714285,0.44842988145680857,4.0,11.0,1.8501291989664084,0.7601107932111932,0.10294117647058823,0.0
861,1,68.0,241.0,3.5441176470588234,0.0528972783143108,0.16417910447761194,0.1044776119402985,0.25,0.625,0.16071428571428573,0.44642857142857145,0.20588235294117646,0.0,0.0,0.5714285714285714,0.48830048510456237,0.3767085677372894,0.3245265151515152,0.42106542276805237,NaN,NaN,NaN,NaN,4.303571428571429,3.9493136013841594,2.3169845179513437,1.0459870061904202,4.890625,0.2857142857142857,0.4558292062919536,5.0,11.0,1.9427244582043344,0.9055220815850261,0.10294117647058823,0.0
862,1,68.0,274.0,4.029411764705882,0.0601404741000878,0.16417910447761194,0.08955223880597014,0.26785714285714285,0.625,0.14285714285714285,0.44642857142857145,0.20588235294117646,0.0,0.07142857142857142,0.6428571428571429,0.5035099606856024,0.3660306505432784,0.3269819466248038,0.4244104578117537,NaN,NaN,NaN,NaN,4.892857142857143,4.956826592703226,2.2908882137513737,0.9729191741726978,4.532846715328468,0.26785714285714285,0.3607103423522659,5.0,8.0,2.0506970849176174,0.9820547948332329,0.0,0.0
863,1,68.0,206.0,3.0294117647058822,0.04521510096575944,0.16417910447761194,0.13432835820895522,0.26785714285714285,0.6607142857142857,0.23214285714285715,0.42857142857142855,0.20588235294117646,0.0,0.0,0.6428571428571429,0.48143087845933824,0.41080282302184884,0.3412598562152134,0.4498672010350627,NaN,NaN,NaN,NaN,3.6785714285714284,4.78675119606054,2.2247923070512856,0.8946364055965016,4.5,0.17857142857142858,0.35291803488018575,4.0,8.0,1.9233333333333333,0.8115128736681284,0.04411764705882353,0.0
864,1,68.0,287.0,4.220588235294118,0.06299385425812117,0.16417910447761194,0.04477611940298507,0.21428571428571427,0.625,0.23214285714285715,0.44642857142857145,0.20588235294117646,0.0,0.0,0.5714285714285714,0.5042994160949217,0.39179922624028013,0.35064648141865445,0.4476219794408236,NaN,NaN,NaN,NaN,5.125,5.868444117791049,2.2749832464256996,0.9690534288235944,4.925925925925926,0.30357142857142855,0.40085859321981115,5.0,9.0,1.8140556368960468,0.840144752474917,0.058823529411764705,0.0
865,1,68.0,213.0,3.1323529411764706,0.04675153643546971,0.16417910447761194,0.1044776119402985,0.23214285714285715,0.625,0.32142857142857145,0.4107142857142857,0.20588235294117646,0.0,0.07142857142857142,0.5714285714285714,0.4928018252027244,0.43910490138639435,0.35846237096237094,0.47150187571463253,NaN,NaN,NaN,NaN,3.8035714285714284,5.41183767430131,2.2909467552269414,1.008318858666295,4.890909090909091,0.26785714285714285,0.4387325059313665,6.0,9.0,2.189655172413793,1.262682077729989,0.058823529411764705,0.0
866,1,68.0,284.0,4.176470588235294,0.06233538191395961,0.16417910447761194,0.1044776119402985,0.26785714285714285,0.625,0.19642857142857142,0.4107142857142857,0.20588235294117646,0.0,0.07142857142857142,0.6428571428571429,0.5235410300594182,0.40441940083594335,0.3379669411624299,0.443135110544719,NaN,NaN,NaN,NaN,5.071428571428571,6.446583712203041,2.256788492628452,0.9391548288341808,5.214285714285714,0.25,0.33469320513930967,5.0,8.0,1.7412353923205341,0.850822429007258,0.058823529411764705,0.0
867,1,68.0,273.0,4.014705882352941,0.05992098331870061,0.16417910447761194,0.1044776119402985,0.2857142857142857,0.6071428571428571,0.23214285714285715,0.4107142857142857,0.20588235294117646,0.0,0.07142857142857142,0.5714285714285714,0.4983342994017497,0.38491005213837043,0.33632280417994703,0.4443122522882928,NaN,NaN,NaN,NaN,4.875,4.7331039210303345,2.323213136648525,1.0280063563539064,4.660869565217391,0.2857142857142857,0.4574089212475012,5.0,12.0,1.8358433734939759,0.8483031841112105,0.08823529411764706,0.0
868,1,68.0,307.0,4.514705882352941,0.06738366988586479,0.16417910447761194,0.11940298507462686,0.25,0.6428571428571429,0.19642857142857142,0.39285714285714285,0.20588235294117646,0.0,0.07142857142857142,0.5714285714285714,0.49971394977597555,0.3971899804871634,0.3461734693877551,0.4485128380986168,NaN,NaN,NaN,NaN,5.482142857142857,7.68704002952921,2.24679945313608,0.933261036732873,4.852459016393443,0.25,0.3041112328715328,4.0,9.0,1.7345679012345678,0.7963844875128316,0.07352941176470588,0.0
869,1,68.0,287.0,4.220588235294118,0.06299385425812117,0.16417910447761194,0.04477611940298507,0.23214285714285715,0.6071428571428571,0.26785714285714285,0.44642857142857145,0.20588235294117646,0.0,0.07142857142857142,0.5714285714285714,0.5093575030706727,0.4064383223225532,0.34513888888888894,0.4545161330415393,NaN,NaN,NaN,NaN,5.125,6.61145699799701,2.3242359275055486,1.0413313122645658,5.208333333333334,0.2857142857142857,0.45793523254647417,4.0,12.0,1.9193341869398208,0.8472565483303917,0.08823529411764706,0.0
87,1,68.0,266.0,3.911764705882353,0.058384547848990345,0.16417910447761194,0.08955223880597014,0.21428571428571427,0.6428571428571429,0.23214285714285715,0.39285714285714285,0.20588235294117646,0.0,0.07142857142857142,0.5714285714285714,0.4688719284493855,0.39712163364342207,0.3232947425381636,0.4455093666744445,NaN,NaN,NaN,NaN,4.75,6.600964116909535,2.274509890435913,0.9864416102831055,5.113636363636363,0.25,0.35225141035536045,6.0,8.0,1.9383954154727794,0.9218774141979078,0.029411764705882353,0.0
870,1,68.0,295.0,4.338235294117647,0.06474978050921862,0.16417910447761194,0.04477611940298507,0.25,0.6428571428571429,0.17857142857142858,0.4107142857142857,0.20588235294117646,0.0,0.0,0.5714285714285714,0.49963325336508985,0.3924271134002924,0.3303332736603413,0.437622757673395,NaN,NaN,NaN,NaN,5.267857142857143,6.966128627289913,2.2124984116903335,0.8525634490870734,4.258620689655173,0.19642857142857142,0.2979767262446549,3.0,8.0,1.7001499250374812,0.699667429585848,0.029411764705882353,0.0
871,1,68.0,243.0,3.573529411764706,0.053336259877085165,0.16417910447761194,0.07462686567164178,0.30357142857142855,0.6428571428571429,0.17857142857142858,0.4107142857142857,0.20588235294117646,0.0,0.07142857142857142,0.5714285714285714,0.5016357905639064,0.39092731514608137,0.3352997448979592,0.4383453919435593,NaN,NaN,NaN,NaN,4.339285714285714,4.951682122688799,2.2654138236617225,0.9502675798181606,4.525423728813559,0.17857142857142858,0.37728073593335454,5.0,10.0,1.9692532942898975,0.9475654243385462,0.04411764705882353,0.0
872,1,68.0,283.0,4.161764705882353,0.06211589113257243,0.16417910447761194,0.08955223880597014,0.25,0.6071428571428571,0.19642857142857142,0.39285714285714285,0.20588235294117646,0.0,0.07142857142857142,0.5714285714285714,0.4963749480587886,0.3950047235649022,0.3205988455988456,0.44329938723655316,NaN,NaN,NaN,NaN,5.053571428571429,6.628916387127873,2.3266664282836738,1.0774557797228614,5.6,0.26785714285714285,0.36758581792861783,5.0,9.0,2.0730659025787967,1.0933958782541602,0.0,0.0
873,1,68.0,257.0,3.7794117647058822,0.056409130816505705,0.16417910447761194,0.05970149253731343,0.26785714285714285,0.6428571428571429,0.17857142857142858,0.4107142857142857,0.20588235294117646,0.0,0.0,0.5714285714285714,0.5046783318913148,0.4002918058489481,0.33986452535559675,0.44248061212427736,NaN,NaN,NaN,NaN,4.589285714285714,5.245870360974988,2.269790615476225,0.9595307704996016,4.681818181818182,0.26785714285714285,0.3970619898651085,5.0,11.0,1.880503144654088,0.8593334158957943,0.10294117647058823,0.0
874,1,68.0,265.0,3.8970588235294117,0.05816505706760316,0.16417910447761194,0.11940298507462686,0.26785714285714285,0.6607142857142857,0.23214285714285715,0.39285714285714285,0.20588235294117646,0.0,0.0,0.7142857142857143,0.49603811676914356,0.4080563363004079,0.34236111111111117,0.4513513970443837,NaN,NaN,NaN,NaN,4.732142857142857,7.647913729611783,2.2103144854266303,0.8777001148711376,4.5,0.17857142857142858,0.3487245899377624,4.0,10.0,1.8831360946745561,0.8324597656648636,0.07352941176470588,0.0
875,1,68.0,259.0,3.8088235294117645,0.05684811237928007,0.16417910447761194,0.08955223880597014,0.25,0.6071428571428571,0.21428571428571427,0.4107142857142857,0.20588235294117646,0.0,0.07142857142857142,0.5714285714285714,0.5235520390759579,0.4062385470555215,0.34200625763125764,0.45218104153963656,NaN,NaN,NaN,NaN,4.625,6.632050279445332,2.2671847291707743,0.9346915639804675,4.673076923076923,0.25,0.34112496306510937,4.0,9.0,1.6808510638297873,0.7629253490611938,0.029411764705882353,0.0
876,1,68.0,234.0,3.4411764705882355,0.051360842844600525,0.16417910447761194,0.08955223880597014,0.2857142857142857,0.6071428571428571,0.23214285714285715,0.42857142857142855,0.20588235294117646,0.0,0.07142857142857142,0.5714285714285714,0.5112109331704111,0.4073436520037978,0.35903159340659346,0.4524567230123311,NaN,NaN,NaN,NaN,4.178571428571429,3.7760351638248237,2.2778992505579265,0.9617405518977129,4.730769230769231,0.26785714285714285,0.4093964230053438,5.0,12.0,2.0062402496099843,0.9486627422007977,0.058823529411764705,0.0
877,1,68.0,237.0,3.485294117647059,0.05201931518876207,0.16417910447761194,0.11940298507462686,0.25,0.625,0.25,0.4107142857142857,0.20588235294117646,0.0,0.07142857142857142,0.5714285714285714,0.526535602583153,0.4028968069673329,0.34920634920634924,0.451975559477766,NaN,NaN,NaN,NaN,4.232142857142857,4.319053227180788,2.3385392954526587,1.0906995880132566,5.318181818181818,0.2857142857142857,0.5180183541495019,6.0,13.0,2.297111416781293,1.2048021075775044,0.11764705882352941,0.0
878,1,68.0,276.0,4.0588235294117645,0.06057945566286216,0.16417910447761194,0.07462686567164178,0.23214285714285715,0.6428571428571429,0.21428571428571427,0.42857142857142855,0.20588235294117646,0.0,0.07142857142857142,0.6428571428571429,0.5187522311522345,0.39548333848613026,0.34759945644924634,0.4492739571834233,NaN,NaN,NaN,NaN,4.928571428571429,6.460670223766242,2.274199498118183,0.9963940748678163,5.583333333333334,0.25,0.34238990945322245,5.0,9.0,2.008695652173913,1.0006875909583621,0.0,0.0
879,1,68.0,354.0,5.205882352941177,0.07769973661106233,0.16417910447761194,0.014925373134328358,0.26785714285714285,0.6071428571428571,0.2857142857142857,0.44642857142857145,0.20588235294117646,0.0,0.07142857142857142,0.6428571428571429,0.5651120738910783,0.4048150624112797,0.36025395843424957,0.45913654099799084,NaN,NaN,NaN,NaN,6.321428571428571,10.387242424955971,2.2592888245905023,0.9022671990058886,4.666666666666666,0.2857142857142857,0.4494782535023568,4.0,11.0,1.7870588235294118,0.803743924214185,0.058823529411764705,0.0
88,1,68.0,323.0,4.75,0.0708955223880597,0.16417910447761194,0.08955223880597014,0.21428571428571427,0.625,0.19642857142857142,0.42857142857142855,0.20588235294117646,0.0,0.0,0.6428571428571429,0.4853949328128688,0.3813396279768512,0.3348328754578755,0.4368614781148499,NaN,NaN,NaN,NaN,5.767857142857143,7.3805421614812685,2.219173135627068,0.8487007189311417,4.352941176470589,0.26785714285714285,0.32244167053626466,4.0,8.0,1.6747159090909092,0.6939178391868188,0.04411764705882353,0.0
880,1,68.0,261.0,3.838235294117647,0.05728709394205443,0.16417910447761194,0.11940298507462686,0.25,0.625,0.23214285714285715,0.4107142857142857,0.20588235294117646,0.0,0.07142857142857142,0.5714285714285714,0.5362525273156401,0.40981589542273,0.3403496625923097,0.44950867771262476,NaN,NaN,NaN,NaN,4.660714285714286,6.411004135544916,2.265055488233142,0.9528926266251697,4.909090909090909,0.2857142857142857,0.29764894257205077,4.0,7.0,1.6933085501858736,0.7772317668050213,0.029411764705882353,0.0
881,1,68.0,241.0,3.5441176470588234,0.0528972783143108,0.16417910447761194,0.11940298507462686,0.2857142857142857,0.6428571428571429,0.2857142857142857,0.42857142857142855,0.20588235294117646,0.0,0.07142857142857142,0.5714285714285714,0.5247241548134405,0.4105434909977051,0.35618964368964373,0.4612621998601338,NaN,NaN,NaN,NaN,4.303571428571429,5.073709931355209,2.214356874961295,0.8611765828275726,4.279569892473118,0.17857142857142858,0.34205180500985816,4.0,10.0,1.7504273504273504,0.7280608429461752,0.07352941176470588,0.0
882,1,68.0,292.0,4.294117647058823,0.06409130816505706,0.16417910447761194,0.07462686567164178,0.23214285714285715,0.6428571428571429,0.19642857142857142,0.39285714285714285,0.20588235294117646,0.0,0.0,0.6428571428571429,0.5298706862868852,0.3938871275213898,0.332562191543284,0.44319081020734646,NaN,NaN,NaN,NaN,5.214285714285714,6.044424284831843,2.248836708894827,0.921185213810353,4.4,0.26785714285714285,0.36033112022986696,5.0,10.0,1.996124031007752,0.9509227302626502,0.08823529411764706,0.0
883,1,68.0,274.0,4.029411764705882,0.0601404741000878,0.16417910447761194,0.1044776119402985,0.23214285714285715,0.625,0.23214285714285715,0.44642857142857145,0.20588235294117646,0.0,0.07142857142857142,0.5714285714285714,0.5192072147776665,0.4011824808315974,0.35596365440115435,0.4527286016246557,NaN,NaN,NaN,NaN,4.892857142857143,4.54744112432704,2.2709171464623212,0.9468083864716206,4.75,0.2857142857142857,0.3767316399976898,5.0,10.0,1.9563953488372092,0.9806659802752231,0.058823529411764705,0.0
884,1,68.0,219.0,3.2205882352941178,0.0480684811237928,0.16417910447761194,0.05970149253731343,0.26785714285714285,0.6428571428571429,0.25,0.4107142857142857,0.20588235294117646,0.0,0.07142857142857142,0.5714285714285714,0.46050644795742685,0.4136823260730857,0.33970379818594104,0.4523579740223931,NaN,NaN,NaN,NaN,3.9107142857142856,5.114246716821499,2.2695461144830893,1.006461254600969,5.7,0.19642857142857142,0.3956128885380154,6.0,9.0,2.0095969289827256,1.1510463595514753,0.04411764705882353,0.0
885,1,68.0,331.0,4.867647058823529,0.07265144863915715,0.16417910447761194,0.05970149253731343,0.26785714285714285,0.6428571428571429,0.17857142857142858,0.39285714285714285,0.20588235294117646,0.0,0.0,0.5714285714285714,0.45368631758954175,0.3973472951432696,0.3300483246911818,0.4408054725742911,NaN,NaN,NaN,NaN,5.910714285714286,7.522757680324625,2.285243156228491,0.9916946539626674,4.583333333333334,0.25,0.37915850273790136,4.0,11.0,1.8506329113924052,0.8427538626035548,0.10294117647058823,0.0
886,1,68.0,240.0,3.5294117647058822,0.05267778753292362,0.16417910447761194,0.11940298507462686,0.30357142857142855,0.6071428571428571,0.25,0.39285714285714285,0.20588235294117646,0.0,0.07142857142857142,0.6428571428571429,0.5168289407424264,0.40579159075829274,0.34552712042263717,0.4537081821690332,NaN,NaN,NaN,NaN,4.285714285714286,7.742948195180357,2.2121124725594727,0.8318033809232043,4.444444444444445,0.19642857142857142,0.3295546858579401,4.0,8.0,1.7222222222222223,0.7936604483130646,0.0,0.0
887,1,68.0,249.0,3.661764705882353,0.05465320456540825,0.16417910447761194,0.1044776119402985,0.26785714285714285,0.6607142857142857,0.21428571428571427,0.4107142857142857,0.20588235294117646,0.0,0.14285714285714285,0.6428571428571429,0.5351708619849725,0.40846735869747997,0.3503449296385221,0.44790124008675214,NaN,NaN,NaN,NaN,4.446428571428571,5.802568844469249,2.1852917122118463,0.8192832286088818,4.044776119402985,0.21428571428571427,0.3580933022825356,4.0,7.0,1.6301115241635689,0.6391803895669701,0.029411764705882353,0.0
888,1,68.0,210.0,3.088235294117647,0.046093064091308165,0.16417910447761194,0.14925373134328357,0.2857142857142857,0.625,0.25,0.39285714285714285,0.20588235294117646,0.0,0.0,0.5714285714285714,0.4992516024452356,0.4056980478596704,0.35059523809523807,0.4618682825283025,NaN,NaN,NaN,NaN,3.75,3.4018711428752373,2.2960971755561874,1.0191784308682723,5.1,0.23214285714285715,0.36600192774633983,5.0,9.0,1.892,0.9219740083886795,0.029411764705882353,0.0
889,1,68.0,251.0,3.6911764705882355,0.05509218612818262,0.16417910447761194,0.14925373134328357,0.26785714285714285,0.625,0.21428571428571427,0.39285714285714285,0.20588235294117646,0.0,0.0,0.5714285714285714,0.4614500463012276,0.39284043213548814,0.3318452380952381,0.43786703836900454,NaN,NaN,NaN,NaN,4.482142857142857,5.717568050804854,2.2449418685002427,0.920271528934501,5.0,0.19642857142857142,0.3598634280568703,4.0,9.0,1.5768421052631578,0.6780856385770923,0.07352941176470588,0.0
89,1,68.0,250.0,3.676470588235294,0.05487269534679543,0.16417910447761194,0.1044776119402985,0.26785714285714285,0.6071428571428571,0.19642857142857142,0.4107142857142857,0.20588235294117646,0.0,0.07142857142857142,0.5714285714285714,0.5012539944124869,0.3873282386924215,0.3294351951306838,0.43911639363268345,NaN,NaN,NaN,NaN,4.464285714285714,4.678633389100966,2.2784663735123676,0.9422420661664744,4.536082474226804,0.30357142857142855,0.34390989190177296,4.0,10.0,1.7813021702838063,0.7477397204087045,0.058823529411764705,0.0
890,1,68.0,292.0,4.294117647058823,0.06409130816505706,0.16417910447761194,0.08955223880597014,0.26785714285714285,0.6071428571428571,0.19642857142857142,0.42857142857142855,0.20588235294117646,0.0,0.0,0.6428571428571429,0.5508386110836001,0.3892127814658914,0.33774296509383894,0.4412068276104987,NaN,NaN,NaN,NaN,5.214285714285714,7.650821193510206,2.25398182221891,0.8953761389885605,4.4375,0.21428571428571427,0.3472888966434308,4.0,9.0,1.8053977272727273,0.7769249380531807,0.029411764705882353,0.0
891,1,68.0,275.0,4.044117647058823,0.06035996488147498,0.16417910447761194,0.1044776119402985,0.19642857142857142,0.625,0.19642857142857142,0.44642857142857145,0.20588235294117646,0.0,0.07142857142857142,0.5714285714285714,0.510195408272461,0.4036304757399807,0.35203373015873013,0.4448058792575272,NaN,NaN,NaN,NaN,4.910714285714286,5.95826938178982,2.2603730557581585,0.9295388209212209,4.545454545454545,0.2857142857142857,0.36241289642328894,4.0,9.0,1.9644322845417237,0.8921846662140714,0.058823529411764705,0.0
892,1,68.0,220.0,3.235294117647059,0.048287971905179985,0.16417910447761194,0.11940298507462686,0.26785714285714285,0.6607142857142857,0.25,0.39285714285714285,0.20588235294117646,0.0,0.0,0.6428571428571429,0.5648906148481555,0.40662821508098546,0.35344742063492063,0.45613860747342333,NaN,NaN,NaN,NaN,3.9285714285714284,4.864928824508379,2.2355458744390404,0.9199235086139324,4.625,0.23214285714285715,0.4007417519016926,4.0,11.0,1.8628158844765343,0.8108375408041028,0.04411764705882353,0.0
893,1,68.0,246.0,3.6176470588235294,0.053994732221246705,0.16417910447761194,0.16417910447761194,0.26785714285714285,0.625,0.19642857142857142,0.39285714285714285,0.20588235294117646,0.0,0.07142857142857142,0.5714285714285714,0.4590297838621519,0.41777759233521344,0.3424737438835183,0.4511774764312453,NaN,NaN,NaN,NaN,4.392857142857143,5.182763641247686,2.2445643035945673,0.9236346305263912,5.166666666666666,0.23214285714285715,0.37087663501944107,5.0,7.0,1.8251748251748252,0.8823204981760998,0.0,0.0
894,1,68.0,229.0,3.3676470588235294,0.05026338893766462,0.16417910447761194,0.13432835820895522,0.25,0.625,0.25,0.375,0.20588235294117646,0.0,0.07142857142857142,0.5714285714285714,0.43496491912097845,0.4319748515842278,0.3441751700680272,0.4636561271131573,NaN,NaN,NaN,NaN,4.089285714285714,5.347137843452618,2.331414711172971,1.1088238938324146,5.714285714285714,0.25,0.4481339675263677,5.0,10.0,1.6792929292929293,0.9443639638686325,0.058823529411764705,0.0
895,1,68.0,228.0,3.3529411764705883,0.05004389815627744,0.16417910447761194,0.11940298507462686,0.2857142857142857,0.6428571428571429,0.26785714285714285,0.42857142857142855,0.20588235294117646,0.0,0.07142857142857142,0.6428571428571429,0.5042033455066907,0.41208261055235784,0.34994375142401457,0.45636329860048047,NaN,NaN,NaN,NaN,4.071428571428571,5.137587487800592,2.2769719770934094,0.995487337499042,5.375,0.21428571428571427,0.3496778249864165,5.0,8.0,1.9858657243816253,1.0095884781496283,0.0,0.0
896,1,68.0,197.0,2.8970588235294117,0.043239683933274806,0.16417910447761194,0.1791044776119403,0.30357142857142855,0.6607142857142857,0.2857142857142857,0.375,0.20588235294117646,0.0,0.07142857142857142,0.6428571428571429,0.5100199487273956,0.4261937097666686,0.3497668006596578,0.47123570951863586,NaN,NaN,NaN,NaN,3.517857142857143,3.727007434334471,2.3189243633454764,1.11303716004708,5.954545454545455,0.16071428571428573,0.4892669452882214,5.0,12.0,2.0101419878296145,1.015078684583634,0.058823529411764705,0.0
897,1,68.0,245.0,3.6029411764705883,0.053775241439859525,0.16417910447761194,0.05970149253731343,0.2857142857142857,0.6071428571428571,0.17857142857142858,0.42857142857142855,0.20588235294117646,0.0,0.07142857142857142,0.5714285714285714,0.5165378474367711,0.38805871935205377,0.3298611111111111,0.4321490103937701,NaN,NaN,NaN,NaN,4.375,3.8920081285535972,2.315128460206171,1.0472339916704752,5.2368421052631575,0.23214285714285715,0.4140789272862322,5.0,11.0,2.036390101892285,0.958383484306915,0.07352941176470588,0.0
898,1,68.0,277.0,4.073529411764706,0.06079894644424934,0.16417910447761194,0.014925373134328358,0.25,0.625,0.23214285714285715,0.4107142857142857,0.20588235294117646,0.0,0.07142857142857142,0.5714285714285714,0.4944415181823807,0.40877731028187975,0.33302045177045175,0.44710221734829775,NaN,NaN,NaN,NaN,4.946428571428571,7.664367714791119,2.322075913953579,1.0509808691813276,4.904761904761905,0.26785714285714285,0.47920896096221083,4.0,9.0,1.6470588235294117,0.7631418219204021,0.07352941176470588,0.0
899,1,68.0,274.0,4.029411764705882,0.0601404741000878,0.16417910447761194,0.05970149253731343,0.25,0.6428571428571429,0.21428571428571427,0.42857142857142855,0.20588235294117646,0.0,0.07142857142857142,0.6428571428571429,0.5102770938779112,0.39516561719952964,0.349462937855795,0.44570287979712375,NaN,NaN,NaN,NaN,4.892857142857143,5.594408154345069,2.254850470464907,0.9463322233688538,4.583333333333334,0.26785714285714285,0.4802859911087903,5.0,10.0,1.9922978177150192,0.9417165498656487,0.04411764705882353,0.0
9,1,68.0,229.0,3.3676470588235294,0.05026338893766462,0.16417910447761194,0.07462686567164178,0.26785714285714285,0.6785714285714286,0.23214285714285715,0.39285714285714285,0.20588235294117646,0.0,0.14285714285714285,0.5714285714285714,0.4831009885033114,0.40059070788088275,0.3399016657945229,0.45179600260248054,NaN,NaN,NaN,NaN,4.089285714285714,5.912319297916807,2.302419469154896,1.092178789547362,5.241379310344827,0.16071428571428573,0.5048615480452492,6.0,9.0,2.0609137055837565,1.0859714908695024,0.029411764705882353,0.0
90,1,68.0,225.0,3.3088235294117645,0.04938542581211589,0.16417910447761194,0.14925373134328357,0.26785714285714285,0.6071428571428571,0.23214285714285715,0.42857142857142855,0.20588235294117646,0.0,0.07142857142857142,0.6428571428571429,0.5485492946828002,0.4075122060381002,0.3486040249433107,0.44541996367281683,NaN,NaN,NaN,NaN,4.017857142857143,4.959805976515143,2.2808921896283816,0.9654542682662144,4.916666666666666,0.25,0.33029690227232517,5.0,8.0,2.1451612903225805,1.0414528936061782,0.029411764705882353,0.0
900,1,68.0,280.0,4.117647058823529,0.061457418788410885,0.16417910447761194,0.014925373134328358,0.21428571428571427,0.625,0.14285714285714285,0.4642857142857143,0.20588235294117646,0.0,0.0,0.6428571428571429,0.47508266534669896,0.3657940804435531,0.3242955705009276,0.42195987628527876,NaN,NaN,NaN,NaN,5.0,6.7095589883525,2.2508551591581276,0.9091084865538277,4.628571428571428,0.2857142857142857,0.3571016545976457,5.0,8.0,1.6845637583892616,0.7522492732048859,0.029411764705882353,0.0
901,1,68.0,298.0,4.382352941176471,0.06540825285338016,0.16417910447761194,0.014925373134328358,0.23214285714285715,0.625,0.23214285714285715,0.4107142857142857,0.20588235294117646,0.0,0.0,0.5714285714285714,0.5079420257239099,0.39680974115914186,0.3341579425561799,0.4453496354233472,NaN,NaN,NaN,NaN,5.321428571428571,7.476282846094388,2.3378222918374183,1.0677426594703554,5.0,0.2857142857142857,0.3990230175069517,6.0,11.0,2.2088535754824066,1.1636399308904666,0.0,0.0
902,1,68.0,267.0,3.926470588235294,0.058604038630377525,0.16417910447761194,0.07462686567164178,0.25,0.625,0.25,0.39285714285714285,0.20588235294117646,0.0,0.07142857142857142,0.6428571428571429,0.5558292626822766,0.4087455434424782,0.3411435120025021,0.45534886110973255,NaN,NaN,NaN,NaN,4.767857142857143,6.886062528241895,2.3013732671980756,1.0427417033826973,5.75,0.23214285714285715,0.3728110943963669,6.0,8.0,2.0450310559006213,1.1249289587929883,0.04411764705882353,0.0
903,1,68.0,285.0,4.1911764705882355,0.06255487269534679,0.16417910447761194,0.0,0.23214285714285715,0.625,0.26785714285714285,0.42857142857142855,0.20588235294117646,0.0,0.07142857142857142,0.5714285714285714,0.5158860325347399,0.4106757813371113,0.35848214285714286,0.4573570623742543,NaN,NaN,NaN,NaN,5.089285714285714,7.37385254115522,2.285639419845264,0.9851189726205442,4.923913043478261,0.26785714285714285,0.41362637257152474,5.0,10.0,2.1294117647058823,1.048676699972684,0.07352941176470588,0.0
904,1,68.0,250.0,3.676470588235294,0.05487269534679543,0.16417910447761194,0.014925373134328358,0.25,0.625,0.30357142857142855,0.42857142857142855,0.20588235294117646,0.0,0.07142857142857142,0.6428571428571429,0.5211157033470551,0.4363707687518188,0.35141054036402875,0.46596580297156037,NaN,NaN,NaN,NaN,4.464285714285714,7.947473665406992,2.273788267795401,0.986710750365928,5.583333333333334,0.23214285714285715,0.3995168494093015,5.0,10.0,2.0178306092124814,1.0042958566541207,0.029411764705882353,0.0
905,1,68.0,260.0,3.823529411764706,0.05706760316066725,0.16417910447761194,0.05970149253731343,0.26785714285714285,0.6428571428571429,0.21428571428571427,0.42857142857142855,0.20588235294117646,0.0,0.07142857142857142,0.7142857142857143,0.48551843012598483,0.41261405713258154,0.34321021372954075,0.4450354701112296,NaN,NaN,NaN,NaN,4.642857142857143,6.12425452659289,2.2232427264945747,0.8673859288969259,4.5,0.23214285714285715,0.4251892115079555,5.0,11.0,1.8118131868131868,0.7260323547773219,0.10294117647058823,0.0
906,1,68.0,285.0,4.1911764705882355,0.06255487269534679,0.16417910447761194,0.014925373134328358,0.26785714285714285,0.625,0.17857142857142858,0.39285714285714285,0.20588235294117646,0.0,0.07142857142857142,0.7142857142857143,0.520435704921492,0.3971755247576524,0.32503023431594863,0.43771287413155235,NaN,NaN,NaN,NaN,5.089285714285714,5.654529272954673,2.3127227317744836,1.0217377220925745,4.675675675675675,0.26785714285714285,0.5122007677053029,6.0,13.0,1.9663056558363416,0.9151052071739553,0.10294117647058823,0.0
907,1,68.0,225.0,3.3088235294117645,0.04938542581211589,0.16417910447761194,0.13432835820895522,0.32142857142857145,0.6428571428571429,0.23214285714285715,0.35714285714285715,0.20588235294117646,0.0,0.07142857142857142,0.5714285714285714,0.4898585058946901,0.42346401021260843,0.33630952380952384,0.4587480086602398,NaN,NaN,NaN,NaN,4.017857142857143,5.385134661703023,2.2609529638131014,0.9837905386091568,4.945945945945946,0.14285714285714285,0.3722172673398312,4.0,8.0,1.7456521739130435,0.849504923550697,0.07352941176470588,0.0
908,1,68.0,315.0,4.632352941176471,0.06913959613696224,0.16417910447761194,0.05970149253731343,0.25,0.6071428571428571,0.26785714285714285,0.42857142857142855,0.20588235294117646,0.0,0.0,0.6428571428571429,0.5247919266362121,0.39705281032387296,0.3466732355081251,0.45351651440737284,NaN,NaN,NaN,NaN,5.625,6.871714090782193,2.250456187641137,0.8809485568828865,4.298076923076923,0.2857142857142857,0.4031102485297307,4.0,11.0,1.7820672478206725,0.7295523243577754,0.058823529411764705,0.0
909,1,68.0,260.0,3.823529411764706,0.05706760316066725,0.16417910447761194,0.1044776119402985,0.23214285714285715,0.6428571428571429,0.26785714285714285,0.42857142857142855,0.20588235294117646,0.0,0.0,0.6428571428571429,0.5351306208955767,0.396802061774408,0.362020723841376,0.46113114655599585,NaN,NaN,NaN,NaN,4.642857142857143,5.268874544059573,2.2470463176470323,0.9323199216759366,4.827586206896552,0.2857142857142857,0.3667730817118969,6.0,13.0,1.9271916790490342,0.9075021253692506,0.029411764705882353,0.0
91,1,68.0,329.0,4.838235294117647,0.07221246707638279,0.16417910447761194,0.014925373134328358,0.21428571428571427,0.625,0.21428571428571427,0.42857142857142855,0.20588235294117646,0.0,0.07142857142857142,0.6428571428571429,0.531963904997984,0.39044729790936017,0.3457046195671251,0.4505232056029788,NaN,NaN,NaN,NaN,5.875,6.917862255192581,2.3132304719391183,1.025577165680671,4.835616438356164,0.30357142857142855,0.37425011167533767,5.0,11.0,2.004439511653718,0.9649307643288224,0.07352941176470588,0.0
910,1,68.0,212.0,3.1176470588235294,0.046532045654082525,0.16417910447761194,0.14925373134328357,0.2857142857142857,0.6428571428571429,0.23214285714285715,0.39285714285714285,0.20588235294117646,0.0,0.07142857142857142,0.5714285714285714,0.4900797570441214,0.4016014476617746,0.3350899570354457,0.44980599826908224,NaN,NaN,NaN,NaN,3.7857142857142856,4.44650745770527,2.3063568221073067,1.0587059726407524,6.0,0.16071428571428573,0.34313818234395466,5.0,8.0,1.72562358276644,0.8391018649760141,0.0,0.0
911,1,68.0,309.0,4.544117647058823,0.06782265144863915,0.16417910447761194,0.04477611940298507,0.17857142857142858,0.6071428571428571,0.25,0.4642857142857143,0.20588235294117646,0.0,0.07142857142857142,0.6428571428571429,0.526601253356332,0.3986575083258456,0.35388956021004897,0.4518071245065923,NaN,NaN,NaN,NaN,5.517857142857143,6.695971845896528,2.28724202672305,0.9572229408777748,4.6521739130434785,0.35714285714285715,0.41282106757834214,5.0,10.0,1.9672131147540983,0.9555443877703973,0.058823529411764705,0.0
912,1,68.0,269.0,3.9558823529411766,0.059043020193151885,0.16417910447761194,0.014925373134328358,0.23214285714285715,0.6071428571428571,0.19642857142857142,0.4107142857142857,0.20588235294117646,0.0,0.0,0.5714285714285714,0.4879173462434517,0.4248234662780769,0.3437210111317254,0.44715653382879567,NaN,NaN,NaN,NaN,4.803571428571429,6.576596640863976,2.231856693788264,0.8701127904859156,4.644444444444444,0.23214285714285715,0.3357395960969476,5.0,7.0,1.5781584582441113,0.772234392959625,0.029411764705882353,0.0
913,1,68.0,348.0,5.117647058823529,0.07638279192273925,0.16417910447761194,0.014925373134328358,0.23214285714285715,0.625,0.17857142857142858,0.44642857142857145,0.20588235294117646,0.0,0.07142857142857142,0.5714285714285714,0.5532092931984088,0.40881749310711596,0.34548482271696557,0.4448118044845087,NaN,NaN,NaN,NaN,6.214285714285714,7.8918007755213555,2.31031332762608,1.0280309377222747,5.022222222222222,0.26785714285714285,0.3826127007120493,4.0,10.0,1.8794153471376371,0.8716833443895374,0.08823529411764706,0.0
914,1,68.0,268.0,3.9411764705882355,0.058823529411764705,0.16417910447761194,0.029850746268656716,0.25,0.6071428571428571,0.25,0.44642857142857145,0.20588235294117646,0.0,0.07142857142857142,0.6428571428571429,0.5577035477196867,0.4087021396167527,0.3520747394702562,0.44464369022707584,NaN,NaN,NaN,NaN,4.785714285714286,7.619864674804774,2.2714865487921525,0.9634208466693771,5.407407407407407,0.30357142857142855,0.44621370225637635,6.0,11.0,2.1390013495276654,1.1813201851013575,0.029411764705882353,0.0
915,1,68.0,303.0,4.455882352941177,0.06650570676031607,0.16417910447761194,0.07462686567164178,0.25,0.625,0.21428571428571427,0.4107142857142857,0.20588235294117646,0.0,0.0,0.6428571428571429,0.5104342120580515,0.3976795547516844,0.33787405919814734,0.44307873275627246,NaN,NaN,NaN,NaN,5.410714285714286,8.81687799974218,2.24323438347027,0.8839727835280198,4.479166666666666,0.25,0.4423136398461268,4.0,11.0,1.8032378580323787,0.7244497280283111,0.08823529411764706,0.0
916,1,68.0,332.0,4.882352941176471,0.07287093942054433,0.16417910447761194,0.029850746268656716,0.25,0.6071428571428571,0.23214285714285715,0.4642857142857143,0.20588235294117646,0.0,0.07142857142857142,0.6428571428571429,0.5548212695962682,0.40055581278491764,0.3694586167800454,0.45450099744687866,NaN,NaN,NaN,NaN,5.928571428571429,6.977514907595273,2.2410472732548383,0.8769921969873986,4.305263157894737,0.25,0.3671973708437157,5.0,11.0,1.9432463110102156,0.9481814625127689,0.07352941176470588,0.0
917,1,68.0,237.0,3.485294117647059,0.05201931518876207,0.16417910447761194,0.08955223880597014,0.2857142857142857,0.625,0.17857142857142858,0.42857142857142855,0.20588235294117646,0.0,0.07142857142857142,0.5714285714285714,0.5135217805834178,0.3905106383747159,0.3360522414093842,0.43535489625472773,NaN,NaN,NaN,NaN,4.232142857142857,5.2257790073601695,2.315566567056792,1.06277360621062,5.111111111111111,0.19642857142857142,0.39294763816329836,6.0,10.0,2.0,1.0548465538817178,0.058823529411764705,0.0
918,1,68.0,257.0,3.7794117647058822,0.056409130816505705,0.16417910447761194,0.1044776119402985,0.25,0.625,0.25,0.42857142857142855,0.20588235294117646,0.0,0.07142857142857142,0.6428571428571429,0.5071541492791646,0.3984050083614889,0.35514455782312926,0.44570293737766387,NaN,NaN,NaN,NaN,4.589285714285714,5.935338806946638,2.1950782162614333,0.815894101723056,4.073170731707317,0.25,0.35352424738873267,4.0,9.0,1.5126050420168067,0.5820551063582229,0.058823529411764705,0.0
919,1,68.0,179.0,2.6323529411764706,0.03928884986830553,0.16417910447761194,0.208955223880597,0.32142857142857145,0.6428571428571429,0.26785714285714285,0.375,0.20588235294117646,0.0,0.07142857142857142,0.5714285714285714,0.46717759547000615,0.4216206301769697,0.34330357142857143,0.4629817164912615,NaN,NaN,NaN,NaN,3.1964285714285716,3.2216294175302203,2.3116718036155377,1.0556211858238458,5.115384615384615,0.16071428571428573,0.32138828210560294,4.0,7.0,1.8619854721549636,0.9126047910474708,0.0,0.0
92,1,68.0,292.0,4.294117647058823,0.06409130816505706,0.16417910447761194,0.0,0.26785714285714285,0.6428571428571429,0.30357142857142855,0.39285714285714285,0.20588235294117646,0.0,0.07142857142857142,0.6428571428571429,0.5672864025340411,0.44583253946512547,0.3546750992063492,0.4730124754822336,NaN,NaN,NaN,NaN,5.214285714285714,9.120833864817977,2.2803462899451454,0.9997649071403302,5.0,0.21428571428571427,0.41304418810727,4.0,9.0,1.7293103448275862,0.8562497296626589,0.058823529411764705,0.0
920,1,68.0,216.0,3.176470588235294,0.04741000877963126,0.16417910447761194,0.14925373134328357,0.26785714285714285,0.6428571428571429,0.23214285714285715,0.39285714285714285,0.20588235294117646,0.0,0.07142857142857142,0.5714285714285714,0.43516240099936077,0.39935195053912903,0.3304138321995465,0.44020223679544146,NaN,NaN,NaN,NaN,3.857142857142857,6.1715728698859005,2.2685915307943123,0.9954621823536359,5.166666666666666,0.19642857142857142,0.3364071262935198,5.0,8.0,2.132867132867133,1.1055520590841394,0.029411764705882353,0.0
921,1,68.0,263.0,3.8676470588235294,0.0577260755048288,0.16417910447761194,0.1044776119402985,0.30357142857142855,0.6428571428571429,0.16071428571428573,0.39285714285714285,0.20588235294117646,0.0,0.07142857142857142,0.5714285714285714,0.48197789899592436,0.39432187158723386,0.32462443310657596,0.4336845553724295,NaN,NaN,NaN,NaN,4.696428571428571,4.528373751267537,2.2826332835765886,0.9908968726117494,4.62962962962963,0.19642857142857142,0.4391996462330831,5.0,11.0,1.6768060836501901,0.7868648268020099,0.08823529411764706,0.0
922,1,68.0,275.0,4.044117647058823,0.06035996488147498,0.16417910447761194,0.08955223880597014,0.2857142857142857,0.625,0.21428571428571427,0.4107142857142857,0.20588235294117646,0.0,0.0,0.6428571428571429,0.5113478697205871,0.3888812434193776,0.33330215858273127,0.4398236497349099,NaN,NaN,NaN,NaN,4.910714285714286,6.08508395613789,2.2264534393663458,0.8553297363519172,4.166666666666666,0.25,0.3406105512753236,5.0,9.0,1.9027237354085602,0.841847288612958,0.029411764705882353,0.0
923,1,68.0,268.0,3.9411764705882355,0.058823529411764705,0.16417910447761194,0.11940298507462686,0.25,0.625,0.21428571428571427,0.4107142857142857,0.20588235294117646,0.0,0.0,0.6428571428571429,0.536370944546703,0.3973413181337952,0.35126842403628117,0.44911117636366626,NaN,NaN,NaN,NaN,4.785714285714286,6.011244873989492,2.279607752280786,0.9793480156218518,5.0,0.26785714285714285,0.35202034221842377,6.0,10.0,2.211660329531052,1.2026054229294332,0.07352941176470588,0.0
924,1,68.0,241.0,3.5441176470588234,0.0528972783143108,0.16417910447761194,0.1044776119402985,0.2857142857142857,0.6071428571428571,0.19642857142857142,0.4107142857142857,0.20588235294117646,0.0,0.0,0.5714285714285714,0.4669387958519942,0.4061745612908737,0.3246775793650794,0.43894346539833257,NaN,NaN,NaN,NaN,4.303571428571429,4.759372162021307,2.3100819960252474,1.0184768367223487,5.162162162162162,0.26785714285714285,0.40654688912583403,5.0,10.0,2.1046337817638268,1.0796675825166395,0.0,0.0
925,1,68.0,245.0,3.6029411764705883,0.053775241439859525,0.16417910447761194,0.029850746268656716,0.23214285714285715,0.625,0.23214285714285715,0.42857142857142855,0.20588235294117646,0.0,0.0,0.6428571428571429,0.48218351297081685,0.4032157657667805,0.34129582388510954,0.4448705629357373,NaN,NaN,NaN,NaN,4.375,5.231243551098447,2.2815805648449783,0.9723332045339149,4.720000000000001,0.2857142857142857,0.4325467876410777,4.0,12.0,2.00929614873838,0.8528230084383569,0.10294117647058823,0.0
926,1,68.0,254.0,3.735294117647059,0.05575065847234416,0.16417910447761194,0.07462686567164178,0.26785714285714285,0.625,0.23214285714285715,0.39285714285714285,0.20588235294117646,0.0,0.0,0.5714285714285714,0.4840460945948299,0.3864780946381251,0.331775076631443,0.4437722082730249,NaN,NaN,NaN,NaN,4.535714285714286,5.274171320395568,2.2828554329134376,0.9730719433868417,4.696969696969697,0.26785714285714285,0.40359690771233564,5.0,11.0,2.1172506738544477,1.0317491609591436,0.07352941176470588,0.0
927,1,68.0,226.0,3.323529411764706,0.04960491659350307,0.16417910447761194,0.07462686567164178,0.23214285714285715,0.6428571428571429,0.25,0.42857142857142855,0.20588235294117646,0.0,0.07142857142857142,0.5714285714285714,0.5352463566706731,0.42304109425590003,0.35965136054421765,0.4608655622961938,NaN,NaN,NaN,NaN,4.035714285714286,4.480114794447636,2.303594586434972,1.0728442592556153,5.945945945945946,0.26785714285714285,0.4633541118103943,6.0,11.0,2.1745283018867925,1.196864248408733,0.029411764705882353,0.0
928,1,68.0,258.0,3.7941176470588234,0.05662862159789289,0.16417910447761194,0.014925373134328358,0.25,0.625,0.25,0.42857142857142855,0.20588235294117646,0.0,0.0,0.5714285714285714,0.4947191684311402,0.3997255739497895,0.3437429138321995,0.4502730884505789,NaN,NaN,NaN,NaN,4.607142857142857,6.832219315802205,2.324697287508388,1.06161483979542,5.241379310344827,0.26785714285714285,0.48956753379412954,5.0,11.0,1.7679558011049723,0.870553998167552,0.08823529411764706,0.0
929,1,68.0,281.0,4.132352941176471,0.06167690956979807,0.16417910447761194,0.08955223880597014,0.23214285714285715,0.625,0.23214285714285715,0.44642857142857145,0.20588235294117646,0.0,0.07142857142857142,0.6428571428571429,0.48493913277806666,0.4080491940225745,0.35543707023970184,0.45511561713311677,NaN,NaN,NaN,NaN,5.017857142857143,5.0434154063530166,2.322563721705478,1.0613635249209827,5.08,0.25,0.39231980317516196,5.0,11.0,1.8628048780487805,0.9127196496273439,0.07352941176470588,0.0
93,1,68.0,295.0,4.338235294117647,0.06474978050921862,0.16417910447761194,0.08955223880597014,0.23214285714285715,0.6071428571428571,0.21428571428571427,0.42857142857142855,0.20588235294117646,0.0,0.0,0.5714285714285714,0.4802048972796173,0.39397685226037843,0.3424861925566813,0.4448255732571577,NaN,NaN,NaN,NaN,5.267857142857143,7.4820781542625925,2.2677305261466083,0.9163911663990523,4.484848484848484,0.30357142857142855,0.3718743444101159,4.0,11.0,1.7797297297297296,0.7293350132117226,0.07352941176470588,0.0
930,1,68.0,253.0,3.7205882352941178,0.05553116769095698,0.16417910447761194,0.1044776119402985,0.25,0.625,0.23214285714285715,0.4107142857142857,0.20588235294117646,0.0,0.0,0.7142857142857143,0.5058408489533355,0.39276353287680155,0.3467558235415379,0.45131656585335744,NaN,NaN,NaN,NaN,4.517857142857143,5.236206369391599,2.263693699637661,0.9461649489102675,4.666666666666666,0.25,0.3555826115925293,5.0,11.0,1.84375,0.8496110651990895,0.07352941176470588,0.0
931,1,68.0,291.0,4.279411764705882,0.06387181738366988,0.16417910447761194,0.11940298507462686,0.25,0.625,0.16071428571428573,0.4107142857142857,0.20588235294117646,0.0,0.0,0.7142857142857143,0.5051966463668801,0.3955328631196614,0.33605067026810725,0.43886995506891796,NaN,NaN,NaN,NaN,5.196428571428571,6.540557782322247,2.250013547255808,0.923409864391138,4.607843137254902,0.26785714285714285,0.35761237524759365,3.0,8.0,1.6490066225165563,0.6906019245543649,0.029411764705882353,0.0
932,1,68.0,229.0,3.3676470588235294,0.05026338893766462,0.16417910447761194,0.1044776119402985,0.2857142857142857,0.625,0.2857142857142857,0.4107142857142857,0.20588235294117646,0.0,0.07142857142857142,0.6428571428571429,0.48924136513294114,0.43861745485136666,0.3546422101449275,0.4637019370038828,NaN,NaN,NaN,NaN,4.089285714285714,7.368919461221842,2.2637920565116265,0.9441769485728649,4.7176470588235295,0.21428571428571427,0.39710643249751654,4.0,10.0,2.0165016501650164,0.970502965365071,0.07352941176470588,0.0
933,1,68.0,273.0,4.014705882352941,0.05992098331870061,0.16417910447761194,0.1044776119402985,0.2857142857142857,0.625,0.23214285714285715,0.4107142857142857,0.20588235294117646,0.0,0.07142857142857142,0.6428571428571429,0.5256008304186226,0.4062200617317817,0.34457617906048765,0.4515841884929309,NaN,NaN,NaN,NaN,4.875,5.9239498493979355,2.2661408313595945,0.9367259801153546,4.515625,0.21428571428571427,0.3430831321198466,4.0,8.0,1.7391304347826086,0.7574779145452643,0.029411764705882353,0.0
934,1,68.0,234.0,3.4411764705882355,0.051360842844600525,0.16417910447761194,0.07462686567164178,0.2857142857142857,0.6428571428571429,0.23214285714285715,0.4107142857142857,0.20588235294117646,0.0,0.14285714285714285,0.5714285714285714,0.5729757718452572,0.4272581640290778,0.3605742296918768,0.4598886174822714,NaN,NaN,NaN,NaN,4.178571428571429,6.200020946759753,2.230044607744404,0.9322681274929675,5.166666666666666,0.14285714285714285,0.3314522759123115,4.0,6.0,1.5186170212765957,0.7551947754958122,0.029411764705882353,0.0
935,1,68.0,172.0,2.5294117647058822,0.03775241439859526,0.16417910447761194,0.208955223880597,0.30357142857142855,0.6428571428571429,0.2857142857142857,0.4107142857142857,0.20588235294117646,0.0,0.07142857142857142,0.5714285714285714,0.5312425838390912,0.4247250637909859,0.3647321428571429,0.4603824471622725,NaN,NaN,NaN,NaN,3.0714285714285716,3.0142518616920992,2.1919309964613567,0.8307799556366835,4.3,0.21428571428571427,0.37386359295733024,4.0,9.0,1.5263157894736843,0.6544830769146682,0.04411764705882353,0.0
936,1,68.0,238.0,3.5,0.05223880597014925,0.16417910447761194,0.11940298507462686,0.26785714285714285,0.6071428571428571,0.25,0.4107142857142857,0.20588235294117646,0.0,0.07142857142857142,0.6428571428571429,0.506001327665521,0.43523577404307523,0.34681756474519626,0.45166084429134556,NaN,NaN,NaN,NaN,4.25,6.0939612434248085,2.1981858300842037,0.7986965285082623,4.0,0.19642857142857142,0.3561566556423986,3.0,6.0,1.5022831050228311,0.5690284724912004,0.0,0.0
937,1,68.0,171.0,2.514705882352941,0.03753292361720808,0.16417910447761194,0.22388059701492538,0.32142857142857145,0.6071428571428571,0.32142857142857145,0.4107142857142857,0.20588235294117646,0.0,0.07142857142857142,0.5714285714285714,0.5779422328799109,0.43489878427221856,0.36994047619047615,0.4689276358945244,NaN,NaN,NaN,NaN,3.0535714285714284,3.45053167369448,2.251993206994232,0.9160661484781597,4.411764705882353,0.19642857142857142,0.42706942545145427,4.0,9.0,1.7542997542997543,0.7318072228421091,0.04411764705882353,0.0
938,1,68.0,355.0,5.220588235294118,0.07791922739244951,0.16417910447761194,0.029850746268656716,0.23214285714285715,0.625,0.26785714285714285,0.4642857142857143,0.20588235294117646,0.0,0.07142857142857142,0.6428571428571429,0.5619198811817517,0.39315880523191477,0.36385893480708303,0.45677783078877837,NaN,NaN,NaN,NaN,6.339285714285714,8.75998502637634,2.268448680677569,0.9401872207344181,4.818181818181818,0.26785714285714285,0.40056856178906747,4.0,12.0,1.8808743169398907,0.8446091767376045,0.07352941176470588,0.0
939,1,68.0,276.0,4.0588235294117645,0.06057945566286216,0.16417910447761194,0.08955223880597014,0.26785714285714285,0.625,0.14285714285714285,0.4107142857142857,0.20588235294117646,0.0,0.07142857142857142,0.6428571428571429,0.5206202059124886,0.40536859630464556,0.34077230182853285,0.43825193684373687,NaN,NaN,NaN,NaN,4.928571428571429,7.338211679241111,2.2123978900716095,0.8580956543023397,4.5,0.21428571428571427,0.3657377739837249,4.0,8.0,1.6935749588138385,0.7163864011883168,0.029411764705882353,0.0
94,1,68.0,248.0,3.6470588235294117,0.05443371378402107,0.16417910447761194,0.14925373134328357,0.26785714285714285,0.625,0.23214285714285715,0.42857142857142855,0.20588235294117646,0.0,0.07142857142857142,0.6428571428571429,0.48993212330033575,0.40506911017366903,0.35197420634920634,0.4511659905868453,NaN,NaN,NaN,NaN,4.428571428571429,5.723499065994643,2.261806592007036,0.9433971629316301,4.75,0.25,0.3605543051219033,5.0,9.0,1.8791390728476822,0.8905037539789195,0.029411764705882353,0.0
940,1,68.0,269.0,3.9558823529411766,0.059043020193151885,0.16417910447761194,0.08955223880597014,0.23214285714285715,0.625,0.21428571428571427,0.39285714285714285,0.20588235294117646,0.0,0.0,0.5714285714285714,0.49815430338802186,0.4032192514276394,0.32407879818594104,0.43952221817502146,NaN,NaN,NaN,NaN,4.803571428571429,7.067003075387222,2.2968345207957857,1.0198001771519525,5.833333333333334,0.30357142857142855,0.3795169306535811,5.0,10.0,2.2814814814814817,1.188023372257961,0.04411764705882353,0.0
941,1,68.0,202.0,2.9705882352941178,0.04433713784021071,0.16417910447761194,0.13432835820895522,0.30357142857142855,0.625,0.2857142857142857,0.39285714285714285,0.20588235294117646,0.0,0.07142857142857142,0.5714285714285714,0.5599434636544012,0.4179947054886216,0.3540958049886621,0.46790668822268683,NaN,NaN,NaN,NaN,3.607142857142857,3.3285463462630016,2.315834533687723,1.0295985521502065,4.903225806451613,0.23214285714285715,0.39343685229198094,5.0,8.0,1.9302788844621515,0.9313349303057062,0.04411764705882353,0.0
942,1,68.0,240.0,3.5294117647058822,0.05267778753292362,0.16417910447761194,0.1044776119402985,0.2857142857142857,0.625,0.23214285714285715,0.42857142857142855,0.20588235294117646,0.0,0.07142857142857142,0.5714285714285714,0.48085488150204586,0.40828465984846984,0.3418154761904762,0.44711333125780994,NaN,NaN,NaN,NaN,4.285714285714286,4.563548402939759,2.285339961582922,0.9806995867518226,4.666666666666666,0.25,0.3806240057645855,4.0,10.0,1.7677902621722847,0.8024423231649175,0.058823529411764705,0.0
943,1,68.0,331.0,4.867647058823529,0.07265144863915715,0.16417910447761194,0.05970149253731343,0.23214285714285715,0.625,0.19642857142857142,0.42857142857142855,0.20588235294117646,0.0,0.07142857142857142,0.6428571428571429,0.5215013046611168,0.3913893125493361,0.33870955433455435,0.4421374608589499,NaN,NaN,NaN,NaN,5.910714285714286,8.030117820293311,2.2658045746310487,0.9353811977217181,4.666666666666666,0.2857142857142857,0.41317810579588765,4.0,11.0,1.7845373891001268,0.7767001624298501,0.08823529411764706,0.0
944,1,68.0,221.0,3.25,0.048507462686567165,0.16417910447761194,0.14925373134328357,0.26785714285714285,0.625,0.32142857142857145,0.4107142857142857,0.20588235294117646,0.0,0.07142857142857142,0.6428571428571429,0.5039192109650183,0.43323103491208004,0.3564709595959596,0.4720990410153352,NaN,NaN,NaN,NaN,3.9464285714285716,4.707516785494693,2.2112558799638626,0.8344332484925882,4.148148148148149,0.21428571428571427,0.26795089150514245,3.0,6.0,1.6692759295499022,0.6464194475299825,0.0,0.0
945,1,68.0,218.0,3.2058823529411766,0.04784899034240562,0.16417910447761194,0.11940298507462686,0.26785714285714285,0.6607142857142857,0.21428571428571427,0.39285714285714285,0.20588235294117646,0.0,0.07142857142857142,0.6428571428571429,0.4852725806515052,0.4077925074880806,0.3405541383219955,0.4506856631147574,NaN,NaN,NaN,NaN,3.892857142857143,4.956826592703226,2.2627828084026764,0.9807542541518827,4.875,0.19642857142857142,0.4296121223982977,4.0,11.0,1.7309417040358743,0.8315587157366217,0.058823529411764705,0.0
946,1,68.0,222.0,3.264705882352941,0.048726953467954345,0.16417910447761194,0.1044776119402985,0.25,0.625,0.2857142857142857,0.4642857142857143,0.20588235294117646,0.0,0.07142857142857142,0.5714285714285714,0.5704310508885836,0.41348058089501355,0.37521967120181404,0.45786520835901784,NaN,NaN,NaN,NaN,3.9642857142857144,4.831579021826699,2.233811981868445,0.8989972688731508,4.51685393258427,0.25,0.3821930436690237,4.0,8.0,1.736220472440945,0.741358557955474,0.058823529411764705,0.0
947,1,68.0,315.0,4.632352941176471,0.06913959613696224,0.16417910447761194,0.0,0.2857142857142857,0.625,0.26785714285714285,0.44642857142857145,0.20588235294117646,0.0,0.07142857142857142,0.6428571428571429,0.5188385968979395,0.4161588302134442,0.352093962585034,0.451479107771405,NaN,NaN,NaN,NaN,5.625,8.524963343029693,2.251684219007618,0.9108872175207648,4.5777777777777775,0.23214285714285715,0.40616898689080483,5.0,11.0,1.9309895833333333,0.9684342986309837,0.08823529411764706,0.0
948,1,68.0,247.0,3.6323529411764706,0.05421422300263389,0.16417910447761194,0.16417910447761194,0.26785714285714285,0.6607142857142857,0.26785714285714285,0.39285714285714285,0.20588235294117646,0.0,0.07142857142857142,0.6428571428571429,0.5500363205714887,0.41797238690951105,0.3503860096670247,0.46344017890436695,NaN,NaN,NaN,NaN,4.410714285714286,6.62989588760785,2.3527481589934367,1.1996437095352237,5.916666666666666,0.23214285714285715,0.3697082577218719,5.0,9.0,2.591471801925722,1.4666480989802362,0.04411764705882353,0.0
949,1,68.0,196.0,2.8823529411764706,0.04302019315188762,0.16417910447761194,0.16417910447761194,0.26785714285714285,0.6071428571428571,0.23214285714285715,0.39285714285714285,0.20588235294117646,0.0,0.07142857142857142,0.5714285714285714,0.49396685452894873,0.4141333843951015,0.33274711399711404,0.44775464557906225,NaN,NaN,NaN,NaN,3.5,3.4693462837202684,2.253615830647869,0.9238573308745396,4.7,0.25,0.35910496656039553,4.0,7.0,1.8018433179723503,0.8419686122328255,0.029411764705882353,0.0
95,1,68.0,218.0,3.2058823529411766,0.04784899034240562,0.16417910447761194,0.11940298507462686,0.25,0.6428571428571429,0.19642857142857142,0.42857142857142855,0.20588235294117646,0.0,0.0,0.5714285714285714,0.5029905678884802,0.4005897403200047,0.35694444444444445,0.4394654823911014,NaN,NaN,NaN,NaN,3.892857142857143,4.46676035309127,2.2313858916322573,0.9157260940187554,4.894736842105264,0.17857142857142858,0.3858026127051079,4.0,9.0,1.7075892857142858,0.7952518439877594,0.029411764705882353,0.0
950,1,68.0,236.0,3.4705882352941178,0.05179982440737489,0.16417910447761194,0.11940298507462686,0.25,0.625,0.25,0.42857142857142855,0.20588235294117646,0.0,0.07142857142857142,0.5714285714285714,0.5691185862335822,0.4140848036204851,0.35758145363408517,0.4518970579920751,NaN,NaN,NaN,NaN,4.214285714285714,6.151760385788432,2.2723955871376273,0.9979216680414204,5.772727272727273,0.23214285714285715,0.4085900072499168,6.0,9.0,1.9542857142857142,1.0902962489974783,0.058823529411764705,0.0
951,1,68.0,365.0,5.367647058823529,0.08011413520632134,0.16417910447761194,0.07462686567164178,0.19642857142857142,0.6071428571428571,0.14285714285714285,0.44642857142857145,0.20588235294117646,0.0,0.07142857142857142,0.7142857142857143,0.4968414516852557,0.36678898952909067,0.3242357245928674,0.42246187219276504,NaN,NaN,NaN,NaN,6.517857142857143,8.70107845233947,2.256882570123113,0.8981316162814263,4.5,0.3392857142857143,0.37538810318233795,5.0,9.0,1.7454128440366972,0.7310417926584339,0.0,0.0
952,1,68.0,298.0,4.382352941176471,0.06540825285338016,0.16417910447761194,0.07462686567164178,0.25,0.625,0.23214285714285715,0.4107142857142857,0.20588235294117646,0.0,0.07142857142857142,0.5714285714285714,0.5073495152890339,0.40332005433501333,0.33973600455507874,0.44605077421756684,NaN,NaN,NaN,NaN,5.321428571428571,7.370967971112669,2.2454227115444043,0.89947153672304,4.204545454545455,0.2857142857142857,0.4785329980214796,4.0,11.0,1.6893732970027249,0.6345843422836056,0.07352941176470588,0.0
953,1,68.0,280.0,4.117647058823529,0.061457418788410885,0.16417910447761194,0.029850746268656716,0.26785714285714285,0.625,0.26785714285714285,0.44642857142857145,0.20588235294117646,0.0,0.0,0.6428571428571429,0.5446369550094888,0.4091769217218091,0.36487440869489746,0.4541596257554242,NaN,NaN,NaN,NaN,5.0,6.760849865888971,2.2497797348926287,0.9156747809617612,4.415094339622641,0.23214285714285715,0.4346934846787894,5.0,11.0,2.049586776859504,1.0701046523317934,0.08823529411764706,0.0
954,1,68.0,234.0,3.4411764705882355,0.051360842844600525,0.16417910447761194,0.05970149253731343,0.2857142857142857,0.625,0.19642857142857142,0.39285714285714285,0.20588235294117646,0.0,0.07142857142857142,0.5714285714285714,0.4864920373034774,0.39477568090426757,0.3359366823652538,0.44666801961745134,NaN,NaN,NaN,NaN,4.178571428571429,6.2902728452375145,2.33675146487836,1.0985432667873314,5.75,0.21428571428571427,0.39342836529739633,5.0,8.0,2.2223719676549867,1.032735858790108,0.0,0.0
955,1,68.0,230.0,3.3823529411764706,0.0504828797190518,0.16417910447761194,0.05970149253731343,0.2857142857142857,0.6428571428571429,0.25,0.4107142857142857,0.20588235294117646,0.0,0.07142857142857142,0.6428571428571429,0.47933947225412543,0.4135145433456771,0.3359661172161172,0.4527823064275783,NaN,NaN,NaN,NaN,4.107142857142857,4.275420538288693,2.3004717642090458,1.0235374855055845,5.2,0.23214285714285715,0.4697531039299761,5.0,10.0,2.0735735735735736,1.0166988411897269,0.029411764705882353,0.0
956,1,68.0,237.0,3.485294117647059,0.05201931518876207,0.16417910447761194,0.07462686567164178,0.23214285714285715,0.625,0.19642857142857142,0.4642857142857143,0.20588235294117646,0.0,0.0,0.5714285714285714,0.5154213044107763,0.39320699079813787,0.3472157802514945,0.43599535540945633,NaN,NaN,NaN,NaN,4.232142857142857,5.437215435157199,2.2469348988922997,0.9231545365056241,4.5600000000000005,0.2857142857142857,0.39632867747699296,4.0,9.0,1.8973561430793158,0.8195674581432612,0.058823529411764705,0.0
957,1,68.0,244.0,3.588235294117647,0.053555750658472345,0.16417910447761194,0.08955223880597014,0.25,0.625,0.25,0.42857142857142855,0.20588235294117646,0.0,0.0,0.7142857142857143,0.5154008432607857,0.4063883480264793,0.3484623015873015,0.44954851147127234,NaN,NaN,NaN,NaN,4.357142857142857,5.223821559769408,2.274440489060344,0.9582317340244393,4.590163934426229,0.2857142857142857,0.4490036974786737,5.0,10.0,1.8803827751196172,0.8646673889448745,0.058823529411764705,0.0
958,1,68.0,235.0,3.4558823529411766,0.051580333625987705,0.16417910447761194,0.11940298507462686,0.26785714285714285,0.625,0.26785714285714285,0.4107142857142857,0.20588235294117646,0.0,0.07142857142857142,0.6428571428571429,0.5385445892995355,0.4077819641344448,0.35806134654818866,0.46216765613009647,NaN,NaN,NaN,NaN,4.196428571428571,6.07953240683149,2.337687125446641,1.1323622765791905,5.803921568627451,0.23214285714285715,0.41140010553925765,6.0,11.0,2.2852897473997027,1.2423721840093187,0.04411764705882353,0.0
959,1,68.0,287.0,4.220588235294118,0.06299385425812117,0.16417910447761194,0.08955223880597014,0.25,0.6071428571428571,0.23214285714285715,0.44642857142857145,0.20588235294117646,0.0,0.07142857142857142,0.7142857142857143,0.5359945245013168,0.4038850842358694,0.35579143448159406,0.4515893406198424,NaN,NaN,NaN,NaN,5.125,6.938856337518978,2.3088160212728512,1.0083537043120245,5.083333333333334,0.30357142857142855,0.42397960867701645,5.0,12.0,2.047560975609756,0.9988669539221086,0.058823529411764705,0.0
96,1,68.0,315.0,4.632352941176471,0.06913959613696224,0.16417910447761194,0.0,0.23214285714285715,0.625,0.21428571428571427,0.4107142857142857,0.20588235294117646,0.0,0.0,0.5714285714285714,0.5205375255292367,0.4081615228770623,0.33229875283446714,0.444292095864604,NaN,NaN,NaN,NaN,5.625,7.716717389714831,2.2183596914078634,0.8406127563325192,4.053191489361702,0.26785714285714285,0.41076946136466286,4.0,11.0,1.778337531486146,0.7389261537583768,0.07352941176470588,0.0
960,1,68.0,351.0,5.161764705882353,0.07704126426690079,0.16417910447761194,0.0,0.25,0.625,0.23214285714285715,0.4642857142857143,0.20588235294117646,0.0,0.07142857142857142,0.5714285714285714,0.5244450102341264,0.3883517448867724,0.3528140731970619,0.44723296784614364,NaN,NaN,NaN,NaN,6.267857142857143,8.302225487900703,2.2765404588987357,0.943316632468872,4.327731092436975,0.26785714285714285,0.45716794490341284,4.0,12.0,1.8078975453575241,0.7245847308816787,0.10294117647058823,0.0
961,1,68.0,242.0,3.5588235294117645,0.05311676909569798,0.16417910447761194,0.1044776119402985,0.21428571428571427,0.6607142857142857,0.26785714285714285,0.42857142857142855,0.20588235294117646,0.0,0.07142857142857142,0.7142857142857143,0.5358278821962364,0.4140120848509147,0.35555977560585855,0.45702490843006766,NaN,NaN,NaN,NaN,4.321428571428571,6.430346075395216,2.190543979744694,0.8305632974151559,4.3478260869565215,0.26785714285714285,0.40749848362754604,4.0,7.0,1.7828843106180665,0.7294868282748282,0.029411764705882353,0.0
962,1,68.0,213.0,3.1323529411764706,0.04675153643546971,0.16417910447761194,0.08955223880597014,0.30357142857142855,0.625,0.26785714285714285,0.4107142857142857,0.20588235294117646,0.0,0.0,0.5714285714285714,0.5314961026561456,0.4068857143467689,0.35431995166487645,0.46399736797701197,NaN,NaN,NaN,NaN,3.8035714285714284,4.042589821826161,2.2862064003107196,0.9693846796762744,4.786885245901639,0.21428571428571427,0.36550218654220173,5.0,9.0,2.04375,0.919936549489187,0.0,0.0
963,1,68.0,215.0,3.161764705882353,0.04719051799824407,0.16417910447761194,0.1044776119402985,0.26785714285714285,0.625,0.21428571428571427,0.42857142857142855,0.20588235294117646,0.0,0.07142857142857142,0.5714285714285714,0.4975927539294488,0.4001407574388772,0.3418856936714079,0.4437430559586803,NaN,NaN,NaN,NaN,3.8392857142857144,4.150692322161058,2.2446529004328966,0.9121229411091024,5.04,0.25,0.3494732400691536,5.0,8.0,1.7775377969762418,0.8554465089232067,0.0,0.0
964,1,68.0,274.0,4.029411764705882,0.0601404741000878,0.16417910447761194,0.08955223880597014,0.23214285714285715,0.625,0.16071428571428573,0.4107142857142857,0.20588235294117646,0.0,0.07142857142857142,0.6428571428571429,0.5023551698765462,0.3955112521492012,0.33856646825396824,0.4378185861895073,NaN,NaN,NaN,NaN,4.892857142857143,5.1404936849173675,2.2693292212735234,0.9601683491686687,4.772727272727273,0.26785714285714285,0.4231887144482452,5.0,11.0,1.8535773710482528,0.9704936962290944,0.08823529411764706,0.0
965,1,68.0,199.0,2.926470588235294,0.043678665496049165,0.16417910447761194,0.14925373134328357,0.2857142857142857,0.6071428571428571,0.25,0.44642857142857145,0.20588235294117646,0.0,0.07142857142857142,0.5714285714285714,0.5404185792338718,0.39835694551099604,0.3560019841269841,0.4474095463090021,NaN,NaN,NaN,NaN,3.5535714285714284,3.263682487103085,2.310666905296185,1.037914834824956,5.416666666666666,0.25,0.44619963715998806,5.0,10.0,2.0252427184466018,1.0294041235265436,0.04411764705882353,0.0
966,1,68.0,253.0,3.7205882352941178,0.05553116769095698,0.16417910447761194,0.11940298507462686,0.25,0.625,0.23214285714285715,0.42857142857142855,0.20588235294117646,0.0,0.07142857142857142,0.7142857142857143,0.5264491535663411,0.4059641982316195,0.3496811224489796,0.447378037439699,NaN,NaN,NaN,NaN,4.517857142857143,5.4036723924267775,2.266079352977193,0.9446828060675093,4.666666666666666,0.2857142857142857,0.3487432939780393,4.0,11.0,2.0846994535519126,0.9776914053543003,0.029411764705882353,0.0
967,1,68.0,261.0,3.838235294117647,0.05728709394205443,0.16417910447761194,0.14925373134328357,0.21428571428571427,0.6428571428571429,0.21428571428571427,0.39285714285714285,0.20588235294117646,0.0,0.0,0.5714285714285714,0.4756629527649167,0.39986177513337784,0.3379393424036281,0.4475084913474275,NaN,NaN,NaN,NaN,4.660714285714286,5.498022076460476,2.236260038059497,0.9167211009916184,4.48,0.26785714285714285,0.39874021454066466,4.0,10.0,1.55793991416309,0.6861700192420677,0.058823529411764705,0.0
968,1,68.0,233.0,3.426470588235294,0.051141352063213345,0.16417910447761194,0.1044776119402985,0.26785714285714285,0.625,0.23214285714285715,0.39285714285714285,0.20588235294117646,0.0,0.07142857142857142,0.6428571428571429,0.5251394425659203,0.41814711258704734,0.3465900455927052,0.45409368000590705,NaN,NaN,NaN,NaN,4.160714285714286,6.990322624143352,2.2492329688646713,0.9273438532332068,5.0,0.17857142857142858,0.37784872624572524,4.0,9.0,1.8498293515358362,0.8131241670250999,0.04411764705882353,0.0
969,1,68.0,220.0,3.235294117647059,0.048287971905179985,0.16417910447761194,0.1044776119402985,0.25,0.625,0.21428571428571427,0.4107142857142857,0.20588235294117646,0.0,0.07142857142857142,0.5714285714285714,0.47681130092087,0.4021786533219167,0.34491921768707484,0.4489181371596885,NaN,NaN,NaN,NaN,3.9285714285714284,4.30584018981891,2.2903765780513834,0.989282302564574,4.833333333333334,0.26785714285714285,0.4048926558772594,5.0,11.0,1.8916827852998066,0.9254521584768364,0.07352941176470588,0.0
97,1,68.0,204.0,3.0,0.04477611940298507,0.16417910447761194,0.1791044776119403,0.26785714285714285,0.625,0.21428571428571427,0.42857142857142855,0.20588235294117646,0.0,0.14285714285714285,0.5714285714285714,0.5557691923113119,0.41254611523572365,0.3527026027802425,0.44941052695536743,NaN,NaN,NaN,NaN,3.642857142857143,4.024599681633267,2.236238703075409,0.9005084019537973,4.619047619047619,0.23214285714285715,0.3829137041959792,5.0,8.0,1.9579349904397705,0.9479505719990892,0.0,0.0
970,1,68.0,242.0,3.5588235294117645,0.05311676909569798,0.16417910447761194,0.04477611940298507,0.30357142857142855,0.6071428571428571,0.23214285714285715,0.39285714285714285,0.20588235294117646,0.0,0.07142857142857142,0.6428571428571429,0.4755185743914985,0.4035083103811974,0.3306308927079603,0.4493482333289211,NaN,NaN,NaN,NaN,4.321428571428571,6.238027493766521,2.3362303994930924,1.0666000452349491,5.029411764705882,0.23214285714285715,0.4045206303821086,4.0,11.0,2.014569536423841,0.8624495795813669,0.07352941176470588,0.0
971,1,68.0,261.0,3.838235294117647,0.05728709394205443,0.16417910447761194,0.1044776119402985,0.2857142857142857,0.6071428571428571,0.21428571428571427,0.42857142857142855,0.20588235294117646,0.0,0.07142857142857142,0.7142857142857143,0.5160162920391075,0.42045300000104496,0.34915391595234585,0.44896228396582566,NaN,NaN,NaN,NaN,4.660714285714286,6.141592288987918,2.256050944978443,0.9019860969252529,4.25,0.25,0.39844589975635264,4.0,10.0,1.7080536912751678,0.7043697251567843,0.07352941176470588,0.0
972,1,68.0,264.0,3.8823529411764706,0.05794556628621598,0.16417910447761194,0.07462686567164178,0.21428571428571427,0.625,0.14285714285714285,0.44642857142857145,0.20588235294117646,0.0,0.0,0.5714285714285714,0.48874696902627307,0.39185104158794143,0.340039803800308,0.4317882414334632,NaN,NaN,NaN,NaN,4.714285714285714,5.00441363639696,2.305041322536992,1.0308176615285818,5.103448275862069,0.2857142857142857,0.4178518139831766,5.0,11.0,2.1518324607329844,1.0814699443674256,0.058823529411764705,0.0
973,1,68.0,230.0,3.3823529411764706,0.0504828797190518,0.16417910447761194,0.1044776119402985,0.30357142857142855,0.625,0.19642857142857142,0.375,0.20588235294117646,0.0,0.07142857142857142,0.5714285714285714,0.42801663665576445,0.4075066904154544,0.32152777777777775,0.44578278608322874,NaN,NaN,NaN,NaN,4.107142857142857,4.462688025796159,2.2755015424259017,0.9609367816789202,4.805555555555555,0.21428571428571427,0.3599940423829581,5.0,10.0,1.9649122807017543,0.8531724405871971,0.07352941176470588,0.0
974,1,68.0,261.0,3.838235294117647,0.05728709394205443,0.16417910447761194,0.08955223880597014,0.23214285714285715,0.625,0.23214285714285715,0.42857142857142855,0.20588235294117646,0.0,0.07142857142857142,0.5714285714285714,0.5547768016203863,0.4007327722835388,0.3553075396825397,0.45435178378689683,NaN,NaN,NaN,NaN,4.660714285714286,4.810128653408105,2.2922426501537765,1.0171030845452609,5.2,0.30357142857142855,0.4510817413108273,5.0,9.0,1.7571942446043165,0.8659954674179516,0.07352941176470588,0.0
975,1,68.0,229.0,3.3676470588235294,0.05026338893766462,0.16417910447761194,0.029850746268656716,0.2857142857142857,0.6071428571428571,0.23214285714285715,0.39285714285714285,0.20588235294117646,0.0,0.07142857142857142,0.5714285714285714,0.5254481151223115,0.3982331577522764,0.3399121315192744,0.4525943403660145,NaN,NaN,NaN,NaN,4.089285714285714,4.230954268953284,2.308231390212131,1.0046935685218636,4.705882352941177,0.25,0.4334753121556964,4.0,11.0,2.031292517006803,0.8547672628954448,0.029411764705882353,0.0
976,1,68.0,274.0,4.029411764705882,0.0601404741000878,0.16417910447761194,0.04477611940298507,0.23214285714285715,0.6607142857142857,0.26785714285714285,0.4107142857142857,0.20588235294117646,0.0,0.0,0.5714285714285714,0.580321738161152,0.4147989110916003,0.3512620192307692,0.4641247065495728,NaN,NaN,NaN,NaN,4.892857142857143,6.314999665813196,2.288108254939407,1.015677762866994,4.777777777777778,0.25,0.4692734430505386,5.0,10.0,1.8521617852161785,0.8035615111991167,0.058823529411764705,0.0
977,1,68.0,241.0,3.5441176470588234,0.0528972783143108,0.16417910447761194,0.11940298507462686,0.25,0.6071428571428571,0.23214285714285715,0.44642857142857145,0.20588235294117646,0.0,0.0,0.6428571428571429,0.5129114841959511,0.40357642336510013,0.35007262474367734,0.4502227202325464,NaN,NaN,NaN,NaN,4.303571428571429,5.679051274343573,2.344967341183877,1.1774924297013794,6.833333333333333,0.26785714285714285,0.4046555583549979,6.0,8.0,1.8811475409836065,1.1201959323494517,0.058823529411764705,0.0
978,1,68.0,266.0,3.911764705882353,0.058384547848990345,0.16417910447761194,0.08955223880597014,0.26785714285714285,0.6428571428571429,0.19642857142857142,0.44642857142857145,0.20588235294117646,0.0,0.07142857142857142,0.5714285714285714,0.5179888675462755,0.3880600389991853,0.3445082199546485,0.43870435712123357,NaN,NaN,NaN,NaN,4.75,4.984521496137272,2.2371528569302814,0.9127115607955401,4.588235294117647,0.23214285714285715,0.36375417495913936,4.0,10.0,1.7662771285475793,0.7984923062904986,0.08823529411764706,0.0
979,1,68.0,307.0,4.514705882352941,0.06738366988586479,0.16417910447761194,0.11940298507462686,0.25,0.625,0.19642857142857142,0.42857142857142855,0.20588235294117646,0.0,0.07142857142857142,0.5714285714285714,0.5333441113574626,0.400489438757974,0.3506207526870397,0.44387593773549366,NaN,NaN,NaN,NaN,5.482142857142857,6.217251867121098,2.242312877908785,0.8961533463214988,4.369747899159664,0.25,0.3336332120688132,4.0,9.0,1.6913183279742765,0.7705667644271404,0.07352941176470588,0.0
98,1,68.0,250.0,3.676470588235294,0.05487269534679543,0.16417910447761194,0.1044776119402985,0.23214285714285715,0.6071428571428571,0.26785714285714285,0.4107142857142857,0.20588235294117646,0.0,0.07142857142857142,0.5714285714285714,0.5282653138866037,0.4080762934794885,0.35065192743764173,0.45667607610133315,NaN,NaN,NaN,NaN,4.464285714285714,5.059515915450933,2.2884738105900984,1.0340749378323928,5.551020408163265,0.26785714285714285,0.38902372419171327,5.0,9.0,2.047138047138047,1.12362348590522,0.058823529411764705,0.0
980,1,68.0,236.0,3.4705882352941178,0.05179982440737489,0.16417910447761194,0.13432835820895522,0.30357142857142855,0.625,0.19642857142857142,0.4107142857142857,0.20588235294117646,0.0,0.0,0.6428571428571429,0.5036452370515045,0.39123193210777407,0.34204080954550875,0.4446162097232266,NaN,NaN,NaN,NaN,4.214285714285714,3.7885679026839085,2.2817069522070934,0.9600938876935287,4.75,0.21428571428571427,0.3998599121751239,6.0,12.0,2.016616314199396,0.9784494978713668,0.10294117647058823,0.0
981,1,68.0,263.0,3.8676470588235294,0.0577260755048288,0.16417910447761194,0.05970149253731343,0.23214285714285715,0.6071428571428571,0.26785714285714285,0.44642857142857145,0.20588235294117646,0.0,0.07142857142857142,0.5714285714285714,0.5111730281251845,0.40666901250537874,0.3571641156462585,0.4551327498535468,NaN,NaN,NaN,NaN,4.696428571428571,6.249129809551357,2.255941722342558,0.9173629422627799,4.4714285714285715,0.2857142857142857,0.4141353433446771,4.0,10.0,1.755813953488372,0.775138494589833,0.07352941176470588,0.0
982,1,68.0,257.0,3.7794117647058822,0.056409130816505705,0.16417910447761194,0.029850746268656716,0.25,0.625,0.21428571428571427,0.39285714285714285,0.20588235294117646,0.0,0.0,0.5714285714285714,0.5278350522945356,0.41388370283210546,0.32334584195997235,0.45024801796696057,NaN,NaN,NaN,NaN,4.589285714285714,7.560126948703932,2.2778295621588462,0.9763888993697611,4.956521739130435,0.23214285714285715,0.38646904155825407,4.0,6.0,1.837696335078534,0.8829244152310098,0.0,0.0
983,1,68.0,300.0,4.411764705882353,0.06584723441615452,0.16417910447761194,0.014925373134328358,0.23214285714285715,0.625,0.30357142857142855,0.42857142857142855,0.20588235294117646,0.0,0.07142857142857142,0.6428571428571429,0.5586683835055072,0.4144934118529804,0.36043860653235654,0.4678317353033161,NaN,NaN,NaN,NaN,5.357142857142857,7.2121830547750525,2.2897070526442245,0.9991999182561581,5.0588235294117645,0.2857142857142857,0.42335023455049453,4.0,11.0,1.8908629441624365,0.836442984047842,0.07352941176470588,0.0
984,1,68.0,306.0,4.5,0.06716417910447761,0.16417910447761194,0.04477611940298507,0.21428571428571427,0.625,0.23214285714285715,0.44642857142857145,0.20588235294117646,0.0,0.0,0.6428571428571429,0.5323707524416675,0.3914220103895053,0.3497154745838956,0.4458248647974086,NaN,NaN,NaN,NaN,5.464285714285714,6.350273539460645,2.3307793759586617,1.0738250475788302,5.069444444444445,0.30357142857142855,0.44322696956968527,5.0,11.0,2.112676056338028,1.043801635840927,0.11764705882352941,0.0
985,1,68.0,223.0,3.2794117647058822,0.048946444249341525,0.16417910447761194,0.11940298507462686,0.25,0.625,0.19642857142857142,0.42857142857142855,0.20588235294117646,0.0,0.0,0.6428571428571429,0.5003918380217585,0.401357332041795,0.3426502267573696,0.44213430685017496,NaN,NaN,NaN,NaN,3.982142857142857,4.985400764153348,2.2624849409299337,0.9535047641936873,5.0,0.25,0.3900169401047778,4.0,10.0,1.9906976744186047,0.8881065297287019,0.08823529411764706,0.0
986,1,68.0,260.0,3.823529411764706,0.05706760316066725,0.16417910447761194,0.05970149253731343,0.25,0.625,0.19642857142857142,0.42857142857142855,0.20588235294117646,0.0,0.07142857142857142,0.6428571428571429,0.5019887514499627,0.40760207081787747,0.34474151579414736,0.44792173228327925,NaN,NaN,NaN,NaN,4.642857142857143,5.462029497701952,2.314238906088751,1.0574949445283297,5.75,0.26785714285714285,0.39302890593931,6.0,11.0,2.2156573116691285,1.2863151079526354,0.04411764705882353,0.0
987,1,68.0,276.0,4.0588235294117645,0.06057945566286216,0.16417910447761194,0.08955223880597014,0.2857142857142857,0.6428571428571429,0.17857142857142858,0.39285714285714285,0.20588235294117646,0.0,0.07142857142857142,0.5714285714285714,0.4505696301903393,0.3935063471561225,0.319968074949278,0.43587183150266406,NaN,NaN,NaN,NaN,4.928571428571429,6.18460594131515,2.265838017688504,0.9528493807143344,4.555555555555555,0.21428571428571427,0.4300747404600995,4.0,10.0,1.6882067851373181,0.695365971408847,0.058823529411764705,0.0
988,1,68.0,327.0,4.8088235294117645,0.07177348551360843,0.16417910447761194,0.014925373134328358,0.21428571428571427,0.6071428571428571,0.21428571428571427,0.44642857142857145,0.20588235294117646,0.0,0.07142857142857142,0.6428571428571429,0.5410873311802049,0.3918247733651279,0.3534027736216676,0.4514968485107115,NaN,NaN,NaN,NaN,5.839285714285714,6.917111288061555,2.2844090187510364,0.9598705282707486,4.636363636363637,0.32142857142857145,0.416145435506258,5.0,10.0,1.9508009153318078,0.9174922488814093,0.029411764705882353,0.0
989,1,68.0,196.0,2.8823529411764706,0.04302019315188762,0.16417910447761194,0.11940298507462686,0.25,0.6428571428571429,0.32142857142857145,0.39285714285714285,0.20588235294117646,0.0,0.07142857142857142,0.5714285714285714,0.5719645433931149,0.4190031163990341,0.35446428571428573,0.46959568975088756,NaN,NaN,NaN,NaN,3.5,4.360984042413113,2.3228118974465266,1.102501455391658,5.458333333333334,0.23214285714285715,0.4553915226388667,5.0,11.0,2.132854578096948,1.05271895415649,0.08823529411764706,0.0
99,1,68.0,244.0,3.588235294117647,0.053555750658472345,0.16417910447761194,0.1044776119402985,0.25,0.6428571428571429,0.25,0.44642857142857145,0.20588235294117646,0.0,0.07142857142857142,0.5714285714285714,0.5356719829118911,0.39582602933667005,0.3643071482979157,0.45618572249452,NaN,NaN,NaN,NaN,4.357142857142857,5.351052815452883,2.3354421441159596,1.1414246380393873,6.416666666666667,0.25,0.4501719918702731,7.0,11.0,2.399452804377565,1.364601292124609,0.0,0.0
990,1,68.0,270.0,3.9705882352941178,0.05926251097453907,0.16417910447761194,0.04477611940298507,0.25,0.6607142857142857,0.17857142857142858,0.39285714285714285,0.20588235294117646,0.0,0.07142857142857142,0.6428571428571429,0.48871990019512673,0.3953883620001952,0.338507160110421,0.44932947359075054,NaN,NaN,NaN,NaN,4.821428571428571,5.305596163425054,2.279352440515961,1.0061807104755518,4.666666666666666,0.25,0.4474417167709302,5.0,12.0,2.0257801899592947,0.988046887908087,0.07352941176470588,0.0
991,1,68.0,271.0,3.985294117647059,0.05948200175592625,0.16417910447761194,0.11940298507462686,0.25,0.6428571428571429,0.21428571428571427,0.4107142857142857,0.20588235294117646,0.0,0.0,0.7142857142857143,0.4701185353415065,0.3969974570235233,0.3354015319475846,0.44326330218198934,NaN,NaN,NaN,NaN,4.839285714285714,6.154899853595686,2.1861095586776162,0.8073157403206832,4.12,0.23214285714285715,0.32806829337316645,4.0,9.0,1.6510416666666667,0.6888672175958593,0.04411764705882353,0.0
992,1,68.0,265.0,3.8970588235294117,0.05816505706760316,0.16417910447761194,0.029850746268656716,0.21428571428571427,0.625,0.26785714285714285,0.44642857142857145,0.20588235294117646,0.0,0.0,0.6428571428571429,0.5308575518077708,0.4123904002711632,0.3657716291644863,0.45958480429944487,NaN,NaN,NaN,NaN,4.732142857142857,5.9405878846781155,2.2679772764630686,0.9381049598002372,4.541666666666666,0.2857142857142857,0.4269793514128834,4.0,10.0,1.8922155688622755,0.8642833959661926,0.08823529411764706,0.0
993,1,68.0,266.0,3.911764705882353,0.058384547848990345,0.16417910447761194,0.11940298507462686,0.25,0.6071428571428571,0.21428571428571427,0.42857142857142855,0.20588235294117646,0.0,0.07142857142857142,0.5714285714285714,0.4920321420554851,0.4059758744416055,0.355187074829932,0.4451221246616457,NaN,NaN,NaN,NaN,4.75,5.404543543083996,2.2241077580646387,0.8642024678587252,4.409836065573771,0.23214285714285715,0.33276343588384716,4.0,8.0,1.5208791208791208,0.6793875973128188,0.04411764705882353,0.0
994,1,68.0,242.0,3.5588235294117645,0.05311676909569798,0.16417910447761194,0.11940298507462686,0.30357142857142855,0.6071428571428571,0.17857142857142858,0.4107142857142857,0.20588235294117646,0.0,0.07142857142857142,0.6428571428571429,0.48003891589771264,0.3933462364737281,0.3394372116662757,0.443607138781405,NaN,NaN,NaN,NaN,4.321428571428571,4.569094371604003,2.2509616479353376,0.8947160568190025,4.258620689655173,0.23214285714285715,0.3835769480203922,4.0,10.0,1.7229299363057324,0.6436907745688667,0.08823529411764706,0.0
995,1,68.0,245.0,3.6029411764705883,0.053775241439859525,0.16417910447761194,0.04477611940298507,0.25,0.6071428571428571,0.2857142857142857,0.42857142857142855,0.20588235294117646,0.0,0.07142857142857142,0.6428571428571429,0.5611160769835472,0.4257959949870798,0.35758365311936746,0.46131624333141696,NaN,NaN,NaN,NaN,4.375,6.343393126997283,2.2431459789250408,0.8920854510902788,4.416666666666666,0.25,0.3851695605479085,4.0,10.0,1.8351477449455678,0.7637887821136164,0.07352941176470588,0.0
996,1,68.0,326.0,4.794117647058823,0.07155399473222125,0.16417910447761194,0.07462686567164178,0.23214285714285715,0.6428571428571429,0.23214285714285715,0.42857142857142855,0.20588235294117646,0.0,0.0,0.5714285714285714,0.5563558356820791,0.3885424563469394,0.3594812925170068,0.44856146045698,NaN,NaN,NaN,NaN,5.821428571428571,6.787976383033708,2.2754360882201956,0.9792332199708292,4.67741935483871,0.2857142857142857,0.4046861148897312,5.0,11.0,1.937733499377335,0.9388316311416035,0.07352941176470588,0.0
997,1,68.0,202.0,2.9705882352941178,0.04433713784021071,0.16417910447761194,0.13432835820895522,0.26785714285714285,0.6428571428571429,0.26785714285714285,0.4107142857142857,0.20588235294117646,0.0,0.07142857142857142,0.6428571428571429,0.5631238327283249,0.41725294668165874,0.346976461038961,0.4589396218275078,NaN,NaN,NaN,NaN,3.607142857142857,4.515341813009474,2.2801100114906743,0.9948727379002483,5.0,0.21428571428571427,0.41944564692232633,5.0,10.0,2.070607553366174,0.973298004350055,0.0,0.0
998,1,68.0,237.0,3.485294117647059,0.05201931518876207,0.16417910447761194,0.08955223880597014,0.25,0.625,0.26785714285714285,0.42857142857142855,0.20588235294117646,0.0,0.07142857142857142,0.5714285714285714,0.5608485541230107,0.40531458325123326,0.35734126984126985,0.45744141209847344,NaN,NaN,NaN,NaN,4.232142857142857,5.045217614654572,2.327188349066814,1.0884720644975237,5.7,0.26785714285714285,0.4398722060891453,6.0,10.0,2.141156462585034,1.252788381355373,0.08823529411764706,0.0
999,1,68.0,215.0,3.161764705882353,0.04719051799824407,0.16417910447761194,0.208955223880597,0.26785714285714285,0.625,0.21428571428571427,0.4107142857142857,0.20588235294117646,0.0,0.0,0.6428571428571429,0.5529722445995942,0.4155583697554168,0.3502685284640172,0.452173423521671,NaN,NaN,NaN,NaN,3.8392857142857144,4.313938448223959,2.2600956292499745,0.9398654630844928,4.777777777777778,0.25,0.2989837783740373,4.0,8.0,1.7361111111111112,0.8397279786412475,0.029411764705882353,0.0
