SLN_ID,Detritus,S,interactions,L_D,C,Basal,Top,Carniv,Herbiv,Herbiv_true,ProdFeed,Animals,BasalAnimals,AnimHerbiv_true,AnimPred,green_frac_mean,green_frac_sd,green_direct_mean,green_direct_sd,cross_habitat_L,aqu_from_terr,terr_from_aqu,terr_with_aqu,meanInDegree,sdInDegree,mean_NTP,sd_NTP,max_NTP,TrOmniv,q_inCoherence,diameter,max_chain_len,mean_path_len,sd_path_len,loop,Modularity
1,2,30.0,64.0,2.1333333333333333,0.0735632183908046,0.10714285714285714,0.14285714285714285,0.4,0.28,0.12,0.36,0.7,0.0,0.14285714285714285,0.5238095238095238,0.501362962962963,0.36766764976792704,0.21733333333333335,0.3464261986500315,0.0,0.18364197530864196,0.07435185185185185,0.5625,2.56,2.3108440016582685,2.6614814814814816,1.1891573562078266,5.333333333333334,0.6,0.5731840472213319,5.0,7.0,1.7851239669421488,0.9416883027329862,0.0,0.0
10,2,30.0,88.0,2.933333333333333,0.10114942528735632,0.10714285714285714,0.07142857142857142,0.48,0.32,0.16,0.36,0.7,0.0,0.19047619047619047,0.5714285714285714,0.6054965911184815,0.2966096115725922,0.22921212121212123,0.381177191635759,0.0,0.33127572016460904,0.10538741477796204,0.75,3.52,3.001666203960727,2.6427532623894847,1.059281704340517,4.375,0.44,0.6962825618856705,3.0,10.0,1.6647727272727273,0.6896027465519172,0.23333333333333334,0.0
100,2,29.0,74.0,2.5517241379310347,0.09113300492610837,0.1111111111111111,0.18518518518518517,0.5,0.25,0.08333333333333333,0.375,0.6896551724137931,0.0,0.1,0.6,0.4082377214170692,0.30409754434944747,0.1923611111111111,0.312229754323162,0.0,0.2890625,0.0509733887790953,0.625,3.0833333333333335,2.3390199855395895,2.6895831011449673,1.1398622430162704,4.8,0.5833333333333334,0.6279729007231667,4.0,8.0,1.6492537313432836,0.7683344224752711,0.1724137931034483,0.0
1000,2,30.0,80.0,2.6666666666666665,0.09195402298850575,0.10714285714285714,0.03571428571428571,0.44,0.32,0.16,0.48,0.7,0.0,0.19047619047619047,0.5238095238095238,0.6422104073560384,0.26616232463002865,0.2914285714285714,0.3757726984990578,0.0,0.2791005291005291,0.18784272743617406,0.9375,3.2,2.8722813232690148,2.6500213496704728,1.0930434649857386,4.333333333333334,0.6,0.6389453315911298,4.0,10.0,1.6296296296296295,0.6950480468569157,0.13333333333333333,0.0
101,2,29.0,68.0,2.3448275862068964,0.08374384236453201,0.1111111111111111,0.1111111111111111,0.4583333333333333,0.3333333333333333,0.16666666666666666,0.3333333333333333,0.7241379310344828,0.0,0.19047619047619047,0.5714285714285714,0.5681562294543063,0.3778879883984798,0.24305555555555555,0.38692135123961374,0.0,0.24305555555555555,0.13648586456278763,0.6666666666666666,2.8333333333333335,2.5480882290824245,2.583070964517741,1.1033756179250733,4.666666666666666,0.5416666666666666,0.71419430417234,4.0,10.0,1.75,0.8146588640334071,0.20689655172413793,0.0
102,2,29.0,69.0,2.3793103448275863,0.08497536945812807,0.1111111111111111,0.07407407407407407,0.5416666666666666,0.375,0.125,0.25,0.6896551724137931,0.0,0.15,0.55,0.49629346085312,0.3508516645088884,0.17881944444444442,0.3576879861707486,0.0,0.1808035714285714,0.05214646464646465,0.6875,2.875,2.576018160886563,2.7828856817012735,1.320111127138961,4.9,0.4583333333333333,0.7533867112349312,4.0,11.0,1.8622754491017963,0.7984636427107823,0.2413793103448276,0.0
103,2,29.0,69.0,2.3793103448275863,0.08497536945812807,0.1111111111111111,0.14814814814814814,0.5416666666666666,0.3333333333333333,0.125,0.2916666666666667,0.6896551724137931,0.0,0.15,0.5,0.4673818491615102,0.37929392062513156,0.20069444444444443,0.3581514255720497,0.0,0.09375,0.06764359698681732,0.6875,2.875,3.274572657150322,2.603955814300642,1.0706864037745756,4.428571428571429,0.375,0.5676488595041661,3.0,9.0,1.644927536231884,0.6813546472246415,0.13793103448275862,0.0
104,2,30.0,78.0,2.6,0.0896551724137931,0.10714285714285714,0.10714285714285714,0.52,0.28,0.08,0.4,0.7,0.0,0.09523809523809523,0.6190476190476191,0.5069682176455632,0.27899582135862105,0.204,0.30853146787105307,0.0,0.35879629629629634,0.04022603213196033,0.5,3.12,2.7129319932501073,2.726361793821472,1.1299627818981879,5.0,0.4,0.6732076061384021,4.0,7.0,1.5797101449275361,0.7230470217508352,0.2,0.0
105,2,29.0,69.0,2.3793103448275863,0.08497536945812807,0.1111111111111111,0.07407407407407407,0.4583333333333333,0.375,0.08333333333333333,0.3333333333333333,0.6896551724137931,0.0,0.1,0.55,0.39676314778216953,0.2944095331530899,0.18287037037037035,0.3173414992160799,0.0,0.19062500000000002,0.03397871376811594,0.5625,2.875,2.6261643380479414,2.673577267897755,1.2634771243055456,5.142857142857142,0.4583333333333333,0.7788274992008581,6.0,9.0,1.9934640522875817,1.091213303634174,0.2413793103448276,0.0
106,2,29.0,80.0,2.7586206896551726,0.09852216748768473,0.1111111111111111,0.1111111111111111,0.4166666666666667,0.25,0.08333333333333333,0.5416666666666666,0.6896551724137931,0.0,0.1,0.6,0.6486685724275242,0.13763024318617567,0.26805555555555555,0.31778660337056935,0.0,0.27708333333333335,0.14991074012070105,0.875,3.3333333333333335,2.2393063108076987,2.637539184952978,1.0025423171125964,4.0,0.5833333333333334,0.5949702225550929,3.0,9.0,1.5875,0.6283401314214435,0.06896551724137931,0.0
107,2,29.0,79.0,2.7241379310344827,0.09729064039408868,0.1111111111111111,0.037037037037037035,0.4583333333333333,0.3333333333333333,0.125,0.375,0.6896551724137931,0.0,0.15,0.55,0.5239284816490699,0.2929849027822041,0.21243686868686865,0.3448171485951917,0.0,0.28899572649572647,0.0279263220439691,0.4666666666666667,3.2916666666666665,2.941149829376358,2.768127591789898,1.2510049018408664,4.769230769230769,0.625,0.7219412298765338,4.0,10.0,1.7,0.8005870329423505,0.1724137931034483,0.0
108,2,30.0,66.0,2.2,0.07586206896551724,0.10714285714285714,0.03571428571428571,0.48,0.32,0.16,0.36,0.7,0.0,0.19047619047619047,0.47619047619047616,0.35857757092198583,0.3770556886186265,0.23133333333333334,0.3750407385279038,0.0,0.2634548611111111,0.013838098404255319,0.375,2.64,2.0792626898334254,2.8075671550671553,1.3398918332736705,5.5,0.52,0.770531242929722,4.0,11.0,1.9156626506024097,0.8697588558467461,0.23333333333333334,0.0
109,2,29.0,64.0,2.206896551724138,0.07881773399014778,0.1111111111111111,0.07407407407407407,0.4583333333333333,0.25,0.125,0.375,0.6896551724137931,0.0,0.15,0.65,0.7106285784576847,0.28944198157475787,0.22916666666666666,0.3563180607076681,0.0,0.21875,0.08472557702630165,0.8125,2.6666666666666665,1.761093204621016,2.745094014617341,1.1639630629416873,4.666666666666666,0.625,0.6312288904359479,4.0,11.0,1.7972972972972974,0.7907583500386899,0.13793103448275862,0.0
11,2,29.0,67.0,2.310344827586207,0.08251231527093596,0.1111111111111111,0.1111111111111111,0.4583333333333333,0.2916666666666667,0.08333333333333333,0.4166666666666667,0.6896551724137931,0.0,0.1,0.55,0.43441358024691357,0.28620911377612135,0.20069444444444448,0.30560303759313545,0.0,0.14583333333333334,0.19704861111111105,0.8125,2.7916666666666665,2.3952700976256747,2.7452382916538998,1.2295678788421534,5.0,0.5,0.6805531874929083,5.0,9.0,1.8432835820895523,0.9875501518582196,0.0,0.0
110,2,27.0,70.0,2.5925925925925926,0.09971509971509972,0.12,0.16,0.5909090909090909,0.18181818181818182,0.045454545454545456,0.2727272727272727,0.6666666666666666,0.0,0.05555555555555555,0.5,0.48847598973607037,0.2809237141599733,0.14393939393939392,0.2771999762623129,0.0,0.11111111111111116,0.15809811827956988,0.875,3.1818181818181817,2.4424102778542274,2.7263717421124825,1.0725032779807588,4.133333333333333,0.5454545454545454,0.5879053363833828,3.0,8.0,1.6214285714285714,0.6286660210988625,0.14814814814814814,0.0
111,2,30.0,80.0,2.6666666666666665,0.09195402298850575,0.10714285714285714,0.07142857142857142,0.48,0.32,0.12,0.32,0.7,0.0,0.14285714285714285,0.6190476190476191,0.4955119047619047,0.3296922147866548,0.20666666666666664,0.3478771600989615,0.0,0.16358024691358025,0.057877604166666645,0.625,3.2,2.753785273643051,2.7646487365080037,1.2391436209777769,4.714285714285714,0.56,0.7620769220531819,4.0,11.0,1.7345679012345678,0.7943371773128879,0.2,0.0
112,2,30.0,65.0,2.1666666666666665,0.07471264367816093,0.10714285714285714,0.17857142857142858,0.44,0.2,0.08,0.52,0.7,0.0,0.09523809523809523,0.6190476190476191,0.5976190476190476,0.22617755470204665,0.25333333333333335,0.3131012734043211,0.0,0.22962962962962966,0.19791666666666666,0.9375,2.6,1.6329931618554523,2.6527380952380946,0.9555618651790042,4.333333333333334,0.64,0.6415699331847361,4.0,6.0,1.6470588235294117,0.6942025722575333,0.06666666666666667,0.0
113,2,30.0,57.0,1.9,0.06551724137931035,0.10714285714285714,0.21428571428571427,0.4,0.28,0.16,0.48,0.7,0.0,0.19047619047619047,0.5714285714285714,0.7526507936507936,0.23966140114593243,0.29133333333333333,0.37623623390591143,0.0,0.36706349206349215,0.19479166666666664,0.875,2.28,1.4866068747318504,2.9362301587301594,1.4228394216083253,6.0,0.44,0.7387651208263126,6.0,9.0,2.1366906474820144,1.1990421228227144,0.06666666666666667,0.0
114,2,30.0,93.0,3.1,0.10689655172413794,0.10714285714285714,0.07142857142857142,0.4,0.32,0.12,0.52,0.7,0.0,0.14285714285714285,0.5238095238095238,0.613617584149499,0.2240043670591461,0.2814285714285715,0.3526315603923331,0.0,0.3179012345679013,0.14694236885061351,0.875,3.72,3.1822423959633666,2.6471525887905196,1.0448165517250698,4.090909090909091,0.56,0.6817866568478596,3.0,10.0,1.5953757225433527,0.6544849767229312,0.2,0.0
115,2,29.0,61.0,2.103448275862069,0.07512315270935961,0.1111111111111111,0.14814814814814814,0.4583333333333333,0.2916666666666667,0.16666666666666666,0.375,0.6896551724137931,0.0,0.2,0.55,0.6079134366925064,0.3449637696845752,0.24583333333333335,0.3839236160946199,0.0,0.3055555555555556,0.14041343669250642,0.7333333333333333,2.5416666666666665,2.4843714394742515,2.5433445270543964,0.9565880466550043,4.0,0.375,0.6500704761755782,3.0,7.0,1.5727272727272728,0.6419450219263174,0.13793103448275862,0.0
116,2,30.0,73.0,2.433333333333333,0.0839080459770115,0.10714285714285714,0.10714285714285714,0.48,0.28,0.08,0.4,0.7,0.0,0.09523809523809523,0.5714285714285714,0.3939735706580367,0.3073599945102682,0.2239393939393939,0.32508210448384783,0.0,0.14629629629629629,0.1079759978425027,0.75,2.92,2.4310491562286436,2.663988957902001,1.0605762829487646,4.5,0.52,0.667162112022891,5.0,9.0,1.7692307692307692,0.825763801628168,0.13333333333333333,0.0
117,2,29.0,67.0,2.310344827586207,0.08251231527093596,0.1111111111111111,0.1111111111111111,0.5416666666666666,0.3333333333333333,0.125,0.2916666666666667,0.6896551724137931,0.0,0.15,0.55,0.5562480709876543,0.2957536343390403,0.2111111111111111,0.3632471200289684,0.0,0.29833333333333334,0.0,0.0,2.7916666666666665,2.7501646854509376,2.7200957854406136,1.1976520981727614,4.625,0.375,0.5768165850010712,4.0,7.0,1.5826086956521739,0.7252659366543356,0.0,0.0
118,2,29.0,78.0,2.689655172413793,0.0960591133004926,0.1111111111111111,0.07407407407407407,0.4583333333333333,0.375,0.16666666666666666,0.3333333333333333,0.6896551724137931,0.0,0.2,0.5,0.5563126307675365,0.35049191237634186,0.22916666666666663,0.38009819478808293,0.0,0.19444444444444448,0.060796580773042605,0.625,3.25,3.416710851605424,2.811186578427958,1.377937213336528,5.333333333333334,0.4583333333333333,0.9057736340823971,5.0,12.0,1.7468354430379747,0.866479140047274,0.27586206896551724,0.0
119,2,30.0,87.0,2.9,0.1,0.10714285714285714,0.07142857142857142,0.44,0.36,0.16,0.4,0.7,0.0,0.19047619047619047,0.5714285714285714,0.4980999589490968,0.3065359249913986,0.24876190476190477,0.37336764905458025,0.0,0.1613756613756614,0.10539338310755335,0.8125,3.48,3.190088817990287,2.6552645502645498,1.1065198211120846,4.4,0.36,0.7111392923826866,5.0,11.0,1.6341463414634145,0.7432674525768989,0.16666666666666666,0.0
12,2,28.0,64.0,2.2857142857142856,0.08465608465608465,0.11538461538461539,0.038461538461538464,0.4782608695652174,0.34782608695652173,0.13043478260869565,0.30434782608695654,0.6785714285714286,0.0,0.15789473684210525,0.631578947368421,0.4852451433857539,0.39380149035510276,0.21304347826086958,0.3609386095195376,0.0,0.325,0.04368351063829787,0.5,2.782608695652174,2.467175818975845,2.519165848157445,1.030186509810826,4.5,0.391304347826087,0.5142581900696617,3.0,8.0,1.6615384615384616,0.688260881602973,0.10714285714285714,0.0
120,2,30.0,68.0,2.2666666666666666,0.07816091954022988,0.10714285714285714,0.03571428571428571,0.4,0.28,0.12,0.48,0.7,0.0,0.14285714285714285,0.5714285714285714,0.5669285714285714,0.3036296862866966,0.27999999999999997,0.3518140817934213,0.0,0.3690476190476191,0.10736607142857142,0.6875,2.72,2.541653005427767,2.873299663299663,1.407950146363166,6.0,0.52,0.7518065757346839,6.0,9.0,1.8881118881118881,1.0555346759730924,0.2,0.0
121,2,27.0,57.0,2.111111111111111,0.0811965811965812,0.12,0.12,0.5454545454545454,0.2727272727272727,0.09090909090909091,0.2727272727272727,0.6666666666666666,0.0,0.1111111111111111,0.5,0.3513191354100445,0.3208010664354194,0.16818181818181818,0.321286644952927,0.0,0.13392857142857145,0.0,0.0,2.590909090909091,2.702011436109366,2.692779648335204,1.1493142622564463,5.0,0.3181818181818182,0.6743623650248344,4.0,7.0,1.6538461538461537,0.7474127642603104,0.1111111111111111,0.0
122,2,30.0,78.0,2.6,0.0896551724137931,0.10714285714285714,0.03571428571428571,0.44,0.36,0.2,0.48,0.7,0.0,0.23809523809523808,0.5238095238095238,0.6828306159420289,0.3199054653690633,0.29533333333333334,0.3975480404233487,0.0,0.158641975308642,0.3287217881944445,0.875,3.12,3.0457620830699605,2.597895987454811,1.0802876728722601,5.125,0.44,0.777742424593241,5.0,7.0,1.6796875,0.9385328955678602,0.06666666666666667,0.0
123,2,30.0,57.0,1.9,0.06551724137931035,0.10714285714285714,0.21428571428571427,0.36,0.32,0.16,0.36,0.7,0.0,0.19047619047619047,0.5714285714285714,0.5408592592592594,0.34958775643792667,0.22993939393939392,0.3732446109976839,0.0,0.2546913580246914,0.11799768518518522,0.6875,2.28,2.1702534414210706,2.765294117647059,1.33406257649838,6.333333333333333,0.48,0.6349540980694133,6.0,8.0,2.2432432432432434,1.2916351584743646,0.13333333333333333,0.0
124,2,29.0,60.0,2.0689655172413794,0.07389162561576355,0.1111111111111111,0.14814814814814814,0.5833333333333334,0.25,0.125,0.25,0.7241379310344828,0.0,0.14285714285714285,0.5714285714285714,0.49976889127452734,0.3725151385822707,0.18194444444444446,0.3575249279058371,0.0,0.3333333333333334,0.020737162283056,0.5333333333333333,2.5,2.245768968720862,2.8834510317268935,1.3369557121597013,5.428571428571429,0.4583333333333333,0.800093296501242,5.0,11.0,1.9492753623188406,0.9538432729309155,0.13793103448275862,0.0
125,2,28.0,73.0,2.607142857142857,0.09656084656084656,0.11538461538461539,0.11538461538461539,0.391304347826087,0.2608695652173913,0.08695652173913043,0.4782608695652174,0.6785714285714286,0.0,0.10526315789473684,0.631578947368421,0.6386131574301442,0.3295391419774246,0.24358178053830226,0.31746671287240213,0.0,0.19246031746031753,0.10686046511627906,0.6666666666666666,3.1739130434782608,2.6569321665314316,2.5939922180993604,1.0438475981972517,4.333333333333334,0.5652173913043478,0.6854085306896656,4.0,8.0,1.5769230769230769,0.7028776357099127,0.14285714285714285,0.0
126,2,30.0,65.0,2.1666666666666665,0.07471264367816093,0.10714285714285714,0.10714285714285714,0.48,0.36,0.12,0.36,0.7,0.0,0.14285714285714285,0.5714285714285714,0.5056559139784945,0.32525296754667105,0.22266666666666665,0.35049171808253105,0.0,0.212962962962963,0.1372983870967742,0.75,2.6,2.7838821814150116,2.6706529962412313,1.1638653628258848,5.111111111111111,0.44,0.7007063460276614,4.0,9.0,1.8280254777070064,0.8100201323000193,0.16666666666666666,0.0
127,2,30.0,85.0,2.8333333333333335,0.09770114942528736,0.10714285714285714,0.03571428571428571,0.4,0.4,0.16,0.44,0.7,0.0,0.19047619047619047,0.5238095238095238,0.6091662482566249,0.3324643743720543,0.2712727272727273,0.37908283465631654,0.0,0.16666666666666669,0.16467921896792187,0.8125,3.4,2.8577380332470415,2.6143089073236134,1.1357242575555295,4.625,0.48,0.6705394910302575,4.0,11.0,1.66875,0.7583652975501332,0.16666666666666666,0.0
128,2,29.0,79.0,2.7241379310344827,0.09729064039408868,0.1111111111111111,0.037037037037037035,0.5,0.25,0.08333333333333333,0.375,0.6896551724137931,0.0,0.1,0.6,0.5526548469501457,0.28714989971505067,0.19375,0.3198283242691787,0.0,0.21287722908093282,0.0938428211612178,0.8125,3.2916666666666665,2.457980200625438,2.830082258938883,1.2809789961267037,4.916666666666666,0.6666666666666666,0.7715494309983812,5.0,11.0,1.8756756756756756,0.8972801309359876,0.2413793103448276,0.0
129,2,30.0,93.0,3.1,0.10689655172413794,0.10714285714285714,0.03571428571428571,0.48,0.32,0.16,0.36,0.7,0.0,0.19047619047619047,0.6190476190476191,0.47779824561403517,0.375049514814927,0.22127272727272726,0.37201687659813126,0.0,0.275,0.028998766447368422,0.5625,3.72,3.8462102559965867,2.616171312611066,1.0528802194778173,4.2,0.44,0.655681986962748,3.0,9.0,1.4662162162162162,0.5994957125744181,0.1,0.0
13,2,30.0,81.0,2.7,0.09310344827586207,0.10714285714285714,0.07142857142857142,0.48,0.24,0.12,0.4,0.7,0.0,0.14285714285714285,0.6190476190476191,0.5426015531660693,0.24068128863546626,0.21666666666666667,0.33850160019316494,0.0,0.2628600823045268,0.1422001008064516,0.9375,3.24,3.2052041016654984,2.9531709956709955,1.420773410609654,5.727272727272727,0.56,0.9317199577116998,6.0,11.0,1.8255813953488371,0.975631275200277,0.23333333333333334,0.0
130,2,30.0,77.0,2.566666666666667,0.08850574712643679,0.10714285714285714,0.03571428571428571,0.52,0.32,0.12,0.36,0.7,0.0,0.14285714285714285,0.5714285714285714,0.5590487012987012,0.31983274099481235,0.22266666666666665,0.34717377439782177,0.0,0.2793650793650795,0.043761837121212115,0.5625,3.08,2.6127890589687235,2.7169312169312168,1.1165426771731055,4.333333333333334,0.52,0.7280342032716768,4.0,9.0,1.6729559748427674,0.6980701729797292,0.26666666666666666,0.0
131,2,30.0,95.0,3.1666666666666665,0.10919540229885058,0.10714285714285714,0.03571428571428571,0.56,0.28,0.12,0.36,0.7,0.0,0.14285714285714285,0.5238095238095238,0.4105245723559536,0.33680954875496577,0.2025454545454545,0.34677410569353806,0.0,0.28989483310470976,0.0481029850729303,0.6875,3.8,3.774917217635375,2.886187637845247,1.2345820907314815,4.59375,0.6,0.829344631093807,4.0,11.0,1.696808510638298,0.7798192753280538,0.23333333333333334,0.0
132,2,30.0,71.0,2.3666666666666667,0.08160919540229886,0.10714285714285714,0.07142857142857142,0.44,0.28,0.08,0.44,0.7,0.0,0.09523809523809523,0.5714285714285714,0.5267698412698412,0.22823123744408264,0.22504761904761905,0.3157935809826911,0.0,0.17206790123456792,0.1369047619047619,0.875,2.84,2.1540659228538015,2.6601190476190477,1.0957704117083749,5.0,0.56,0.5409909674920025,4.0,8.0,1.7218543046357615,0.7929601957000614,0.06666666666666667,0.0
133,2,29.0,60.0,2.0689655172413794,0.07389162561576355,0.1111111111111111,0.18518518518518517,0.4583333333333333,0.25,0.08333333333333333,0.4166666666666667,0.6896551724137931,0.0,0.1,0.5,0.40490887713109935,0.3157930601038139,0.2222222222222222,0.3200870453269725,0.0,0.29243827160493835,0.0703125,0.625,2.5,1.7693034738587656,2.725191570881226,1.1756250755453148,4.7,0.5833333333333334,0.6814151133661928,5.0,9.0,1.9716312056737588,1.01378542679932,0.06896551724137931,0.0
134,2,29.0,71.0,2.4482758620689653,0.0874384236453202,0.1111111111111111,0.2222222222222222,0.5416666666666666,0.2916666666666667,0.125,0.25,0.6896551724137931,0.0,0.15,0.55,0.46982839209401717,0.35383783971531535,0.1763888888888889,0.3473125486377131,0.0,0.1851851851851852,0.052451923076923083,0.6666666666666666,2.9583333333333335,3.263489285847371,2.6992453268315337,1.118167087011168,4.333333333333334,0.5,0.6671869780991634,4.0,11.0,1.6689189189189189,0.7036205060331796,0.2413793103448276,0.0
135,2,28.0,59.0,2.107142857142857,0.07804232804232804,0.11538461538461539,0.11538461538461539,0.5217391304347826,0.2608695652173913,0.08695652173913043,0.34782608695652173,0.6785714285714286,0.0,0.10526315789473684,0.5789473684210527,0.6035644428691451,0.26238057649014,0.19806763285024157,0.3203822803204888,0.0,0.11830357142857148,0.08515436292270531,0.6875,2.5652173913043477,1.8297065576087663,2.817683209647495,1.212792979112819,4.727272727272727,0.5217391304347826,0.7108214869356115,4.0,10.0,1.8992805755395683,0.8705733911638726,0.10714285714285714,0.0
136,2,29.0,69.0,2.3793103448275863,0.08497536945812807,0.1111111111111111,0.18518518518518517,0.375,0.25,0.125,0.5416666666666666,0.6896551724137931,0.0,0.15,0.5,0.5863302469135803,0.29120710392125954,0.3055555555555555,0.35241289281315175,0.0,0.3194444444444445,0.13605324074074074,0.75,2.875,2.7076782931379486,2.675600835945663,1.1976671754685726,5.5,0.7083333333333334,0.7404026426513107,5.0,10.0,1.7153284671532847,0.8397207616181024,0.10344827586206896,0.0
137,2,29.0,61.0,2.103448275862069,0.07512315270935961,0.1111111111111111,0.18518518518518517,0.5833333333333334,0.3333333333333333,0.125,0.25,0.6896551724137931,0.0,0.15,0.55,0.48037790697674415,0.3461372905690642,0.17500000000000002,0.3492227394359228,0.0,0.24537037037037038,0.04881567614125754,0.6666666666666666,2.5416666666666665,2.5534148774204097,2.730807495411958,1.1885648277337784,5.0,0.5416666666666666,0.6790335887432748,4.0,8.0,1.75,0.8127540253305774,0.06896551724137931,0.0
138,2,28.0,87.0,3.107142857142857,0.11507936507936507,0.11538461538461539,0.038461538461538464,0.391304347826087,0.34782608695652173,0.17391304347826086,0.43478260869565216,0.6785714285714286,0.0,0.21052631578947367,0.5263157894736842,0.542112099856665,0.30787582879922193,0.2695652173913043,0.3815059266492608,0.0,0.23707932692307693,0.16733630952380948,0.8,3.782608695652174,3.476630052470226,2.6005918171866447,1.1225181348372582,4.444444444444445,0.5217391304347826,0.7692007112269459,3.0,10.0,1.5612903225806452,0.6353633888922942,0.32142857142857145,0.0
139,2,30.0,79.0,2.6333333333333333,0.09080459770114943,0.10714285714285714,0.14285714285714285,0.4,0.28,0.12,0.52,0.7,0.0,0.14285714285714285,0.5714285714285714,0.6149603493175287,0.25163512833073187,0.276,0.344973160523368,0.0,0.3896296296296296,0.1496313687028556,0.875,3.16,2.0752509888364505,2.686613756613757,1.0557252803643282,4.166666666666666,0.52,0.7373146122421452,3.0,8.0,1.6666666666666667,0.6719202283373713,0.13333333333333333,0.0
14,2,30.0,81.0,2.7,0.09310344827586207,0.10714285714285714,0.03571428571428571,0.4,0.32,0.16,0.48,0.7,0.0,0.19047619047619047,0.5238095238095238,0.623693853427896,0.31194059585547673,0.26704761904761903,0.3718878672259577,0.0,0.23315329218106992,0.12258976063829786,0.75,3.24,3.017725412735006,2.8160870610870603,1.3292946259700529,5.666666666666666,0.52,0.829168620720704,6.0,10.0,1.7933333333333332,1.0510248540581117,0.16666666666666666,0.0
140,2,30.0,75.0,2.5,0.08620689655172414,0.10714285714285714,0.07142857142857142,0.44,0.2,0.08,0.48,0.7,0.0,0.09523809523809523,0.6190476190476191,0.6123456790123457,0.21812800121112588,0.23327272727272727,0.30849382813228976,0.0,0.34444444444444444,0.15858410493827158,0.9375,3.0,2.6770630673681683,2.991732026143791,1.4885805511920744,6.666666666666667,0.64,0.8835233943302312,6.0,9.0,1.9350649350649352,1.2082252131496507,0.13333333333333333,0.0
141,2,29.0,82.0,2.8275862068965516,0.10098522167487685,0.1111111111111111,0.1111111111111111,0.375,0.4166666666666667,0.20833333333333334,0.4583333333333333,0.6896551724137931,0.0,0.25,0.5,0.581152608401084,0.35661408332286065,0.3104166666666667,0.40889306505166234,0.0,0.3842592592592593,0.11209349593495936,0.7333333333333333,3.4166666666666665,2.991533948047196,2.499281363797493,1.0391887377774995,4.181818181818182,0.5416666666666666,0.6623627513396937,3.0,10.0,1.5454545454545454,0.6249199692678709,0.2413793103448276,0.0
142,2,30.0,71.0,2.3666666666666667,0.08160919540229886,0.10714285714285714,0.10714285714285714,0.52,0.32,0.16,0.24,0.7,0.0,0.19047619047619047,0.5238095238095238,0.2730676328502415,0.36820296619831583,0.18333333333333332,0.3726779962499649,0.0,0.2445987654320988,0.013926630434782612,0.3125,2.84,2.4440403706431146,2.7087037037037036,1.1732397241239845,4.555555555555555,0.44,0.6302800664924689,4.0,9.0,1.6791044776119404,0.751947309270836,0.13333333333333333,0.0
143,2,30.0,68.0,2.2666666666666666,0.07816091954022988,0.10714285714285714,0.10714285714285714,0.4,0.4,0.12,0.4,0.7,0.0,0.14285714285714285,0.5714285714285714,0.39426311728395064,0.3395858785484178,0.22466666666666665,0.3423475600202984,0.0,0.25274884259259267,0.026122042181069956,0.4375,2.72,2.8653097563788807,2.625198412698413,1.1401016942372577,5.0,0.4,0.7565027175832206,4.0,9.0,1.6666666666666667,0.7683298697851537,0.1,0.0
144,2,30.0,90.0,3.0,0.10344827586206896,0.10714285714285714,0.07142857142857142,0.56,0.28,0.08,0.32,0.7,0.0,0.09523809523809523,0.6190476190476191,0.5326059265811588,0.3187574934974904,0.17666666666666667,0.31202742044748427,0.0,0.2465277777777778,0.12148247456877487,0.875,3.6,2.9999999999999996,2.686321350762527,1.0395076003502726,4.1,0.52,0.6598466907590144,3.0,12.0,1.6077348066298343,0.6107789710721794,0.26666666666666666,0.0
145,2,29.0,96.0,3.310344827586207,0.11822660098522167,0.1111111111111111,0.037037037037037035,0.4583333333333333,0.20833333333333334,0.08333333333333333,0.4583333333333333,0.6896551724137931,0.0,0.1,0.6,0.6872671005028207,0.13742425696796493,0.2333333333333333,0.321642824076946,0.0,0.3597222222222223,0.17938181222406183,0.9375,4.0,2.797514424720941,2.7640931733730922,1.0723325491362619,4.111111111111111,0.7083333333333334,0.6342030211229781,4.0,11.0,1.6236559139784945,0.6643668555870872,0.1724137931034483,0.0
146,2,29.0,75.0,2.586206896551724,0.09236453201970443,0.1111111111111111,0.14814814814814814,0.5,0.2916666666666667,0.125,0.375,0.6896551724137931,0.0,0.15,0.6,0.4039419181574036,0.39454980325229644,0.2236111111111111,0.34966915580090635,0.0,0.2361111111111111,0.030788383631480717,0.6,3.125,3.011752342725584,2.7941707717569786,1.2469122189947455,4.666666666666666,0.5416666666666666,0.7447069665425706,4.0,10.0,1.7058823529411764,0.7684772446480089,0.2413793103448276,0.0
147,2,29.0,65.0,2.2413793103448274,0.08004926108374384,0.1111111111111111,0.037037037037037035,0.5,0.25,0.08333333333333333,0.2916666666666667,0.6896551724137931,0.0,0.1,0.55,0.399407679738562,0.28664375183086305,0.1597222222222222,0.3038765905538537,0.0,0.07291666666666669,0.09127116755793224,0.8125,2.7083333333333335,2.57882964129866,2.775326797385621,1.1766491299058983,4.833333333333334,0.375,0.6448549406312882,4.0,10.0,1.825503355704698,0.844149529025236,0.06896551724137931,0.0
148,2,30.0,85.0,2.8333333333333335,0.09770114942528736,0.10714285714285714,0.10714285714285714,0.48,0.28,0.12,0.36,0.7,0.0,0.14285714285714285,0.5714285714285714,0.46132602627257796,0.31473633496152825,0.20327272727272727,0.34065273189357587,0.0,0.31666666666666665,0.03945851293103449,0.625,3.4,2.5495097567963927,2.746163574987104,1.1341755291211515,4.428571428571429,0.6,0.7253955397196986,3.0,10.0,1.654970760233918,0.6972351905237664,0.2,0.0
149,2,28.0,68.0,2.4285714285714284,0.08994708994708994,0.11538461538461539,0.07692307692307693,0.5217391304347826,0.2608695652173913,0.043478260869565216,0.30434782608695654,0.6785714285714286,0.0,0.05263157894736842,0.631578947368421,0.4424066001300141,0.21569852152906094,0.15458937198067632,0.2752187792829809,0.0,0.18154761904761907,0.07756843667546173,0.6875,2.9565217391304346,2.4583486857786396,2.767892049470997,1.1718962694920005,4.615384615384615,0.4782608695652174,0.6985403904009072,4.0,9.0,1.769736842105263,0.7500145229220132,0.21428571428571427,0.0
15,2,30.0,81.0,2.7,0.09310344827586207,0.10714285714285714,0.14285714285714285,0.56,0.24,0.08,0.36,0.7,0.0,0.09523809523809523,0.5714285714285714,0.503049205932154,0.23584972001407675,0.18799999999999997,0.312046708279623,0.0,0.2681327160493827,0.07578095350178081,0.75,3.24,2.2963739532866447,2.7791370203870205,1.1368847813815468,4.5,0.64,0.7183319503792124,4.0,12.0,1.7704918032786885,0.7351483954916744,0.26666666666666666,0.0
150,2,29.0,74.0,2.5517241379310347,0.09113300492610837,0.1111111111111111,0.07407407407407407,0.5416666666666666,0.2916666666666667,0.125,0.3333333333333333,0.7241379310344828,0.0,0.14285714285714285,0.6190476190476191,0.6208279779580138,0.35234322264237117,0.21875,0.35932412735915115,0.0,0.2925925925925926,0.08766823265227731,0.6666666666666666,3.0833333333333335,2.764946208560283,2.655911330049261,1.1017053623790152,4.5,0.5416666666666666,0.6872021380270942,3.0,10.0,1.583941605839416,0.6375773974518859,0.20689655172413793,0.0
151,2,29.0,73.0,2.5172413793103448,0.08990147783251232,0.1111111111111111,0.1111111111111111,0.5,0.2916666666666667,0.125,0.375,0.6896551724137931,0.0,0.15,0.6,0.6385262725779967,0.3167951803300744,0.22424242424242424,0.3530134801784305,0.0,0.17746031746031743,0.0,0.0,3.0416666666666665,2.7103532044280914,2.738718752511856,1.1614394607064107,4.5,0.5,0.6366354036575784,4.0,8.0,1.6567164179104477,0.7668358737842214,0.06896551724137931,0.0
152,2,30.0,66.0,2.2,0.07586206896551724,0.10714285714285714,0.2857142857142857,0.52,0.24,0.16,0.44,0.7,0.0,0.19047619047619047,0.5714285714285714,0.7493499999999998,0.26572011042322957,0.2553333333333333,0.36989487996216197,0.0,0.2962962962962963,0.04388020833333334,0.5,2.64,1.9974984355438175,2.906904761904762,1.368277587399974,6.0,0.4,0.6850193863078847,5.0,7.0,1.7109375,0.8432440521557582,0.2,0.0
153,2,29.0,95.0,3.2758620689655173,0.11699507389162561,0.1111111111111111,0.037037037037037035,0.5,0.2916666666666667,0.125,0.375,0.6896551724137931,0.0,0.15,0.55,0.5002664809270347,0.3571674859557211,0.21111111111111114,0.3507640613447719,0.0,0.16666666666666669,0.05373107950765135,0.5625,3.9583333333333335,4.026857299451387,2.6460591133004923,1.0331752155037706,4.0,0.4583333333333333,0.7039287834909947,3.0,9.0,1.435374149659864,0.5621391044499934,0.20689655172413793,0.0
154,2,29.0,71.0,2.4482758620689653,0.0874384236453202,0.1111111111111111,0.14814814814814814,0.5416666666666666,0.25,0.125,0.2916666666666667,0.6896551724137931,0.0,0.15,0.6,0.47989583333333324,0.32621727745091605,0.18333333333333335,0.34441717205417777,0.0,0.171875,0.08198617788461537,0.8125,2.9583333333333335,2.595634573775691,2.772095137789864,1.191188996921025,4.833333333333334,0.5833333333333334,0.6895906740440608,4.0,10.0,1.7133333333333334,0.7266422424727738,0.1724137931034483,0.0
155,2,30.0,71.0,2.3666666666666667,0.08160919540229886,0.10714285714285714,0.14285714285714285,0.52,0.24,0.08,0.44,0.7,0.0,0.09523809523809523,0.5714285714285714,0.5151020408163266,0.22493616722985602,0.21527272727272728,0.3199066165969626,0.0,0.1955309901738473,0.07263360507246376,0.5625,2.84,2.392348915466415,2.738467268598848,1.0849723549289723,4.5,0.52,0.657780704968001,4.0,8.0,1.7884615384615385,0.8032965578175278,0.16666666666666666,0.0
156,2,29.0,57.0,1.9655172413793103,0.07019704433497537,0.1111111111111111,0.18518518518518517,0.4583333333333333,0.3333333333333333,0.125,0.2916666666666667,0.6896551724137931,0.0,0.15,0.65,0.4145447530864197,0.33231058758522897,0.18472222222222223,0.34528979170784785,0.0,0.1857638888888889,0.1150559413580247,0.75,2.375,2.3370829086147396,2.672731865835314,1.13444456674444,4.5,0.4166666666666667,0.6854105730006217,4.0,9.0,1.765625,0.7885437090627013,0.0,0.0
157,2,29.0,85.0,2.9310344827586206,0.10467980295566502,0.1111111111111111,0.07407407407407407,0.4583333333333333,0.2916666666666667,0.16666666666666666,0.4166666666666667,0.6896551724137931,0.0,0.2,0.6,0.6612298955785464,0.2687634055966035,0.2881944444444444,0.3939297604899609,0.0,0.32638888888888895,0.11912237648694224,0.75,3.5416666666666665,2.6861831118047275,2.722769657658096,1.1612182709029033,4.454545454545455,0.6666666666666666,0.7272545612648108,4.0,11.0,1.7052023121387283,0.7312195846152203,0.27586206896551724,0.0
158,2,29.0,75.0,2.586206896551724,0.09236453201970443,0.1111111111111111,0.07407407407407407,0.5,0.375,0.20833333333333334,0.375,0.7241379310344828,0.0,0.23809523809523808,0.5714285714285714,0.6679470526864894,0.3479249581769807,0.2767857142857143,0.41636709135909655,0.0,0.3209876543209877,0.19288826291079814,0.7333333333333333,3.125,3.3403006894068943,2.689987857896645,1.217918504982355,4.666666666666666,0.5416666666666666,0.8291677424017583,5.0,11.0,1.761290322580645,0.845798408388791,0.3103448275862069,0.0
159,2,30.0,68.0,2.2666666666666666,0.07816091954022988,0.10714285714285714,0.10714285714285714,0.48,0.28,0.16,0.36,0.7,0.0,0.19047619047619047,0.5238095238095238,0.6288296296296296,0.31142871574911213,0.22704761904761905,0.37543051629077556,0.0,0.22098765432098766,0.1177199074074074,0.6875,2.72,2.0108041509140895,2.9998345445404273,1.367314773148546,5.166666666666666,0.64,0.9204269936787104,4.0,10.0,1.923529411764706,0.8770778620241798,0.3,0.0
16,2,28.0,69.0,2.4642857142857144,0.09126984126984126,0.11538461538461539,0.11538461538461539,0.4782608695652174,0.43478260869565216,0.17391304347826086,0.34782608695652173,0.7142857142857143,0.0,0.2,0.45,0.5145260017050298,0.31478099212264815,0.2753623188405797,0.4070362691139164,0.0,0.18750000000000006,0.09327712418300656,0.6666666666666666,3.0,3.0,2.575631257114176,1.122532593221406,4.391304347826087,0.4782608695652174,0.6889466328552758,4.0,10.0,1.6470588235294117,0.6942025722575333,0.14285714285714285,0.0
160,2,29.0,72.0,2.4827586206896552,0.08866995073891626,0.1111111111111111,0.1111111111111111,0.5416666666666666,0.25,0.041666666666666664,0.375,0.6896551724137931,0.0,0.05,0.55,0.5070984209656083,0.19198348877514756,0.18541666666666665,0.2865466761010168,0.0,0.2470238095238096,0.05922309027777777,0.5625,3.0,2.670287397005928,2.77825816847115,1.1378984905585465,4.4,0.7083333333333334,0.6639885531645974,4.0,10.0,1.7531645569620253,0.7794061830818612,0.06896551724137931,0.0
161,2,30.0,82.0,2.7333333333333334,0.09425287356321839,0.10714285714285714,0.07142857142857142,0.52,0.28,0.08,0.4,0.7,0.0,0.09523809523809523,0.5238095238095238,0.43157300515501346,0.26566310643164814,0.19911111111111107,0.3084529297584045,0.0,0.14930555555555555,0.09425824076090902,0.75,3.28,3.680126809409335,2.8869291202624536,1.332494895166502,5.333333333333334,0.48,0.8613446141544003,5.0,11.0,1.7564102564102564,0.8971049844831148,0.13333333333333333,0.0
162,2,29.0,82.0,2.8275862068965516,0.10098522167487685,0.1111111111111111,0.1111111111111111,0.4166666666666667,0.25,0.125,0.5,0.6896551724137931,0.0,0.15,0.65,0.6793852880658435,0.2629079885023221,0.24583333333333335,0.34072422157674986,0.0,0.2740162037037037,0.12663966049382713,0.875,3.4166666666666665,2.282574188835104,2.7862889983579637,1.2421545293941278,5.333333333333334,0.7083333333333334,0.6778773163456902,5.0,10.0,1.8,0.8985082488050578,0.06896551724137931,0.0
163,2,30.0,79.0,2.6333333333333333,0.09080459770114943,0.10714285714285714,0.03571428571428571,0.4,0.28,0.2,0.48,0.7,0.0,0.23809523809523808,0.5714285714285714,0.7007281553398059,0.3304901321037328,0.2846060606060606,0.39233030933811924,0.0,0.32083333333333336,0.0664820995145631,0.625,3.16,3.236252977338659,2.709418645870259,1.131393556565791,5.0,0.36,0.7340248074571215,4.0,8.0,1.651006711409396,0.7159021382677064,0.13333333333333333,0.0
164,2,30.0,75.0,2.5,0.08620689655172414,0.10714285714285714,0.07142857142857142,0.48,0.28,0.16,0.44,0.7,0.0,0.19047619047619047,0.6190476190476191,0.657,0.3136676979277708,0.2692727272727273,0.3768520026412286,0.0,0.36666666666666664,0.09062500000000001,0.75,3.0,2.565800719723442,2.663091060985798,1.1400750766156718,5.333333333333334,0.48,0.6384153540731835,5.0,9.0,1.781456953642384,0.8936370608183118,0.16666666666666666,0.0
165,2,29.0,75.0,2.586206896551724,0.09236453201970443,0.1111111111111111,0.07407407407407407,0.375,0.375,0.16666666666666666,0.4166666666666667,0.7241379310344828,0.0,0.19047619047619047,0.5238095238095238,0.5402408854166666,0.3692347957733929,0.2800925925925926,0.38541553328524375,0.0,0.2065972222222222,0.1905989583333333,0.6666666666666666,3.125,3.1389904220250844,2.468002621496269,0.9893336486214869,4.125,0.5416666666666666,0.6350389180758536,3.0,9.0,1.5378787878787878,0.6227898697286971,0.10344827586206896,0.0
166,2,30.0,79.0,2.6333333333333333,0.09080459770114943,0.10714285714285714,0.14285714285714285,0.4,0.24,0.12,0.48,0.7,0.0,0.14285714285714285,0.5714285714285714,0.6468883862206976,0.2881610837164804,0.23733333333333337,0.3361437082448407,0.0,0.24526396035829995,0.08750651041666666,0.8125,3.16,2.1924111536540463,2.835580993080993,1.1537249865729622,4.5,0.52,0.8036829516947861,4.0,10.0,1.7365269461077844,0.7699443949127007,0.2,0.0
167,2,29.0,63.0,2.1724137931034484,0.07758620689655173,0.1111111111111111,0.037037037037037035,0.4583333333333333,0.4583333333333333,0.20833333333333334,0.2916666666666667,0.6896551724137931,0.0,0.25,0.5,0.36902680652680653,0.414323075833823,0.23842592592592593,0.413629564600256,0.0,0.27136752136752135,0.08666666666666666,0.4,2.625,2.8101137219754615,2.5733354415296343,1.1756582851148494,5.5,0.4166666666666667,0.8057836068767342,4.0,9.0,1.6486486486486487,0.8162959428657393,0.06896551724137931,0.0
168,2,30.0,58.0,1.9333333333333333,0.06666666666666667,0.10714285714285714,0.25,0.56,0.32,0.12,0.28,0.7,0.0,0.14285714285714285,0.47619047619047616,0.4210526315789474,0.3320623595308035,0.18333333333333335,0.3435921354681384,0.0,0.1851851851851852,0.19353070175438597,0.8125,2.32,2.839013913315678,2.875240740740741,1.4065391261517652,6.0,0.32,0.863065957790961,5.0,10.0,1.7983193277310925,0.935005047867939,0.13333333333333333,0.0
169,2,30.0,65.0,2.1666666666666665,0.07471264367816093,0.10714285714285714,0.10714285714285714,0.56,0.28,0.16,0.36,0.7,0.0,0.19047619047619047,0.5238095238095238,0.42710045662100454,0.4080996062388886,0.2346666666666667,0.380938169377773,0.0,0.36574074074074076,0.03221318493150685,0.4375,2.6,1.8708286933869707,2.789531625781626,1.2140651572650665,4.777777777777778,0.44,0.7232825379814575,5.0,10.0,1.8506493506493507,0.8615419186253186,0.3,0.0
17,2,30.0,81.0,2.7,0.09310344827586207,0.10714285714285714,0.03571428571428571,0.52,0.28,0.12,0.36,0.7,0.0,0.14285714285714285,0.5238095238095238,0.6633461328976036,0.25057947785033813,0.25,0.3726779962499649,0.0,0.23935185185185187,0.1295977158224401,0.8125,3.24,2.976015232935924,2.7033140283140282,1.1045943784464276,4.333333333333334,0.48,0.650882691985873,4.0,9.0,1.598639455782313,0.6790390464853672,0.2,0.0
170,2,30.0,54.0,1.8,0.06206896551724138,0.10714285714285714,0.25,0.48,0.32,0.12,0.36,0.7,0.0,0.14285714285714285,0.5714285714285714,0.4983492063492064,0.3298124328564905,0.22409523809523807,0.35314717211110164,0.0,0.34060846560846575,0.014583333333333334,0.1875,2.16,1.6248076809271919,2.7531949531949533,1.2052562277407943,5.285714285714286,0.4,0.7062503740616028,4.0,6.0,1.7788461538461537,0.8808285019729869,0.06666666666666667,0.0
171,2,29.0,75.0,2.586206896551724,0.09236453201970443,0.1111111111111111,0.037037037037037035,0.4166666666666667,0.2916666666666667,0.125,0.4166666666666667,0.6896551724137931,0.0,0.15,0.65,0.6922453703703703,0.28774553520335056,0.2416666666666667,0.35471292059727305,0.0,0.24363425925925924,0.034201388888888885,0.4375,3.125,2.5248762345905194,2.618030865519621,1.0069913424365888,4.222222222222222,0.5416666666666666,0.616194457051243,3.0,7.0,1.5267175572519085,0.6242317650805073,0.0,0.0
172,2,29.0,44.0,1.5172413793103448,0.054187192118226604,0.1111111111111111,0.2222222222222222,0.5,0.375,0.16666666666666666,0.2916666666666667,0.6896551724137931,0.0,0.2,0.55,0.5787037037037036,0.4069038756275438,0.21875,0.385275875185561,0.0,0.25520833333333337,0.1015625,0.3125,1.8333333333333333,1.1293194051465598,2.5574712643678166,1.0562323184102524,4.5,0.375,0.6061674060232624,4.0,6.0,1.65,0.7811059993870749,0.06896551724137931,0.0
173,2,29.0,96.0,3.310344827586207,0.11822660098522167,0.1111111111111111,0.037037037037037035,0.4166666666666667,0.25,0.125,0.375,0.6896551724137931,0.0,0.15,0.6,0.5133016801108324,0.30259973526216855,0.1979166666666667,0.33959027955908055,0.0,0.17914094650205759,0.09583800215803452,0.8125,4.0,2.874172848876245,2.7543149060390446,1.103818209020485,4.4,0.6666666666666666,0.8009423634053374,4.0,11.0,1.6348314606741574,0.718064114915185,0.27586206896551724,0.0
174,2,30.0,88.0,2.933333333333333,0.10114942528735632,0.10714285714285714,0.07142857142857142,0.44,0.32,0.08,0.44,0.7,0.0,0.09523809523809523,0.6190476190476191,0.4589163006974942,0.2592784589696906,0.2217171717171717,0.31849231282919954,0.0,0.22280825128926393,0.05720604213907785,0.625,3.52,2.785677655436824,2.620780423280423,1.0534584757541214,4.1875,0.48,0.6247244869242815,3.0,9.0,1.617283950617284,0.6882853163007527,0.13333333333333333,0.0
175,2,30.0,66.0,2.2,0.07586206896551724,0.10714285714285714,0.10714285714285714,0.44,0.36,0.16,0.32,0.7,0.0,0.19047619047619047,0.5238095238095238,0.42522058823529413,0.3544417320432979,0.24,0.3851406669430447,0.0,0.23333333333333334,0.022547104779411766,0.5625,2.64,2.2338307903688674,2.6100396825396825,1.1400505050099607,4.666666666666666,0.6,0.7240413180939738,4.0,9.0,1.7655172413793103,0.7906905658228294,0.16666666666666666,0.0
176,2,29.0,92.0,3.1724137931034484,0.11330049261083744,0.1111111111111111,0.1111111111111111,0.5,0.20833333333333334,0.08333333333333333,0.375,0.6896551724137931,0.0,0.1,0.6,0.4882315074906367,0.2686209896874886,0.17777777777777778,0.2987359305468258,0.0,0.18489583333333337,0.12432823228776528,0.8125,3.8333333333333335,3.2122952198871983,2.8351843558740106,1.179512396415157,4.583333333333334,0.6666666666666666,0.7515391354970291,4.0,12.0,1.6779661016949152,0.7176511077680712,0.2413793103448276,0.0
177,2,30.0,68.0,2.2666666666666666,0.07816091954022988,0.10714285714285714,0.10714285714285714,0.4,0.36,0.2,0.44,0.7,0.0,0.23809523809523808,0.5238095238095238,0.5270407177363698,0.34646664599808813,0.28527272727272723,0.40345384823084834,0.0,0.36666666666666664,0.13065044858523117,0.75,2.72,2.6539279065817394,2.7825091575091574,1.3776000733526792,5.571428571428571,0.52,0.7931167539114655,5.0,10.0,1.89171974522293,0.9169320210409226,0.23333333333333334,0.0
178,2,30.0,50.0,1.6666666666666667,0.05747126436781609,0.10714285714285714,0.21428571428571427,0.44,0.4,0.16,0.4,0.7,0.0,0.19047619047619047,0.5714285714285714,0.5364052287581699,0.3158491472306412,0.2723809523809524,0.39081237947204495,0.0,0.35729847494553385,0.08246527777777776,0.75,2.0,1.4433756729740645,2.624700854700855,1.1402387998882146,4.333333333333334,0.48,0.6088567563880742,4.0,5.0,1.8288288288288288,0.8514572948654119,0.2,0.0
179,2,30.0,83.0,2.7666666666666666,0.09540229885057472,0.10714285714285714,0.07142857142857142,0.48,0.32,0.08,0.4,0.7,0.0,0.09523809523809523,0.6190476190476191,0.4728683473389355,0.24794029118013536,0.2126666666666667,0.3142186075542525,0.0,0.20648148148148154,0.18786108193277312,0.875,3.32,3.300505011863083,2.6967604617604612,1.1326440428497058,4.5,0.48,0.7683348952501512,3.0,10.0,1.5844155844155845,0.6637317623140828,0.2,0.0
18,2,29.0,79.0,2.7241379310344827,0.09729064039408868,0.1111111111111111,0.037037037037037035,0.4166666666666667,0.4166666666666667,0.20833333333333334,0.375,0.6896551724137931,0.0,0.25,0.5,0.5441114441114441,0.35302004862751407,0.2847222222222222,0.4205734716890342,0.0,0.261904761904762,0.10916860916860914,0.7333333333333333,3.2916666666666665,2.911434229956487,2.558156625710134,1.092687010254766,4.222222222222222,0.375,0.758856691272798,3.0,10.0,1.5671641791044777,0.6654498302666795,0.13793103448275862,0.0
180,2,30.0,92.0,3.066666666666667,0.10574712643678161,0.10714285714285714,0.07142857142857142,0.6,0.28,0.12,0.32,0.7,0.0,0.14285714285714285,0.5238095238095238,0.6249253187613844,0.24836624454838427,0.2046666666666667,0.3535376767600434,0.0,0.3277777777777778,0.14304417122040075,0.875,3.68,3.5204166420089167,2.820484330484331,1.1897051761411253,4.4,0.6,0.7495038240214407,4.0,10.0,1.6529411764705881,0.723745719394459,0.13333333333333333,0.0
181,2,30.0,70.0,2.3333333333333335,0.08045977011494253,0.10714285714285714,0.14285714285714285,0.48,0.28,0.12,0.36,0.7,0.0,0.14285714285714285,0.5714285714285714,0.4310555555555555,0.3404385674536252,0.22599999999999998,0.35362147580166586,0.0,0.26774691358024694,0.05092230902777778,0.5,2.8,2.6770630673681683,2.6895959978718604,1.158999185366819,5.0,0.48,0.749628809592079,4.0,7.0,1.6240601503759398,0.7028244291234507,0.13333333333333333,0.0
182,2,29.0,82.0,2.8275862068965516,0.10098522167487685,0.1111111111111111,0.14814814814814814,0.5,0.2916666666666667,0.08333333333333333,0.4166666666666667,0.6896551724137931,0.0,0.1,0.5,0.4654082722501735,0.2537699883545503,0.21666666666666667,0.31923065730030764,0.0,0.23958333333333337,0.14177697327521396,0.875,3.4166666666666665,3.2559866823072725,2.8078191167574107,1.2361641727375048,4.733333333333333,0.5,0.7611322396293437,5.0,12.0,1.81437125748503,0.9092745320257122,0.2413793103448276,0.0
183,2,29.0,72.0,2.4827586206896552,0.08866995073891626,0.1111111111111111,0.1111111111111111,0.5,0.2916666666666667,0.041666666666666664,0.4166666666666667,0.6896551724137931,0.0,0.05,0.55,0.4893735019372208,0.26814711307730293,0.21236772486772482,0.3046673490186401,0.0,0.1547724586288417,0.10691550925925924,0.8125,3.0,2.3219182474467286,2.7630207858402587,1.1943506022180481,4.75,0.5416666666666666,0.7442532734529457,5.0,9.0,1.8310810810810811,0.943207103259745,0.13793103448275862,0.0
184,2,28.0,87.0,3.107142857142857,0.11507936507936507,0.11538461538461539,0.038461538461538464,0.391304347826087,0.30434782608695654,0.13043478260869565,0.43478260869565216,0.6785714285714286,0.0,0.15789473684210525,0.631578947368421,0.5692146854436995,0.31554053236058405,0.24879227053140096,0.35619795393043563,0.0,0.29464285714285715,0.09304646982555398,0.75,3.782608695652174,3.630133002060423,2.630217975784478,1.0950479032767058,4.333333333333334,0.5217391304347826,0.6946398574606361,4.0,12.0,1.6158536585365855,0.6864096171397006,0.25,0.0
185,2,30.0,66.0,2.2,0.07586206896551724,0.10714285714285714,0.07142857142857142,0.56,0.32,0.12,0.24,0.7,0.0,0.14285714285714285,0.6190476190476191,0.4562326241134752,0.30551719833688645,0.18266666666666664,0.3547456052503603,0.0,0.3194444444444444,0.04637411347517731,0.5,2.64,2.628053779256937,2.714074074074074,1.1343787280373023,5.0,0.4,0.6132145582491997,4.0,7.0,1.6356589147286822,0.6952740522642405,0.06666666666666667,0.0
186,2,28.0,73.0,2.607142857142857,0.09656084656084656,0.11538461538461539,0.07692307692307693,0.5652173913043478,0.2608695652173913,0.08695652173913043,0.2608695652173913,0.6785714285714286,0.0,0.10526315789473684,0.5263157894736842,0.2628698671497584,0.38098413016117244,0.15821256038647344,0.31842005079203356,0.0,0.2651289682539683,0.0,0.0,3.1739130434782608,3.113784220833718,2.7665594274146907,1.165509608937761,4.666666666666666,0.43478260869565216,0.7191976343127766,4.0,10.0,1.6111111111111112,0.7480344614759106,0.17857142857142858,0.0
187,2,27.0,65.0,2.4074074074074074,0.09259259259259259,0.12,0.08,0.45454545454545453,0.4090909090909091,0.22727272727272727,0.4090909090909091,0.6666666666666666,0.0,0.2777777777777778,0.5555555555555556,0.7492031425364758,0.29049635561153697,0.32575757575757575,0.431796029912054,0.0,0.28095238095238095,0.18238683127572014,0.8,2.9545454545454546,2.8364510476041267,2.539931056597723,1.0826085146860696,4.333333333333334,0.5,0.6649286431031991,4.0,10.0,1.669291338582677,0.7669266444323458,0.1111111111111111,0.0
188,2,30.0,70.0,2.3333333333333335,0.08045977011494253,0.10714285714285714,0.03571428571428571,0.44,0.32,0.2,0.44,0.7,0.0,0.23809523809523808,0.5238095238095238,0.6630608800482217,0.27071808383091917,0.2846666666666666,0.4029095569865662,0.0,0.19735449735449734,0.07304852320675106,0.5625,2.8,2.1213203435596424,2.7191741591741594,1.1689063691720858,4.55,0.48,0.7026878515886323,4.0,9.0,1.7707006369426752,0.7834228928478238,0.13333333333333333,0.0
189,2,30.0,71.0,2.3666666666666667,0.08160919540229886,0.10714285714285714,0.10714285714285714,0.44,0.32,0.12,0.4,0.7,0.0,0.14285714285714285,0.5714285714285714,0.648903474903475,0.34352845443145796,0.23133333333333336,0.34615346628659116,0.0,0.25,0.12200168918918916,0.625,2.84,2.544274618301518,2.5957861990950226,1.0603228044899855,4.384615384615385,0.44,0.6224980769707927,3.0,9.0,1.5746268656716418,0.6532379233755239,0.13333333333333333,0.0
19,2,28.0,71.0,2.5357142857142856,0.09391534391534391,0.11538461538461539,0.038461538461538464,0.4782608695652174,0.2608695652173913,0.08695652173913043,0.43478260869565216,0.6785714285714286,0.0,0.10526315789473684,0.5789473684210527,0.4170309546313799,0.24064696981467856,0.2031400966183575,0.30731735465629334,0.0,0.19419642857142858,0.0850883152173913,0.8125,3.0869565217391304,2.906310430116772,2.749993975322923,1.1682734799665988,4.5,0.6521739130434783,0.7106533735016081,4.0,10.0,1.778523489932886,0.8289168900397335,0.07142857142857142,0.0
190,2,30.0,71.0,2.3666666666666667,0.08160919540229886,0.10714285714285714,0.17857142857142858,0.44,0.32,0.2,0.4,0.7,0.0,0.23809523809523808,0.5238095238095238,0.5768916666666667,0.3330170695839168,0.2846666666666667,0.409321932523099,0.0,0.3460648148148149,0.13340983072916668,0.6875,2.84,1.9933221850301404,2.756066618566619,1.2366048074445264,4.785714285714286,0.48,0.7617377299626202,4.0,9.0,1.7464788732394365,0.8115882311845725,0.0,0.0
191,2,29.0,67.0,2.310344827586207,0.08251231527093596,0.1111111111111111,0.1111111111111111,0.4166666666666667,0.375,0.125,0.4583333333333333,0.6896551724137931,0.0,0.15,0.65,0.5619212962962962,0.31080535168870116,0.26805555555555555,0.3579975395519944,0.0,0.16319444444444445,0.07566550925925926,0.6875,2.7916666666666665,2.2062986251159216,2.573487336418371,1.1267932143498365,4.833333333333334,0.4583333333333333,0.6213721253884632,4.0,7.0,1.75177304964539,0.8031725341134398,0.10344827586206896,0.0
192,2,29.0,76.0,2.6206896551724137,0.09359605911330049,0.1111111111111111,0.07407407407407407,0.5,0.20833333333333334,0.08333333333333333,0.375,0.6896551724137931,0.0,0.1,0.65,0.5489851586612654,0.24698892459893618,0.2027777777777778,0.32491792596767705,0.0,0.2011574074074074,0.11467488606770831,0.875,3.1666666666666665,2.632021320560314,2.8154591895971204,1.105955829535776,4.333333333333334,0.5833333333333334,0.7792485932820128,4.0,8.0,1.7272727272727273,0.760003500983884,0.13793103448275862,0.0
193,2,29.0,50.0,1.7241379310344827,0.06157635467980296,0.1111111111111111,0.2222222222222222,0.5,0.375,0.20833333333333334,0.3333333333333333,0.0,0.0,NaN,NaN,0.6123236331569665,0.351182470419327,0.255952380952381,0.41431605514655545,0.0,0.2777777777777778,0.1766975308641975,0.6666666666666666,2.0833333333333335,1.886258469694107,2.5907498631636567,1.0667239297140823,4.25,0.5,0.5892189193841517,4.0,7.0,1.6666666666666667,0.7423074889580902,0.0,0.0
194,2,30.0,85.0,2.8333333333333335,0.09770114942528736,0.10714285714285714,0.03571428571428571,0.56,0.24,0.12,0.44,0.7,0.0,0.14285714285714285,0.5714285714285714,0.7104074074074075,0.15821660539216412,0.24793939393939393,0.3540662175923583,0.0,0.3339506172839506,0.17736479377104375,0.9375,3.4,2.8867513459481287,2.805237220855661,1.1105333622602276,4.428571428571429,0.6,0.7398534583313493,4.0,10.0,1.7570621468926553,0.8137793156162856,0.2,0.0
195,2,29.0,88.0,3.0344827586206895,0.10837438423645321,0.1111111111111111,0.037037037037037035,0.5,0.3333333333333333,0.20833333333333334,0.375,0.6896551724137931,0.0,0.25,0.5,0.7382119764180097,0.26847377721426124,0.28055555555555556,0.42116891245441584,0.0,0.27777777777777785,0.05489030630437884,0.6875,3.6666666666666665,3.818338662943288,2.8478449331401885,1.3050551806079296,5.0,0.4583333333333333,0.9973619072886675,5.0,11.0,1.728395061728395,0.9124718415328601,0.2413793103448276,0.0
196,2,30.0,85.0,2.8333333333333335,0.09770114942528736,0.10714285714285714,0.07142857142857142,0.44,0.36,0.12,0.52,0.7,0.0,0.14285714285714285,0.5714285714285714,0.5930739348370927,0.20408740007371398,0.28633333333333333,0.34563146718884136,0.0,0.27182539682539686,0.14474369517543859,0.8125,3.4,3.4761089357690347,2.6217652717652715,1.0850624765479713,4.333333333333334,0.4,0.6934638511726239,3.0,10.0,1.5241379310344827,0.6355526752875281,0.1,0.0
197,2,29.0,80.0,2.7586206896551726,0.09852216748768473,0.1111111111111111,0.1111111111111111,0.4166666666666667,0.375,0.16666666666666666,0.5416666666666666,0.6896551724137931,0.0,0.2,0.55,0.7604891611003581,0.21770842797605935,0.3361111111111111,0.3827079544795224,0.0,0.32240226337448563,0.16898205692434232,0.875,3.3333333333333335,2.6484887678869224,2.625246305418719,1.094752941723625,4.190476190476191,0.375,0.7616991496537838,4.0,10.0,1.687116564417178,0.7496622481683766,0.27586206896551724,0.0
198,2,28.0,74.0,2.642857142857143,0.09788359788359788,0.11538461538461539,0.038461538461538464,0.5217391304347826,0.30434782608695654,0.08695652173913043,0.30434782608695654,0.6785714285714286,0.0,0.10526315789473684,0.5263157894736842,0.4017618695808122,0.27843898795459354,0.17632850241545892,0.3158958250023896,0.0,0.13671875,0.13422480272596843,0.75,3.217391304347826,2.7461795236809605,2.7768931465360036,1.263654074988589,5.0,0.43478260869565216,0.7663151855589825,5.0,11.0,1.844311377245509,0.8915672399903418,0.25,0.0
199,2,30.0,64.0,2.1333333333333333,0.0735632183908046,0.10714285714285714,0.03571428571428571,0.48,0.32,0.08,0.32,0.7,0.0,0.09523809523809523,0.5238095238095238,0.32668896321070234,0.289898984052333,0.16727272727272727,0.30047788689724453,0.0,0.20560303893637227,0.03638285024154589,0.4375,2.56,2.7700782179088974,2.6861238434767847,1.2032289961135478,5.0,0.4,0.7155228209794569,5.0,10.0,1.8613138686131387,0.9329151161801507,0.16666666666666666,0.0
2,2,28.0,57.0,2.0357142857142856,0.07539682539682539,0.11538461538461539,0.23076923076923078,0.43478260869565216,0.34782608695652173,0.17391304347826086,0.34782608695652173,0.6785714285714286,0.0,0.21052631578947367,0.5789473684210527,0.5947061191626408,0.3652464780271572,0.23067632850241546,0.3843014767636178,0.0,0.1428571428571428,0.23155381944444442,0.75,2.4782608695652173,2.1292244686609876,2.4759353741496604,0.9645506286410994,4.142857142857142,0.5217391304347826,0.5874241803293786,3.0,6.0,1.5909090909090908,0.6396021490668312,0.07142857142857142,0.0
20,2,30.0,76.0,2.533333333333333,0.08735632183908046,0.10714285714285714,0.17857142857142858,0.4,0.36,0.12,0.36,0.7,0.0,0.14285714285714285,0.5714285714285714,0.44892850818946445,0.3214082173401752,0.21266666666666667,0.3482854831568175,0.0,0.23726851851851855,0.12448539176626827,0.625,3.04,2.573583752927682,2.5611947895100067,1.0625955252846737,4.333333333333334,0.48,0.6533166657407348,4.0,11.0,1.6645569620253164,0.7103489722240448,0.16666666666666666,0.0
200,2,30.0,63.0,2.1,0.07241379310344828,0.10714285714285714,0.10714285714285714,0.48,0.32,0.12,0.32,0.7,0.0,0.14285714285714285,0.5714285714285714,0.4097222222222222,0.31615729667772924,0.2006060606060606,0.34689690913113985,0.0,0.20972222222222223,0.10394965277777778,0.75,2.52,2.181742422927143,2.690039682539683,1.1544807981164928,4.875,0.56,0.5858705619770352,4.0,8.0,1.8102189781021898,0.818291321590376,0.06666666666666667,0.0
201,2,29.0,59.0,2.0344827586206895,0.07266009852216748,0.1111111111111111,0.037037037037037035,0.5416666666666666,0.25,0.08333333333333333,0.25,0.6896551724137931,0.0,0.1,0.55,0.3392676767676767,0.2988760893503066,0.15277777777777776,0.31437641161568447,0.0,0.2333333333333334,0.023838383838383836,0.4,2.4583333333333335,2.484371439474251,2.864310976379942,1.1896619017281043,4.75,0.5,0.7825995311680689,4.0,8.0,1.871212121212121,0.9029662994083566,0.06896551724137931,0.0
202,2,30.0,70.0,2.3333333333333335,0.08045977011494253,0.10714285714285714,0.10714285714285714,0.48,0.32,0.08,0.32,0.7,0.0,0.09523809523809523,0.5714285714285714,0.3023520923520923,0.31155962027583806,0.18666666666666665,0.31666666666666665,0.0,0.20899470899470904,0.0,0.0,2.8,2.23606797749979,2.681349206349206,1.116917422476423,4.416666666666666,0.4,0.6568177328133102,4.0,10.0,1.7291666666666667,0.7952547201557937,0.2,0.0
203,2,28.0,56.0,2.0,0.07407407407407407,0.11538461538461539,0.19230769230769232,0.4782608695652174,0.2608695652173913,0.13043478260869565,0.391304347826087,0.6785714285714286,0.0,0.15789473684210525,0.631578947368421,0.5428743961352656,0.3283571505979623,0.22391304347826085,0.3564282014683075,0.0,0.24938271604938272,0.010416666666666668,0.14285714285714285,2.4347826086956523,1.5322617553657474,2.9390731292517005,1.5309426798391494,6.5,0.43478260869565216,0.8126629037988967,6.0,9.0,2.0655737704918034,1.2380850644218044,0.17857142857142858,0.0
204,2,30.0,77.0,2.566666666666667,0.08850574712643679,0.10714285714285714,0.07142857142857142,0.44,0.28,0.16,0.44,0.7,0.0,0.19047619047619047,0.5714285714285714,0.5490637535014005,0.2836931438863338,0.256,0.37233248781362266,0.0,0.20370370370370375,0.1285280112044818,0.75,3.08,2.0599352740640504,2.6880856180856187,1.1107445810747862,4.666666666666666,0.64,0.6446119393095168,4.0,12.0,1.7294117647058824,0.7360253934086985,0.13333333333333333,0.0
205,2,29.0,67.0,2.310344827586207,0.08251231527093596,0.1111111111111111,0.037037037037037035,0.5,0.3333333333333333,0.125,0.2916666666666667,0.6896551724137931,0.0,0.15,0.5,0.39840441621294614,0.3251644808202284,0.17847222222222223,0.3425705317787217,0.0,0.10193452380952382,0.06848343920145192,0.6875,2.7916666666666665,2.6206399262753375,2.869086255191732,1.3681554221529892,5.0,0.5416666666666666,0.8639225736919552,4.0,12.0,2.0,0.9442278671275494,0.2413793103448276,0.0
206,2,30.0,72.0,2.4,0.08275862068965517,0.10714285714285714,0.10714285714285714,0.56,0.28,0.08,0.32,0.7,0.0,0.09523809523809523,0.5714285714285714,0.42396825396825394,0.25371835837201356,0.17133333333333334,0.30480412653957883,0.0,0.3134920634920635,0.09771825396825395,0.625,2.88,2.3151673805580453,2.7874242424242426,1.1548769980360512,4.583333333333334,0.4,0.7311992735566255,4.0,9.0,1.695945945945946,0.7528520265822701,0.2,0.0
207,2,29.0,74.0,2.5517241379310347,0.09113300492610837,0.1111111111111111,0.18518518518518517,0.4583333333333333,0.25,0.16666666666666666,0.375,0.6896551724137931,0.0,0.2,0.45,0.6310866617357002,0.2721415315403067,0.2604166666666667,0.38956226208225986,0.0,0.3194444444444444,0.09806753075983846,0.9333333333333333,3.0833333333333335,2.9915339480471954,2.8168874922144833,1.2224964471065267,4.666666666666666,0.6666666666666666,0.7149668774788581,4.0,10.0,1.74496644295302,0.8232628099651541,0.2413793103448276,0.0
208,2,30.0,72.0,2.4,0.08275862068965517,0.10714285714285714,0.03571428571428571,0.48,0.32,0.16,0.36,0.7,0.0,0.19047619047619047,0.6190476190476191,0.49442735042735036,0.3852578616175792,0.23393939393939392,0.38020341566312893,0.0,0.23456790123456792,0.02708333333333333,0.4375,2.88,3.126766167571005,2.687274330607664,1.1263592330058463,4.333333333333334,0.52,0.6761639064733266,4.0,8.0,1.6640625,0.8062486647733557,0.13333333333333333,0.0
209,2,29.0,70.0,2.413793103448276,0.08620689655172414,0.1111111111111111,0.07407407407407407,0.4583333333333333,0.3333333333333333,0.16666666666666666,0.3333333333333333,0.7241379310344828,0.0,0.19047619047619047,0.6190476190476191,0.5911584504198967,0.380657761028206,0.22395833333333334,0.383028490161453,0.0,0.251984126984127,0.07781613372093021,0.6666666666666666,2.9166666666666665,2.7173623186859888,2.603834154351395,1.1069609505027336,4.6,0.5833333333333334,0.6854148357394118,4.0,9.0,1.6857142857142857,0.7688701819091326,0.10344827586206896,0.0
21,2,30.0,68.0,2.2666666666666666,0.07816091954022988,0.10714285714285714,0.17857142857142858,0.4,0.32,0.2,0.44,0.7,0.0,0.23809523809523808,0.42857142857142855,0.599074641380987,0.29766287337407965,0.30333333333333334,0.4046031434674027,0.0,0.1975308641975309,0.23367409737417943,0.9375,2.72,2.622339922028925,2.721161616161616,1.1743452264524135,4.454545454545455,0.6,0.7226693419065613,5.0,11.0,1.829268292682927,0.8407545259921045,0.2,0.0
210,2,30.0,43.0,1.4333333333333333,0.04942528735632184,0.10714285714285714,0.32142857142857145,0.48,0.4,0.16,0.28,0.7,0.0,0.19047619047619047,0.5714285714285714,0.533888888888889,0.44343200656295045,0.21,0.3796928583298172,0.0,0.18595679012345678,0.015625,0.0625,1.72,1.3391539617733779,2.533333333333333,1.0722465405298172,5.0,0.28,0.46574224212742676,4.0,6.0,1.635135135135135,0.8036615576824343,0.0,0.0
211,2,28.0,81.0,2.892857142857143,0.10714285714285714,0.11538461538461539,0.15384615384615385,0.43478260869565216,0.30434782608695654,0.13043478260869565,0.391304347826087,0.6785714285714286,0.0,0.15789473684210525,0.5263157894736842,0.4531725488824373,0.33380890714272893,0.22318840579710147,0.3506753632129219,0.0,0.3676136363636363,0.024070796460176996,0.4666666666666667,3.5217391304347827,3.641547688170153,2.580164560249964,1.0522944985657752,4.444444444444445,0.5217391304347826,0.7220568538607578,3.0,10.0,1.5144927536231885,0.6188700233381181,0.25,0.0
212,2,29.0,72.0,2.4827586206896552,0.08866995073891626,0.1111111111111111,0.07407407407407407,0.5,0.3333333333333333,0.125,0.3333333333333333,0.6896551724137931,0.0,0.15,0.55,0.5862107767489712,0.3383762736913801,0.2222222222222222,0.3633800882916229,0.0,0.10937500000000008,0.20150945216049385,0.875,3.0,3.007237646224449,2.7111561866125755,1.1683828471118634,4.666666666666666,0.5,0.7346571008470749,4.0,10.0,1.7133333333333334,0.7538417638481568,0.13793103448275862,0.0
213,2,30.0,70.0,2.3333333333333335,0.08045977011494253,0.10714285714285714,0.10714285714285714,0.4,0.28,0.08,0.44,0.7,0.0,0.09523809523809523,0.5238095238095238,0.5041918724279835,0.27264522975642075,0.21599999999999997,0.30973704498660964,0.0,0.26291723822588026,0.060004340277777776,0.8125,2.8,1.848422751068236,2.869682539682539,1.3023062305893396,5.333333333333334,0.52,0.7059174601769777,5.0,11.0,1.964071856287425,0.9687416727593118,0.16666666666666666,0.0
214,2,30.0,47.0,1.5666666666666667,0.054022988505747126,0.10714285714285714,0.25,0.56,0.36,0.16,0.28,0.7,0.0,0.19047619047619047,0.5714285714285714,0.37,0.42137251891604993,0.21,0.38272899221444073,0.0,0.24074074074074078,0.09739583333333332,0.4375,1.88,1.7397317800933185,2.765079365079365,1.267750399591332,5.0,0.32,0.6237739457900747,4.0,7.0,1.696629213483146,0.8174863688330121,0.06666666666666667,0.0
215,2,29.0,67.0,2.310344827586207,0.08251231527093596,0.1111111111111111,0.037037037037037035,0.5416666666666666,0.3333333333333333,0.08333333333333333,0.20833333333333334,0.6896551724137931,0.0,0.1,0.55,0.22702255020927864,0.28724937366140335,0.11359126984126983,0.2862309675736017,0.0,0.12031250000000006,0.04081262530336604,0.5,2.7916666666666665,2.340181462058513,2.7199318502630656,1.2030328624737452,4.75,0.5,0.744323011225463,5.0,9.0,1.7659574468085106,0.8249527940809742,0.20689655172413793,0.0
216,2,29.0,86.0,2.9655172413793105,0.10591133004926108,0.1111111111111111,0.037037037037037035,0.4583333333333333,0.20833333333333334,0.125,0.5,0.6896551724137931,0.0,0.15,0.65,0.7856517757500572,0.16376891091162468,0.26064814814814813,0.34581663974868393,0.0,0.2985491071428571,0.1374257820673781,0.875,3.5833333333333335,2.991533948047196,2.8463756207671014,1.1440499577268215,4.666666666666666,0.5416666666666666,0.744367144509094,4.0,10.0,1.6728395061728396,0.7545328604081994,0.2413793103448276,0.0
217,2,30.0,95.0,3.1666666666666665,0.10919540229885058,0.10714285714285714,0.03571428571428571,0.4,0.24,0.12,0.48,0.7,0.0,0.14285714285714285,0.5714285714285714,0.6697805000358192,0.28204720229927965,0.25127272727272726,0.34116816194215344,0.0,0.24713804713804707,0.10812032111899132,0.875,3.8,3.4641016151377544,2.728931469063048,1.0657535836210288,4.7,0.52,0.7670574319658349,4.0,8.0,1.5129870129870129,0.6591439584796099,0.16666666666666666,0.0
218,2,30.0,71.0,2.3666666666666667,0.08160919540229886,0.10714285714285714,0.07142857142857142,0.44,0.4,0.2,0.36,0.7,0.0,0.23809523809523808,0.5238095238095238,0.38825245707519246,0.3977805101286392,0.2672727272727273,0.41652614710400104,0.0,0.1992592592592593,0.058688573120189456,0.375,2.84,3.210399767422535,2.5880607315389925,1.109761181538897,4.714285714285714,0.28,0.7391236808181476,4.0,9.0,1.7054263565891472,0.8514977684130492,0.13333333333333333,0.0
219,2,30.0,73.0,2.433333333333333,0.0839080459770115,0.10714285714285714,0.03571428571428571,0.44,0.28,0.12,0.48,0.7,0.0,0.14285714285714285,0.5714285714285714,0.6335370816599731,0.24741085819620875,0.25527272727272726,0.3460797881608987,0.0,0.2666666666666667,0.07049029451137884,0.625,2.92,2.6444911293731606,2.578897243107769,0.9748169845231224,4.190476190476191,0.48,0.6500540713093953,4.0,7.0,1.7039473684210527,0.7354668363769011,0.2,0.0
22,2,28.0,76.0,2.7142857142857144,0.10052910052910052,0.11538461538461539,0.038461538461538464,0.4782608695652174,0.30434782608695654,0.17391304347826086,0.43478260869565216,0.6785714285714286,0.0,0.21052631578947367,0.631578947368421,0.7087646652864044,0.294178023963925,0.26304347826086955,0.3853358931490395,0.0,0.22077546296296297,0.13763027096360428,0.7333333333333333,3.3043478260869565,2.75408428287047,2.725455981987936,1.1581480621645195,4.333333333333334,0.6086956521739131,0.7059888538652966,4.0,9.0,1.6753246753246753,0.7220442736513039,0.10714285714285714,0.0
220,2,30.0,89.0,2.966666666666667,0.10229885057471265,0.10714285714285714,0.07142857142857142,0.48,0.28,0.12,0.32,0.7,0.0,0.14285714285714285,0.5714285714285714,0.48615985289301994,0.3396197376448829,0.21733333333333335,0.3627467231901415,0.0,0.29433221099887763,0.02689759975062344,0.5,3.56,3.618010503025109,2.7015696181213418,1.0768034510124262,4.166666666666666,0.52,0.7193392755000922,3.0,10.0,1.6206896551724137,0.6582755420464352,0.23333333333333334,0.0
221,2,30.0,68.0,2.2666666666666666,0.07816091954022988,0.10714285714285714,0.10714285714285714,0.52,0.28,0.12,0.32,0.7,0.0,0.14285714285714285,0.5714285714285714,0.3584481175390266,0.3092552675406826,0.2033333333333333,0.3503305317574839,0.0,0.16203703703703706,0.038241075528007346,0.6875,2.72,2.372059583287626,2.8068510737628385,1.2454496162572828,4.75,0.52,0.6983626638060401,5.0,10.0,1.8625,0.8936357790847328,0.1,0.0
222,2,29.0,75.0,2.586206896551724,0.09236453201970443,0.1111111111111111,0.037037037037037035,0.375,0.4166666666666667,0.20833333333333334,0.4166666666666667,0.6896551724137931,0.0,0.25,0.5,0.5799317325800376,0.37153884775837137,0.2701388888888889,0.40390542630391274,0.0,0.109375,0.15729362837413682,0.6875,3.125,3.234494786166633,2.7430968271624563,1.3829765776251135,5.333333333333334,0.4583333333333333,0.9982844218134763,5.0,10.0,1.9166666666666667,1.0029526302346605,0.1724137931034483,0.0
223,2,30.0,85.0,2.8333333333333335,0.09770114942528736,0.10714285714285714,0.07142857142857142,0.4,0.24,0.12,0.48,0.7,0.0,0.14285714285714285,0.5714285714285714,0.5944315037929495,0.33513356229626623,0.25133333333333335,0.33650986447486037,0.0,0.2584362139917695,0.06015729585006693,0.5625,3.4,3.162277660168379,2.6712406729073392,1.0498322194164578,4.5,0.6,0.6957392797211331,4.0,9.0,1.5909090909090908,0.6918161791028374,0.1,0.0
224,2,30.0,62.0,2.066666666666667,0.07126436781609195,0.10714285714285714,0.10714285714285714,0.4,0.36,0.12,0.4,0.7,0.0,0.14285714285714285,0.5238095238095238,0.46257080610021784,0.3764425555743027,0.25466666666666665,0.3601542879254822,0.0,0.29537037037037034,0.030773420479302833,0.375,2.48,2.485290056847825,2.5530625174046233,1.0949862742107257,4.666666666666666,0.52,0.6573929625238157,4.0,9.0,1.68503937007874,0.7421631553986942,0.13333333333333333,0.0
225,2,29.0,67.0,2.310344827586207,0.08251231527093596,0.1111111111111111,0.14814814814814814,0.4166666666666667,0.3333333333333333,0.08333333333333333,0.4583333333333333,0.6896551724137931,0.0,0.1,0.6,0.5112373737373737,0.3331180912806989,0.2423611111111111,0.32855190865793144,0.0,0.24739583333333331,0.13334911616161613,0.75,2.7916666666666665,2.5534148774204093,2.493191499488351,0.9461598904518099,3.9565217391304346,0.5416666666666666,0.6157388270953514,3.0,8.0,1.576271186440678,0.6718615504130048,0.13793103448275862,0.0
226,2,30.0,77.0,2.566666666666667,0.08850574712643679,0.10714285714285714,0.03571428571428571,0.48,0.36,0.16,0.28,0.7,0.0,0.19047619047619047,0.5238095238095238,0.45068907563025207,0.3874146394033025,0.20800000000000002,0.3826418884738247,0.0,0.23368606701940037,0.0,0.0,3.08,3.161223391874313,2.683994708994709,1.176520759091464,4.5,0.4,0.719660478254571,4.0,9.0,1.5851851851851853,0.7267304124062766,0.2,0.0
227,2,29.0,75.0,2.586206896551724,0.09236453201970443,0.1111111111111111,0.1111111111111111,0.4166666666666667,0.2916666666666667,0.125,0.375,0.6896551724137931,0.0,0.15,0.55,0.40460236770621116,0.3208193558873888,0.22986111111111115,0.35745947260796695,0.0,0.16319444444444448,0.03877710684062059,0.625,3.125,2.878896225684571,2.577610153256705,1.0723928585869547,4.444444444444445,0.625,0.704817824501608,4.0,10.0,1.7080745341614907,0.7214547071091421,0.1724137931034483,0.0
228,2,28.0,80.0,2.857142857142857,0.10582010582010581,0.11538461538461539,0.038461538461538464,0.43478260869565216,0.30434782608695654,0.043478260869565216,0.391304347826087,0.7142857142857143,0.0,0.05,0.65,0.3954681707203927,0.281548156812303,0.21159420289855072,0.29807610302939297,0.0,0.21759259259259262,0.04369244935543278,0.6,3.4782608695652173,3.3285209002497207,2.563600288600288,1.0231752255843058,4.333333333333334,0.4782608695652174,0.6407399147480138,3.0,10.0,1.55,0.6383995275957937,0.21428571428571427,0.0
229,2,29.0,72.0,2.4827586206896552,0.08866995073891626,0.1111111111111111,0.2222222222222222,0.5,0.25,0.16666666666666666,0.4166666666666667,0.6896551724137931,0.0,0.2,0.55,0.6656574056721639,0.30021610418144623,0.2354166666666667,0.37226660814023044,0.0,0.32421875,0.043230093937406296,0.6875,3.0,2.303116980547657,2.762589506504314,1.1659091522058103,4.666666666666666,0.5833333333333334,0.7435554023856967,4.0,11.0,1.8048780487804879,0.797834867522225,0.1724137931034483,0.0
23,2,29.0,71.0,2.4482758620689653,0.0874384236453202,0.1111111111111111,0.037037037037037035,0.4583333333333333,0.2916666666666667,0.16666666666666666,0.5,0.6896551724137931,0.0,0.2,0.55,0.7580553488756613,0.22547784943411192,0.3003472222222222,0.3804910313259495,0.0,0.2549603174603175,0.2527940538194444,0.875,2.9583333333333335,2.881412194026405,2.6576135451284086,1.1519161838546703,5.333333333333334,0.5,0.6412382053847571,5.0,8.0,1.7109375,0.8975236601184623,0.0,0.0
230,2,29.0,69.0,2.3793103448275863,0.08497536945812807,0.1111111111111111,0.18518518518518517,0.5,0.2916666666666667,0.125,0.3333333333333333,0.6896551724137931,0.0,0.15,0.6,0.5516951195987654,0.29552186058139646,0.2076388888888889,0.3488413938101766,0.0,0.35416666666666663,0.12147894965277778,0.6875,2.875,2.3277625009587135,2.7444361899443566,1.1666767343189415,5.0,0.3333333333333333,0.643469853287536,5.0,10.0,1.7205882352941178,0.8045350759619864,0.10344827586206896,0.0
231,2,29.0,74.0,2.5517241379310347,0.09113300492610837,0.1111111111111111,0.037037037037037035,0.4166666666666667,0.3333333333333333,0.08333333333333333,0.3333333333333333,0.6896551724137931,0.0,0.1,0.65,0.3476663923647754,0.3158484451310262,0.1625,0.2970568188464766,0.0,0.15870949074074076,0.055480174883159955,0.625,3.0833333333333335,2.6361478263403284,2.698042435364951,1.2072702896515295,5.0,0.5416666666666666,0.8173548310201452,5.0,10.0,1.8901734104046244,0.8986853925986993,0.2413793103448276,0.0
232,2,30.0,79.0,2.6333333333333333,0.09080459770114943,0.10714285714285714,0.07142857142857142,0.56,0.36,0.12,0.24,0.7,0.0,0.14285714285714285,0.5238095238095238,0.38284946236559136,0.3577877209574013,0.17142857142857143,0.34441609860689126,0.0,0.18287037037037038,0.04511088709677418,0.5625,3.16,3.4481879299133333,2.7928703703703706,1.3154798393714995,5.133333333333333,0.44,0.8435573341249926,4.0,10.0,1.7094594594594594,0.8102521517192609,0.23333333333333334,0.0
233,2,30.0,78.0,2.6,0.0896551724137931,0.10714285714285714,0.03571428571428571,0.48,0.28,0.16,0.4,0.7,0.0,0.19047619047619047,0.5714285714285714,0.7337660094371418,0.22559510590592802,0.27155555555555555,0.38814850155482916,0.0,0.2951388888888889,0.09207111560498821,0.8125,3.12,2.9625439518539918,2.816707127295363,1.2416955095124478,5.0,0.48,0.8447163830723801,5.0,12.0,1.8238636363636365,0.8469770539218461,0.26666666666666666,0.0
234,2,30.0,56.0,1.8666666666666667,0.06436781609195402,0.10714285714285714,0.14285714285714285,0.48,0.32,0.16,0.36,0.7,0.0,0.19047619047619047,0.5238095238095238,0.6361190476190476,0.31342576968827296,0.248,0.3820122162095517,0.0,0.2826388888888889,0.05282738095238095,0.5,2.24,1.6901676445449623,2.8231457431457434,1.3052808067987571,5.333333333333334,0.6,0.611470647996165,5.0,7.0,1.916030534351145,0.9610744623271418,0.0,0.0
235,2,30.0,49.0,1.6333333333333333,0.05632183908045977,0.10714285714285714,0.32142857142857145,0.44,0.36,0.16,0.32,0.7,0.0,0.19047619047619047,0.5714285714285714,0.5091666666666667,0.3920727799973046,0.23266666666666666,0.3853353517824874,0.0,0.18055555555555555,0.06822916666666667,0.5625,1.96,1.8138357147217052,2.612896825396825,1.1698359353932852,5.0,0.28,0.620345907536016,5.0,6.0,1.7752808988764044,0.9857254941131618,0.0,0.0
236,2,29.0,51.0,1.7586206896551724,0.06280788177339902,0.1111111111111111,0.2222222222222222,0.4583333333333333,0.4166666666666667,0.25,0.3333333333333333,0.6896551724137931,0.0,0.3,0.55,0.504390166028097,0.39030533674719203,0.2767857142857143,0.4389592535354721,0.0,0.2592592592592593,0.06245210727969348,0.6,2.125,1.895360468182194,2.7292286257803497,1.3801073343426644,5.5,0.375,0.668662568581933,5.0,9.0,1.9646017699115044,1.0430826869345278,0.06896551724137931,0.0
237,2,30.0,90.0,3.0,0.10344827586206896,0.10714285714285714,0.07142857142857142,0.48,0.2,0.08,0.4,0.7,0.0,0.09523809523809523,0.5714285714285714,0.464818771214901,0.2644947535771672,0.19399999999999998,0.3025309901481169,0.0,0.2243867243867244,0.0928386320577346,0.8125,3.6,3.122498999199199,2.7236302878408134,1.0166373827738318,4.214285714285714,0.6,0.6780477267940147,3.0,10.0,1.5942857142857143,0.6260360870317381,0.2,0.0
238,2,30.0,79.0,2.6333333333333333,0.09080459770114943,0.10714285714285714,0.07142857142857142,0.44,0.36,0.12,0.36,0.7,0.0,0.14285714285714285,0.5714285714285714,0.4359691263782868,0.3142146154601189,0.22727272727272727,0.35632914867820586,0.0,0.21728395061728398,0.06764869592875318,0.625,3.16,2.748939189335891,2.665832668793195,1.1562803849118495,4.666666666666666,0.44,0.7393858278434717,4.0,10.0,1.7544910179640718,0.8100800634852003,0.2,0.0
239,2,29.0,69.0,2.3793103448275863,0.08497536945812807,0.1111111111111111,0.07407407407407407,0.4166666666666667,0.3333333333333333,0.125,0.3333333333333333,0.6896551724137931,0.0,0.15,0.6,0.38323361823361823,0.32920439730818857,0.19999999999999998,0.34766300524702265,0.0,0.2375,0.011089743589743592,0.3125,2.875,2.4013130466113926,2.5647982285913327,1.003935886530962,4.0,0.375,0.6945331397839207,3.0,9.0,1.6666666666666667,0.6793662204867574,0.1724137931034483,0.0
24,2,30.0,62.0,2.066666666666667,0.07126436781609195,0.10714285714285714,0.17857142857142858,0.4,0.44,0.2,0.4,0.7,0.0,0.23809523809523808,0.5714285714285714,0.5493181818181817,0.3789563506345001,0.2733333333333333,0.40219306217196144,0.0,0.32407407407407407,0.03965435606060606,0.5,2.48,2.0840665376454113,2.458968253968254,1.0055645929776458,4.466666666666667,0.4,0.5713821852657854,3.0,7.0,1.5688073394495412,0.6578158652223479,0.1,0.0
240,2,29.0,58.0,2.0,0.07142857142857142,0.1111111111111111,0.1111111111111111,0.4166666666666667,0.375,0.20833333333333334,0.4583333333333333,0.6896551724137931,0.0,0.25,0.6,0.6599537037037037,0.2859849361419675,0.30416666666666664,0.4078117046792919,0.0,0.3796296296296296,0.18333333333333326,0.8,2.4166666666666665,2.0834057958412533,2.831663929939792,1.3916831317734148,6.0,0.375,0.7669450000508075,6.0,10.0,2.181159420289855,1.2453446581028702,0.1724137931034483,0.0
241,2,29.0,69.0,2.3793103448275863,0.08497536945812807,0.1111111111111111,0.037037037037037035,0.4583333333333333,0.375,0.20833333333333334,0.4166666666666667,0.6896551724137931,0.0,0.25,0.55,0.5894097222222222,0.3403218674930703,0.2791666666666667,0.4061796204365391,0.0,0.25520833333333337,0.020507812499999997,0.375,2.875,2.5248762345905194,2.7738368910782705,1.310188975619774,5.214285714285714,0.4166666666666667,0.8346869368995252,4.0,9.0,1.8503401360544218,0.9017011433996303,0.1724137931034483,0.0
242,2,30.0,87.0,2.9,0.1,0.10714285714285714,0.17857142857142858,0.52,0.24,0.16,0.32,0.7,0.0,0.19047619047619047,0.47619047619047616,0.4442071197411004,0.3585294828772807,0.21333333333333332,0.3735155805169162,0.0,0.1666666666666667,0.046453613807982734,0.625,3.48,3.831013790978396,2.7497393578643576,1.115618682986363,4.333333333333334,0.48,0.7372757678443256,4.0,11.0,1.6303030303030304,0.7090378436376111,0.23333333333333334,0.0
243,2,29.0,76.0,2.6206896551724137,0.09359605911330049,0.1111111111111111,0.037037037037037035,0.4583333333333333,0.25,0.08333333333333333,0.3333333333333333,0.6896551724137931,0.0,0.1,0.65,0.5508001631601277,0.3514366325663413,0.1715277777777778,0.30745484593129196,0.0,0.26159591194968557,0.03722920959249084,0.5625,3.1666666666666665,2.513730411104211,2.691053596504915,1.0886749212456712,4.714285714285714,0.4583333333333333,0.7160947624950492,4.0,9.0,1.70625,0.7405324873223822,0.27586206896551724,0.0
244,2,29.0,52.0,1.793103448275862,0.06403940886699508,0.1111111111111111,0.18518518518518517,0.4583333333333333,0.2916666666666667,0.16666666666666666,0.4166666666666667,0.6896551724137931,0.0,0.2,0.45,0.6632986111111111,0.26967250996502656,0.2847222222222222,0.38847890742444124,0.0,0.1458333333333334,0.13273437500000002,0.75,2.1666666666666665,1.5227739752537621,2.753858784893268,1.2247360130515856,5.333333333333334,0.5,0.6206447802287177,5.0,8.0,1.9268292682926829,0.9510195711498874,0.0,0.0
245,2,30.0,68.0,2.2666666666666666,0.07816091954022988,0.10714285714285714,0.03571428571428571,0.48,0.28,0.16,0.4,0.7,0.0,0.19047619047619047,0.5714285714285714,0.5397575757575758,0.3527040044913095,0.24327272727272728,0.3729676793063476,0.0,0.3277777777777778,0.10003787878787879,0.625,2.72,3.1026870075253594,2.681798941798942,1.0870044606852762,4.5,0.48,0.6430643628661223,4.0,8.0,1.708955223880597,0.7835203656533494,0.06666666666666667,0.0
246,2,30.0,89.0,2.966666666666667,0.10229885057471265,0.10714285714285714,0.03571428571428571,0.48,0.32,0.12,0.36,0.7,0.0,0.14285714285714285,0.5714285714285714,0.5417266187050359,0.2916409571976401,0.21993939393939393,0.35300312029566494,0.0,0.19169719169719177,0.11353417266187048,0.8125,3.56,3.1501322723551355,2.6930431877490704,1.102535558293422,4.333333333333334,0.52,0.6984277041436631,3.0,11.0,1.653179190751445,0.6954618318530913,0.26666666666666666,0.0
247,2,30.0,72.0,2.4,0.08275862068965517,0.10714285714285714,0.17857142857142858,0.4,0.32,0.08,0.36,0.7,0.0,0.09523809523809523,0.6190476190476191,0.38599002463054183,0.3036370906046389,0.18933333333333333,0.3061816817221798,0.0,0.2053571428571429,0.1003668283045977,0.6875,2.88,1.7869900204906946,2.7004166666666665,1.2034176417993336,4.8125,0.56,0.643044546658927,4.0,8.0,1.726027397260274,0.7836303486862569,0.2,0.0
248,2,29.0,87.0,3.0,0.10714285714285714,0.1111111111111111,0.07407407407407407,0.4583333333333333,0.2916666666666667,0.125,0.375,0.6896551724137931,0.0,0.15,0.55,0.4602385194783066,0.34239488949125485,0.21944444444444444,0.35561971039567,0.0,0.35988136574074076,0.04335020511426871,0.625,3.625,2.699637656845983,2.671622959528639,1.1135011613942574,4.571428571428571,0.5833333333333334,0.7611201189876208,3.0,10.0,1.6534090909090908,0.6755228854977221,0.2413793103448276,0.0
249,2,29.0,67.0,2.310344827586207,0.08251231527093596,0.1111111111111111,0.037037037037037035,0.4583333333333333,0.375,0.16666666666666666,0.4166666666666667,0.7241379310344828,0.0,0.19047619047619047,0.5238095238095238,0.6549196105072463,0.2949967896875875,0.2881944444444444,0.3908518866047341,0.0,0.24074074074074078,0.2449615036231884,0.8,2.7916666666666665,2.82810685897777,2.593595522500188,1.0575054164222648,4.074074074074074,0.4166666666666667,0.6391107066017709,4.0,8.0,1.5593220338983051,0.6861558079938486,0.06896551724137931,0.0
25,2,30.0,61.0,2.033333333333333,0.07011494252873564,0.10714285714285714,0.2857142857142857,0.4,0.28,0.12,0.48,0.7,0.0,0.14285714285714285,0.5714285714285714,0.5805555555555556,0.2777777777777778,0.2523809523809524,0.34005065537906837,0.0,0.2486772486772487,0.07725694444444443,0.75,2.44,1.709775813764288,2.7050168350168344,1.2418363781373485,6.0,0.44,0.5561813914135952,5.0,7.0,1.8412698412698412,1.023036252829378,0.06666666666666667,0.0
250,2,29.0,64.0,2.206896551724138,0.07881773399014778,0.1111111111111111,0.14814814814814814,0.5,0.3333333333333333,0.16666666666666666,0.3333333333333333,0.6896551724137931,0.0,0.2,0.65,0.4967856562703053,0.3399486684424144,0.23611111111111108,0.38906138341450985,0.0,0.369212962962963,0.03471080043859649,0.625,2.6666666666666665,1.8336626845141697,3.001018223381307,1.5725450240263594,6.333333333333333,0.5,0.638578025738126,6.0,10.0,2.049645390070922,1.1669633433755184,0.10344827586206896,0.0
251,2,30.0,80.0,2.6666666666666665,0.09195402298850575,0.10714285714285714,0.17857142857142858,0.44,0.36,0.24,0.4,0.7,0.0,0.2857142857142857,0.5714285714285714,0.6576262626262626,0.3539242369609869,0.3293333333333333,0.4371964555445764,0.0,0.35185185185185186,0.1143515230429293,0.75,3.2,3.1490739379485304,2.595648687200411,1.0885099175691835,4.214285714285714,0.48,0.6834285197134568,4.0,9.0,1.5684931506849316,0.6634032865779446,0.16666666666666666,0.0
252,2,29.0,66.0,2.2758620689655173,0.0812807881773399,0.1111111111111111,0.07407407407407407,0.4583333333333333,0.2916666666666667,0.08333333333333333,0.3333333333333333,0.6896551724137931,0.0,0.1,0.55,0.3284935897435897,0.2763915186892503,0.16840277777777776,0.30358147167381494,0.0,0.1875,0.06177884615384615,0.5,2.75,2.345207879911715,2.7273595128404566,1.1424256978616412,4.571428571428571,0.4166666666666667,0.6910655137943903,4.0,8.0,1.75,0.7598276972422122,0.20689655172413793,0.0
253,2,29.0,80.0,2.7586206896551726,0.09852216748768473,0.1111111111111111,0.037037037037037035,0.5416666666666666,0.3333333333333333,0.08333333333333333,0.2916666666666667,0.6896551724137931,0.0,0.1,0.6,0.335325081803955,0.32500567542806946,0.16111111111111112,0.31183060350421593,0.0,0.1324823943661972,0.03328598484848485,0.5,3.3333333333333335,3.1438921691137076,2.7565989265786426,1.2433507108340023,4.8,0.4583333333333333,0.7266371950260289,5.0,9.0,1.7142857142857142,0.8999257706056679,0.06896551724137931,0.0
254,2,29.0,86.0,2.9655172413793105,0.10591133004926108,0.1111111111111111,0.14814814814814814,0.4583333333333333,0.375,0.125,0.4166666666666667,0.6896551724137931,0.0,0.15,0.65,0.503214860183123,0.2932707101931458,0.25069444444444444,0.3580502476904262,0.0,0.23958333333333337,0.10102345489977728,0.8125,3.5833333333333335,3.5252710862973435,2.4970238095238098,0.9666188338505766,3.8857142857142857,0.5416666666666666,0.5646232998710692,3.0,10.0,1.506578947368421,0.5753974788150356,0.13793103448275862,0.0
255,2,30.0,66.0,2.2,0.07586206896551724,0.10714285714285714,0.03571428571428571,0.44,0.32,0.16,0.4,0.7,0.0,0.19047619047619047,0.5714285714285714,0.5489523809523809,0.3321670502271757,0.23800000000000002,0.37532455091363065,0.0,0.2795414462081129,0.07673611111111112,0.4375,2.64,2.0591260281974,2.7169463706228414,1.1902088448691572,5.0,0.48,0.7616747533539714,5.0,9.0,1.912162162162162,0.9961084418607813,0.13333333333333333,0.0
256,2,28.0,84.0,3.0,0.1111111111111111,0.11538461538461539,0.038461538461538464,0.5217391304347826,0.30434782608695654,0.08695652173913043,0.30434782608695654,0.6785714285714286,0.0,0.10526315789473684,0.5789473684210527,0.3318058194553109,0.28802553698434796,0.16183574879227053,0.31097717331460895,0.0,0.14285714285714282,0.05497536418166238,0.6875,3.652173913043478,3.2278432942160946,2.728846153846154,1.203266099925386,4.5,0.4782608695652174,0.7041055957529041,3.0,11.0,1.6857142857142857,0.7018624063435964,0.35714285714285715,0.0
257,2,29.0,98.0,3.3793103448275863,0.1206896551724138,0.1111111111111111,0.037037037037037035,0.4583333333333333,0.20833333333333334,0.041666666666666664,0.375,0.6896551724137931,0.0,0.05,0.6,0.36701450892857146,0.23734039148267838,0.15833333333333335,0.2565094568418002,0.0,0.162109375,0.06349051339285713,0.8125,4.083333333333333,3.525271086297345,2.801045394858783,1.178563849097474,4.833333333333334,0.7083333333333334,0.7477191374374426,4.0,11.0,1.6174863387978142,0.7079767011898985,0.20689655172413793,0.0
258,2,29.0,84.0,2.896551724137931,0.10344827586206896,0.1111111111111111,0.1111111111111111,0.5833333333333334,0.3333333333333333,0.16666666666666666,0.3333333333333333,0.6896551724137931,0.0,0.2,0.5,0.6251320722563054,0.28516386389550746,0.2340277777777778,0.3891176432104421,0.0,0.20833333333333331,0.13357937116564417,0.8125,3.5,3.683098884269108,2.853162144417987,1.3064257841690978,4.666666666666666,0.5833333333333334,0.8540247589809983,4.0,12.0,1.7305389221556886,0.7948412416197049,0.2413793103448276,0.0
259,2,29.0,53.0,1.8275862068965518,0.06527093596059114,0.1111111111111111,0.2222222222222222,0.5,0.4166666666666667,0.16666666666666666,0.2916666666666667,0.6896551724137931,0.0,0.2,0.5,0.45202270723104054,0.39450104193476365,0.21180555555555555,0.38146929162238685,0.0,0.21875,0.011574074074074073,0.125,2.2083333333333335,2.0637485241701548,2.6365858279651384,1.2451441553645946,5.0,0.25,0.6992192610570958,4.0,8.0,1.7787610619469028,0.8528786682500655,0.06896551724137931,0.0
26,2,28.0,76.0,2.7142857142857144,0.10052910052910052,0.11538461538461539,0.038461538461538464,0.5217391304347826,0.30434782608695654,0.13043478260869565,0.34782608695652173,0.6785714285714286,0.0,0.15789473684210525,0.5263157894736842,0.518365307753797,0.296453497471114,0.21894409937888198,0.3597441186329336,0.0,0.19140625000000006,0.08015260518857642,0.8666666666666667,3.3043478260869565,2.867288592645984,2.6890594785331627,1.1601156233470862,4.666666666666666,0.5217391304347826,0.5965030074006714,4.0,8.0,1.6285714285714286,0.7427622676389535,0.10714285714285714,0.0
260,2,27.0,66.0,2.4444444444444446,0.09401709401709402,0.12,0.04,0.45454545454545453,0.2727272727272727,0.09090909090909091,0.36363636363636365,0.6666666666666666,0.0,0.1111111111111111,0.6666666666666666,0.5890299479166665,0.36407249110052037,0.178030303030303,0.3056949046015892,0.0,0.19345238095238096,0.058074951171875,0.5,3.0,2.8284271247461903,2.738371813371813,1.2571224165346222,5.0,0.5,0.7599359497427393,4.0,7.0,1.592920353982301,0.7274854949657675,0.1111111111111111,0.0
261,2,30.0,66.0,2.2,0.07586206896551724,0.10714285714285714,0.14285714285714285,0.4,0.32,0.16,0.44,0.7,0.0,0.19047619047619047,0.6190476190476191,0.686604938271605,0.2680704179041708,0.2633333333333333,0.3747530050777643,0.0,0.16666666666666666,0.14248167438271603,0.875,2.64,2.0591260281973995,2.7513809523809525,1.206820946639407,4.666666666666666,0.56,0.7122220267907541,4.0,9.0,1.823943661971831,0.8612978477966369,0.06666666666666667,0.0
262,2,30.0,77.0,2.566666666666667,0.08850574712643679,0.10714285714285714,0.14285714285714285,0.44,0.24,0.08,0.4,0.7,0.0,0.09523809523809523,0.5714285714285714,0.43647845496160104,0.30333679513880735,0.21,0.3165204340720914,0.0,0.3229517396184063,0.058423064918851436,0.5625,3.08,2.196967607104544,2.7311474417395467,1.0962467182485833,4.428571428571429,0.56,0.6735870168083645,4.0,10.0,1.7222222222222223,0.7821772447700232,0.16666666666666666,0.0
263,2,29.0,92.0,3.1724137931034484,0.11330049261083744,0.1111111111111111,0.037037037037037035,0.4166666666666667,0.2916666666666667,0.08333333333333333,0.4583333333333333,0.6896551724137931,0.0,0.1,0.65,0.5406482832916318,0.25175653997241926,0.22632575757575754,0.3149708780038209,0.0,0.22777777777777775,0.09411806134741914,0.8,3.8333333333333335,3.0168608312884304,2.6454186533547586,1.0803379973977862,4.583333333333334,0.5833333333333334,0.6796179138127864,3.0,10.0,1.608433734939759,0.6943416012444401,0.1724137931034483,0.0
264,2,29.0,80.0,2.7586206896551726,0.09852216748768473,0.1111111111111111,0.037037037037037035,0.4583333333333333,0.25,0.125,0.3333333333333333,0.6896551724137931,0.0,0.15,0.65,0.45999447208402433,0.36396513661236307,0.19444444444444445,0.3410224278493957,0.0,0.29375000000000007,0.040665422885572136,0.5625,3.3333333333333335,2.681120250399345,2.6646439767129424,1.0725646611240478,4.25,0.375,0.714966460837473,3.0,10.0,1.5789473684210527,0.6461943179488043,0.27586206896551724,0.0
265,2,30.0,83.0,2.7666666666666666,0.09540229885057472,0.10714285714285714,0.03571428571428571,0.48,0.36,0.16,0.36,0.7,0.0,0.19047619047619047,0.5238095238095238,0.5322086512954489,0.3641031108587341,0.2194949494949495,0.37089985491680694,0.0,0.2604313173933427,0.05788515279666779,0.5625,3.32,3.738538038681252,2.605034052367386,1.1001290007066271,4.428571428571429,0.36,0.7037587580111221,4.0,9.0,1.598639455782313,0.718253818089192,0.23333333333333334,0.0
266,2,29.0,60.0,2.0689655172413794,0.07389162561576355,0.1111111111111111,0.18518518518518517,0.5416666666666666,0.25,0.125,0.375,0.6896551724137931,0.0,0.15,0.55,0.5370486111111111,0.2622368042865267,0.2236111111111111,0.35310618439177266,0.0,0.3229166666666667,0.0894140625,0.8125,2.5,1.5036188231122245,2.927784619594964,1.3333297021764547,5.333333333333334,0.5,0.6684545252433558,5.0,8.0,1.8904109589041096,0.8953773057226837,0.06896551724137931,0.0
267,2,30.0,74.0,2.466666666666667,0.08505747126436781,0.10714285714285714,0.14285714285714285,0.44,0.4,0.16,0.4,0.7,0.0,0.19047619047619047,0.5238095238095238,0.466608470146206,0.36260062327064196,0.26666666666666666,0.38414768572053704,0.0,0.1939484126984127,0.07793917953116065,0.625,2.96,3.0886890422961004,2.5839682539682536,1.1140169095541554,4.45,0.52,0.7314405430779085,4.0,10.0,1.7516339869281046,0.8133834933525158,0.23333333333333334,0.0
268,2,30.0,82.0,2.7333333333333334,0.09425287356321839,0.10714285714285714,0.10714285714285714,0.48,0.24,0.12,0.44,0.7,0.0,0.14285714285714285,0.5714285714285714,0.6196044817927171,0.26048943618485765,0.24,0.3412599204907212,0.0,0.2268518518518519,0.17033088235294114,0.875,3.28,3.2598568475727068,2.8373015873015874,1.2355850094735825,5.833333333333334,0.6,0.8994927905491236,5.0,10.0,1.7976878612716762,0.8757690147060677,0.26666666666666666,0.0
269,2,30.0,45.0,1.5,0.05172413793103448,0.10714285714285714,0.35714285714285715,0.44,0.24,0.12,0.4,0.7,0.0,0.14285714285714285,0.5714285714285714,0.6639682539682538,0.3262762345588891,0.23666666666666664,0.35000000000000003,0.0,0.24735449735449735,0.12152777777777778,0.625,1.8,1.0,2.8044444444444445,1.182373200684133,5.0,0.4,0.5973195833253904,4.0,7.0,1.936936936936937,0.9271587025009577,0.06666666666666667,0.0
27,2,29.0,83.0,2.8620689655172415,0.1022167487684729,0.1111111111111111,0.037037037037037035,0.4166666666666667,0.3333333333333333,0.08333333333333333,0.4166666666666667,0.6896551724137931,0.0,0.1,0.55,0.4201291079812206,0.2691087270290425,0.19583333333333333,0.3045647087824668,0.0,0.12213541666666672,0.0761321400625978,0.6875,3.4583333333333335,3.0500059396473405,2.638266283524904,1.1018330586751197,4.375,0.5833333333333334,0.7238183194468862,4.0,10.0,1.748502994011976,0.8266536029122776,0.2413793103448276,0.0
270,2,30.0,72.0,2.4,0.08275862068965517,0.10714285714285714,0.10714285714285714,0.4,0.4,0.2,0.4,0.7,0.0,0.23809523809523808,0.5714285714285714,0.4807999999999999,0.3605041223373489,0.268987012987013,0.4033513607685968,0.0,0.2840277777777778,0.036250000000000004,0.4375,2.88,2.8913664589601926,2.4501007326007325,0.9436741089213379,4.095238095238095,0.4,0.552880412365173,3.0,7.0,1.5691056910569106,0.6904655214265385,0.0,0.0
271,2,30.0,69.0,2.3,0.07931034482758621,0.10714285714285714,0.10714285714285714,0.52,0.28,0.12,0.24,0.7,0.0,0.14285714285714285,0.5714285714285714,0.4073760262725779,0.31686436990301736,0.16666666666666663,0.34610932762158647,0.0,0.1845238095238095,0.06548132183908047,0.75,2.76,2.50466231922256,2.855603448275862,1.3686408440414772,5.5,0.48,0.734955719624795,4.0,9.0,1.8169014084507042,0.8721028496007168,0.13333333333333333,0.0
272,2,30.0,77.0,2.566666666666667,0.08850574712643679,0.10714285714285714,0.07142857142857142,0.4,0.2,0.08,0.48,0.7,0.0,0.09523809523809523,0.6190476190476191,0.609551723835578,0.16919854132915024,0.2446666666666667,0.32241565075512674,0.0,0.28008479860331714,0.08336046006944445,0.75,3.08,1.9347695814575268,2.8856349206349208,1.2240122076177107,5.0,0.6,0.7842607320133161,6.0,11.0,1.9943181818181819,1.1338791021011978,0.16666666666666666,0.0
273,2,30.0,56.0,1.8666666666666667,0.06436781609195402,0.10714285714285714,0.21428571428571427,0.56,0.36,0.16,0.28,0.7,0.0,0.19047619047619047,0.5714285714285714,0.44047023809523805,0.35380382135958494,0.198,0.3748555277259049,0.0,0.3472222222222222,0.02400483630952381,0.625,2.24,1.6401219466856725,2.8699735449735453,1.3476688546979523,5.0,0.32,0.9167567264314153,5.0,9.0,2.1315789473684212,1.040149062969455,0.16666666666666666,0.0
274,2,30.0,85.0,2.8333333333333335,0.09770114942528736,0.10714285714285714,0.07142857142857142,0.4,0.28,0.12,0.52,0.7,0.0,0.14285714285714285,0.6190476190476191,0.683240185102254,0.26710717681794066,0.2712727272727273,0.34301913775240234,0.0,0.2882154882154882,0.13385160098522167,0.875,3.4,2.5,2.705540385540386,1.081679442017848,4.428571428571429,0.52,0.764295079422809,4.0,11.0,1.76,0.8370720728661386,0.13333333333333333,0.0
275,2,27.0,56.0,2.074074074074074,0.07977207977207977,0.12,0.12,0.5,0.3181818181818182,0.09090909090909091,0.45454545454545453,0.6666666666666666,0.0,0.1111111111111111,0.5,0.4518928318270424,0.3259219364214623,0.23863636363636365,0.3266142800412865,0.0,0.3472222222222222,0.04843304843304842,0.3076923076923077,2.5454545454545454,2.3037706716075945,2.5631981187536743,1.0396021030724052,4.166666666666666,0.22727272727272727,0.6498452043723401,3.0,7.0,1.5416666666666667,0.6635893889996904,0.1111111111111111,0.0
276,2,29.0,65.0,2.2413793103448274,0.08004926108374384,0.1111111111111111,0.1111111111111111,0.5,0.20833333333333334,0.08333333333333333,0.2916666666666667,0.6896551724137931,0.0,0.1,0.6,0.5229847494553377,0.3379073271862885,0.16111111111111112,0.311830603504216,0.0,0.14583333333333334,0.0171875,0.1875,2.7083333333333335,2.274225461398971,2.9523157538877625,1.3928720305742044,5.6,0.5416666666666666,0.6522022089363535,4.0,9.0,1.7956204379562044,0.8756399855449163,0.06896551724137931,0.0
277,2,29.0,78.0,2.689655172413793,0.0960591133004926,0.1111111111111111,0.037037037037037035,0.4583333333333333,0.25,0.08333333333333333,0.3333333333333333,0.6896551724137931,0.0,0.1,0.65,0.3837794174382716,0.2705569866155441,0.1638888888888889,0.2979262734507286,0.0,0.22916666666666669,0.07498914930555556,0.6875,3.25,2.9818290272626444,2.702325500170328,1.0824942145284313,4.230769230769231,0.5833333333333334,0.6671894913870446,4.0,11.0,1.690909090909091,0.7209257413991912,0.13793103448275862,0.0
278,2,29.0,62.0,2.1379310344827585,0.07635467980295567,0.1111111111111111,0.18518518518518517,0.4583333333333333,0.2916666666666667,0.08333333333333333,0.4166666666666667,0.6896551724137931,0.0,0.1,0.65,0.5429976851851852,0.28226114063182717,0.21412037037037035,0.31732484852570086,0.0,0.25,0.11840277777777779,0.8125,2.5833333333333335,2.0412414523193148,2.7181034482758624,1.1619026536588373,5.333333333333334,0.5833333333333334,0.6848402409976543,5.0,7.0,1.8425196850393701,0.9463815537320793,0.06896551724137931,0.0
279,2,29.0,79.0,2.7241379310344827,0.09729064039408868,0.1111111111111111,0.07407407407407407,0.4583333333333333,0.3333333333333333,0.125,0.3333333333333333,0.6896551724137931,0.0,0.15,0.6,0.4526937801653317,0.274496454625566,0.20486111111111108,0.34750592274752024,0.0,0.21875,0.04922163817005545,0.4375,3.2916666666666665,2.710353204428092,2.5846307906652735,1.0310698207572921,4.166666666666666,0.5833333333333334,0.6226144026874676,3.0,11.0,1.5947712418300655,0.6328497420475353,0.20689655172413793,0.0
28,2,27.0,60.0,2.2222222222222223,0.08547008547008547,0.12,0.12,0.45454545454545453,0.3181818181818182,0.09090909090909091,0.36363636363636365,0.6666666666666666,0.0,0.1111111111111111,0.6111111111111112,0.3887294278996865,0.3331122818635106,0.18863636363636366,0.3135555765204943,0.0,0.13392857142857142,0.12786233836206895,0.625,2.727272727272727,2.1642510676866222,2.5108986692320028,0.9824224361769631,4.0,0.5,0.576664817139864,3.0,6.0,1.4851485148514851,0.5764349293049235,0.07407407407407407,0.0
280,2,29.0,81.0,2.793103448275862,0.09975369458128079,0.1111111111111111,0.037037037037037035,0.4583333333333333,0.2916666666666667,0.08333333333333333,0.4583333333333333,0.6896551724137931,0.0,0.1,0.6,0.4721379204358877,0.26228742108024933,0.22579365079365077,0.30991985067972805,0.0,0.28125,0.10161124949677938,0.8125,3.375,2.683484107745328,2.6664537767688774,1.0841754845199996,4.333333333333334,0.6666666666666666,0.7281301805207087,4.0,10.0,1.6708860759493671,0.7353064959522657,0.20689655172413793,0.0
281,2,28.0,78.0,2.7857142857142856,0.10317460317460317,0.11538461538461539,0.07692307692307693,0.5217391304347826,0.21739130434782608,0.08695652173913043,0.43478260869565216,0.6785714285714286,0.0,0.10526315789473684,0.5789473684210527,0.4966576482501107,0.2872249995064621,0.22101449275362317,0.3144346133030508,0.0,0.28125,0.041969917515769034,0.4666666666666667,3.391304347826087,3.172884125821384,2.6924319727891155,1.0794994962932825,4.1,0.43478260869565216,0.6946301995805231,3.0,10.0,1.5214285714285714,0.605346171762083,0.21428571428571427,0.0
282,2,29.0,65.0,2.2413793103448274,0.08004926108374384,0.1111111111111111,0.18518518518518517,0.375,0.4583333333333333,0.20833333333333334,0.4166666666666667,0.6896551724137931,0.0,0.25,0.55,0.5261856899192426,0.3673724412465806,0.28055555555555556,0.40657835423451294,0.0,0.23218201754385964,0.18962673611111114,0.6875,2.7083333333333335,2.0319013727063124,2.455801860974275,1.0081690681638777,4.166666666666666,0.4166666666666667,0.6052807591481537,4.0,8.0,1.64,0.722897396012249,0.06896551724137931,0.0
283,2,29.0,65.0,2.2413793103448274,0.08004926108374384,0.1111111111111111,0.07407407407407407,0.4583333333333333,0.375,0.20833333333333334,0.4583333333333333,0.6896551724137931,0.0,0.25,0.6,0.6484678819444445,0.3653808545270128,0.30486111111111114,0.40947353871159,0.0,0.4208333333333334,0.090185546875,0.625,2.7083333333333335,2.330873444546647,2.636822660098522,1.148959213962565,4.833333333333334,0.4166666666666667,0.7065499368159858,4.0,8.0,1.7063492063492063,0.800674318983296,0.10344827586206896,0.0
284,2,28.0,58.0,2.0714285714285716,0.07671957671957672,0.11538461538461539,0.15384615384615385,0.43478260869565216,0.30434782608695654,0.08695652173913043,0.34782608695652173,0.6785714285714286,0.0,0.10526315789473684,0.6842105263157895,0.43290200138026214,0.2848621680959848,0.18333333333333335,0.3116832761738503,0.0,0.23350694444444448,0.05365079365079364,0.6,2.5217391304347827,1.9509802947933477,2.5751515349729632,1.0139874660182526,4.333333333333334,0.5652173913043478,0.5749934674931851,4.0,7.0,1.638655462184874,0.6855789640011779,0.0,0.0
285,2,30.0,78.0,2.6,0.0896551724137931,0.10714285714285714,0.10714285714285714,0.36,0.28,0.12,0.56,0.7,0.0,0.14285714285714285,0.5714285714285714,0.6603250319284802,0.2606971241013211,0.31355555555555553,0.35023537059356924,0.0,0.3645833333333333,0.12018204222541506,0.75,3.12,2.127596452964393,2.6630492898913958,1.078110112532667,4.333333333333334,0.56,0.69909478466608,4.0,9.0,1.7243589743589745,0.7997880198888023,0.23333333333333334,0.0
286,2,29.0,87.0,3.0,0.10714285714285714,0.1111111111111111,0.037037037037037035,0.4166666666666667,0.2916666666666667,0.125,0.4166666666666667,0.6896551724137931,0.0,0.15,0.6,0.6098305516197674,0.3553820594441324,0.22847222222222222,0.34930846681972727,0.0,0.13825757575757575,0.18478323487514664,0.875,3.625,2.886437551572948,2.6738154326516397,1.0802753131303657,4.272727272727273,0.5416666666666666,0.7271308841927469,4.0,11.0,1.7458563535911602,0.7757053860311534,0.2413793103448276,0.0
287,2,30.0,66.0,2.2,0.07586206896551724,0.10714285714285714,0.07142857142857142,0.48,0.24,0.16,0.4,0.7,0.0,0.19047619047619047,0.5238095238095238,0.6019576719576719,0.24010211909683626,0.26666666666666666,0.38714888513239876,0.0,0.2116402116402117,0.17853009259259262,0.9375,2.64,1.8903262505010432,3.0443040293040293,1.5683782783693492,6.833333333333333,0.6,0.7728507941999387,6.0,9.0,2.0217391304347827,1.168112778928922,0.06666666666666667,0.0
288,2,29.0,56.0,1.9310344827586208,0.06896551724137931,0.1111111111111111,0.2962962962962963,0.5416666666666666,0.2916666666666667,0.08333333333333333,0.3333333333333333,0.6896551724137931,0.0,0.1,0.5,0.4129968869731801,0.292437552550528,0.1909722222222222,0.31611237402428927,0.0,0.25,0.04401041666666667,0.4375,2.3333333333333335,1.7856107630448044,2.611036090346435,1.0747955201187118,4.363636363636363,0.4166666666666667,0.611006937682828,4.0,8.0,1.6694915254237288,0.704746844840176,0.06896551724137931,0.0
289,2,30.0,79.0,2.6333333333333333,0.09080459770114943,0.10714285714285714,0.10714285714285714,0.44,0.36,0.12,0.4,0.7,0.0,0.14285714285714285,0.5714285714285714,0.5143326129463826,0.34635496438434193,0.2356060606060606,0.3601108825342834,0.0,0.20893889670260984,0.10730860433604335,0.6875,3.16,2.6407069760451143,2.574184704184704,1.0662658087804726,4.428571428571429,0.4,0.640651874386572,4.0,9.0,1.6601307189542485,0.7448366007034737,0.2,0.0
29,2,30.0,58.0,1.9333333333333333,0.06666666666666667,0.10714285714285714,0.21428571428571427,0.48,0.28,0.16,0.4,0.7,0.0,0.19047619047619047,0.5714285714285714,0.49774454828660436,0.3346143017713208,0.24333333333333332,0.37183852528871847,0.0,0.3055555555555556,0.02542834890965732,0.4375,2.32,1.3140268896284681,2.7450865800865802,1.1835324604578603,4.857142857142858,0.48,0.6104126268697255,5.0,10.0,1.9071428571428573,0.9283421331253165,0.2,0.0
290,2,29.0,70.0,2.413793103448276,0.08620689655172414,0.1111111111111111,0.037037037037037035,0.4583333333333333,0.25,0.041666666666666664,0.375,0.6896551724137931,0.0,0.05,0.55,0.47427208835341367,0.22668242156534354,0.1763888888888889,0.27142123111888905,0.0,0.16782407407407413,0.07959964859437751,0.5625,2.9166666666666665,3.049114863247261,2.7780016917947954,1.2229229542102111,5.0,0.4583333333333333,0.6845445349405466,4.0,9.0,1.7246376811594204,0.8174030083048535,0.06896551724137931,0.0
291,2,29.0,56.0,1.9310344827586208,0.06896551724137931,0.1111111111111111,0.1111111111111111,0.5,0.375,0.16666666666666666,0.25,0.6896551724137931,0.0,0.2,0.6,0.5104097152708263,0.3794347480507071,0.20138888888888892,0.3837872758545943,0.0,0.18229166666666669,0.0,0.0,2.3333333333333335,2.3713262967793147,2.8013061650992683,1.357101690146681,5.5,0.5,0.8920995811240837,5.0,9.0,1.860655737704918,0.9475115191126197,0.20689655172413793,0.0
292,2,28.0,65.0,2.3214285714285716,0.08597883597883597,0.11538461538461539,0.19230769230769232,0.5217391304347826,0.34782608695652173,0.17391304347826086,0.2608695652173913,0.6785714285714286,0.0,0.21052631578947367,0.5263157894736842,0.608755725764061,0.3441721692610235,0.22028985507246376,0.39819531404164654,0.0,0.21428571428571427,0.08300410189982728,0.75,2.8260869565217392,3.0991519941758185,2.65380291005291,1.1347567521084332,4.5,0.43478260869565216,0.6870624614932721,4.0,11.0,1.7619047619047619,0.7340386811252715,0.17857142857142858,0.0
293,2,30.0,88.0,2.933333333333333,0.10114942528735632,0.10714285714285714,0.10714285714285714,0.44,0.36,0.2,0.48,0.7,0.0,0.23809523809523808,0.5714285714285714,0.670609465274842,0.2868601064923921,0.3133333333333333,0.39695017879381855,0.0,0.275462962962963,0.0833806725797535,0.625,3.52,2.7556003580587176,2.584683649683649,1.026989764652816,4.045454545454545,0.6,0.6702971208771946,3.0,10.0,1.5426829268292683,0.5686126670287003,0.23333333333333334,0.0
294,2,29.0,70.0,2.413793103448276,0.08620689655172414,0.1111111111111111,0.07407407407407407,0.4166666666666667,0.3333333333333333,0.125,0.4166666666666667,0.7241379310344828,0.0,0.14285714285714285,0.5714285714285714,0.5807915209398261,0.30382952068318775,0.2604166666666667,0.36722002053028213,0.0,0.22646604938271608,0.05875706214689266,0.5333333333333333,2.9166666666666665,2.7491764247666537,2.6174055829228244,1.0589716331250976,4.333333333333334,0.5416666666666666,0.7769478929963864,3.0,8.0,1.6277372262773722,0.6752700905179587,0.2413793103448276,0.0
295,2,29.0,89.0,3.0689655172413794,0.10960591133004927,0.1111111111111111,0.037037037037037035,0.4166666666666667,0.3333333333333333,0.125,0.4583333333333333,0.6896551724137931,0.0,0.15,0.6,0.6044893029496193,0.32327630226878445,0.2689814814814815,0.3544514736883695,0.0,0.27403846153846156,0.17260714312541311,0.8125,3.7083333333333335,3.3032153856595503,2.585794045936034,1.064413824258415,4.181818181818182,0.4583333333333333,0.7227961144344023,3.0,10.0,1.5759493670886076,0.6609615057396767,0.3103448275862069,0.0
296,2,30.0,55.0,1.8333333333333333,0.06321839080459771,0.10714285714285714,0.07142857142857142,0.48,0.4,0.16,0.32,0.7,0.0,0.19047619047619047,0.5238095238095238,0.3911904761904762,0.4325115210133025,0.21888888888888886,0.38022085849485937,0.0,0.2830687830687831,0.0,0.0,2.2,2.0816659994661326,2.5350499174028585,1.0739149604509977,4.5,0.32,0.5535985517451995,4.0,6.0,1.5348837209302326,0.7307960915991409,0.0,0.0
297,2,29.0,70.0,2.413793103448276,0.08620689655172414,0.1111111111111111,0.037037037037037035,0.375,0.25,0.08333333333333333,0.4583333333333333,0.6896551724137931,0.0,0.1,0.65,0.6315007716049382,0.31046713203561965,0.22152777777777777,0.3051680129093801,0.0,0.31901041666666674,0.08661265432098765,0.5,2.9166666666666665,2.500724532691635,2.7386492817527297,1.1541493745012346,5.0,0.4583333333333333,0.7879739021388488,4.0,8.0,1.6141732283464567,0.7458588752688224,0.2413793103448276,0.0
298,2,30.0,95.0,3.1666666666666665,0.10919540229885058,0.10714285714285714,0.03571428571428571,0.44,0.28,0.08,0.48,0.7,0.0,0.09523809523809523,0.5714285714285714,0.5701102099425629,0.20548549498077096,0.23993939393939392,0.31252085329871426,0.0,0.31099537037037034,0.14620908843335315,0.875,3.8,3.3541019662496847,2.690925431185224,1.0497212738618458,4.043478260869565,0.6,0.6882960172731354,3.0,10.0,1.5290697674418605,0.6158465440873019,0.13333333333333333,0.0
299,2,29.0,86.0,2.9655172413793105,0.10591133004926108,0.1111111111111111,0.07407407407407407,0.4583333333333333,0.3333333333333333,0.16666666666666666,0.4166666666666667,0.6896551724137931,0.0,0.2,0.55,0.5635248732645232,0.3034031244456732,0.2736111111111111,0.3863278333837997,0.0,0.20052083333333334,0.09767951338143951,0.8125,3.5833333333333335,2.5523504370723056,2.5703215719549664,1.0355833605104352,4.142857142857142,0.5,0.5627139585664791,3.0,11.0,1.5460122699386503,0.5900664744695836,0.13793103448275862,0.0
3,2,30.0,84.0,2.8,0.09655172413793103,0.10714285714285714,0.07142857142857142,0.36,0.32,0.12,0.56,0.7,0.0,0.14285714285714285,0.6190476190476191,0.7329230189831982,0.28424898471298826,0.2883809523809524,0.33810384518442826,0.0,0.2888741916519694,0.13169305086718658,0.6875,3.36,2.782085548648712,2.6714680912956776,1.1286183803541858,4.9,0.48,0.7576816860393569,4.0,10.0,1.6428571428571428,0.7556200884178117,0.26666666666666666,0.0
30,2,29.0,83.0,2.8620689655172415,0.1022167487684729,0.1111111111111111,0.1111111111111111,0.5,0.25,0.08333333333333333,0.4583333333333333,0.6896551724137931,0.0,0.1,0.55,0.5830731598194833,0.1946773185587657,0.23055555555555554,0.3166348827171465,0.0,0.3359375,0.12258549253034547,0.875,3.4583333333333335,3.1343700104357235,2.869086991083654,1.275141874756289,5.333333333333334,0.6666666666666666,0.7746256343385797,5.0,11.0,1.8089887640449438,0.881401099487699,0.2413793103448276,0.0
300,2,30.0,70.0,2.3333333333333335,0.08045977011494253,0.10714285714285714,0.07142857142857142,0.4,0.4,0.2,0.48,0.7,0.0,0.23809523809523808,0.5238095238095238,0.7001414965986394,0.322828590763957,0.3026666666666667,0.4017231403360796,0.0,0.18611111111111114,0.06898384353741496,0.6875,2.8,2.9297326385411577,2.8081037634141084,1.4127652950510259,5.666666666666666,0.44,0.988048527485225,5.0,8.0,1.9315068493150684,1.0677564893937281,0.16666666666666666,0.0
301,2,29.0,87.0,3.0,0.10714285714285714,0.1111111111111111,0.037037037037037035,0.5,0.2916666666666667,0.08333333333333333,0.4166666666666667,0.6896551724137931,0.0,0.1,0.55,0.5484403510559827,0.24155613592073394,0.24305555555555555,0.33596485419284267,0.0,0.19097222222222232,0.09830501688795712,0.75,3.625,3.090131557632824,2.6681321570773897,1.0552637359182266,4.083333333333334,0.4583333333333333,0.6692411654829079,3.0,9.0,1.5783132530120483,0.6251396339090166,0.27586206896551724,0.0
302,2,29.0,87.0,3.0,0.10714285714285714,0.1111111111111111,0.037037037037037035,0.4583333333333333,0.25,0.08333333333333333,0.4166666666666667,0.6896551724137931,0.0,0.1,0.65,0.5905204599761051,0.2861559621325191,0.2152777777777778,0.31740633167610843,0.0,0.17303240740740744,0.02629181600955794,0.625,3.625,2.916407856012032,2.832550909050856,1.2592012376985595,5.333333333333334,0.7083333333333334,0.7530685891745016,5.0,12.0,1.7125748502994012,0.843842305310152,0.1724137931034483,0.0
303,2,29.0,79.0,2.7241379310344827,0.09729064039408868,0.1111111111111111,0.037037037037037035,0.4583333333333333,0.2916666666666667,0.16666666666666666,0.375,0.6896551724137931,0.0,0.2,0.6,0.6112437307098765,0.29218647241710227,0.23981481481481481,0.379944294397994,0.0,0.1328125,0.0697413315007716,0.75,3.2916666666666665,3.014157415852104,2.75567468366657,1.1573021731722695,4.371428571428572,0.4583333333333333,0.7073436490738948,4.0,10.0,1.6903225806451614,0.7258469476204474,0.0,0.0
304,2,30.0,87.0,2.9,0.1,0.10714285714285714,0.07142857142857142,0.52,0.28,0.08,0.36,0.7,0.0,0.09523809523809523,0.5714285714285714,0.325994708994709,0.2723562699843295,0.18100000000000002,0.3049316863386508,0.0,0.20693709582598474,0.06328125,0.5625,3.48,3.083828789021854,2.717680122022228,1.1330578069139148,4.666666666666666,0.56,0.6471960559864479,4.0,11.0,1.6265060240963856,0.7085767788169759,0.23333333333333334,0.0
305,2,28.0,67.0,2.392857142857143,0.08862433862433862,0.11538461538461539,0.07692307692307693,0.43478260869565216,0.2608695652173913,0.13043478260869565,0.43478260869565216,0.7142857142857143,0.0,0.15,0.65,0.6046195652173914,0.3544517327148364,0.2647342995169082,0.36443539305576017,0.0,0.3271484375,0.06333333333333332,0.5333333333333333,2.9130434782608696,2.810904795746556,2.5834769214703424,1.0432360452849678,4.291666666666666,0.4782608695652174,0.6177544628318101,4.0,8.0,1.6083333333333334,0.7252450566235271,0.07142857142857142,0.0
306,2,30.0,62.0,2.066666666666667,0.07126436781609195,0.10714285714285714,0.14285714285714285,0.44,0.24,0.16,0.4,0.7,0.0,0.19047619047619047,0.5238095238095238,0.5801914414414413,0.28737381182418487,0.24466666666666664,0.3723896804075995,0.0,0.24074074074074078,0.12090899493243243,0.875,2.48,1.6862186493255649,2.854867724867725,1.2407990968109965,5.333333333333334,0.48,0.775225362837622,5.0,10.0,2.0357142857142856,0.9963577811500092,0.2,0.0
307,2,30.0,104.0,3.466666666666667,0.11954022988505747,0.10714285714285714,0.03571428571428571,0.44,0.4,0.16,0.44,0.7,0.0,0.19047619047619047,0.5714285714285714,0.5399476190476191,0.3223554023794648,0.2788888888888889,0.38040345703405065,0.0,0.28571428571428575,0.08334821428571428,0.6875,4.16,3.891015291668743,2.545263748597082,1.023083719490736,4.3,0.48,0.6620257984978395,3.0,10.0,1.467065868263473,0.5785777237175861,0.3,0.0
308,2,29.0,62.0,2.1379310344827585,0.07635467980295567,0.1111111111111111,0.14814814814814814,0.4583333333333333,0.2916666666666667,0.125,0.4166666666666667,0.6896551724137931,0.0,0.15,0.5,0.5215773809523809,0.3365338827357813,0.2673611111111111,0.36694584782157486,0.0,0.2734375,0.06398809523809523,0.5625,2.5833333333333335,2.53525861242676,2.548837513061651,1.029479911818584,4.333333333333334,0.5833333333333334,0.5788452733016619,4.0,9.0,1.6355932203389831,0.7240113121523609,0.13793103448275862,0.0
309,2,30.0,76.0,2.533333333333333,0.08735632183908046,0.10714285714285714,0.03571428571428571,0.48,0.4,0.2,0.36,0.7,0.0,0.23809523809523808,0.5238095238095238,0.49293509496284066,0.3819340184573694,0.2633333333333333,0.4051748593714406,0.0,0.25481481481481494,0.0728435521607487,0.5,3.04,2.6999999999999997,2.56206583377636,1.03115933291293,4.055555555555555,0.36,0.6946063190717343,3.0,10.0,1.6375838926174497,0.6799718307030151,0.23333333333333334,0.0
31,2,30.0,92.0,3.066666666666667,0.10574712643678161,0.10714285714285714,0.03571428571428571,0.4,0.28,0.12,0.48,0.7,0.0,0.14285714285714285,0.5714285714285714,0.5614088269454123,0.3016601189023916,0.27466666666666667,0.35525551576503567,0.0,0.2717931345980127,0.11421130952380953,0.75,3.68,3.448671241700684,2.70229242979243,1.1403248442472216,4.666666666666666,0.72,0.7610151570922302,5.0,10.0,1.701657458563536,0.8092846730375567,0.3,0.0
310,2,30.0,53.0,1.7666666666666666,0.06091954022988506,0.10714285714285714,0.21428571428571427,0.44,0.32,0.12,0.4,0.7,0.0,0.14285714285714285,0.5714285714285714,0.5011111111111112,0.3176195863703788,0.23199999999999998,0.35059209177449346,0.0,0.287037037037037,0.0960648148148148,0.6875,2.12,1.3012814197295424,2.7592592592592595,1.3672282054266471,6.833333333333333,0.6,0.6186760236568837,6.0,7.0,2.1374045801526718,1.2137884670518546,0.06666666666666667,0.0
311,2,30.0,75.0,2.5,0.08620689655172414,0.10714285714285714,0.07142857142857142,0.44,0.32,0.2,0.4,0.7,0.0,0.23809523809523808,0.5714285714285714,0.6608008971704623,0.30625266358244924,0.2782222222222222,0.40235264920339175,0.0,0.3468364197530865,0.19456521739130436,0.8125,3.0,2.6299556396765835,2.669503293976978,1.1244318612953879,4.666666666666666,0.52,0.8127579944427148,4.0,9.0,1.6891891891891893,0.7455204213553384,0.16666666666666666,0.0
312,2,29.0,72.0,2.4827586206896552,0.08866995073891626,0.1111111111111111,0.14814814814814814,0.4583333333333333,0.2916666666666667,0.125,0.375,0.6896551724137931,0.0,0.15,0.55,0.3993286198336017,0.3562050226701397,0.21875,0.34561827607003537,0.0,0.296875,0.031253145128824475,0.5,3.0,2.670287397005928,2.5436156921539235,0.9970331085471901,4.0,0.5,0.5579660961270202,3.0,8.0,1.504,0.6040722024778591,0.06896551724137931,0.0
313,2,30.0,86.0,2.8666666666666667,0.09885057471264368,0.10714285714285714,0.03571428571428571,0.52,0.24,0.12,0.32,0.7,0.0,0.14285714285714285,0.5714285714285714,0.44249443336656696,0.3686202049957362,0.1686060606060606,0.3290433653362562,0.0,0.19872685185185185,0.010328389830508473,0.375,3.44,3.720215047547655,2.7898055974526557,1.2212600715784028,5.0,0.52,0.7567253922026338,4.0,11.0,1.7454545454545454,0.8457537081275671,0.23333333333333334,0.0
314,2,30.0,78.0,2.6,0.0896551724137931,0.10714285714285714,0.10714285714285714,0.4,0.32,0.16,0.4,0.7,0.0,0.19047619047619047,0.6190476190476191,0.5342699346405229,0.3764634360089412,0.2533333333333333,0.3745367509040705,0.0,0.28935185185185186,0.06493361928104575,0.625,3.12,2.682039025318859,2.5493142736892738,0.9972516480295033,4.111111111111111,0.52,0.6044380373052278,3.0,8.0,1.532846715328467,0.6069583628818535,0.06666666666666667,0.0
315,2,28.0,84.0,3.0,0.1111111111111111,0.11538461538461539,0.038461538461538464,0.5217391304347826,0.17391304347826086,0.08695652173913043,0.30434782608695654,0.6785714285714286,0.0,0.10526315789473684,0.6842105263157895,0.40895042847085666,0.3079978703279408,0.1567632850241546,0.2998313991331033,0.0,0.10714285714285716,0.06360046761585707,0.75,3.652173913043478,3.1422154265042463,2.7676507285529843,1.1055956301159435,4.333333333333334,0.6521739130434783,0.7164083069636917,4.0,11.0,1.7202380952380953,0.7654640894989899,0.17857142857142858,0.0
316,2,30.0,112.0,3.7333333333333334,0.12873563218390804,0.10714285714285714,0.03571428571428571,0.52,0.24,0.08,0.36,0.7,0.0,0.09523809523809523,0.5714285714285714,0.447892976309643,0.27652977582161764,0.1792121212121212,0.31025094259795594,0.0,0.2840877914951989,0.03531193023380523,0.6875,4.48,4.083707465853385,2.882278219649064,1.1840573959362832,4.75,0.56,0.8387662228108673,4.0,11.0,1.6071428571428572,0.7603980064447355,0.3,0.0
317,2,30.0,50.0,1.6666666666666667,0.05747126436781609,0.10714285714285714,0.21428571428571427,0.52,0.32,0.2,0.36,0.7,0.0,0.23809523809523808,0.47619047619047616,0.6975,0.2799041874761195,0.268,0.40796241656963117,0.0,0.3090277777777778,0.0859375,0.6875,2.0,1.4142135623730951,2.7593803418803415,1.2156778178101142,5.0,0.48,0.599380783385259,5.0,8.0,2.0,0.9837387536759294,0.0,0.0
318,2,29.0,67.0,2.310344827586207,0.08251231527093596,0.1111111111111111,0.1111111111111111,0.4166666666666667,0.3333333333333333,0.041666666666666664,0.4166666666666667,0.6896551724137931,0.0,0.05,0.6,0.4007361111111111,0.27272356390819813,0.19652777777777783,0.27888577331439096,0.0,0.19583333333333336,0.10868749999999999,0.625,2.7916666666666665,1.7687914485336584,2.5711026521371347,1.0522808962351164,5.0,0.5416666666666666,0.5516695295550225,4.0,7.0,1.6666666666666667,0.7483314773547881,0.0,0.0
319,2,30.0,62.0,2.066666666666667,0.07126436781609195,0.10714285714285714,0.14285714285714285,0.52,0.32,0.08,0.28,0.7,0.0,0.09523809523809523,0.5714285714285714,0.41432098765432096,0.29453952832212676,0.17,0.315934826846954,0.0,0.19444444444444445,0.07822145061728394,0.75,2.48,2.6318561257535844,2.7971143321762515,1.258526481347957,5.0,0.44,0.8088228179853308,5.0,11.0,2.0063694267515926,0.990317323442626,0.1,0.0
32,2,29.0,81.0,2.793103448275862,0.09975369458128079,0.1111111111111111,0.037037037037037035,0.5,0.20833333333333334,0.125,0.4166666666666667,0.6896551724137931,0.0,0.15,0.6,0.6064555306427504,0.25464932547122665,0.2236111111111111,0.34180950236911617,0.0,0.17708333333333337,0.06476112901718983,0.75,3.375,3.214268460961286,3.0279419813902573,1.398928379494142,5.555555555555555,0.5416666666666666,0.9453119408272963,5.0,11.0,1.8074534161490683,0.9321717113165803,0.27586206896551724,0.0
320,2,30.0,66.0,2.2,0.07586206896551724,0.10714285714285714,0.14285714285714285,0.48,0.36,0.16,0.44,0.7,0.0,0.19047619047619047,0.5714285714285714,0.7323703703703702,0.24734233800009356,0.29133333333333333,0.3883464470842536,0.0,0.28575102880658443,0.0753472222222222,0.625,2.64,1.9339079605813712,2.7495021645021636,1.178945142814064,4.666666666666666,0.48,0.7954991378505348,4.0,9.0,1.7916666666666667,0.8680417636821995,0.06666666666666667,0.0
321,2,29.0,85.0,2.9310344827586206,0.10467980295566502,0.1111111111111111,0.1111111111111111,0.4583333333333333,0.20833333333333334,0.041666666666666664,0.5,0.6896551724137931,0.0,0.05,0.5,0.5758783194892835,0.2863363047602812,0.24097222222222223,0.29696448032801753,0.0,0.13541666666666669,0.19462625269034164,0.875,3.5416666666666665,3.2434437772577294,2.7534381931841097,1.101856903305781,4.5,0.4583333333333333,0.6870678843486964,4.0,11.0,1.6666666666666667,0.7352893352307409,0.20689655172413793,0.0
322,2,29.0,66.0,2.2758620689655173,0.0812807881773399,0.1111111111111111,0.14814814814814814,0.4583333333333333,0.3333333333333333,0.125,0.375,0.6896551724137931,0.0,0.15,0.6,0.6083333333333333,0.354891628011778,0.22083333333333333,0.3501293756743997,0.0,0.2222222222222222,0.07005208333333333,0.5625,2.75,2.0483291175768223,2.7188000696621386,1.2247632464772844,5.0,0.5416666666666666,0.7521628718801644,5.0,9.0,1.8984375,1.048732596544571,0.10344827586206896,0.0
323,2,29.0,81.0,2.793103448275862,0.09975369458128079,0.1111111111111111,0.037037037037037035,0.4166666666666667,0.2916666666666667,0.125,0.5,0.6896551724137931,0.0,0.15,0.55,0.5497948232323232,0.3305747526258932,0.26607142857142857,0.34310453031440946,0.0,0.2829861111111111,0.18347537878787876,0.75,3.375,2.778997316831472,2.6270795966485623,1.0389291059512535,4.461538461538462,0.4583333333333333,0.7517242047546095,3.0,8.0,1.5555555555555556,0.6765437478730177,0.1724137931034483,0.0
324,2,28.0,71.0,2.5357142857142856,0.09391534391534391,0.11538461538461539,0.038461538461538464,0.5652173913043478,0.21739130434782608,0.08695652173913043,0.34782608695652173,0.6785714285714286,0.0,0.10526315789473684,0.5789473684210527,0.4805613066482632,0.3087369764074572,0.185024154589372,0.3175666582668674,0.0,0.24149659863945577,0.07624421296296295,0.6875,3.0869565217391304,2.874860367806992,2.994769929116885,1.4678163195167653,5.833333333333334,0.6521739130434783,0.9293656823147711,6.0,11.0,2.0448717948717947,1.1768900993882343,0.25,0.0
325,2,30.0,62.0,2.066666666666667,0.07126436781609195,0.10714285714285714,0.10714285714285714,0.52,0.32,0.16,0.36,0.7,0.0,0.19047619047619047,0.6190476190476191,0.6351666666666667,0.29680757031500443,0.22727272727272727,0.3745405817570643,0.0,0.3611111111111111,0.12024016203703704,0.75,2.48,2.4515301344262523,2.806190476190476,1.296947885738063,5.0,0.4,0.6946999205777589,4.0,7.0,1.7401574803149606,0.8377274476764063,0.06666666666666667,0.0
326,2,30.0,79.0,2.6333333333333333,0.09080459770114943,0.10714285714285714,0.10714285714285714,0.44,0.4,0.16,0.32,0.7,0.0,0.19047619047619047,0.5238095238095238,0.33971870604781995,0.37137475088042016,0.228,0.3843802130028914,0.0,0.2222222222222222,0.0,0.0,3.16,3.312602199681292,2.574624819624819,1.0810334285757868,4.166666666666666,0.48,0.6625826138459934,3.0,10.0,1.5793103448275863,0.6526544678511977,0.23333333333333334,0.0
327,2,30.0,57.0,1.9,0.06551724137931035,0.10714285714285714,0.21428571428571427,0.44,0.44,0.24,0.4,0.7,0.0,0.2857142857142857,0.5238095238095238,0.6610256410256409,0.3731576850347639,0.33333333333333326,0.43832593994609714,0.0,0.3333333333333333,0.1794871794871795,0.625,2.28,2.031419864692346,2.5235690235690234,1.0975594001648417,4.818181818181818,0.44,0.6813633768488071,4.0,8.0,1.8,0.8904956238749019,0.13333333333333333,0.0
328,2,29.0,96.0,3.310344827586207,0.11822660098522167,0.1111111111111111,0.037037037037037035,0.4166666666666667,0.2916666666666667,0.125,0.5,0.6896551724137931,0.0,0.15,0.6,0.6010454208521842,0.23949097685854454,0.2924603174603175,0.3583008601607436,0.0,0.2382330246913581,0.1587937801932367,0.875,4.0,3.4389078144843803,2.623808997515894,1.0469546003068935,4.0,0.4583333333333333,0.6669347464043196,3.0,11.0,1.532934131736527,0.6090129396781946,0.20689655172413793,0.0
329,2,29.0,66.0,2.2758620689655173,0.0812807881773399,0.1111111111111111,0.07407407407407407,0.5,0.2916666666666667,0.041666666666666664,0.375,0.6896551724137931,0.0,0.05,0.6,0.4273726851851851,0.2560543989098109,0.18611111111111112,0.2803839098022681,0.0,0.2265625,0.07953559027777778,0.6875,2.75,2.5917930674241387,2.6334661450787213,1.0749037221366844,4.333333333333334,0.4583333333333333,0.5919816322559444,4.0,8.0,1.6870229007633588,0.7654457672157082,0.06896551724137931,0.0
33,2,29.0,74.0,2.5517241379310347,0.09113300492610837,0.1111111111111111,0.1111111111111111,0.4583333333333333,0.25,0.08333333333333333,0.5,0.6896551724137931,0.0,0.1,0.6,0.5844651442307692,0.1888309861858794,0.23541666666666664,0.3054383284130663,0.0,0.28157552083333337,0.22359775641025645,0.9375,3.0833333333333335,2.3759056244371077,2.7526801263870233,1.172054030307008,5.0,0.625,0.6539753355099213,4.0,10.0,1.8209876543209877,0.8333448354393694,0.27586206896551724,0.0
330,2,27.0,67.0,2.4814814814814814,0.09544159544159544,0.12,0.04,0.4090909090909091,0.3181818181818182,0.09090909090909091,0.36363636363636365,0.6666666666666666,0.0,0.1111111111111111,0.5555555555555556,0.46772035071527457,0.3127874108497207,0.21136363636363634,0.3305993580543307,0.0,0.23214285714285715,0.06774111675126902,0.6666666666666666,3.0454545454545454,2.6453422269784865,2.4729284381802774,0.9901519993786744,4.052631578947368,0.5909090909090909,0.6119873795046414,4.0,10.0,1.6277372262773722,0.6752700905179587,0.14814814814814814,0.0
331,2,28.0,64.0,2.2857142857142856,0.08465608465608465,0.11538461538461539,0.11538461538461539,0.4782608695652174,0.30434782608695654,0.13043478260869565,0.34782608695652173,0.6785714285714286,0.0,0.15789473684210525,0.5789473684210527,0.40908061594202894,0.3322847582463411,0.1958937198067633,0.34577868576109144,0.0,0.20535714285714285,0.09655253092447917,0.75,2.782608695652174,2.255428234668337,2.701179029304029,1.18728705187853,5.0,0.43478260869565216,0.6622804999751675,4.0,9.0,1.8405797101449275,0.8564600102015083,0.10714285714285714,0.0
332,2,30.0,82.0,2.7333333333333334,0.09425287356321839,0.10714285714285714,0.03571428571428571,0.48,0.36,0.16,0.36,0.7,0.0,0.19047619047619047,0.5714285714285714,0.5405185185185185,0.34401474133297005,0.25393939393939396,0.3910950149037743,0.0,0.24753086419753087,0.1647238756613757,0.75,3.28,2.7616420236277306,2.6466987155145048,1.0976071138650092,4.421052631578947,0.56,0.6825162780825873,3.0,9.0,1.5827814569536425,0.6669094480666244,0.13333333333333333,0.0
333,2,30.0,58.0,1.9333333333333333,0.06666666666666667,0.10714285714285714,0.32142857142857145,0.44,0.24,0.08,0.48,0.7,0.0,0.09523809523809523,0.5238095238095238,0.5551388888888888,0.21399595985282835,0.23800000000000002,0.3140432265598928,0.0,0.24749228395061737,0.150390625,0.75,2.32,1.2819256348686274,2.7383345358345355,1.1212191349727005,5.0,0.44,0.6231104546533792,4.0,7.0,1.7603305785123966,0.81674958818916,0.0,0.0
334,2,30.0,84.0,2.8,0.09655172413793103,0.10714285714285714,0.07142857142857142,0.48,0.28,0.12,0.4,0.7,0.0,0.14285714285714285,0.5714285714285714,0.4915912698412698,0.3458020434988519,0.21400000000000002,0.33804585487770744,0.0,0.16358024691358028,0.13060825892857145,0.8125,3.36,3.2000000000000006,2.6144322344322344,1.029787925597705,4.333333333333334,0.56,0.5716959964383863,4.0,9.0,1.527027027027027,0.6436074557427843,0.06666666666666667,0.0
335,2,30.0,92.0,3.066666666666667,0.10574712643678161,0.10714285714285714,0.03571428571428571,0.44,0.24,0.12,0.4,0.7,0.0,0.14285714285714285,0.5714285714285714,0.5204365079365079,0.3130422774596337,0.2126666666666667,0.3375181750936067,0.0,0.2068531116150164,0.1333395337301587,0.875,3.68,2.68824602048746,2.735975683243485,1.1300024800007205,4.833333333333334,0.6,0.7070194116744277,4.0,9.0,1.6140350877192982,0.6709357635136243,0.1,0.0
336,2,29.0,88.0,3.0344827586206895,0.10837438423645321,0.1111111111111111,0.037037037037037035,0.4166666666666667,0.2916666666666667,0.20833333333333334,0.5416666666666666,0.6896551724137931,0.0,0.25,0.5,0.7815770933977455,0.19776817398148422,0.3277777777777778,0.3933525746542376,0.0,0.3350694444444445,0.31381623641304346,0.9375,3.6666666666666665,3.318808935992428,2.6757665860279873,1.1359833875613847,4.666666666666666,0.5416666666666666,0.7376822777701147,4.0,10.0,1.6143790849673203,0.7619588934773037,0.20689655172413793,0.0
337,2,30.0,71.0,2.3666666666666667,0.08160919540229886,0.10714285714285714,0.03571428571428571,0.44,0.28,0.16,0.48,0.7,0.0,0.19047619047619047,0.5714285714285714,0.5746261261261261,0.25133555024960386,0.2679393939393939,0.3664578251567434,0.0,0.27152777777777776,0.1335867117117117,0.875,2.84,2.2854612955229263,2.7182992202729044,1.133272191952461,5.0,0.52,0.6948236059030564,5.0,9.0,1.8926553672316384,0.8626085306466221,0.13333333333333333,0.0
338,2,28.0,82.0,2.9285714285714284,0.10846560846560846,0.11538461538461539,0.07692307692307693,0.43478260869565216,0.2608695652173913,0.08695652173913043,0.391304347826087,0.6785714285714286,0.0,0.10526315789473684,0.5789473684210527,0.5010914855072464,0.285718160252884,0.21231884057971012,0.33060311397857706,0.0,0.30059523809523814,0.09809027777777776,0.8,3.5652173913043477,2.8094982883801634,2.703127584780811,1.1236344362826687,4.666666666666666,0.6086956521739131,0.7353580227780907,4.0,11.0,1.679245283018868,0.7574169521838401,0.17857142857142858,0.0
339,2,29.0,64.0,2.206896551724138,0.07881773399014778,0.1111111111111111,0.18518518518518517,0.5416666666666666,0.2916666666666667,0.16666666666666666,0.375,0.7241379310344828,0.0,0.19047619047619047,0.5714285714285714,0.4639926046176046,0.39749543086396977,0.23402777777777775,0.3828597946810984,0.0,0.353587962962963,0.01111111111111111,0.06666666666666667,2.6666666666666665,1.7362294645648622,2.8473180076628353,1.3261121174626416,5.0,0.375,0.6774263929892171,4.0,7.0,1.6923076923076923,0.8036719443681335,0.13793103448275862,0.0
34,2,30.0,91.0,3.033333333333333,0.10459770114942529,0.10714285714285714,0.03571428571428571,0.48,0.28,0.12,0.4,0.7,0.0,0.14285714285714285,0.5238095238095238,0.45469050031360053,0.3223234074039623,0.21727272727272726,0.34097726591045424,0.0,0.24444444444444446,0.17323222728807836,0.75,3.64,3.2898834832457724,2.5814430477868613,0.9922578578902209,4.166666666666666,0.52,0.6311524146802275,4.0,9.0,1.506578947368421,0.6089477464975527,0.06666666666666667,0.0
340,2,28.0,71.0,2.5357142857142856,0.09391534391534391,0.11538461538461539,0.07692307692307693,0.5652173913043478,0.21739130434782608,0.08695652173913043,0.2608695652173913,0.7142857142857143,0.0,0.1,0.55,0.4492679637427494,0.3583818543911428,0.15458937198067632,0.3097537678092622,0.0,0.14453124999999997,0.05010047970958122,0.6666666666666666,3.0869565217391304,3.2038761109611205,2.8050362080316,1.2442392295203053,5.0,0.5652173913043478,0.7984342600508085,5.0,11.0,1.7448275862068965,0.839802476320305,0.25,0.0
341,2,29.0,90.0,3.103448275862069,0.11083743842364532,0.1111111111111111,0.037037037037037035,0.4583333333333333,0.25,0.041666666666666664,0.375,0.6896551724137931,0.0,0.05,0.6,0.3280866569656228,0.2559882944907223,0.17777777777777778,0.2766983859356395,0.0,0.20052083333333331,0.0481177114076078,0.625,3.75,3.110291472431203,2.5646159874608148,0.9865762167626139,4.333333333333334,0.5833333333333334,0.6253912002994835,4.0,11.0,1.515923566878981,0.6365481384640659,0.20689655172413793,0.0
342,2,29.0,77.0,2.6551724137931036,0.09482758620689655,0.1111111111111111,0.037037037037037035,0.5,0.25,0.08333333333333333,0.375,0.6896551724137931,0.0,0.1,0.6,0.5607441866262649,0.32976296669030475,0.17777777777777778,0.3079332173452638,0.0,0.20283564814814817,0.06622508467952058,0.6875,3.2083333333333335,2.702320527229155,2.8702268995372444,1.281138856666268,4.875,0.5833333333333334,0.8579988896472768,4.0,9.0,1.761290322580645,0.8145102182814898,0.20689655172413793,0.0
343,2,29.0,62.0,2.1379310344827585,0.07635467980295567,0.1111111111111111,0.18518518518518517,0.4583333333333333,0.2916666666666667,0.08333333333333333,0.4166666666666667,0.6896551724137931,0.0,0.1,0.55,0.5273871527777777,0.25942208045287496,0.2388888888888889,0.32684506614370035,0.0,0.3203125,0.09518229166666667,0.875,2.5833333333333335,2.518050775926675,2.866605730398834,1.3937903340657165,6.166666666666667,0.5416666666666666,0.7823510367797962,5.0,9.0,1.8244274809160306,0.9485285448892717,0.0,0.0
344,2,30.0,80.0,2.6666666666666665,0.09195402298850575,0.10714285714285714,0.07142857142857142,0.44,0.24,0.16,0.48,0.7,0.0,0.19047619047619047,0.5238095238095238,0.670719135802469,0.2416678893568395,0.27466666666666667,0.37196674482977543,0.0,0.28309327846364885,0.22466965663580246,0.9375,3.2,2.2912878474779204,2.8330513930513925,1.2025206097081917,4.666666666666666,0.64,0.758940546180932,4.0,12.0,1.7588235294117647,0.8108428105054744,0.13333333333333333,0.0
345,2,29.0,70.0,2.413793103448276,0.08620689655172414,0.1111111111111111,0.07407407407407407,0.4166666666666667,0.25,0.125,0.5,0.7241379310344828,0.0,0.14285714285714285,0.6190476190476191,0.5834743507875692,0.33187044708223,0.27146464646464646,0.3492906610224265,0.0,0.32545764154959556,0.09919753086419753,0.5333333333333333,2.9166666666666665,2.6525896561771427,2.5611402632017324,0.9576940490392545,4.05,0.5416666666666666,0.6397743549368385,3.0,7.0,1.4608695652173913,0.5965832028520817,0.20689655172413793,0.0
346,2,28.0,47.0,1.6785714285714286,0.062169312169312166,0.11538461538461539,0.2692307692307692,0.4782608695652174,0.30434782608695654,0.08695652173913043,0.34782608695652173,0.6785714285714286,0.0,0.10526315789473684,0.5789473684210527,0.5405797101449274,0.3380129629742515,0.1992753623188406,0.32444506861287203,0.0,0.08571428571428572,0.11458333333333334,0.875,2.0434782608695654,1.2605287804426009,2.6238095238095243,1.1213262477797687,5.166666666666666,0.5652173913043478,0.4947673843865422,4.0,5.0,1.7340425531914894,0.8318334706543961,0.07142857142857142,0.0
347,2,30.0,76.0,2.533333333333333,0.08735632183908046,0.10714285714285714,0.14285714285714285,0.4,0.44,0.2,0.52,0.7,0.0,0.23809523809523808,0.5238095238095238,0.7091818181818182,0.2683666731440633,0.35133333333333333,0.4033976073672595,0.0,0.3125,0.12530303030303028,0.875,3.04,2.8207563997386704,2.548606237816764,1.091082963127962,4.333333333333334,0.44,0.6702546023601853,4.0,9.0,1.6754966887417218,0.7352973899420762,0.16666666666666666,0.0
348,2,29.0,57.0,1.9655172413793103,0.07019704433497537,0.1111111111111111,0.14814814814814814,0.5416666666666666,0.3333333333333333,0.125,0.2916666666666667,0.6896551724137931,0.0,0.15,0.5,0.490696225071225,0.3274333556430898,0.20486111111111108,0.3611401419025553,0.0,0.1875,0.1016292735042735,0.6875,2.375,2.1226009475661445,2.632548804962598,1.105002768577302,4.5,0.4583333333333333,0.5386472635855609,4.0,7.0,1.6991869918699187,0.7347906956316054,0.06896551724137931,0.0
349,2,30.0,90.0,3.0,0.10344827586206896,0.10714285714285714,0.03571428571428571,0.44,0.24,0.12,0.4,0.7,0.0,0.14285714285714285,0.5714285714285714,0.4815823173753592,0.3313989745115256,0.22898701298701296,0.3510784140297025,0.0,0.19460138104205907,0.08636695906432748,0.625,3.6,3.4641016151377544,2.6321383768561186,1.0232199528416621,4.1875,0.48,0.6283482344575484,3.0,10.0,1.6127167630057804,0.6693107489146704,0.23333333333333334,0.0
35,2,29.0,76.0,2.6206896551724137,0.09359605911330049,0.1111111111111111,0.14814814814814814,0.5,0.20833333333333334,0.08333333333333333,0.2916666666666667,0.6896551724137931,0.0,0.1,0.65,0.5745491826703246,0.3586412466008843,0.1699074074074074,0.3185528058915022,0.0,0.1640625,0.07551011659807956,0.75,3.1666666666666665,2.3343683004870592,2.794226750261233,1.1656365365012482,4.833333333333334,0.625,0.6730202013975084,4.0,9.0,1.7013888888888888,0.7671567806058458,0.10344827586206896,0.0
350,2,30.0,94.0,3.1333333333333333,0.10804597701149425,0.10714285714285714,0.03571428571428571,0.4,0.28,0.08,0.48,0.7,0.0,0.09523809523809523,0.5238095238095238,0.5821149870801033,0.24172104873862188,0.26060606060606056,0.32286713903781256,0.0,0.29120370370370374,0.14985061369509042,0.75,3.76,3.585619425798933,2.6851547001547003,1.1159989995255886,4.444444444444445,0.52,0.6735065839662053,4.0,10.0,1.5379746835443038,0.6737675793234279,0.1,0.0
351,2,29.0,85.0,2.9310344827586206,0.10467980295566502,0.1111111111111111,0.037037037037037035,0.4583333333333333,0.2916666666666667,0.16666666666666666,0.375,0.6896551724137931,0.0,0.2,0.55,0.6042904383975812,0.3325825422940199,0.25277777777777777,0.3870695885039349,0.0,0.18836805555555558,0.20481292517006805,0.875,3.5416666666666665,3.0213611482915774,2.6686807769084644,1.0984064501522206,4.333333333333334,0.5833333333333334,0.7492374519337531,4.0,11.0,1.6626506024096386,0.7265878483871564,0.2413793103448276,0.0
352,2,29.0,66.0,2.2758620689655173,0.0812807881773399,0.1111111111111111,0.07407407407407407,0.4583333333333333,0.25,0.041666666666666664,0.4166666666666667,0.6896551724137931,0.0,0.05,0.55,0.5168416305916306,0.20964828078137643,0.1875,0.26495145850196566,0.0,0.11607142857142859,0.11066919191919189,0.6875,2.75,1.9167454300136626,2.7974184030979163,1.1906276388477726,4.7,0.5,0.7536243838689953,4.0,10.0,1.8231292517006803,0.8251249824143192,0.13793103448275862,0.0
353,2,29.0,84.0,2.896551724137931,0.10344827586206896,0.1111111111111111,0.07407407407407407,0.5,0.2916666666666667,0.125,0.375,0.6896551724137931,0.0,0.15,0.6,0.570774801105951,0.34280211383155024,0.23888888888888885,0.3644089472520661,0.0,0.15520833333333334,0.19520639830410577,0.8125,3.5,3.1484986069968124,2.813134108060329,1.2842783425311188,5.0,0.5416666666666666,0.8931056476520938,5.0,11.0,1.745664739884393,0.8380807550966968,0.27586206896551724,0.0
354,2,29.0,69.0,2.3793103448275863,0.08497536945812807,0.1111111111111111,0.1111111111111111,0.4166666666666667,0.25,0.08333333333333333,0.3333333333333333,0.6896551724137931,0.0,0.1,0.55,0.5323620188816267,0.3696197907949639,0.20277777777777775,0.3331762915092137,0.0,0.25115740740740744,0.032322303921568624,0.4375,2.875,2.4550303283347596,2.5634920634920637,1.0092587175031658,4.5,0.5416666666666666,0.7044000615309025,4.0,7.0,1.648,0.7433142868479377,0.06896551724137931,0.0
355,2,28.0,71.0,2.5357142857142856,0.09391534391534391,0.11538461538461539,0.07692307692307693,0.5652173913043478,0.17391304347826086,0.043478260869565216,0.30434782608695654,0.6785714285714286,0.0,0.05263157894736842,0.5263157894736842,0.3228308543096872,0.23753858455491558,0.1261904761904762,0.24215904248094386,0.0,0.10714285714285719,0.08806880482456142,0.6875,3.0869565217391304,2.065144579536104,2.7885286690433744,1.0745836147120804,4.466666666666667,0.5217391304347826,0.6761937185358786,3.0,9.0,1.6689189189189189,0.663822301375078,0.17857142857142858,0.0
356,2,28.0,63.0,2.25,0.08333333333333333,0.11538461538461539,0.07692307692307693,0.5217391304347826,0.30434782608695654,0.17391304347826086,0.391304347826087,0.7142857142857143,0.0,0.2,0.65,0.727992485238862,0.30965400066304904,0.2572463768115942,0.38510218003090896,0.0,0.3715277777777778,0.09196061140505583,0.7333333333333333,2.739130434782609,2.3972975562333785,2.697704081632653,1.2042578978751863,5.0,0.5217391304347826,0.6093204697375738,4.0,9.0,1.7560975609756098,0.823242921886745,0.0,0.0
357,2,30.0,102.0,3.4,0.11724137931034483,0.10714285714285714,0.03571428571428571,0.48,0.28,0.08,0.4,0.7,0.0,0.09523809523809523,0.5714285714285714,0.41450112097569725,0.2524774770671437,0.21565367965367965,0.3224417079259652,0.0,0.21045197740112995,0.06684854497354498,0.5625,4.08,3.8613469152615645,2.7759001075177547,1.217178579704602,5.5,0.56,0.8641612853309404,5.0,12.0,1.5389221556886228,0.7260099155784419,0.2,0.0
358,2,30.0,80.0,2.6666666666666665,0.09195402298850575,0.10714285714285714,0.07142857142857142,0.48,0.28,0.12,0.4,0.7,0.0,0.14285714285714285,0.5714285714285714,0.6663688046647229,0.2504864911829453,0.22866666666666668,0.3499841266241783,0.0,0.2851851851851852,0.05885568513119532,0.6875,3.2,2.362907813126304,2.70927596769702,1.0552511849387047,4.333333333333334,0.48,0.7177952558167462,4.0,10.0,1.694915254237288,0.6970939015298274,0.23333333333333334,0.0
359,2,29.0,82.0,2.8275862068965516,0.10098522167487685,0.1111111111111111,0.037037037037037035,0.4583333333333333,0.2916666666666667,0.125,0.375,0.6896551724137931,0.0,0.15,0.65,0.5031261780228066,0.3455993271021654,0.20717592592592593,0.3430526625341711,0.0,0.2845775462962963,0.09380963740458015,0.6875,3.4166666666666665,3.4378540660868873,2.682091471746644,1.1240185675774355,4.545454545454545,0.5416666666666666,0.724047743483677,4.0,8.0,1.5734265734265733,0.7168938327659781,0.13793103448275862,0.0
36,2,30.0,79.0,2.6333333333333333,0.09080459770114943,0.10714285714285714,0.10714285714285714,0.48,0.24,0.08,0.4,0.7,0.0,0.09523809523809523,0.5238095238095238,0.49943984962406013,0.29497517288683495,0.20466666666666666,0.30805242459084187,0.0,0.31319444444444444,0.1309001670843776,0.6875,3.16,2.764054992217051,2.844335618085618,1.1918564474163609,4.666666666666666,0.6,0.7708147460738929,4.0,11.0,1.7607361963190185,0.8152433237332368,0.16666666666666666,0.0
360,2,30.0,74.0,2.466666666666667,0.08505747126436781,0.10714285714285714,0.07142857142857142,0.44,0.32,0.12,0.4,0.7,0.0,0.14285714285714285,0.5238095238095238,0.49113419913419903,0.32788262059081924,0.23727272727272727,0.3498868372746703,0.0,0.2515873015873016,0.06818181818181819,0.625,2.96,2.730689778548026,2.6799603174603175,1.1497775592261097,5.166666666666666,0.44,0.7598657105927636,4.0,8.0,1.7028985507246377,0.805178678903874,0.16666666666666666,0.0
361,2,28.0,60.0,2.142857142857143,0.07936507936507936,0.11538461538461539,0.15384615384615385,0.4782608695652174,0.391304347826087,0.21739130434782608,0.30434782608695654,0.7142857142857143,0.0,0.25,0.6,0.47791965667651615,0.3957125582719992,0.24782608695652175,0.4198155062507071,0.0,0.24814814814814815,0.1549497226074896,0.6428571428571429,2.608695652173913,2.499802363729483,2.669833274218779,1.1915830209142353,4.529411764705882,0.4782608695652174,0.7638614699301658,4.0,9.0,1.8307692307692307,0.8548852911715227,0.25,0.0
362,2,29.0,57.0,1.9655172413793103,0.07019704433497537,0.1111111111111111,0.14814814814814814,0.4166666666666667,0.3333333333333333,0.16666666666666666,0.4166666666666667,0.6896551724137931,0.0,0.2,0.55,0.441714203042328,0.35083789497363255,0.2638888888888889,0.3796345390672693,0.0,0.2732421875,0.024801587301587304,0.375,2.375,1.3772215255487341,2.72868587351346,1.2461210363080606,5.0,0.5,0.7263988740088941,5.0,9.0,1.9225352112676057,0.9230994941263581,0.1724137931034483,0.0
363,2,27.0,71.0,2.6296296296296298,0.10113960113960115,0.12,0.08,0.4090909090909091,0.3181818181818182,0.09090909090909091,0.5,0.6666666666666666,0.0,0.1111111111111111,0.5555555555555556,0.5639430014430014,0.31292998238284847,0.2916666666666667,0.3486083443891982,0.0,0.15079365079365076,0.07182539682539682,0.6,3.227272727272727,3.1309791284884514,2.5204964821452283,1.0491103775306978,4.333333333333334,0.6363636363636364,0.6391821938046816,4.0,9.0,1.6791044776119404,0.7909330767261536,0.14814814814814814,0.0
364,2,29.0,76.0,2.6206896551724137,0.09359605911330049,0.1111111111111111,0.037037037037037035,0.5,0.25,0.125,0.3333333333333333,0.6896551724137931,0.0,0.15,0.55,0.5870681036086309,0.2866045930561636,0.2041666666666667,0.35074971463828813,0.0,0.2109375,0.15970938546316965,0.875,3.1666666666666665,3.265986323710905,2.8174600078758294,1.292832562937024,4.9523809523809526,0.625,0.6890412788863602,4.0,9.0,1.7692307692307692,0.8335400901491518,0.13793103448275862,0.0
365,2,30.0,79.0,2.6333333333333333,0.09080459770114943,0.10714285714285714,0.10714285714285714,0.56,0.32,0.08,0.36,0.7,0.0,0.09523809523809523,0.5238095238095238,0.5184380685835844,0.2560863836312921,0.20933333333333334,0.32152990760033734,0.0,0.23096707818930046,0.13721727264826994,0.875,3.16,2.808914381037628,2.6437799564270152,1.084444180799909,4.5,0.4,0.6424602442492113,4.0,10.0,1.709090909090909,0.7731640867886832,0.2,0.0
366,2,28.0,84.0,3.0,0.1111111111111111,0.11538461538461539,0.038461538461538464,0.43478260869565216,0.30434782608695654,0.08695652173913043,0.391304347826087,0.7142857142857143,0.0,0.1,0.65,0.3739992972568297,0.3225593866711209,0.19855072463768114,0.3122868179310351,0.0,0.27816358024691357,0.05868055555555555,0.5333333333333333,3.652173913043478,3.785242824589556,2.6452365163572056,1.1150823471328724,4.666666666666666,0.43478260869565216,0.72861708989994,4.0,8.0,1.4846153846153847,0.6846559186140598,0.17857142857142858,0.0
367,2,30.0,73.0,2.433333333333333,0.0839080459770115,0.10714285714285714,0.07142857142857142,0.52,0.32,0.12,0.32,0.7,0.0,0.14285714285714285,0.5714285714285714,0.41747463768115933,0.3693434413181754,0.20266666666666666,0.34492618641395445,0.0,0.2708333333333333,0.049030042270531406,0.625,2.92,2.8711205710198473,2.698736559139786,1.1756100711630961,5.333333333333334,0.52,0.7428967624612565,5.0,11.0,1.7973856209150327,0.8985329938893014,0.16666666666666666,0.0
368,2,30.0,67.0,2.2333333333333334,0.07701149425287357,0.10714285714285714,0.14285714285714285,0.52,0.32,0.16,0.36,0.7,0.0,0.19047619047619047,0.5714285714285714,0.6842424242424241,0.3111988190849505,0.23800000000000002,0.38144219502848414,0.0,0.33847736625514413,0.12931397306397305,0.75,2.68,1.7962924780409975,2.756096681096681,1.1908349821435282,5.0,0.48,0.7243436311982034,4.0,9.0,1.8609271523178808,0.8644052683730994,0.06666666666666667,0.0
369,2,29.0,80.0,2.7586206896551726,0.09852216748768473,0.1111111111111111,0.037037037037037035,0.5416666666666666,0.20833333333333334,0.041666666666666664,0.25,0.6896551724137931,0.0,0.05,0.6,0.28588975694444446,0.24047755188077383,0.12083333333333335,0.25363302258366816,0.0,0.1125,0.039322916666666666,0.5625,3.3333333333333335,2.9586522587836845,2.881994121986626,1.261987072285803,5.166666666666666,0.5416666666666666,0.7722066341725353,4.0,8.0,1.6688741721854305,0.7721990615951801,0.06896551724137931,0.0
37,2,29.0,59.0,2.0344827586206895,0.07266009852216748,0.1111111111111111,0.18518518518518517,0.5,0.25,0.08333333333333333,0.25,0.6896551724137931,0.0,0.1,0.6,0.36618560606060613,0.31663003467256434,0.15902777777777777,0.3169136781334686,0.0,0.15246212121212122,0.045500000000000006,0.5625,2.4583333333333335,1.7687914485336584,2.877586206896552,1.2813700397320202,5.333333333333334,0.5416666666666666,0.8461691379676931,5.0,9.0,1.9295774647887325,0.9501615191094428,0.06896551724137931,0.0
370,2,29.0,61.0,2.103448275862069,0.07512315270935961,0.1111111111111111,0.14814814814814814,0.5416666666666666,0.20833333333333334,0.125,0.3333333333333333,0.6896551724137931,0.0,0.15,0.5,0.4169191919191919,0.31664993452232276,0.18025793650793653,0.3371355749867606,0.0,0.14351851851851855,0.11401515151515151,0.8666666666666667,2.5416666666666665,2.063748524170155,2.78842940685046,1.1545608565159307,4.642857142857142,0.5416666666666666,0.6847204350080162,4.0,7.0,1.8095238095238095,0.8363184629246034,0.13793103448275862,0.0
371,2,30.0,58.0,1.9333333333333333,0.06666666666666667,0.10714285714285714,0.17857142857142858,0.52,0.28,0.12,0.36,0.7,0.0,0.14285714285714285,0.5714285714285714,0.5567593173110414,0.32966418257271174,0.226,0.35362147580166586,0.0,0.28383838383838383,0.03148946360153256,0.3125,2.32,2.212088003071608,2.727667356797791,1.1270294678122852,4.571428571428571,0.44,0.6973152150855323,4.0,8.0,1.753968253968254,0.7867554429326352,0.13333333333333333,0.0
372,2,30.0,77.0,2.566666666666667,0.08850574712643679,0.10714285714285714,0.07142857142857142,0.4,0.36,0.16,0.48,0.7,0.0,0.19047619047619047,0.6190476190476191,0.6199547201336676,0.30037021877012743,0.28200000000000003,0.3747196482903116,0.0,0.2837301587301587,0.13040935672514617,0.75,3.08,2.515286597321798,2.6110319156152486,1.0421652838509499,4.076923076923077,0.52,0.6717522204853741,3.0,9.0,1.6339869281045751,0.6564621485352985,0.16666666666666666,0.0
373,2,27.0,72.0,2.6666666666666665,0.10256410256410256,0.12,0.12,0.5,0.2727272727272727,0.09090909090909091,0.36363636363636365,0.6666666666666666,0.0,0.1111111111111111,0.5,0.5451643575115458,0.21086355939922855,0.20984848484848484,0.3329624560126819,0.0,0.1631944444444445,0.14603344393992315,0.7857142857142857,3.272727272727273,2.864924468078034,2.8061558616635245,1.2219433597728884,4.551724137931035,0.5909090909090909,0.7196604191439938,4.0,11.0,1.7466666666666666,0.7788019250610178,0.14814814814814814,0.0
374,2,30.0,65.0,2.1666666666666665,0.07471264367816093,0.10714285714285714,0.14285714285714285,0.52,0.32,0.08,0.32,0.7,0.0,0.09523809523809523,0.5714285714285714,0.37797591297591304,0.2874611264431169,0.19333333333333333,0.32159901418680675,0.0,0.21296296296296294,0.0946362665112665,0.6875,2.6,1.8484227510682365,2.7204309905780493,1.1561575034230653,4.5,0.48,0.7009605044423058,4.0,9.0,1.8525641025641026,0.8175848554519286,0.2,0.0
375,2,30.0,78.0,2.6,0.0896551724137931,0.10714285714285714,0.03571428571428571,0.44,0.28,0.12,0.48,0.7,0.0,0.14285714285714285,0.5714285714285714,0.654867857142857,0.2843257732006291,0.2733809523809524,0.36131473414825316,0.0,0.28472222222222227,0.0893861607142857,0.75,3.12,2.9625439518539918,2.702691256112309,1.0968061718314555,4.5,0.6,0.735299574178219,4.0,10.0,1.7329545454545454,0.7189232569270864,0.3333333333333333,0.0
376,2,29.0,57.0,1.9655172413793103,0.07019704433497537,0.1111111111111111,0.25925925925925924,0.5,0.4583333333333333,0.16666666666666666,0.2916666666666667,0.6896551724137931,0.0,0.2,0.45,0.4975446428571428,0.3659291165962236,0.21875,0.385275875185561,0.0,0.2734375,0.08242187500000002,0.625,2.375,2.4461593676974345,2.6336263240928552,1.2846332556448894,5.666666666666666,0.3333333333333333,0.751964126143351,5.0,10.0,1.8571428571428572,0.9680113660709853,0.06896551724137931,0.0
377,2,29.0,75.0,2.586206896551724,0.09236453201970443,0.1111111111111111,0.037037037037037035,0.5,0.2916666666666667,0.08333333333333333,0.375,0.6896551724137931,0.0,0.1,0.6,0.3813524677200136,0.3138061267385641,0.21458333333333335,0.32457004261081535,0.0,0.23350694444444445,0.08496989678899082,0.625,3.125,2.5420378678806363,2.6579460269865063,1.0732797327288628,4.333333333333334,0.375,0.6742436243350395,3.0,8.0,1.6643835616438356,0.6975562986575939,0.20689655172413793,0.0
378,2,30.0,69.0,2.3,0.07931034482758621,0.10714285714285714,0.14285714285714285,0.48,0.32,0.12,0.4,0.7,0.0,0.14285714285714285,0.5714285714285714,0.4972645502645503,0.2532695234266951,0.22942857142857143,0.34903148580052334,0.0,0.32186948853615527,0.12135416666666668,0.75,2.76,1.8547236990991407,2.7567160018630608,1.198224937982355,5.166666666666666,0.56,0.6938474707734413,4.0,10.0,1.8571428571428572,0.8887721678734964,0.26666666666666666,0.0
379,2,30.0,60.0,2.0,0.06896551724137931,0.10714285714285714,0.07142857142857142,0.52,0.32,0.16,0.4,0.7,0.0,0.19047619047619047,0.5238095238095238,0.6590820105820105,0.28862717941382166,0.256,0.3817260992057194,0.0,0.3030753968253968,0.2032903439153439,0.875,2.4,1.892969448600091,2.777027819674878,1.2165675492391255,4.555555555555555,0.48,0.7768879111379208,5.0,9.0,2.0268456375838926,0.9996371552855878,0.23333333333333334,0.0
38,2,29.0,64.0,2.206896551724138,0.07881773399014778,0.1111111111111111,0.037037037037037035,0.4583333333333333,0.375,0.16666666666666666,0.2916666666666667,0.6896551724137931,0.0,0.2,0.5,0.34655392840539284,0.36444035640964423,0.21875,0.385275875185561,0.0,0.24609375,0.0,0.0,2.6666666666666665,2.8992752717617685,2.6389560630939943,1.2158247895761696,4.6,0.5,0.7190094716489945,4.0,9.0,1.7372262773722629,0.7976995692827186,0.2413793103448276,0.0
380,2,29.0,78.0,2.689655172413793,0.0960591133004926,0.1111111111111111,0.037037037037037035,0.5,0.2916666666666667,0.08333333333333333,0.375,0.6896551724137931,0.0,0.1,0.6,0.6043028973950026,0.37099927822996276,0.22152777777777777,0.3289743674825555,0.0,0.10937500000000001,0.1310581140350877,0.8125,3.25,3.039593794371644,2.5426432460461497,0.990329037639064,4.125,0.5,0.6107449010535795,4.0,9.0,1.5352112676056338,0.6033237940273171,0.1724137931034483,0.0
381,2,29.0,82.0,2.8275862068965516,0.10098522167487685,0.1111111111111111,0.037037037037037035,0.4583333333333333,0.2916666666666667,0.125,0.4583333333333333,0.6896551724137931,0.0,0.15,0.55,0.6196978557504873,0.26291353440818643,0.28055555555555556,0.3607448904786334,0.0,0.20312500000000008,0.15348318713450293,0.875,3.4166666666666665,2.8424830949237916,2.590475999096689,1.035145355955163,4.333333333333334,0.5416666666666666,0.6022110101792898,3.0,8.0,1.570469798657718,0.6498963904642591,0.06896551724137931,0.0
382,2,30.0,82.0,2.7333333333333334,0.09425287356321839,0.10714285714285714,0.03571428571428571,0.44,0.28,0.12,0.4,0.7,0.0,0.14285714285714285,0.5714285714285714,0.45253157894736845,0.3054745026105327,0.23327272727272727,0.3473203203941251,0.0,0.23793859649122806,0.05397321428571428,0.5625,3.28,3.611555528208494,2.7057130730050933,1.1738661311782261,5.0,0.52,0.72986730282448,4.0,11.0,1.797752808988764,0.8461247691635466,0.23333333333333334,0.0
383,2,29.0,76.0,2.6206896551724137,0.09359605911330049,0.1111111111111111,0.07407407407407407,0.5,0.2916666666666667,0.16666666666666666,0.4166666666666667,0.6896551724137931,0.0,0.2,0.5,0.6400519956509539,0.2614771961212547,0.25486111111111115,0.38001014373273584,0.0,0.13216145833333337,0.13649746159511783,0.875,3.1666666666666665,2.8691260094270903,2.7161676438036126,1.133683578995762,4.333333333333334,0.5416666666666666,0.6848596921133651,3.0,11.0,1.6818181818181819,0.7112958390484602,0.13793103448275862,0.0
384,2,30.0,76.0,2.533333333333333,0.08735632183908046,0.10714285714285714,0.14285714285714285,0.44,0.28,0.12,0.48,0.7,0.0,0.14285714285714285,0.6190476190476191,0.6658323917137475,0.34375378252853916,0.27599999999999997,0.3530646252878212,0.0,0.21666666666666667,0.08298316854990584,0.6875,3.04,2.761038451983842,2.6684884559884563,1.119774308218625,5.0,0.48,0.6052595230596657,4.0,9.0,1.6137931034482758,0.6890634434642241,0.13333333333333333,0.0
385,2,29.0,78.0,2.689655172413793,0.0960591133004926,0.1111111111111111,0.07407407407407407,0.5,0.2916666666666667,0.08333333333333333,0.2916666666666667,0.6896551724137931,0.0,0.1,0.55,0.4229175445989606,0.3241181216879826,0.16041666666666665,0.30537901136081724,0.0,0.16369047619047628,0.0566233407079646,0.625,3.25,2.625129396396697,2.650348310693138,1.088691588617546,4.583333333333334,0.5,0.6601062791173848,4.0,10.0,1.7212121212121212,0.7373971924033719,0.2413793103448276,0.0
386,2,26.0,65.0,2.5,0.1,0.125,0.08333333333333333,0.5238095238095238,0.2857142857142857,0.14285714285714285,0.3333333333333333,0.6538461538461539,0.0,0.17647058823529413,0.5882352941176471,0.5922305764411027,0.3920410479830573,0.19047619047619047,0.3548306101575256,0.0,0.16666666666666674,0.06885964912280702,0.5333333333333333,3.0952380952380953,3.3749779540726172,2.7886904761904763,1.2972675911113503,5.125,0.42857142857142855,0.8388268711217466,4.0,9.0,1.6974789915966386,0.808373779218369,0.15384615384615385,0.0
387,2,29.0,60.0,2.0689655172413794,0.07389162561576355,0.1111111111111111,0.1111111111111111,0.5416666666666666,0.3333333333333333,0.16666666666666666,0.25,0.6896551724137931,0.0,0.2,0.55,0.5288377192982456,0.345797411199848,0.18541666666666667,0.3774857229280238,0.0,0.21250000000000002,0.0,0.0,2.5,2.1869176243407464,2.874671592775041,1.3744274250521469,6.0,0.2916666666666667,0.7695123892216817,5.0,11.0,1.8785714285714286,0.8852740675730703,0.20689655172413793,0.0
388,2,29.0,62.0,2.1379310344827585,0.07635467980295567,0.1111111111111111,0.14814814814814814,0.4583333333333333,0.3333333333333333,0.16666666666666666,0.375,0.6896551724137931,0.0,0.2,0.5,0.5476228956228956,0.3899360156208401,0.22152777777777777,0.37223957166286775,0.0,0.24845679012345684,0.12043030303030301,0.5333333333333333,2.5833333333333335,2.4832774042918904,2.5936781609195405,1.0752829905770347,4.416666666666666,0.2916666666666667,0.7765720172198876,4.0,9.0,1.653225806451613,0.7104831155910707,0.2413793103448276,0.0
389,2,30.0,74.0,2.466666666666667,0.08505747126436781,0.10714285714285714,0.07142857142857142,0.48,0.24,0.16,0.4,0.7,0.0,0.19047619047619047,0.5714285714285714,0.4191319444444444,0.4247270943914528,0.24038095238095242,0.3783339326915448,0.0,0.3729423868312758,0.009521484375,0.3125,2.96,2.730689778548026,2.9362675931154194,1.3725726282533384,5.222222222222222,0.52,0.7774079717036294,5.0,11.0,1.861842105263158,0.9353211872124562,0.13333333333333333,0.0
39,2,30.0,90.0,3.0,0.10344827586206896,0.10714285714285714,0.07142857142857142,0.56,0.36,0.16,0.4,0.7,0.0,0.19047619047619047,0.5714285714285714,0.6771061554512258,0.23969321654168835,0.2833333333333333,0.39234574699515373,0.0,0.27777777777777785,0.12631940369066247,0.75,3.6,3.617089069035118,2.8073540913950117,1.3120776945692358,5.0,0.4,0.9114335498582387,4.0,11.0,1.6139240506329113,0.7548120240478301,0.23333333333333334,0.0
390,2,30.0,72.0,2.4,0.08275862068965517,0.10714285714285714,0.03571428571428571,0.48,0.28,0.16,0.4,0.7,0.0,0.19047619047619047,0.5714285714285714,0.4341439962476548,0.3621348610453003,0.223,0.3687698519452257,0.0,0.33265582655826553,0.07166466346153845,0.625,2.88,2.368543856465403,2.723397435897436,1.174827404912471,5.0,0.48,0.75177360499595,5.0,10.0,1.738562091503268,0.8092495047399858,0.16666666666666666,0.0
391,2,30.0,102.0,3.4,0.11724137931034483,0.10714285714285714,0.03571428571428571,0.44,0.28,0.16,0.52,0.7,0.0,0.19047619047619047,0.5714285714285714,0.7085885475919604,0.21469637242322795,0.30193939393939395,0.37742951389009144,0.0,0.3150793650793651,0.11672236442927567,0.8125,4.08,3.239341496868358,2.6851030728057586,1.0489320975252114,4.0625,0.64,0.7131109647776892,4.0,10.0,1.5567567567567568,0.6326877365912055,0.16666666666666666,0.0
392,2,30.0,74.0,2.466666666666667,0.08505747126436781,0.10714285714285714,0.10714285714285714,0.48,0.24,0.12,0.4,0.7,0.0,0.14285714285714285,0.5714285714285714,0.5804065934065934,0.329951038830374,0.22266666666666665,0.3395898942788143,0.0,0.2671957671957672,0.019591346153846154,0.375,2.96,2.2634781495153278,2.626643323996265,1.0149433643148613,4.0588235294117645,0.48,0.5606749121283195,3.0,6.0,1.475,0.5935578525887328,0.06666666666666667,0.0
393,2,29.0,60.0,2.0689655172413794,0.07389162561576355,0.1111111111111111,0.18518518518518517,0.4166666666666667,0.2916666666666667,0.125,0.4583333333333333,0.6896551724137931,0.0,0.15,0.6,0.5484977393329001,0.32122038163706057,0.24583333333333332,0.3434427150933975,0.0,0.23148148148148145,0.05902913147065193,0.5333333333333333,2.5,1.744556751977294,2.6830901856763925,1.1237953958759959,4.666666666666666,0.5416666666666666,0.7018780344263142,4.0,9.0,1.8518518518518519,0.8509741434460328,0.06896551724137931,0.0
394,2,29.0,67.0,2.310344827586207,0.08251231527093596,0.1111111111111111,0.14814814814814814,0.4583333333333333,0.2916666666666667,0.125,0.4166666666666667,0.6896551724137931,0.0,0.15,0.6,0.4718013468013467,0.3211875260464224,0.2375992063492063,0.3525494667060844,0.0,0.271604938271605,0.05050505050505051,0.6666666666666666,2.7916666666666665,2.484371439474251,2.6766488980059613,1.1778550047447676,4.833333333333334,0.5833333333333334,0.6183502349700037,4.0,9.0,1.7424242424242424,0.8615733178338558,0.0,0.0
395,2,27.0,76.0,2.814814814814815,0.10826210826210826,0.12,0.04,0.45454545454545453,0.3181818181818182,0.13636363636363635,0.36363636363636365,0.6666666666666666,0.0,0.16666666666666666,0.5555555555555556,0.5688230640147761,0.29093399774059886,0.23636363636363636,0.36585900816135974,0.0,0.26953125,0.20015950198216054,0.8125,3.4545454545454546,3.1581681358068905,2.6606886638589535,1.1164079319014708,4.260869565217391,0.4090909090909091,0.729651379285085,3.0,9.0,1.635135135135135,0.6715668413721703,0.14814814814814814,0.0
396,2,30.0,67.0,2.2333333333333334,0.07701149425287357,0.10714285714285714,0.14285714285714285,0.48,0.32,0.16,0.28,0.7,0.0,0.19047619047619047,0.5238095238095238,0.34416161616161617,0.37073121234430517,0.19127272727272726,0.3718437421754484,0.0,0.28703703703703703,0.01303661616161616,0.4375,2.68,2.478574859336174,2.7054738562091507,1.1796195748332663,5.0,0.44,0.6210283471749398,4.0,10.0,1.7328244274809161,0.8116879608939918,0.06666666666666667,0.0
397,2,29.0,86.0,2.9655172413793105,0.10591133004926108,0.1111111111111111,0.037037037037037035,0.4166666666666667,0.3333333333333333,0.125,0.4166666666666667,0.6896551724137931,0.0,0.15,0.55,0.5296458565589001,0.3035696294120161,0.2513888888888889,0.36088714719600656,0.0,0.2692592592592593,0.07647714604236344,0.6,3.5833333333333335,3.1473476295841993,2.5936536247475606,1.0400515945622932,4.2,0.375,0.7339715550380002,4.0,8.0,1.5666666666666667,0.6697356652422947,0.2413793103448276,0.0
398,2,30.0,68.0,2.2666666666666666,0.07816091954022988,0.10714285714285714,0.10714285714285714,0.48,0.4,0.24,0.36,0.7,0.0,0.2857142857142857,0.5238095238095238,0.6438888888888888,0.3293629278950576,0.2813333333333334,0.4346220154298402,0.0,0.33333333333333337,0.15169270833333331,0.75,2.72,2.979373535941183,2.787002801120448,1.3424807112708512,5.333333333333334,0.56,0.8372984952951832,5.0,11.0,1.9072847682119205,0.9616027827017657,0.2,0.0
399,2,27.0,69.0,2.5555555555555554,0.09829059829059829,0.12,0.08,0.36363636363636365,0.45454545454545453,0.2727272727272727,0.5,0.6666666666666666,0.0,0.3333333333333333,0.4444444444444444,0.6674883758217092,0.3159630796187603,0.34873737373737373,0.43816976722431633,0.0,0.2644675925925926,0.07882241215574548,0.6153846153846154,3.1363636363636362,2.996751487948155,2.5668577307466194,1.2165667710976233,4.642857142857142,0.5454545454545454,0.802527329928577,4.0,9.0,1.626086956521739,0.8106838088837535,0.1111111111111111,0.0
4,2,29.0,85.0,2.9310344827586206,0.10467980295566502,0.1111111111111111,0.037037037037037035,0.4166666666666667,0.375,0.125,0.375,0.6896551724137931,0.0,0.15,0.55,0.47674913015611403,0.3102682531490085,0.21921296296296297,0.35429645406954774,0.0,0.22916666666666669,0.058869832440598825,0.75,3.5416666666666665,3.425977063638885,2.608108175349554,1.0932614740181825,4.333333333333334,0.5416666666666666,0.6948773856427461,3.0,10.0,1.5298013245033113,0.6089110172525762,0.1724137931034483,0.0
40,2,29.0,74.0,2.5517241379310347,0.09113300492610837,0.1111111111111111,0.037037037037037035,0.4583333333333333,0.2916666666666667,0.08333333333333333,0.3333333333333333,0.6896551724137931,0.0,0.1,0.55,0.36396358681376406,0.28669488650328107,0.17301587301587304,0.3039899211510555,0.0,0.2048611111111111,0.03961657801418439,0.3125,3.0833333333333335,3.091596838931744,2.952094840025875,1.5206690296233254,6.0,0.5416666666666666,0.8837915449574676,6.0,9.0,1.8273381294964028,1.122420117902311,0.13793103448275862,0.0
400,2,29.0,86.0,2.9655172413793105,0.10591133004926108,0.1111111111111111,0.037037037037037035,0.4583333333333333,0.375,0.125,0.3333333333333333,0.6896551724137931,0.0,0.15,0.6,0.5009434076003086,0.3193659322661843,0.20277777777777775,0.35340533401849133,0.0,0.26128472222222227,0.06739128960503471,0.75,3.5833333333333335,3.682115019182963,2.637317431509809,1.138082347443371,4.342857142857143,0.4166666666666667,0.6895225067369225,4.0,9.0,1.5666666666666667,0.6991525710983104,0.10344827586206896,0.0
401,2,29.0,80.0,2.7586206896551726,0.09852216748768473,0.1111111111111111,0.07407407407407407,0.5833333333333334,0.3333333333333333,0.125,0.25,0.6896551724137931,0.0,0.15,0.5,0.28269033635466767,0.33347999290390207,0.18402777777777776,0.3577803001231338,0.0,0.203125,0.056764908203847574,0.625,3.3333333333333335,3.3965028903355834,2.7506124227263657,1.2284341303890474,4.8,0.5,0.7198394866808554,4.0,10.0,1.6142857142857143,0.7735344861305792,0.13793103448275862,0.0
402,2,30.0,76.0,2.533333333333333,0.08735632183908046,0.10714285714285714,0.14285714285714285,0.48,0.28,0.12,0.44,0.7,0.0,0.14285714285714285,0.6190476190476191,0.6377285714285713,0.23740453863813632,0.256,0.3474070619124871,0.0,0.18981481481481483,0.16953125,0.875,3.04,2.7459060435491964,2.8603306878306873,1.3176789921597563,5.833333333333334,0.68,0.7683848932968819,5.0,11.0,1.9941176470588236,1.068633252101669,0.16666666666666666,0.0
403,2,29.0,68.0,2.3448275862068964,0.08374384236453201,0.1111111111111111,0.14814814814814814,0.4166666666666667,0.2916666666666667,0.08333333333333333,0.375,0.6896551724137931,0.0,0.1,0.6,0.4521341355668646,0.32572181763857505,0.2104166666666667,0.3213728289216158,0.0,0.14453125000000003,0.07578986429177269,0.5625,2.8333333333333335,2.2198054491067585,2.622708482281985,1.0541659517447668,4.272727272727273,0.5,0.717265273205743,4.0,9.0,1.7234042553191489,0.7569335032005634,0.13793103448275862,0.0
404,2,29.0,76.0,2.6206896551724137,0.09359605911330049,0.1111111111111111,0.037037037037037035,0.5,0.20833333333333334,0.125,0.4166666666666667,0.6896551724137931,0.0,0.15,0.6,0.6041530820726829,0.27935729325021336,0.23194444444444448,0.3525242536853215,0.0,0.31278935185185186,0.05930897887323944,0.625,3.1666666666666665,3.143892169113708,2.7772819472616637,1.1838347198032928,4.666666666666666,0.7083333333333334,0.6952095199909974,4.0,9.0,1.6853146853146854,0.7909664299030187,0.06896551724137931,0.0
405,2,29.0,67.0,2.310344827586207,0.08251231527093596,0.1111111111111111,0.14814814814814814,0.4583333333333333,0.2916666666666667,0.125,0.375,0.6896551724137931,0.0,0.15,0.55,0.559623015873016,0.40997764777891627,0.23263888888888884,0.360303118719639,0.0,0.13750000000000007,0.20947420634920635,0.75,2.7916666666666665,2.084709690281508,2.529581912340533,1.0058157228627065,4.214285714285714,0.4583333333333333,0.6600653603318636,4.0,8.0,1.5478260869565217,0.6913434450131307,0.10344827586206896,0.0
406,2,30.0,60.0,2.0,0.06896551724137931,0.10714285714285714,0.21428571428571427,0.4,0.24,0.12,0.52,0.7,0.0,0.14285714285714285,0.5714285714285714,0.7187651515151515,0.2277045686848175,0.29266666666666663,0.34514087301016994,0.0,0.30694444444444446,0.1645833333333333,0.875,2.4,1.4142135623730951,2.731011904761904,1.1192771107633497,4.8,0.76,0.705889690131279,4.0,8.0,1.8859060402684564,0.8425364002264304,0.16666666666666666,0.0
407,2,30.0,70.0,2.3333333333333335,0.08045977011494253,0.10714285714285714,0.14285714285714285,0.4,0.36,0.2,0.48,0.7,0.0,0.23809523809523808,0.5714285714285714,0.7093022312373225,0.29025507988940136,0.32333333333333336,0.4055745809844852,0.0,0.31018518518518523,0.10475035919540229,0.8125,2.8,2.06155281280883,2.6434313725490197,1.1403228481698584,4.833333333333334,0.48,0.6418125042709909,4.0,11.0,1.7880794701986755,0.8133000391260191,0.13333333333333333,0.0
408,2,29.0,71.0,2.4482758620689653,0.0874384236453202,0.1111111111111111,0.1111111111111111,0.5833333333333334,0.20833333333333334,0.08333333333333333,0.25,0.6896551724137931,0.0,0.1,0.55,0.5782536008230452,0.23102622487768898,0.16666666666666666,0.32228052112952293,0.0,0.203125,0.14617091049382716,0.9375,2.9583333333333335,2.851074041200228,2.8913882296368687,1.1577523567081465,4.4,0.625,0.6820645767860932,4.0,9.0,1.7483443708609272,0.7591095050242103,0.06896551724137931,0.0
409,2,28.0,80.0,2.857142857142857,0.10582010582010581,0.11538461538461539,0.038461538461538464,0.43478260869565216,0.34782608695652173,0.17391304347826086,0.391304347826087,0.7142857142857143,0.0,0.2,0.6,0.5886593002173314,0.37692919911509004,0.25024154589371983,0.3849565918540264,0.0,0.19410211267605637,0.16051879084967316,0.8,3.4782608695652173,3.0281942596716447,2.481612951124505,0.9828013589022152,4.0625,0.5217391304347826,0.6533881205478868,4.0,9.0,1.5107913669064748,0.629779193819872,0.17857142857142858,0.0
41,2,28.0,68.0,2.4285714285714284,0.08994708994708994,0.11538461538461539,0.038461538461538464,0.5217391304347826,0.30434782608695654,0.08695652173913043,0.34782608695652173,0.6785714285714286,0.0,0.10526315789473684,0.5263157894736842,0.501810384860974,0.23877968919429432,0.1971014492753623,0.32425719986527796,0.0,0.25,0.07475940142412105,0.625,2.9565217391304346,2.9615453716163618,2.7480017006802724,1.1967753563761738,4.625,0.6086956521739131,0.6535496064465791,4.0,9.0,1.681159420289855,0.7348022947404736,0.14285714285714285,0.0
410,2,30.0,59.0,1.9666666666666666,0.067816091954023,0.10714285714285714,0.17857142857142858,0.44,0.36,0.16,0.4,0.7,0.0,0.19047619047619047,0.5238095238095238,0.4313623188405797,0.3695789236825576,0.26,0.3821236953115032,0.0,0.3277777777777778,0.07232789855072462,0.625,2.36,2.0182500670960803,2.677857142857143,1.2205192955657789,5.5,0.52,0.6254889056041678,5.0,8.0,1.7876106194690264,0.9205135157852725,0.1,0.0
411,2,30.0,50.0,1.6666666666666667,0.05747126436781609,0.10714285714285714,0.25,0.48,0.32,0.12,0.36,0.7,0.0,0.14285714285714285,0.5238095238095238,0.4866666666666667,0.41365578819969523,0.21466666666666667,0.351857504827883,0.0,0.19629629629629633,0.02239583333333333,0.25,2.0,1.6832508230603465,2.593088023088023,1.0790927222855955,5.0,0.36,0.5354221495289163,4.0,5.0,1.5,0.6750527405556144,0.0,0.0
412,2,30.0,59.0,1.9666666666666666,0.067816091954023,0.10714285714285714,0.17857142857142858,0.52,0.36,0.16,0.4,0.7,0.0,0.19047619047619047,0.5714285714285714,0.7104407713498623,0.29359361320562005,0.268,0.3815756805667782,0.0,0.28703703703703703,0.09174845041322313,0.75,2.36,2.1962088546705507,2.848019480519481,1.3868482276759369,5.833333333333334,0.48,0.8623545089865499,5.0,9.0,2.030534351145038,1.1227639747701612,0.13333333333333333,0.0
413,2,29.0,93.0,3.206896551724138,0.1145320197044335,0.1111111111111111,0.1111111111111111,0.4583333333333333,0.3333333333333333,0.125,0.4166666666666667,0.6896551724137931,0.0,0.15,0.5,0.5977306556009745,0.29054298427427755,0.2513888888888889,0.3608871471960066,0.0,0.2981770833333333,0.10901820858902926,0.6875,3.875,3.6153356931152385,2.7960269800648,1.250715747793858,4.666666666666666,0.5,0.9602203731289115,4.0,11.0,1.611764705882353,0.7231443118689205,0.27586206896551724,0.0
414,2,29.0,94.0,3.2413793103448274,0.11576354679802955,0.1111111111111111,0.037037037037037035,0.5833333333333334,0.20833333333333334,0.041666666666666664,0.2916666666666667,0.6896551724137931,0.0,0.05,0.55,0.49980223854304734,0.2496237011002203,0.13472222222222222,0.26052328735224045,0.0,0.17653245192307696,0.18152898469994055,0.875,3.9166666666666665,3.450477807702765,2.751193293409318,1.071998080757188,4.25,0.5833333333333334,0.672119160317968,3.0,10.0,1.5542168674698795,0.6179734631586615,0.20689655172413793,0.0
415,2,30.0,76.0,2.533333333333333,0.08735632183908046,0.10714285714285714,0.07142857142857142,0.4,0.24,0.12,0.52,0.7,0.0,0.14285714285714285,0.5238095238095238,0.7103854152838622,0.18539024046968583,0.27777777777777773,0.3494373784835868,0.0,0.2683691756272401,0.15816829561042522,0.875,3.04,2.188606862823929,2.666475376475377,1.0263765072084179,4.444444444444445,0.52,0.6719067600803332,3.0,7.0,1.6027397260273972,0.6693223753432249,0.13333333333333333,0.0
416,2,30.0,70.0,2.3333333333333335,0.08045977011494253,0.10714285714285714,0.07142857142857142,0.4,0.36,0.12,0.44,0.7,0.0,0.14285714285714285,0.5714285714285714,0.4179022988505747,0.3437392727640751,0.22727272727272727,0.34139975912567405,0.0,0.3076388888888889,0.06555316091954022,0.5625,2.8,2.73861278752583,2.644020456667515,1.172881673529603,5.0,0.36,0.767439529737676,4.0,8.0,1.6564885496183206,0.7919886592662433,0.13333333333333333,0.0
417,2,30.0,85.0,2.8333333333333335,0.09770114942528736,0.10714285714285714,0.03571428571428571,0.44,0.32,0.08,0.4,0.7,0.0,0.09523809523809523,0.5714285714285714,0.4648689501531607,0.2729237337863365,0.21822222222222223,0.31490543358088546,0.0,0.21499999999999994,0.15370413881927036,0.8125,3.4,2.7386127875258306,2.6939024443822044,1.1242043056273427,4.333333333333334,0.56,0.6890285670912378,4.0,11.0,1.7058823529411764,0.6987836183143832,0.3,0.0
418,2,30.0,75.0,2.5,0.08620689655172414,0.10714285714285714,0.03571428571428571,0.48,0.28,0.16,0.36,0.7,0.0,0.19047619047619047,0.5238095238095238,0.4430369446814096,0.39367359515880995,0.21600000000000003,0.370168880377592,0.0,0.2482993197278912,0.11721262057877813,0.5,3.0,3.0550504633038935,2.753039666158861,1.162888828872328,5.0,0.44,0.781880014748188,5.0,8.0,1.7142857142857142,0.8590249976322224,0.16666666666666666,0.0
419,2,30.0,65.0,2.1666666666666665,0.07471264367816093,0.10714285714285714,0.17857142857142858,0.44,0.32,0.16,0.4,0.7,0.0,0.19047619047619047,0.5714285714285714,0.6146410934744267,0.2844929681330419,0.25999999999999995,0.38136572317765377,0.0,0.29894179894179895,0.047636959876543206,0.5,2.6,2.0816659994661326,2.793042357968828,1.2758727513689607,4.9375,0.56,0.6538135216462887,4.0,9.0,1.765625,0.8275223906859646,0.06666666666666667,0.0
42,2,28.0,66.0,2.357142857142857,0.0873015873015873,0.11538461538461539,0.07692307692307693,0.4782608695652174,0.2608695652173913,0.08695652173913043,0.391304347826087,0.6785714285714286,0.0,0.10526315789473684,0.5789473684210527,0.4394153834541063,0.25106976517211527,0.18260869565217389,0.3001042857827776,0.0,0.1967592592592593,0.1250221836419753,0.8,2.869565217391304,2.379922608101649,2.8030113927291347,1.2145426576156246,4.666666666666666,0.6086956521739131,0.676405206776593,4.0,9.0,1.7638888888888888,0.7932063912856346,0.0,0.0
420,2,30.0,87.0,2.9,0.1,0.10714285714285714,0.10714285714285714,0.44,0.36,0.16,0.44,0.7,0.0,0.19047619047619047,0.5714285714285714,0.5803877688172043,0.320926860273825,0.268,0.37776511416683445,0.0,0.24629629629629632,0.035533486643145165,0.6875,3.48,3.137408697210698,2.687331857159444,1.1791519374782795,4.5,0.48,0.748499022103026,4.0,12.0,1.628930817610063,0.7075851169401107,0.2,0.0
421,2,30.0,73.0,2.433333333333333,0.0839080459770115,0.10714285714285714,0.14285714285714285,0.44,0.28,0.16,0.48,0.7,0.0,0.19047619047619047,0.6190476190476191,0.5579537414965987,0.3607500935382388,0.26860606060606057,0.3705847925379038,0.0,0.25888133030990174,0.05746527777777777,0.5625,2.92,2.3259406699226015,2.795555555555555,1.2752043391013925,5.5,0.56,0.6943287970123692,4.0,6.0,1.6492537313432836,0.7281396904581968,0.06666666666666667,0.0
422,2,28.0,72.0,2.5714285714285716,0.09523809523809523,0.11538461538461539,0.038461538461538464,0.5217391304347826,0.34782608695652173,0.08695652173913043,0.30434782608695654,0.6785714285714286,0.0,0.10526315789473684,0.631578947368421,0.4559697855750486,0.26798543505869926,0.19202898550724634,0.33089523370291674,0.0,0.16428571428571428,0.11417595638401559,0.6875,3.130434782608696,2.360746180690391,2.622884153661464,1.0968125900024555,4.285714285714286,0.5217391304347826,0.6750666730453581,4.0,10.0,1.686131386861314,0.7645820159284096,0.17857142857142858,0.0
423,2,29.0,52.0,1.793103448275862,0.06403940886699508,0.1111111111111111,0.2962962962962963,0.4583333333333333,0.375,0.16666666666666666,0.5,0.6896551724137931,0.0,0.2,0.5,0.6158854166666666,0.2542904875544668,0.3034722222222222,0.37609675901515943,0.0,0.193359375,0.06705729166666667,0.5,2.1666666666666665,1.4345630047135451,2.638752052545156,1.1705065135571744,4.857142857142858,0.5,0.6260628551080836,4.0,7.0,1.8288288288288288,0.8931443319569339,0.10344827586206896,0.0
424,2,29.0,75.0,2.586206896551724,0.09236453201970443,0.1111111111111111,0.14814814814814814,0.5,0.20833333333333334,0.041666666666666664,0.375,0.6896551724137931,0.0,0.05,0.6,0.5918890389231823,0.18292715743790253,0.1729166666666667,0.2786619382790025,0.0,0.2386831275720165,0.09756944444444444,0.875,3.125,2.21285768418007,2.8846743295019155,1.2435586854960925,5.0,0.625,0.6691960306285757,4.0,7.0,1.79375,0.8400125410863757,0.06896551724137931,0.0
425,2,27.0,74.0,2.740740740740741,0.10541310541310542,0.12,0.04,0.45454545454545453,0.3181818181818182,0.09090909090909091,0.36363636363636365,0.6666666666666666,0.0,0.1111111111111111,0.5555555555555556,0.4907863355780023,0.26735088240107885,0.20757575757575755,0.3225119362348455,0.0,0.24739583333333337,0.15129243827160493,0.75,3.3636363636363638,3.457847590150549,2.5679329995638236,1.069152435037762,4.333333333333334,0.5909090909090909,0.6375959976147865,4.0,8.0,1.5725190839694656,0.6797118660041523,0.1111111111111111,0.0
426,2,30.0,80.0,2.6666666666666665,0.09195402298850575,0.10714285714285714,0.03571428571428571,0.48,0.24,0.08,0.32,0.7,0.0,0.09523809523809523,0.5714285714285714,0.3585683946106417,0.3030510061470502,0.1637142857142857,0.3067575410066958,0.0,0.23435504469987237,0.01672185430463576,0.4375,3.2,2.82842712474619,2.8745899470899468,1.2202927092496758,5.0,0.44,0.7656811457641336,4.0,11.0,1.7359550561797752,0.7463276860185434,0.23333333333333334,0.0
427,2,29.0,63.0,2.1724137931034484,0.07758620689655173,0.1111111111111111,0.18518518518518517,0.5,0.20833333333333334,0.125,0.3333333333333333,0.6896551724137931,0.0,0.15,0.5,0.5073082010582011,0.38313463546281723,0.1798611111111111,0.33546345354367,0.0,0.2465277777777778,0.0078125,0.0625,2.625,2.2805891687284974,2.652422003284072,1.0719225279902367,5.0,0.4166666666666667,0.6584736236536336,4.0,7.0,1.5660377358490567,0.7039868495055356,0.0,0.0
428,2,30.0,75.0,2.5,0.08620689655172414,0.10714285714285714,0.07142857142857142,0.44,0.32,0.12,0.44,0.7,0.0,0.14285714285714285,0.5714285714285714,0.5893712322695035,0.25206891240459883,0.25666666666666665,0.3468776067636452,0.0,0.23444444444444448,0.1614115830008865,0.75,3.0,2.041241452319315,2.667550660840135,1.0408802217217559,3.947368421052632,0.6,0.7223092584713758,4.0,9.0,1.7305389221556886,0.7234216366959141,0.2,0.0
429,2,29.0,74.0,2.5517241379310347,0.09113300492610837,0.1111111111111111,0.07407407407407407,0.5,0.20833333333333334,0.08333333333333333,0.2916666666666667,0.6896551724137931,0.0,0.1,0.6,0.3693797080979284,0.3224476284721418,0.14384920634920634,0.2898449822013807,0.0,0.1041666666666668,0.09703831214689264,0.75,3.0833333333333335,3.04911486324726,2.851722850059564,1.2117741666457698,4.833333333333334,0.4583333333333333,0.7918794052803714,4.0,9.0,1.7843137254901962,0.8187054646030509,0.1724137931034483,0.0
43,2,29.0,69.0,2.3793103448275863,0.08497536945812807,0.1111111111111111,0.07407407407407407,0.4583333333333333,0.3333333333333333,0.16666666666666666,0.375,0.6896551724137931,0.0,0.2,0.55,0.5095711210465309,0.3649215587016481,0.2263888888888889,0.3759662805656689,0.0,0.26780303030303027,0.07015596539162113,0.5625,2.875,2.997281376877038,2.797750332792649,1.2915067569954104,5.285714285714286,0.4166666666666667,0.8488855756068054,4.0,10.0,1.7857142857142858,0.8714968045667121,0.1724137931034483,0.0
430,2,29.0,67.0,2.310344827586207,0.08251231527093596,0.1111111111111111,0.14814814814814814,0.4583333333333333,0.2916666666666667,0.08333333333333333,0.4583333333333333,0.6896551724137931,0.0,0.1,0.6,0.6011048577632384,0.2875057173475279,0.2534722222222222,0.33286122968688237,0.0,0.20763888888888893,0.13831877905475207,0.8125,2.7916666666666665,2.084709690281508,2.668769592476489,1.1397227659672873,4.75,0.5833333333333334,0.6910328848899887,4.0,9.0,1.7718120805369129,0.7808588944849881,0.1724137931034483,0.0
431,2,30.0,77.0,2.566666666666667,0.08850574712643679,0.10714285714285714,0.03571428571428571,0.44,0.32,0.16,0.44,0.7,0.0,0.19047619047619047,0.5714285714285714,0.5102151898734177,0.3722976034311021,0.2872727272727273,0.38627648056384706,0.0,0.30046296296296293,0.06856540084388185,0.5,3.08,3.174376579214676,2.610244755244755,1.1462663915349511,5.0,0.44,0.7624258005288709,4.0,9.0,1.546875,0.6971186480426549,0.1,0.0
432,2,30.0,73.0,2.433333333333333,0.0839080459770115,0.10714285714285714,0.14285714285714285,0.48,0.36,0.12,0.4,0.7,0.0,0.14285714285714285,0.5238095238095238,0.41466923868312755,0.375619089748455,0.22688888888888886,0.34883580629443184,0.0,0.3029513888888889,0.04477880658436213,0.5625,2.92,2.2715633383201097,2.6879853479853475,1.1294934668764525,4.428571428571429,0.4,0.7505781635414923,3.0,8.0,1.703448275862069,0.7371504626585409,0.1,0.0
433,2,28.0,86.0,3.0714285714285716,0.11375661375661375,0.11538461538461539,0.038461538461538464,0.43478260869565216,0.21739130434782608,0.08695652173913043,0.43478260869565216,0.7142857142857143,0.0,0.1,0.65,0.5888530031521036,0.25951811492768107,0.22601794340924777,0.3241438372427221,0.0,0.21515151515151518,0.05994073275862069,0.5625,3.739130434782609,2.5975056444832854,2.7582859105180533,1.2224336865524754,4.75,0.7391304347826086,0.6994325651463874,3.0,12.0,1.6726190476190477,0.7217495693331728,0.32142857142857145,0.0
434,2,29.0,60.0,2.0689655172413794,0.07389162561576355,0.1111111111111111,0.1111111111111111,0.5,0.2916666666666667,0.16666666666666666,0.3333333333333333,0.6896551724137931,0.0,0.2,0.55,0.5414747807017543,0.36871741916658424,0.22013888888888888,0.3788164624700533,0.0,0.2743055555555556,0.032938596491228066,0.6666666666666666,2.5,2.553769592276246,2.9527640941434043,1.4530942980824333,5.666666666666666,0.5833333333333334,0.9767977354749688,5.0,10.0,2.0392156862745097,0.9859696866081716,0.20689655172413793,0.0
435,2,30.0,81.0,2.7,0.09310344827586207,0.10714285714285714,0.03571428571428571,0.44,0.28,0.08,0.44,0.7,0.0,0.09523809523809523,0.6190476190476191,0.5410760233918129,0.24988202761922165,0.21793939393939393,0.3073977192833912,0.0,0.3277777777777778,0.08000730994152047,0.8125,3.24,3.3699653806332592,2.638935359231412,1.0312038736784435,4.333333333333334,0.52,0.644380053545144,4.0,8.0,1.6352201257861636,0.6973855665649732,0.1,0.0
436,2,30.0,69.0,2.3,0.07931034482758621,0.10714285714285714,0.10714285714285714,0.48,0.28,0.12,0.32,0.7,0.0,0.14285714285714285,0.6190476190476191,0.4681569264069263,0.363944468484658,0.18400000000000002,0.3371819489039511,0.0,0.2722222222222222,0.020034327651515155,0.4375,2.76,2.437211521390788,2.7201307189542487,1.1148430400136027,4.666666666666666,0.4,0.7105892731692953,4.0,8.0,1.7132867132867133,0.7748000889132414,0.2,0.0
437,2,30.0,78.0,2.6,0.0896551724137931,0.10714285714285714,0.14285714285714285,0.44,0.28,0.08,0.52,0.7,0.0,0.09523809523809523,0.5714285714285714,0.5874502564102564,0.20984576365876786,0.25866666666666666,0.3088629085796744,0.0,0.3472222222222222,0.09254700854700854,0.6875,3.12,2.08806130178211,2.6581267860679625,1.037770601713931,4.25,0.44,0.71508766720844,4.0,11.0,1.755813953488372,0.7713593455958642,0.3,0.0
438,2,30.0,81.0,2.7,0.09310344827586207,0.10714285714285714,0.03571428571428571,0.56,0.28,0.12,0.36,0.7,0.0,0.14285714285714285,0.5714285714285714,0.4577572091886608,0.31606549977659476,0.20133333333333334,0.3392843776080604,0.0,0.21354166666666666,0.07077834799608992,0.75,3.24,2.8618176042508368,2.8531613756613763,1.2350223675112055,4.75,0.56,0.6564114058955139,4.0,9.0,1.7740112994350283,0.801137160461052,0.13333333333333333,0.0
439,2,30.0,74.0,2.466666666666667,0.08505747126436781,0.10714285714285714,0.03571428571428571,0.4,0.24,0.12,0.48,0.7,0.0,0.14285714285714285,0.6190476190476191,0.5575925925925925,0.29606486760248174,0.25060606060606055,0.3400657357364563,0.0,0.2666666666666668,0.10031828703703703,0.8125,2.96,2.353720459187964,2.648033973823447,1.115550471134028,5.0,0.6,0.6424472138992077,4.0,9.0,1.8533333333333333,0.9368422375598051,0.13333333333333333,0.0
44,2,29.0,69.0,2.3793103448275863,0.08497536945812807,0.1111111111111111,0.14814814814814814,0.4166666666666667,0.2916666666666667,0.125,0.4583333333333333,0.6896551724137931,0.0,0.15,0.6,0.5262323421177587,0.3140710347340522,0.26458333333333334,0.3543488448756879,0.0,0.3773148148148148,0.09356770833333332,0.75,2.875,1.8012676695569996,2.5766283524904217,1.035016474949973,4.5,0.625,0.6051845441392494,4.0,9.0,1.7448275862068965,0.7886284713985307,0.13793103448275862,0.0
440,2,29.0,82.0,2.8275862068965516,0.10098522167487685,0.1111111111111111,0.07407407407407407,0.4583333333333333,0.3333333333333333,0.125,0.4166666666666667,0.6896551724137931,0.0,0.15,0.6,0.6600604264610327,0.3152653496432185,0.24444444444444444,0.35663709299939567,0.0,0.17303240740740738,0.1626112616099071,0.6875,3.4166666666666665,3.3220824619593614,2.697494066731816,1.1356181826222533,4.5,0.2916666666666667,0.8001565285312537,4.0,9.0,1.5671641791044777,0.7504160369299498,0.20689655172413793,0.0
441,2,28.0,77.0,2.75,0.10185185185185185,0.11538461538461539,0.038461538461538464,0.4782608695652174,0.30434782608695654,0.08695652173913043,0.30434782608695654,0.6785714285714286,0.0,0.10526315789473684,0.631578947368421,0.37362327389501304,0.3007719775830424,0.161231884057971,0.30831908951182396,0.0,0.12244897959183673,0.06393835241491491,0.75,3.347826086956522,3.2558855191535825,2.728316896246482,1.1953000197634707,4.666666666666666,0.5217391304347826,0.6920474670443496,4.0,9.0,1.6283783783783783,0.7121912664962573,0.17857142857142858,0.0
442,2,29.0,62.0,2.1379310344827585,0.07635467980295567,0.1111111111111111,0.1111111111111111,0.4166666666666667,0.3333333333333333,0.08333333333333333,0.4166666666666667,0.6896551724137931,0.0,0.1,0.55,0.47351190476190474,0.26522631136682145,0.2125,0.3160080870976423,0.0,0.21111111111111114,0.08730158730158728,0.6666666666666666,2.5833333333333335,1.9763089590064795,2.643062397372742,1.1207012617664671,4.625,0.5,0.6071232065797763,4.0,8.0,1.7265625,0.7706714911323076,0.0,0.0
443,2,28.0,73.0,2.607142857142857,0.09656084656084656,0.11538461538461539,0.19230769230769232,0.5652173913043478,0.30434782608695654,0.13043478260869565,0.34782608695652173,0.6785714285714286,0.0,0.15789473684210525,0.5789473684210527,0.574987381930925,0.3262088045214167,0.24637681159420288,0.37561251396882134,0.0,0.17361111111111116,0.10688225538971809,0.5333333333333333,3.1739130434782608,3.0548348253672697,2.7032476452119307,1.1741254518172746,4.5,0.43478260869565216,0.7317088442673919,4.0,10.0,1.646153846153846,0.7456492770498323,0.14285714285714285,0.0
444,2,30.0,78.0,2.6,0.0896551724137931,0.10714285714285714,0.03571428571428571,0.52,0.36,0.16,0.24,0.7,0.0,0.19047619047619047,0.5714285714285714,0.43871153846153843,0.36426619906608304,0.2,0.3818813079129867,0.0,0.1851851851851852,0.11759314903846153,0.625,3.12,2.7282473006187202,2.7204737484737485,1.204924325658831,4.6,0.56,0.7858647355587696,5.0,11.0,1.853658536585366,0.9415031868164737,0.23333333333333334,0.0
445,2,29.0,80.0,2.7586206896551726,0.09852216748768473,0.1111111111111111,0.037037037037037035,0.4583333333333333,0.375,0.125,0.4166666666666667,0.7241379310344828,0.0,0.14285714285714285,0.5714285714285714,0.4888199955908288,0.29048397993295944,0.2541035353535353,0.3605765754397149,0.0,0.21759259259259262,0.14875935048348843,0.6666666666666666,3.3333333333333335,2.615450192633178,2.6071540412898373,1.1307799253314363,4.533333333333333,0.5,0.7443445290644717,4.0,10.0,1.655844155844156,0.7265269710108122,0.2413793103448276,0.0
446,2,29.0,55.0,1.896551724137931,0.06773399014778325,0.1111111111111111,0.14814814814814814,0.5,0.3333333333333333,0.16666666666666666,0.375,0.6896551724137931,0.0,0.2,0.5,0.6105324074074074,0.3739468833705836,0.2527777777777778,0.3895887422446084,0.0,0.35590277777777773,0.05598958333333333,0.3125,2.2916666666666665,2.274225461398971,2.6576628352490417,1.095401255466974,4.5,0.25,0.7131949423640723,4.0,6.0,1.6263736263736264,0.7978909929495612,0.06896551724137931,0.0
447,2,28.0,94.0,3.357142857142857,0.12433862433862433,0.11538461538461539,0.038461538461538464,0.43478260869565216,0.2608695652173913,0.13043478260869565,0.4782608695652174,0.6785714285714286,0.0,0.15789473684210525,0.5789473684210527,0.6640615999819617,0.293044640716758,0.26473429951690824,0.3565548170055879,0.0,0.22793898809523813,0.01057028553498588,0.375,4.086956521739131,2.728853296937293,2.731241706288699,1.1558786371851484,4.3,0.6956521739130435,0.8079985962553253,4.0,11.0,1.6198830409356726,0.720671246175147,0.2857142857142857,0.0
448,2,30.0,73.0,2.433333333333333,0.0839080459770115,0.10714285714285714,0.07142857142857142,0.4,0.4,0.24,0.52,0.7,0.0,0.2857142857142857,0.5238095238095238,0.6213464696223318,0.3418144477157905,0.34904761904761905,0.4185151740011784,0.0,0.26785714285714296,0.08910338713621911,0.5625,2.92,2.82724836781867,2.591858141858142,1.131871725727171,5.0,0.4,0.7567928624659842,4.0,9.0,1.62015503875969,0.7520160242808617,0.13333333333333333,0.0
449,2,30.0,47.0,1.5666666666666667,0.054022988505747126,0.10714285714285714,0.32142857142857145,0.52,0.32,0.12,0.4,0.7,0.0,0.14285714285714285,0.5238095238095238,0.5769333333333333,0.2776153747476827,0.23933333333333334,0.35101967867174455,0.0,0.2592592592592593,0.06916666666666665,0.625,1.88,1.2688577540449522,2.6484920634920637,1.14202324587433,5.333333333333334,0.44,0.49770362768758375,5.0,6.0,2.018181818181818,1.040305337868005,0.06666666666666667,0.0
45,2,29.0,68.0,2.3448275862068964,0.08374384236453201,0.1111111111111111,0.18518518518518517,0.5416666666666666,0.3333333333333333,0.16666666666666666,0.2916666666666667,0.6896551724137931,0.0,0.2,0.5,0.28945188073824246,0.364993187544808,0.21319444444444446,0.38764055162286604,0.0,0.09765625000000001,0.03785483417650364,0.5,2.8333333333333335,2.632021320560314,2.891235632183908,1.3905275602689584,5.25,0.375,0.9814187530072308,5.0,11.0,1.8865248226950355,1.0148342481238732,0.2413793103448276,0.0
450,2,30.0,75.0,2.5,0.08620689655172414,0.10714285714285714,0.14285714285714285,0.44,0.28,0.12,0.36,0.7,0.0,0.14285714285714285,0.6190476190476191,0.4900333054042731,0.37829288436967945,0.19876190476190478,0.3365007673689754,0.0,0.25998075998076,0.012352390552995392,0.375,3.0,2.48327740429189,2.6998477339653815,1.1361666817556357,5.0,0.44,0.7598239580358991,4.0,10.0,1.6216216216216217,0.6741626744623058,0.2,0.0
451,2,30.0,79.0,2.6333333333333333,0.09080459770114943,0.10714285714285714,0.03571428571428571,0.48,0.28,0.16,0.36,0.7,0.0,0.19047619047619047,0.47619047619047616,0.6003454523436917,0.31153944887430685,0.24333333333333332,0.38783587594066987,0.0,0.15343915343915346,0.09603030145572507,0.75,3.16,2.9251780572585098,2.686670412920413,1.0675857317572701,4.153846153846153,0.52,0.631012865449744,4.0,10.0,1.6602564102564104,0.7405037071353688,0.06666666666666667,0.0
452,2,29.0,82.0,2.8275862068965516,0.10098522167487685,0.1111111111111111,0.037037037037037035,0.4583333333333333,0.2916666666666667,0.08333333333333333,0.4166666666666667,0.6896551724137931,0.0,0.1,0.6,0.44738681457431456,0.2967539561589415,0.2076388888888889,0.31060091231527137,0.0,0.3359375,0.10269548160173161,0.75,3.4166666666666665,3.1611316997538093,2.5837573130846705,1.0198662972085497,4.222222222222222,0.5833333333333334,0.6365328960620684,3.0,9.0,1.5816993464052287,0.6346816347065515,0.10344827586206896,0.0
453,2,29.0,68.0,2.3448275862068964,0.08374384236453201,0.1111111111111111,0.1111111111111111,0.4583333333333333,0.25,0.125,0.4583333333333333,0.6896551724137931,0.0,0.15,0.55,0.6791087962962962,0.2296514568008513,0.24814814814814815,0.3500428110718883,0.0,0.240234375,0.17393663194444442,0.875,2.8333333333333335,2.5480882290824245,2.8075184580789365,1.2945805874719274,6.0,0.4583333333333333,0.6936189434877704,5.0,8.0,1.8478260869565217,0.9956267432473114,0.1724137931034483,0.0
454,2,30.0,81.0,2.7,0.09310344827586207,0.10714285714285714,0.07142857142857142,0.48,0.24,0.12,0.4,0.7,0.0,0.14285714285714285,0.6190476190476191,0.5478943965517241,0.2507300936117004,0.21933333333333332,0.34499329032659515,0.0,0.25462962962962965,0.0558941720545977,0.6875,3.24,2.847220867208349,2.7850396825396824,1.092960883880341,4.375,0.64,0.646311270136158,4.0,7.0,1.6333333333333333,0.708686910042315,0.06666666666666667,0.0
455,2,29.0,69.0,2.3793103448275863,0.08497536945812807,0.1111111111111111,0.037037037037037035,0.5,0.25,0.125,0.375,0.6896551724137931,0.0,0.15,0.6,0.7316130050505051,0.29368394873996434,0.20277777777777775,0.3465031200989759,0.0,0.30229377104377103,0.00909090909090909,0.13333333333333333,2.875,2.472676775234201,2.8202754142409314,1.2126197548071933,5.0,0.5416666666666666,0.6938338371932269,5.0,8.0,1.672,0.8109731310930336,0.06896551724137931,0.0
456,2,29.0,64.0,2.206896551724138,0.07881773399014778,0.1111111111111111,0.14814814814814814,0.5416666666666666,0.20833333333333334,0.08333333333333333,0.3333333333333333,0.6896551724137931,0.0,0.1,0.55,0.6127525252525252,0.1959425169005203,0.19930555555555554,0.3321893109738509,0.0,0.3181818181818182,0.1297979797979798,0.8666666666666667,2.6666666666666665,2.42570772580179,2.9120950888192274,1.2649021990261804,5.333333333333334,0.5416666666666666,0.6987281736476304,5.0,8.0,1.8333333333333333,0.8928621378481659,0.06896551724137931,0.0
457,2,30.0,57.0,1.9,0.06551724137931035,0.10714285714285714,0.25,0.52,0.32,0.12,0.24,0.7,0.0,0.14285714285714285,0.5238095238095238,0.3411904761904762,0.3534745471458585,0.156,0.3339535895899309,0.0,0.24537037037037035,0.015811011904761904,0.5,2.28,1.8147543451754933,2.7389285714285716,1.2142441455101929,5.333333333333334,0.52,0.6922357325548685,5.0,7.0,1.8682170542635659,0.8959966950382016,0.1,0.0
458,2,30.0,79.0,2.6333333333333333,0.09080459770114943,0.10714285714285714,0.07142857142857142,0.4,0.32,0.12,0.4,0.7,0.0,0.14285714285714285,0.5238095238095238,0.45495319148936164,0.32853330123998187,0.2326666666666667,0.34742705069633767,0.0,0.2851851851851852,0.02172207446808511,0.375,3.16,2.7184554438136375,2.5724024994613233,0.9955070645333306,4.1764705882352935,0.56,0.6482020337889728,3.0,8.0,1.5153846153846153,0.6001887995542037,0.06666666666666667,0.0
459,2,30.0,79.0,2.6333333333333333,0.09080459770114943,0.10714285714285714,0.10714285714285714,0.4,0.28,0.12,0.52,0.7,0.0,0.14285714285714285,0.5238095238095238,0.6961440696439748,0.24908996947777357,0.2986666666666667,0.3573928225771045,0.0,0.24074074074074078,0.13989664859467402,0.875,3.16,1.9078784028338909,2.644314868854343,1.0454346441599986,4.25,0.56,0.6456403477362517,4.0,12.0,1.7567567567567568,0.7300016901933012,0.23333333333333334,0.0
46,2,28.0,75.0,2.6785714285714284,0.0992063492063492,0.11538461538461539,0.15384615384615385,0.43478260869565216,0.30434782608695654,0.08695652173913043,0.391304347826087,0.6785714285714286,0.0,0.10526315789473684,0.5789473684210527,0.46863536856321336,0.30517919107388175,0.20072463768115945,0.3124713425595195,0.0,0.10714285714285716,0.08842019977454911,0.6875,3.260869565217391,2.9266392656602473,2.630132929240072,1.1178673004162651,4.333333333333334,0.6521739130434783,0.6568243222418837,4.0,9.0,1.6312056737588652,0.7112498809212102,0.10714285714285714,0.0
460,2,30.0,69.0,2.3,0.07931034482758621,0.10714285714285714,0.10714285714285714,0.48,0.28,0.08,0.36,0.7,0.0,0.09523809523809523,0.5714285714285714,0.36364583333333333,0.3280825053930363,0.20466666666666666,0.3262979778827481,0.0,0.22430555555555565,0.026692708333333332,0.375,2.76,2.06720423116182,2.6092087542087543,1.0312878216195442,4.375,0.48,0.5414323799924042,3.0,8.0,1.6204379562043796,0.665664052141498,0.0,0.0
461,2,30.0,63.0,2.1,0.07241379310344828,0.10714285714285714,0.14285714285714285,0.4,0.4,0.24,0.48,0.7,0.0,0.2857142857142857,0.5238095238095238,0.6463760022909507,0.326812762736409,0.3213333333333333,0.42082700765322845,0.0,0.24228395061728392,0.07459293116408933,0.625,2.52,2.32952069462082,2.5166105427678316,1.072629585034073,5.0,0.36,0.5927738919285785,4.0,9.0,1.781021897810219,0.8376729713139258,0.13333333333333333,0.0
462,2,29.0,92.0,3.1724137931034484,0.11330049261083744,0.1111111111111111,0.07407407407407407,0.4166666666666667,0.3333333333333333,0.125,0.4583333333333333,0.6896551724137931,0.0,0.15,0.55,0.5807559143163715,0.26438406399030184,0.28124999999999994,0.3626696671071535,0.0,0.22743055555555558,0.15452160960234876,0.75,3.8333333333333335,3.409279748832164,2.56467733866314,1.0703182219634604,4.3076923076923075,0.5416666666666666,0.6428550430394988,3.0,10.0,1.5460122699386503,0.6206572978141808,0.2413793103448276,0.0
463,2,28.0,61.0,2.1785714285714284,0.08068783068783068,0.11538461538461539,0.07692307692307693,0.43478260869565216,0.391304347826087,0.17391304347826086,0.30434782608695654,0.6785714285714286,0.0,0.21052631578947367,0.5263157894736842,0.5451581027667984,0.3629282260078452,0.22101449275362317,0.38730542170153354,0.0,0.14999999999999997,0.10684974747474749,0.5625,2.652173913043478,1.7992093125030306,2.6476010101010106,1.2062196840111574,4.555555555555555,0.4782608695652174,0.7748329519917719,4.0,11.0,1.8601398601398602,0.8607350167349899,0.17857142857142858,0.0
464,2,29.0,72.0,2.4827586206896552,0.08866995073891626,0.1111111111111111,0.07407407407407407,0.4583333333333333,0.2916666666666667,0.08333333333333333,0.4166666666666667,0.6896551724137931,0.0,0.1,0.65,0.5874185171723902,0.25600500750753896,0.23750000000000002,0.33997904169561766,0.0,0.3249158249158249,0.12553098450774614,0.875,3.0,2.1669453555438456,2.7138719855758393,1.101130024983015,4.333333333333334,0.5833333333333334,0.7161618946925363,3.0,11.0,1.774390243902439,0.729115940961626,0.27586206896551724,0.0
465,2,29.0,85.0,2.9310344827586206,0.10467980295566502,0.1111111111111111,0.1111111111111111,0.5416666666666666,0.25,0.125,0.3333333333333333,0.6896551724137931,0.0,0.15,0.55,0.6204083838416157,0.3032236253904633,0.20486111111111108,0.353535598610242,0.0,0.18125000000000008,0.1700668756227831,0.6875,3.5416666666666665,3.1619912090006044,2.861791768633561,1.2297076772968143,4.5,0.5416666666666666,0.7908897055668883,4.0,10.0,1.6602564102564104,0.7661954174364259,0.3103448275862069,0.0
466,2,29.0,78.0,2.689655172413793,0.0960591133004926,0.1111111111111111,0.1111111111111111,0.375,0.3333333333333333,0.16666666666666666,0.375,0.6896551724137931,0.0,0.2,0.55,0.46825063613231555,0.32305770326471184,0.2388888888888889,0.37743306239140123,0.0,0.22916666666666669,0.058142140231834886,0.625,3.25,2.9818290272626444,2.5928915579871066,1.0630368232094753,4.157894736842105,0.4583333333333333,0.6568591380335755,3.0,10.0,1.6,0.6450638592808743,0.20689655172413793,0.0
467,2,30.0,70.0,2.3333333333333335,0.08045977011494253,0.10714285714285714,0.14285714285714285,0.44,0.32,0.08,0.36,0.7,0.0,0.09523809523809523,0.6190476190476191,0.40198417627920735,0.2883574921586181,0.18504761904761907,0.30604695592184045,0.0,0.21919879062736214,0.0727649456521739,0.6875,2.8,2.179449471770337,2.5750000000000006,1.0181941605897196,4.333333333333334,0.52,0.5655960027080045,4.0,7.0,1.6569343065693432,0.7320193283809036,0.1,0.0
468,2,29.0,62.0,2.1379310344827585,0.07635467980295567,0.1111111111111111,0.18518518518518517,0.5,0.2916666666666667,0.125,0.3333333333333333,0.6896551724137931,0.0,0.15,0.55,0.3863258185721954,0.3322470603942635,0.20277777777777775,0.35340533401849133,0.0,0.2523148148148148,0.0390625,0.1875,2.5833333333333335,2.320357293826641,2.8037082649151612,1.3041015355831032,5.0,0.5,0.6813243283411647,5.0,8.0,1.7672413793103448,0.9450811662469009,0.06896551724137931,0.0
469,2,29.0,89.0,3.0689655172413794,0.10960591133004927,0.1111111111111111,0.037037037037037035,0.5,0.25,0.08333333333333333,0.4166666666666667,0.6896551724137931,0.0,0.1,0.55,0.5583479564914376,0.22426956433593082,0.2215277777777778,0.3273550557547269,0.0,0.14351851851851855,0.1321031212664277,0.875,3.7083333333333335,3.2097564131697065,2.8476913747024244,1.2495801405717164,4.666666666666666,0.625,0.7186930257442325,4.0,11.0,1.7457627118644068,0.8242052716029292,0.2413793103448276,0.0
47,2,30.0,63.0,2.1,0.07241379310344828,0.10714285714285714,0.21428571428571427,0.44,0.28,0.08,0.4,0.7,0.0,0.09523809523809523,0.5238095238095238,0.49364814814814806,0.2260659541262189,0.21,0.31284240500669075,0.0,0.2465277777777778,0.14579307568438005,0.8125,2.52,1.8284784202536637,2.581696581196581,1.006536065665476,4.24,0.52,0.5211914465610684,4.0,8.0,1.7142857142857142,0.7743171827921032,0.06666666666666667,0.0
470,2,29.0,78.0,2.689655172413793,0.0960591133004926,0.1111111111111111,0.037037037037037035,0.4583333333333333,0.375,0.16666666666666666,0.375,0.6896551724137931,0.0,0.2,0.55,0.6704297693920336,0.35444019745675076,0.25138888888888894,0.39293017494620186,0.0,0.31250000000000006,0.0415880503144654,0.4375,3.25,3.4797551138225105,2.4951652642578237,0.9654707545698875,3.947368421052632,0.4166666666666667,0.6771335479161101,3.0,8.0,1.5193798449612403,0.6262584230196834,0.13793103448275862,0.0
471,2,29.0,63.0,2.1724137931034484,0.07758620689655173,0.1111111111111111,0.18518518518518517,0.4583333333333333,0.3333333333333333,0.16666666666666666,0.375,0.6896551724137931,0.0,0.2,0.5,0.47127633621645587,0.34082425240214537,0.2388888888888889,0.3774330623914012,0.0,0.203125,0.08563955422488355,0.75,2.625,1.8838558977475588,2.712055664641871,1.2567788449747128,5.0,0.5,0.6934101702029124,4.0,12.0,1.9171974522292994,0.8912810101016547,0.2413793103448276,0.0
472,2,30.0,91.0,3.033333333333333,0.10459770114942529,0.10714285714285714,0.03571428571428571,0.4,0.28,0.16,0.52,0.7,0.0,0.19047619047619047,0.5714285714285714,0.7141605515755959,0.22618689631769734,0.30393939393939395,0.3730797175748749,0.0,0.3253858024691358,0.24187159069625885,0.875,3.64,2.7367864366808012,2.7832078549469856,1.1973561532323351,5.0,0.44,0.793378605854111,4.0,11.0,1.7142857142857142,0.7765302381324356,0.26666666666666666,0.0
473,2,29.0,76.0,2.6206896551724137,0.09359605911330049,0.1111111111111111,0.037037037037037035,0.5,0.25,0.125,0.2916666666666667,0.6896551724137931,0.0,0.15,0.55,0.3099700225734233,0.3485720412285598,0.18171296296296294,0.3478114967473571,0.0,0.19762073863636362,0.008534663865546218,0.1875,3.1666666666666665,3.3056824154603937,2.8285292338350945,1.2329915944482532,5.0,0.375,0.7368593484925867,4.0,8.0,1.65625,0.8365423776511858,0.13793103448275862,0.0
474,2,29.0,55.0,1.896551724137931,0.06773399014778325,0.1111111111111111,0.14814814814814814,0.5416666666666666,0.2916666666666667,0.125,0.25,0.6896551724137931,0.0,0.15,0.6,0.49705387205387197,0.36444565144665175,0.1585648148148148,0.33748214865680626,0.0,0.109375,0.023437499999999997,0.125,2.2916666666666665,2.1765382699552314,2.7802681992337166,1.2885207347488197,5.25,0.3333333333333333,0.648997551489832,4.0,8.0,1.8333333333333333,0.8824463069183516,0.1724137931034483,0.0
475,2,30.0,76.0,2.533333333333333,0.08735632183908046,0.10714285714285714,0.03571428571428571,0.48,0.24,0.12,0.4,0.7,0.0,0.14285714285714285,0.5714285714285714,0.536016563146998,0.3962042147355184,0.23799999999999996,0.3530790489604485,0.0,0.3747795414462082,0.02747584541062802,0.4375,3.04,2.6532998322843198,2.702782276203329,1.0797802179087284,4.5,0.4,0.6585743098151576,3.0,8.0,1.588235294117647,0.6828110549919151,0.16666666666666666,0.0
476,2,29.0,82.0,2.8275862068965516,0.10098522167487685,0.1111111111111111,0.037037037037037035,0.4583333333333333,0.3333333333333333,0.08333333333333333,0.375,0.6896551724137931,0.0,0.1,0.55,0.45869770233196155,0.3033307893446954,0.21875,0.33134597780089453,0.0,0.19097222222222227,0.0889917695473251,0.625,3.4166666666666665,3.574263884891626,2.591330466900544,1.0531607390403397,4.076923076923077,0.5416666666666666,0.6723707980347514,3.0,9.0,1.5390070921985815,0.6493703598371698,0.10344827586206896,0.0
477,2,30.0,90.0,3.0,0.10344827586206896,0.10714285714285714,0.03571428571428571,0.52,0.24,0.16,0.32,0.7,0.0,0.19047619047619047,0.5238095238095238,0.5060773261065943,0.30428710662337305,0.22333333333333333,0.38091021592048774,0.0,0.2711934156378601,0.01486280487804878,0.25,3.6,3.13581462037113,2.8635966810966806,1.228801470693003,4.6,0.6,0.723906736095108,4.0,12.0,1.6331360946745561,0.7039617391431972,0.16666666666666666,0.0
478,2,29.0,60.0,2.0689655172413794,0.07389162561576355,0.1111111111111111,0.1111111111111111,0.5416666666666666,0.2916666666666667,0.125,0.375,0.7241379310344828,0.0,0.14285714285714285,0.6190476190476191,0.5776608314043209,0.2932859682906719,0.23750000000000002,0.36066397437983594,0.0,0.26388888888888895,0.07671199845679012,0.6666666666666666,2.5,2.0216222500108993,2.858639636225843,1.3293986273992842,5.0,0.4166666666666667,0.8217938390306708,4.0,10.0,1.891304347826087,0.9176674859258576,0.06896551724137931,0.0
479,2,27.0,65.0,2.4074074074074074,0.09259259259259259,0.12,0.04,0.5454545454545454,0.3181818181818182,0.09090909090909091,0.3181818181818182,0.6666666666666666,0.0,0.1111111111111111,0.5555555555555556,0.5022887606220938,0.35634139370536233,0.19696969696969696,0.33879011168973006,0.0,0.20634920634920642,0.04764660493827161,0.4375,2.9545454545454546,2.9028274021041844,2.5729851424295873,1.036418769854657,4.0,0.4090909090909091,0.6064798641228417,3.0,7.0,1.5537190082644627,0.5909090909090908,0.1111111111111111,0.0
48,2,29.0,64.0,2.206896551724138,0.07881773399014778,0.1111111111111111,0.2222222222222222,0.4583333333333333,0.25,0.08333333333333333,0.4166666666666667,0.6896551724137931,0.0,0.1,0.6,0.5462654320987653,0.23756555703382068,0.22569444444444445,0.32459484841871383,0.0,0.25,0.16511646412037037,0.9375,2.6666666666666665,1.6061476099435994,2.7026114689907796,1.1433891149376358,4.5,0.5833333333333334,0.5579264765125883,4.0,8.0,1.782312925170068,0.7982601526257915,0.0,0.0
480,2,29.0,54.0,1.8620689655172413,0.0665024630541872,0.1111111111111111,0.18518518518518517,0.4583333333333333,0.2916666666666667,0.041666666666666664,0.375,0.6896551724137931,0.0,0.05,0.65,0.4691872427983539,0.26378723116971853,0.19623015873015873,0.29534486537509713,0.0,0.16589506172839508,0.09262152777777777,0.75,2.25,1.4817733206914758,2.8387080352597596,1.3450328944783811,6.166666666666667,0.5416666666666666,0.5641418144221705,5.0,6.0,1.9090909090909092,0.9746794344808963,0.0,0.0
481,2,30.0,68.0,2.2666666666666666,0.07816091954022988,0.10714285714285714,0.07142857142857142,0.44,0.28,0.16,0.4,0.7,0.0,0.19047619047619047,0.6190476190476191,0.6810699588477367,0.34831282263652624,0.23466666666666666,0.3693688310257558,0.0,0.21764974851394608,0.1449652777777778,0.75,2.72,2.6695817400234563,2.8153511042098,1.3342446355470454,5.285714285714286,0.56,0.7537547251352369,5.0,9.0,1.8472222222222223,0.9410561277557445,0.06666666666666667,0.0
482,2,30.0,58.0,1.9333333333333333,0.06666666666666667,0.10714285714285714,0.21428571428571427,0.4,0.28,0.12,0.44,0.7,0.0,0.14285714285714285,0.5714285714285714,0.6960079365079365,0.2938596689383466,0.26933333333333337,0.3543277411495579,0.0,0.22916666666666666,0.11204737103174603,0.75,2.32,1.5737428845483834,2.6620308123249297,1.1253749442412802,5.0,0.56,0.683919225091831,4.0,7.0,1.7596899224806202,0.7981932116353629,0.1,0.0
483,2,29.0,53.0,1.8275862068965518,0.06527093596059114,0.1111111111111111,0.2222222222222222,0.5,0.2916666666666667,0.16666666666666666,0.375,0.6896551724137931,0.0,0.2,0.55,0.5788773148148147,0.3799880680031806,0.2534722222222222,0.3865797992961253,0.0,0.39583333333333337,0.012630208333333335,0.375,2.2083333333333335,1.5030162910010298,2.746934865900383,1.3139493645323197,5.333333333333334,0.4166666666666667,0.6163271917547646,5.0,9.0,2.0387596899224807,1.078215400378052,0.0,0.0
484,2,28.0,64.0,2.2857142857142856,0.08465608465608465,0.11538461538461539,0.07692307692307693,0.4782608695652174,0.2608695652173913,0.08695652173913043,0.30434782608695654,0.6785714285714286,0.0,0.10526315789473684,0.6842105263157895,0.4738261717094669,0.3782477444437875,0.15386473429951691,0.2976876596571406,0.0,0.08928571428571426,0.06794468810916178,0.8125,2.782608695652174,2.0661013294505457,2.878798185941043,1.3276601658086364,5.166666666666666,0.5652173913043478,0.8383567151285732,4.0,12.0,1.9171974522292994,0.8767786569749519,0.25,0.0
485,2,28.0,71.0,2.5357142857142856,0.09391534391534391,0.11538461538461539,0.07692307692307693,0.43478260869565216,0.2608695652173913,0.08695652173913043,0.43478260869565216,0.6785714285714286,0.0,0.10526315789473684,0.5789473684210527,0.5645652173913043,0.2646946738886325,0.23188405797101447,0.3197581568556362,0.0,0.23177083333333331,0.11955555555555554,0.8,3.0869565217391304,3.0138022417818275,2.708959373959374,1.203778152028386,4.68,0.6956521739130435,0.7181595080731223,4.0,9.0,1.7702702702702702,0.8418847869419427,0.25,0.0
486,2,28.0,52.0,1.8571428571428572,0.06878306878306878,0.11538461538461539,0.19230769230769232,0.4782608695652174,0.4782608695652174,0.17391304347826086,0.34782608695652173,0.0,0.0,NaN,NaN,0.5480791350356568,0.33680976146660496,0.25362318840579706,0.39205997408080395,0.0,0.23809523809523814,0.1589781746031746,0.625,2.260869565217391,2.19953282858693,2.499715320910973,1.1431345537866866,5.0,0.21739130434782608,0.560981050272507,4.0,7.0,1.690721649484536,0.8583028887270802,0.0,0.0
487,2,30.0,80.0,2.6666666666666665,0.09195402298850575,0.10714285714285714,0.14285714285714285,0.48,0.24,0.08,0.36,0.7,0.0,0.09523809523809523,0.5238095238095238,0.504166254708098,0.26939943827457313,0.20733333333333334,0.32766288005046124,0.0,0.27731481481481485,0.09312608506944442,0.75,3.2,2.753785273643051,2.706742207345655,1.0547805565277846,4.333333333333334,0.52,0.6673753046565379,4.0,11.0,1.6666666666666667,0.6773651374345779,0.13333333333333333,0.0
488,2,30.0,71.0,2.3666666666666667,0.08160919540229886,0.10714285714285714,0.10714285714285714,0.48,0.28,0.12,0.28,0.7,0.0,0.14285714285714285,0.5238095238095238,0.31347508305647837,0.3614255864269278,0.18933333333333333,0.34610531473655365,0.0,0.17777777777777778,0.0515656146179402,0.5625,2.84,2.5929391302792544,2.6346339771339773,1.0603428153057564,4.5,0.48,0.6589708537216562,4.0,9.0,1.619718309859155,0.660242748891489,0.1,0.0
489,2,29.0,68.0,2.3448275862068964,0.08374384236453201,0.1111111111111111,0.07407407407407407,0.5,0.375,0.16666666666666666,0.25,0.6896551724137931,0.0,0.2,0.55,0.4531313131313132,0.38679280422368884,0.20039682539682538,0.39015266268534765,0.0,0.20833333333333337,0.09155303030303032,0.625,2.8333333333333335,3.0024144873123677,2.6067098029932403,1.1166166254189644,4.333333333333334,0.375,0.7786126173665867,4.0,11.0,1.7123287671232876,0.7330512905759194,0.1724137931034483,0.0
49,2,28.0,64.0,2.2857142857142856,0.08465608465608465,0.11538461538461539,0.19230769230769232,0.5652173913043478,0.30434782608695654,0.08695652173913043,0.30434782608695654,0.0,0.0,NaN,NaN,0.3419156587119974,0.35892857804696354,0.16956521739130434,0.31069538225303517,0.0,0.2857142857142857,0.07717575187969924,0.6875,2.782608695652174,2.827728316304457,2.6444255479969767,1.0917393883586044,4.166666666666666,0.30434782608695654,0.5774441694020842,3.0,8.0,1.6,0.6599120175960899,0.17857142857142858,0.0
490,2,30.0,78.0,2.6,0.0896551724137931,0.10714285714285714,0.07142857142857142,0.48,0.32,0.12,0.4,0.7,0.0,0.14285714285714285,0.6190476190476191,0.6038091289890746,0.3461682092918953,0.2275555555555556,0.35324946593757955,0.0,0.2186379928315412,0.11029534805890227,0.75,3.12,3.2316146634976968,2.7681722199369263,1.1723560169687444,4.555555555555555,0.52,0.7132330300419184,4.0,9.0,1.729032258064516,0.8002408518880938,0.16666666666666666,0.0
491,2,30.0,72.0,2.4,0.08275862068965517,0.10714285714285714,0.07142857142857142,0.44,0.28,0.08,0.36,0.7,0.0,0.09523809523809523,0.5238095238095238,0.31719291617473433,0.33636993209776217,0.18971428571428572,0.3109542040346178,0.0,0.2873015873015873,0.015495867768595042,0.375,2.88,2.6507860469428057,2.648383560883561,1.055510332268824,4.5,0.44,0.7176167412206512,4.0,7.0,1.568,0.7109285159836464,0.16666666666666666,0.0
492,2,28.0,73.0,2.607142857142857,0.09656084656084656,0.11538461538461539,0.07692307692307693,0.4782608695652174,0.2608695652173913,0.13043478260869565,0.43478260869565216,0.6785714285714286,0.0,0.15789473684210525,0.5789473684210527,0.6244005591831678,0.22859624910958903,0.23792270531400966,0.3538336309946754,0.0,0.23728123728123737,0.05529868197278911,0.5,3.1739130434782608,2.405527232193004,2.7733967989109516,1.1938296163995146,5.0,0.5217391304347826,0.7632258867589543,5.0,9.0,1.8079470198675496,0.8847992750756485,0.21428571428571427,0.0
493,2,29.0,51.0,1.7586206896551724,0.06280788177339902,0.1111111111111111,0.25925925925925924,0.4166666666666667,0.5,0.20833333333333334,0.3333333333333333,0.6896551724137931,0.0,0.25,0.45,0.5349326599326598,0.3841233561409799,0.27777777777777773,0.4218279369287803,0.0,0.211489898989899,0.0,0.0,2.125,1.4237885773679595,2.544827586206897,1.1706827428006221,4.833333333333334,0.25,0.7483716528029065,4.0,8.0,1.74,0.8362977576162329,0.1724137931034483,0.0
494,2,29.0,75.0,2.586206896551724,0.09236453201970443,0.1111111111111111,0.07407407407407407,0.5416666666666666,0.16666666666666666,0.08333333333333333,0.4166666666666667,0.6896551724137931,0.0,0.1,0.6,0.633669918371889,0.24555147189578552,0.20902777777777778,0.31507913148640715,0.0,0.24768518518518529,0.08457673316542948,0.8125,3.125,2.675370758540239,2.8725643565907255,1.1198226922509131,4.333333333333334,0.75,0.7200745627095271,4.0,10.0,1.8,0.7889773172281898,0.1724137931034483,0.0
495,2,30.0,60.0,2.0,0.06896551724137931,0.10714285714285714,0.14285714285714285,0.48,0.28,0.12,0.32,0.7,0.0,0.14285714285714285,0.5714285714285714,0.5008985507246376,0.3674311000943308,0.17632034632034632,0.3354012219499776,0.0,0.16968599033816428,0.078125,0.5625,2.4,2.41522945769824,2.8863354700854695,1.4458832497074168,5.666666666666666,0.48,0.7447190035700451,5.0,7.0,1.8547008547008548,1.010845986298855,0.2,0.0
496,2,29.0,90.0,3.103448275862069,0.11083743842364532,0.1111111111111111,0.037037037037037035,0.4583333333333333,0.3333333333333333,0.08333333333333333,0.2916666666666667,0.6896551724137931,0.0,0.1,0.55,0.38014323200827843,0.3044490779499575,0.171875,0.3204749315676423,0.0,0.10416666666666669,0.10693851684234644,0.625,3.75,3.5783163395774493,2.645526940518452,1.1198020105322488,4.375,0.5416666666666666,0.7636274769345904,4.0,11.0,1.6280487804878048,0.7106161484861578,0.27586206896551724,0.0
497,2,29.0,71.0,2.4482758620689653,0.0874384236453202,0.1111111111111111,0.037037037037037035,0.4583333333333333,0.25,0.125,0.375,0.6896551724137931,0.0,0.15,0.6,0.43407600308641975,0.32129441812622106,0.225,0.3535875486910873,0.0,0.2041666666666667,0.08075810185185185,0.4375,2.9583333333333335,2.955895607185699,2.873467432950192,1.3368784686788207,5.5,0.5416666666666666,0.8200108043670125,5.0,8.0,1.7258064516129032,0.9485865366528317,0.06896551724137931,0.0
498,2,30.0,77.0,2.566666666666667,0.08850574712643679,0.10714285714285714,0.10714285714285714,0.44,0.24,0.16,0.56,0.7,0.0,0.19047619047619047,0.5714285714285714,0.7671731225296443,0.16933470370755863,0.294,0.36269566877500503,0.0,0.24831649831649838,0.21680253623188409,0.9375,3.08,2.08006410157636,2.8501014628073453,1.2010153626722928,4.888888888888889,0.6,0.814490976494547,5.0,10.0,1.8538011695906433,0.898839216269799,0.2,0.0
499,2,30.0,58.0,1.9333333333333333,0.06666666666666667,0.10714285714285714,0.14285714285714285,0.48,0.4,0.2,0.28,0.7,0.0,0.23809523809523808,0.47619047619047616,0.49493498452012374,0.36674457646094843,0.24,0.4112987559751022,0.0,0.34444444444444444,0.13554566563467493,0.625,2.32,2.340227909129081,2.7273946360153256,1.2553970333589843,5.166666666666666,0.16,0.6943081398769944,5.0,10.0,1.9305555555555556,0.9134027503268118,0.16666666666666666,0.0
5,2,28.0,86.0,3.0714285714285716,0.11375661375661375,0.11538461538461539,0.038461538461538464,0.4782608695652174,0.21739130434782608,0.13043478260869565,0.4782608695652174,0.6785714285714286,0.0,0.15789473684210525,0.631578947368421,0.6228213223291156,0.25799874601073675,0.232712215320911,0.34447012463384513,0.0,0.25838574423480093,0.18651515151515152,0.8,3.739130434782609,3.122024274909234,2.7704390847247993,1.1289459790941925,4.666666666666666,0.6086956521739131,0.7658290133966934,4.0,9.0,1.6,0.7327433054473117,0.14285714285714285,0.0
50,2,30.0,85.0,2.8333333333333335,0.09770114942528736,0.10714285714285714,0.03571428571428571,0.36,0.28,0.12,0.48,0.7,0.0,0.14285714285714285,0.6190476190476191,0.6761001188354129,0.3258668434479092,0.2599393939393939,0.3408670232181462,0.0,0.32891414141414144,0.0748207963741052,0.6875,3.4,3.082207001484488,2.6589133762860424,1.08299272217224,4.5,0.56,0.6790964135271406,4.0,9.0,1.6329113924050633,0.751681176314001,0.23333333333333334,0.0
500,2,30.0,85.0,2.8333333333333335,0.09770114942528736,0.10714285714285714,0.10714285714285714,0.56,0.28,0.12,0.24,0.7,0.0,0.14285714285714285,0.5714285714285714,0.3420414078674948,0.32583211555195396,0.14800000000000002,0.33023981185395157,0.0,0.21666666666666667,0.013541666666666665,0.3125,3.4,2.91547594742265,2.699182299182299,1.1101476843653788,4.333333333333334,0.36,0.6932679218538385,3.0,11.0,1.5732484076433122,0.6425492264495459,0.16666666666666666,0.0
501,2,29.0,72.0,2.4827586206896552,0.08866995073891626,0.1111111111111111,0.07407407407407407,0.4583333333333333,0.375,0.20833333333333334,0.375,0.6896551724137931,0.0,0.25,0.5,0.6495693886657742,0.3396372737844919,0.28402777777777777,0.41602789200282675,0.0,0.175,0.1209454484605087,0.875,3.0,2.9042697203764756,2.7486323477702785,1.2817442393091596,5.666666666666666,0.375,0.7670572875780954,5.0,10.0,1.8082191780821917,0.9707094347960559,0.1724137931034483,0.0
502,2,29.0,60.0,2.0689655172413794,0.07389162561576355,0.1111111111111111,0.2222222222222222,0.5,0.2916666666666667,0.125,0.375,0.6896551724137931,0.0,0.15,0.6,0.6198367604617604,0.3483500517290414,0.23402777777777775,0.3601019436532748,0.0,0.13541666666666669,0.05298802759740259,0.625,2.5,1.7693034738587656,2.673771630668182,1.1517475093927045,4.75,0.4166666666666667,0.6303548341488147,4.0,7.0,1.7235772357723578,0.7923901693365137,0.13793103448275862,0.0
503,2,30.0,70.0,2.3333333333333335,0.08045977011494253,0.10714285714285714,0.10714285714285714,0.6,0.2,0.08,0.24,0.7,0.0,0.09523809523809523,0.5714285714285714,0.38784151715454834,0.2871907025303604,0.12200000000000001,0.287981480886069,0.0,0.21913580246913578,0.07700734773371104,0.75,2.8,2.4832774042918895,2.984671717171717,1.3073674762668201,5.272727272727273,0.52,0.7051907423004051,4.0,11.0,1.9006211180124224,0.9028079041530608,0.2,0.0
504,2,28.0,66.0,2.357142857142857,0.0873015873015873,0.11538461538461539,0.038461538461538464,0.4782608695652174,0.2608695652173913,0.08695652173913043,0.391304347826087,0.6785714285714286,0.0,0.10526315789473684,0.5789473684210527,0.5761387163561075,0.2738079306044533,0.21618357487922701,0.3263103302986147,0.0,0.17142857142857146,0.02611607142857143,0.25,2.869565217391304,2.8810406552003043,2.675132275132275,1.1784159641088767,5.0,0.43478260869565216,0.6876734582210504,4.0,8.0,1.6528925619834711,0.803230392453424,0.07142857142857142,0.0
505,2,30.0,71.0,2.3666666666666667,0.08160919540229886,0.10714285714285714,0.10714285714285714,0.4,0.28,0.16,0.48,0.7,0.0,0.19047619047619047,0.5238095238095238,0.5059982570806101,0.34462366595700317,0.278,0.374435377404235,0.0,0.35620915032679745,0.09873842592592591,0.6875,2.84,1.8184242262647805,2.7345039682539682,1.175769384778992,4.833333333333334,0.64,0.7976969480741695,4.0,9.0,1.8205128205128205,0.8307569769031637,0.2,0.0
506,2,28.0,58.0,2.0714285714285716,0.07671957671957672,0.11538461538461539,0.11538461538461539,0.5217391304347826,0.43478260869565216,0.17391304347826086,0.2608695652173913,0.6785714285714286,0.0,0.21052631578947367,0.5263157894736842,0.29626588296309103,0.37783389107881954,0.2080745341614907,0.3893962332562385,0.0,0.13125000000000003,0.07713717693836979,0.4,2.5217391304347827,2.777663590099212,2.6286514605842335,1.196445778406626,4.571428571428571,0.30434782608695654,0.6859473750760664,4.0,9.0,1.7118644067796611,0.7963774275419686,0.17857142857142858,0.0
507,2,29.0,71.0,2.4482758620689653,0.0874384236453202,0.1111111111111111,0.037037037037037035,0.4583333333333333,0.25,0.125,0.4166666666666667,0.6896551724137931,0.0,0.15,0.55,0.4921440972222222,0.2934165575848964,0.2388888888888889,0.35024720968267425,0.0,0.2275390625,0.1298177083333333,0.75,2.9583333333333335,2.7103532044280914,2.633613006331059,1.0608777237244482,4.6,0.5833333333333334,0.6811126125319484,4.0,7.0,1.5873015873015872,0.6843372416560861,0.20689655172413793,0.0
508,2,30.0,76.0,2.533333333333333,0.08735632183908046,0.10714285714285714,0.07142857142857142,0.44,0.32,0.08,0.4,0.7,0.0,0.09523809523809523,0.6190476190476191,0.46590904499540853,0.2995937855833019,0.21593939393939393,0.3191301164435973,0.0,0.31631944444444443,0.07181359044995408,0.6875,3.04,2.85014619508076,2.6149911816578486,1.0896872212169453,4.714285714285714,0.48,0.6880255319838473,4.0,10.0,1.6527777777777777,0.7873070365825329,0.06666666666666667,0.0
509,2,28.0,54.0,1.9285714285714286,0.07142857142857142,0.11538461538461539,0.11538461538461539,0.43478260869565216,0.391304347826087,0.17391304347826086,0.391304347826087,0.6785714285714286,0.0,0.21052631578947367,0.5263157894736842,0.4466403162055336,0.3560270356725119,0.26014492753623186,0.38595085030268195,0.0,0.28125,0.059848484848484845,0.6666666666666666,2.347826086956522,2.4791621688160173,2.6490070221637043,1.3556684205404304,6.333333333333333,0.5217391304347826,0.7363194350792119,6.0,8.0,1.9158878504672898,1.190540509300275,0.0,0.0
51,2,30.0,71.0,2.3666666666666667,0.08160919540229886,0.10714285714285714,0.14285714285714285,0.44,0.36,0.16,0.44,0.7,0.0,0.19047619047619047,0.5714285714285714,0.6691220238095238,0.31025043507510763,0.2733333333333333,0.37770628408465357,0.0,0.2604166666666667,0.06234886532738094,0.75,2.84,2.32163735324878,2.716646909971718,1.2095460636535618,4.833333333333334,0.48,0.7905083711045432,4.0,9.0,1.8414634146341464,0.8284735345358387,0.16666666666666666,0.0
510,2,28.0,70.0,2.5,0.09259259259259259,0.11538461538461539,0.07692307692307693,0.5652173913043478,0.2608695652173913,0.043478260869565216,0.2608695652173913,0.7142857142857143,0.0,0.05,0.65,0.409791427815504,0.29043179586539575,0.15217391304347827,0.2793979976784361,0.0,0.12760416666666669,0.1042342799188641,0.8,3.0434782608695654,2.9151369977095443,2.7511335828037504,1.142416931370474,4.333333333333334,0.4782608695652174,0.7108833487153148,4.0,10.0,1.7152777777777777,0.7541326184538144,0.21428571428571427,0.0
511,2,29.0,83.0,2.8620689655172415,0.1022167487684729,0.1111111111111111,0.037037037037037035,0.4166666666666667,0.375,0.125,0.4583333333333333,0.6896551724137931,0.0,0.15,0.6,0.635707502374169,0.30739491877775216,0.26805555555555555,0.3579975395519945,0.0,0.3352029914529915,0.20148895640432096,0.75,3.4583333333333335,3.1065032301352242,2.601071330997126,1.0960553420664991,4.428571428571429,0.5833333333333334,0.7272510021604716,4.0,8.0,1.631578947368421,0.7249956430681214,0.2413793103448276,0.0
512,2,29.0,60.0,2.0689655172413794,0.07389162561576355,0.1111111111111111,0.14814814814814814,0.5,0.25,0.125,0.375,0.6896551724137931,0.0,0.15,0.55,0.4638352736928104,0.353530009332136,0.21527777777777776,0.34483478739218465,0.0,0.2233455882352941,0.07145182291666666,0.4375,2.5,2.303116980547657,2.630316091954023,1.0653520992781533,5.0,0.4583333333333333,0.6108785418762733,4.0,6.0,1.5673076923076923,0.6934425599989692,0.06896551724137931,0.0
513,2,30.0,89.0,2.966666666666667,0.10229885057471265,0.10714285714285714,0.03571428571428571,0.48,0.28,0.12,0.4,0.7,0.0,0.14285714285714285,0.5714285714285714,0.5299559359227561,0.2811311258883501,0.23733333333333334,0.3510988042850194,0.0,0.2736961451247167,0.1023790322580645,0.75,3.56,3.001110905425967,2.946490394137453,1.360550551646863,5.333333333333334,0.6,0.9370002244883765,5.0,11.0,1.8177083333333333,0.8701561262892271,0.3333333333333333,0.0
514,2,30.0,59.0,1.9666666666666666,0.067816091954023,0.10714285714285714,0.17857142857142858,0.52,0.24,0.12,0.32,0.7,0.0,0.14285714285714285,0.5714285714285714,0.3584166666666666,0.37589412010816686,0.21,0.3544688253544282,0.0,0.22135416666666677,0.034374999999999996,0.3125,2.36,1.7048949136725895,2.92271164021164,1.3763108761870804,6.0,0.4,0.9250680423589636,5.0,9.0,1.7016129032258065,0.7961271981313733,0.13333333333333333,0.0
515,2,27.0,62.0,2.2962962962962963,0.08831908831908832,0.12,0.12,0.5,0.2727272727272727,0.13636363636363635,0.36363636363636365,0.7037037037037037,0.0,0.15789473684210525,0.631578947368421,0.6328535061935754,0.3445683938246399,0.22348484848484845,0.35763254067692746,0.0,0.23660714285714293,0.25204003079291765,0.7333333333333333,2.8181818181818183,2.7191799120211586,2.6495109828443164,1.106466460622098,4.333333333333334,0.5,0.7842333313810185,4.0,8.0,1.626086956521739,0.7189279246164303,0.18518518518518517,0.0
516,2,29.0,64.0,2.206896551724138,0.07881773399014778,0.1111111111111111,0.07407407407407407,0.4166666666666667,0.2916666666666667,0.125,0.4166666666666667,0.6896551724137931,0.0,0.15,0.5,0.5239528218694885,0.3590134430565117,0.2569444444444444,0.36358775385098246,0.0,0.29156378600823046,0.07912698412698412,0.5333333333333333,2.6666666666666665,1.7856107630448046,2.6828512483684896,1.1682312318783903,5.333333333333334,0.4583333333333333,0.7644237796063243,5.0,8.0,1.8484848484848484,0.9368197663253264,0.10344827586206896,0.0
517,2,30.0,80.0,2.6666666666666665,0.09195402298850575,0.10714285714285714,0.07142857142857142,0.44,0.4,0.2,0.48,0.7,0.0,0.23809523809523808,0.5714285714285714,0.6422920634920634,0.22797076844368058,0.31166666666666665,0.4034572812303402,0.0,0.3619047619047619,0.1209126984126984,0.875,3.2,3.149073937948531,2.7390035273368607,1.2853860391835614,5.5,0.44,0.7960213224128074,4.0,12.0,1.8588235294117648,0.9186166751658688,0.13333333333333333,0.0
518,2,29.0,75.0,2.586206896551724,0.09236453201970443,0.1111111111111111,0.037037037037037035,0.5416666666666666,0.2916666666666667,0.041666666666666664,0.2916666666666667,0.6896551724137931,0.0,0.05,0.65,0.41708780360074743,0.23886899417315216,0.14761904761904762,0.26844276905939934,0.0,0.16406250000000006,0.12138271032667156,0.75,3.125,2.9238524318915724,2.8032469643270863,1.21475399391862,4.666666666666666,0.5416666666666666,0.7266642716349648,4.0,11.0,1.8448275862068966,0.8217081631344367,0.2413793103448276,0.0
519,2,29.0,73.0,2.5172413793103448,0.08990147783251232,0.1111111111111111,0.037037037037037035,0.5,0.3333333333333333,0.125,0.2916666666666667,0.6896551724137931,0.0,0.15,0.65,0.4547694688823722,0.3224823232826351,0.17857142857142858,0.3394150892053011,0.0,0.195679012345679,0.0,0.0,3.0416666666666665,2.6780779393578826,2.857105538140021,1.3919613001890434,5.5,0.5416666666666666,0.7319149717508816,5.0,11.0,1.8013245033112584,0.8870916341218184,0.20689655172413793,0.0
52,2,29.0,65.0,2.2413793103448274,0.08004926108374384,0.1111111111111111,0.14814814814814814,0.4166666666666667,0.375,0.125,0.375,0.6896551724137931,0.0,0.15,0.5,0.4139110520094562,0.33987021695162023,0.22777777777777777,0.34872669235109044,0.0,0.15,0.1646553634751773,0.75,2.7083333333333335,2.789408019894055,2.477167783663027,0.9729036093306328,4.1,0.4583333333333333,0.5324855744038888,3.0,8.0,1.5217391304347827,0.5974775351712605,0.06896551724137931,0.0
520,2,29.0,66.0,2.2758620689655173,0.0812807881773399,0.1111111111111111,0.1111111111111111,0.5416666666666666,0.2916666666666667,0.125,0.2916666666666667,0.6896551724137931,0.0,0.15,0.6,0.46891921160927,0.36830177764268895,0.1902777777777778,0.3554243794860045,0.0,0.17824074074074076,0.01694485055230669,0.375,2.75,2.4361409254588806,2.725615763546798,1.1224446656845286,4.4,0.4166666666666667,0.7772024482127751,4.0,8.0,1.7045454545454546,0.7690445779040437,0.13793103448275862,0.0
521,2,30.0,76.0,2.533333333333333,0.08735632183908046,0.10714285714285714,0.10714285714285714,0.44,0.32,0.16,0.4,0.7,0.0,0.19047619047619047,0.5714285714285714,0.4771397058823528,0.3338980346740802,0.23466666666666666,0.36858463021350957,0.0,0.21250000000000002,0.10931276807598038,0.75,3.04,2.621704280298091,2.74489359632742,1.1886985776793797,4.777777777777778,0.48,0.7218103312186862,4.0,11.0,1.76875,0.7868564556264416,0.16666666666666666,0.0
522,2,30.0,55.0,1.8333333333333333,0.06321839080459771,0.10714285714285714,0.21428571428571427,0.48,0.36,0.2,0.36,0.7,0.0,0.23809523809523808,0.47619047619047616,0.6245351473922902,0.3374406375523225,0.2733333333333333,0.4079079416840139,0.0,0.3194444444444444,0.24573058390022673,0.8125,2.2,1.7078251276599332,2.5608080808080804,1.0420389081893773,4.5,0.4,0.5335145992548702,3.0,8.0,1.5714285714285714,0.6333236937766509,0.0,0.0
523,2,29.0,84.0,2.896551724137931,0.10344827586206896,0.1111111111111111,0.037037037037037035,0.4583333333333333,0.20833333333333334,0.041666666666666664,0.375,0.6896551724137931,0.0,0.05,0.55,0.348060119979134,0.2189802892234585,0.14791666666666667,0.24692859673204715,0.0,0.18055555555555552,0.1168586169796557,0.875,3.5,3.1207579904219758,2.7585768604809373,1.1348883673533632,5.0,0.5,0.7122912924723739,4.0,8.0,1.5857142857142856,0.7489629692387023,0.13793103448275862,0.0
524,2,30.0,62.0,2.066666666666667,0.07126436781609195,0.10714285714285714,0.03571428571428571,0.48,0.32,0.12,0.36,0.7,0.0,0.14285714285714285,0.5238095238095238,0.6055802469135803,0.2674227013246307,0.24133333333333332,0.3664494305974362,0.0,0.34636488340192045,0.06944444444444445,0.6875,2.48,2.311565126344774,2.8034259259259264,1.2343493802722154,5.0,0.4,0.7497094473134466,6.0,8.0,1.9935897435897436,1.0128006196285297,0.2,0.0
525,2,30.0,61.0,2.033333333333333,0.07011494252873564,0.10714285714285714,0.14285714285714285,0.52,0.32,0.12,0.36,0.7,0.0,0.14285714285714285,0.5714285714285714,0.6253968253968254,0.3126420393325756,0.24933333333333332,0.3676904898094269,0.0,0.27160493827160503,0.12127976190476189,0.8125,2.44,2.2188585654190156,2.7475685425685428,1.175746887968876,4.5,0.48,0.7093651594298589,4.0,10.0,1.9748427672955975,0.9274279496023862,0.2,0.0
526,2,29.0,73.0,2.5172413793103448,0.08990147783251232,0.1111111111111111,0.07407407407407407,0.4583333333333333,0.2916666666666667,0.125,0.375,0.6896551724137931,0.0,0.15,0.6,0.6207214187327824,0.33546918524802893,0.2263888888888889,0.350841523422137,0.0,0.15625,0.09006973140495868,0.75,3.0416666666666665,3.2097564131697065,2.6894986025555943,1.1275584620884809,4.428571428571429,0.6666666666666666,0.718474444169687,4.0,10.0,1.705128205128205,0.729276696176722,0.13793103448275862,0.0
527,2,28.0,62.0,2.2142857142857144,0.082010582010582,0.11538461538461539,0.038461538461538464,0.43478260869565216,0.30434782608695654,0.17391304347826086,0.43478260869565216,0.6785714285714286,0.0,0.21052631578947367,0.5263157894736842,0.4946859903381643,0.3009492942741367,0.26594202898550723,0.3845658138387678,0.0,0.15904761904761908,0.09020833333333333,0.6875,2.6956521739130435,1.8692434689587816,2.646396507320877,1.1513989188851095,5.0,0.43478260869565216,0.5834177305511338,5.0,8.0,1.7692307692307692,0.8763778656418706,0.07142857142857142,0.0
528,2,30.0,55.0,1.8333333333333333,0.06321839080459771,0.10714285714285714,0.2857142857142857,0.48,0.28,0.16,0.36,0.7,0.0,0.19047619047619047,0.5714285714285714,0.5672592592592592,0.34736323062720614,0.24,0.3783186487605389,0.0,0.34444444444444444,0.0882936507936508,0.6875,2.2,1.414213562373095,2.8816402116402116,1.3633800686729622,5.111111111111111,0.44,0.7830059124820559,5.0,10.0,2.1027397260273974,1.061745161026262,0.16666666666666666,0.0
529,2,30.0,81.0,2.7,0.09310344827586207,0.10714285714285714,0.07142857142857142,0.52,0.32,0.12,0.36,0.7,0.0,0.14285714285714285,0.5238095238095238,0.5354539295392954,0.24592957134445398,0.21466666666666664,0.3452159817767336,0.0,0.244212962962963,0.05036839430894309,0.5,3.24,3.419064199455752,2.7153804347826087,1.0917163833301866,4.21875,0.4,0.6731227533645241,3.0,9.0,1.6129032258064515,0.6584820873836364,0.13333333333333333,0.0
53,2,30.0,64.0,2.1333333333333333,0.0735632183908046,0.10714285714285714,0.10714285714285714,0.48,0.32,0.12,0.24,0.7,0.0,0.14285714285714285,0.5714285714285714,0.3271326164874552,0.33133973825623664,0.17600000000000002,0.34674678561355593,0.0,0.16666666666666663,0.04969422043010753,0.5625,2.56,2.0223748416156684,2.6530794287411936,1.0932009413863568,4.5,0.6,0.6757143652523541,4.0,10.0,1.7445255474452555,0.8046665100258833,0.13333333333333333,0.0
530,2,29.0,86.0,2.9655172413793105,0.10591133004926108,0.1111111111111111,0.037037037037037035,0.375,0.3333333333333333,0.125,0.4583333333333333,0.6896551724137931,0.0,0.15,0.6,0.4831723027375201,0.3146811663245059,0.2548611111111111,0.3502407442103102,0.0,0.34765432098765436,0.061835748792270516,0.6,3.5833333333333335,2.7333156591864074,2.6228502290208273,1.0683767532701423,4.428571428571429,0.5833333333333334,0.7260963913955912,3.0,10.0,1.5714285714285714,0.6296257391725433,0.27586206896551724,0.0
531,2,28.0,63.0,2.25,0.08333333333333333,0.11538461538461539,0.038461538461538464,0.4782608695652174,0.30434782608695654,0.17391304347826086,0.391304347826087,0.6785714285714286,0.0,0.21052631578947367,0.5263157894736842,0.6188281472009093,0.31041915605671616,0.2524154589371981,0.38480112084151746,0.0,0.16183035714285712,0.12979983660130717,0.625,2.739130434782609,3.122024274909234,2.709528170242456,1.2539904758624196,5.0,0.43478260869565216,0.6800201462630899,4.0,8.0,1.6956521739130435,0.8290124440210316,0.10714285714285714,0.0
532,2,29.0,68.0,2.3448275862068964,0.08374384236453201,0.1111111111111111,0.07407407407407407,0.4583333333333333,0.3333333333333333,0.16666666666666666,0.375,0.7241379310344828,0.0,0.19047619047619047,0.5714285714285714,0.5383503401360544,0.3667006420587862,0.25972222222222224,0.3846045923173071,0.0,0.265625,0.03652210884353741,0.5,2.8333333333333335,2.7133593275826393,2.6499681672095465,1.191935931499712,5.0,0.4166666666666667,0.6715730176819213,4.0,10.0,1.75,0.8322214804921779,0.1724137931034483,0.0
533,2,30.0,75.0,2.5,0.08620689655172414,0.10714285714285714,0.17857142857142858,0.4,0.36,0.12,0.44,0.7,0.0,0.14285714285714285,0.5714285714285714,0.5514074074074073,0.3146380188481105,0.26866666666666666,0.3548708685329543,0.0,0.20833333333333334,0.10280214424951266,0.8125,3.0,2.8284271247461903,2.5868933085401675,1.1030294900325903,4.833333333333334,0.52,0.6629996813886493,4.0,8.0,1.6319444444444444,0.7265834194526225,0.13333333333333333,0.0
534,2,29.0,67.0,2.310344827586207,0.08251231527093596,0.1111111111111111,0.037037037037037035,0.4166666666666667,0.25,0.08333333333333333,0.5,0.6896551724137931,0.0,0.1,0.55,0.5828804347826088,0.26870894523855515,0.2513888888888889,0.3172540953724566,0.0,0.20833333333333337,0.1326086956521739,0.8,2.7916666666666665,2.4313025077225525,2.7730979748221127,1.2124865575628518,5.333333333333334,0.5416666666666666,0.7210536604111849,5.0,10.0,1.9763313609467457,0.9694909238621641,0.1724137931034483,0.0
535,2,29.0,64.0,2.206896551724138,0.07881773399014778,0.1111111111111111,0.18518518518518517,0.4583333333333333,0.25,0.125,0.5,0.6896551724137931,0.0,0.15,0.55,0.5250806051587301,0.3151906374315228,0.2520833333333333,0.3395902795590805,0.0,0.2725694444444444,0.08968253968253967,0.7333333333333333,2.6666666666666665,1.8572224859501456,2.757457580733443,1.1220886113365216,4.416666666666666,0.5,0.6785081352977965,4.0,8.0,1.7424242424242424,0.7875094776719107,0.06896551724137931,0.0
536,2,29.0,73.0,2.5172413793103448,0.08990147783251232,0.1111111111111111,0.037037037037037035,0.5,0.25,0.08333333333333333,0.2916666666666667,0.6896551724137931,0.0,0.1,0.6,0.4179757343550446,0.3018232433626503,0.16041666666666668,0.30537901136081724,0.0,0.1744791666666667,0.05908165708812259,0.6875,3.0416666666666665,2.7103532044280914,2.792535079862666,1.2222359218833538,4.9,0.625,0.8004871072625198,5.0,12.0,1.8926553672316384,0.8626085306466222,0.27586206896551724,0.0
537,2,29.0,95.0,3.2758620689655173,0.11699507389162561,0.1111111111111111,0.07407407407407407,0.4583333333333333,0.2916666666666667,0.08333333333333333,0.3333333333333333,0.6896551724137931,0.0,0.1,0.5,0.40666484745854925,0.30159059588649967,0.1923611111111111,0.32362601300930105,0.0,0.15625,0.059650048965601665,0.5625,3.9583333333333335,4.164854678467619,2.5994093231162196,1.0395600015506778,4.125,0.5,0.6978656159622726,3.0,10.0,1.4557823129251701,0.6107629690334532,0.1724137931034483,0.0
538,2,29.0,89.0,3.0689655172413794,0.10960591133004927,0.1111111111111111,0.037037037037037035,0.4166666666666667,0.375,0.20833333333333334,0.4583333333333333,0.7241379310344828,0.0,0.23809523809523808,0.5714285714285714,0.6645417106647644,0.329155657260213,0.3048611111111111,0.4048462213766642,0.0,0.28050595238095244,0.2059111941692223,0.8125,3.7083333333333335,3.3554519771581433,2.5978690849380506,1.129830833738418,4.444444444444445,0.5,0.7599473999537958,4.0,10.0,1.60625,0.7101853332385638,0.20689655172413793,0.0
539,2,30.0,66.0,2.2,0.07586206896551724,0.10714285714285714,0.10714285714285714,0.48,0.32,0.08,0.28,0.7,0.0,0.09523809523809523,0.5714285714285714,0.2705676100628931,0.30201025981115714,0.1397142857142857,0.29614932343111555,0.0,0.1546121593291405,0.027604166666666666,0.25,2.64,2.547547840571399,2.6411764705882357,1.0704850767726726,4.5,0.4,0.6858365523211811,4.0,7.0,1.5803571428571428,0.730770207743239,0.13333333333333333,0.0
54,2,29.0,76.0,2.6206896551724137,0.09359605911330049,0.1111111111111111,0.07407407407407407,0.5,0.3333333333333333,0.125,0.2916666666666667,0.6896551724137931,0.0,0.15,0.6,0.47762345679012347,0.3676826457984001,0.1753472222222222,0.3427076679802067,0.0,0.17129629629629628,0.03703703703703703,0.4666666666666667,3.1666666666666665,3.6554505660150456,2.6489463601532566,1.1164609336740632,4.666666666666666,0.4583333333333333,0.6956152897703991,4.0,8.0,1.549618320610687,0.6817820592221226,0.1724137931034483,0.0
540,2,29.0,95.0,3.2758620689655173,0.11699507389162561,0.1111111111111111,0.037037037037037035,0.4583333333333333,0.20833333333333334,0.08333333333333333,0.4583333333333333,0.6896551724137931,0.0,0.1,0.65,0.5170735658871358,0.29611614132806163,0.23134920634920633,0.317362648881979,0.0,0.17071759259259262,0.1059742415659617,0.8125,3.9583333333333335,3.0713142161772957,2.7324588247002035,1.0920400091510434,4.333333333333334,0.625,0.6891865650055699,4.0,12.0,1.6404494382022472,0.7010434678083413,0.2413793103448276,0.0
541,2,29.0,74.0,2.5517241379310347,0.09113300492610837,0.1111111111111111,0.037037037037037035,0.4166666666666667,0.2916666666666667,0.08333333333333333,0.3333333333333333,0.6896551724137931,0.0,0.1,0.55,0.40845793932230096,0.3004241875299315,0.17708333333333334,0.3052603426775155,0.0,0.16145833333333337,0.03180851063829787,0.5,3.0833333333333335,2.7173623186859888,2.6806784723401846,1.0653495505714263,4.172413793103448,0.2916666666666667,0.7792092780063229,3.0,10.0,1.6883116883116882,0.7003218729590298,0.2413793103448276,0.0
542,2,29.0,82.0,2.8275862068965516,0.10098522167487685,0.1111111111111111,0.07407407407407407,0.5416666666666666,0.20833333333333334,0.08333333333333333,0.4166666666666667,0.6896551724137931,0.0,0.1,0.6,0.506500662280416,0.271897151918347,0.20972222222222223,0.3107151120196105,0.0,0.265625,0.05139552187153931,0.5,3.4166666666666665,2.903021913779512,2.774295874685196,1.096184805761742,4.25,0.5833333333333334,0.6532984747530525,3.0,10.0,1.7272727272727273,0.7286350876186866,0.27586206896551724,0.0
543,2,28.0,79.0,2.8214285714285716,0.10449735449735449,0.11538461538461539,0.07692307692307693,0.43478260869565216,0.21739130434782608,0.08695652173913043,0.391304347826087,0.6785714285714286,0.0,0.10526315789473684,0.5789473684210527,0.595133779264214,0.2692998807628492,0.2021739130434783,0.31715689119420354,0.0,0.21875,0.10945299145299144,0.8666666666666667,3.4347826086956523,3.1453585856641317,2.7874118068279943,1.1293815170973138,4.333333333333334,0.6956521739130435,0.740300400468458,4.0,10.0,1.6538461538461537,0.7242691190599122,0.25,0.0
544,2,30.0,82.0,2.7333333333333334,0.09425287356321839,0.10714285714285714,0.14285714285714285,0.44,0.32,0.12,0.36,0.7,0.0,0.14285714285714285,0.5714285714285714,0.5446510673234812,0.3144284945098824,0.21619047619047616,0.3449588361521643,0.0,0.22048611111111116,0.11346084770114942,0.75,3.28,2.5086516962969037,2.6357190032190028,1.1276319938343216,4.333333333333334,0.56,0.6884039276427616,4.0,10.0,1.6728395061728396,0.7294194655275096,0.2,0.0
545,2,29.0,66.0,2.2758620689655173,0.0812807881773399,0.1111111111111111,0.1111111111111111,0.4583333333333333,0.2916666666666667,0.125,0.375,0.6896551724137931,0.0,0.15,0.5,0.43122685185185183,0.3038952687761119,0.22361111111111112,0.35566215944153395,0.0,0.1375,0.11101095085470084,0.6875,2.75,2.1918822564378218,2.668103448275862,1.1244179909096688,4.333333333333334,0.5833333333333334,0.6844974165668657,4.0,9.0,1.8299319727891157,0.838901349857453,0.3103448275862069,0.0
546,2,30.0,89.0,2.966666666666667,0.10229885057471265,0.10714285714285714,0.03571428571428571,0.52,0.32,0.12,0.32,0.7,0.0,0.14285714285714285,0.5714285714285714,0.4117452339688041,0.3123666304755021,0.1939393939393939,0.34834071459352295,0.0,0.23194444444444443,0.028469815135759673,0.4375,3.56,3.753664875824692,2.8076045519161457,1.2967286421291881,5.5,0.52,0.9285497105321683,5.0,12.0,1.610062893081761,0.7787684994696825,0.16666666666666666,0.0
547,2,29.0,75.0,2.586206896551724,0.09236453201970443,0.1111111111111111,0.07407407407407407,0.4166666666666667,0.4166666666666667,0.20833333333333334,0.375,0.6896551724137931,0.0,0.25,0.5,0.5950987715803452,0.39384606981585224,0.2569444444444445,0.4074462907809759,0.0,0.16666666666666663,0.13636080677290835,0.625,3.125,3.4428564985437915,2.665089745767511,1.2675434424284442,5.5,0.5,0.9615766895875043,4.0,10.0,1.68,0.7447354379128347,0.27586206896551724,0.0
548,2,28.0,65.0,2.3214285714285716,0.08597883597883597,0.11538461538461539,0.038461538461538464,0.5217391304347826,0.34782608695652173,0.13043478260869565,0.30434782608695654,0.6785714285714286,0.0,0.15789473684210525,0.5263157894736842,0.37531055900621113,0.32397290795299716,0.18840579710144925,0.3483523549470985,0.0,0.1392857142857143,0.06136160714285714,0.625,2.8260869565217392,2.1878211226748254,2.658976166224065,1.1869720729728435,4.777777777777778,0.43478260869565216,0.7299310920668232,5.0,10.0,1.8714285714285714,1.0096146222736357,0.17857142857142858,0.0
549,2,30.0,80.0,2.6666666666666665,0.09195402298850575,0.10714285714285714,0.03571428571428571,0.48,0.28,0.12,0.36,0.7,0.0,0.14285714285714285,0.5238095238095238,0.3872400192400193,0.3335181872562064,0.20860606060606057,0.3477194933220149,0.0,0.28462401795735137,0.03699570105820106,0.625,3.2,2.943920288775949,2.8120291995586117,1.2481550017140108,5.0,0.4,0.8082891197634446,4.0,9.0,1.6883116883116882,0.8206444185471293,0.13333333333333333,0.0
55,2,30.0,87.0,2.9,0.1,0.10714285714285714,0.07142857142857142,0.44,0.36,0.16,0.4,0.7,0.0,0.19047619047619047,0.5714285714285714,0.5444708994708993,0.33109007227015574,0.24,0.3738872379029093,0.0,0.1984126984126984,0.06675760582010581,0.625,3.48,2.567748689676101,2.5517818238406473,1.0170091789367968,4.111111111111111,0.48,0.5995080279200761,4.0,8.0,1.5723270440251573,0.6604478677656124,0.1,0.0
550,2,30.0,66.0,2.2,0.07586206896551724,0.10714285714285714,0.07142857142857142,0.52,0.32,0.12,0.32,0.7,0.0,0.14285714285714285,0.5238095238095238,0.5169444444444443,0.34262559275497734,0.2,0.3494373784835868,0.0,0.19039351851851852,0.05121527777777778,0.5625,2.64,2.0591260281973995,2.669047619047619,1.1057034033331397,4.666666666666666,0.4,0.6709388184643205,4.0,10.0,1.9423076923076923,0.9654708670059499,0.1,0.0
551,2,30.0,86.0,2.8666666666666667,0.09885057471264368,0.10714285714285714,0.14285714285714285,0.48,0.32,0.12,0.36,0.7,0.0,0.14285714285714285,0.5714285714285714,0.48009768541186854,0.3003758939848302,0.23,0.3562276633673305,0.0,0.3148148148148148,0.06115422502503591,0.6875,3.44,2.6470108928122427,2.557301685242862,1.0157004290883018,4.0476190476190474,0.52,0.5728233206322382,4.0,11.0,1.6035502958579881,0.6475129609958785,0.26666666666666666,0.0
552,2,30.0,65.0,2.1666666666666665,0.07471264367816093,0.10714285714285714,0.03571428571428571,0.4,0.44,0.16,0.44,0.7,0.0,0.19047619047619047,0.6190476190476191,0.4900685185185185,0.3523736711679423,0.2773333333333333,0.3788041612662044,0.0,0.3622222222222222,0.03429108796296296,0.5625,2.6,2.0615528128088303,2.50837962962963,1.0742290147718998,4.583333333333334,0.44,0.5587117983739668,4.0,9.0,1.7481481481481482,0.8260544461702205,0.06666666666666667,0.0
553,2,29.0,84.0,2.896551724137931,0.10344827586206896,0.1111111111111111,0.1111111111111111,0.375,0.2916666666666667,0.125,0.4583333333333333,0.6896551724137931,0.0,0.15,0.6,0.6369896384479717,0.32277852676276864,0.2548611111111111,0.3502407442103102,0.0,0.18981481481481485,0.24513888888888885,0.8125,3.5,2.6043441968472933,2.7266855133407923,1.250195981604831,5.5,0.5416666666666666,0.9038271382124702,5.0,10.0,1.673202614379085,0.8415998655402284,0.1724137931034483,0.0
554,2,30.0,77.0,2.566666666666667,0.08850574712643679,0.10714285714285714,0.14285714285714285,0.4,0.32,0.2,0.4,0.7,0.0,0.23809523809523808,0.5238095238095238,0.586540404040404,0.37282724081980206,0.2519393939393939,0.3963869961917563,0.0,0.23263888888888895,0.12507891414141412,0.6875,3.08,2.5806975801127883,2.6443370681605978,1.100427343897045,4.583333333333334,0.52,0.7961271787685625,4.0,9.0,1.6821192052980132,0.7427055129919918,0.26666666666666666,0.0
555,2,30.0,68.0,2.2666666666666666,0.07816091954022988,0.10714285714285714,0.03571428571428571,0.44,0.28,0.08,0.36,0.7,0.0,0.09523809523809523,0.6190476190476191,0.37355555555555553,0.33562208072467287,0.20593939393939395,0.3219230269205793,0.0,0.24012345679012348,0.043055555555555555,0.5,2.72,2.7006172134038793,2.7328522062732588,1.215116183185166,5.333333333333334,0.52,0.6104756461832619,5.0,7.0,1.828125,1.0203394139623536,0.0,0.0
556,2,30.0,81.0,2.7,0.09310344827586207,0.10714285714285714,0.10714285714285714,0.56,0.28,0.16,0.28,0.7,0.0,0.19047619047619047,0.5238095238095238,0.30855006337135615,0.4332733793186473,0.18466666666666667,0.36955679160613764,0.0,0.33888888888888885,0.011507842205323192,0.3125,3.24,3.4068558329736622,2.713045170568054,1.1183097433887301,4.363636363636363,0.44,0.672195970667685,4.0,9.0,1.5413533834586466,0.679920652628703,0.13333333333333333,0.0
557,2,30.0,77.0,2.566666666666667,0.08850574712643679,0.10714285714285714,0.07142857142857142,0.44,0.36,0.24,0.44,0.7,0.0,0.2857142857142857,0.5238095238095238,0.6804962686567165,0.3373451331026058,0.30200000000000005,0.4219202136265418,0.0,0.22083333333333333,0.2222116954291045,0.8125,3.08,2.8711205710198477,2.602347243556921,1.0451532804296966,4.238095238095238,0.48,0.6915046773148478,4.0,9.0,1.6644295302013423,0.7129188029941528,0.13333333333333333,0.0
558,2,30.0,59.0,1.9666666666666666,0.067816091954023,0.10714285714285714,0.10714285714285714,0.48,0.32,0.12,0.44,0.7,0.0,0.14285714285714285,0.5714285714285714,0.5542087542087542,0.35856181716512153,0.24666666666666667,0.34983461701103746,0.0,0.31060606060606066,0.08803530092592592,0.5,2.36,1.8457157599876168,2.728986291486292,1.1688526968886956,5.0,0.4,0.7068907051136177,4.0,7.0,1.782258064516129,0.8701040389242662,0.23333333333333334,0.0
559,2,28.0,59.0,2.107142857142857,0.07804232804232804,0.11538461538461539,0.07692307692307693,0.5217391304347826,0.30434782608695654,0.13043478260869565,0.30434782608695654,0.6785714285714286,0.0,0.15789473684210525,0.5789473684210527,0.48380656610470274,0.31615907383462566,0.21376811594202896,0.3665513652704659,0.0,0.27380952380952384,0.05857780612244898,0.3125,2.5652173913043477,1.902775173183578,2.866628014842301,1.3668125741062023,5.5,0.5217391304347826,0.7755366377396169,4.0,9.0,1.786259541984733,0.8594061777027407,0.0,0.0
56,2,30.0,66.0,2.2,0.07586206896551724,0.10714285714285714,0.10714285714285714,0.44,0.24,0.08,0.4,0.7,0.0,0.09523809523809523,0.6190476190476191,0.45889282899921197,0.26444165828814886,0.19066666666666665,0.2984946801436737,0.0,0.20601851851851852,0.10485618597320726,0.75,2.64,2.038790491116403,2.763236714975845,1.093496702178109,4.5,0.52,0.7234897400419101,4.0,7.0,1.7253521126760563,0.773170374709765,0.13333333333333333,0.0
560,2,27.0,51.0,1.8888888888888888,0.07264957264957266,0.12,0.2,0.5,0.22727272727272727,0.045454545454545456,0.4090909090909091,0.6666666666666666,0.0,0.05555555555555555,0.5555555555555556,0.5251434802571165,0.19342274211093846,0.20227272727272727,0.2893294315508188,0.0,0.2274305555555556,0.04706439393939393,0.5625,2.3181818181818183,1.1705254675272427,2.9136403719737047,1.3613448066785863,5.666666666666666,0.7727272727272727,0.6760412595573282,6.0,8.0,2.201388888888889,1.1501283668770457,0.1111111111111111,0.0
561,2,30.0,69.0,2.3,0.07931034482758621,0.10714285714285714,0.07142857142857142,0.44,0.32,0.12,0.32,0.7,0.0,0.14285714285714285,0.5714285714285714,0.3370025188916877,0.3958006655293783,0.196,0.3430621906690777,0.0,0.2666666666666666,0.014688287153652392,0.4375,2.76,2.1268129521265693,2.713917748917749,1.190126300072941,4.857142857142858,0.48,0.665234986691724,4.0,10.0,1.7919463087248322,0.7821934490216366,0.13333333333333333,0.0
562,2,29.0,83.0,2.8620689655172415,0.1022167487684729,0.1111111111111111,0.07407407407407407,0.4583333333333333,0.25,0.08333333333333333,0.375,0.6896551724137931,0.0,0.1,0.65,0.4354952121059883,0.3063905360561572,0.18680555555555556,0.3036802907691086,0.0,0.25,0.02522792925486972,0.5625,3.4583333333333335,3.134370010435724,2.669393533275379,1.0808315611008665,4.333333333333334,0.5833333333333334,0.6783278079477493,4.0,11.0,1.6516129032258065,0.7349666339904002,0.20689655172413793,0.0
563,2,30.0,93.0,3.1,0.10689655172413794,0.10714285714285714,0.07142857142857142,0.44,0.28,0.12,0.4,0.7,0.0,0.14285714285714285,0.5714285714285714,0.48706705539358597,0.31775635882930436,0.22933333333333333,0.3443082167886037,0.0,0.3033333333333334,0.03441733836391699,0.625,3.72,3.2341923257592464,2.6479227361332627,1.073372694607517,4.25,0.52,0.7419221224150843,3.0,11.0,1.5345911949685536,0.6342530163765406,0.23333333333333334,0.0
564,2,29.0,85.0,2.9310344827586206,0.10467980295566502,0.1111111111111111,0.14814814814814814,0.5833333333333334,0.3333333333333333,0.08333333333333333,0.25,0.6896551724137931,0.0,0.1,0.6,0.37643469318342254,0.2981387476951609,0.16944444444444443,0.3240618815281756,0.0,0.140625,0.07975181452389202,0.75,3.5416666666666665,3.5506174192626014,2.707325051095068,1.1538550652664439,4.333333333333334,0.5,0.6974824636584708,4.0,11.0,1.6265060240963856,0.6824349163949668,0.27586206896551724,0.0
565,2,30.0,77.0,2.566666666666667,0.08850574712643679,0.10714285714285714,0.03571428571428571,0.44,0.28,0.16,0.48,0.7,0.0,0.19047619047619047,0.5714285714285714,0.71014375,0.2977943615497669,0.2786060606060606,0.3711544791362757,0.0,0.2705555555555555,0.1297878689236111,0.75,3.08,3.053959178945696,2.607416125541126,1.072708753933524,5.333333333333334,0.56,0.6216176794034423,5.0,7.0,1.6259541984732824,0.8443101677846507,0.0,0.0
566,2,30.0,65.0,2.1666666666666665,0.07471264367816093,0.10714285714285714,0.03571428571428571,0.44,0.28,0.12,0.4,0.7,0.0,0.14285714285714285,0.6190476190476191,0.4815217391304348,0.33367388450884544,0.2219393939393939,0.3482740139560538,0.0,0.2222222222222222,0.03184442934782609,0.625,2.6,2.598076211353316,2.6996664366229584,1.1505985900099178,5.111111111111111,0.4,0.615421201387539,4.0,9.0,1.8344370860927153,0.8440415754069539,0.1,0.0
567,2,29.0,44.0,1.5172413793103448,0.054187192118226604,0.1111111111111111,0.2222222222222222,0.4583333333333333,0.375,0.16666666666666666,0.3333333333333333,0.6896551724137931,0.0,0.2,0.55,0.5338541666666666,0.38261257164641627,0.23958333333333334,0.386449604866468,0.0,0.23697916666666669,0.087890625,0.3125,1.8333333333333333,1.3077250963165892,2.560919540229885,1.1032174793698126,4.75,0.4583333333333333,0.5246580147269221,4.0,6.0,1.7802197802197801,0.8666948431598929,0.06896551724137931,0.0
568,2,30.0,76.0,2.533333333333333,0.08735632183908046,0.10714285714285714,0.07142857142857142,0.44,0.32,0.12,0.44,0.7,0.0,0.14285714285714285,0.6190476190476191,0.6845031388761292,0.31358100981820075,0.25933333333333336,0.3567821723664434,0.0,0.2830687830687831,0.09129655680600215,0.6875,3.04,3.102149792213995,2.688625263625264,1.23610606384802,6.0,0.4,0.7092901480869748,5.0,9.0,1.643939393939394,0.9006577389392044,0.1,0.0
569,2,30.0,74.0,2.466666666666667,0.08505747126436781,0.10714285714285714,0.03571428571428571,0.48,0.32,0.16,0.48,0.7,0.0,0.19047619047619047,0.5714285714285714,0.6140271973466004,0.28406153228930525,0.2752727272727272,0.37412322765428796,0.0,0.3395061728395061,0.05690298507462686,0.5625,2.96,3.0066592756745814,2.638051948051948,1.0833391178006115,4.6,0.4,0.7112142059283396,4.0,9.0,1.794701986754967,0.8818002857389876,0.2,0.0
57,2,29.0,94.0,3.2413793103448274,0.11576354679802955,0.1111111111111111,0.037037037037037035,0.4166666666666667,0.25,0.041666666666666664,0.5,0.6896551724137931,0.0,0.05,0.6,0.6175684664863026,0.2271555624375048,0.2388888888888889,0.28987198018320104,0.0,0.27199074074074076,0.11670348134265716,0.8125,3.9166666666666665,3.174855925066134,2.736222997611382,1.0868238238609569,4.210526315789474,0.5416666666666666,0.7716699041839357,4.0,11.0,1.6701570680628273,0.7041975473729623,0.3103448275862069,0.0
570,2,28.0,64.0,2.2857142857142856,0.08465608465608465,0.11538461538461539,0.07692307692307693,0.4782608695652174,0.30434782608695654,0.13043478260869565,0.391304347826087,0.6785714285714286,0.0,0.15789473684210525,0.5789473684210527,0.6151044101605111,0.30378733657643553,0.2285024154589372,0.35708047499465395,0.0,0.14136904761904767,0.10371863799283153,0.75,2.782608695652174,2.2147546906871987,2.8226097810919235,1.3372837657110905,5.333333333333334,0.6521739130434783,0.7348857479736226,5.0,11.0,2.0,0.9617692030835673,0.17857142857142858,0.0
571,2,30.0,72.0,2.4,0.08275862068965517,0.10714285714285714,0.07142857142857142,0.4,0.36,0.2,0.48,0.7,0.0,0.23809523809523808,0.5238095238095238,0.6290859561203023,0.3128224259307563,0.3183333333333333,0.403055459836117,0.0,0.23478835978835985,0.19251014451538723,0.8125,2.88,1.96468827043885,2.6405621693121692,1.1398507565031197,4.666666666666666,0.52,0.6695695296481146,4.0,12.0,1.79375,0.8095101010942266,0.13333333333333333,0.0
572,2,30.0,77.0,2.566666666666667,0.08850574712643679,0.10714285714285714,0.07142857142857142,0.44,0.28,0.16,0.48,0.7,0.0,0.19047619047619047,0.6190476190476191,0.7024240278515371,0.23847855984316071,0.2783333333333334,0.3739181926769743,0.0,0.31084656084656087,0.18717730276745148,0.9375,3.08,2.11974841274462,2.6672008547008548,1.0728962714155166,4.833333333333334,0.6,0.5930601047427181,4.0,9.0,1.8045977011494252,0.8094682542022008,0.16666666666666666,0.0
573,2,30.0,81.0,2.7,0.09310344827586207,0.10714285714285714,0.10714285714285714,0.48,0.28,0.16,0.4,0.7,0.0,0.19047619047619047,0.5714285714285714,0.5797931562178571,0.3410652624933272,0.25666666666666665,0.37877727257878374,0.0,0.25462962962962965,0.06663134862396827,0.5625,3.24,3.3201405592735576,2.6826599326599325,1.1232771167022089,4.5,0.44,0.7139091880412222,4.0,10.0,1.5833333333333333,0.6946347835499476,0.13333333333333333,0.0
574,2,30.0,76.0,2.533333333333333,0.08735632183908046,0.10714285714285714,0.03571428571428571,0.44,0.28,0.12,0.48,0.7,0.0,0.14285714285714285,0.5714285714285714,0.5601953488372095,0.2571940891818349,0.25193939393939396,0.3456977147873308,0.0,0.2549382716049382,0.056140988372093026,0.4375,3.04,2.6532998322843198,2.8860889002065466,1.3319077832561919,5.5,0.6,0.8884485263123412,5.0,9.0,1.8364779874213837,0.9538344589839951,0.23333333333333334,0.0
575,2,30.0,72.0,2.4,0.08275862068965517,0.10714285714285714,0.07142857142857142,0.4,0.36,0.12,0.36,0.7,0.0,0.14285714285714285,0.5714285714285714,0.4410796645702306,0.3461271982125828,0.22666666666666668,0.35642255405212087,0.0,0.2993827160493827,0.05493317610062893,0.5625,2.88,3.192700006786315,2.564400330851944,1.0728358447579254,5.0,0.36,0.6206545509102539,4.0,9.0,1.7083333333333333,0.8096878445391197,0.1,0.0
576,2,29.0,88.0,3.0344827586206895,0.10837438423645321,0.1111111111111111,0.07407407407407407,0.5,0.25,0.041666666666666664,0.3333333333333333,0.6896551724137931,0.0,0.05,0.5,0.2948264954396283,0.23952120906845328,0.13333333333333333,0.23971601555995797,0.0,0.09114583333333334,0.1335611854302519,0.8125,3.6666666666666665,2.9439202887759492,2.793568322016598,1.1648664789078056,4.5,0.4166666666666667,0.6905496666769055,4.0,10.0,1.6125,0.7180292735925529,0.20689655172413793,0.0
577,2,29.0,67.0,2.310344827586207,0.08251231527093596,0.1111111111111111,0.07407407407407407,0.375,0.3333333333333333,0.08333333333333333,0.5,0.6896551724137931,0.0,0.1,0.65,0.5313143004115227,0.27943204820423856,0.2604166666666667,0.31967724136594866,0.0,0.2875,0.08052340534979424,0.75,2.7916666666666665,2.0847096902815085,2.6300561029009306,1.1609521441420676,5.0,0.5833333333333334,0.5750662830783321,4.0,10.0,1.8666666666666667,0.8949272901113978,0.0,0.0
578,2,29.0,79.0,2.7241379310344827,0.09729064039408868,0.1111111111111111,0.1111111111111111,0.4583333333333333,0.2916666666666667,0.08333333333333333,0.375,0.6896551724137931,0.0,0.1,0.65,0.6403110224586287,0.3279587485219701,0.20277777777777775,0.32117938862563833,0.0,0.21875,0.06950908687943262,0.6875,3.2916666666666665,2.9263297485248394,2.855621868552903,1.300063917239843,4.777777777777778,0.4583333333333333,0.8942075381025932,4.0,10.0,1.7730061349693251,0.8410796522586973,0.3448275862068966,0.0
579,2,28.0,73.0,2.607142857142857,0.09656084656084656,0.11538461538461539,0.19230769230769232,0.4782608695652174,0.30434782608695654,0.13043478260869565,0.34782608695652173,0.7142857142857143,0.0,0.15,0.6,0.5777524219087607,0.3360309243081265,0.23188405797101447,0.36146143609630693,0.0,0.39285714285714285,0.16180529479120304,0.8125,3.1739130434782608,3.1716381473222017,2.664085996240601,1.143305708552214,4.4,0.5217391304347826,0.6818632773622254,3.0,12.0,1.6711409395973154,0.7017637338235156,0.17857142857142858,0.0
58,2,29.0,79.0,2.7241379310344827,0.09729064039408868,0.1111111111111111,0.07407407407407407,0.4583333333333333,0.3333333333333333,0.08333333333333333,0.25,0.6896551724137931,0.0,0.1,0.55,0.3703901889903602,0.2943745579854046,0.16666666666666666,0.322280521129523,0.0,0.18532986111111124,0.10916809360730594,0.625,3.2916666666666665,3.3941018747574283,2.694705677464298,1.1525428205599726,4.5,0.5416666666666666,0.7975002857628951,4.0,10.0,1.6258503401360545,0.7328952190497957,0.13793103448275862,0.0
580,2,30.0,71.0,2.3666666666666667,0.08160919540229886,0.10714285714285714,0.14285714285714285,0.52,0.24,0.16,0.4,0.7,0.0,0.19047619047619047,0.5714285714285714,0.6440555555555555,0.26325750490515726,0.23993939393939392,0.37808340551303526,0.0,0.2432098765432099,0.07819010416666666,0.875,2.84,2.494660965609021,2.8903453077137287,1.2544659509709313,5.222222222222222,0.68,0.6810773289258829,4.0,10.0,1.9146341463414633,0.9161297562903502,0.06666666666666667,0.0
581,2,30.0,89.0,2.966666666666667,0.10229885057471265,0.10714285714285714,0.03571428571428571,0.48,0.36,0.12,0.32,0.7,0.0,0.14285714285714285,0.5714285714285714,0.3622520908940944,0.327578104598895,0.20327272727272727,0.3482134648170427,0.0,0.22193287037037038,0.02368875783569779,0.5625,3.56,3.583294573433783,2.6544672558990614,1.1453864708953836,4.5,0.52,0.7164399962564985,4.0,11.0,1.6264367816091954,0.6914773946484536,0.16666666666666666,0.0
582,2,30.0,58.0,1.9333333333333333,0.06666666666666667,0.10714285714285714,0.07142857142857142,0.48,0.32,0.08,0.32,0.7,0.0,0.09523809523809523,0.6190476190476191,0.38891666666666663,0.31286825524314366,0.17800000000000002,0.3102687007525358,0.0,0.20833333333333337,0.035546875,0.5,2.32,1.6763054614240207,2.7384415584415587,1.2302244630207169,5.666666666666666,0.52,0.7505455066770277,5.0,9.0,1.9618320610687023,1.0333260722441708,0.0,0.0
583,2,30.0,92.0,3.066666666666667,0.10574712643678161,0.10714285714285714,0.03571428571428571,0.48,0.32,0.16,0.44,0.7,0.0,0.19047619047619047,0.5714285714285714,0.6309610963748895,0.27295333145131345,0.2519393939393939,0.36917383089351025,0.0,0.23180076628352492,0.13696803774928776,0.8125,3.68,3.363034344160048,2.7061958031075677,1.1287519522155103,4.333333333333334,0.4,0.7531835703163141,4.0,9.0,1.5679012345679013,0.6768261996040904,0.23333333333333334,0.0
584,2,29.0,82.0,2.8275862068965516,0.10098522167487685,0.1111111111111111,0.07407407407407407,0.5,0.25,0.08333333333333333,0.4166666666666667,0.6896551724137931,0.0,0.1,0.55,0.5284392528044871,0.28271799555861143,0.2236111111111111,0.32085019404845927,0.0,0.15885416666666669,0.18579727564102563,0.875,3.4166666666666665,2.764946208560283,2.6670249290938948,1.0479831062838374,4.454545454545455,0.4583333333333333,0.6535938730228553,3.0,11.0,1.6467065868263473,0.6683719142810579,0.1724137931034483,0.0
585,2,29.0,86.0,2.9655172413793105,0.10591133004926108,0.1111111111111111,0.07407407407407407,0.4166666666666667,0.25,0.08333333333333333,0.4583333333333333,0.6896551724137931,0.0,0.1,0.55,0.6171143871502252,0.2044202181859224,0.23958333333333334,0.32443978100347765,0.0,0.2083333333333334,0.18829540991694668,0.9375,3.5833333333333335,2.282574188835104,2.755395457033388,1.1213190859691584,4.666666666666666,0.5833333333333334,0.7063909159111745,4.0,12.0,1.681081081081081,0.7000923222650546,0.2413793103448276,0.0
586,2,30.0,76.0,2.533333333333333,0.08735632183908046,0.10714285714285714,0.03571428571428571,0.44,0.32,0.16,0.36,0.7,0.0,0.19047619047619047,0.5238095238095238,0.5975833951074869,0.33436241315005943,0.2439393939393939,0.3877229011243994,0.0,0.2573099415204678,0.06179577464788731,0.5625,3.04,3.075169372029233,2.6548664447858,1.15160923301787,5.0,0.48,0.755453810077257,5.0,9.0,1.7222222222222223,0.864566219253764,0.13333333333333333,0.0
587,2,29.0,55.0,1.896551724137931,0.06773399014778325,0.1111111111111111,0.2222222222222222,0.4166666666666667,0.25,0.125,0.375,0.6896551724137931,0.0,0.15,0.55,0.552042748917749,0.3226972718877926,0.21081349206349206,0.345059194860158,0.0,0.20752164502164505,0.20781249999999998,0.75,2.2916666666666665,1.6279933411536363,2.6675982063913097,1.053728039523914,5.0,0.4166666666666667,0.7057183315190678,4.0,7.0,1.7297297297297298,0.8196001901808416,0.06896551724137931,0.0
588,2,30.0,64.0,2.1333333333333333,0.0735632183908046,0.10714285714285714,0.14285714285714285,0.44,0.32,0.16,0.4,0.7,0.0,0.19047619047619047,0.5714285714285714,0.5113968253968254,0.3502626430597543,0.24533333333333335,0.3734077306823378,0.0,0.2222222222222222,0.12656249999999997,0.6875,2.56,2.364318083507378,2.554755291005291,0.994593867246956,4.5,0.56,0.6623775761995082,4.0,7.0,1.5636363636363637,0.6570335437134371,0.0,0.0
589,2,30.0,82.0,2.7333333333333334,0.09425287356321839,0.10714285714285714,0.03571428571428571,0.56,0.28,0.16,0.36,0.7,0.0,0.19047619047619047,0.6190476190476191,0.5425873015873016,0.3229300101275184,0.24333333333333332,0.37877727257878374,0.0,0.3253968253968254,0.06707589285714285,0.625,3.28,2.965355515504563,2.770961677211677,1.1666752587915084,4.6,0.44,0.665841800568008,4.0,10.0,1.6904761904761905,0.7337246538676381,0.16666666666666666,0.0
59,2,30.0,81.0,2.7,0.09310344827586207,0.10714285714285714,0.03571428571428571,0.48,0.28,0.08,0.24,0.7,0.0,0.09523809523809523,0.6190476190476191,0.34744215147064544,0.27821327588308925,0.13933333333333334,0.2956818861171205,0.0,0.2023486901535682,0.021570924666162762,0.5625,3.24,2.50466231922256,2.729129549999115,1.1358025855298541,4.565217391304348,0.52,0.6520529971622914,4.0,10.0,1.6927710843373494,0.7439913868074453,0.16666666666666666,0.0
590,2,29.0,77.0,2.6551724137931036,0.09482758620689655,0.1111111111111111,0.037037037037037035,0.4583333333333333,0.20833333333333334,0.125,0.4166666666666667,0.6896551724137931,0.0,0.15,0.6,0.6962121212121212,0.21776890091767245,0.24513888888888888,0.352440736329952,0.0,0.2820987654320988,0.10404040404040402,0.8666666666666667,3.2083333333333335,2.5191297093944214,2.789344049779621,1.1194900369035645,4.583333333333334,0.625,0.7288166246550342,4.0,8.0,1.6818181818181819,0.7383477885943471,0.1724137931034483,0.0
591,2,30.0,57.0,1.9,0.06551724137931035,0.10714285714285714,0.14285714285714285,0.48,0.28,0.2,0.4,0.7,0.0,0.23809523809523808,0.47619047619047616,0.5686071428571429,0.35954065614109254,0.2613333333333333,0.39889082326983766,0.0,0.1904761904761905,0.07014973958333333,0.5,2.28,1.768238294649979,2.6956990231990234,1.129665255247191,5.0,0.48,0.676659316200787,5.0,7.0,1.7064220183486238,0.8422055732770067,0.06666666666666667,0.0
592,2,30.0,68.0,2.2666666666666666,0.07816091954022988,0.10714285714285714,0.14285714285714285,0.44,0.28,0.12,0.44,0.7,0.0,0.14285714285714285,0.6190476190476191,0.6265164399092971,0.29844352678888864,0.235,0.34629320161025606,0.0,0.2482993197278912,0.09168836805555555,0.6875,2.72,2.0920484379350937,2.734747899159664,1.1753489420851815,5.333333333333334,0.44,0.6310846536261354,5.0,9.0,1.9078947368421053,0.9721639899129025,0.1,0.0
593,2,30.0,83.0,2.7666666666666666,0.09540229885057472,0.10714285714285714,0.07142857142857142,0.48,0.36,0.2,0.32,0.7,0.0,0.23809523809523808,0.5714285714285714,0.5483030303030303,0.395728626465748,0.2506666666666667,0.41198705481281,0.0,0.3527777777777778,0.020833333333333332,0.5,3.32,3.023794525647093,2.6369719169719175,1.1334659653567318,4.555555555555555,0.52,0.7254421432997917,3.0,10.0,1.6217948717948718,0.6656837253283876,0.23333333333333334,0.0
594,2,30.0,56.0,1.8666666666666667,0.06436781609195402,0.10714285714285714,0.21428571428571427,0.44,0.36,0.16,0.44,0.7,0.0,0.19047619047619047,0.5714285714285714,0.593125,0.38518292461720915,0.2713333333333333,0.3748925772063838,0.0,0.3602430555555556,0.04687499999999999,0.375,2.24,1.786057109949175,2.6569708994708994,1.1799517444301406,5.5,0.28,0.5316646547274103,4.0,6.0,1.5978260869565217,0.7991724099657431,0.0,0.0
595,2,30.0,82.0,2.7333333333333334,0.09425287356321839,0.10714285714285714,0.07142857142857142,0.4,0.24,0.08,0.52,0.7,0.0,0.09523809523809523,0.6190476190476191,0.5252388888888888,0.23356583865355746,0.24377777777777773,0.30895133261717117,0.0,0.27283950617283953,0.128828125,0.8125,3.28,2.508651696296904,2.6739109581350955,1.0661431845397422,4.333333333333334,0.68,0.638277523586905,4.0,8.0,1.6168831168831168,0.7066264504654571,0.13333333333333333,0.0
596,2,30.0,81.0,2.7,0.09310344827586207,0.10714285714285714,0.03571428571428571,0.52,0.28,0.12,0.28,0.7,0.0,0.14285714285714285,0.5714285714285714,0.29582160725453405,0.3855531236977385,0.17571428571428574,0.34223654150329424,0.0,0.29629629629629634,0.0087890625,0.125,3.24,2.586503431275512,2.781228956228956,1.222839073646004,4.75,0.56,0.7068490293591895,4.0,9.0,1.6319444444444444,0.7455839948627476,0.16666666666666666,0.0
597,2,30.0,78.0,2.6,0.0896551724137931,0.10714285714285714,0.07142857142857142,0.48,0.32,0.12,0.36,0.7,0.0,0.14285714285714285,0.5714285714285714,0.4378880288957688,0.3202206740387659,0.19704761904761908,0.34607539407254034,0.0,0.2546296296296297,0.07051567337461301,0.625,3.12,2.6350205565295566,2.7074603174603173,1.1441207664853255,4.55,0.56,0.7230243283045887,4.0,10.0,1.7106918238993711,0.7659354498175147,0.16666666666666666,0.0
598,2,30.0,69.0,2.3,0.07931034482758621,0.10714285714285714,0.14285714285714285,0.48,0.24,0.12,0.44,0.7,0.0,0.14285714285714285,0.5238095238095238,0.5912752100840336,0.2188725010251549,0.24704761904761907,0.35066969727012665,0.0,0.23327108621226275,0.026432291666666663,0.375,2.76,2.0469489490458717,2.881902264402264,1.2846928083287614,5.181818181818182,0.52,0.6466957616441543,5.0,8.0,1.904109589041096,1.005699393788242,0.13333333333333333,0.0
599,2,29.0,64.0,2.206896551724138,0.07881773399014778,0.1111111111111111,0.1111111111111111,0.375,0.375,0.16666666666666666,0.4166666666666667,0.6896551724137931,0.0,0.2,0.5,0.3798017756680731,0.36389926955978263,0.26458333333333334,0.38063995502616227,0.0,0.20949074074074076,0.03291139240506329,0.4666666666666667,2.6666666666666665,2.9878982967771943,2.628741947707465,1.2394475099062996,5.0,0.4166666666666667,0.7584875967754993,4.0,9.0,1.779527559055118,0.8989710681536573,0.13793103448275862,0.0
6,2,29.0,67.0,2.310344827586207,0.08251231527093596,0.1111111111111111,0.037037037037037035,0.5416666666666666,0.25,0.08333333333333333,0.3333333333333333,0.6896551724137931,0.0,0.1,0.6,0.4861621956277753,0.3112701729100078,0.17500000000000002,0.31176604631173394,0.0,0.2653356481481482,0.13566370223978919,0.5625,2.7916666666666665,2.933749147076317,2.6995577471530283,1.1372005343687839,4.875,0.375,0.7600300083302499,4.0,9.0,1.7426470588235294,0.807339696547194,0.1724137931034483,0.0
60,2,30.0,81.0,2.7,0.09310344827586207,0.10714285714285714,0.10714285714285714,0.36,0.4,0.16,0.4,0.7,0.0,0.19047619047619047,0.6190476190476191,0.5247576868619122,0.3170490825360542,0.2574285714285714,0.3793059162208269,0.0,0.2587301587301588,0.10732524778299425,0.75,3.24,2.3678400846904055,2.534344801893821,1.0391967054836853,4.444444444444445,0.56,0.5611435915851891,3.0,10.0,1.6604938271604939,0.6794552096711283,0.13333333333333333,0.0
600,2,29.0,43.0,1.4827586206896552,0.05295566502463054,0.1111111111111111,0.25925925925925924,0.5416666666666666,0.3333333333333333,0.16666666666666666,0.3333333333333333,0.6896551724137931,0.0,0.2,0.6,0.5821759259259259,0.30828590907719405,0.23611111111111108,0.3835905459266634,0.0,0.3958333333333333,0.1918402777777778,0.8125,1.7916666666666667,1.0206207261596574,2.660919540229885,1.1334407850153836,4.5,0.20833333333333334,0.6321830980205904,4.0,8.0,1.88,0.8793937305515279,0.06896551724137931,0.0
601,2,30.0,76.0,2.533333333333333,0.08735632183908046,0.10714285714285714,0.10714285714285714,0.48,0.32,0.24,0.48,0.7,0.0,0.2857142857142857,0.5238095238095238,0.7676246586851502,0.2037388849009869,0.336,0.42171058181508175,0.0,0.31018518518518523,0.16844544213400545,0.75,3.04,2.715388247255507,2.65328884078884,1.058182521844318,4.333333333333334,0.56,0.743342098597333,4.0,8.0,1.7177914110429449,0.7577517301973863,0.16666666666666666,0.0
602,2,29.0,78.0,2.689655172413793,0.0960591133004926,0.1111111111111111,0.1111111111111111,0.4583333333333333,0.375,0.16666666666666666,0.375,0.6896551724137931,0.0,0.2,0.55,0.34627565870098037,0.3475125567030745,0.2340277777777778,0.3796921956612418,0.0,0.18611111111111112,0.04764332490808824,0.5,3.25,3.4420671241212775,2.679256312014933,1.2550109880723193,5.5,0.5,0.747353448979016,4.0,9.0,1.5522388059701493,0.6889805499301285,0.1724137931034483,0.0
603,2,29.0,71.0,2.4482758620689653,0.0874384236453202,0.1111111111111111,0.07407407407407407,0.4583333333333333,0.2916666666666667,0.125,0.4166666666666667,0.6896551724137931,0.0,0.15,0.6,0.6024113966574284,0.2970444337983959,0.22881944444444444,0.350577328940175,0.0,0.14143990929705225,0.10692515432098765,0.75,2.9583333333333335,2.095111632735399,2.730768178181971,1.1162004075977066,4.25,0.5,0.7744753544712203,4.0,8.0,1.7651006711409396,0.7831783972754903,0.1724137931034483,0.0
604,2,29.0,68.0,2.3448275862068964,0.08374384236453201,0.1111111111111111,0.07407407407407407,0.5,0.20833333333333334,0.08333333333333333,0.4583333333333333,0.6896551724137931,0.0,0.1,0.6,0.731887231691919,0.17358867651167775,0.24166666666666667,0.31957096843226285,0.0,0.28535353535353536,0.126708984375,0.8125,2.8333333333333335,1.8804871400937497,2.8127394636015324,1.1208928352160519,4.5,0.5,0.6726408627394423,4.0,10.0,1.7647058823529411,0.8172861532821595,0.06896551724137931,0.0
605,2,29.0,59.0,2.0344827586206895,0.07266009852216748,0.1111111111111111,0.2962962962962963,0.5,0.20833333333333334,0.08333333333333333,0.3333333333333333,0.6896551724137931,0.0,0.1,0.55,0.3679935515873016,0.33953271208461555,0.17500000000000002,0.3078678429060953,0.0,0.2321428571428571,0.0078125,0.0625,2.4583333333333335,1.5597983890531344,2.8668582375478926,1.2493909298838262,4.777777777777778,0.5416666666666666,0.7359325830164849,4.0,9.0,1.8095238095238095,0.8458301078990812,0.1724137931034483,0.0
606,2,30.0,93.0,3.1,0.10689655172413794,0.10714285714285714,0.07142857142857142,0.4,0.2,0.12,0.44,0.7,0.0,0.14285714285714285,0.5714285714285714,0.5018498404516446,0.27243571957954554,0.22777777777777775,0.3367876570272817,0.0,0.19791666666666663,0.09779863540132545,0.75,3.72,2.951270912674741,2.748776593776594,1.0859342153324818,4.285714285714286,0.56,0.7027836036503584,4.0,11.0,1.6666666666666667,0.7135527374746096,0.26666666666666666,0.0
607,2,28.0,82.0,2.9285714285714284,0.10846560846560846,0.11538461538461539,0.07692307692307693,0.5217391304347826,0.2608695652173913,0.13043478260869565,0.30434782608695654,0.6785714285714286,0.0,0.15789473684210525,0.5789473684210527,0.5085257479686426,0.31854118084155164,0.1956521739130435,0.35320385675538357,0.0,0.29017857142857145,0.06601862385876454,0.75,3.5652173913043477,3.216803706625029,2.7610911410018555,1.2416128166749685,5.166666666666666,0.5652173913043478,0.7536266993769141,4.0,11.0,1.6578947368421053,0.7555995221365023,0.21428571428571427,0.0
608,2,29.0,78.0,2.689655172413793,0.0960591133004926,0.1111111111111111,0.037037037037037035,0.4583333333333333,0.2916666666666667,0.125,0.4583333333333333,0.6896551724137931,0.0,0.15,0.6,0.546626792977949,0.30667976690283116,0.26458333333333334,0.3543488448756879,0.0,0.328125,0.11739322414900448,0.6875,3.25,2.9525228710964844,2.7813274093936817,1.2077001829365797,5.0,0.4166666666666667,0.7604296863693765,5.0,10.0,1.7619047619047619,0.8206766248723787,0.27586206896551724,0.0
609,2,30.0,95.0,3.1666666666666665,0.10919540229885058,0.10714285714285714,0.03571428571428571,0.48,0.24,0.12,0.32,0.7,0.0,0.14285714285714285,0.5714285714285714,0.4843602693602693,0.34575799831312526,0.17787878787878786,0.335329765191407,0.0,0.1728395061728395,0.029237689393939392,0.4375,3.8,4.183300132670377,2.6583333333333337,1.0292257068085482,4.133333333333333,0.48,0.6866089246099178,4.0,9.0,1.5222929936305734,0.656193249181298,0.2,0.0
61,2,29.0,91.0,3.1379310344827585,0.11206896551724138,0.1111111111111111,0.07407407407407407,0.4583333333333333,0.25,0.041666666666666664,0.375,0.6896551724137931,0.0,0.05,0.6,0.45655497685185176,0.26221646276819466,0.17291666666666664,0.2673366809216116,0.0,0.10416666666666671,0.10963194444444442,0.8125,3.7916666666666665,3.741415294483773,2.7008558491317114,1.05347366705371,4.0,0.3333333333333333,0.6730314674239479,3.0,10.0,1.5569620253164558,0.6532005562624731,0.2413793103448276,0.0
610,2,30.0,60.0,2.0,0.06896551724137931,0.10714285714285714,0.10714285714285714,0.56,0.28,0.08,0.28,0.7,0.0,0.09523809523809523,0.5714285714285714,0.3745833333333334,0.31146355904200274,0.166,0.30846393630374364,0.0,0.2191358024691358,0.03916015625,0.625,2.4,1.979057014506319,2.7950976800976806,1.2488716485083704,5.0,0.44,0.6610566016724695,4.0,10.0,1.8551724137931034,0.8658594826403192,0.0,0.0
611,2,30.0,102.0,3.4,0.11724137931034483,0.10714285714285714,0.03571428571428571,0.48,0.28,0.12,0.48,0.7,0.0,0.14285714285714285,0.5238095238095238,0.42766255944660614,0.3589056934239438,0.2599393939393939,0.3494513606262339,0.0,0.2709876543209877,0.055949051556420236,0.75,4.08,3.510935297989222,2.861878935334818,1.2792479586282868,4.769230769230769,0.6,0.7969991758726939,4.0,12.0,1.7010309278350515,0.8036825663359229,0.26666666666666666,0.0
612,2,30.0,76.0,2.533333333333333,0.08735632183908046,0.10714285714285714,0.07142857142857142,0.4,0.28,0.16,0.44,0.7,0.0,0.19047619047619047,0.6190476190476191,0.6333333333333333,0.32369142583907046,0.24327272727272728,0.3667086857132415,0.0,0.27248677248677244,0.05158730158730159,0.625,3.04,2.5245461638348647,2.625129162776221,1.0373776763493097,4.333333333333334,0.56,0.6810910273289317,4.0,7.0,1.6938775510204083,0.7366366076654522,0.06666666666666667,0.0
613,2,30.0,60.0,2.0,0.06896551724137931,0.10714285714285714,0.17857142857142858,0.56,0.32,0.12,0.24,0.7,0.0,0.14285714285714285,0.5238095238095238,0.2502359285473542,0.3599853556201806,0.1733333333333333,0.3452052529534663,0.0,0.16666666666666666,0.026426103808560836,0.375,2.4,2.768874620972692,2.7148575498575496,1.186641326990353,4.777777777777778,0.32,0.6325117871168486,4.0,9.0,1.7401574803149606,0.7788126741086916,0.13333333333333333,0.0
614,2,30.0,100.0,3.3333333333333335,0.11494252873563218,0.10714285714285714,0.07142857142857142,0.4,0.36,0.2,0.44,0.7,0.0,0.23809523809523808,0.5238095238095238,0.6671111111111111,0.2906294341041207,0.2946666666666667,0.405109724505459,0.0,0.26851851851851855,0.09027777777777776,0.75,4.0,3.851406669430448,2.6256240981240984,1.0939742378743027,4.5,0.52,0.7663028921119909,4.0,10.0,1.5654761904761905,0.6890058876396973,0.16666666666666666,0.0
615,2,30.0,49.0,1.6333333333333333,0.05632183908045977,0.10714285714285714,0.17857142857142858,0.48,0.24,0.12,0.32,0.7,0.0,0.14285714285714285,0.6190476190476191,0.5293333333333333,0.3509607349832741,0.19933333333333333,0.3440122736828505,0.0,0.2222222222222222,0.07239583333333334,0.6875,1.96,1.206924466015445,2.752777777777778,1.1987627987909062,5.333333333333334,0.64,0.6065434327004775,5.0,7.0,2.032,1.0154928884298564,0.0,0.0
616,2,29.0,65.0,2.2413793103448274,0.08004926108374384,0.1111111111111111,0.07407407407407407,0.4583333333333333,0.3333333333333333,0.16666666666666666,0.4166666666666667,0.6896551724137931,0.0,0.2,0.6,0.6791155704199182,0.3164825719888527,0.25347222222222227,0.3762893828929257,0.0,0.28125,0.19897923634336678,0.8125,2.7083333333333335,2.475605620531226,2.687696539430819,1.2208726469301336,5.333333333333334,0.5,0.8087879223032793,5.0,11.0,1.7404580152671756,0.8645833701806631,0.1724137931034483,0.0
617,2,27.0,58.0,2.1481481481481484,0.08262108262108261,0.12,0.08,0.5454545454545454,0.36363636363636365,0.13636363636363635,0.2727272727272727,0.6666666666666666,0.0,0.16666666666666666,0.6111111111111112,0.44708994708994704,0.3521543491355806,0.20833333333333331,0.3777456802424072,0.0,0.22530864197530867,0.11036706349206349,0.625,2.6363636363636362,3.032293718425904,2.8230675667457272,1.3967553478890797,5.0,0.2727272727272727,0.8717983923803861,6.0,10.0,1.9577464788732395,1.009692316287033,0.3333333333333333,0.0
618,2,29.0,99.0,3.413793103448276,0.12192118226600986,0.1111111111111111,0.037037037037037035,0.375,0.20833333333333334,0.08333333333333333,0.5,0.6896551724137931,0.0,0.1,0.65,0.5848358585858585,0.28911736396682874,0.20833333333333334,0.29504769122400937,0.0,0.21553030303030302,0.07862413194444444,0.75,4.125,3.430204709317811,2.82552997768515,1.1967911434208942,5.0,0.5833333333333334,0.8080828219179831,4.0,12.0,1.75,0.8438257431583572,0.3103448275862069,0.0
619,2,30.0,86.0,2.8666666666666667,0.09885057471264368,0.10714285714285714,0.03571428571428571,0.48,0.32,0.16,0.36,0.7,0.0,0.19047619047619047,0.5238095238095238,0.5306141496350734,0.34101885896173956,0.2333333333333333,0.375,0.0,0.344017094017094,0.05241849256481116,0.5,3.44,3.524674925909244,2.6068217260322526,1.0489754508136029,4.5,0.44,0.6955853131856478,4.0,8.0,1.5034482758620689,0.6137785740240813,0.26666666666666666,0.0
62,2,29.0,86.0,2.9655172413793105,0.10591133004926108,0.1111111111111111,0.037037037037037035,0.4583333333333333,0.25,0.041666666666666664,0.4166666666666667,0.6896551724137931,0.0,0.05,0.6,0.5427918720131422,0.2524210495652866,0.2020833333333333,0.2941996635432908,0.0,0.18055555555555558,0.10073084677419353,0.8125,3.5833333333333335,3.063340981839027,2.7920439651474136,1.220394057965286,5.0,0.4583333333333333,0.7856126675882773,4.0,10.0,1.6163522012578617,0.7273912301859661,0.3103448275862069,0.0
620,2,30.0,75.0,2.5,0.08620689655172414,0.10714285714285714,0.17857142857142858,0.44,0.24,0.16,0.44,0.7,0.0,0.19047619047619047,0.42857142857142855,0.7231560502989073,0.2444849858673276,0.2757142857142857,0.38122633998427763,0.0,0.310626102292769,0.08335265924551638,0.5625,3.0,2.661453237111885,2.742507278296752,1.110150442731529,5.0,0.48,0.7376363505915914,4.0,10.0,1.6027397260273972,0.6693223753432249,0.2,0.0
621,2,30.0,93.0,3.1,0.10689655172413794,0.10714285714285714,0.10714285714285714,0.4,0.36,0.12,0.4,0.7,0.0,0.14285714285714285,0.5238095238095238,0.5245466155810984,0.2859985233399792,0.24333333333333332,0.3534879116797401,0.0,0.19135802469135807,0.1618431855500821,0.75,3.72,3.646002377033417,2.5734081196581196,1.006781738565377,4.0,0.44,0.6962239323151748,4.0,10.0,1.5304878048780488,0.6307438445172326,0.3,0.0
622,2,29.0,83.0,2.8620689655172415,0.1022167487684729,0.1111111111111111,0.037037037037037035,0.4583333333333333,0.2916666666666667,0.16666666666666666,0.5,0.6896551724137931,0.0,0.2,0.55,0.7449431463406618,0.22578267764969712,0.29444444444444445,0.3830233991750634,0.0,0.33569538926681786,0.10305958132045087,0.7333333333333333,3.4583333333333335,3.106503230135224,2.7630424492493457,1.2319770802976213,4.833333333333334,0.4583333333333333,0.810019592972977,4.0,10.0,1.6375838926174497,0.7462950389384916,0.20689655172413793,0.0
623,2,29.0,62.0,2.1379310344827585,0.07635467980295567,0.1111111111111111,0.14814814814814814,0.5416666666666666,0.25,0.125,0.3333333333333333,0.6896551724137931,0.0,0.15,0.55,0.5733868634259258,0.3168629503383127,0.19375,0.34525116881079115,0.0,0.2118055555555556,0.041300455729166664,0.5,2.5833333333333335,2.165272684236664,2.8408204419093708,1.204927320217167,5.0,0.5,0.7934076086908254,4.0,8.0,1.816793893129771,0.8753155625922947,0.06896551724137931,0.0
624,2,30.0,71.0,2.3666666666666667,0.08160919540229886,0.10714285714285714,0.07142857142857142,0.48,0.28,0.12,0.4,0.7,0.0,0.14285714285714285,0.5714285714285714,0.5594468390804598,0.24551409038326474,0.2306060606060606,0.3495679260530171,0.0,0.30711805555555555,0.13256106321839078,0.875,2.84,2.357258294431619,2.779801587301587,1.2710354706833689,5.5,0.48,0.7016954954730141,5.0,9.0,1.9182389937106918,0.9676315431402563,0.06666666666666667,0.0
625,2,30.0,66.0,2.2,0.07586206896551724,0.10714285714285714,0.10714285714285714,0.48,0.44,0.24,0.32,0.7,0.0,0.2857142857142857,0.5238095238095238,0.6012783882783883,0.3653156045998552,0.2733333333333333,0.432691832858239,0.0,0.35978835978835977,0.0936698717948718,0.5625,2.64,2.643860813280458,2.630773115773116,1.1357309995541685,4.333333333333334,0.4,0.761987202885557,4.0,9.0,1.7737226277372262,0.8401041665973459,0.1,0.0
626,2,30.0,67.0,2.2333333333333334,0.07701149425287357,0.10714285714285714,0.21428571428571427,0.4,0.36,0.12,0.4,0.7,0.0,0.14285714285714285,0.5238095238095238,0.5325699855699856,0.31007916742780256,0.22466666666666665,0.3423475600202984,0.0,0.2330246913580247,0.12692775974025974,0.5,2.68,1.6763054614240211,2.5845791245791245,1.0287672439794886,4.181818181818182,0.44,0.7604604789363849,4.0,9.0,1.7426470588235294,0.7981118786273641,0.26666666666666666,0.0
627,2,28.0,81.0,2.892857142857143,0.10714285714285714,0.11538461538461539,0.038461538461538464,0.43478260869565216,0.391304347826087,0.13043478260869565,0.391304347826087,0.7142857142857143,0.0,0.15,0.6,0.4393977910238429,0.35465012664760115,0.23792270531400966,0.3573842343306831,0.0,0.2568359375,0.11126344086021504,0.6,3.5217391304347827,3.666427109194395,2.4844842247243726,0.998213018638841,3.9655172413793105,0.5217391304347826,0.6685377863868613,3.0,9.0,1.4586466165413534,0.5709014429018419,0.21428571428571427,0.0
628,2,29.0,53.0,1.8275862068965518,0.06527093596059114,0.1111111111111111,0.1111111111111111,0.4583333333333333,0.3333333333333333,0.16666666666666666,0.2916666666666667,0.6896551724137931,0.0,0.2,0.55,0.54012756107171,0.37504321438438915,0.22569444444444442,0.39200892128104575,0.0,0.17901234567901236,0.26173167848699763,0.8,2.2083333333333335,2.021174145771767,2.7246031746031747,1.2479337924405047,5.0,0.4166666666666667,0.6983891513972782,4.0,10.0,1.8888888888888888,0.8692269873603532,0.1724137931034483,0.0
629,2,29.0,79.0,2.7241379310344827,0.09729064039408868,0.1111111111111111,0.037037037037037035,0.5,0.2916666666666667,0.125,0.2916666666666667,0.6896551724137931,0.0,0.15,0.6,0.4656962734993797,0.34075386230382915,0.1954861111111111,0.3583120921128218,0.0,0.3125,0.013026052104208418,0.4375,3.2916666666666665,3.507497146382882,2.655747126436782,1.0648827856236107,4.2,0.4166666666666667,0.6332962022217788,3.0,10.0,1.5753424657534247,0.6415027232813018,0.13793103448275862,0.0
63,2,28.0,75.0,2.6785714285714284,0.0992063492063492,0.11538461538461539,0.07692307692307693,0.4782608695652174,0.17391304347826086,0.043478260869565216,0.4782608695652174,0.6785714285714286,0.0,0.05263157894736842,0.631578947368421,0.49797289870774264,0.1804396620693627,0.19492753623188405,0.2663082241837385,0.0,0.18485915492957755,0.13995726495726496,0.8,3.260869565217391,2.831918580370877,2.5987735828597174,0.984833760242687,4.545454545454545,0.43478260869565216,0.7035200939840103,4.0,8.0,1.6666666666666667,0.762202322846356,0.21428571428571427,0.0
630,2,29.0,75.0,2.586206896551724,0.09236453201970443,0.1111111111111111,0.07407407407407407,0.4583333333333333,0.25,0.125,0.375,0.6896551724137931,0.0,0.15,0.55,0.6283995616542787,0.2745499392941723,0.2201388888888889,0.3489452418410985,0.0,0.15408805031446543,0.13825757575757575,0.875,3.125,2.982740204985138,2.79183460217943,1.2251712312836343,5.0,0.4583333333333333,0.6772874468916333,4.0,8.0,1.686131386861314,0.8467222686676081,0.06896551724137931,0.0
631,2,30.0,77.0,2.566666666666667,0.08850574712643679,0.10714285714285714,0.07142857142857142,0.52,0.24,0.12,0.36,0.7,0.0,0.14285714285714285,0.6190476190476191,0.5065066887783306,0.23909540635401932,0.198,0.33834154341434336,0.0,0.30246913580246915,0.010004664179104478,0.3125,3.08,3.1214312956291916,2.803018247184914,1.1652333901696716,5.0,0.36,0.6697995653539536,4.0,9.0,1.771604938271605,0.8286387202340441,0.2,0.0
632,2,29.0,89.0,3.0689655172413794,0.10960591133004927,0.1111111111111111,0.037037037037037035,0.4166666666666667,0.2916666666666667,0.125,0.4583333333333333,0.6896551724137931,0.0,0.15,0.65,0.5575231481481481,0.29935684230182846,0.2524170274170274,0.35207386475805486,0.0,0.3001543209876544,0.045,0.6666666666666666,3.7083333333333335,3.6887510159905093,2.722288132759735,1.2298282537972876,5.333333333333334,0.5833333333333334,0.7609169941713589,5.0,10.0,1.7160493827160495,0.8738373699373332,0.20689655172413793,0.0
633,2,29.0,76.0,2.6206896551724137,0.09359605911330049,0.1111111111111111,0.2222222222222222,0.4166666666666667,0.25,0.125,0.4583333333333333,0.6896551724137931,0.0,0.15,0.6,0.4920042438271605,0.29397312060307207,0.25171957671957673,0.34996746112622257,0.0,0.22540509259259262,0.07747395833333333,0.5625,3.1666666666666665,2.4435659378771883,2.654771074091561,1.0858537214398072,4.666666666666666,0.5,0.5989424054768598,4.0,8.0,1.6564885496183206,0.8016424712993674,0.06896551724137931,0.0
634,2,29.0,61.0,2.103448275862069,0.07512315270935961,0.1111111111111111,0.037037037037037035,0.5,0.2916666666666667,0.125,0.3333333333333333,0.6896551724137931,0.0,0.15,0.65,0.5601161858974358,0.371564519880289,0.18333333333333335,0.3364348462884031,0.0,0.14583333333333331,0.03380909455128205,0.4375,2.5416666666666665,1.8172881532338394,2.676149425287357,1.1131557371404175,4.5,0.5,0.6801015362245441,4.0,10.0,1.711111111111111,0.7213861725527102,0.1724137931034483,0.0
635,2,29.0,58.0,2.0,0.07142857142857142,0.1111111111111111,0.14814814814814814,0.5,0.2916666666666667,0.08333333333333333,0.4166666666666667,0.6896551724137931,0.0,0.1,0.5,0.4687368476430976,0.30718255301560304,0.2270833333333333,0.32440255379422117,0.0,0.25883838383838387,0.07454427083333331,0.5625,2.4166666666666665,1.7424786610050553,2.7285987958401754,1.1525939078242013,4.666666666666666,0.5,0.7253017873113856,5.0,7.0,1.7698412698412698,0.8594202549411868,0.13793103448275862,0.0
636,2,27.0,66.0,2.4444444444444446,0.09401709401709402,0.12,0.04,0.5454545454545454,0.22727272727272727,0.045454545454545456,0.3181818181818182,0.6666666666666666,0.0,0.05555555555555555,0.6111111111111112,0.26479531425364755,0.2699185899435481,0.13863636363636364,0.25631631229411045,0.0,0.21450617283950615,0.027410714285714285,0.5,3.0,2.845213189769458,2.8062456866804695,1.1892463348766675,5.0,0.4090909090909091,0.7865234345740233,4.0,8.0,1.628099173553719,0.7652040186006897,0.14814814814814814,0.0
637,2,29.0,78.0,2.689655172413793,0.0960591133004926,0.1111111111111111,0.037037037037037035,0.4583333333333333,0.3333333333333333,0.08333333333333333,0.3333333333333333,0.6896551724137931,0.0,0.1,0.65,0.3205439814814815,0.3017980923750784,0.1708333333333333,0.3039295780370793,0.0,0.14583333333333331,0.021566358024691357,0.5,3.25,3.193063133405452,2.6784245095497368,1.1566720388085043,4.571428571428571,0.5833333333333334,0.7136890734289055,4.0,7.0,1.6308724832214765,0.7198816840530174,0.06896551724137931,0.0
638,2,30.0,82.0,2.7333333333333334,0.09425287356321839,0.10714285714285714,0.07142857142857142,0.4,0.24,0.12,0.52,0.7,0.0,0.14285714285714285,0.6190476190476191,0.5831694653299916,0.35052265313697895,0.2563809523809524,0.337262640141736,0.0,0.3299988977072311,0.07422902960526315,0.5625,3.28,2.894247167514666,2.6912308726589083,1.0985205934876074,5.5,0.56,0.743509041590848,4.0,8.0,1.5629629629629629,0.7492026349194588,0.06666666666666667,0.0
639,2,29.0,69.0,2.3793103448275863,0.08497536945812807,0.1111111111111111,0.14814814814814814,0.4166666666666667,0.2916666666666667,0.16666666666666666,0.4583333333333333,0.6896551724137931,0.0,0.2,0.6,0.6674623842592592,0.2798312062060026,0.26805555555555555,0.3768967062925474,0.0,0.15798611111111116,0.13998480902777774,0.9375,2.875,1.6500988112705621,2.809291187739463,1.3165855150176593,5.333333333333334,0.5,0.6964874986004363,4.0,10.0,1.8482758620689654,0.8923364655868837,0.06896551724137931,0.0
64,2,30.0,68.0,2.2666666666666666,0.07816091954022988,0.10714285714285714,0.14285714285714285,0.48,0.32,0.12,0.32,0.7,0.0,0.14285714285714285,0.5714285714285714,0.41592792792792793,0.36088246534909263,0.18171428571428574,0.33726264014173607,0.0,0.17361111111111113,0.02713963963963964,0.5625,2.72,2.7160019636713573,2.6061630929174786,1.0858395221129555,5.0,0.36,0.6374060270672848,5.0,9.0,1.7246376811594204,0.8262845866478509,0.1,0.0
640,2,28.0,63.0,2.25,0.08333333333333333,0.11538461538461539,0.038461538461538464,0.5652173913043478,0.2608695652173913,0.08695652173913043,0.30434782608695654,0.6785714285714286,0.0,0.10526315789473684,0.5789473684210527,0.563821974148061,0.28568854797101423,0.17632850241545892,0.31986782391980734,0.0,0.22321428571428573,0.14057221283783783,0.8125,2.739130434782609,2.544466211289758,2.8259507494421285,1.2873549252117216,4.833333333333334,0.5217391304347826,0.7277567493395165,4.0,10.0,1.8455882352941178,0.8596181449456646,0.10714285714285714,0.0
641,2,30.0,71.0,2.3666666666666667,0.08160919540229886,0.10714285714285714,0.03571428571428571,0.52,0.32,0.12,0.32,0.7,0.0,0.14285714285714285,0.5714285714285714,0.4355105204872647,0.3465720395232067,0.18833333333333332,0.3417174758968779,0.0,0.22962962962962966,0.04324127906976744,0.5,2.84,2.7489391893358914,2.7495634920634924,1.2022841530290613,5.0,0.4,0.7169896193015988,5.0,9.0,1.8323353293413174,0.8548422993490475,0.16666666666666666,0.0
642,2,29.0,70.0,2.413793103448276,0.08620689655172414,0.1111111111111111,0.07407407407407407,0.5,0.3333333333333333,0.08333333333333333,0.2916666666666667,0.6896551724137931,0.0,0.1,0.5,0.27162853050892616,0.31133339537497384,0.17013888888888887,0.31130003106291937,0.0,0.09375000000000001,0.04015537569944044,0.4375,2.9166666666666665,2.430184581765195,2.7061128526645764,1.1647335795876939,4.375,0.5,0.7149058347210617,4.0,10.0,1.703448275862069,0.7557569598591063,0.1724137931034483,0.0
643,2,30.0,72.0,2.4,0.08275862068965517,0.10714285714285714,0.14285714285714285,0.44,0.36,0.16,0.36,0.7,0.0,0.19047619047619047,0.47619047619047616,0.4848595964385438,0.3518544365148778,0.24666666666666665,0.38224483137265713,0.0,0.20576131687242802,0.027224593014066698,0.5,2.88,2.8331372481167705,2.5910427758703616,1.0880088308910651,4.363636363636363,0.44,0.6270362483056271,4.0,11.0,1.7025316455696202,0.7183623774680897,0.23333333333333334,0.0
644,2,28.0,61.0,2.1785714285714284,0.08068783068783068,0.11538461538461539,0.07692307692307693,0.43478260869565216,0.34782608695652173,0.17391304347826086,0.30434782608695654,0.6785714285714286,0.0,0.21052631578947367,0.5263157894736842,0.47486594202898547,0.32164837907185545,0.22826086956521738,0.39104350111317004,0.0,0.2619047619047619,0.0397890625,0.5625,2.652173913043478,2.497429508554271,2.6140381683177245,1.0856676961536942,4.206896551724138,0.5217391304347826,0.704037135821978,4.0,8.0,1.7580645161290323,0.8102089235924704,0.07142857142857142,0.0
645,2,30.0,67.0,2.2333333333333334,0.07701149425287357,0.10714285714285714,0.07142857142857142,0.4,0.36,0.16,0.44,0.7,0.0,0.19047619047619047,0.5714285714285714,0.6053333333333333,0.33170255847910984,0.27266666666666667,0.3782231851404377,0.0,0.23809523809523814,0.07916666666666665,0.625,2.68,1.9304576314093682,2.595122655122655,1.1421481145199253,4.857142857142858,0.52,0.6769650192340143,4.0,8.0,1.625,0.7998161553463028,0.0,0.0
646,2,30.0,61.0,2.033333333333333,0.07011494252873564,0.10714285714285714,0.14285714285714285,0.4,0.48,0.24,0.4,0.7,0.0,0.2857142857142857,0.47619047619047616,0.6331291146043262,0.4034305823973767,0.3022222222222222,0.42705566757728036,0.0,0.271604938271605,0.263017684401451,0.75,2.44,2.2561028345356955,2.5143951418951422,1.0985026979957353,4.428571428571429,0.28,0.6472536157339573,4.0,10.0,1.689922480620155,0.7373776340477101,0.16666666666666666,0.0
647,2,29.0,72.0,2.4827586206896552,0.08866995073891626,0.1111111111111111,0.14814814814814814,0.4583333333333333,0.25,0.08333333333333333,0.4166666666666667,0.6896551724137931,0.0,0.1,0.65,0.520676319007687,0.32370362646409734,0.2020833333333333,0.30329560603094985,0.0,0.13417190775681342,0.1171267361111111,0.8125,3.0,2.245768968720862,2.795062695924765,1.2583121347928363,5.333333333333334,0.625,0.7472749095995584,5.0,9.0,1.9634146341463414,1.0443552265841973,0.2413793103448276,0.0
648,2,30.0,69.0,2.3,0.07931034482758621,0.10714285714285714,0.21428571428571427,0.4,0.28,0.08,0.4,0.7,0.0,0.09523809523809523,0.5714285714285714,0.3532291105121294,0.31285044933112166,0.19742857142857143,0.303087008454466,0.0,0.19356261022927693,0.05719732704402515,0.5625,2.76,1.8770544300401448,2.5564389695272047,0.9868943575403275,4.181818181818182,0.6,0.6140319085321534,3.0,10.0,1.6595744680851063,0.7053852770350049,0.1,0.0
649,2,29.0,77.0,2.6551724137931036,0.09482758620689655,0.1111111111111111,0.07407407407407407,0.4166666666666667,0.2916666666666667,0.125,0.375,0.6896551724137931,0.0,0.15,0.6,0.6666240909509343,0.288034646829947,0.24305555555555555,0.36771643751932026,0.0,0.28472222222222227,0.12221301666206388,0.75,3.2083333333333335,2.9632409793078383,2.69743318435002,1.1194903612777227,4.428571428571429,0.5416666666666666,0.7537393523140671,4.0,10.0,1.7450980392156863,0.8072811074078897,0.27586206896551724,0.0
65,2,27.0,73.0,2.7037037037037037,0.10398860398860399,0.12,0.08,0.45454545454545453,0.3181818181818182,0.13636363636363635,0.4090909090909091,0.6666666666666666,0.0,0.16666666666666666,0.5555555555555556,0.536311289478276,0.3076161184386644,0.24924242424242424,0.3669723571588341,0.0,0.19166666666666668,0.180542226487524,0.8125,3.3181818181818183,3.153023698223412,2.6564910543341917,1.1724005210525978,4.6,0.5,0.6543636616464364,4.0,10.0,1.6830985915492958,0.7472855683787971,0.2222222222222222,0.0
650,2,30.0,88.0,2.933333333333333,0.10114942528735632,0.10714285714285714,0.03571428571428571,0.52,0.36,0.16,0.36,0.7,0.0,0.19047619047619047,0.5238095238095238,0.4066365309408787,0.3787808895835652,0.23466666666666666,0.380938169377773,0.0,0.2671957671957672,0.02294560185185185,0.375,3.52,3.4535006394478436,2.7183994708994708,1.1852474228849312,4.5,0.48,0.7551179955221006,4.0,10.0,1.5974025974025974,0.7367077490051192,0.16666666666666666,0.0
651,2,29.0,93.0,3.206896551724138,0.1145320197044335,0.1111111111111111,0.037037037037037035,0.4166666666666667,0.25,0.08333333333333333,0.5,0.6896551724137931,0.0,0.1,0.65,0.6645041191381494,0.23945193588702937,0.2465277777777778,0.32194229261555113,0.0,0.18065476190476198,0.16354760773130542,0.875,3.875,3.180272069302029,2.7880136727364646,1.1762521706980475,4.666666666666666,0.6666666666666666,0.7163792975085798,4.0,11.0,1.6722222222222223,0.7683004210161423,0.20689655172413793,0.0
652,2,30.0,60.0,2.0,0.06896551724137931,0.10714285714285714,0.14285714285714285,0.48,0.36,0.16,0.36,0.7,0.0,0.19047619047619047,0.5714285714285714,0.5507407407407406,0.33920984367220886,0.24666666666666665,0.3845090665019776,0.0,0.22685185185185183,0.10011574074074073,0.8125,2.4,1.5275252316519468,2.749661531279178,1.2945383358135274,5.333333333333334,0.48,0.6977491047482487,5.0,9.0,1.9694656488549618,1.087968688023058,0.0,0.0
653,2,29.0,66.0,2.2758620689655173,0.0812807881773399,0.1111111111111111,0.07407407407407407,0.5,0.2916666666666667,0.08333333333333333,0.2916666666666667,0.6896551724137931,0.0,0.1,0.6,0.2926231060606061,0.30544795679811504,0.15694444444444444,0.3008007295619343,0.0,0.16145833333333334,0.06598011363636362,0.625,2.75,2.877952170494182,2.58622758533579,0.9953329766281609,4.0344827586206895,0.4583333333333333,0.620706080862469,3.0,10.0,1.631578947368421,0.6451883000982984,0.06896551724137931,0.0
654,2,30.0,66.0,2.2,0.07586206896551724,0.10714285714285714,0.10714285714285714,0.48,0.32,0.12,0.36,0.7,0.0,0.14285714285714285,0.5238095238095238,0.531125,0.34940947206203016,0.21600000000000003,0.34842502780368695,0.0,0.2361111111111111,0.207763671875,0.75,2.64,2.4131583730317683,2.68994708994709,1.1696131622734556,5.0,0.4,0.7551301359090565,4.0,11.0,1.8571428571428572,0.8600732686214939,0.13333333333333333,0.0
655,2,30.0,80.0,2.6666666666666665,0.09195402298850575,0.10714285714285714,0.10714285714285714,0.48,0.24,0.12,0.4,0.7,0.0,0.14285714285714285,0.5238095238095238,0.5265287808073364,0.2884230833545279,0.22266666666666662,0.3429812110176171,0.0,0.2530864197530864,0.07357452100221075,0.8125,3.2,2.5,2.7988281138281135,1.198226697538876,4.777777777777778,0.6,0.6622142127440592,4.0,10.0,1.807909604519774,0.8099836086784,0.23333333333333334,0.0
656,2,29.0,88.0,3.0344827586206895,0.10837438423645321,0.1111111111111111,0.037037037037037035,0.4166666666666667,0.25,0.08333333333333333,0.4166666666666667,0.6896551724137931,0.0,0.1,0.55,0.5583529345878137,0.2395946043914438,0.2226190476190476,0.3285076602686322,0.0,0.19102822580645165,0.11390283978174603,0.9375,3.6666666666666665,3.1438921691137076,2.7406428595069565,1.1432580080304604,4.833333333333334,0.625,0.635570529023453,4.0,10.0,1.5962732919254659,0.6926297891693082,0.1724137931034483,0.0
657,2,29.0,75.0,2.586206896551724,0.09236453201970443,0.1111111111111111,0.14814814814814814,0.4166666666666667,0.2916666666666667,0.08333333333333333,0.5,0.6896551724137931,0.0,0.1,0.6,0.604202835648148,0.2521902647449159,0.26099537037037035,0.3255167236723941,0.0,0.30040147569444453,0.08984375,0.6875,3.125,2.346366293358455,2.7081895454106406,1.1980876357766983,5.0,0.5416666666666666,0.7223388356683473,4.0,9.0,1.7567567567567568,0.8461326315809742,0.1724137931034483,0.0
658,2,29.0,67.0,2.310344827586207,0.08251231527093596,0.1111111111111111,0.18518518518518517,0.5416666666666666,0.2916666666666667,0.125,0.2916666666666667,0.6896551724137931,0.0,0.15,0.55,0.5506944444444444,0.35500764509091987,0.1875,0.35119705576880383,0.0,0.22839506172839508,0.10592592592592594,0.8,2.7916666666666665,1.9555754555421379,2.7476422045387556,1.185355114796229,4.5,0.5416666666666666,0.6551851463682662,4.0,9.0,1.7916666666666667,0.7922262161923056,0.1724137931034483,0.0
659,2,30.0,59.0,1.9666666666666666,0.067816091954023,0.10714285714285714,0.14285714285714285,0.48,0.32,0.2,0.4,0.7,0.0,0.23809523809523808,0.42857142857142855,0.4797222222222222,0.3634752037979072,0.2813333333333333,0.4120668320479993,0.0,0.2314814814814815,0.011393229166666666,0.1875,2.36,1.7530925056406272,3.019931827431827,1.5986797386340332,6.0,0.52,0.881093945022981,6.0,11.0,2.142857142857143,1.1878379115475264,0.13333333333333333,0.0
66,2,30.0,70.0,2.3333333333333335,0.08045977011494253,0.10714285714285714,0.14285714285714285,0.44,0.36,0.12,0.44,0.7,0.0,0.14285714285714285,0.5238095238095238,0.4901583467525496,0.31004654128627535,0.24765367965367965,0.35708060413317927,0.0,0.3239398819108964,0.11067708333333331,0.625,2.8,2.5495097567963922,2.8328715728715728,1.5048399889201507,7.0,0.24,0.6716247917271593,6.0,9.0,2.1776315789473686,1.3910878761821865,0.16666666666666666,0.0
660,2,29.0,66.0,2.2758620689655173,0.0812807881773399,0.1111111111111111,0.14814814814814814,0.5416666666666666,0.25,0.041666666666666664,0.3333333333333333,0.6896551724137931,0.0,0.05,0.5,0.32110595703125006,0.24619349080520667,0.15069444444444444,0.2659628014501905,0.0,0.17447916666666669,0.0693935818142361,0.625,2.75,2.5409686615797598,2.742293625914315,1.1496674354187852,4.636363636363637,0.5,0.5622400978275621,5.0,8.0,1.7251908396946565,0.8687164281460479,0.06896551724137931,0.0
661,2,30.0,70.0,2.3333333333333335,0.08045977011494253,0.10714285714285714,0.17857142857142858,0.36,0.36,0.2,0.56,0.7,0.0,0.23809523809523808,0.47619047619047616,0.677788888888889,0.2936996003519814,0.33799999999999997,0.3914159954338625,0.0,0.3229717813051146,0.14713541666666666,0.75,2.8,1.9790570145063198,2.5207081807081813,0.9927823523853743,4.230769230769231,0.44,0.6602992338753632,4.0,8.0,1.6220472440944882,0.7338648923950265,0.13333333333333333,0.0
662,2,30.0,65.0,2.1666666666666665,0.07471264367816093,0.10714285714285714,0.07142857142857142,0.52,0.32,0.2,0.28,0.7,0.0,0.23809523809523808,0.5714285714285714,0.5756487232574189,0.33641295179881936,0.22333333333333336,0.40448870331705317,0.0,0.17460317460317462,0.08683386171497584,0.8125,2.6,2.614064523559687,2.821613756613757,1.2743150134827057,5.0,0.48,0.7978400586545201,4.0,10.0,1.9759036144578312,0.9142097579672918,0.16666666666666666,0.0
663,2,30.0,90.0,3.0,0.10344827586206896,0.10714285714285714,0.07142857142857142,0.44,0.32,0.16,0.48,0.7,0.0,0.19047619047619047,0.5714285714285714,0.7285880170487239,0.2581428290175663,0.2806666666666667,0.3812042322255442,0.0,0.31419753086419755,0.11525503614406438,0.875,3.6,2.70801280154532,2.728422001974634,1.138214532413948,4.555555555555555,0.6,0.7278256757596226,4.0,12.0,1.6666666666666667,0.6870750119689057,0.26666666666666666,0.0
664,2,29.0,66.0,2.2758620689655173,0.0812807881773399,0.1111111111111111,0.07407407407407407,0.4583333333333333,0.3333333333333333,0.08333333333333333,0.375,0.6896551724137931,0.0,0.1,0.55,0.4349430744520031,0.3259292731797588,0.20046296296296295,0.3225881508168187,0.0,0.1697048611111111,0.05683992346938775,0.5,2.75,2.345207879911715,2.706892866039337,1.1850654795898004,4.75,0.5,0.6697527845063199,4.0,8.0,1.7461538461538462,0.8288549911190268,0.06896551724137931,0.0
665,2,28.0,48.0,1.7142857142857142,0.06349206349206349,0.11538461538461539,0.23076923076923078,0.6086956521739131,0.391304347826087,0.13043478260869565,0.13043478260869565,0.6785714285714286,0.0,0.15789473684210525,0.5263157894736842,0.41471571906354515,0.45151655897772197,0.13043478260869565,0.34435022157509093,0.0,0.1875,0.0,0.0,2.0869565217391304,2.55686319679302,2.7278711484593843,1.2797144562058607,4.8,0.34782608695652173,0.7078143996114066,4.0,7.0,1.8198198198198199,0.7531533490863379,0.17857142857142858,0.0
666,2,30.0,74.0,2.466666666666667,0.08505747126436781,0.10714285714285714,0.14285714285714285,0.48,0.32,0.16,0.44,0.7,0.0,0.19047619047619047,0.5238095238095238,0.6329047619047619,0.24632984593211193,0.28904761904761905,0.38907389509292645,0.0,0.28240740740740744,0.18796130952380952,0.9375,2.96,2.8059460674313277,2.706922896922897,1.1835397704554502,4.666666666666666,0.52,0.6468637173710068,4.0,11.0,1.7882352941176471,0.7783173725895915,0.23333333333333334,0.0
667,2,29.0,66.0,2.2758620689655173,0.0812807881773399,0.1111111111111111,0.037037037037037035,0.5,0.25,0.08333333333333333,0.2916666666666667,0.6896551724137931,0.0,0.1,0.55,0.433308033911104,0.3119667757913644,0.18749999999999997,0.32716207627808785,0.0,0.30237268518518523,0.034639491465149365,0.5,2.75,2.2698400633180036,2.7695006526041004,1.1296527388805009,4.555555555555555,0.5416666666666666,0.6180184043408712,4.0,11.0,1.8116883116883118,0.7984419510986726,0.1724137931034483,0.0
668,2,30.0,68.0,2.2666666666666666,0.07816091954022988,0.10714285714285714,0.07142857142857142,0.44,0.36,0.16,0.4,0.7,0.0,0.19047619047619047,0.6190476190476191,0.4793650793650794,0.3314463588840618,0.24266666666666667,0.36996871739628456,0.0,0.2257495590828924,0.07812499999999999,0.625,2.72,2.131509637166422,2.6437900306321365,1.1234856030239038,4.75,0.56,0.6245519260695843,4.0,8.0,1.6796875,0.7830245594040594,0.0,0.0
669,2,30.0,61.0,2.033333333333333,0.07011494252873564,0.10714285714285714,0.17857142857142858,0.48,0.44,0.24,0.32,0.7,0.0,0.2857142857142857,0.47619047619047616,0.5559753086419752,0.3789201160428737,0.28,0.4375859703892271,0.0,0.2685185185185186,0.014814814814814814,0.25,2.44,2.2561028345356955,2.5682336182336183,1.1338052183436163,4.5,0.24,0.7931200669169683,5.0,9.0,1.6724137931034482,0.810537793223042,0.06666666666666667,0.0
67,2,30.0,58.0,1.9333333333333333,0.06666666666666667,0.10714285714285714,0.07142857142857142,0.44,0.32,0.12,0.28,0.7,0.0,0.14285714285714285,0.5714285714285714,0.38900740740740747,0.35014626769273083,0.18266666666666664,0.341445728023042,0.0,0.18055555555555555,0.08790343915343914,0.625,2.32,1.7962924780409975,2.654436304436304,1.1200315075911729,4.666666666666666,0.36,0.6049582563920777,4.0,9.0,1.8759124087591241,0.8947991515882913,0.0,0.0
670,2,30.0,68.0,2.2666666666666666,0.07816091954022988,0.10714285714285714,0.17857142857142858,0.44,0.4,0.16,0.4,0.7,0.0,0.19047619047619047,0.6190476190476191,0.5362337164750958,0.3343899541948147,0.26666666666666666,0.38333333333333336,0.0,0.28703703703703703,0.06857040229885056,0.6875,2.72,1.8601075237738274,2.6188600288600288,1.1293364963140162,4.5,0.44,0.6948449523168961,4.0,9.0,1.7960526315789473,0.7834278202422049,0.16666666666666666,0.0
671,2,30.0,97.0,3.2333333333333334,0.11149425287356322,0.10714285714285714,0.03571428571428571,0.4,0.36,0.12,0.44,0.7,0.0,0.14285714285714285,0.5714285714285714,0.4534446356860043,0.28588128424442005,0.2539393939393939,0.34720009112207334,0.0,0.2086526181353768,0.09094219628288036,0.75,3.88,3.2700662582481925,2.5520530939648585,1.0334447067655195,4.4,0.52,0.6188330236062715,3.0,11.0,1.5423728813559323,0.5932010782697557,0.23333333333333334,0.0
672,2,29.0,53.0,1.8275862068965518,0.06527093596059114,0.1111111111111111,0.18518518518518517,0.625,0.25,0.041666666666666664,0.25,0.6896551724137931,0.0,0.05,0.5,0.29853395061728394,0.2694320509828353,0.12847222222222224,0.26235090850775994,0.0,0.11111111111111113,0.041290509259259256,0.5625,2.2083333333333335,2.0425722629261767,2.826560442688872,1.2011445259940303,4.588235294117647,0.4166666666666667,0.6439061709091513,4.0,8.0,1.837037037037037,0.7746680310426614,0.06896551724137931,0.0
673,2,30.0,90.0,3.0,0.10344827586206896,0.10714285714285714,0.03571428571428571,0.48,0.2,0.12,0.44,0.7,0.0,0.14285714285714285,0.6190476190476191,0.5699603174603175,0.2926477944581585,0.2126060606060606,0.3309793257132336,0.0,0.275,0.09409618882275131,0.875,3.6,2.661453237111885,2.828168337510443,1.1413804982190985,4.583333333333334,0.64,0.7662242031780012,4.0,11.0,1.681564245810056,0.7065073216665123,0.16666666666666666,0.0
674,2,29.0,57.0,1.9655172413793103,0.07019704433497537,0.1111111111111111,0.18518518518518517,0.4583333333333333,0.375,0.125,0.375,0.6896551724137931,0.0,0.15,0.6,0.35062003968253963,0.40321136262422413,0.2236111111111111,0.35566215944153395,0.0,0.33965773809523814,0.026041666666666668,0.25,2.375,1.8838558977475588,2.5988903816490025,1.1540327992137336,5.5,0.375,0.5665725261881621,4.0,6.0,1.5268817204301075,0.6690583559630389,0.0,0.0
675,2,30.0,58.0,1.9333333333333333,0.06666666666666667,0.10714285714285714,0.14285714285714285,0.56,0.28,0.16,0.24,0.7,0.0,0.19047619047619047,0.5714285714285714,0.4851495726495727,0.4119757031918926,0.19666666666666666,0.38405728739343037,0.0,0.35802469135802467,0.05615985576923077,0.5,2.32,1.7009801096230763,2.7503571428571427,1.1571638533067807,4.466666666666667,0.52,0.6614295215204065,4.0,9.0,1.854014598540146,0.809322029135584,0.13333333333333333,0.0
676,2,29.0,78.0,2.689655172413793,0.0960591133004926,0.1111111111111111,0.037037037037037035,0.4583333333333333,0.25,0.125,0.4166666666666667,0.6896551724137931,0.0,0.15,0.6,0.5734095625798211,0.3393630229009996,0.24722222222222223,0.35165813804709595,0.0,0.2612847222222222,0.05925776261174968,0.5625,3.25,2.8930200858948947,2.569814033516393,1.0006826335478636,4.428571428571429,0.5,0.5909627986414745,4.0,8.0,1.5401459854014599,0.6418562068690031,0.10344827586206896,0.0
677,2,30.0,72.0,2.4,0.08275862068965517,0.10714285714285714,0.10714285714285714,0.44,0.24,0.08,0.48,0.7,0.0,0.09523809523809523,0.5714285714285714,0.5665277777777777,0.19902608691207666,0.23133333333333334,0.30999253276550126,0.0,0.23379629629629634,0.08648003472222222,0.6875,2.88,2.1664102412362563,2.8001175335385864,1.162082160714014,5.0,0.52,0.7122601321273831,5.0,10.0,1.8625,0.8936357790847327,0.06666666666666667,0.0
678,2,30.0,56.0,1.8666666666666667,0.06436781609195402,0.10714285714285714,0.14285714285714285,0.44,0.32,0.12,0.36,0.7,0.0,0.14285714285714285,0.6190476190476191,0.43984126984126976,0.3012479913080038,0.20433333333333334,0.34189626431939196,0.0,0.29629629629629634,0.03836805555555556,0.5,2.24,1.8321208111548393,2.6844932844932847,1.1350705114117534,5.0,0.36,0.603526157193621,4.0,7.0,1.8125,0.8108515986052133,0.06666666666666667,0.0
679,2,30.0,80.0,2.6666666666666665,0.09195402298850575,0.10714285714285714,0.03571428571428571,0.44,0.24,0.08,0.4,0.7,0.0,0.09523809523809523,0.5714285714285714,0.3930590665014456,0.33472706080236103,0.22060606060606058,0.3216525473047492,0.0,0.28179012345679016,0.027939126394052043,0.375,3.2,3.1622776601683795,2.6880698287220026,1.0681184165323314,4.5,0.44,0.7470375643828733,4.0,10.0,1.6233766233766234,0.7055144331604238,0.2,0.0
68,2,29.0,65.0,2.2413793103448274,0.08004926108374384,0.1111111111111111,0.1111111111111111,0.375,0.2916666666666667,0.08333333333333333,0.4583333333333333,0.6896551724137931,0.0,0.1,0.6,0.4955808080808081,0.2696681730434832,0.22916666666666663,0.3130128641766926,0.0,0.2693602693602694,0.06777777777777778,0.6666666666666666,2.7083333333333335,2.312144998211319,2.73236179529283,1.224046600648718,5.125,0.4583333333333333,0.7734657862496338,4.0,9.0,1.87012987012987,0.8980829161051797,0.2413793103448276,0.0
680,2,30.0,72.0,2.4,0.08275862068965517,0.10714285714285714,0.10714285714285714,0.48,0.32,0.16,0.32,0.7,0.0,0.19047619047619047,0.47619047619047616,0.4672871102838529,0.36947777487720274,0.22809523809523807,0.38394287533339433,0.0,0.2222222222222222,0.0,0.0,2.88,3.1267661675710046,2.7291269841269843,1.1847137520199746,5.0,0.44,0.7178666595407547,4.0,10.0,1.708955223880597,0.8480373348433989,0.13333333333333333,0.0
681,2,30.0,54.0,1.8,0.06206896551724138,0.10714285714285714,0.21428571428571427,0.52,0.4,0.16,0.28,0.7,0.0,0.19047619047619047,0.5238095238095238,0.47385333333333335,0.37745934102384776,0.198,0.3748555277259049,0.0,0.19675925925925927,0.12645833333333334,0.625,2.16,1.598957994028194,2.5426631701631703,1.0359408164730837,4.428571428571429,0.4,0.5616778575582022,4.0,9.0,1.8473282442748091,0.8271664556019227,0.0,0.0
682,2,29.0,49.0,1.6896551724137931,0.0603448275862069,0.1111111111111111,0.14814814814814814,0.5416666666666666,0.2916666666666667,0.125,0.16666666666666666,0.6896551724137931,0.0,0.15,0.55,0.22875,0.3273902257297576,0.13888888888888887,0.339318251802701,0.0,0.15625,0.018229166666666664,0.1875,2.0416666666666665,1.4288690166235207,2.7556650246305416,1.2365585069543925,5.0,0.4166666666666667,0.7767555740224064,4.0,8.0,1.7722772277227723,0.8471267687756289,0.13793103448275862,0.0
683,2,30.0,79.0,2.6333333333333333,0.09080459770114943,0.10714285714285714,0.03571428571428571,0.44,0.32,0.12,0.44,0.7,0.0,0.14285714285714285,0.47619047619047616,0.46888207187261566,0.3011957013300651,0.27,0.35946204662378894,0.0,0.20105820105820107,0.16831795595832238,0.75,3.16,2.5278449319529077,2.5755735423286574,1.0227969314582313,4.173913043478261,0.6,0.5824572406521376,3.0,8.0,1.5220588235294117,0.6202378488183011,0.06666666666666667,0.0
684,2,30.0,85.0,2.8333333333333335,0.09770114942528736,0.10714285714285714,0.03571428571428571,0.36,0.36,0.16,0.48,0.7,0.0,0.19047619047619047,0.6190476190476191,0.5218307219488282,0.3454981500291602,0.26555555555555554,0.37062259929895147,0.0,0.2449139280125196,0.08489374163319945,0.6875,3.4,3.329164059239696,2.6085117302052785,1.1336195256819754,5.0,0.48,0.6869016752472158,4.0,8.0,1.6013986013986015,0.779489361018925,0.2,0.0
685,2,30.0,83.0,2.7666666666666666,0.09540229885057472,0.10714285714285714,0.10714285714285714,0.44,0.28,0.08,0.4,0.7,0.0,0.09523809523809523,0.6190476190476191,0.5227646464646464,0.27158787060382467,0.22666666666666666,0.32854195289919186,0.0,0.26774691358024694,0.13419356921487602,0.8125,3.32,2.8390139133156778,2.6075741145264475,1.0105639906334085,4.333333333333334,0.56,0.594302241220208,3.0,10.0,1.5466666666666666,0.630187642948023,0.13333333333333333,0.0
686,2,30.0,58.0,1.9333333333333333,0.06666666666666667,0.10714285714285714,0.2857142857142857,0.44,0.36,0.16,0.4,0.7,0.0,0.19047619047619047,0.5714285714285714,0.516037037037037,0.3552292791876552,0.25666666666666665,0.3787772725787837,0.0,0.2222222222222222,0.08185763888888889,0.625,2.32,2.014944167960989,2.537395382395382,1.0435035909391503,4.5,0.44,0.4995121965314848,4.0,6.0,1.6228070175438596,0.7088611192060117,0.0,0.0
687,2,28.0,60.0,2.142857142857143,0.07936507936507936,0.11538461538461539,0.15384615384615385,0.5652173913043478,0.30434782608695654,0.08695652173913043,0.21739130434782608,0.6785714285714286,0.0,0.10526315789473684,0.631578947368421,0.3016077898550724,0.2849118011453047,0.13478260869565217,0.3039268686739892,0.0,0.19047619047619052,0.018196614583333333,0.5,2.608695652173913,2.872109304623957,2.8722505668934244,1.3210408602675978,5.0,0.34782608695652173,0.7251370975201542,4.0,9.0,1.8832116788321167,0.8833899730970938,0.14285714285714285,0.0
688,2,30.0,72.0,2.4,0.08275862068965517,0.10714285714285714,0.10714285714285714,0.48,0.28,0.08,0.44,0.7,0.0,0.09523809523809523,0.5714285714285714,0.5477782306763285,0.24181392724169073,0.21044444444444443,0.3101229346048132,0.0,0.23842592592592593,0.1858616630812198,0.875,2.88,2.0880613017821097,2.7018774500353446,1.0835248402036917,4.333333333333334,0.56,0.6536407541009172,4.0,8.0,1.7207792207792207,0.7275777095863852,0.16666666666666666,0.0
689,2,30.0,67.0,2.2333333333333334,0.07701149425287357,0.10714285714285714,0.14285714285714285,0.44,0.36,0.16,0.48,0.7,0.0,0.19047619047619047,0.6190476190476191,0.6282539682539682,0.25405273611162094,0.3,0.38112285372256227,0.0,0.28240740740740744,0.11921296296296294,0.6875,2.68,2.0558858593479035,2.5904092748210394,1.0535819412180756,4.5,0.48,0.6131185585693698,3.0,7.0,1.608,0.6826891797363075,0.0,0.0
69,2,30.0,91.0,3.033333333333333,0.10459770114942529,0.10714285714285714,0.03571428571428571,0.44,0.32,0.08,0.44,0.7,0.0,0.09523809523809523,0.5714285714285714,0.5313431372549019,0.2865382864472203,0.23327272727272724,0.31955107015962125,0.0,0.18518518518518517,0.19282322303921565,0.875,3.64,3.4746702481434606,2.652854709913534,1.1055830993129145,4.333333333333334,0.48,0.6370243100575931,4.0,10.0,1.6294117647058823,0.7283479774064961,0.13333333333333333,0.0
690,2,30.0,79.0,2.6333333333333333,0.09080459770114943,0.10714285714285714,0.07142857142857142,0.36,0.24,0.12,0.48,0.7,0.0,0.14285714285714285,0.6190476190476191,0.5021805449735449,0.2742805325085053,0.242,0.3336498497260597,0.0,0.2738095238095239,0.09557957175925927,0.8125,3.16,2.374868417407583,2.6954414149172212,1.0244784029645966,4.142857142857142,0.48,0.6660437060890569,4.0,8.0,1.6363636363636365,0.6842598388295607,0.06666666666666667,0.0
691,2,29.0,77.0,2.6551724137931036,0.09482758620689655,0.1111111111111111,0.07407407407407407,0.5,0.25,0.08333333333333333,0.3333333333333333,0.6896551724137931,0.0,0.1,0.5,0.31762206694271916,0.28672576458662014,0.1708333333333333,0.3039295780370793,0.0,0.13095238095238104,0.04964576863354038,0.625,3.2083333333333335,3.1204677278542254,2.6534040671971706,1.0414725122096047,4.111111111111111,0.4583333333333333,0.6663780700265359,3.0,10.0,1.6282051282051282,0.6447600075441794,0.20689655172413793,0.0
692,2,29.0,61.0,2.103448275862069,0.07512315270935961,0.1111111111111111,0.1111111111111111,0.5,0.25,0.125,0.2916666666666667,0.6896551724137931,0.0,0.15,0.55,0.37152777777777773,0.3800816453945935,0.18472222222222223,0.34528979170784785,0.0,0.28515625,0.027864583333333335,0.3125,2.5416666666666665,2.4313025077225525,2.926682263263972,1.409487020788042,6.0,0.3333333333333333,0.9170620230683614,5.0,9.0,1.7857142857142858,0.9626219022237791,0.06896551724137931,0.0
693,2,30.0,83.0,2.7666666666666666,0.09540229885057472,0.10714285714285714,0.03571428571428571,0.48,0.36,0.16,0.36,0.7,0.0,0.19047619047619047,0.5714285714285714,0.6573661230879935,0.32468431175514734,0.27,0.3991310004942683,0.0,0.24338624338624346,0.11410844649785581,0.625,3.32,3.1585861816114287,2.557016967706623,1.0264384559055717,4.172413793103448,0.36,0.6240686301759487,4.0,9.0,1.5921052631578947,0.7127529239281606,0.16666666666666666,0.0
694,2,29.0,72.0,2.4827586206896552,0.08866995073891626,0.1111111111111111,0.1111111111111111,0.5,0.3333333333333333,0.125,0.3333333333333333,0.6896551724137931,0.0,0.15,0.55,0.339347132205119,0.3749389789898634,0.19930555555555554,0.34642686684793095,0.0,0.2890625,0.009462344720496894,0.375,3.0,2.750494026771254,2.6634414755104414,1.1418376197865912,4.454545454545455,0.4583333333333333,0.6571548541956622,3.0,11.0,1.6987179487179487,0.6948647749150193,0.2413793103448276,0.0
695,2,29.0,82.0,2.8275862068965516,0.10098522167487685,0.1111111111111111,0.07407407407407407,0.4166666666666667,0.4166666666666667,0.16666666666666666,0.375,0.6896551724137931,0.0,0.2,0.6,0.5010066546356868,0.3530614495601417,0.26319444444444445,0.3903417048405694,0.0,0.28136200716845877,0.07355089355089353,0.7333333333333333,3.4166666666666665,3.361116101725045,2.5870744916003536,1.136164311270919,5.0,0.4166666666666667,0.667705261990087,4.0,11.0,1.6493506493506493,0.7629703523691774,0.27586206896551724,0.0
696,2,30.0,74.0,2.466666666666667,0.08505747126436781,0.10714285714285714,0.17857142857142858,0.44,0.36,0.16,0.36,0.7,0.0,0.19047619047619047,0.5714285714285714,0.46496855345911947,0.3990453078047641,0.24333333333333332,0.3818206870208018,0.0,0.24537037037037038,0.029382861635220123,0.4375,2.96,3.297473780537661,2.651611111111111,1.157343907479017,4.8,0.44,0.6674909688591877,4.0,9.0,1.6417910447761195,0.7794637164953445,0.13333333333333333,0.0
697,2,30.0,82.0,2.7333333333333334,0.09425287356321839,0.10714285714285714,0.07142857142857142,0.48,0.32,0.08,0.36,0.7,0.0,0.09523809523809523,0.5714285714285714,0.4570610446821901,0.2579110965724642,0.18704761904761905,0.30935746445871737,0.0,0.24338624338624337,0.06432788790993636,0.5625,3.28,3.4219877264537346,2.7431457431457433,1.1512648657943154,4.333333333333334,0.44,0.7486101491737681,4.0,11.0,1.7052023121387283,0.7391278562614181,0.23333333333333334,0.0
698,2,30.0,81.0,2.7,0.09310344827586207,0.10714285714285714,0.10714285714285714,0.52,0.32,0.16,0.36,0.7,0.0,0.19047619047619047,0.5238095238095238,0.5952487770789658,0.3336706416069136,0.24066666666666667,0.3823683506196029,0.0,0.22916666666666666,0.08743339447938504,0.75,3.24,2.8325489110222493,2.6768783068783066,1.083951321181709,4.5,0.44,0.7072408522763866,3.0,11.0,1.6506024096385543,0.659361214101061,0.3,0.0
699,2,30.0,59.0,1.9666666666666666,0.067816091954023,0.10714285714285714,0.07142857142857142,0.48,0.32,0.12,0.28,0.7,0.0,0.14285714285714285,0.5238095238095238,0.3675810185185185,0.3456671194355167,0.17904761904761904,0.34339409012647093,0.0,0.19444444444444445,0.047489872685185175,0.375,2.36,2.7970222261064244,2.8093189964157705,1.2866781536587795,5.5,0.32,0.6974750979779647,5.0,7.0,1.8198198198198199,1.0108340228669699,0.0,0.0
7,2,28.0,67.0,2.392857142857143,0.08862433862433862,0.11538461538461539,0.15384615384615385,0.43478260869565216,0.2608695652173913,0.08695652173913043,0.43478260869565216,0.6785714285714286,0.0,0.10526315789473684,0.5263157894736842,0.5646499153020892,0.2864618611629231,0.22753623188405797,0.31982510591736685,0.0,0.24553571428571436,0.057597402597402585,0.6,2.9130434782608696,2.778374990697405,2.7042315972888638,1.1442401596842569,4.666666666666666,0.5217391304347826,0.7687117431882097,4.0,10.0,1.75,0.7457361792078965,0.14285714285714285,0.0
70,2,30.0,66.0,2.2,0.07586206896551724,0.10714285714285714,0.14285714285714285,0.4,0.32,0.12,0.36,0.7,0.0,0.14285714285714285,0.6190476190476191,0.38908045977011496,0.3165003022394376,0.19333333333333333,0.3313482558678507,0.0,0.23148148148148154,0.026221264367816095,0.375,2.64,2.3430749027719964,2.6956280193236712,1.2604599690182559,5.5,0.64,0.7967406412425899,5.0,10.0,1.9109589041095891,0.9890520217601074,0.2,0.0
700,2,29.0,60.0,2.0689655172413794,0.07389162561576355,0.1111111111111111,0.07407407407407407,0.4583333333333333,0.2916666666666667,0.125,0.375,0.6896551724137931,0.0,0.15,0.55,0.5224844599844599,0.35873358718416914,0.20625000000000002,0.3403895360199606,0.0,0.2232323232323232,0.07094017094017092,0.6,2.5,2.431675035497315,2.661145942180425,1.1165649138765155,4.6,0.5,0.7274026363855315,4.0,9.0,1.7954545454545454,0.8356433400747248,0.1724137931034483,0.0
701,2,29.0,97.0,3.3448275862068964,0.11945812807881774,0.1111111111111111,0.037037037037037035,0.4583333333333333,0.25,0.08333333333333333,0.375,0.6896551724137931,0.0,0.1,0.65,0.46948922385620917,0.30435780335902063,0.18194444444444444,0.3075113079365646,0.0,0.13085937500000003,0.07693519607843137,0.8125,4.041666666666667,3.2634892858473705,2.6818943125839674,1.1082434227367783,4.666666666666666,0.5416666666666666,0.7015976024065269,4.0,11.0,1.6179775280898876,0.7051964982804972,0.27586206896551724,0.0
702,2,30.0,93.0,3.1,0.10689655172413794,0.10714285714285714,0.07142857142857142,0.4,0.24,0.08,0.52,0.7,0.0,0.09523809523809523,0.5238095238095238,0.499700334230048,0.22822968191439888,0.24799999999999997,0.31381464215302257,0.0,0.27535273368606705,0.13538838958180482,0.8125,3.72,2.821347195933177,2.7445911904000138,1.1691453856483385,5.166666666666666,0.76,0.8575595721653526,4.0,10.0,1.6756756756756757,0.7391995543820287,0.23333333333333334,0.0
703,2,30.0,79.0,2.6333333333333333,0.09080459770114943,0.10714285714285714,0.07142857142857142,0.36,0.24,0.08,0.56,0.7,0.0,0.09523809523809523,0.6190476190476191,0.572026455026455,0.25849464390019006,0.26022222222222224,0.3052088942606399,0.0,0.25223214285714285,0.10358796296296297,0.625,3.16,2.8237091446063163,2.7124559318676966,1.0601440629847863,4.333333333333334,0.56,0.755706074281857,4.0,6.0,1.5671641791044777,0.7301020754057113,0.13333333333333333,0.0
704,2,29.0,86.0,2.9655172413793105,0.10591133004926108,0.1111111111111111,0.07407407407407407,0.4583333333333333,0.3333333333333333,0.20833333333333334,0.4166666666666667,0.6896551724137931,0.0,0.25,0.55,0.5622493961352656,0.31979648924760684,0.2619047619047619,0.4002919667953176,0.0,0.09375000000000004,0.11094995471014493,0.8125,3.5833333333333335,3.586407511783861,2.686025580782173,1.1597699834746855,4.666666666666666,0.5416666666666666,0.6854669528005866,4.0,9.0,1.5827814569536425,0.7151467531823076,0.10344827586206896,0.0
705,2,30.0,77.0,2.566666666666667,0.08850574712643679,0.10714285714285714,0.07142857142857142,0.52,0.24,0.08,0.4,0.7,0.0,0.09523809523809523,0.5238095238095238,0.49652164840897234,0.2531719631346839,0.21666666666666665,0.31732387941099616,0.0,0.3363168724279836,0.013986697965571204,0.375,3.08,2.9849623113198605,2.865378904249872,1.247557337133856,5.0,0.48,0.7296937410766973,4.0,10.0,1.729032258064516,0.7755155588829558,0.13333333333333333,0.0
706,2,28.0,61.0,2.1785714285714284,0.08068783068783068,0.11538461538461539,0.19230769230769232,0.5217391304347826,0.21739130434782608,0.043478260869565216,0.30434782608695654,0.6785714285714286,0.0,0.05263157894736842,0.631578947368421,0.5073007246376812,0.2809755404052768,0.15289855072463768,0.27545427006455,0.0,0.19791666666666669,0.11250000000000002,0.8,2.652173913043478,2.0362330562311715,2.8375,1.3414538593593608,6.0,0.43478260869565216,0.5816620607225742,5.0,7.0,1.96875,1.100733470567851,0.0,0.0
707,2,29.0,76.0,2.6206896551724137,0.09359605911330049,0.1111111111111111,0.14814814814814814,0.4166666666666667,0.25,0.08333333333333333,0.4166666666666667,0.6896551724137931,0.0,0.1,0.6,0.4657242063492064,0.2752203205041913,0.23343253968253966,0.3257632564970736,0.0,0.3314732142857143,0.035937500000000004,0.625,3.1666666666666665,2.200131748360749,2.8197970108133448,1.275264206223973,5.333333333333334,0.6666666666666666,0.6831554574696624,5.0,12.0,1.8580246913580247,0.9579175391488093,0.1724137931034483,0.0
708,2,30.0,91.0,3.033333333333333,0.10459770114942529,0.10714285714285714,0.03571428571428571,0.36,0.24,0.08,0.44,0.7,0.0,0.09523809523809523,0.5714285714285714,0.40632643219422965,0.27299636021114193,0.2293333333333333,0.31535840868117965,0.0,0.2119883040935673,0.09536927330173775,0.75,3.64,3.3151168908501556,2.5952557319223986,1.0398290357830693,4.285714285714286,0.52,0.6884585253185065,4.0,10.0,1.606936416184971,0.6873934433303779,0.3,0.0
709,2,30.0,86.0,2.8666666666666667,0.09885057471264368,0.10714285714285714,0.10714285714285714,0.44,0.32,0.16,0.44,0.7,0.0,0.19047619047619047,0.5714285714285714,0.666810185185185,0.3019685358034803,0.2773333333333333,0.3788041612662044,0.0,0.2361111111111111,0.1082790798611111,0.75,3.44,3.3798422053896737,2.6824885571944397,1.1147700583420304,4.428571428571429,0.52,0.7671915837040774,4.0,9.0,1.6037735849056605,0.6845387241547749,0.16666666666666666,0.0
71,2,27.0,67.0,2.4814814814814814,0.09544159544159544,0.12,0.2,0.5,0.4090909090909091,0.18181818181818182,0.3181818181818182,0.7037037037037037,0.0,0.21052631578947367,0.5263157894736842,0.5240320674238141,0.4028109794221193,0.25,0.4008918628686366,0.0,0.14285714285714285,0.14645637836819295,0.7333333333333333,3.0454545454545454,3.525110909802261,2.5714371053080733,1.1311393101596956,4.333333333333334,0.45454545454545453,0.7799484033318312,4.0,11.0,1.7669172932330828,0.8780765656985623,0.25925925925925924,0.0
710,2,29.0,71.0,2.4482758620689653,0.0874384236453202,0.1111111111111111,0.14814814814814814,0.5416666666666666,0.25,0.125,0.25,0.6896551724137931,0.0,0.15,0.6,0.4499952758881331,0.3766932302470818,0.1638888888888889,0.3404907890908601,0.0,0.0625,0.06665426587301587,0.75,2.9583333333333335,3.4323165794328,2.9192665571975915,1.2858088851384084,5.0,0.4583333333333333,0.8309052715718933,4.0,12.0,1.84472049689441,0.8555627257190156,0.27586206896551724,0.0
711,2,30.0,61.0,2.033333333333333,0.07011494252873564,0.10714285714285714,0.10714285714285714,0.48,0.4,0.12,0.32,0.7,0.0,0.14285714285714285,0.5238095238095238,0.4016666666666666,0.37919719046857303,0.20222222222222222,0.34689985034998144,0.0,0.21759259259259262,0.14921875,0.625,2.44,2.2561028345356955,2.5281349206349204,1.0455884412033414,4.666666666666666,0.4,0.6039840798460527,4.0,8.0,1.7606837606837606,0.9063908406571165,0.13333333333333333,0.0
712,2,29.0,69.0,2.3793103448275863,0.08497536945812807,0.1111111111111111,0.18518518518518517,0.4583333333333333,0.3333333333333333,0.20833333333333334,0.3333333333333333,0.6896551724137931,0.0,0.25,0.55,0.5663845486111111,0.38758341746568936,0.2673611111111111,0.4191802203895856,0.0,0.27083333333333337,0.034912109375,0.625,2.875,2.878896225684571,2.6566875653082556,1.202686463155266,4.909090909090909,0.5833333333333334,0.8047239578768882,4.0,9.0,1.6940298507462686,0.7777702072867247,0.10344827586206896,0.0
713,2,29.0,78.0,2.689655172413793,0.0960591133004926,0.1111111111111111,0.037037037037037035,0.4583333333333333,0.2916666666666667,0.125,0.4583333333333333,0.6896551724137931,0.0,0.15,0.55,0.6439978147247003,0.254283731781688,0.2736111111111111,0.3579300618089208,0.0,0.24583333333333335,0.12757037374966207,0.875,3.25,2.8013971669430453,2.7362708742019084,1.2370698383353926,4.916666666666666,0.625,0.7177042981963903,5.0,9.0,1.7549668874172186,0.9016051420824862,0.13793103448275862,0.0
714,2,29.0,79.0,2.7241379310344827,0.09729064039408868,0.1111111111111111,0.037037037037037035,0.4583333333333333,0.2916666666666667,0.041666666666666664,0.375,0.6896551724137931,0.0,0.05,0.65,0.465845228909465,0.2486952003496307,0.18055555555555555,0.27538583677856177,0.0,0.18422067901234568,0.10558449074074074,0.75,3.2916666666666665,2.985168652531708,2.6108470974596734,1.0208307743615215,4.0,0.625,0.6165579317442563,4.0,9.0,1.6282051282051282,0.6836141971566834,0.0,0.0
715,2,29.0,61.0,2.103448275862069,0.07512315270935961,0.1111111111111111,0.037037037037037035,0.4166666666666667,0.375,0.08333333333333333,0.4166666666666667,0.6896551724137931,0.0,0.1,0.5,0.5024801587301587,0.28400496206771186,0.2349537037037037,0.32846476425914223,0.0,0.22708333333333333,0.08136160714285713,0.75,2.5416666666666665,1.8876985450811392,2.6989389920424403,1.2401182295740076,4.916666666666666,0.5416666666666666,0.6289610357803403,5.0,9.0,2.093167701863354,1.0535727444985992,0.13793103448275862,0.0
716,2,30.0,65.0,2.1666666666666665,0.07471264367816093,0.10714285714285714,0.21428571428571427,0.48,0.36,0.16,0.36,0.7,0.0,0.19047619047619047,0.5238095238095238,0.5116666666666666,0.39170360345925204,0.24666666666666665,0.3845090665019776,0.0,0.2592592592592593,0.14742476851851852,0.5625,2.6,2.179449471770337,2.501984126984127,0.9678297667857075,4.142857142857142,0.36,0.5141991134181523,3.0,8.0,1.5508474576271187,0.6351183701116747,0.0,0.0
717,2,28.0,54.0,1.9285714285714286,0.07142857142857142,0.11538461538461539,0.19230769230769232,0.43478260869565216,0.30434782608695654,0.13043478260869565,0.43478260869565216,0.6785714285714286,0.0,0.15789473684210525,0.47368421052631576,0.3682367149758454,0.3676093885075691,0.2514492753623188,0.35770427671861066,0.0,0.20833333333333334,0.012777777777777777,0.2,2.347826086956522,1.4650068461575656,2.588307823129252,1.0779894192994814,4.666666666666666,0.4782608695652174,0.6012131673845125,4.0,7.0,1.5326086956521738,0.6704285484709562,0.0,0.0
718,2,30.0,77.0,2.566666666666667,0.08850574712643679,0.10714285714285714,0.21428571428571427,0.4,0.32,0.12,0.36,0.7,0.0,0.14285714285714285,0.5238095238095238,0.4153096179183136,0.33222098791108573,0.21266666666666667,0.3424205774363624,0.0,0.2268518518518519,0.09923418972332015,0.625,3.08,3.569780572154727,2.5963799283154123,1.1269411743541602,5.0,0.52,0.7372597548996912,4.0,10.0,1.782312925170068,0.9179862326445568,0.16666666666666666,0.0
719,2,30.0,72.0,2.4,0.08275862068965517,0.10714285714285714,0.14285714285714285,0.44,0.24,0.08,0.4,0.7,0.0,0.09523809523809523,0.6190476190476191,0.5389236111111111,0.2754705172824367,0.21533333333333332,0.31187604375242844,0.0,0.21296296296296297,0.12060546875,0.8125,2.88,2.0477630071210227,2.7270802005012538,1.1524868100457426,5.333333333333334,0.64,0.6535215636905165,5.0,9.0,1.7291666666666667,0.8380692929944037,0.0,0.0
72,2,29.0,61.0,2.103448275862069,0.07512315270935961,0.1111111111111111,0.07407407407407407,0.5,0.2916666666666667,0.125,0.3333333333333333,0.6896551724137931,0.0,0.15,0.55,0.3985615079365079,0.34584703150166946,0.18912037037037036,0.3385203475057798,0.0,0.07812499999999997,0.10357142857142859,0.75,2.5416666666666665,2.2646463716010494,2.7677004030452306,1.244112683409082,5.0,0.4583333333333333,0.7555763217085585,6.0,12.0,2.1202531645569622,1.0963610622470947,0.2413793103448276,0.0
720,2,30.0,61.0,2.033333333333333,0.07011494252873564,0.10714285714285714,0.14285714285714285,0.48,0.36,0.2,0.4,0.7,0.0,0.23809523809523808,0.5714285714285714,0.7243333333333334,0.2987621065267419,0.2772727272727273,0.40718081950589524,0.0,0.34490740740740744,0.1152935606060606,0.6875,2.44,2.4846193538112296,2.626190476190476,1.1173422157694175,5.0,0.4,0.6769141180920731,5.0,7.0,1.7661290322580645,0.8564330544247176,0.06666666666666667,0.0
721,2,30.0,78.0,2.6,0.0896551724137931,0.10714285714285714,0.03571428571428571,0.44,0.28,0.12,0.4,0.7,0.0,0.14285714285714285,0.5714285714285714,0.4538579514824797,0.3088571193164826,0.22933333333333333,0.34346680253620493,0.0,0.25396825396825395,0.023723466981132077,0.5,3.12,3.2057240471797734,2.7023889137682238,1.159668909087354,5.0,0.48,0.6691132166647918,4.0,10.0,1.7515923566878981,0.8522673451643638,0.16666666666666666,0.0
722,2,30.0,69.0,2.3,0.07931034482758621,0.10714285714285714,0.14285714285714285,0.44,0.28,0.12,0.44,0.7,0.0,0.14285714285714285,0.6190476190476191,0.5098388888888888,0.2987026982715966,0.252,0.34838649248808157,0.0,0.2796296296296297,0.07958984375,0.8125,2.76,1.8991226044325489,2.7667027417027423,1.2244522678421392,5.333333333333334,0.64,0.5962850444324141,5.0,9.0,1.8169934640522876,0.8917598545095506,0.0,0.0
723,2,30.0,76.0,2.533333333333333,0.08735632183908046,0.10714285714285714,0.17857142857142858,0.44,0.32,0.16,0.4,0.7,0.0,0.19047619047619047,0.5238095238095238,0.5234356552538371,0.31969617014574303,0.26,0.3843886439915072,0.0,0.31250000000000006,0.10557277318640954,0.6875,3.04,3.0886890422961,2.540575543018072,1.0026089514736847,4.3076923076923075,0.44,0.6119201889942628,3.0,9.0,1.5734265734265733,0.6334514275932023,0.13333333333333333,0.0
724,2,30.0,64.0,2.1333333333333333,0.0735632183908046,0.10714285714285714,0.03571428571428571,0.48,0.32,0.16,0.32,0.7,0.0,0.19047619047619047,0.5714285714285714,0.4404761904761905,0.4079346421837802,0.20600000000000002,0.3708373907393514,0.0,0.22870370370370374,0.11785714285714285,0.5625,2.56,2.48461935381123,2.572258852258853,1.0005785251574166,4.142857142857142,0.4,0.6245612606585024,3.0,6.0,1.5847457627118644,0.6579724254014977,0.06666666666666667,0.0
725,2,30.0,86.0,2.8666666666666667,0.09885057471264368,0.10714285714285714,0.10714285714285714,0.44,0.28,0.16,0.48,0.7,0.0,0.19047619047619047,0.5714285714285714,0.6152699763593381,0.2973088837825194,0.284,0.3689474518440562,0.0,0.337962962962963,0.1486764484914052,0.75,3.44,2.844292530665579,2.6173511904761906,1.0418371463533813,4.1,0.44,0.7151057729165793,3.0,11.0,1.5963855421686748,0.6511427312939743,0.3,0.0
726,2,30.0,76.0,2.533333333333333,0.08735632183908046,0.10714285714285714,0.03571428571428571,0.52,0.28,0.12,0.44,0.7,0.0,0.14285714285714285,0.5238095238095238,0.6598703703703702,0.23013406921795565,0.2546666666666667,0.3561145778995752,0.0,0.3112654320987655,0.1334906684027778,0.75,3.04,2.715388247255507,2.817839221710189,1.2388749764847575,5.0,0.48,0.8046708112050455,4.0,8.0,1.7682119205298013,0.890271184222512,0.13333333333333333,0.0
727,2,28.0,74.0,2.642857142857143,0.09788359788359788,0.11538461538461539,0.038461538461538464,0.43478260869565216,0.4782608695652174,0.2608695652173913,0.391304347826087,0.0,0.0,NaN,NaN,0.5769796261289645,0.3765799156148485,0.3188405797101449,0.4464026907612011,0.0,0.2857142857142857,0.1323973429951691,0.5625,3.217391304347826,2.999341166127995,2.515214081584051,1.1277158142237977,5.0,0.391304347826087,0.7675164525286727,4.0,10.0,1.5801526717557253,0.6900858193373482,0.14285714285714285,0.0
728,2,28.0,78.0,2.7857142857142856,0.10317460317460317,0.11538461538461539,0.038461538461538464,0.5217391304347826,0.21739130434782608,0.08695652173913043,0.34782608695652173,0.6785714285714286,0.0,0.10526315789473684,0.631578947368421,0.6069350471924172,0.2938991168948721,0.19734299516908213,0.32478029163930233,0.0,0.22265625000000008,0.07349945460808327,0.75,3.391304347826087,3.0709656526124958,2.865267697988286,1.19069422319859,4.666666666666666,0.5652173913043478,0.7139980403476248,4.0,9.0,1.6267605633802817,0.7495545242453692,0.14285714285714285,0.0
729,2,29.0,72.0,2.4827586206896552,0.08866995073891626,0.1111111111111111,0.1111111111111111,0.5,0.4166666666666667,0.125,0.2916666666666667,0.6896551724137931,0.0,0.15,0.5,0.4066026385662131,0.35362596724134643,0.20486111111111108,0.3611401419025553,0.0,0.203125,0.05718794944130988,0.5625,3.0,2.8590056039606258,2.571971706454465,1.1029899895230737,4.4,0.4166666666666667,0.6858057604228323,4.0,10.0,1.6551724137931034,0.7205255638231062,0.20689655172413793,0.0
73,2,30.0,62.0,2.066666666666667,0.07126436781609195,0.10714285714285714,0.2857142857142857,0.48,0.32,0.12,0.44,0.7,0.0,0.14285714285714285,0.5714285714285714,0.5287962962962963,0.31399112696391807,0.24799999999999997,0.34708841866355944,0.0,0.3333333333333333,0.05280671296296296,0.5625,2.48,2.0231987873991355,2.689537037037037,1.1539296703837087,4.777777777777778,0.52,0.563211474954913,4.0,7.0,1.7154471544715446,0.7946576250417021,0.0,0.0
730,2,29.0,89.0,3.0689655172413794,0.10960591133004927,0.1111111111111111,0.037037037037037035,0.4583333333333333,0.2916666666666667,0.125,0.4166666666666667,0.6896551724137931,0.0,0.15,0.55,0.5282361720272903,0.2718336913595166,0.22077020202020203,0.3479914245122274,0.0,0.21111111111111108,0.12494078022059368,0.8,3.7083333333333335,3.1134933081203413,2.6664712377221997,1.0681590598465551,4.333333333333334,0.5,0.6811361953323959,4.0,9.0,1.527027027027027,0.6540917361231303,0.1724137931034483,0.0
731,2,30.0,66.0,2.2,0.07586206896551724,0.10714285714285714,0.14285714285714285,0.52,0.28,0.12,0.28,0.7,0.0,0.14285714285714285,0.5238095238095238,0.32181652046783626,0.3302273103068779,0.17466666666666664,0.3384715098246276,0.0,0.2387152777777778,0.017045454545454544,0.3125,2.64,1.9974984355438177,2.743823953823954,1.1335258857866355,4.5,0.48,0.7112091051117343,4.0,10.0,1.8333333333333333,0.8226383049436894,0.16666666666666666,0.0
732,2,29.0,61.0,2.103448275862069,0.07512315270935961,0.1111111111111111,0.1111111111111111,0.4166666666666667,0.3333333333333333,0.125,0.3333333333333333,0.6896551724137931,0.0,0.15,0.65,0.4718798904538341,0.33082921321995623,0.19791666666666663,0.3429874612150197,0.0,0.22395833333333334,0.08061098069900886,0.6875,2.5416666666666665,1.8172881532338394,2.5485445588893865,1.0434946115049308,4.636363636363637,0.5416666666666666,0.5527891851581296,4.0,9.0,1.8620689655172413,0.846731375932477,0.10344827586206896,0.0
733,2,28.0,67.0,2.392857142857143,0.08862433862433862,0.11538461538461539,0.19230769230769232,0.4782608695652174,0.30434782608695654,0.08695652173913043,0.34782608695652173,0.6785714285714286,0.0,0.10526315789473684,0.47368421052631576,0.3709342847660139,0.2776302009226035,0.19347826086956524,0.31919798210304545,0.0,0.10714285714285714,0.06750954198473283,0.75,2.9130434782608696,3.3427403493957257,2.6970875850340144,1.1650264644048438,5.0,0.4782608695652174,0.6849579511427736,4.0,9.0,1.744360902255639,0.849724869361431,0.14285714285714285,0.0
734,2,29.0,66.0,2.2758620689655173,0.0812807881773399,0.1111111111111111,0.14814814814814814,0.5,0.3333333333333333,0.08333333333333333,0.3333333333333333,0.6896551724137931,0.0,0.1,0.55,0.4892942433383609,0.29333618575451065,0.20069444444444443,0.3263944135620413,0.0,0.171875,0.057046568627450986,0.75,2.75,2.211629342323457,2.6209402817388296,1.0726697675105015,4.421052631578947,0.5,0.63131131201667,3.0,9.0,1.703448275862069,0.7083248816263865,0.20689655172413793,0.0
735,2,30.0,84.0,2.8,0.09655172413793103,0.10714285714285714,0.14285714285714285,0.56,0.28,0.08,0.36,0.7,0.0,0.09523809523809523,0.5238095238095238,0.5448962818003914,0.25028745879224396,0.19066666666666665,0.3165964834506747,0.0,0.32433862433862437,0.09947708571156774,0.75,3.36,3.1474857690967677,2.7951762504065134,1.1744285152232798,4.541666666666666,0.48,0.7690470778039915,5.0,10.0,1.6602564102564104,0.7828549478118422,0.16666666666666666,0.0
736,2,29.0,66.0,2.2758620689655173,0.0812807881773399,0.1111111111111111,0.037037037037037035,0.4583333333333333,0.2916666666666667,0.08333333333333333,0.4166666666666667,0.6896551724137931,0.0,0.1,0.6,0.6048585950080515,0.34664682376098593,0.2177579365079365,0.320429764130674,0.0,0.2413194444444445,0.2568500905797101,0.75,2.75,2.6085144864629286,2.606761325219743,1.0464648051949992,4.5,0.5416666666666666,0.5990856634800812,3.0,6.0,1.5862068965517242,0.686122888184875,0.06896551724137931,0.0
737,2,30.0,86.0,2.8666666666666667,0.09885057471264368,0.10714285714285714,0.03571428571428571,0.44,0.32,0.12,0.36,0.7,0.0,0.14285714285714285,0.5238095238095238,0.32323911560531277,0.32622604749611817,0.1973333333333333,0.3432780430129705,0.0,0.2097222222222222,0.050890187994061226,0.625,3.44,2.8148416178061124,2.7151761201761198,1.2303113672013193,4.727272727272727,0.56,0.7325274524179233,4.0,12.0,1.7041420118343196,0.7837907754704665,0.23333333333333334,0.0
738,2,30.0,89.0,2.966666666666667,0.10229885057471265,0.10714285714285714,0.10714285714285714,0.4,0.28,0.16,0.44,0.7,0.0,0.19047619047619047,0.5714285714285714,0.4865254722381225,0.32291318179143774,0.25476190476190474,0.3684230506058044,0.0,0.31018518518518523,0.06579263431188159,0.6875,3.56,3.2670067850148907,2.6047979797979797,1.0530590633280603,4.333333333333334,0.6,0.6997885728478612,4.0,12.0,1.6257309941520468,0.7031307452083441,0.26666666666666666,0.0
739,2,30.0,67.0,2.2333333333333334,0.07701149425287357,0.10714285714285714,0.14285714285714285,0.4,0.32,0.12,0.52,0.7,0.0,0.14285714285714285,0.5714285714285714,0.6675809523809524,0.21868588094946592,0.3007619047619048,0.356466104840596,0.0,0.3089947089947091,0.215,0.875,2.68,1.886796226411321,2.724753734827264,1.1605293374615708,4.833333333333334,0.52,0.7439550383999037,5.0,9.0,1.8581081081081081,0.9258945675064159,0.2,0.0
74,2,29.0,83.0,2.8620689655172415,0.1022167487684729,0.1111111111111111,0.1111111111111111,0.4583333333333333,0.25,0.125,0.375,0.6896551724137931,0.0,0.15,0.55,0.38351231386025203,0.36675959006201686,0.20208333333333336,0.3399102076657339,0.0,0.2469135802469136,0.012628865979381444,0.3333333333333333,3.4583333333333335,3.322900339562814,2.6807699091630655,1.0870143064746884,4.470588235294118,0.4166666666666667,0.7022290516922447,4.0,8.0,1.5223880597014925,0.6684784418549174,0.20689655172413793,0.0
740,2,29.0,57.0,1.9655172413793103,0.07019704433497537,0.1111111111111111,0.14814814814814814,0.5833333333333334,0.2916666666666667,0.125,0.3333333333333333,0.6896551724137931,0.0,0.15,0.5,0.5707927009456265,0.27293428391464575,0.21875,0.3559471443419899,0.0,0.25911458333333337,0.10139627659574468,0.75,2.375,1.9518664423304306,2.851079763148728,1.3408716003660086,6.0,0.2916666666666667,0.6054756262579147,5.0,8.0,1.864,1.0027703561118937,0.06896551724137931,0.0
741,2,30.0,74.0,2.466666666666667,0.08505747126436781,0.10714285714285714,0.07142857142857142,0.4,0.36,0.16,0.4,0.7,0.0,0.19047619047619047,0.47619047619047616,0.5567683298083702,0.3756211285236571,0.26,0.37831864876053894,0.0,0.3514384920634921,0.012530142440556304,0.3125,2.96,2.9788140816998525,2.511884057971015,0.9842046945145991,4.0,0.36,0.6514069155498553,3.0,8.0,1.5114503816793894,0.6122645508368026,0.13333333333333333,0.0
742,2,29.0,78.0,2.689655172413793,0.0960591133004926,0.1111111111111111,0.037037037037037035,0.4583333333333333,0.20833333333333334,0.08333333333333333,0.5,0.6896551724137931,0.0,0.1,0.55,0.42073723994055784,0.28108389385083055,0.22152777777777777,0.30342167716017326,0.0,0.27087620027434844,0.09505532234660033,0.75,3.25,2.1315436333487443,2.9005099785272197,1.2715519810395781,5.0,0.5416666666666666,0.8140672320382333,5.0,12.0,1.9312169312169312,0.9170541994986948,0.2413793103448276,0.0
743,2,30.0,94.0,3.1333333333333333,0.10804597701149425,0.10714285714285714,0.03571428571428571,0.44,0.28,0.12,0.44,0.7,0.0,0.14285714285714285,0.5714285714285714,0.5294025938314775,0.29861539563871126,0.2146060606060606,0.3310510365443092,0.0,0.1828410689170183,0.11106842060277719,0.8125,3.76,3.5152050675126576,2.70950495950496,1.108932086053253,4.333333333333334,0.56,0.7328635828716088,4.0,11.0,1.694300518134715,0.746393169438967,0.23333333333333334,0.0
744,2,28.0,63.0,2.25,0.08333333333333333,0.11538461538461539,0.07692307692307693,0.43478260869565216,0.2608695652173913,0.17391304347826086,0.4782608695652174,0.7142857142857143,0.0,0.2,0.55,0.7693370907139024,0.25292040366552293,0.2888198757763975,0.3862626605174554,0.0,0.2959183673469389,0.22254050925925925,0.75,2.739130434782609,1.8881783261398664,2.6519345238095235,1.0639659350684985,4.2,0.4782608695652174,0.6577527127231116,4.0,8.0,1.6829268292682926,0.7390409510906987,0.0,0.0
745,2,28.0,44.0,1.5714285714285714,0.0582010582010582,0.11538461538461539,0.19230769230769232,0.5217391304347826,0.34782608695652173,0.13043478260869565,0.30434782608695654,0.7142857142857143,0.0,0.15,0.55,0.3839371980676329,0.34857207971136517,0.19927536231884058,0.354212680107914,0.0,0.13125,0.11685185185185185,0.6666666666666666,1.9130434782608696,1.3788349323798654,2.6248299319727897,1.1509227128086919,4.833333333333334,0.391304347826087,0.4796351798996964,4.0,6.0,1.8282828282828283,0.8810986189608836,0.0,0.0
746,2,29.0,65.0,2.2413793103448274,0.08004926108374384,0.1111111111111111,0.07407407407407407,0.4583333333333333,0.375,0.16666666666666666,0.3333333333333333,0.6896551724137931,0.0,0.2,0.55,0.475796568627451,0.3481482488487539,0.2291666666666667,0.38326243830873574,0.0,0.2126736111111111,0.0353860294117647,0.5625,2.7083333333333335,1.8991798382383418,2.6868005557660726,1.1992931426791298,4.666666666666666,0.5,0.7425504597139481,4.0,9.0,1.8333333333333333,0.8307566427977406,0.1724137931034483,0.0
747,2,29.0,67.0,2.310344827586207,0.08251231527093596,0.1111111111111111,0.1111111111111111,0.5,0.3333333333333333,0.041666666666666664,0.3333333333333333,0.6896551724137931,0.0,0.05,0.65,0.36983148983390607,0.2675452417266509,0.1722222222222222,0.2734051985176755,0.0,0.10833333333333335,0.012537250322164947,0.5625,2.7916666666666665,2.1463653132612386,2.730653666673157,1.173819228007508,4.4,0.5,0.751054439591078,4.0,10.0,1.830188679245283,0.8283546843968278,0.20689655172413793,0.0
748,2,30.0,66.0,2.2,0.07586206896551724,0.10714285714285714,0.14285714285714285,0.4,0.28,0.16,0.36,0.7,0.0,0.19047619047619047,0.6190476190476191,0.5895925925925926,0.3431988379741856,0.22733333333333333,0.37258108737114753,0.0,0.18364197530864196,0.09025366512345677,0.75,2.64,1.86815416922694,2.692758077978666,1.0829418300642093,4.411764705882353,0.56,0.6727667110404082,4.0,7.0,1.7826086956521738,0.7990791272475247,0.06666666666666667,0.0
749,2,29.0,81.0,2.793103448275862,0.09975369458128079,0.1111111111111111,0.1111111111111111,0.4583333333333333,0.25,0.08333333333333333,0.4583333333333333,0.6896551724137931,0.0,0.1,0.65,0.5469754041967664,0.25577403005248217,0.24722222222222223,0.3230166784504569,0.0,0.15104166666666669,0.14136330409356723,0.875,3.375,2.4103490636618696,2.7603995621237,1.2033083045307216,5.0,0.5833333333333334,0.6840031376134572,5.0,10.0,1.8106508875739644,0.912677994389401,0.2413793103448276,0.0
75,2,29.0,94.0,3.2413793103448274,0.11576354679802955,0.1111111111111111,0.1111111111111111,0.5416666666666666,0.25,0.125,0.4166666666666667,0.6896551724137931,0.0,0.15,0.6,0.7471856320079935,0.1953648007626853,0.24444444444444444,0.3600076041422704,0.0,0.28703703703703703,0.18296800291314397,0.875,3.9166666666666665,3.4251837991516623,2.8568373713068373,1.188494384699545,4.666666666666666,0.625,0.7230463336737627,4.0,12.0,1.6721311475409837,0.7498273385592672,0.27586206896551724,0.0
750,2,30.0,77.0,2.566666666666667,0.08850574712643679,0.10714285714285714,0.07142857142857142,0.44,0.28,0.16,0.36,0.7,0.0,0.19047619047619047,0.5714285714285714,0.47130166270783846,0.3460935364371259,0.226,0.3719655001923342,0.0,0.2611111111111111,0.036909887173396674,0.4375,3.08,3.161223391874313,2.563326118326118,0.9931132728954832,4.05,0.36,0.6434218284003872,3.0,9.0,1.5076923076923077,0.6379005517271937,0.1,0.0
751,2,27.0,72.0,2.6666666666666665,0.10256410256410256,0.12,0.04,0.4090909090909091,0.3181818181818182,0.18181818181818182,0.4090909090909091,0.7037037037037037,0.0,0.21052631578947367,0.5789473684210527,0.590282131661442,0.3128610489572695,0.2667748917748918,0.3897208537487179,0.0,0.2202380952380953,0.12103448275862068,0.7333333333333333,3.272727272727273,3.6276952959383393,2.5603874883286646,1.0597460189267043,4.333333333333334,0.6363636363636364,0.7024870973774106,4.0,8.0,1.6159420289855073,0.6869212363408188,0.14814814814814814,0.0
752,2,30.0,63.0,2.1,0.07241379310344828,0.10714285714285714,0.10714285714285714,0.52,0.32,0.12,0.36,0.7,0.0,0.14285714285714285,0.6190476190476191,0.6143055555555555,0.25360283291426367,0.22466666666666665,0.3556137105218401,0.0,0.25810185185185186,0.08289930555555555,0.75,2.52,1.8734993995195195,2.8690893901420216,1.2884787191632492,4.875,0.48,0.6842374374577712,4.0,8.0,1.8380281690140845,0.8475021617049103,0.0,0.0
753,2,30.0,67.0,2.2333333333333334,0.07701149425287357,0.10714285714285714,0.03571428571428571,0.52,0.36,0.16,0.32,0.7,0.0,0.19047619047619047,0.5714285714285714,0.5828174828004856,0.38583501448107776,0.22193939393939396,0.38384431149064613,0.0,0.275,0.05129923782544178,0.5625,2.68,2.528504169135051,2.6781890331890335,1.1402612653695259,4.6,0.44,0.7319860906536534,4.0,10.0,1.7837837837837838,0.7871462323023355,0.2,0.0
754,2,29.0,82.0,2.8275862068965516,0.10098522167487685,0.1111111111111111,0.037037037037037035,0.375,0.2916666666666667,0.08333333333333333,0.4166666666666667,0.6896551724137931,0.0,0.1,0.5,0.47087171052631577,0.28977096912279776,0.21875,0.3202245777469879,0.0,0.1640625,0.1573314144736842,0.8125,3.4166666666666665,2.962323803847341,2.5672800154544575,1.0312032199829575,4.4,0.6666666666666666,0.6150164137665441,4.0,9.0,1.5390070921985815,0.6602784098550928,0.13793103448275862,0.0
755,2,29.0,64.0,2.206896551724138,0.07881773399014778,0.1111111111111111,0.1111111111111111,0.4583333333333333,0.25,0.125,0.375,0.6896551724137931,0.0,0.15,0.55,0.4916583994708994,0.33978216214613693,0.22708333333333333,0.35633712596780476,0.0,0.2745535714285714,0.0894314236111111,0.6875,2.6666666666666665,2.615450192633178,2.646268268580642,1.1130625776772287,5.5,0.5,0.740252475216167,4.0,10.0,1.8297872340425532,0.8615388790539756,0.1724137931034483,0.0
756,2,30.0,73.0,2.433333333333333,0.0839080459770115,0.10714285714285714,0.10714285714285714,0.48,0.24,0.12,0.4,0.7,0.0,0.14285714285714285,0.5714285714285714,0.5670061728395062,0.27976298924563575,0.21533333333333332,0.3458055544398926,0.0,0.2713477366255144,0.15280189043209874,0.8125,2.92,2.361496700541135,2.8343374534821906,1.2527174914811159,5.0,0.52,0.7784936489281676,4.0,8.0,1.7671232876712328,0.8553369643750689,0.16666666666666666,0.0
757,2,30.0,77.0,2.566666666666667,0.08850574712643679,0.10714285714285714,0.03571428571428571,0.48,0.32,0.08,0.36,0.7,0.0,0.09523809523809523,0.6190476190476191,0.4142444444444444,0.30209292370613916,0.19466666666666668,0.31603445663056706,0.0,0.20899470899470904,0.07135416666666668,0.6875,3.08,2.7067816067549053,2.741618104118104,1.1945563487103796,4.6923076923076925,0.6,0.7503123498850993,4.0,10.0,1.8048780487804879,0.8642742178770388,0.13333333333333333,0.0
758,2,29.0,80.0,2.7586206896551726,0.09852216748768473,0.1111111111111111,0.07407407407407407,0.4166666666666667,0.2916666666666667,0.20833333333333334,0.4166666666666667,0.7241379310344828,0.0,0.23809523809523808,0.5238095238095238,0.6122224365569274,0.2744237397269092,0.28402777777777777,0.4042491449286237,0.0,0.2,0.067455954218107,0.8125,3.3333333333333335,2.8539319431675114,2.708648764698111,1.1513063960553054,4.555555555555555,0.5,0.6231905225853511,4.0,8.0,1.6223776223776223,0.7296940879786039,0.0,0.0
759,2,29.0,58.0,2.0,0.07142857142857142,0.1111111111111111,0.18518518518518517,0.4166666666666667,0.3333333333333333,0.125,0.4166666666666667,0.6896551724137931,0.0,0.15,0.55,0.6249659586056644,0.3809212818373853,0.24791666666666667,0.35709890171192726,0.0,0.2890625,0.20784824346405228,0.625,2.4166666666666665,1.6918388932104944,2.472977310046275,0.9399985697636822,4.333333333333334,0.5,0.6403889894890504,4.0,7.0,1.6818181818181819,0.7654442636582405,0.13793103448275862,0.0
76,2,30.0,64.0,2.1333333333333333,0.0735632183908046,0.10714285714285714,0.17857142857142858,0.44,0.28,0.08,0.4,0.7,0.0,0.09523809523809523,0.5238095238095238,0.46704007633587785,0.29716524878678957,0.22133333333333333,0.32158173893244435,0.0,0.26203703703703707,0.07602278148854962,0.75,2.56,1.5832456116050555,2.835538720538721,1.3023445393547584,5.0,0.52,0.6555135979144678,5.0,11.0,2.0838323353293413,1.0144330344373482,0.23333333333333334,0.0
760,2,30.0,66.0,2.2,0.07586206896551724,0.10714285714285714,0.10714285714285714,0.48,0.32,0.16,0.36,0.7,0.0,0.19047619047619047,0.5238095238095238,0.5505384615384615,0.3537806652360947,0.24,0.3783186487605389,0.0,0.2638888888888889,0.047956730769230765,0.5625,2.64,2.49799919935936,2.593538397437828,1.0533614096907755,4.225806451612903,0.44,0.5273420519156504,4.0,8.0,1.6062992125984252,0.6803066572190205,0.06666666666666667,0.0
761,2,30.0,79.0,2.6333333333333333,0.09080459770114943,0.10714285714285714,0.03571428571428571,0.4,0.32,0.16,0.52,0.7,0.0,0.19047619047619047,0.6190476190476191,0.6905729543496985,0.3220950133767158,0.29793939393939395,0.37576925486900287,0.0,0.34855967078189304,0.07437015503875967,0.5625,3.16,2.896549671592048,2.5765608908000215,0.9872011906779568,4.130434782608695,0.44,0.6452750972804429,3.0,8.0,1.5227272727272727,0.6475545199824931,0.13333333333333333,0.0
762,2,29.0,82.0,2.8275862068965516,0.10098522167487685,0.1111111111111111,0.037037037037037035,0.4166666666666667,0.2916666666666667,0.125,0.375,0.6896551724137931,0.0,0.15,0.5,0.4003503692514267,0.3267276999984981,0.21412037037037038,0.34475978695258025,0.0,0.17812499999999998,0.05686681772406847,0.375,3.4166666666666665,3.063340981839027,2.6585006947075915,1.1496292932471417,4.5,0.5833333333333334,0.7080703457660787,4.0,9.0,1.5928571428571427,0.7384255910690898,0.10344827586206896,0.0
763,2,30.0,65.0,2.1666666666666665,0.07471264367816093,0.10714285714285714,0.14285714285714285,0.48,0.36,0.2,0.44,0.7,0.0,0.23809523809523808,0.5238095238095238,0.5984937154348918,0.3150657334797208,0.3,0.4054033199812895,0.0,0.14197530864197533,0.18010306686777275,0.8125,2.6,2.160246899469287,2.651349206349207,1.1825171851450598,5.0,0.28,0.6371265425542295,4.0,9.0,1.7054263565891472,0.774627942700496,0.16666666666666666,0.0
764,2,29.0,60.0,2.0689655172413794,0.07389162561576355,0.1111111111111111,0.14814814814814814,0.4583333333333333,0.4166666666666667,0.16666666666666666,0.3333333333333333,0.6896551724137931,0.0,0.2,0.55,0.5315586419753087,0.4233837031749251,0.22847222222222222,0.38684526006336745,0.0,0.16145833333333334,0.04577546296296296,0.5,2.5,2.781929264877633,2.435230797299763,0.9427937630520544,4.074074074074074,0.25,0.544376815669437,4.0,6.0,1.5339805825242718,0.6833529501811095,0.0,0.0
765,2,29.0,61.0,2.103448275862069,0.07512315270935961,0.1111111111111111,0.1111111111111111,0.5416666666666666,0.2916666666666667,0.08333333333333333,0.375,0.6896551724137931,0.0,0.1,0.65,0.5616640946502056,0.3448163501077154,0.20902777777777778,0.32729971073027603,0.0,0.2547260802469136,0.06163194444444444,0.625,2.5416666666666665,1.9995470501583859,2.751317360800119,1.183016901086657,5.0,0.4583333333333333,0.6852697901570048,5.0,6.0,1.771186440677966,0.9096915693066331,0.06896551724137931,0.0
766,2,29.0,85.0,2.9310344827586206,0.10467980295566502,0.1111111111111111,0.1111111111111111,0.4166666666666667,0.25,0.041666666666666664,0.4166666666666667,0.6896551724137931,0.0,0.05,0.6,0.373869544143622,0.23682846709861466,0.16458333333333333,0.25605293176359906,0.0,0.11458333333333337,0.1363406736421593,0.875,3.5416666666666665,2.6699481621195944,2.7397625682108444,1.095635991872369,4.185185185185185,0.375,0.6331348809531521,4.0,10.0,1.639751552795031,0.7207010045006174,0.10344827586206896,0.0
767,2,28.0,58.0,2.0714285714285716,0.07671957671957672,0.11538461538461539,0.15384615384615385,0.4782608695652174,0.2608695652173913,0.043478260869565216,0.391304347826087,0.6785714285714286,0.0,0.05263157894736842,0.47368421052631576,0.4713768115942029,0.28512312842071535,0.1995169082125604,0.2999528257124061,0.0,0.15178571428571427,0.0907738095238095,0.5625,2.5217391304347827,1.9038135226050252,2.651226551226551,1.1113756736059868,5.0,0.391304347826087,0.6414137485480438,4.0,8.0,1.7391304347826086,0.7956786414007783,0.10714285714285714,0.0
768,2,29.0,51.0,1.7586206896551724,0.06280788177339902,0.1111111111111111,0.25925925925925924,0.5416666666666666,0.375,0.16666666666666666,0.3333333333333333,0.6896551724137931,0.0,0.2,0.6,0.5059523809523809,0.3097322801961071,0.22916666666666666,0.3824738316330386,0.0,0.09375,0.017857142857142856,0.1875,2.125,1.872280636712535,2.6880636604774533,1.2168229375554107,5.5,0.2916666666666667,0.5029758883870791,5.0,7.0,1.8303571428571428,0.8993330146835882,0.06896551724137931,0.0
769,2,30.0,87.0,2.9,0.1,0.10714285714285714,0.03571428571428571,0.4,0.36,0.16,0.44,0.7,0.0,0.19047619047619047,0.6190476190476191,0.5145327793167129,0.33052524578592124,0.2620952380952381,0.37005106795540493,0.0,0.25625000000000003,0.017555401662049858,0.5625,3.48,3.4048984321611315,2.641378205128205,1.151399838593489,4.6,0.56,0.7059014084893523,4.0,11.0,1.6954022988505748,0.7559258069807014,0.23333333333333334,0.0
77,2,28.0,61.0,2.1785714285714284,0.08068783068783068,0.11538461538461539,0.11538461538461539,0.4782608695652174,0.30434782608695654,0.13043478260869565,0.34782608695652173,0.6785714285714286,0.0,0.15789473684210525,0.47368421052631576,0.45626017205301095,0.3052876700607306,0.2021739130434783,0.3504796261973678,0.0,0.21875,0.05980392156862745,0.7333333333333333,2.652173913043478,2.6217394581768163,2.771543560606061,1.276926927650918,5.0,0.5652173913043478,0.7359079626343219,4.0,10.0,1.8235294117647058,0.8422399846368808,0.10714285714285714,0.0
770,2,30.0,51.0,1.7,0.05862068965517241,0.10714285714285714,0.25,0.48,0.28,0.12,0.36,0.7,0.0,0.14285714285714285,0.5238095238095238,0.4756666666666666,0.326385224565719,0.23266666666666666,0.3572814016989969,0.0,0.275462962962963,0.014479166666666664,0.375,2.04,1.306394529484362,2.701996336996337,1.1280628952380958,4.714285714285714,0.4,0.647994456729292,4.0,8.0,1.8064516129032258,0.7827138462550209,0.06666666666666667,0.0
771,2,30.0,83.0,2.7666666666666666,0.09540229885057472,0.10714285714285714,0.10714285714285714,0.44,0.32,0.12,0.36,0.7,0.0,0.14285714285714285,0.5714285714285714,0.5176952021607802,0.32083879634041407,0.214,0.34899591422844506,0.0,0.21296296296296294,0.12622581235438443,0.8125,3.32,2.7343494046421104,2.6517738791423002,1.0677509685379845,4.333333333333334,0.4,0.6731920713236064,3.0,10.0,1.6097560975609757,0.631603229514498,0.16666666666666666,0.0
772,2,30.0,95.0,3.1666666666666665,0.10919540229885058,0.10714285714285714,0.03571428571428571,0.4,0.24,0.08,0.44,0.7,0.0,0.09523809523809523,0.5714285714285714,0.5644728911999026,0.24156551996128514,0.234,0.3194497584099073,0.0,0.1953125,0.13767066532871128,0.875,3.8,2.972092416687835,2.6956438581438587,1.0029003444236337,4.0,0.6,0.7262880651010442,4.0,11.0,1.6304347826086956,0.6729332464616348,0.26666666666666666,0.0
773,2,30.0,92.0,3.066666666666667,0.10574712643678161,0.10714285714285714,0.03571428571428571,0.44,0.28,0.12,0.4,0.7,0.0,0.14285714285714285,0.5714285714285714,0.4345269505317267,0.3137414170136076,0.22727272727272727,0.3489443062501545,0.0,0.3092105263157895,0.011710409252669038,0.3125,3.68,3.2624121954978853,2.565084606942192,0.9817529443544978,4.0,0.56,0.5686563042492457,3.0,9.0,1.4743589743589745,0.584186425709685,0.16666666666666666,0.0
774,2,30.0,81.0,2.7,0.09310344827586207,0.10714285714285714,0.10714285714285714,0.4,0.28,0.12,0.56,0.7,0.0,0.14285714285714285,0.5714285714285714,0.6624478557504874,0.1959972632841163,0.27365367965367965,0.3367482604868945,0.0,0.31444444444444447,0.1759716130604288,0.9375,3.24,2.420055095791554,2.831541394335512,1.3174430357042903,5.5,0.6,0.6366124075429601,4.0,10.0,1.9397590361445782,1.019202273799393,0.13333333333333333,0.0
775,2,29.0,74.0,2.5517241379310347,0.09113300492610837,0.1111111111111111,0.037037037037037035,0.5416666666666666,0.2916666666666667,0.125,0.3333333333333333,0.6896551724137931,0.0,0.15,0.65,0.5342539008916324,0.3636035219001722,0.19583333333333333,0.34544132663149546,0.0,0.2777777777777778,0.023415798611111115,0.375,3.0833333333333335,3.1335029247968067,2.718970110349421,1.1813785729198243,5.0,0.4583333333333333,0.6325777225478652,4.0,9.0,1.6141732283464567,0.7564247997588978,0.0,0.0
776,2,28.0,64.0,2.2857142857142856,0.08465608465608465,0.11538461538461539,0.07692307692307693,0.43478260869565216,0.30434782608695654,0.17391304347826086,0.391304347826087,0.6785714285714286,0.0,0.21052631578947367,0.5789473684210527,0.4687404265347001,0.35843236609842644,0.24782608695652175,0.38202359741972386,0.0,0.20833333333333334,0.05138211382113821,0.5333333333333333,2.782608695652174,2.9993411661279947,2.7220547309833023,1.2966847771636303,5.666666666666666,0.34782608695652173,0.8036128491587811,6.0,10.0,1.912,1.1145373696682839,0.14285714285714285,0.0
777,2,30.0,85.0,2.8333333333333335,0.09770114942528736,0.10714285714285714,0.07142857142857142,0.48,0.24,0.08,0.4,0.7,0.0,0.09523809523809523,0.5238095238095238,0.42448392030423276,0.35313053247121046,0.21276190476190476,0.3229957971219251,0.0,0.3052662037037038,0.03210562246817129,0.5625,3.4,3.068658773253661,2.7055983858189743,1.0989486993616773,4.444444444444445,0.56,0.7105773631553427,4.0,10.0,1.6666666666666667,0.7516918586804728,0.23333333333333334,0.0
778,2,29.0,80.0,2.7586206896551726,0.09852216748768473,0.1111111111111111,0.037037037037037035,0.375,0.20833333333333334,0.125,0.4583333333333333,0.6896551724137931,0.0,0.15,0.65,0.5578068883277217,0.3350924725868028,0.24027777777777778,0.34018028278945234,0.0,0.276936026936027,0.05873263888888888,0.6875,3.3333333333333335,2.5137304111042105,2.604127701237235,1.020554610349098,4.333333333333334,0.75,0.6193249456353245,4.0,9.0,1.6708860759493671,0.7353064959522657,0.13793103448275862,0.0
779,2,30.0,66.0,2.2,0.07586206896551724,0.10714285714285714,0.10714285714285714,0.52,0.36,0.12,0.36,0.7,0.0,0.14285714285714285,0.5238095238095238,0.552128205128205,0.2614764994428344,0.24571428571428572,0.37329354744270393,0.0,0.3148148148148148,0.03784722222222223,0.75,2.64,2.289104628451919,2.953833203833204,1.4372690373775927,5.0,0.36,0.8793669653627753,5.0,8.0,2.020408163265306,1.0946281520067813,0.13333333333333333,0.0
78,2,29.0,65.0,2.2413793103448274,0.08004926108374384,0.1111111111111111,0.1111111111111111,0.4583333333333333,0.375,0.16666666666666666,0.375,0.6896551724137931,0.0,0.2,0.6,0.49053266749895963,0.4058173342186189,0.25555555555555554,0.3824238317855627,0.0,0.2743055555555556,0.04845505617977529,0.4375,2.7083333333333335,2.8357832545289257,2.5046080855676056,1.013082181907508,4.0,0.3333333333333333,0.5174020840688782,3.0,7.0,1.4519230769230769,0.5892204442222534,0.06896551724137931,0.0
780,2,28.0,72.0,2.5714285714285716,0.09523809523809523,0.11538461538461539,0.038461538461538464,0.4782608695652174,0.34782608695652173,0.17391304347826086,0.2608695652173913,0.6785714285714286,0.0,0.21052631578947367,0.5789473684210527,0.34930619796484735,0.3915420281039935,0.1985507246376812,0.3861854713342451,0.0,0.16250000000000003,0.012340425531914894,0.4666666666666667,3.130434782608696,3.019698176159136,2.736974545062781,1.2586451901505846,5.0,0.391304347826087,0.7290710756382126,4.0,9.0,1.6515151515151516,0.751434744566152,0.2857142857142857,0.0
781,2,29.0,64.0,2.206896551724138,0.07881773399014778,0.1111111111111111,0.1111111111111111,0.5416666666666666,0.2916666666666667,0.125,0.3333333333333333,0.6896551724137931,0.0,0.15,0.55,0.6025366512345679,0.32715368173358766,0.19375,0.3487317428947578,0.0,0.19398148148148148,0.09830729166666666,0.6875,2.6666666666666665,2.3895909540204223,2.8160161677403055,1.2745084482950866,5.166666666666666,0.4583333333333333,0.6983724651394904,5.0,10.0,1.9150326797385622,0.9244323465774513,0.10344827586206896,0.0
782,2,28.0,92.0,3.2857142857142856,0.12169312169312169,0.11538461538461539,0.038461538461538464,0.43478260869565216,0.21739130434782608,0.08695652173913043,0.43478260869565216,0.6785714285714286,0.0,0.10526315789473684,0.631578947368421,0.4772341021754918,0.2548162648683732,0.19806763285024154,0.3009972607813927,0.0,0.16339285714285715,0.11691197746459696,0.875,4.0,3.118857599710626,2.749781332911032,1.1632226890148736,4.777777777777778,0.782608695652174,0.6647615030015352,4.0,10.0,1.607361963190184,0.7322853018022609,0.07142857142857142,0.0
783,2,29.0,85.0,2.9310344827586206,0.10467980295566502,0.1111111111111111,0.037037037037037035,0.375,0.3333333333333333,0.20833333333333334,0.4583333333333333,0.6896551724137931,0.0,0.25,0.55,0.668016975308642,0.31938404983085195,0.27847222222222223,0.40013521768467464,0.0,0.2916666666666667,0.11141251929012345,0.75,3.5416666666666665,3.6233441995490576,2.781509496386743,1.2852691439281254,5.0,0.375,0.8626408791948192,5.0,12.0,1.8,0.9140585093854122,0.2413793103448276,0.0
784,2,30.0,73.0,2.433333333333333,0.0839080459770115,0.10714285714285714,0.10714285714285714,0.52,0.28,0.08,0.4,0.7,0.0,0.09523809523809523,0.5714285714285714,0.5426084291187739,0.25767035765349505,0.204,0.312260278424076,0.0,0.24074074074074078,0.08901161398467432,0.75,2.92,2.019075696121041,2.7600686691476164,1.1388806587871538,4.454545454545455,0.56,0.6535036727708332,4.0,11.0,1.7570621468926553,0.71729317701874,0.23333333333333334,0.0
785,2,29.0,88.0,3.0344827586206895,0.10837438423645321,0.1111111111111111,0.037037037037037035,0.4583333333333333,0.2916666666666667,0.08333333333333333,0.4166666666666667,0.6896551724137931,0.0,0.1,0.55,0.3308204611596149,0.29383722182517774,0.20000000000000004,0.30609745535354105,0.0,0.1921296296296296,0.09610581766286097,0.5,3.6666666666666665,3.534508964932528,2.710519978106185,1.1477138049975244,4.5,0.5,0.8004848846457904,5.0,11.0,1.6686746987951808,0.7968768903577719,0.2413793103448276,0.0
786,2,30.0,85.0,2.8333333333333335,0.09770114942528736,0.10714285714285714,0.03571428571428571,0.48,0.24,0.12,0.4,0.7,0.0,0.14285714285714285,0.5714285714285714,0.5015119916579771,0.2994205040200059,0.22333333333333336,0.3407508050043479,0.0,0.2222222222222222,0.16862454379562045,0.8125,3.4,3.2532035493238554,2.7231203007518796,1.1140648943689118,4.5,0.6,0.7483240782947569,4.0,10.0,1.585987261146497,0.660658044012735,0.13333333333333333,0.0
787,2,30.0,75.0,2.5,0.08620689655172414,0.10714285714285714,0.14285714285714285,0.48,0.36,0.16,0.36,0.7,0.0,0.19047619047619047,0.5714285714285714,0.5930208333333333,0.35431407005934196,0.25,0.3818813079129867,0.0,0.3333333333333333,0.07550455729166666,0.625,3.0,2.9011491975882016,2.6260221674876845,1.1139668740917898,4.333333333333334,0.52,0.7236105508415948,3.0,9.0,1.5590551181102361,0.6744020668203304,0.06666666666666667,0.0
788,2,28.0,64.0,2.2857142857142856,0.08465608465608465,0.11538461538461539,0.11538461538461539,0.5652173913043478,0.17391304347826086,0.08695652173913043,0.30434782608695654,0.7142857142857143,0.0,0.1,0.65,0.4456800445930881,0.36152276709388975,0.1648550724637681,0.3098952711020021,0.0,0.09114583333333334,0.10538461538461538,0.8,2.782608695652174,2.4486827950614676,2.773184738086216,1.1747708507249837,5.333333333333334,0.6521739130434783,0.6967505429543283,5.0,8.0,1.7230769230769232,0.8628004216969191,0.07142857142857142,0.0
789,2,30.0,88.0,2.933333333333333,0.10114942528735632,0.10714285714285714,0.03571428571428571,0.44,0.28,0.12,0.4,0.7,0.0,0.14285714285714285,0.6190476190476191,0.5248150792384502,0.34297633085319346,0.217,0.34664796958126676,0.0,0.27033641739524095,0.022873556304138593,0.5,3.52,2.9597297173897488,2.699958587539723,1.084873736151772,4.375,0.56,0.7266374276451802,3.0,9.0,1.6666666666666667,0.715907874505107,0.3,0.0
79,2,30.0,76.0,2.533333333333333,0.08735632183908046,0.10714285714285714,0.07142857142857142,0.4,0.36,0.12,0.48,0.7,0.0,0.14285714285714285,0.5238095238095238,0.5476271470746108,0.2566459537744,0.27466666666666667,0.3519824806246281,0.0,0.23977623456790123,0.08054849648863839,0.6875,3.04,1.9467922333931784,2.6374477973007386,1.140879287674671,4.428571428571429,0.64,0.6941978693734658,5.0,9.0,1.7806451612903227,0.8624261138458864,0.13333333333333333,0.0
790,2,27.0,56.0,2.074074074074074,0.07977207977207977,0.12,0.08,0.5,0.2727272727272727,0.09090909090909091,0.36363636363636365,0.6666666666666666,0.0,0.1111111111111111,0.6111111111111112,0.504239238176154,0.32292863526947935,0.20833333333333331,0.32504578432085823,0.0,0.2544642857142857,0.1095534787123572,0.7333333333333333,2.5454545454545454,2.5019472935576124,2.538072938839222,0.9951661986110852,4.172413793103448,0.5454545454545454,0.5243419888730794,3.0,8.0,1.652542372881356,0.6714841152198703,0.1111111111111111,0.0
791,2,30.0,55.0,1.8333333333333333,0.06321839080459771,0.10714285714285714,0.21428571428571427,0.52,0.32,0.16,0.32,0.7,0.0,0.19047619047619047,0.5238095238095238,0.48245098039215684,0.3342179146540509,0.21466666666666664,0.3741756371109795,0.0,0.2592592592592593,0.1075750612745098,0.75,2.2,1.9578900207451215,2.651803751803752,1.1196336314088227,4.5,0.52,0.5800014660175173,4.0,10.0,1.828358208955224,0.8090291164865973,0.1,0.0
792,2,30.0,77.0,2.566666666666667,0.08850574712643679,0.10714285714285714,0.07142857142857142,0.4,0.32,0.16,0.48,0.7,0.0,0.19047619047619047,0.5714285714285714,0.6375881302989737,0.2735333042413175,0.2983809523809524,0.37977914574984933,0.0,0.1824845679012346,0.15957074827086123,0.9375,3.08,2.6602004936971704,2.6751127819548874,1.1425624232412397,4.666666666666666,0.48,0.6542572024676803,4.0,9.0,1.7267080745341614,0.7581851492194333,0.13333333333333333,0.0
793,2,30.0,56.0,1.8666666666666667,0.06436781609195402,0.10714285714285714,0.21428571428571427,0.52,0.28,0.16,0.32,0.7,0.0,0.19047619047619047,0.5714285714285714,0.4572222222222222,0.38798340350996585,0.22266666666666665,0.3813317307658633,0.0,0.2191358024691358,0.02864583333333333,0.5625,2.24,1.7146428199482244,2.881759259259259,1.4741063060438948,6.333333333333333,0.52,0.7134224543878077,6.0,9.0,2.1016949152542375,1.256707341438414,0.0,0.0
794,2,29.0,98.0,3.3793103448275863,0.1206896551724138,0.1111111111111111,0.037037037037037035,0.375,0.2916666666666667,0.125,0.5416666666666666,0.6896551724137931,0.0,0.15,0.65,0.5373093681917211,0.2904261353345297,0.2638888888888889,0.33946059324158545,0.0,0.3819444444444444,0.0660709422657952,0.75,4.083333333333333,3.450477807702765,2.588368910782704,1.0224037897162053,4.071428571428571,0.5416666666666666,0.6315807374940327,3.0,11.0,1.5348837209302326,0.6342592385781591,0.2413793103448276,0.0
795,2,30.0,81.0,2.7,0.09310344827586207,0.10714285714285714,0.03571428571428571,0.44,0.32,0.12,0.44,0.7,0.0,0.14285714285714285,0.5714285714285714,0.6604759653270292,0.32249363355886834,0.2752727272727273,0.37179574817277167,0.0,0.28320987654320995,0.07852147360126083,0.6875,3.24,2.4027761721253467,2.6371339308839308,1.0961227790774148,4.461538461538462,0.56,0.6815956335904626,4.0,11.0,1.7321428571428572,0.8150766047956479,0.16666666666666666,0.0
796,2,29.0,76.0,2.6206896551724137,0.09359605911330049,0.1111111111111111,0.07407407407407407,0.5,0.25,0.041666666666666664,0.2916666666666667,0.6896551724137931,0.0,0.05,0.65,0.3788206254724112,0.2975032424741887,0.14652777777777778,0.2712014406618616,0.0,0.22439236111111113,0.014923469387755102,0.4375,3.1666666666666665,3.2792717466544,2.7162449619346165,1.0870642276974796,4.166666666666666,0.4166666666666667,0.717804792937134,3.0,9.0,1.6688741721854305,0.7091953591184473,0.20689655172413793,0.0
797,2,30.0,61.0,2.033333333333333,0.07011494252873564,0.10714285714285714,0.14285714285714285,0.4,0.36,0.12,0.4,0.7,0.0,0.14285714285714285,0.5238095238095238,0.43538147249190934,0.3271577792374984,0.2326666666666667,0.3525856869849749,0.0,0.2796875,0.05724110032362459,0.4375,2.44,1.8502252115170559,2.704482038429407,1.2836506514869117,5.833333333333334,0.48,0.8265996997811417,5.0,9.0,1.8721804511278195,0.9407728434368627,0.13333333333333333,0.0
798,2,29.0,83.0,2.8620689655172415,0.1022167487684729,0.1111111111111111,0.037037037037037035,0.4166666666666667,0.3333333333333333,0.125,0.3333333333333333,0.6896551724137931,0.0,0.15,0.6,0.5364449483497101,0.3384367090806783,0.18690476190476188,0.3372887181404047,0.0,0.23842592592592587,0.07130424139352708,0.6875,3.4583333333333335,3.078384198790385,2.7083734483729147,1.195702426977225,4.578947368421053,0.5,0.759115608728034,4.0,12.0,1.7586206896551724,0.7896076034529653,0.2413793103448276,0.0
799,2,29.0,87.0,3.0,0.10714285714285714,0.1111111111111111,0.037037037037037035,0.5,0.20833333333333334,0.125,0.4166666666666667,0.6896551724137931,0.0,0.15,0.6,0.5572338184603599,0.2837543186749538,0.2267361111111111,0.350387804190274,0.0,0.279431216931217,0.09062853738456954,0.8,3.625,3.2679271451620457,2.829826638878363,1.1793443424597887,5.166666666666666,0.5833333333333334,0.7734769418024451,4.0,11.0,1.6646341463414633,0.7696500601073148,0.1724137931034483,0.0
8,2,28.0,83.0,2.9642857142857144,0.10978835978835978,0.11538461538461539,0.19230769230769232,0.4782608695652174,0.391304347826087,0.13043478260869565,0.30434782608695654,0.6785714285714286,0.0,0.15789473684210525,0.5789473684210527,0.38735519465128737,0.3515609802420004,0.21304347826086958,0.3609386095195376,0.0,0.33333333333333337,0.08224584798926643,0.625,3.608695652173913,3.576935336731999,2.523044239125833,1.0360153675908226,4.0,0.43478260869565216,0.6615307093098461,3.0,11.0,1.4893617021276595,0.580849393764926,0.25,0.0
80,2,29.0,53.0,1.8275862068965518,0.06527093596059114,0.1111111111111111,0.2962962962962963,0.5,0.2916666666666667,0.125,0.375,0.6896551724137931,0.0,0.15,0.5,0.5748263888888888,0.28783697855644524,0.22916666666666666,0.3563180607076681,0.0,0.27083333333333337,0.175,0.875,2.2083333333333335,1.3824731042801415,2.7528735632183907,1.2599608598537642,5.0,0.375,0.6104839842691908,4.0,8.0,1.943089430894309,0.9607102308574961,0.10344827586206896,0.0
800,2,30.0,67.0,2.2333333333333334,0.07701149425287357,0.10714285714285714,0.14285714285714285,0.52,0.28,0.08,0.36,0.7,0.0,0.09523809523809523,0.6190476190476191,0.48407297551789086,0.27503554656993257,0.18933333333333333,0.3099387633663092,0.0,0.19135802469135804,0.12770347810734461,0.8125,2.68,2.5449295995501844,2.7433994708994707,1.1379891825222601,4.571428571428571,0.56,0.5679658587418416,4.0,9.0,1.7266187050359711,0.7876377762678145,0.06666666666666667,0.0
801,2,30.0,76.0,2.533333333333333,0.08735632183908046,0.10714285714285714,0.07142857142857142,0.44,0.24,0.08,0.32,0.7,0.0,0.09523809523809523,0.6190476190476191,0.4063162568306011,0.2821134291522193,0.17533333333333334,0.304484993244513,0.0,0.20370370370370372,0.05883922472677596,0.5625,3.04,2.668957349478131,2.809753278122843,1.2436982371778673,5.666666666666666,0.68,0.7927811691791729,5.0,10.0,1.7310344827586206,0.8839241138697709,0.1,0.0
802,2,29.0,69.0,2.3793103448275863,0.08497536945812807,0.1111111111111111,0.07407407407407407,0.4166666666666667,0.2916666666666667,0.08333333333333333,0.4166666666666667,0.6896551724137931,0.0,0.1,0.6,0.5169595616024187,0.26478873569213274,0.2164351851851852,0.32081769172263574,0.0,0.21614583333333337,0.1745013109410431,0.875,2.875,2.21285768418007,2.799229395327399,1.2812378039174335,5.5,0.5833333333333334,0.7405334339038948,4.0,9.0,1.8888888888888888,0.8633316946034312,0.20689655172413793,0.0
803,2,28.0,61.0,2.1785714285714284,0.08068783068783068,0.11538461538461539,0.11538461538461539,0.5217391304347826,0.21739130434782608,0.08695652173913043,0.391304347826087,0.6785714285714286,0.0,0.10526315789473684,0.631578947368421,0.6721618357487922,0.2484508966282302,0.19855072463768114,0.312286817931035,0.0,0.10937500000000003,0.043981481481481476,0.6,2.652173913043478,1.8734677533720459,2.9296977124183003,1.2415344183810353,4.5,0.5217391304347826,0.7960908627484524,4.0,9.0,1.912162162162162,0.8405460976246503,0.07142857142857142,0.0
804,2,30.0,68.0,2.2666666666666666,0.07816091954022988,0.10714285714285714,0.10714285714285714,0.48,0.32,0.16,0.44,0.7,0.0,0.19047619047619047,0.6190476190476191,0.7909005847953217,0.2861156098460887,0.28304761904761905,0.3876423494419525,0.0,0.3290123456790124,0.051991959064327485,0.4375,2.72,1.9899748742132397,2.7810582010582015,1.3058552661530063,5.142857142857142,0.4,0.6363298724935095,4.0,8.0,1.6982758620689655,0.8669770328055373,0.06666666666666667,0.0
805,2,29.0,76.0,2.6206896551724137,0.09359605911330049,0.1111111111111111,0.037037037037037035,0.4166666666666667,0.2916666666666667,0.041666666666666664,0.3333333333333333,0.6896551724137931,0.0,0.05,0.6,0.3935452396657872,0.27376175045033646,0.16319444444444445,0.2674797010974755,0.0,0.18750000000000003,0.10026728781882147,0.625,3.1666666666666665,3.4092797488321644,2.6315224599238847,1.086787913865453,4.375,0.625,0.7418596333689378,4.0,10.0,1.68,0.7171906413969599,0.27586206896551724,0.0
806,2,30.0,78.0,2.6,0.0896551724137931,0.10714285714285714,0.03571428571428571,0.48,0.36,0.16,0.36,0.7,0.0,0.19047619047619047,0.5714285714285714,0.5613005233494363,0.2835147207498039,0.2389393939393939,0.38545570683072605,0.0,0.34820629808552517,0.0,0.0,3.12,2.9765752132274432,2.6234896536212333,1.0751693767555943,4.5,0.48,0.6548263369084156,4.0,8.0,1.624113475177305,0.7323056260118116,0.13333333333333333,0.0
807,2,29.0,66.0,2.2758620689655173,0.0812807881773399,0.1111111111111111,0.07407407407407407,0.625,0.25,0.125,0.3333333333333333,0.6896551724137931,0.0,0.15,0.55,0.606127829218107,0.28550524951097483,0.20069444444444443,0.3532622011618654,0.0,0.10156250000000003,0.19120129243827158,0.8125,2.75,2.7226904852114333,2.8623152709359605,1.2317121230658008,5.166666666666666,0.5,0.7676285767956754,5.0,8.0,1.7737226277372262,0.85743033270354,0.13793103448275862,0.0
808,2,29.0,73.0,2.5172413793103448,0.08990147783251232,0.1111111111111111,0.037037037037037035,0.4583333333333333,0.2916666666666667,0.08333333333333333,0.4166666666666667,0.6896551724137931,0.0,0.1,0.6,0.4882678012519561,0.28096909710832474,0.22847222222222222,0.32211106070225387,0.0,0.31614583333333335,0.10668035993740219,0.6875,3.0416666666666665,2.6942639015164223,2.8166531406389423,1.3758295362521846,5.375,0.625,0.7891738665156258,6.0,10.0,1.9205298013245033,1.1166806694123856,0.1724137931034483,0.0
809,2,29.0,56.0,1.9310344827586208,0.06896551724137931,0.1111111111111111,0.18518518518518517,0.5,0.375,0.041666666666666664,0.2916666666666667,0.6896551724137931,0.0,0.05,0.55,0.32600308641975306,0.2646097756754919,0.1625,0.2822121893305874,0.0,0.1464120370370371,0.059375000000000004,0.625,2.3333333333333335,1.6061476099435994,2.8048253470667266,1.3668698048965544,5.333333333333334,0.4583333333333333,0.6340289505610596,5.0,8.0,2.0225563909774436,1.0478416880594899,0.10344827586206896,0.0
81,2,30.0,64.0,2.1333333333333333,0.0735632183908046,0.10714285714285714,0.14285714285714285,0.44,0.36,0.16,0.36,0.7,0.0,0.19047619047619047,0.5238095238095238,0.5995324675324675,0.35236663414534153,0.2439393939393939,0.3847261795634734,0.0,0.2507936507936508,0.21910511363636362,0.75,2.56,2.3108440016582685,2.6029166666666668,1.1285062166998763,4.9,0.48,0.6348038905760307,4.0,8.0,1.6725663716814159,0.8498159241450277,0.06666666666666667,0.0
810,2,30.0,62.0,2.066666666666667,0.07126436781609195,0.10714285714285714,0.10714285714285714,0.56,0.28,0.08,0.32,0.7,0.0,0.09523809523809523,0.5714285714285714,0.5552005012531328,0.24332814864912986,0.18,0.3142819564469907,0.0,0.3015873015873016,0.09294721177944863,0.75,2.48,1.9815818596935797,2.7953015989858088,1.2270994096637775,5.0,0.28,0.5884829882069674,5.0,7.0,1.7769230769230768,0.8915223859105315,0.06666666666666667,0.0
811,2,30.0,87.0,2.9,0.1,0.10714285714285714,0.14285714285714285,0.36,0.28,0.08,0.48,0.7,0.0,0.09523809523809523,0.6190476190476191,0.5323439613526569,0.2907113701662805,0.2393333333333333,0.31541712534826477,0.0,0.22145061728395066,0.12809178743961352,0.8125,3.48,3.1900888179902864,2.5286826019567954,0.9329022435037433,3.918918918918919,0.64,0.592681544895545,3.0,9.0,1.5,0.5615038950922974,0.13333333333333333,0.0
812,2,30.0,54.0,1.8,0.06206896551724138,0.10714285714285714,0.21428571428571427,0.48,0.28,0.16,0.36,0.7,0.0,0.19047619047619047,0.5238095238095238,0.5328995098039215,0.35273821097593994,0.228,0.37446628686705563,0.0,0.27222222222222225,0.10817823223039212,0.8125,2.16,1.6502525059315414,2.7853174603174597,1.2650551008613788,5.166666666666666,0.48,0.6632604669565005,4.0,9.0,1.8984375,0.9122080484308649,0.06666666666666667,0.0
813,2,30.0,68.0,2.2666666666666666,0.07816091954022988,0.10714285714285714,0.10714285714285714,0.56,0.32,0.12,0.32,0.7,0.0,0.14285714285714285,0.5238095238095238,0.5114834054834055,0.26782398554523046,0.21666666666666665,0.3584302194601094,0.0,0.1693121693121693,0.11660353535353533,0.875,2.72,1.9476481543988717,2.714230019493177,1.1457480599942902,4.666666666666666,0.4,0.6591094580621573,3.0,8.0,1.695945945945946,0.6767145901442241,0.16666666666666666,0.0
814,2,30.0,94.0,3.1333333333333333,0.10804597701149425,0.10714285714285714,0.03571428571428571,0.44,0.28,0.08,0.4,0.7,0.0,0.09523809523809523,0.5714285714285714,0.5126856725146198,0.2649995776007728,0.2173333333333333,0.31492503517151155,0.0,0.23985890652557323,0.08105183205409355,0.8125,3.76,3.550586805961328,2.741060346060346,1.1738296079413173,5.0,0.6,0.7199045047789835,4.0,11.0,1.6136363636363635,0.7318363311454383,0.16666666666666666,0.0
815,2,30.0,89.0,2.966666666666667,0.10229885057471265,0.10714285714285714,0.14285714285714285,0.4,0.28,0.08,0.52,0.7,0.0,0.09523809523809523,0.5238095238095238,0.600673562713657,0.24386469255018695,0.26799999999999996,0.32506836887714013,0.0,0.20524691358024694,0.190352572501747,0.875,3.56,2.7850792927072408,2.643587839176074,1.005696562934429,4.045454545454545,0.48,0.6610116190523899,3.0,11.0,1.6470588235294117,0.6587128306746292,0.16666666666666666,0.0
816,2,29.0,69.0,2.3793103448275863,0.08497536945812807,0.1111111111111111,0.14814814814814814,0.4583333333333333,0.375,0.125,0.4166666666666667,0.6896551724137931,0.0,0.15,0.5,0.39211469534050175,0.35537171018980135,0.2548611111111111,0.3604371730504307,0.0,0.29166666666666663,0.05426747311827956,0.4375,2.875,2.7554294228573206,2.644645534375669,1.1420282874009426,4.666666666666666,0.25,0.7965978142495294,3.0,10.0,1.6031746031746033,0.693736146722831,0.27586206896551724,0.0
817,2,30.0,77.0,2.566666666666667,0.08850574712643679,0.10714285714285714,0.21428571428571427,0.4,0.36,0.08,0.4,0.7,0.0,0.09523809523809523,0.5714285714285714,0.46162495228497696,0.30845112232470945,0.23266666666666666,0.33035054333462427,0.0,0.2314814814814815,0.07934633758569618,0.75,3.08,2.9143323992525865,2.5676139388757977,1.0626925512676046,4.333333333333334,0.56,0.6190646182622356,3.0,10.0,1.6474358974358974,0.6797009511256588,0.23333333333333334,0.0
818,2,29.0,70.0,2.413793103448276,0.08620689655172414,0.1111111111111111,0.1111111111111111,0.5,0.3333333333333333,0.16666666666666666,0.3333333333333333,0.6896551724137931,0.0,0.2,0.6,0.5626689444276654,0.3764051562420739,0.22847222222222222,0.38055004580094093,0.0,0.25,0.08354561499546964,0.6875,2.9166666666666665,3.0915968389317445,2.5407224958949097,0.9938053892058891,4.0,0.25,0.6207474406393508,3.0,9.0,1.5158730158730158,0.5896999506071133,0.13793103448275862,0.0
819,2,29.0,65.0,2.2413793103448274,0.08004926108374384,0.1111111111111111,0.07407407407407407,0.375,0.375,0.20833333333333334,0.4583333333333333,0.7241379310344828,0.0,0.23809523809523808,0.5714285714285714,0.6158871882086167,0.32372760924530813,0.3138888888888889,0.41165586052432895,0.0,0.2564021164021164,0.12493197278911564,0.7333333333333333,2.7083333333333335,1.966660525659781,2.574741111379042,1.1203038960801697,4.615384615384615,0.5833333333333334,0.646095386005215,4.0,10.0,1.7352941176470589,0.7720611577929231,0.10344827586206896,0.0
82,2,28.0,69.0,2.4642857142857144,0.09126984126984126,0.11538461538461539,0.11538461538461539,0.4782608695652174,0.34782608695652173,0.17391304347826086,0.2608695652173913,0.6785714285714286,0.0,0.21052631578947367,0.47368421052631576,0.3658186131454115,0.3674787575215912,0.21739130434782605,0.39706875027657507,0.0,0.19444444444444445,0.0,0.0,3.0,3.0,2.6770770895770895,1.2193399766330328,4.6,0.4782608695652174,0.8035932913924457,4.0,11.0,1.7605633802816902,0.8158846520544409,0.25,0.0
820,2,30.0,66.0,2.2,0.07586206896551724,0.10714285714285714,0.10714285714285714,0.6,0.2,0.08,0.24,0.7,0.0,0.09523809523809523,0.5714285714285714,0.30113888888888884,0.26760374692406375,0.13466666666666666,0.2928910807538959,0.0,0.20216049382716053,0.03794270833333334,0.625,2.64,2.252406120870153,2.943047774665422,1.2577204531565744,5.352941176470589,0.48,0.6402392942555591,4.0,8.0,1.8435374149659864,0.857686281312798,0.0,0.0
821,2,29.0,66.0,2.2758620689655173,0.0812807881773399,0.1111111111111111,0.1111111111111111,0.5416666666666666,0.25,0.08333333333333333,0.25,0.6896551724137931,0.0,0.1,0.55,0.26454777443105754,0.3301030355787305,0.14384920634920634,0.2990733962023609,0.0,0.24869791666666669,0.011420682730923695,0.1875,2.75,2.8628049486322054,2.872372604906338,1.3436977380834851,6.0,0.375,0.7683096056413775,5.0,9.0,1.7734375,0.9240005773424246,0.13793103448275862,0.0
822,2,29.0,74.0,2.5517241379310347,0.09113300492610837,0.1111111111111111,0.037037037037037035,0.5,0.2916666666666667,0.08333333333333333,0.3333333333333333,0.6896551724137931,0.0,0.1,0.5,0.26049737608528406,0.3091966773866081,0.1898148148148148,0.31973749073396956,0.0,0.1560329861111111,0.03881264424662051,0.5625,3.0833333333333335,2.8880061824976977,2.7324548440065684,1.2081906974951433,4.666666666666666,0.5416666666666666,0.7136260206584747,4.0,10.0,1.7658227848101267,0.8229798390777876,0.1724137931034483,0.0
823,2,30.0,62.0,2.066666666666667,0.07126436781609195,0.10714285714285714,0.10714285714285714,0.48,0.36,0.08,0.32,0.7,0.0,0.09523809523809523,0.5714285714285714,0.39714285714285713,0.29933789369736435,0.1619393939393939,0.29858491887606536,0.0,0.24444444444444446,0.023685515873015872,0.5,2.48,2.3295206946208196,2.6373397435897434,1.127167344658953,5.0,0.32,0.7389694569814715,5.0,8.0,1.9574468085106382,0.9919125856181072,0.13333333333333333,0.0
824,2,28.0,73.0,2.607142857142857,0.09656084656084656,0.11538461538461539,0.07692307692307693,0.5652173913043478,0.30434782608695654,0.13043478260869565,0.30434782608695654,0.6785714285714286,0.0,0.15789473684210525,0.5263157894736842,0.5045973701890776,0.3393676820567327,0.22463768115942026,0.37473457155919215,0.0,0.22083333333333333,0.08693156732891832,0.6666666666666666,3.1739130434782608,3.2284554977861735,2.767702911123964,1.2595939260048281,4.75,0.43478260869565216,0.7515795742524037,4.0,10.0,1.6950354609929077,0.7740732930538622,0.25,0.0
825,2,29.0,80.0,2.7586206896551726,0.09852216748768473,0.1111111111111111,0.037037037037037035,0.4166666666666667,0.2916666666666667,0.125,0.375,0.6896551724137931,0.0,0.15,0.65,0.43616122349704783,0.3019303803570626,0.20479797979797978,0.34087839611973647,0.0,0.21556712962962965,0.06607622114868492,0.6666666666666666,3.3333333333333335,3.1300321802299997,2.561720032840722,1.0057150514963227,4.107142857142858,0.5833333333333334,0.6026324919688529,3.0,9.0,1.5945945945945945,0.6581548919056139,0.06896551724137931,0.0
826,2,30.0,76.0,2.533333333333333,0.08735632183908046,0.10714285714285714,0.10714285714285714,0.44,0.28,0.16,0.4,0.7,0.0,0.19047619047619047,0.5714285714285714,0.5354722993113373,0.35415200128060176,0.22799999999999998,0.36507609556852055,0.0,0.2785493827160494,0.008976063829787233,0.1875,3.04,2.5735837529276817,2.6429689047336113,1.097847184651534,4.5,0.48,0.7815575979312868,4.0,10.0,1.631578947368421,0.7635015450216186,0.23333333333333334,0.0
827,2,30.0,58.0,1.9333333333333333,0.06666666666666667,0.10714285714285714,0.14285714285714285,0.44,0.32,0.16,0.4,0.7,0.0,0.19047619047619047,0.5238095238095238,0.3945833333333333,0.37029650594464814,0.24444444444444444,0.3737117790853809,0.0,0.2821180555555556,0.047526041666666664,0.625,2.32,1.8645821694595994,2.862116402116402,1.4612584711946464,6.0,0.52,0.6616559499314505,7.0,11.0,2.261744966442953,1.3017450509841222,0.06666666666666667,0.0
828,2,29.0,86.0,2.9655172413793105,0.10591133004926108,0.1111111111111111,0.07407407407407407,0.5,0.3333333333333333,0.08333333333333333,0.2916666666666667,0.6896551724137931,0.0,0.1,0.55,0.3576057208272683,0.324412561371741,0.1898148148148148,0.33450545396098924,0.0,0.1953125,0.02892018058588064,0.5,3.5833333333333335,3.5498520075296542,2.540918471046718,0.9901784596474085,4.0,0.4166666666666667,0.61001254577472,4.0,10.0,1.527027027027027,0.6329495358326991,0.1724137931034483,0.0
829,2,29.0,62.0,2.1379310344827585,0.07635467980295567,0.1111111111111111,0.1111111111111111,0.4583333333333333,0.25,0.08333333333333333,0.2916666666666667,0.6896551724137931,0.0,0.1,0.65,0.5620081018518518,0.34732018419828053,0.1729166666666667,0.31694543412480386,0.0,0.23307291666666669,0.03742766203703704,0.4375,2.5833333333333335,2.569328565085112,2.608062191474796,1.0384018182664845,4.5,0.625,0.5667261704068965,4.0,7.0,1.6379310344827587,0.7506119442525363,0.0,0.0
83,2,30.0,91.0,3.033333333333333,0.10459770114942529,0.10714285714285714,0.10714285714285714,0.48,0.32,0.16,0.48,0.7,0.0,0.19047619047619047,0.6190476190476191,0.6347157894736841,0.21099434038709972,0.282,0.371618083521241,0.0,0.3263888888888889,0.1491185238486842,0.9375,3.64,3.025998457809698,2.6504036087369425,1.0380935720281623,4.076923076923077,0.56,0.5813189368544643,3.0,10.0,1.5337423312883436,0.6012559754479081,0.16666666666666666,0.0
830,2,30.0,80.0,2.6666666666666665,0.09195402298850575,0.10714285714285714,0.14285714285714285,0.4,0.24,0.12,0.48,0.7,0.0,0.14285714285714285,0.6190476190476191,0.6420044444444444,0.31100203193598713,0.24733333333333335,0.3374633039035229,0.0,0.27314814814814814,0.08558680555555556,0.6875,3.2,2.121320343559643,2.68516835016835,1.0739025258656842,4.8,0.6,0.6443371454722936,4.0,9.0,1.6496815286624205,0.7149165455887998,0.13333333333333333,0.0
831,2,30.0,68.0,2.2666666666666666,0.07816091954022988,0.10714285714285714,0.14285714285714285,0.44,0.36,0.12,0.44,0.7,0.0,0.14285714285714285,0.5714285714285714,0.5629710648148148,0.28755052869402264,0.2533333333333333,0.34983461701103746,0.0,0.25462962962962965,0.13864113136574072,0.8125,2.72,2.7160019636713573,2.6300132275132273,1.1239970516655562,4.666666666666666,0.36,0.6182535604849808,4.0,9.0,1.7567567567567568,0.770383963121188,0.13333333333333333,0.0
832,2,30.0,71.0,2.3666666666666667,0.08160919540229886,0.10714285714285714,0.10714285714285714,0.4,0.24,0.08,0.48,0.7,0.0,0.09523809523809523,0.6190476190476191,0.46509677419354845,0.3038297053438823,0.2366666666666667,0.31534813214040835,0.0,0.2722222222222223,0.06678427419354839,0.625,2.84,2.248703330069724,2.6732436408906994,1.0651975031962855,5.0,0.48,0.6567115255275462,4.0,9.0,1.83125,0.8630928370013383,0.13333333333333333,0.0
833,2,30.0,62.0,2.066666666666667,0.07126436781609195,0.10714285714285714,0.10714285714285714,0.48,0.24,0.12,0.32,0.7,0.0,0.14285714285714285,0.47619047619047616,0.4540873015873016,0.31566530049370894,0.18833333333333332,0.3450878846730904,0.0,0.1732804232804233,0.04137731481481481,0.4375,2.48,2.256841450641434,2.8446717171717166,1.2652239463203259,5.5,0.48,0.7766668170873856,5.0,9.0,1.8682170542635659,0.9550838065423265,0.0,0.0
834,2,29.0,55.0,1.896551724137931,0.06773399014778325,0.1111111111111111,0.25925925925925924,0.5,0.2916666666666667,0.125,0.3333333333333333,0.6896551724137931,0.0,0.15,0.6,0.4953703703703703,0.4274552682465879,0.18958333333333333,0.341982445095685,0.0,0.22569444444444445,0.23020833333333335,0.625,2.2916666666666665,2.1564698743178816,2.583554376657825,1.041726319450889,5.0,0.3333333333333333,0.6117397237470401,4.0,6.0,1.425,0.6516774848832798,0.0,0.0
835,2,30.0,84.0,2.8,0.09655172413793103,0.10714285714285714,0.03571428571428571,0.52,0.28,0.12,0.36,0.7,0.0,0.14285714285714285,0.5714285714285714,0.4200124259500071,0.3242065485522882,0.21266666666666667,0.3491152839413959,0.0,0.18518518518518523,0.06834001589365697,0.6875,3.36,3.0259984578096986,2.759693362193362,1.1776271233846551,5.0,0.44,0.6931350649206408,4.0,9.0,1.656441717791411,0.7484994709430121,0.2,0.0
836,2,30.0,58.0,1.9333333333333333,0.06666666666666667,0.10714285714285714,0.07142857142857142,0.6,0.24,0.12,0.24,0.7,0.0,0.14285714285714285,0.5238095238095238,0.4425217391304348,0.3554037055733833,0.17666666666666664,0.3521757768185907,0.0,0.20634920634920637,0.05312499999999999,0.4375,2.32,2.0149441679609885,2.7846296296296296,1.1898102951248692,4.833333333333334,0.52,0.6287852594580341,4.0,8.0,1.8188976377952757,0.8583605898089876,0.1,0.0
837,2,28.0,72.0,2.5714285714285716,0.09523809523809523,0.11538461538461539,0.07692307692307693,0.4782608695652174,0.34782608695652173,0.08695652173913043,0.30434782608695654,0.6785714285714286,0.0,0.10526315789473684,0.5789473684210527,0.3692640745962444,0.32848042763857266,0.1644927536231884,0.30831508331845986,0.0,0.0892857142857143,0.09139440049686191,0.75,3.130434782608696,2.896774818280857,2.71751591662306,1.1999533301557386,4.538461538461538,0.43478260869565216,0.7048632192433101,4.0,10.0,1.7549668874172186,0.7656534239216289,0.21428571428571427,0.0
838,2,28.0,67.0,2.392857142857143,0.08862433862433862,0.11538461538461539,0.038461538461538464,0.43478260869565216,0.30434782608695654,0.13043478260869565,0.43478260869565216,0.6785714285714286,0.0,0.15789473684210525,0.5263157894736842,0.46613354037267085,0.3585767708340767,0.23326745718050065,0.347402943347509,0.0,0.22460317460317458,0.04125,0.42857142857142855,2.9130434782608696,3.028846817433701,2.6178571428571433,1.0917755442023251,5.0,0.391304347826087,0.6932955368688619,4.0,8.0,1.5321100917431192,0.7273596000380995,0.0,0.0
839,2,28.0,57.0,2.0357142857142856,0.07539682539682539,0.11538461538461539,0.07692307692307693,0.5217391304347826,0.2608695652173913,0.08695652173913043,0.34782608695652173,0.7142857142857143,0.0,0.1,0.6,0.4424449694521713,0.32734123376736834,0.20289855072463767,0.32159844518793784,0.0,0.20370370370370372,0.014972246567338589,0.35714285714285715,2.4782608695652173,1.9509802947933474,2.751984126984127,1.2129579815991525,4.666666666666666,0.5652173913043478,0.711352939857194,4.0,10.0,1.8208955223880596,0.812040465940993,0.25,0.0
84,2,29.0,49.0,1.6896551724137931,0.0603448275862069,0.1111111111111111,0.3333333333333333,0.4583333333333333,0.2916666666666667,0.16666666666666666,0.375,0.6896551724137931,0.0,0.2,0.6,0.6171875,0.340769218350368,0.24583333333333335,0.38646327734249153,0.0,0.27777777777777785,0.13090277777777776,0.7333333333333333,2.0416666666666665,1.4288690166235205,2.65944170771757,1.103265187084008,5.0,0.3333333333333333,0.597780721048847,5.0,7.0,1.9035087719298245,0.9309743515721601,0.06896551724137931,0.0
840,2,30.0,91.0,3.033333333333333,0.10459770114942529,0.10714285714285714,0.03571428571428571,0.44,0.28,0.12,0.4,0.7,0.0,0.14285714285714285,0.6190476190476191,0.6478388207801106,0.3072537847564486,0.22927272727272727,0.3480280053397502,0.0,0.26034580498866217,0.08819858175959232,0.875,3.64,3.094080369565946,2.72618332133038,1.111564387126614,4.555555555555555,0.48,0.7327912981620023,4.0,11.0,1.655367231638418,0.7150071563927597,0.26666666666666666,0.0
841,2,30.0,86.0,2.8666666666666667,0.09885057471264368,0.10714285714285714,0.14285714285714285,0.48,0.24,0.12,0.44,0.7,0.0,0.14285714285714285,0.5714285714285714,0.5798599033816425,0.28946439654012296,0.23942857142857144,0.3423863334897353,0.0,0.28101851851851856,0.10419874698067634,0.75,3.44,2.7549954627911823,2.7398193695413564,1.114903959108429,4.333333333333334,0.64,0.6748250334767308,4.0,11.0,1.688235294117647,0.7633485504000397,0.2,0.0
842,2,30.0,74.0,2.466666666666667,0.08505747126436781,0.10714285714285714,0.03571428571428571,0.52,0.24,0.12,0.32,0.7,0.0,0.14285714285714285,0.5714285714285714,0.6899947089947089,0.232839623231927,0.2193333333333333,0.36278500928644075,0.0,0.2905919312169314,0.10877645502645501,0.8125,2.96,2.5409971795865234,2.849007936507937,1.2042202146171477,5.333333333333334,0.52,0.7638871978995142,5.0,10.0,1.7962962962962963,0.8571141011969582,0.13333333333333333,0.0
843,2,30.0,82.0,2.7333333333333334,0.09425287356321839,0.10714285714285714,0.07142857142857142,0.44,0.32,0.08,0.4,0.7,0.0,0.09523809523809523,0.6190476190476191,0.528339947089947,0.2625149528392942,0.21793650793650798,0.3316202199347762,0.0,0.2706349206349207,0.06372974537037035,0.6875,3.28,2.638181191654584,2.8320787048610443,1.25856071346454,5.0,0.48,0.8493535620344919,4.0,9.0,1.775,0.8755950357709129,0.13333333333333333,0.0
844,2,29.0,69.0,2.3793103448275863,0.08497536945812807,0.1111111111111111,0.07407407407407407,0.4583333333333333,0.2916666666666667,0.041666666666666664,0.375,0.6896551724137931,0.0,0.05,0.6,0.5483301869830995,0.2529726548266176,0.20277777777777775,0.298776355806563,0.0,0.265625,0.13411036947141317,0.75,2.875,2.908944228021419,2.652650893168134,1.0775220584133576,4.4,0.5833333333333334,0.597480561086209,4.0,9.0,1.7012987012987013,0.6966762371973272,0.13793103448275862,0.0
845,2,30.0,55.0,1.8333333333333333,0.06321839080459771,0.10714285714285714,0.17857142857142858,0.48,0.32,0.16,0.28,0.7,0.0,0.19047619047619047,0.5238095238095238,0.353009009009009,0.3831562069825041,0.19666666666666666,0.3718073973722695,0.0,0.21296296296296297,0.012499999999999999,0.125,2.2,1.5545631755148022,2.7325793650793653,1.2271465688960788,5.0,0.48,0.7379928729307457,5.0,9.0,1.8888888888888888,0.9227976785599081,0.16666666666666666,0.0
846,2,29.0,60.0,2.0689655172413794,0.07389162561576355,0.1111111111111111,0.25925925925925924,0.5,0.2916666666666667,0.125,0.3333333333333333,0.6896551724137931,0.0,0.15,0.55,0.5671766493055556,0.3565546036201025,0.2020833333333333,0.35126797579804514,0.0,0.22916666666666666,0.09325358072916667,0.75,2.5,1.8650096164806276,2.6732994974374282,1.140288358804922,4.5,0.5,0.7070010435012953,4.0,7.0,1.7301587301587302,0.7632844650608152,0.0,0.0
847,2,29.0,72.0,2.4827586206896552,0.08866995073891626,0.1111111111111111,0.14814814814814814,0.5,0.25,0.08333333333333333,0.2916666666666667,0.6896551724137931,0.0,0.1,0.55,0.48873456790123454,0.3495552717634092,0.17361111111111108,0.319378800228548,0.0,0.10416666666666671,0.08640046296296296,0.75,3.0,2.9042697203764756,2.677024125299987,1.1202279262151518,4.583333333333334,0.5416666666666666,0.6348117783693812,4.0,10.0,1.7115384615384615,0.7094715469492214,0.1724137931034483,0.0
848,2,30.0,83.0,2.7666666666666666,0.09540229885057472,0.10714285714285714,0.10714285714285714,0.48,0.36,0.16,0.4,0.7,0.0,0.19047619047619047,0.47619047619047616,0.5877895337556355,0.31340686040867993,0.2766666666666666,0.3899192698970353,0.0,0.2860082304526749,0.1240626605033385,0.75,3.32,2.939954648176283,2.705849455555338,1.1776243794143408,4.583333333333334,0.52,0.6927114725515121,4.0,11.0,1.7215909090909092,0.7458761082319026,0.26666666666666666,0.0
849,2,29.0,60.0,2.0689655172413794,0.07389162561576355,0.1111111111111111,0.14814814814814814,0.5833333333333334,0.20833333333333334,0.041666666666666664,0.3333333333333333,0.6896551724137931,0.0,0.05,0.6,0.29253472222222227,0.25418326827991017,0.1625,0.267943050405995,0.0,0.0625,0.068359375,0.5625,2.5,1.6939791077198396,2.7184393193013885,1.0434020972566778,4.0,0.4166666666666667,0.5791654582190799,3.0,7.0,1.6050420168067228,0.6406893453169621,0.06896551724137931,0.0
85,2,29.0,80.0,2.7586206896551726,0.09852216748768473,0.1111111111111111,0.07407407407407407,0.5,0.25,0.125,0.375,0.6896551724137931,0.0,0.15,0.55,0.5984753898635478,0.3101366361715662,0.20486111111111113,0.3476449118023927,0.0,0.24739583333333331,0.12618078399122803,0.875,3.3333333333333335,2.49637418228338,2.8389858226065123,1.2705351273080372,5.0,0.5833333333333334,0.7853421710170463,4.0,12.0,1.7770700636942676,0.8518360721274721,0.13793103448275862,0.0
850,2,29.0,79.0,2.7241379310344827,0.09729064039408868,0.1111111111111111,0.037037037037037035,0.4583333333333333,0.25,0.08333333333333333,0.3333333333333333,0.6896551724137931,0.0,0.1,0.55,0.34772573381204336,0.28944884988165803,0.17285353535353534,0.31280095235475314,0.0,0.20304232804232805,0.06743827160493826,0.8,3.2916666666666665,3.141298079327781,2.7484642132715154,1.1911217779868202,5.333333333333334,0.625,0.7209710411759984,5.0,8.0,1.6821192052980132,0.8113434203192654,0.13793103448275862,0.0
851,2,29.0,71.0,2.4482758620689653,0.0874384236453202,0.1111111111111111,0.14814814814814814,0.5,0.3333333333333333,0.08333333333333333,0.2916666666666667,0.6896551724137931,0.0,0.1,0.6,0.35655239898989893,0.33333423951784735,0.14791666666666667,0.29689669066450747,0.0,0.12204071969696972,0.13229166666666667,0.625,2.9583333333333335,2.5277445981790145,2.5995994427028912,1.0382034749930298,4.5,0.4583333333333333,0.6569324107887837,3.0,8.0,1.5573770491803278,0.6434563221207569,0.06896551724137931,0.0
852,2,30.0,78.0,2.6,0.0896551724137931,0.10714285714285714,0.10714285714285714,0.44,0.36,0.08,0.36,0.7,0.0,0.09523809523809523,0.5714285714285714,0.46406081871345023,0.29481070674117876,0.2193333333333333,0.3328357397119931,0.0,0.22916666666666666,0.09773757309941522,0.75,3.12,2.4549270186029295,2.578074251644231,1.063894762871714,4.181818181818182,0.48,0.6761119835389346,3.0,9.0,1.6451612903225807,0.6907734746622988,0.13333333333333333,0.0
853,2,29.0,64.0,2.206896551724138,0.07881773399014778,0.1111111111111111,0.14814814814814814,0.4583333333333333,0.25,0.125,0.4166666666666667,0.6896551724137931,0.0,0.15,0.55,0.554398148148148,0.40869829615545517,0.22916666666666666,0.34860834438919813,0.0,0.27777777777777785,0.031818181818181815,0.3333333333333333,2.6666666666666665,2.5480882290824245,2.733908045977012,1.3078554083002645,6.0,0.375,0.7767182054226104,5.0,7.0,1.5392156862745099,0.7919341985297829,0.10344827586206896,0.0
854,2,30.0,73.0,2.433333333333333,0.0839080459770115,0.10714285714285714,0.03571428571428571,0.52,0.28,0.12,0.36,0.7,0.0,0.14285714285714285,0.5714285714285714,0.6391616161616162,0.2808037771157561,0.2139393939393939,0.35108466979165875,0.0,0.2577160493827161,0.1352746212121212,0.8125,2.92,3.134751452135666,2.7256845238095235,1.1832024534984678,5.0,0.4,0.6457928328243819,4.0,8.0,1.7037037037037037,0.8382112624562904,0.06666666666666667,0.0
855,2,30.0,84.0,2.8,0.09655172413793103,0.10714285714285714,0.03571428571428571,0.4,0.32,0.2,0.52,0.7,0.0,0.23809523809523808,0.5714285714285714,0.6507511525511525,0.25285397631064194,0.3315555555555555,0.3997997183776082,0.0,0.31395903479236814,0.14320868945868945,0.875,3.36,2.3430749027719964,2.6193827160493828,1.0486026147139695,4.4,0.48,0.6576948482985021,4.0,9.0,1.6705882352941177,0.7031330611171122,0.16666666666666666,0.0
856,2,30.0,77.0,2.566666666666667,0.08850574712643679,0.10714285714285714,0.03571428571428571,0.48,0.32,0.12,0.36,0.7,0.0,0.14285714285714285,0.5238095238095238,0.3423905723905723,0.35515570831959226,0.19298701298701298,0.338339470488082,0.0,0.26921759972607434,0.016927083333333336,0.1875,3.08,3.187475490101846,2.7686507936507936,1.2150800845648262,5.0,0.36,0.8036382794327357,4.0,9.0,1.6390977443609023,0.8009307640854545,0.2,0.0
857,2,29.0,70.0,2.413793103448276,0.08620689655172414,0.1111111111111111,0.07407407407407407,0.4166666666666667,0.25,0.08333333333333333,0.4583333333333333,0.6896551724137931,0.0,0.1,0.6,0.509800978139794,0.29592904186137775,0.2270833333333333,0.30915235913610667,0.0,0.2109375,0.15973201232247283,0.875,2.9166666666666665,2.5180507759266746,2.660334780162367,1.0742926414070728,4.5,0.625,0.6047864554090132,4.0,9.0,1.7435897435897436,0.7350382467274692,0.13793103448275862,0.0
858,2,30.0,83.0,2.7666666666666666,0.09540229885057472,0.10714285714285714,0.14285714285714285,0.48,0.2,0.08,0.4,0.7,0.0,0.09523809523809523,0.6190476190476191,0.5136324675324676,0.23319871235759623,0.2053333333333333,0.30632680442806687,0.0,0.22685185185185183,0.04467261904761905,0.625,3.32,2.3402279091290805,2.812118079289131,1.1156127134481175,4.363636363636363,0.64,0.6876390125668578,4.0,11.0,1.680232558139535,0.6984225781339108,0.23333333333333334,0.0
859,2,30.0,80.0,2.6666666666666665,0.09195402298850575,0.10714285714285714,0.03571428571428571,0.4,0.32,0.16,0.36,0.7,0.0,0.19047619047619047,0.5714285714285714,0.45116796467587833,0.3499494606446837,0.2392727272727273,0.38064240963917395,0.0,0.173968253968254,0.07180089261923794,0.6875,3.2,2.9580398915498085,2.6704112554112553,1.2466456326994013,5.666666666666666,0.64,0.6773429372069374,5.0,10.0,1.8888888888888888,1.080602546431405,0.16666666666666666,0.0
86,2,29.0,46.0,1.5862068965517242,0.05665024630541872,0.1111111111111111,0.18518518518518517,0.4583333333333333,0.3333333333333333,0.125,0.3333333333333333,0.6896551724137931,0.0,0.15,0.65,0.5352777777777777,0.3637192693882407,0.20555555555555557,0.34872669235109044,0.0,0.23958333333333334,0.08124999999999999,0.5625,1.9166666666666667,1.4421200175184923,2.6809081722874826,1.2208345764198065,5.333333333333334,0.375,0.5568238211998143,5.0,9.0,2.0504201680672267,1.0483945716641645,0.0,0.0
860,2,29.0,69.0,2.3793103448275863,0.08497536945812807,0.1111111111111111,0.07407407407407407,0.4583333333333333,0.20833333333333334,0.125,0.4166666666666667,0.6896551724137931,0.0,0.15,0.55,0.45867035617993474,0.3023903901503928,0.21597222222222223,0.34516953639723597,0.0,0.246141975308642,0.12176724137931035,0.6875,2.875,1.848912723973083,2.6832297013331496,1.0390397698665867,4.428571428571429,0.5416666666666666,0.6961989200902601,3.0,7.0,1.633587786259542,0.7147469360682198,0.13793103448275862,0.0
861,2,29.0,63.0,2.1724137931034484,0.07758620689655173,0.1111111111111111,0.18518518518518517,0.5,0.25,0.041666666666666664,0.375,0.6896551724137931,0.0,0.05,0.55,0.3686342592592593,0.2830820729206669,0.17500000000000002,0.27026556987687045,0.0,0.28645833333333326,0.03732638888888889,0.4375,2.625,1.8371173070873836,2.68419540229885,1.1171470733391238,4.5,0.4583333333333333,0.5689347749751509,4.0,7.0,1.6126126126126126,0.740652920447053,0.13793103448275862,0.0
862,2,29.0,75.0,2.586206896551724,0.09236453201970443,0.1111111111111111,0.037037037037037035,0.375,0.2916666666666667,0.125,0.5,0.6896551724137931,0.0,0.15,0.65,0.720216049382716,0.305145343471815,0.2881944444444445,0.3602360728471738,0.0,0.30092592592592593,0.13020833333333331,0.8125,3.125,2.786808990193997,2.6215235519495157,1.051674345196093,4.333333333333334,0.5833333333333334,0.6667676870304682,4.0,9.0,1.6474820143884892,0.7504907510607955,0.13793103448275862,0.0
863,2,29.0,96.0,3.310344827586207,0.11822660098522167,0.1111111111111111,0.07407407407407407,0.5416666666666666,0.2916666666666667,0.08333333333333333,0.2916666666666667,0.6896551724137931,0.0,0.1,0.65,0.5318940986464314,0.30879512170029366,0.18333333333333335,0.3198731632689903,0.0,0.2,0.12737243001435603,0.875,4.0,3.810739971506162,2.7225236130408543,1.1377128284054283,4.5,0.5,0.784435958311701,4.0,12.0,1.558139534883721,0.6771915026736156,0.27586206896551724,0.0
864,2,30.0,91.0,3.033333333333333,0.10459770114942529,0.10714285714285714,0.03571428571428571,0.48,0.32,0.16,0.36,0.7,0.0,0.19047619047619047,0.5714285714285714,0.47896927683540264,0.36027528551314736,0.23399999999999999,0.3790973685147587,0.0,0.3135698723934019,0.0250367089806745,0.5625,3.64,2.7519689920733734,2.6677248677248673,1.0796980752501182,4.5,0.52,0.6542405518244359,4.0,10.0,1.6720430107526882,0.7089948105475237,0.3333333333333333,0.0
865,2,30.0,71.0,2.3666666666666667,0.08160919540229886,0.10714285714285714,0.10714285714285714,0.48,0.32,0.16,0.36,0.7,0.0,0.19047619047619047,0.6190476190476191,0.6619127399650959,0.3385312162342311,0.242,0.3804578138876217,0.0,0.3055555555555556,0.1319808027923211,0.875,2.84,2.248703330069724,2.7516402116402117,1.2171831509840563,5.444444444444445,0.48,0.7265286837221656,5.0,11.0,1.904191616766467,0.9393251418427877,0.16666666666666666,0.0
866,2,28.0,60.0,2.142857142857143,0.07936507936507936,0.11538461538461539,0.23076923076923078,0.4782608695652174,0.21739130434782608,0.043478260869565216,0.30434782608695654,0.6785714285714286,0.0,0.05263157894736842,0.5263157894736842,0.46415280014313826,0.2857481498444004,0.16594202898550722,0.28913307642077996,0.0,0.11309523809523811,0.12168531378600822,0.9375,2.608695652173913,2.0391426548425735,2.8744803476946332,1.2405737711553475,5.0,0.4782608695652174,0.7041731263818872,4.0,7.0,1.8642857142857143,0.8831819050978637,0.07142857142857142,0.0
867,2,30.0,83.0,2.7666666666666666,0.09540229885057472,0.10714285714285714,0.03571428571428571,0.48,0.24,0.08,0.36,0.7,0.0,0.09523809523809523,0.5714285714285714,0.39095771144278607,0.2606658717027703,0.1839393939393939,0.30427081943230155,0.0,0.21587301587301588,0.08922914723258707,0.75,3.32,2.925747767665559,2.759512516469038,1.1785300875327025,4.666666666666666,0.6,0.741192939248578,4.0,12.0,1.7541899441340782,0.8044272075569436,0.16666666666666666,0.0
868,2,28.0,79.0,2.8214285714285716,0.10449735449735449,0.11538461538461539,0.07692307692307693,0.43478260869565216,0.34782608695652173,0.13043478260869565,0.34782608695652173,0.6785714285714286,0.0,0.15789473684210525,0.631578947368421,0.47282608695652173,0.333907151849454,0.19806763285024157,0.34497600192910904,0.0,0.13124999999999998,0.058007812500000006,0.75,3.4347826086956523,2.5906490404130174,2.6649291211086323,1.1769612620287535,4.666666666666666,0.5217391304347826,0.6948127755487744,4.0,11.0,1.8023952095808384,0.8589677256520488,0.21428571428571427,0.0
869,2,30.0,60.0,2.0,0.06896551724137931,0.10714285714285714,0.17857142857142858,0.48,0.32,0.12,0.4,0.7,0.0,0.14285714285714285,0.5238095238095238,0.46580808080808084,0.3002029293595271,0.24666666666666665,0.353946009693255,0.0,0.20138888888888892,0.10277777777777777,0.75,2.4,1.9364916731037078,2.5754385964912276,1.0597602684866263,4.333333333333334,0.56,0.548582751925586,4.0,7.0,1.6638655462184875,0.7510141270689347,0.06666666666666667,0.0
87,2,30.0,88.0,2.933333333333333,0.10114942528735632,0.10714285714285714,0.10714285714285714,0.48,0.24,0.16,0.44,0.7,0.0,0.19047619047619047,0.5714285714285714,0.7132643541347842,0.2885848158260991,0.26999999999999996,0.3775223809897212,0.0,0.22592592592592597,0.12417500035424812,0.8125,3.52,3.229034943549956,2.718454210845515,1.083424901852516,4.304347826086957,0.52,0.7001663262421262,3.0,10.0,1.6287425149700598,0.6720855686706295,0.16666666666666666,0.0
870,2,27.0,63.0,2.3333333333333335,0.08974358974358974,0.12,0.04,0.45454545454545453,0.2727272727272727,0.09090909090909091,0.4090909090909091,0.7407407407407407,0.0,0.1,0.55,0.3617528305028305,0.37678688060958326,0.2212121212121212,0.3266869858509621,0.0,0.2884615384615385,0.013605442176870748,0.14285714285714285,2.8636363636363638,2.7306977051131014,2.5902489485822824,1.0970443190691122,4.4,0.4090909090909091,0.6097204057557714,3.0,7.0,1.5818181818181818,0.6824378612949122,0.18518518518518517,0.0
871,2,29.0,67.0,2.310344827586207,0.08251231527093596,0.1111111111111111,0.1111111111111111,0.4583333333333333,0.3333333333333333,0.125,0.375,0.6896551724137931,0.0,0.15,0.6,0.4506734006734006,0.31964976768914666,0.2020833333333333,0.3399102076657339,0.0,0.25,0.04259785353535352,0.6875,2.7916666666666665,2.302723655127566,2.6848954966602028,1.154826354686251,4.8,0.5416666666666666,0.6585224783224982,4.0,8.0,1.7481481481481482,0.8169703635403561,0.10344827586206896,0.0
872,2,29.0,74.0,2.5517241379310347,0.09113300492610837,0.1111111111111111,0.14814814814814814,0.5,0.2916666666666667,0.08333333333333333,0.375,0.6896551724137931,0.0,0.1,0.6,0.43586415816326524,0.3187653667180852,0.20416666666666664,0.3189751856839739,0.0,0.26851851851851855,0.04759807256235827,0.6666666666666666,3.0833333333333335,2.2050666295102532,2.6507594417077174,1.0590601374306008,4.375,0.5,0.6537087486087163,3.0,10.0,1.6776315789473684,0.686694488343011,0.27586206896551724,0.0
873,2,30.0,62.0,2.066666666666667,0.07126436781609195,0.10714285714285714,0.14285714285714285,0.48,0.32,0.08,0.36,0.7,0.0,0.09523809523809523,0.5714285714285714,0.4252814814814815,0.24215919885307524,0.2026666666666667,0.31694724412046166,0.0,0.23777777777777778,0.03302083333333334,0.4375,2.48,1.758787461103056,2.707001424501424,1.1650855763834072,5.125,0.6,0.5865248812417724,4.0,9.0,1.8985507246376812,0.9224677714581866,0.0,0.0
874,2,29.0,71.0,2.4482758620689653,0.0874384236453202,0.1111111111111111,0.037037037037037035,0.4166666666666667,0.2916666666666667,0.125,0.4166666666666667,0.6896551724137931,0.0,0.15,0.6,0.5402943121693121,0.27761940864456186,0.23650793650793653,0.3541438379591572,0.0,0.33333333333333337,0.13742559523809522,0.8125,2.9583333333333335,2.7422486277199383,2.801658947348603,1.320405032829888,6.0,0.2916666666666667,0.7439670358588041,6.0,9.0,1.832214765100671,0.9959559075483807,0.06896551724137931,0.0
875,2,30.0,73.0,2.433333333333333,0.0839080459770115,0.10714285714285714,0.17857142857142858,0.48,0.28,0.12,0.4,0.7,0.0,0.14285714285714285,0.5238095238095238,0.3956425201221204,0.3635180751786356,0.24666666666666665,0.3563900796723849,0.0,0.2777777777777778,0.09934700683458227,0.625,2.92,2.3965252624024918,2.706776094276094,1.1793423258810378,5.0,0.52,0.7462302354731059,4.0,10.0,1.606896551724138,0.6800383130969118,0.16666666666666666,0.0
876,2,29.0,75.0,2.586206896551724,0.09236453201970443,0.1111111111111111,0.1111111111111111,0.375,0.375,0.20833333333333334,0.3333333333333333,0.6896551724137931,0.0,0.25,0.5,0.4035818713450292,0.3929535512251989,0.25,0.4111959698293075,0.0,0.2231481481481482,0.13508771929824562,0.5333333333333333,3.125,3.4047600949770054,2.4739463601532568,0.9693825916597397,4.0,0.4166666666666667,0.6294765167419465,3.0,8.0,1.4137931034482758,0.5286400191671715,0.13793103448275862,0.0
877,2,27.0,74.0,2.740740740740741,0.10541310541310542,0.12,0.04,0.5,0.2727272727272727,0.09090909090909091,0.2727272727272727,0.6666666666666666,0.0,0.1111111111111111,0.6111111111111112,0.43382465431009115,0.2916654278465878,0.15454545454545454,0.31040943341660276,0.0,0.08571428571428573,0.045411003236245945,0.6666666666666666,3.3636363636363638,2.8038316392878984,2.825090925968119,1.2442403894218796,4.714285714285714,0.5,0.6522077272180653,4.0,12.0,1.7592592592592593,0.7460501003571585,0.2962962962962963,0.0
878,2,29.0,61.0,2.103448275862069,0.07512315270935961,0.1111111111111111,0.1111111111111111,0.4583333333333333,0.2916666666666667,0.125,0.4583333333333333,0.6896551724137931,0.0,0.15,0.65,0.5786044973544974,0.29922346279420114,0.2604166666666667,0.3520407207726481,0.0,0.35515873015873023,0.07552083333333334,0.75,2.5416666666666665,1.864523873636999,2.867159277504105,1.4873951250088877,6.571428571428571,0.5416666666666666,0.7628152899124198,7.0,10.0,2.1818181818181817,1.4132318103891894,0.0,0.0
879,2,29.0,74.0,2.5517241379310347,0.09113300492610837,0.1111111111111111,0.14814814814814814,0.5416666666666666,0.3333333333333333,0.125,0.2916666666666667,0.6896551724137931,0.0,0.15,0.65,0.5947100313479624,0.3703635711096758,0.20486111111111108,0.3611401419025553,0.0,0.25,0.034061520376175554,0.5,3.0833333333333335,3.1748559250661335,2.719906530251358,1.1963695982430658,4.5,0.5,0.7085682079733433,3.0,9.0,1.5813953488372092,0.6811946585159765,0.1724137931034483,0.0
88,2,30.0,57.0,1.9,0.06551724137931035,0.10714285714285714,0.21428571428571427,0.48,0.32,0.12,0.4,0.7,0.0,0.14285714285714285,0.6190476190476191,0.6307619047619046,0.26875898234502016,0.24,0.35862391318916687,0.0,0.2970899470899471,0.08697916666666666,0.75,2.28,1.5684387141358123,2.8125685425685423,1.2698186125374438,5.333333333333334,0.56,0.7623195323613501,5.0,8.0,2.0,0.9521904571390466,0.26666666666666666,0.0
880,2,30.0,43.0,1.4333333333333333,0.04942528735632184,0.10714285714285714,0.25,0.52,0.4,0.2,0.28,0.7,0.0,0.23809523809523808,0.47619047619047616,0.39666666666666667,0.42306203029990935,0.22,0.40388736053508784,0.0,0.19444444444444445,0.017578125,0.1875,1.72,1.5947831618540915,2.5138888888888884,1.050470459585763,4.666666666666666,0.2,0.5336008926500118,4.0,7.0,1.6704545454545454,0.7837661935717808,0.0,0.0
881,2,30.0,56.0,1.8666666666666667,0.06436781609195402,0.10714285714285714,0.25,0.44,0.36,0.2,0.4,0.7,0.0,0.23809523809523808,0.5238095238095238,0.5958888888888888,0.30961644930302445,0.26999999999999996,0.39913100049426825,0.0,0.28240740740740744,0.1855034722222222,0.875,2.24,1.5351438586225936,2.783016705516706,1.3712206563020202,5.0,0.44,0.7103200418320271,5.0,7.0,2.0223880597014925,1.029390782022064,0.2,0.0
882,2,30.0,78.0,2.6,0.0896551724137931,0.10714285714285714,0.14285714285714285,0.44,0.28,0.16,0.36,0.7,0.0,0.19047619047619047,0.6190476190476191,0.6340305614783227,0.33095747391259367,0.23104761904761906,0.3745521891587715,0.0,0.37003968253968256,0.033146766169154226,0.5625,3.12,3.086529874578677,2.6421456552706553,1.0650099035972524,4.533333333333333,0.52,0.6840825047197261,4.0,10.0,1.6418918918918919,0.7096049982484999,0.13333333333333333,0.0
883,2,29.0,64.0,2.206896551724138,0.07881773399014778,0.1111111111111111,0.2222222222222222,0.4583333333333333,0.3333333333333333,0.125,0.3333333333333333,0.6896551724137931,0.0,0.15,0.45,0.4093251554474182,0.3508488935275517,0.2041666666666667,0.35140332883583814,0.0,0.078125,0.09187026899161936,0.75,2.6666666666666665,2.7293360662107626,2.546372592924317,1.066892617324639,4.833333333333334,0.5416666666666666,0.6054524023121238,4.0,8.0,1.6717557251908397,0.7064836879994312,0.10344827586206896,0.0
884,2,29.0,78.0,2.689655172413793,0.0960591133004926,0.1111111111111111,0.1111111111111111,0.4166666666666667,0.2916666666666667,0.08333333333333333,0.5,0.6896551724137931,0.0,0.1,0.55,0.6708144625603865,0.22095071862388427,0.2638888888888889,0.3247692107599625,0.0,0.3385416666666667,0.2159071180555555,0.9375,3.25,2.5409686615797598,2.6100182778681766,1.0371500401915674,4.166666666666666,0.625,0.5135073973421932,3.0,9.0,1.6064516129032258,0.649643000799394,0.10344827586206896,0.0
885,2,29.0,86.0,2.9655172413793105,0.10591133004926108,0.1111111111111111,0.037037037037037035,0.4583333333333333,0.20833333333333334,0.08333333333333333,0.5,0.6896551724137931,0.0,0.1,0.6,0.6710932141632373,0.1963574842405114,0.2270833333333334,0.3093085829990953,0.0,0.296875,0.14146090534979422,0.875,3.5833333333333335,2.586195235689187,2.8563367666815944,1.210880365426466,5.0,0.5833333333333334,0.7916173715459502,4.0,9.0,1.8045977011494252,0.857999831032902,0.2413793103448276,0.0
886,2,28.0,66.0,2.357142857142857,0.0873015873015873,0.11538461538461539,0.038461538461538464,0.43478260869565216,0.30434782608695654,0.13043478260869565,0.30434782608695654,0.6785714285714286,0.0,0.15789473684210525,0.631578947368421,0.5169082125603864,0.35280023892891343,0.19806763285024154,0.3576273630413109,0.0,0.14523809523809522,0.1677083333333333,0.6875,2.869565217391304,2.6337727489820812,2.7194752901160464,1.1848451044970427,4.666666666666666,0.4782608695652174,0.7511990303028833,4.0,9.0,1.7916666666666667,0.8267807651163842,0.17857142857142858,0.0
887,2,30.0,71.0,2.3666666666666667,0.08160919540229886,0.10714285714285714,0.10714285714285714,0.44,0.32,0.16,0.32,0.7,0.0,0.19047619047619047,0.5714285714285714,0.5219757869249394,0.39155841795667307,0.221,0.3793964505193303,0.0,0.24603174603174605,0.054046231840193706,0.5,2.84,2.7940412786261177,2.510277777777778,0.9584359287520304,4.142857142857142,0.48,0.577206310776468,3.0,9.0,1.5538461538461539,0.6356530971125786,0.13333333333333333,0.0
888,2,30.0,68.0,2.2666666666666666,0.07816091954022988,0.10714285714285714,0.10714285714285714,0.4,0.32,0.12,0.4,0.7,0.0,0.14285714285714285,0.6190476190476191,0.445346920289855,0.30043008509691177,0.21400000000000002,0.3389007283906362,0.0,0.29629629629629634,0.03684895833333333,0.5,2.72,2.1118712081942874,2.696759259259259,1.164906554822013,5.0,0.48,0.6901350964771799,4.0,9.0,1.7960526315789473,0.8326039563952056,0.13333333333333333,0.0
889,2,29.0,80.0,2.7586206896551726,0.09852216748768473,0.1111111111111111,0.037037037037037035,0.4166666666666667,0.2916666666666667,0.08333333333333333,0.375,0.6896551724137931,0.0,0.1,0.65,0.4025787359714605,0.2812303328284431,0.18680555555555556,0.3046729127046082,0.0,0.11328125000000004,0.02107607546846435,0.5625,3.3333333333333335,3.002414487312368,2.67640183571218,1.1248026302960037,4.333333333333334,0.5833333333333334,0.6758620156350793,4.0,10.0,1.680473372781065,0.7185698516687486,0.2413793103448276,0.0
89,2,27.0,50.0,1.8518518518518519,0.07122507122507123,0.12,0.08,0.5909090909090909,0.3181818181818182,0.13636363636363635,0.3181818181818182,0.6666666666666666,0.0,0.16666666666666666,0.6111111111111112,0.611060606060606,0.33770527578771,0.20833333333333331,0.3598114585644622,0.0,0.17142857142857143,0.12996296296296295,0.7333333333333333,2.272727272727273,1.7776875878998424,2.9085978835978836,1.5008518546511715,6.333333333333333,0.5454545454545454,0.7571860318749835,6.0,10.0,2.210526315789474,1.1873871976978605,0.14814814814814814,0.0
890,2,27.0,82.0,3.037037037037037,0.1168091168091168,0.12,0.04,0.5,0.3181818181818182,0.09090909090909091,0.36363636363636365,0.6666666666666666,0.0,0.1111111111111111,0.6111111111111112,0.4716339617511103,0.2860449318450649,0.21893939393939393,0.3354021299046694,0.0,0.1666666666666667,0.14288262444808433,0.8125,3.727272727272727,3.2098333762097844,2.575848950813429,1.0677012492770221,4.111111111111111,0.5454545454545454,0.6585212811722183,3.0,10.0,1.5827814569536425,0.6568370258954624,0.25925925925925924,0.0
891,2,29.0,68.0,2.3448275862068964,0.08374384236453201,0.1111111111111111,0.037037037037037035,0.4166666666666667,0.375,0.20833333333333334,0.5,0.6896551724137931,0.0,0.25,0.6,0.7426944444444444,0.2872605133373062,0.3180555555555556,0.4026457388105413,0.0,0.315625,0.10236979166666664,0.625,2.8333333333333335,2.1802805297497376,2.552597785356406,1.0402877040720675,4.375,0.5,0.7134441271856364,4.0,9.0,1.7445255474452555,0.8227393007892094,0.10344827586206896,0.0
892,2,30.0,76.0,2.533333333333333,0.08735632183908046,0.10714285714285714,0.10714285714285714,0.44,0.24,0.16,0.48,0.7,0.0,0.19047619047619047,0.5714285714285714,0.6939203629032257,0.17824183073082342,0.2786060606060606,0.3711544791362757,0.0,0.25833333333333336,0.08952960489471326,0.75,3.04,2.4234960972391377,2.770939893439893,1.1174966951755294,4.333333333333334,0.6,0.7760594314068802,4.0,8.0,1.7530864197530864,0.7806807699277141,0.1,0.0
893,2,30.0,80.0,2.6666666666666665,0.09195402298850575,0.10714285714285714,0.14285714285714285,0.44,0.28,0.12,0.48,0.7,0.0,0.14285714285714285,0.6190476190476191,0.575020987654321,0.2940585517718227,0.25066666666666665,0.3370446173343732,0.0,0.279320987654321,0.0927659893689986,0.75,3.2,2.581988897471611,2.6179100529100525,1.034214693938973,4.444444444444445,0.52,0.6833639158403662,4.0,9.0,1.6333333333333333,0.7180946701217539,0.13333333333333333,0.0
894,2,29.0,66.0,2.2758620689655173,0.0812807881773399,0.1111111111111111,0.14814814814814814,0.4166666666666667,0.3333333333333333,0.08333333333333333,0.4166666666666667,0.6896551724137931,0.0,0.1,0.55,0.42611135563380276,0.328590610467223,0.24652777777777776,0.34004046244977904,0.0,0.26909722222222227,0.05460191705790297,0.4375,2.75,2.6743548592218422,2.5465554804297197,1.0077439190474113,4.235294117647059,0.4583333333333333,0.5850730445604997,3.0,8.0,1.56198347107438,0.6441087121424856,0.06896551724137931,0.0
895,2,28.0,59.0,2.107142857142857,0.07804232804232804,0.11538461538461539,0.15384615384615385,0.4782608695652174,0.30434782608695654,0.13043478260869565,0.2608695652173913,0.6785714285714286,0.0,0.15789473684210525,0.5789473684210527,0.3082229791794244,0.34883222537756226,0.17028985507246377,0.344947533770019,0.0,0.07142857142857142,0.056860695422535204,0.5625,2.5652173913043477,2.6255057860174422,2.628741045489814,1.120832628192516,4.333333333333334,0.4782608695652174,0.6690199452665625,3.0,10.0,1.6694214876033058,0.7116697472852853,0.14285714285714285,0.0
896,2,30.0,77.0,2.566666666666667,0.08850574712643679,0.10714285714285714,0.10714285714285714,0.4,0.2,0.12,0.44,0.7,0.0,0.14285714285714285,0.6190476190476191,0.6008105457482406,0.3052877197547599,0.23971428571428569,0.3510369048137165,0.0,0.3167009602194788,0.03744807892004153,0.5625,3.08,2.039607805437114,2.752929894179894,1.0642493307107899,4.444444444444445,0.56,0.6780587172957445,4.0,11.0,1.7294117647058824,0.7197671433798398,0.1,0.0
897,2,28.0,88.0,3.142857142857143,0.1164021164021164,0.11538461538461539,0.038461538461538464,0.43478260869565216,0.391304347826087,0.17391304347826086,0.4782608695652174,0.6785714285714286,0.0,0.21052631578947367,0.631578947368421,0.6404160959744027,0.2965798004559833,0.2881642512077294,0.3878496371576014,0.0,0.3890964673913043,0.0822488356620093,0.7333333333333333,3.8260869565217392,3.472648634335096,2.5680458483278557,1.0729231608690935,4.260869565217391,0.4782608695652174,0.6803930374045706,3.0,10.0,1.5838509316770186,0.6476786067485567,0.25,0.0
898,2,29.0,69.0,2.3793103448275863,0.08497536945812807,0.1111111111111111,0.14814814814814814,0.5,0.25,0.125,0.4583333333333333,0.6896551724137931,0.0,0.15,0.5,0.589509335154827,0.25838039163259924,0.24305555555555555,0.3421979491360441,0.0,0.2421875,0.17917164731329688,0.8125,2.875,2.559084415074708,2.735139573070607,1.136282243338142,4.5,0.5,0.7061695395849812,4.0,11.0,1.8129032258064517,0.8121408039121892,0.13793103448275862,0.0
899,2,30.0,80.0,2.6666666666666665,0.09195402298850575,0.10714285714285714,0.07142857142857142,0.4,0.36,0.12,0.44,0.7,0.0,0.14285714285714285,0.6190476190476191,0.4743141627058533,0.2914263857454611,0.26233333333333336,0.36136572220561425,0.0,0.2850808555033908,0.04419001547987615,0.625,3.2,2.70801280154532,2.5547647588050064,1.03060903441443,4.266666666666667,0.52,0.560854285645055,4.0,9.0,1.6625766871165644,0.7219731099922766,0.23333333333333334,0.0
9,2,30.0,77.0,2.566666666666667,0.08850574712643679,0.10714285714285714,0.03571428571428571,0.52,0.28,0.08,0.28,0.7,0.0,0.09523809523809523,0.5714285714285714,0.4305040229885057,0.2918342112649751,0.17066666666666666,0.3172976170376604,0.0,0.2998084291187739,0.015390625000000003,0.4375,3.08,2.9285946572830235,2.7998280423280426,1.1418038904014576,4.5,0.52,0.7585594574846733,4.0,10.0,1.7823529411764707,0.8102416135502895,0.2,0.0
90,2,29.0,76.0,2.6206896551724137,0.09359605911330049,0.1111111111111111,0.1111111111111111,0.4583333333333333,0.2916666666666667,0.08333333333333333,0.4166666666666667,0.6896551724137931,0.0,0.1,0.6,0.499210366908965,0.24101133764519497,0.21180555555555558,0.3146763987175124,0.0,0.22916666666666669,0.11115167445482867,0.6875,3.1666666666666665,3.2792717466544006,2.6313616460168183,1.082811304285363,4.333333333333334,0.5,0.6701726886069715,4.0,10.0,1.6153846153846154,0.7013375242065966,0.13793103448275862,0.0
900,2,30.0,69.0,2.3,0.07931034482758621,0.10714285714285714,0.10714285714285714,0.56,0.28,0.12,0.32,0.7,0.0,0.14285714285714285,0.5238095238095238,0.5221164021164021,0.2799979115769633,0.21333333333333332,0.3584947956644818,0.0,0.3055555555555556,0.1007771164021164,0.75,2.76,2.6185237571323787,2.7498283377315635,1.1863948714545953,5.0,0.48,0.7526091806382426,5.0,9.0,1.7185185185185186,0.8521426186765647,0.06666666666666667,0.0
901,2,29.0,71.0,2.4482758620689653,0.0874384236453202,0.1111111111111111,0.1111111111111111,0.4583333333333333,0.20833333333333334,0.125,0.4583333333333333,0.6896551724137931,0.0,0.15,0.6,0.6517939814814814,0.2695656505507236,0.24444444444444444,0.3463288022839934,0.0,0.2973090277777778,0.08857060185185187,0.8125,2.9583333333333335,1.7810394294555532,2.840007119317464,1.1608554045054063,5.0,0.375,0.691235800035527,4.0,8.0,1.7904191616766467,0.767034151462721,0.06896551724137931,0.0
902,2,30.0,48.0,1.6,0.05517241379310345,0.10714285714285714,0.21428571428571427,0.52,0.28,0.12,0.24,0.7,0.0,0.14285714285714285,0.6190476190476191,0.43351190476190476,0.3947132810078565,0.18666666666666665,0.35784850922639816,0.0,0.18055555555555555,0.04417782738095237,0.4375,1.92,1.1518101695447327,2.6649999999999996,1.0961299913123472,4.5,0.4,0.6095635089101045,4.0,7.0,1.868421052631579,0.8148310851041334,0.13333333333333333,0.0
903,2,30.0,90.0,3.0,0.10344827586206896,0.10714285714285714,0.03571428571428571,0.44,0.32,0.16,0.36,0.7,0.0,0.19047619047619047,0.5714285714285714,0.44498218501824427,0.38293016270430486,0.2539393939393939,0.3910950149037743,0.0,0.2574074074074074,0.022961830149531372,0.5,3.6,3.605551275463989,2.591958959622753,1.0745951206956137,4.2,0.56,0.6882867055281386,3.0,11.0,1.5328947368421053,0.6501936864549599,0.2,0.0
904,2,28.0,46.0,1.6428571428571428,0.06084656084656084,0.11538461538461539,0.23076923076923078,0.391304347826087,0.391304347826087,0.17391304347826086,0.4782608695652174,0.6785714285714286,0.0,0.21052631578947367,0.5789473684210527,0.5420289855072464,0.2973337777385502,0.28043478260869564,0.3770115132982284,0.0,0.33571428571428574,0.16145833333333331,0.6875,2.0,1.2060453783110545,2.4622023809523808,1.0151792452132857,5.0,0.5217391304347826,0.417294575186248,4.0,5.0,1.6136363636363635,0.701915575724101,0.0,0.0
905,2,30.0,87.0,2.9,0.1,0.10714285714285714,0.07142857142857142,0.44,0.28,0.16,0.56,0.7,0.0,0.19047619047619047,0.5714285714285714,0.7326666666666667,0.18313828747320257,0.306,0.365207956994165,0.0,0.25462962962962965,0.08125,0.625,3.48,3.1900888179902864,2.5502028184140246,0.9404808200053704,4.0,0.6,0.5619017847233088,3.0,9.0,1.4605263157894737,0.5505154592071614,0.1,0.0
906,2,30.0,67.0,2.2333333333333334,0.07701149425287357,0.10714285714285714,0.10714285714285714,0.48,0.32,0.12,0.32,0.7,0.0,0.14285714285714285,0.6190476190476191,0.5850271132376395,0.36314721110468434,0.21599999999999997,0.3564381407034721,0.0,0.22727272727272727,0.04533991228070175,0.5,2.68,2.6727015047201457,2.755369352869353,1.1771426364855195,5.0,0.44,0.7758074805066674,4.0,8.0,1.7028985507246377,0.7680615498626695,0.16666666666666666,0.0
907,2,30.0,91.0,3.033333333333333,0.10459770114942529,0.10714285714285714,0.03571428571428571,0.44,0.28,0.12,0.44,0.7,0.0,0.14285714285714285,0.5714285714285714,0.6597094085407628,0.32647981224363315,0.2386060606060606,0.34298613057492355,0.0,0.24473180076628356,0.03774317052980132,0.5,3.64,3.545889639192587,2.692649447693307,1.1072263809498735,4.5,0.44,0.7091455985128423,3.0,11.0,1.5739644970414202,0.6423795226445107,0.3333333333333333,0.0
908,2,30.0,73.0,2.433333333333333,0.0839080459770115,0.10714285714285714,0.03571428571428571,0.36,0.32,0.16,0.48,0.7,0.0,0.19047619047619047,0.5714285714285714,0.6013285714285713,0.3560257722821489,0.2604761904761905,0.3654025053686759,0.0,0.2584325396825397,0.12218749999999999,0.5625,2.92,2.5152865973217975,2.5550893550893554,1.0274228272964352,4.5,0.6,0.6743204933124683,4.0,7.0,1.5923076923076922,0.7119811190571405,0.2,0.0
909,2,30.0,77.0,2.566666666666667,0.08850574712643679,0.10714285714285714,0.10714285714285714,0.4,0.28,0.16,0.52,0.7,0.0,0.19047619047619047,0.5238095238095238,0.6943686868686869,0.2906751121861551,0.2806666666666667,0.3674763786815268,0.0,0.25720164609053503,0.15757838804713803,0.8125,3.08,2.8565713714171403,2.621541394335512,1.0118811606808,4.333333333333334,0.4,0.664391817300264,4.0,8.0,1.6319444444444444,0.7265834194526226,0.06666666666666667,0.0
91,2,29.0,69.0,2.3793103448275863,0.08497536945812807,0.1111111111111111,0.07407407407407407,0.4583333333333333,0.25,0.08333333333333333,0.4166666666666667,0.6896551724137931,0.0,0.1,0.55,0.5530984760802469,0.295884241075012,0.20763888888888885,0.31133882496268683,0.0,0.17261904761904764,0.15915385251322747,0.9375,2.875,2.0067819794495563,2.725075662448887,1.1047056969776412,4.466666666666667,0.5416666666666666,0.6207950291225073,4.0,11.0,1.8109756097560976,0.779886116833533,0.06896551724137931,0.0
910,2,30.0,79.0,2.6333333333333333,0.09080459770114943,0.10714285714285714,0.03571428571428571,0.4,0.32,0.12,0.44,0.7,0.0,0.14285714285714285,0.6190476190476191,0.5566262626262626,0.372746956402685,0.24727272727272723,0.34721221289521703,0.0,0.17191358024691358,0.13081278207607994,0.8125,3.16,3.171224789677747,2.6545141895141895,1.1157158405796797,4.777777777777778,0.52,0.6686453496855043,4.0,9.0,1.6357615894039734,0.7346967057555952,0.2,0.0
911,2,29.0,70.0,2.413793103448276,0.08620689655172414,0.1111111111111111,0.14814814814814814,0.4166666666666667,0.2916666666666667,0.041666666666666664,0.375,0.6896551724137931,0.0,0.05,0.6,0.35098821694958854,0.26471770643062065,0.16874999999999998,0.2698323195548089,0.0,0.15663580246913583,0.07326931423611112,0.625,2.9166666666666665,2.357534944490273,2.5516709747199764,0.9759813791166702,4.25,0.4166666666666667,0.5885983949455735,3.0,7.0,1.5447154471544715,0.6434032532050482,0.0,0.0
912,2,29.0,67.0,2.310344827586207,0.08251231527093596,0.1111111111111111,0.14814814814814814,0.4583333333333333,0.2916666666666667,0.08333333333333333,0.3333333333333333,0.6896551724137931,0.0,0.1,0.55,0.39897950542005417,0.2770178860373557,0.16666666666666666,0.3031238327334466,0.0,0.16796875000000006,0.019537601626016258,0.5625,2.7916666666666665,2.2646463716010494,2.834814897745932,1.2530857820530077,5.333333333333334,0.5416666666666666,0.7317028538941548,5.0,11.0,2.029940119760479,1.0085486990326584,0.1724137931034483,0.0
913,2,30.0,90.0,3.0,0.10344827586206896,0.10714285714285714,0.03571428571428571,0.44,0.28,0.08,0.4,0.7,0.0,0.09523809523809523,0.5238095238095238,0.37774452220683175,0.32348655504455226,0.2139393939393939,0.313649782565617,0.0,0.30763888888888885,0.02347439410139891,0.375,3.6,3.2532035493238562,2.6178011204481786,1.0597230745425115,4.4,0.56,0.6656009591331584,3.0,11.0,1.5740740740740742,0.6480314726230562,0.2,0.0
914,2,29.0,74.0,2.5517241379310347,0.09113300492610837,0.1111111111111111,0.18518518518518517,0.4583333333333333,0.375,0.16666666666666666,0.4583333333333333,0.6896551724137931,0.0,0.2,0.5,0.5888130903778418,0.2655694482905196,0.3090277777777778,0.39123794502786874,0.0,0.30960648148148157,0.0,0.0,3.0833333333333335,2.1652726842366645,2.63729632436529,1.1373569185524193,4.5,0.4583333333333333,0.6675872556712881,4.0,12.0,1.7094594594594594,0.7582057084356907,0.2413793103448276,0.0
915,2,28.0,64.0,2.2857142857142856,0.08465608465608465,0.11538461538461539,0.07692307692307693,0.43478260869565216,0.34782608695652173,0.17391304347826086,0.391304347826087,0.6785714285714286,0.0,0.21052631578947367,0.5263157894736842,0.41400062440435115,0.4029937284448421,0.2572463768115942,0.38836701918393013,0.0,0.26785714285714285,0.06587773998488285,0.5,2.782608695652174,2.696066524319701,2.599542124542125,1.1273715524484536,4.583333333333334,0.30434782608695654,0.580018273332628,4.0,8.0,1.608695652173913,0.7338393649685344,0.07142857142857142,0.0
916,2,29.0,75.0,2.586206896551724,0.09236453201970443,0.1111111111111111,0.1111111111111111,0.375,0.3333333333333333,0.20833333333333334,0.4583333333333333,0.6896551724137931,0.0,0.25,0.55,0.6753173940845739,0.3210504785337578,0.2920634920634921,0.40598564654063324,0.0,0.2546977124183007,0.2163931600993517,0.8125,3.125,2.997281376877038,2.5821689804448424,1.044487582457844,4.272727272727273,0.375,0.7686677017407368,5.0,9.0,1.6277372262773722,0.7952737160144464,0.2413793103448276,0.0
917,2,26.0,54.0,2.076923076923077,0.08307692307692308,0.125,0.16666666666666666,0.47619047619047616,0.42857142857142855,0.19047619047619047,0.3333333333333333,0.6923076923076923,0.0,0.2222222222222222,0.6111111111111112,0.434453781512605,0.4312533576101717,0.26190476190476186,0.410187723187772,0.0,0.14,0.010416666666666666,0.0625,2.5714285714285716,2.420153478013917,2.5956335331335336,1.2201558707353446,5.0,0.3333333333333333,0.784160784713159,4.0,8.0,1.5517241379310345,0.7113469158175523,0.07692307692307693,0.0
918,2,29.0,89.0,3.0689655172413794,0.10960591133004927,0.1111111111111111,0.037037037037037035,0.4583333333333333,0.2916666666666667,0.08333333333333333,0.375,0.6896551724137931,0.0,0.1,0.65,0.3404308624361851,0.29871160067062613,0.18194444444444446,0.300559730118258,0.0,0.18077256944444453,0.05946622585601404,0.5625,3.7083333333333335,3.45755840802835,2.6345443349753697,1.1279909714209087,5.5,0.5833333333333334,0.7526059766296821,4.0,10.0,1.5575757575757576,0.6281167666759526,0.2413793103448276,0.0
919,2,30.0,90.0,3.0,0.10344827586206896,0.10714285714285714,0.14285714285714285,0.44,0.32,0.2,0.52,0.7,0.0,0.23809523809523808,0.5714285714285714,0.7907622149837134,0.1507452484903321,0.3306666666666666,0.4000775387809681,0.0,0.3101851851851852,0.17235002714440822,0.9375,3.6,3.476108935769035,2.6627168615984407,1.0635296362049909,4.1875,0.48,0.6901914948675566,4.0,9.0,1.6153846153846154,0.6900655593423543,0.16666666666666666,0.0
92,2,29.0,77.0,2.6551724137931036,0.09482758620689655,0.1111111111111111,0.07407407407407407,0.5416666666666666,0.2916666666666667,0.125,0.375,0.6896551724137931,0.0,0.15,0.55,0.37688642376142373,0.36571208850211706,0.22023809523809523,0.348444806109183,0.0,0.30970982142857145,0.028409090909090908,0.4375,3.2083333333333335,2.395270097625675,2.747979797979798,1.2082095372206314,4.611111111111111,0.5,0.6995494865198573,4.0,11.0,1.7352941176470589,0.7421711125611281,0.27586206896551724,0.0
920,2,28.0,68.0,2.4285714285714284,0.08994708994708994,0.11538461538461539,0.07692307692307693,0.43478260869565216,0.2608695652173913,0.13043478260869565,0.4782608695652174,0.6785714285714286,0.0,0.15789473684210525,0.5789473684210527,0.6719307413600892,0.3107797722046117,0.2423913043478261,0.34652780803152067,0.0,0.24465811965811968,0.0744047619047619,0.6428571428571429,2.9565217391304346,2.513206225839185,2.5625490580847727,0.9895399510630196,4.115384615384615,0.43478260869565216,0.6224955055795371,3.0,7.0,1.5178571428571428,0.6435003217502414,0.07142857142857142,0.0
921,2,30.0,75.0,2.5,0.08620689655172414,0.10714285714285714,0.14285714285714285,0.48,0.28,0.12,0.4,0.7,0.0,0.14285714285714285,0.5238095238095238,0.5563609995537706,0.28867928615655225,0.2366666666666667,0.3532914021241032,0.0,0.3034979423868313,0.044663027108433735,0.5,3.0,2.7233557730613653,2.728446275946276,1.1470671631963683,4.666666666666666,0.72,0.6451362380599801,4.0,9.0,1.6575342465753424,0.7650860322539668,0.06666666666666667,0.0
922,2,28.0,65.0,2.3214285714285716,0.08597883597883597,0.11538461538461539,0.11538461538461539,0.5217391304347826,0.30434782608695654,0.08695652173913043,0.30434782608695654,0.6785714285714286,0.0,0.10526315789473684,0.631578947368421,0.5150409992372235,0.33310503931884067,0.18478260869565216,0.3217264445741754,0.0,0.10714285714285716,0.17240611293859648,0.8125,2.8260869565217392,1.9691293395130818,2.759693492781728,1.2461971189972976,4.666666666666666,0.5652173913043478,0.698562332940621,4.0,10.0,1.7852348993288591,0.7672675137738638,0.21428571428571427,0.0
923,2,30.0,83.0,2.7666666666666666,0.09540229885057472,0.10714285714285714,0.07142857142857142,0.4,0.36,0.24,0.44,0.7,0.0,0.2857142857142857,0.5714285714285714,0.5302768166089965,0.4002061440698472,0.29933333333333334,0.421485468314152,0.0,0.2799707602339181,0.03162846020761245,0.4375,3.32,2.8827070610799144,2.599682539682539,1.0979157553822345,4.5,0.56,0.7621725140594358,3.0,11.0,1.5769230769230769,0.6328477525563575,0.23333333333333334,0.0
924,2,29.0,79.0,2.7241379310344827,0.09729064039408868,0.1111111111111111,0.037037037037037035,0.4166666666666667,0.3333333333333333,0.20833333333333334,0.4583333333333333,0.6896551724137931,0.0,0.25,0.55,0.5946732954545455,0.319836815259562,0.27743055555555557,0.40078786513839215,0.0,0.33658854166666663,0.08409090909090908,0.75,3.2916666666666665,2.911434229956486,2.5984522712995517,1.1102945849900425,4.833333333333334,0.5833333333333334,0.6827018225049399,4.0,7.0,1.6330935251798562,0.7435118869071736,0.13793103448275862,0.0
925,2,30.0,83.0,2.7666666666666666,0.09540229885057472,0.10714285714285714,0.03571428571428571,0.48,0.32,0.12,0.32,0.7,0.0,0.14285714285714285,0.5238095238095238,0.373709387755102,0.3296183537110024,0.19727272727272727,0.34596752184388474,0.0,0.25578231292517006,0.012187500000000004,0.375,3.32,3.826660859461331,2.7331914817208935,1.1258557362288393,4.285714285714286,0.32,0.793189514397752,3.0,10.0,1.6954022988505748,0.7166731175726715,0.3,0.0
926,2,30.0,67.0,2.2333333333333334,0.07701149425287357,0.10714285714285714,0.07142857142857142,0.56,0.24,0.16,0.32,0.7,0.0,0.19047619047619047,0.5238095238095238,0.5118320105820106,0.3662522555161154,0.22333333333333333,0.3809102159204877,0.0,0.3708847736625514,0.008463541666666666,0.125,2.68,2.5935818218569207,2.8927513227513226,1.2454873624440317,4.777777777777778,0.48,0.7250312245829751,4.0,9.0,1.7851851851851852,0.892633076204387,0.1,0.0
927,2,30.0,71.0,2.3666666666666667,0.08160919540229886,0.10714285714285714,0.25,0.56,0.24,0.12,0.4,0.7,0.0,0.14285714285714285,0.5238095238095238,0.7324444444444445,0.22327257557549524,0.226,0.34887650367259593,0.0,0.3541666666666667,0.1914704106280193,0.9375,2.84,2.0141168453361056,2.8490174421095475,1.1567764802830192,4.555555555555555,0.52,0.7010134919986339,4.0,9.0,1.7452229299363058,0.7241658207075945,0.16666666666666666,0.0
928,2,29.0,91.0,3.1379310344827585,0.11206896551724138,0.1111111111111111,0.1111111111111111,0.4583333333333333,0.3333333333333333,0.16666666666666666,0.4166666666666667,0.6896551724137931,0.0,0.2,0.6,0.6689992249298333,0.28599040176521184,0.25833333333333336,0.38271847349153504,0.0,0.1875,0.26375574171438537,0.875,3.7916666666666665,3.4132627087349396,2.6621741904703367,1.0908596659853564,4.190476190476191,0.4166666666666667,0.7104018226412515,3.0,11.0,1.546583850931677,0.6514436905731591,0.1724137931034483,0.0
929,2,30.0,49.0,1.6333333333333333,0.05632183908045977,0.10714285714285714,0.21428571428571427,0.56,0.32,0.12,0.32,0.7,0.0,0.14285714285714285,0.5238095238095238,0.47307692307692306,0.3632792847144025,0.22,0.35913991908653303,0.0,0.25,0.07116386217948717,0.625,1.96,1.4854853303438127,2.7785042735042733,1.2940705246140525,5.333333333333334,0.44,0.541185073101907,5.0,9.0,1.9846153846153847,0.9316536551180447,0.06666666666666667,0.0
93,2,29.0,78.0,2.689655172413793,0.0960591133004926,0.1111111111111111,0.07407407407407407,0.4166666666666667,0.3333333333333333,0.08333333333333333,0.4583333333333333,0.6896551724137931,0.0,0.1,0.6,0.5735522303057027,0.30814107951260483,0.24583333333333332,0.3253853159943366,0.0,0.2438271604938272,0.11966145833333332,0.625,3.25,2.558022333927045,2.617881151800763,1.0548491454571032,4.294117647058823,0.5416666666666666,0.7015715432196266,3.0,7.0,1.5378787878787878,0.6349286553694097,0.06896551724137931,0.0
930,2,30.0,68.0,2.2666666666666666,0.07816091954022988,0.10714285714285714,0.07142857142857142,0.52,0.28,0.12,0.36,0.7,0.0,0.14285714285714285,0.5238095238095238,0.5651282051282052,0.27786829933939133,0.21600000000000003,0.34842502780368695,0.0,0.2858796296296296,0.06605235042735043,0.8125,2.72,1.9043809142780932,2.880869963369963,1.258494588741294,5.0,0.4,0.8320445402955343,4.0,11.0,1.9137931034482758,0.8658815433532425,0.2,0.0
931,2,30.0,87.0,2.9,0.1,0.10714285714285714,0.03571428571428571,0.44,0.24,0.08,0.44,0.7,0.0,0.09523809523809523,0.5714285714285714,0.6075188863424157,0.23162294965227165,0.23933333333333334,0.32356807057603243,0.0,0.3014269680936348,0.08812919107036754,0.8125,3.48,2.3295206946208196,2.7390057324474255,1.0747050196095538,4.25,0.52,0.662224256575629,4.0,8.0,1.6497175141242937,0.69200994260012,0.3,0.0
932,2,28.0,68.0,2.4285714285714284,0.08994708994708994,0.11538461538461539,0.07692307692307693,0.43478260869565216,0.2608695652173913,0.13043478260869565,0.391304347826087,0.6785714285714286,0.0,0.15789473684210525,0.631578947368421,0.5973613193403298,0.3078800961265865,0.22463768115942032,0.34847682868700514,0.0,0.26562500000000006,0.10839080459770112,0.8,2.9565217391304346,2.73825194520428,2.753465424631391,1.1397125027489616,4.375,0.5217391304347826,0.7168738784649777,4.0,10.0,1.773972602739726,0.8031880266418102,0.17857142857142858,0.0
933,2,29.0,76.0,2.6206896551724137,0.09359605911330049,0.1111111111111111,0.07407407407407407,0.4583333333333333,0.20833333333333334,0.041666666666666664,0.5,0.6896551724137931,0.0,0.05,0.65,0.5504987153383749,0.18695484849031693,0.21607142857142858,0.2700002829901278,0.0,0.2973090277777778,0.19662140052356022,0.875,3.1666666666666665,2.315668119696713,3.075155878604155,1.5295421702180576,6.5,0.625,0.9917521809928088,5.0,10.0,1.7808219178082192,0.9358245538850901,0.1724137931034483,0.0
934,2,30.0,74.0,2.466666666666667,0.08505747126436781,0.10714285714285714,0.10714285714285714,0.4,0.36,0.2,0.52,0.7,0.0,0.23809523809523808,0.47619047619047616,0.6755049683830171,0.29058546435863897,0.33444444444444443,0.39969123885788777,0.0,0.23045267489711938,0.13429878048780486,0.75,2.96,2.936551265231604,2.595067049808429,1.1721162863927936,5.375,0.4,0.7730168843271502,4.0,10.0,1.6296296296296295,0.7893010391851876,0.13333333333333333,0.0
935,2,30.0,88.0,2.933333333333333,0.10114942528735632,0.10714285714285714,0.03571428571428571,0.48,0.36,0.2,0.36,0.7,0.0,0.23809523809523808,0.5714285714285714,0.4535692036814726,0.387319109956725,0.25127272727272726,0.4033509774616689,0.0,0.31851851851851853,0.0982159363745498,0.5625,3.52,3.6069377593742873,2.6554416839199453,1.1368774691384864,4.5,0.32,0.7931659451305404,4.0,10.0,1.547945205479452,0.7054682160617911,0.23333333333333334,0.0
936,2,29.0,79.0,2.7241379310344827,0.09729064039408868,0.1111111111111111,0.037037037037037035,0.4166666666666667,0.3333333333333333,0.125,0.5,0.6896551724137931,0.0,0.15,0.6,0.6049568505717698,0.24863865554509393,0.27748015873015874,0.35382794172701293,0.0,0.2631172839506173,0.21577572964669747,0.8666666666666667,3.2916666666666665,2.881412194026405,2.6864830915380717,1.1544392876351954,5.0,0.4166666666666667,0.7460217703100022,4.0,10.0,1.83125,0.9057598707142123,0.2413793103448276,0.0
937,2,30.0,70.0,2.3333333333333335,0.08045977011494253,0.10714285714285714,0.07142857142857142,0.44,0.28,0.08,0.4,0.7,0.0,0.09523809523809523,0.5238095238095238,0.33107456140350877,0.3331777263085665,0.19777777777777775,0.307581666361117,0.0,0.2847222222222222,0.008908991228070175,0.25,2.8,2.9860788111948193,2.7087407407407413,1.1753462840668896,5.0,0.4,0.6933127035619492,4.0,10.0,1.7916666666666667,0.8517772452492939,0.16666666666666666,0.0
938,2,29.0,65.0,2.2413793103448274,0.08004926108374384,0.1111111111111111,0.25925925925925924,0.4166666666666667,0.20833333333333334,0.041666666666666664,0.4583333333333333,0.6896551724137931,0.0,0.05,0.65,0.5068512088477367,0.22367133780060977,0.18680555555555556,0.2634763492886231,0.0,0.16666666666666663,0.11641107253086419,0.75,2.7083333333333335,1.4288690166235207,2.714347912623775,1.0047666623026807,4.0,0.5833333333333334,0.6788082584722783,4.0,7.0,1.6853146853146854,0.7063054083420608,0.06896551724137931,0.0
939,2,30.0,68.0,2.2666666666666666,0.07816091954022988,0.10714285714285714,0.07142857142857142,0.48,0.44,0.2,0.32,0.7,0.0,0.23809523809523808,0.5714285714285714,0.6234267912772586,0.40360459682833905,0.24727272727272726,0.408475968791176,0.0,0.2222222222222222,0.06624805295950155,0.3125,2.72,3.2853208874223134,2.5735714285714284,1.143165385019013,5.0,0.24,0.7511073728575632,4.0,7.0,1.4807692307692308,0.6823825939170459,0.13333333333333333,0.0
94,2,29.0,66.0,2.2758620689655173,0.0812807881773399,0.1111111111111111,0.1111111111111111,0.4583333333333333,0.4166666666666667,0.25,0.4583333333333333,0.6896551724137931,0.0,0.3,0.5,0.643953739499809,0.30391391605236523,0.33125,0.43110666770208744,0.0,0.3958333333333333,0.15786392707140132,0.8,2.75,2.069446470835178,2.627287984159181,1.159377967101521,4.5,0.4166666666666667,0.7572786241354403,4.0,9.0,1.7464788732394365,0.7849345612902654,0.1724137931034483,0.0
940,2,29.0,88.0,3.0344827586206895,0.10837438423645321,0.1111111111111111,0.037037037037037035,0.4583333333333333,0.2916666666666667,0.08333333333333333,0.375,0.6896551724137931,0.0,0.1,0.65,0.4567571289522098,0.28561653273469106,0.18888888888888888,0.3071478057176477,0.0,0.20510678721174008,0.024553571428571428,0.375,3.6666666666666665,2.807856472652136,2.729149631372862,1.1871292108850504,5.0,0.4583333333333333,0.7507730799697436,4.0,10.0,1.696969696969697,0.82213465771587,0.3103448275862069,0.0
941,2,29.0,98.0,3.3793103448275863,0.1206896551724138,0.1111111111111111,0.037037037037037035,0.4583333333333333,0.20833333333333334,0.08333333333333333,0.4166666666666667,0.6896551724137931,0.0,0.1,0.6,0.4187351695837687,0.26840474867506814,0.17708333333333334,0.2922845422241628,0.0,0.142578125,0.1002991934430512,0.8125,4.083333333333333,3.4630555327901416,2.7228484497247174,1.0829796653321884,4.333333333333334,0.625,0.6646641376539069,4.0,10.0,1.5689655172413792,0.6828722652121507,0.1724137931034483,0.0
942,2,29.0,87.0,3.0,0.10714285714285714,0.1111111111111111,0.037037037037037035,0.4583333333333333,0.2916666666666667,0.16666666666666666,0.5,0.6896551724137931,0.0,0.2,0.6,0.703105174552543,0.241735067304776,0.2854166666666667,0.37520726961118717,0.0,0.2972222222222222,0.12624867091972353,0.75,3.625,3.0476291569449305,2.647112753147236,1.0670008512766902,4.333333333333334,0.4583333333333333,0.6932398363828745,4.0,11.0,1.6783625730994152,0.7487634571921105,0.2413793103448276,0.0
943,2,30.0,55.0,1.8333333333333333,0.06321839080459771,0.10714285714285714,0.21428571428571427,0.52,0.24,0.08,0.32,0.7,0.0,0.09523809523809523,0.5714285714285714,0.505361111111111,0.2926885977046893,0.19060606060606058,0.3276291082430029,0.0,0.21388888888888888,0.1032986111111111,0.875,2.2,2.081665999466133,2.8875721500721503,1.3651959221146532,6.0,0.28,0.6330227561856632,5.0,7.0,2.0676691729323307,1.109159446429186,0.0,0.0
944,2,30.0,70.0,2.3333333333333335,0.08045977011494253,0.10714285714285714,0.10714285714285714,0.4,0.32,0.16,0.4,0.7,0.0,0.19047619047619047,0.5238095238095238,0.5715699999999999,0.39005648809659604,0.24933333333333332,0.37315844117776864,0.0,0.23379629629629634,0.04178776041666667,0.5625,2.8,2.309401076758503,2.5953294853294855,1.079160543523757,4.833333333333334,0.48,0.7003441681732525,4.0,9.0,1.628787878787879,0.7033757536653656,0.06666666666666667,0.0
945,2,28.0,53.0,1.8928571428571428,0.0701058201058201,0.11538461538461539,0.23076923076923078,0.5217391304347826,0.2608695652173913,0.043478260869565216,0.34782608695652173,0.6785714285714286,0.0,0.05263157894736842,0.5789473684210527,0.39898303689064557,0.25193748979059577,0.17173913043478262,0.28039630965816326,0.0,0.11904761904761907,0.11396188446969698,0.8125,2.3043478260869565,1.5792628490042622,2.7764880952380957,1.2597460665215043,5.333333333333334,0.391304347826087,0.6211944698270053,4.0,9.0,1.9925925925925927,0.9423398656179098,0.14285714285714285,0.0
946,2,29.0,94.0,3.2413793103448274,0.11576354679802955,0.1111111111111111,0.037037037037037035,0.4166666666666667,0.25,0.125,0.5,0.6896551724137931,0.0,0.15,0.6,0.6001393774874106,0.26424993267017,0.2513888888888889,0.33843618293481076,0.0,0.24544270833333334,0.10121258889954922,0.8125,3.9166666666666665,2.903021913779512,2.6525529018269483,1.055557703796426,4.333333333333334,0.625,0.7056477825489674,4.0,12.0,1.6379310344827587,0.729991904193028,0.20689655172413793,0.0
947,2,30.0,81.0,2.7,0.09310344827586207,0.10714285714285714,0.03571428571428571,0.4,0.36,0.12,0.44,0.7,0.0,0.14285714285714285,0.6190476190476191,0.5824708994708995,0.3405432620837782,0.254,0.35090095679761474,0.0,0.19365079365079366,0.07511574074074075,0.75,3.24,3.345145736735546,2.6065614450908567,1.160099752322249,5.333333333333334,0.48,0.7319570214653077,5.0,10.0,1.8606060606060606,1.0175111295428336,0.16666666666666666,0.0
948,2,30.0,71.0,2.3666666666666667,0.08160919540229886,0.10714285714285714,0.03571428571428571,0.48,0.32,0.12,0.4,0.7,0.0,0.14285714285714285,0.5238095238095238,0.321876923076923,0.34268917985021424,0.226,0.342819194328439,0.0,0.23166666666666666,0.019030448717948716,0.3125,2.84,1.8636880997992482,2.6777248677248675,1.1906094056706846,5.5,0.44,0.5432166157158678,4.0,7.0,1.6901408450704225,0.7643019212526463,0.1,0.0
949,2,29.0,54.0,1.8620689655172413,0.0665024630541872,0.1111111111111111,0.14814814814814814,0.4583333333333333,0.3333333333333333,0.125,0.3333333333333333,0.6896551724137931,0.0,0.15,0.6,0.5199074074074074,0.34426486150188673,0.21388888888888888,0.35439499602069563,0.0,0.20123456790123462,0.10064814814814813,0.8,2.25,1.7997584378973221,2.63423645320197,1.0665369085983172,4.333333333333334,0.375,0.5975863383838721,4.0,7.0,1.7916666666666667,0.7874630399045318,0.0,0.0
95,2,28.0,68.0,2.4285714285714284,0.08994708994708994,0.11538461538461539,0.07692307692307693,0.4782608695652174,0.2608695652173913,0.08695652173913043,0.43478260869565216,0.6785714285714286,0.0,0.10526315789473684,0.5789473684210527,0.5640499194847021,0.23941560086837516,0.23840579710144927,0.33228755583507164,0.0,0.2238095238095239,0.17922453703703706,0.8125,2.9565217391304346,1.580513750466923,2.6528170242455955,1.0516379783444048,4.5,0.5652173913043478,0.603030087251066,4.0,8.0,1.7,0.7212033195901967,0.07142857142857142,0.0
950,2,30.0,81.0,2.7,0.09310344827586207,0.10714285714285714,0.03571428571428571,0.44,0.4,0.2,0.44,0.7,0.0,0.23809523809523808,0.5238095238095238,0.5993054344506866,0.33301665548650855,0.29166666666666663,0.40109802994982363,0.0,0.3582766439909297,0.050350978006129435,0.4375,3.24,2.9899832775452104,2.592310744810745,1.1006375507532777,4.4,0.52,0.7407600990998012,4.0,10.0,1.5753424657534247,0.683153099802987,0.2,0.0
951,2,29.0,62.0,2.1379310344827585,0.07635467980295567,0.1111111111111111,0.1111111111111111,0.5,0.3333333333333333,0.125,0.4166666666666667,0.6896551724137931,0.0,0.15,0.55,0.5411931818181819,0.26606588177465423,0.24791666666666667,0.35709890171192726,0.0,0.19507575757575762,0.1328598484848485,0.5625,2.5833333333333335,2.668930198749511,2.724729064039409,1.1887740327741898,5.0,0.4166666666666667,0.8034417355236273,4.0,8.0,1.7685950413223142,0.8733110421313472,0.13793103448275862,0.0
952,2,30.0,89.0,2.966666666666667,0.10229885057471265,0.10714285714285714,0.07142857142857142,0.48,0.32,0.12,0.36,0.7,0.0,0.14285714285714285,0.5714285714285714,0.45778148355279874,0.3559257769957531,0.20682828282828283,0.3480563021559331,0.0,0.3086766541822722,0.022483031674208145,0.5625,3.56,3.1235663378047,2.7850324112031615,1.2128067089778753,4.666666666666666,0.56,0.8062141942737117,4.0,11.0,1.6994535519125684,0.7280485181694577,0.3333333333333333,0.0
953,2,30.0,57.0,1.9,0.06551724137931035,0.10714285714285714,0.14285714285714285,0.4,0.4,0.2,0.32,0.7,0.0,0.23809523809523808,0.5238095238095238,0.47786052009456265,0.3543099630946288,0.25,0.408248290463863,0.0,0.23842592592592593,0.0,0.0,2.28,2.131509637166423,2.592956857956858,1.0824562830360138,4.5,0.36,0.6932862232182505,4.0,10.0,1.8273381294964028,0.770168977825757,0.16666666666666666,0.0
954,2,30.0,72.0,2.4,0.08275862068965517,0.10714285714285714,0.17857142857142858,0.44,0.32,0.12,0.28,0.7,0.0,0.14285714285714285,0.5714285714285714,0.5551242630385488,0.3668588040422465,0.18600000000000003,0.3483984521800886,0.0,0.18055555555555555,0.07136178429705216,0.6875,2.88,2.278888618018295,2.6197354497354497,1.0738038851529719,4.333333333333334,0.52,0.6050841666960316,4.0,9.0,1.6267605633802817,0.7006496977813513,0.0,0.0
955,2,28.0,72.0,2.5714285714285716,0.09523809523809523,0.11538461538461539,0.038461538461538464,0.43478260869565216,0.30434782608695654,0.13043478260869565,0.34782608695652173,0.7142857142857143,0.0,0.15,0.6,0.56231369400527,0.3298049294702243,0.21884057971014492,0.3567284125194383,0.0,0.25833333333333336,0.06914654356060605,0.6,3.130434782608696,2.881040655200304,2.616683019361591,1.1407267674562038,4.666666666666666,0.6521739130434783,0.6640040311524755,4.0,8.0,1.671641791044776,0.7925984619272228,0.10714285714285714,0.0
956,2,29.0,92.0,3.1724137931034484,0.11330049261083744,0.1111111111111111,0.07407407407407407,0.5,0.2916666666666667,0.08333333333333333,0.4166666666666667,0.6896551724137931,0.0,0.1,0.5,0.4791811470575846,0.24184464487033663,0.21550925925925926,0.31534804348694334,0.0,0.234375,0.1329102426386958,0.8125,3.8333333333333335,3.534508964932527,2.623347731245395,1.0282605374638212,4.129032258064516,0.4583333333333333,0.6759430926092185,4.0,10.0,1.567251461988304,0.6323467411956759,0.2413793103448276,0.0
957,2,29.0,81.0,2.793103448275862,0.09975369458128079,0.1111111111111111,0.07407407407407407,0.4583333333333333,0.2916666666666667,0.08333333333333333,0.375,0.6896551724137931,0.0,0.1,0.65,0.5533201377706207,0.3495832456925784,0.20254629629629625,0.3227464466599649,0.0,0.1859148550724638,0.009837962962962965,0.25,3.375,2.916407856012032,2.777394636015326,1.2614571330015678,5.0,0.5,0.8250822196031855,4.0,10.0,1.6513157894736843,0.7569533603088212,0.1724137931034483,0.0
958,2,30.0,69.0,2.3,0.07931034482758621,0.10714285714285714,0.10714285714285714,0.48,0.32,0.12,0.32,0.7,0.0,0.14285714285714285,0.5238095238095238,0.3577232142857143,0.30748892816608275,0.188,0.3412775562066313,0.0,0.2281746031746032,0.10595703125,0.8125,2.76,2.3678400846904055,2.7826430976430974,1.2375582375356997,4.818181818181818,0.56,0.7190332905628317,4.0,11.0,1.86875,0.8623638348445503,0.13333333333333333,0.0
959,2,30.0,60.0,2.0,0.06896551724137931,0.10714285714285714,0.17857142857142858,0.44,0.32,0.2,0.44,0.7,0.0,0.23809523809523808,0.5238095238095238,0.709,0.2959792285004198,0.2846666666666667,0.4029095569865663,0.0,0.2777777777777778,0.1606770833333333,0.875,2.4,1.7559422921421228,2.7353449328449324,1.240805554406364,5.0,0.52,0.7610704501149316,4.0,8.0,1.8897058823529411,0.8917132417131769,0.16666666666666666,0.0
96,2,30.0,52.0,1.7333333333333334,0.059770114942528735,0.10714285714285714,0.17857142857142858,0.6,0.28,0.12,0.24,0.7,0.0,0.14285714285714285,0.5714285714285714,0.4479166666666666,0.3573933686561247,0.17666666666666664,0.3521757768185907,0.0,0.13194444444444445,0.06901041666666666,0.5625,2.08,1.82391520270726,2.84764705882353,1.2108937519147043,4.8,0.36,0.5902304257673521,4.0,7.0,1.886178861788618,0.8118310818459421,0.1,0.0
960,2,29.0,75.0,2.586206896551724,0.09236453201970443,0.1111111111111111,0.037037037037037035,0.5,0.2916666666666667,0.125,0.3333333333333333,0.6896551724137931,0.0,0.15,0.55,0.5406693346500709,0.34925176400985286,0.19375,0.3487317428947578,0.0,0.21559343434343442,0.05042156310367032,0.375,3.125,3.274572657150322,2.6460784313725485,1.0596749352083839,4.352941176470589,0.4166666666666667,0.7194823496036464,4.0,8.0,1.6453900709219857,0.7380936039462903,0.20689655172413793,0.0
961,2,29.0,57.0,1.9655172413793103,0.07019704433497537,0.1111111111111111,0.2222222222222222,0.5416666666666666,0.3333333333333333,0.125,0.2916666666666667,0.6896551724137931,0.0,0.15,0.55,0.5318233453360768,0.40656470910033776,0.19791666666666666,0.35679438658633206,0.0,0.109375,0.10905349794238683,0.5625,2.375,2.6178733486487116,2.7839080459770114,1.265714576066765,5.0,0.3333333333333333,0.8010987824602277,4.0,9.0,1.7435897435897436,0.8525200589595425,0.0,0.0
962,2,30.0,85.0,2.8333333333333335,0.09770114942528736,0.10714285714285714,0.03571428571428571,0.4,0.32,0.12,0.44,0.7,0.0,0.14285714285714285,0.5714285714285714,0.6403943632458484,0.33173609020021927,0.2793333333333333,0.3660752806611109,0.0,0.2047619047619048,0.12571048771543822,0.6875,3.4,3.3166247903554,2.579825365793108,1.013967209504024,4.5,0.52,0.7010779148799697,4.0,10.0,1.585987261146497,0.6702906563120551,0.13333333333333333,0.0
963,2,30.0,85.0,2.8333333333333335,0.09770114942528736,0.10714285714285714,0.03571428571428571,0.44,0.32,0.12,0.4,0.7,0.0,0.14285714285714285,0.5714285714285714,0.4539633556547619,0.3056366338773154,0.22933333333333333,0.343466802536205,0.0,0.20965608465608465,0.11191101074218751,0.75,3.4,3.391164991562634,2.5207646520146523,0.9591384636988526,4.0,0.52,0.5578547023015215,3.0,8.0,1.4647887323943662,0.5413664328566314,0.1,0.0
964,2,29.0,68.0,2.3448275862068964,0.08374384236453201,0.1111111111111111,0.07407407407407407,0.5,0.2916666666666667,0.08333333333333333,0.2916666666666667,0.6896551724137931,0.0,0.1,0.5,0.33444866786713523,0.2772214207298188,0.15416666666666665,0.3027750077433896,0.0,0.13125000000000003,0.12271932149322798,0.75,2.8333333333333335,2.239306310807699,2.8190507768093975,1.2430710190737932,4.6,0.5833333333333334,0.7859267997962522,4.0,12.0,1.8579545454545454,0.7688539286732974,0.27586206896551724,0.0
965,2,30.0,93.0,3.1,0.10689655172413794,0.10714285714285714,0.07142857142857142,0.44,0.32,0.16,0.48,0.7,0.0,0.19047619047619047,0.5714285714285714,0.6775856226506837,0.22748864825915807,0.2826666666666667,0.3710745158270725,0.0,0.23629629629629634,0.12450456889458231,0.8125,3.72,3.470350606687072,2.870457735961769,1.3196442691139894,5.333333333333334,0.64,0.9064961062322698,5.0,11.0,1.7826086956521738,0.9388527699484192,0.23333333333333334,0.0
966,2,30.0,78.0,2.6,0.0896551724137931,0.10714285714285714,0.14285714285714285,0.44,0.32,0.12,0.48,0.7,0.0,0.14285714285714285,0.5714285714285714,0.5834160206718347,0.2547578885029437,0.26599999999999996,0.34076710848059,0.0,0.22106481481481483,0.13608991440568474,0.875,3.12,2.3860706890897707,2.6195443398329643,1.0945317456290302,4.555555555555555,0.6,0.5872574009690739,3.0,10.0,1.6174496644295302,0.6738084120619356,0.1,0.0
967,2,28.0,78.0,2.7857142857142856,0.10317460317460317,0.11538461538461539,0.038461538461538464,0.43478260869565216,0.2608695652173913,0.043478260869565216,0.43478260869565216,0.6785714285714286,0.0,0.05263157894736842,0.5789473684210527,0.384521205353488,0.26302532209442203,0.17657004830917875,0.259466973486717,0.0,0.2527508802816901,0.04349376114081996,0.5333333333333333,3.391304347826087,3.144101699066229,2.568942694036679,0.9942546679862709,4.037037037037037,0.4782608695652174,0.6577562967288128,4.0,8.0,1.5579710144927537,0.6619823794381196,0.14285714285714285,0.0
968,2,30.0,49.0,1.6333333333333333,0.05632183908045977,0.10714285714285714,0.32142857142857145,0.44,0.28,0.08,0.36,0.7,0.0,0.09523809523809523,0.5714285714285714,0.4963888888888889,0.3152854257515847,0.2033333333333333,0.31556827047935815,0.0,0.2777777777777778,0.06510416666666666,0.5625,1.96,1.05987420637231,2.725555555555555,1.2521837884680393,5.4,0.6,0.5715800477140734,5.0,8.0,2.0,1.0954451150103321,0.0,0.0
969,2,29.0,64.0,2.206896551724138,0.07881773399014778,0.1111111111111111,0.037037037037037035,0.4583333333333333,0.3333333333333333,0.16666666666666666,0.3333333333333333,0.6896551724137931,0.0,0.2,0.6,0.48386059670781895,0.3771216011228748,0.23164682539682538,0.3895095336510026,0.0,0.32986111111111116,0.013012795781893004,0.375,2.6666666666666665,1.9486152645597752,2.6585322723253757,1.1763715966204313,4.727272727272727,0.4583333333333333,0.6615781045177059,4.0,11.0,1.8356164383561644,0.8306822892411703,0.13793103448275862,0.0
97,2,30.0,72.0,2.4,0.08275862068965517,0.10714285714285714,0.14285714285714285,0.48,0.28,0.16,0.4,0.7,0.0,0.19047619047619047,0.5714285714285714,0.7242928216062543,0.2386476594460782,0.2766666666666666,0.3899192698970353,0.0,0.3703703703703704,0.10202336531627575,0.875,2.88,2.2420228961066986,2.7435103785103787,1.1777099591481524,4.583333333333334,0.56,0.6457208800233479,4.0,12.0,1.7678571428571428,0.7579772505845831,0.23333333333333334,0.0
970,2,30.0,69.0,2.3,0.07931034482758621,0.10714285714285714,0.21428571428571427,0.4,0.36,0.16,0.48,0.7,0.0,0.19047619047619047,0.5238095238095238,0.6955062984496123,0.3171352090420871,0.2846666666666666,0.37074499572057856,0.0,0.3055555555555556,0.1027321039244186,0.6875,2.76,2.802974610421341,2.5421675288935353,1.0018382866623474,4.166666666666666,0.4,0.6230821370284293,3.0,9.0,1.608695652173913,0.6328568363456506,0.13333333333333333,0.0
971,2,28.0,76.0,2.7142857142857144,0.10052910052910052,0.11538461538461539,0.07692307692307693,0.4782608695652174,0.21739130434782608,0.043478260869565216,0.391304347826087,0.6785714285714286,0.0,0.05263157894736842,0.6842105263157895,0.513917493007882,0.2170892182157083,0.1748792270531401,0.2731578929306399,0.0,0.19325396825396823,0.12324485258284602,0.6875,3.3043478260869565,2.5661216333514183,2.7112800870153815,1.1011050006981948,4.636363636363637,0.5652173913043478,0.6957426617962137,4.0,9.0,1.624113475177305,0.7024346140612721,0.14285714285714285,0.0
972,2,29.0,65.0,2.2413793103448274,0.08004926108374384,0.1111111111111111,0.1111111111111111,0.4583333333333333,0.3333333333333333,0.16666666666666666,0.3333333333333333,0.7241379310344828,0.0,0.19047619047619047,0.5714285714285714,0.531284255590944,0.3613239826963944,0.2195436507936508,0.3763935159586265,0.0,0.2658730158730159,0.027518352365415992,0.4375,2.7083333333333335,2.6617935546424767,2.628860890067786,1.1244569610222377,4.555555555555555,0.4583333333333333,0.66778058922572,4.0,9.0,1.72992700729927,0.771778404982671,0.13793103448275862,0.0
973,2,30.0,81.0,2.7,0.09310344827586207,0.10714285714285714,0.14285714285714285,0.4,0.28,0.12,0.52,0.7,0.0,0.14285714285714285,0.5714285714285714,0.7435779464764972,0.23931457932222305,0.31133333333333335,0.36077077979730504,0.0,0.2664854007446601,0.14131063808373587,0.875,3.24,2.471167065713418,2.6684562713974476,1.0676346338546165,4.333333333333334,0.48,0.71340054260089,4.0,9.0,1.6815286624203822,0.7847767652578559,0.13333333333333333,0.0
974,2,30.0,86.0,2.8666666666666667,0.09885057471264368,0.10714285714285714,0.03571428571428571,0.4,0.4,0.16,0.48,0.7,0.0,0.19047619047619047,0.5714285714285714,0.6203562279082422,0.30201285114715004,0.30238095238095236,0.3844396438429906,0.0,0.32716049382716056,0.14476963015858843,0.75,3.44,3.110198278781167,2.618660500719324,1.1321281318942262,4.555555555555555,0.48,0.728673595341045,4.0,10.0,1.6946107784431137,0.7581888283278764,0.26666666666666666,0.0
975,2,30.0,68.0,2.2666666666666666,0.07816091954022988,0.10714285714285714,0.14285714285714285,0.44,0.24,0.12,0.52,0.7,0.0,0.14285714285714285,0.5714285714285714,0.7283367626886144,0.21610938776042718,0.2753333333333334,0.3430230528912231,0.0,0.2723765432098765,0.19247256515775032,0.875,2.72,1.9043809142780932,2.910586419753087,1.2706422844978078,4.833333333333334,0.72,0.72921748765701,5.0,10.0,1.9761904761904763,0.9723875237968144,0.06666666666666667,0.0
976,2,30.0,76.0,2.533333333333333,0.08735632183908046,0.10714285714285714,0.03571428571428571,0.4,0.36,0.16,0.48,0.7,0.0,0.19047619047619047,0.5238095238095238,0.5109566632052612,0.35800725877367345,0.2947619047619047,0.3757594979536022,0.0,0.24967078189300412,0.009491822429906541,0.1875,3.04,3.0615900008546757,2.5945071225071223,1.073623493930194,4.666666666666666,0.4,0.6495904657254791,4.0,7.0,1.558139534883721,0.7170575371808784,0.06666666666666667,0.0
977,2,29.0,71.0,2.4482758620689653,0.0874384236453202,0.1111111111111111,0.07407407407407407,0.4166666666666667,0.4166666666666667,0.20833333333333334,0.375,0.6896551724137931,0.0,0.25,0.55,0.5498700612491373,0.3490691966178513,0.2743055555555555,0.4130123568663723,0.0,0.365234375,0.021027432712215317,0.5625,2.9583333333333335,3.0428700220375,2.6944170771756975,1.2782569502443313,4.714285714285714,0.4166666666666667,0.8915647751331686,5.0,10.0,1.8266666666666667,0.932246090927292,0.1724137931034483,0.0
978,2,29.0,77.0,2.6551724137931036,0.09482758620689655,0.1111111111111111,0.2222222222222222,0.375,0.25,0.125,0.5,0.6896551724137931,0.0,0.15,0.55,0.5760416666666666,0.2852562889093224,0.2451388888888889,0.33598507438477054,0.0,0.16666666666666666,0.1510657793209876,0.8125,3.2083333333333335,1.9555754555421379,2.810108964941088,1.2135986813271935,5.0,0.5833333333333334,0.7398996097544462,4.0,10.0,1.7515151515151515,0.7917721756431519,0.1724137931034483,0.0
979,2,29.0,98.0,3.3793103448275863,0.1206896551724138,0.1111111111111111,0.037037037037037035,0.375,0.2916666666666667,0.125,0.5416666666666666,0.6896551724137931,0.0,0.15,0.6,0.6354089563286454,0.220156834030127,0.2788690476190476,0.3465377212381855,0.0,0.26636904761904767,0.13216700013878607,0.8125,4.083333333333333,2.8729119701803953,2.6967596558863427,1.0848170882880492,4.333333333333334,0.5833333333333334,0.7585979262944629,4.0,11.0,1.5738636363636365,0.6805030606723349,0.27586206896551724,0.0
98,2,29.0,51.0,1.7586206896551724,0.06280788177339902,0.1111111111111111,0.25925925925925924,0.5,0.3333333333333333,0.08333333333333333,0.3333333333333333,0.6896551724137931,0.0,0.1,0.6,0.45625000000000004,0.2799483432335813,0.18472222222222223,0.3122273367642019,0.0,0.24305555555555552,0.10625000000000001,0.625,2.125,1.3929168644626095,2.6387246852764092,1.114997200419203,5.0,0.4583333333333333,0.5313511645265969,4.0,7.0,1.8103448275862069,0.8120162035591276,0.06896551724137931,0.0
980,2,30.0,68.0,2.2666666666666666,0.07816091954022988,0.10714285714285714,0.10714285714285714,0.52,0.24,0.12,0.36,0.7,0.0,0.14285714285714285,0.5714285714285714,0.5158270202020201,0.3213464843363494,0.22999999999999995,0.3594620466237889,0.0,0.22530864197530884,0.12174479166666666,0.75,2.72,1.9043809142780932,2.7566114561766732,1.1140103171695466,4.5,0.56,0.6472523554155565,4.0,8.0,1.748299319727891,0.738784056674746,0.16666666666666666,0.0
981,2,29.0,60.0,2.0689655172413794,0.07389162561576355,0.1111111111111111,0.2222222222222222,0.5416666666666666,0.25,0.08333333333333333,0.375,0.6896551724137931,0.0,0.1,0.6,0.5293803418803419,0.3575776932179321,0.21527777777777776,0.33416261577893325,0.0,0.12152777777777785,0.08760683760683761,0.5625,2.5,1.956038587687303,2.713957307060756,1.1343839318404314,4.666666666666666,0.5,0.5184939772632663,4.0,7.0,1.6545454545454545,0.7714678447800712,0.06896551724137931,0.0
982,2,30.0,67.0,2.2333333333333334,0.07701149425287357,0.10714285714285714,0.21428571428571427,0.44,0.4,0.12,0.36,0.7,0.0,0.14285714285714285,0.42857142857142855,0.30636243386243384,0.38037579048623227,0.24666666666666667,0.3699349292130331,0.0,0.1820987654320988,0.03244874338624339,0.5,2.68,3.009983388658482,2.5564197530864194,1.085043702646266,4.2592592592592595,0.32,0.6556896926933503,4.0,9.0,1.7132867132867133,0.7564034397697168,0.16666666666666666,0.0
983,2,30.0,44.0,1.4666666666666666,0.05057471264367816,0.10714285714285714,0.39285714285714285,0.48,0.36,0.2,0.36,0.7,0.0,0.23809523809523808,0.47619047619047616,0.5974999999999999,0.3258002967054102,0.26466666666666666,0.41057547688850365,0.0,0.3055555555555556,0.18326822916666666,0.875,1.76,1.1284207253207175,2.7707936507936504,1.335829667184982,5.333333333333334,0.4,0.5643096186678845,5.0,7.0,2.128205128205128,1.1260126594687196,0.0,0.0
984,2,29.0,94.0,3.2413793103448274,0.11576354679802955,0.1111111111111111,0.037037037037037035,0.5,0.2916666666666667,0.08333333333333333,0.375,0.6896551724137931,0.0,0.1,0.6,0.558639651197382,0.19897462175244307,0.22023809523809523,0.3279098870354129,0.0,0.19212962962962973,0.11087504781028876,0.75,3.9166666666666665,3.5005175600767666,2.865058251417278,1.2834620431392185,4.833333333333334,0.5833333333333334,0.8319141389534955,4.0,11.0,1.690217391304348,0.7367866701369657,0.27586206896551724,0.0
985,2,30.0,70.0,2.3333333333333335,0.08045977011494253,0.10714285714285714,0.17857142857142858,0.44,0.36,0.16,0.4,0.7,0.0,0.19047619047619047,0.5238095238095238,0.581111111111111,0.3616097270728656,0.2573333333333333,0.3797562571108142,0.0,0.17592592592592593,0.09075126262626262,0.75,2.8,2.581988897471611,2.618095238095238,1.0995678913957354,4.666666666666666,0.6,0.6929280505500544,4.0,10.0,1.792857142857143,0.8855062249408776,0.1,0.0
986,2,30.0,58.0,1.9333333333333333,0.06666666666666667,0.10714285714285714,0.10714285714285714,0.44,0.4,0.24,0.4,0.7,0.0,0.2857142857142857,0.5238095238095238,0.6218279569892473,0.4182752508276887,0.308,0.4290687590584986,0.0,0.345679012345679,0.13533266129032256,0.5625,2.32,2.193171219946131,2.548518518518519,1.0825662215095462,5.0,0.24,0.7177148503684945,4.0,7.0,1.5865384615384615,0.7322074209158304,0.2,0.0
987,2,29.0,71.0,2.4482758620689653,0.0874384236453202,0.1111111111111111,0.037037037037037035,0.4166666666666667,0.25,0.08333333333333333,0.4583333333333333,0.6896551724137931,0.0,0.1,0.65,0.5392462154614932,0.32654810246068716,0.22048611111111108,0.31288723994353734,0.0,0.2001832561728395,0.08124999999999999,0.625,2.9583333333333335,2.6454089297870564,2.6362009318905875,1.1208496074589287,5.0,0.5,0.6202072845744314,4.0,8.0,1.6544117647058822,0.7829542957247887,0.13793103448275862,0.0
988,2,30.0,76.0,2.533333333333333,0.08735632183908046,0.10714285714285714,0.03571428571428571,0.44,0.32,0.12,0.36,0.7,0.0,0.14285714285714285,0.5714285714285714,0.5907456790123458,0.35833504048851605,0.20133333333333334,0.33671616797798376,0.0,0.16,0.05802904719235364,0.625,3.04,2.4234960972391377,2.6823920858834653,1.109213810874964,4.3125,0.4,0.688377503940066,4.0,11.0,1.718562874251497,0.7353896397338171,0.23333333333333334,0.0
989,2,30.0,62.0,2.066666666666667,0.07126436781609195,0.10714285714285714,0.2857142857142857,0.48,0.32,0.12,0.28,0.7,0.0,0.14285714285714285,0.6190476190476191,0.39246788990825693,0.35677716691778416,0.18,0.3415650255319866,0.0,0.2361111111111111,0.04911482224770642,0.5625,2.48,1.9604421270043484,2.6310432330827065,1.0598676688605633,4.5,0.48,0.6311575642272559,4.0,8.0,1.6491228070175439,0.7284661560684776,0.1,0.0
99,2,29.0,90.0,3.103448275862069,0.11083743842364532,0.1111111111111111,0.037037037037037035,0.5,0.2916666666666667,0.08333333333333333,0.375,0.6896551724137931,0.0,0.1,0.55,0.41608595991731284,0.2935932454721063,0.1958333333333333,0.31623731381249587,0.0,0.3116974580712789,0.014970788704965921,0.375,3.75,3.082207001484488,2.6137939344382173,1.0453701010217336,4.4,0.5,0.5925167748142798,4.0,9.0,1.5864197530864197,0.6928657002721402,0.27586206896551724,0.0
990,2,29.0,54.0,1.8620689655172413,0.0665024630541872,0.1111111111111111,0.2222222222222222,0.4583333333333333,0.3333333333333333,0.16666666666666666,0.375,0.6896551724137931,0.0,0.2,0.5,0.6316137566137566,0.3508747010436347,0.26666666666666666,0.3905897930993973,0.0,0.21875,0.07155067155067155,0.5625,2.25,1.8474424154113356,2.5289203612479474,1.0107891198523793,4.1875,0.4166666666666667,0.5810467296203196,3.0,8.0,1.6528925619834711,0.6546085828143524,0.10344827586206896,0.0
991,2,29.0,77.0,2.6551724137931036,0.09482758620689655,0.1111111111111111,0.1111111111111111,0.375,0.4166666666666667,0.16666666666666666,0.5,0.6896551724137931,0.0,0.2,0.55,0.6176981943196566,0.2897986856739986,0.29791666666666666,0.37981410721384135,0.0,0.22743055555555558,0.1746251684636118,0.875,3.2083333333333335,2.302723655127566,2.540715598678393,1.0527440830691581,4.25,0.4583333333333333,0.6695183069740634,3.0,11.0,1.6363636363636365,0.6648817460160741,0.1724137931034483,0.0
992,2,30.0,78.0,2.6,0.0896551724137931,0.10714285714285714,0.10714285714285714,0.44,0.32,0.16,0.48,0.7,0.0,0.19047619047619047,0.5238095238095238,0.6605106619570905,0.32382475222654716,0.28400000000000003,0.37129278653554976,0.0,0.2644675925925926,0.307586832810047,0.8125,3.12,2.08806130178211,2.762428774928775,1.2269115102477106,4.6923076923076925,0.56,0.7710600280289471,5.0,10.0,1.803680981595092,0.8524394602559762,0.16666666666666666,0.0
993,2,29.0,53.0,1.8275862068965518,0.06527093596059114,0.1111111111111111,0.2222222222222222,0.5,0.3333333333333333,0.08333333333333333,0.2916666666666667,0.6896551724137931,0.0,0.1,0.55,0.4071180555555555,0.3130099335190749,0.1729166666666667,0.31694543412480386,0.0,0.2835648148148149,0.025555555555555557,0.4666666666666667,2.2083333333333335,1.5874279625330667,2.668288177339902,1.1039380470058904,5.0,0.4166666666666667,0.567360070843458,4.0,7.0,1.8409090909090908,0.8086322960071112,0.06896551724137931,0.0
994,2,30.0,93.0,3.1,0.10689655172413794,0.10714285714285714,0.03571428571428571,0.4,0.24,0.08,0.44,0.7,0.0,0.09523809523809523,0.5714285714285714,0.4231640442436516,0.29203345207991965,0.21,0.31027914552568325,0.0,0.25736961451247165,0.07303196564885496,0.6875,3.72,3.397548135543238,2.607150537634409,1.0123981662594528,4.5,0.64,0.5997167817122016,3.0,8.0,1.5033112582781456,0.6416039503767668,0.13333333333333333,0.0
995,2,29.0,51.0,1.7586206896551724,0.06280788177339902,0.1111111111111111,0.14814814814814814,0.4166666666666667,0.4166666666666667,0.20833333333333334,0.4166666666666667,0.6896551724137931,0.0,0.25,0.55,0.6815365961199293,0.34835266248009983,0.30902777777777773,0.41809838562760826,0.0,0.2479423868312757,0.20981481481481484,0.6666666666666666,2.125,1.701980943029264,2.5409688013136287,1.1065493580234558,4.75,0.375,0.5943241723353192,5.0,7.0,1.8691588785046729,1.0378143956423536,0.0,0.0
996,2,30.0,90.0,3.0,0.10344827586206896,0.10714285714285714,0.03571428571428571,0.52,0.28,0.08,0.36,0.7,0.0,0.09523809523809523,0.5714285714285714,0.4966942328042328,0.26329280410981754,0.2093333333333333,0.32776883226964615,0.0,0.262962962962963,0.0572181712962963,0.625,3.6,2.857738033247041,2.6491063810916753,1.0121480727173606,4.076923076923077,0.48,0.6041589880537913,3.0,10.0,1.5432098765432098,0.6215465127240983,0.06666666666666667,0.0
997,2,29.0,79.0,2.7241379310344827,0.09729064039408868,0.1111111111111111,0.037037037037037035,0.4583333333333333,0.375,0.20833333333333334,0.375,0.6896551724137931,0.0,0.25,0.5,0.657818969979296,0.34780567899749876,0.28703703703703703,0.42076619868093795,0.0,0.2265625,0.060734908773291914,0.625,3.2916666666666665,3.0713142161772957,2.58142687620909,1.0555316209818444,4.3,0.3333333333333333,0.7246711626410072,3.0,10.0,1.5664335664335665,0.6452365060383013,0.20689655172413793,0.0
998,2,30.0,60.0,2.0,0.06896551724137931,0.10714285714285714,0.14285714285714285,0.44,0.4,0.12,0.28,0.7,0.0,0.14285714285714285,0.5238095238095238,0.4885632183908046,0.3698453455324453,0.20666666666666664,0.3641326579594209,0.0,0.17901234567901236,0.025682471264367814,0.375,2.4,2.4494897427831788,2.527891737891738,1.0520057097168598,4.444444444444445,0.44,0.5768556152801567,3.0,8.0,1.6611570247933884,0.7018276023861375,0.1,0.0
999,2,30.0,63.0,2.1,0.07241379310344828,0.10714285714285714,0.10714285714285714,0.48,0.28,0.12,0.4,0.7,0.0,0.14285714285714285,0.5238095238095238,0.4896444444444444,0.3460580439075017,0.24000000000000005,0.3562601525518905,0.0,0.3212962962962964,0.06815972222222222,0.4375,2.52,2.3473389188611007,2.6682539682539685,1.137441384774413,5.0,0.44,0.6777020157340785,4.0,8.0,1.6521739130434783,0.7840904694139458,0.1,0.0
