SLN_ID,Detritus,S,interactions,L_D,C,Basal,Top,Carniv,Herbiv,Herbiv_true,ProdFeed,Animals,BasalAnimals,AnimHerbiv_true,AnimPred,green_frac_mean,green_frac_sd,green_direct_mean,green_direct_sd,cross_habitat_L,aqu_from_terr,terr_from_aqu,terr_with_aqu,meanInDegree,sdInDegree,mean_NTP,sd_NTP,max_NTP,TrOmniv,q_inCoherence,diameter,max_chain_len,mean_path_len,sd_path_len,loop,Modularity
1,2,98.0,308.0,3.142857142857143,0.03240058910162003,0.2604166666666667,0.10416666666666667,0.22535211267605634,0.6056338028169014,0.16901408450704225,0.4225352112676056,0.21428571428571427,0.0,0.14285714285714285,0.5238095238095238,0.4384666642237215,0.41012437152892955,0.34379830872392375,0.43166094889923845,0.0,0.041170968948746736,0.0031417705422089777,0.16071428571428573,4.338028169014085,5.17395582832719,2.1154325253133464,0.9770649635073269,4.935483870967742,0.28169014084507044,0.47577522743382483,5.0,9.0,1.8858773181169757,0.9093719853749606,0.061224489795918366,0.0
10,2,95.0,285.0,3.0,0.031914893617021274,0.23655913978494625,0.11827956989247312,0.2535211267605634,0.6197183098591549,0.22535211267605634,0.4507042253521127,0.22105263157894736,0.0,0.14285714285714285,0.5238095238095238,0.5136058208369294,0.39931015337824144,0.36686787391012743,0.4443760570221209,NaN,NaN,NaN,NaN,4.014084507042254,4.489648276858601,2.134183446929858,0.9497777868209782,4.561797752808989,0.2676056338028169,0.3968871009381567,5.0,9.0,2.0753768844221105,0.9863708890348687,0.031578947368421054,0.0
100,2,98.0,304.0,3.1020408163265305,0.03197980223017042,0.2708333333333333,0.10416666666666667,0.22857142857142856,0.6142857142857143,0.22857142857142856,0.4857142857142857,0.21428571428571427,0.0,0.19047619047619047,0.47619047619047616,0.5542058800253244,0.408767739117687,0.39213461142032574,0.4436141331383001,0.0,0.03333333333333333,0.01188277661491947,0.26785714285714285,4.3428571428571425,4.252486789202235,2.0647377636148967,0.9166563596690842,4.772727272727273,0.2857142857142857,0.42803280299197194,5.0,11.0,1.8784916201117319,0.8994394298903993,0.02040816326530612,0.0
1000,2,92.0,322.0,3.5,0.038461538461538464,0.25555555555555554,0.05555555555555555,0.26865671641791045,0.6268656716417911,0.14925373134328357,0.44776119402985076,0.22826086956521738,0.0,0.14285714285714285,0.5238095238095238,0.5210292077796483,0.3913361264390797,0.3662103018740882,0.4377707222506021,0.0,0.015963203463203474,0.011328087364764448,0.2830188679245283,4.8059701492537314,5.678878479680139,2.106397906274261,0.9561085028984714,4.837837837837838,0.23880597014925373,0.40094236125729626,5.0,10.0,1.917936694021102,0.886952614094812,0.043478260869565216,0.0
101,2,93.0,318.0,3.4193548387096775,0.03716690042075736,0.24175824175824176,0.14285714285714285,0.2318840579710145,0.5797101449275363,0.2463768115942029,0.463768115942029,0.22580645161290322,0.0,0.09523809523809523,0.47619047619047616,0.5568099889937983,0.40077439742346066,0.37507215007215006,0.44923657166654674,0.0,0.028013392857142903,0.011009199440975437,0.2641509433962264,4.608695652173913,6.034745940615475,2.153888829148709,0.9963936995774895,4.833333333333334,0.3188405797101449,0.4278173318966086,6.0,12.0,2.0213270142180093,1.0050973960254428,0.08602150537634409,0.0
102,2,94.0,293.0,3.117021276595745,0.03351635781285747,0.25,0.07608695652173914,0.2318840579710145,0.6086956521739131,0.2318840579710145,0.463768115942029,0.22340425531914893,0.0,0.09523809523809523,0.47619047619047616,0.5036325845035374,0.39797342366662936,0.3621186793056904,0.43699694533617056,0.0,0.027378129117259578,0.017542891402900523,0.24074074074074073,4.246376811594203,6.1294990609574205,2.1092598427420564,0.9763787026747132,5.071428571428571,0.2753623188405797,0.40634289467830276,5.0,8.0,1.7645985401459854,0.9623945719023543,0.0,0.0
103,2,98.0,337.0,3.438775510204082,0.03545129391962971,0.2708333333333333,0.0625,0.21428571428571427,0.6428571428571429,0.2714285714285714,0.4857142857142857,0.21428571428571427,0.0,0.19047619047619047,0.5238095238095238,0.5458245384966921,0.41226506022281684,0.3878311521168664,0.4548051058506827,0.0,0.015178571428571461,0.018652319765764654,0.35714285714285715,4.814285714285714,6.382250879900902,2.089576415593414,1.0121829338297805,5.153846153846153,0.2714285714285714,0.4693417636321058,6.0,11.0,2.185068349106204,1.1440592414534583,0.07142857142857142,0.0
104,2,97.0,307.0,3.1649484536082473,0.032968213058419245,0.2736842105263158,0.10526315789473684,0.2463768115942029,0.6231884057971014,0.2753623188405797,0.463768115942029,0.21649484536082475,0.0,0.19047619047619047,0.47619047619047616,0.570639860683706,0.40891278693919003,0.402534462317071,0.4592630875185425,0.0,0.00867346938775512,0.01635855952263614,0.2545454545454545,4.449275362318841,5.432841938249418,2.0838239205483613,0.9694990958207715,4.7,0.2753623188405797,0.5030339671045985,4.0,12.0,1.8676293622141997,0.7849788807254718,0.05154639175257732,0.0
105,2,92.0,283.0,3.0760869565217392,0.03380315336837076,0.23333333333333334,0.2,0.2318840579710145,0.6376811594202898,0.2318840579710145,0.4927536231884058,0.22826086956521738,0.0,0.19047619047619047,0.5238095238095238,0.560174199401789,0.3939776460321048,0.3948355187485622,0.4477834843910802,0.0,0.03571428571428571,0.01100589306164219,0.2545454545454545,4.101449275362318,4.1732514039388295,2.1615527613936543,1.0320472167385335,5.772727272727273,0.2753623188405797,0.44812413549250407,5.0,11.0,1.9063400576368876,0.9311911902628188,0.06521739130434782,0.0
106,2,92.0,393.0,4.271739130434782,0.04694218824653607,0.2222222222222222,0.12222222222222222,0.2,0.6142857142857143,0.22857142857142856,0.4857142857142857,0.22826086956521738,0.0,0.19047619047619047,0.5238095238095238,0.5386870308968693,0.3942477425344733,0.37914345170692393,0.44146625901873465,0.0,0.06878306878306878,0.013691269568019577,0.32142857142857145,5.614285714285714,8.276547724505965,2.1161065347980674,0.8575970646304585,4.233333333333333,0.2857142857142857,0.41430064579098524,4.0,13.0,1.7342582710779082,0.7137465175707998,0.08695652173913043,0.0
107,2,98.0,293.0,2.989795918367347,0.03082263833368399,0.25,0.10416666666666667,0.2222222222222222,0.6388888888888888,0.2777777777777778,0.4583333333333333,0.21428571428571427,0.0,0.09523809523809523,0.5238095238095238,0.4970607702696823,0.40999028123496867,0.3693282797449464,0.4542687422764969,0.0,0.017818509615384615,0.021785610429583647,0.32142857142857145,4.069444444444445,4.615730570678436,2.0844940219276693,0.9195927680948262,4.75,0.2361111111111111,0.4039692155497451,5.0,9.0,1.7865853658536586,0.8344875021082269,0.02040816326530612,0.0
108,2,95.0,333.0,3.5052631578947366,0.03729003359462486,0.24731182795698925,0.12903225806451613,0.24285714285714285,0.6142857142857143,0.2,0.4857142857142857,0.22105263157894736,0.0,0.19047619047619047,0.42857142857142855,0.5252729151190217,0.39232749989109805,0.383747680890538,0.4415143777518889,0.0,0.022852891156462607,0.011530694333709915,0.2857142857142857,4.757142857142857,5.306369468461259,2.1186907596879676,0.9707046459846368,4.858823529411765,0.2714285714285714,0.370640129305176,5.0,10.0,1.9400479616306954,0.9316383728254919,0.021052631578947368,0.0
109,2,94.0,266.0,2.8297872340425534,0.030427819720887667,0.2391304347826087,0.18478260869565216,0.24285714285714285,0.6285714285714286,0.3,0.45714285714285713,0.22340425531914893,0.0,0.19047619047619047,0.47619047619047616,0.5237487299001214,0.42471308351211784,0.3888719124013242,0.4589375221298959,NaN,NaN,NaN,NaN,3.8,5.398872668155502,2.0700804145493934,0.8489571220259525,4.454545454545455,0.24285714285714285,0.3249190098850869,4.0,6.0,1.572314049586777,0.7114400994042265,0.0,0.0
11,2,96.0,325.0,3.3854166666666665,0.0356359649122807,0.2765957446808511,0.02127659574468085,0.23529411764705882,0.6323529411764706,0.2647058823529412,0.47058823529411764,0.21875,0.0,0.09523809523809523,0.5238095238095238,0.6257500466565546,0.4166851506959758,0.4091565057395507,0.458024763885387,0.0,0.02500310469015194,0.00932999462411227,0.2037037037037037,4.779411764705882,6.448060192478794,2.0704454398240704,0.9676149095157319,4.870967741935484,0.27941176470588236,0.45052884780034896,5.0,9.0,2.0521212121212122,1.0798006310266346,0.0,0.0
110,2,93.0,303.0,3.2580645161290325,0.03541374474053296,0.23076923076923078,0.10989010989010989,0.22857142857142856,0.6285714285714286,0.22857142857142856,0.45714285714285713,0.22580645161290322,0.0,0.14285714285714285,0.5238095238095238,0.5158610214177766,0.39940630324172666,0.37496598639455786,0.44565120183386453,0.0,0.009920634920634901,0.039999340892025,0.32142857142857145,4.328571428571428,5.003539120133678,2.1361814654263918,0.9629859419650356,5.0,0.2571428571428571,0.4639535372247388,4.0,9.0,1.6975206611570248,0.80729935791971,0.07526881720430108,0.0
111,2,91.0,299.0,3.2857142857142856,0.03650793650793651,0.2247191011235955,0.0898876404494382,0.2608695652173913,0.6086956521739131,0.2463768115942029,0.463768115942029,0.23076923076923078,0.0,0.14285714285714285,0.47619047619047616,0.5160735513989406,0.40120200216138424,0.374206872032959,0.4494517106573865,0.0,0.03775510204081634,0.01749508055162672,0.2545454545454545,4.333333333333333,4.873900077020896,2.1717082523195255,0.9851064528240118,4.875,0.2753623188405797,0.5480903687417041,4.0,11.0,1.6423841059602649,0.7247747598734476,0.10989010989010989,0.0
112,2,90.0,294.0,3.2666666666666666,0.03670411985018727,0.2159090909090909,0.2159090909090909,0.2753623188405797,0.6231884057971014,0.21739130434782608,0.42028985507246375,0.23333333333333334,0.0,0.09523809523809523,0.42857142857142855,0.517534205227091,0.39285835276559294,0.3639840433318694,0.45132934800760355,0.0,0.035489510489510476,0.012766663812515748,0.30357142857142855,4.260869565217392,5.045825805184518,2.1530271271937935,0.9521883764247578,4.833333333333334,0.2463768115942029,0.29434444780468244,5.0,7.0,2.0240320427236314,1.0143142774886615,0.022222222222222223,0.0
113,2,92.0,314.0,3.4130434782608696,0.037505972288580984,0.23333333333333334,0.13333333333333333,0.2753623188405797,0.5942028985507246,0.18840579710144928,0.42028985507246375,0.22826086956521738,0.0,0.09523809523809523,0.5238095238095238,0.5389382841688972,0.39696179075812443,0.35340918721925585,0.4426527336112961,0.0,0.01833333333333335,0.008853042826719617,0.24074074074074073,4.550724637681159,6.100955161197537,2.161695793363036,0.9695012312091635,4.685185185185185,0.2463768115942029,0.4074014198261397,5.0,12.0,2.0175849941383355,0.9474057889713561,0.05434782608695652,0.0
114,2,92.0,335.0,3.641304347826087,0.04001433349259436,0.2222222222222222,0.1,0.21428571428571427,0.6285714285714286,0.2,0.44285714285714284,0.22826086956521738,0.0,0.19047619047619047,0.47619047619047616,0.5031531208107464,0.40089561094316245,0.35562542720437457,0.44011592960770535,0.0,0.03477443609022557,0.02531465341774115,0.30357142857142855,4.785714285714286,5.62059581436778,2.145944795782174,0.9409755274988785,4.619047619047619,0.2714285714285714,0.4081266793022633,4.0,10.0,1.6479514415781487,0.7400040401250622,0.06521739130434782,0.0
115,2,95.0,295.0,3.1052631578947367,0.03303471444568869,0.26881720430107525,0.08602150537634409,0.25,0.6029411764705882,0.22058823529411764,0.4852941176470588,0.22105263157894736,0.0,0.14285714285714285,0.47619047619047616,0.5646827727435537,0.3771678318348502,0.3806149732620321,0.4355454712119763,0.0,0.026938775510204054,0.015395659335053276,0.2222222222222222,4.338235294117647,4.420475743011902,2.112421497563304,0.9909661080648107,4.703703703703704,0.29411764705882354,0.4491385713584118,4.0,8.0,1.699831365935919,0.7825913977541795,0.021052631578947368,0.0
116,2,92.0,254.0,2.760869565217391,0.030339225991399904,0.23333333333333334,0.13333333333333333,0.2028985507246377,0.6376811594202898,0.2898550724637681,0.463768115942029,0.22826086956521738,0.0,0.14285714285714285,0.47619047619047616,0.5636321783192098,0.40888270527062576,0.38369565217391305,0.4570892982760212,NaN,NaN,NaN,NaN,3.681159420289855,4.6950936644894625,2.130163167995846,0.973412838353,5.666666666666666,0.2608695652173913,0.4160858948948577,5.0,8.0,2.0194489465153973,1.0427288535764554,0.0,0.0
117,2,91.0,274.0,3.010989010989011,0.033455433455433455,0.23595505617977527,0.0898876404494382,0.25,0.6029411764705882,0.25,0.45588235294117646,0.23076923076923078,0.0,0.19047619047619047,0.5238095238095238,0.5519901132806682,0.40561811251934843,0.36176523639758934,0.44920061324160393,0.0,0.050000000000000024,0.018757400083133976,0.2962962962962963,4.029411764705882,5.552922017496448,2.14057823291665,0.9583470069774713,4.827586206896552,0.25,0.44014439740758804,4.0,9.0,1.9205607476635513,0.9437772203765995,0.04395604395604396,0.0
118,2,94.0,283.0,3.0106382978723403,0.03237245481583162,0.2391304347826087,0.17391304347826086,0.2571428571428571,0.6,0.14285714285714285,0.42857142857142855,0.22340425531914893,0.0,0.09523809523809523,0.47619047619047616,0.48603814979374776,0.3911417617955274,0.3450489589775304,0.4231451541504068,NaN,NaN,NaN,NaN,4.042857142857143,4.391809617734643,2.129299220145072,0.9483081596247347,4.909090909090909,0.22857142857142856,0.31929870395404025,4.0,7.0,1.7851099830795263,0.8730513098198383,0.05319148936170213,0.0
119,2,97.0,364.0,3.752577319587629,0.0390893470790378,0.2631578947368421,0.11578947368421053,0.2,0.6428571428571429,0.2571428571428571,0.4857142857142857,0.20618556701030927,0.0,0.2,0.5,0.5058241074602595,0.41835819901010973,0.39589832500505917,0.4522409255810954,0.0,0.014975845410628049,0.015677574474152318,0.2545454545454545,5.2,6.499944258400899,2.0456486571742305,0.8981775664376659,5.0,0.24285714285714285,0.43168082712201006,4.0,9.0,1.5199362041467304,0.6670003394246495,0.020618556701030927,0.0
12,2,98.0,331.0,3.377551020408163,0.034820113612455295,0.2708333333333333,0.125,0.2571428571428571,0.6,0.21428571428571427,0.4714285714285714,0.21428571428571427,0.0,0.14285714285714285,0.42857142857142855,0.5678409918046801,0.40915737411864767,0.38111130097972207,0.44092875324569714,0.0,0.0300434419381788,0.014315298188311084,0.2727272727272727,4.728571428571429,5.0272343178062,2.080668200451661,0.9334857270289394,4.561904761904762,0.2571428571428571,0.4547447945909681,4.0,10.0,1.7198335644937586,0.7614007377011534,0.061224489795918366,0.0
120,2,101.0,339.0,3.3564356435643563,0.033564356435643566,0.2828282828282828,0.1414141414141414,0.2535211267605634,0.6056338028169014,0.2535211267605634,0.4507042253521127,0.2079207920792079,0.0,0.14285714285714285,0.5714285714285714,0.4980012686232375,0.42229950500639307,0.3810235148263318,0.4558749201806672,0.0,0.03348225848225846,0.010085090182512772,0.25,4.774647887323944,5.779760704632754,2.081499815721303,0.9803148999697996,4.857142857142858,0.2676056338028169,0.4535820386886649,4.0,9.0,1.6991150442477876,0.8012356309028477,0.06930693069306931,0.0
121,2,95.0,294.0,3.094736842105263,0.03292273236282195,0.26881720430107525,0.15053763440860216,0.2647058823529412,0.5735294117647058,0.22058823529411764,0.47058823529411764,0.22105263157894736,0.0,0.14285714285714285,0.5238095238095238,0.5273281181159332,0.4054363280070896,0.3784205990088343,0.4437739234533946,0.0,0.02422542735042738,0.010493962461617446,0.18867924528301888,4.323529411764706,4.240674321451079,2.0981306296902273,0.9655662986980234,4.727272727272727,0.2647058823529412,0.3931413797337022,4.0,8.0,1.6689774696707105,0.7903219903620526,0.021052631578947368,0.0
122,2,95.0,371.0,3.905263157894737,0.04154535274356103,0.24731182795698925,0.06451612903225806,0.22857142857142856,0.6571428571428571,0.2571428571428571,0.4857142857142857,0.22105263157894736,0.0,0.19047619047619047,0.47619047619047616,0.5540908951048752,0.4016983015606823,0.3900648721026873,0.45123910002159395,0.0,0.026779230210602786,0.01934987189824224,0.34545454545454546,5.3,6.68190287919216,2.0871533844637837,0.9490224371979905,5.296296296296296,0.24285714285714285,0.43704850626662756,5.0,11.0,1.8775743707093822,0.914375742499671,0.06315789473684211,0.0
123,2,95.0,300.0,3.1578947368421053,0.0335946248600224,0.26881720430107525,0.08602150537634409,0.20588235294117646,0.6176470588235294,0.29411764705882354,0.5147058823529411,0.22105263157894736,0.0,0.19047619047619047,0.5238095238095238,0.6086117178879128,0.39596822220706956,0.40578661534543886,0.45513481567563174,0.0,0.02582908163265311,0.023054854096520763,0.3333333333333333,4.411764705882353,5.8213074751235885,2.097720405956737,0.9854966232953868,5.25,0.29411764705882354,0.44929118848922095,6.0,7.0,1.8654708520179373,0.9602054862739954,0.042105263157894736,0.0
124,2,95.0,313.0,3.294736842105263,0.03505039193729003,0.23655913978494625,0.11827956989247312,0.2112676056338028,0.6197183098591549,0.2676056338028169,0.4225352112676056,0.22105263157894736,0.0,0.14285714285714285,0.5714285714285714,0.4940874380776182,0.4078514079544908,0.34822315070647164,0.4484934253425464,NaN,NaN,NaN,NaN,4.408450704225352,5.931941298208571,2.1348809416289987,0.9465923738047656,4.727272727272727,0.28169014084507044,0.3708767426050965,4.0,10.0,1.8346560846560847,0.8269724649131415,0.031578947368421054,0.0
125,2,92.0,236.0,2.5652173913043477,0.02818920210224558,0.24444444444444444,0.15555555555555556,0.27941176470588236,0.6176470588235294,0.25,0.45588235294117646,0.22826086956521738,0.0,0.19047619047619047,0.42857142857142855,0.5629618021304129,0.4047997335912035,0.3835959383753501,0.4520520184817815,0.0,0.013605442176870786,0.005204905294719907,0.24528301886792453,3.4705882352941178,3.621950444435854,2.1429660463144264,0.9811942970692488,4.6328125,0.20588235294117646,0.49510914426655483,5.0,11.0,2.0092024539877302,0.9090302941557522,0.043478260869565216,0.0
126,2,91.0,294.0,3.230769230769231,0.035897435897435895,0.24719101123595505,0.10112359550561797,0.23880597014925373,0.5970149253731343,0.2537313432835821,0.4925373134328358,0.23076923076923078,0.0,0.14285714285714285,0.5238095238095238,0.6132235900441508,0.3834235298562418,0.39413269980434157,0.4446848910451523,0.0,0.018162393162393202,0.012332686289386916,0.2037037037037037,4.388059701492537,4.833454200831249,2.1159018776626337,0.9240407754202393,4.6764705882352935,0.2835820895522388,0.4601861647387763,4.0,9.0,1.8148710166919575,0.8517943371263483,0.054945054945054944,0.0
127,2,93.0,283.0,3.043010752688172,0.03307620383356709,0.24175824175824176,0.13186813186813187,0.2318840579710145,0.6086956521739131,0.2753623188405797,0.4927536231884058,0.22580645161290322,0.0,0.14285714285714285,0.47619047619047616,0.5674027760119835,0.3947849420812186,0.38759071041679743,0.45112004550592627,0.0,0.011111111111111103,0.007081128019863195,0.21818181818181817,4.101449275362318,4.715883447694834,2.133149116229038,0.9519783770092335,4.666666666666666,0.2898550724637681,0.43709762280249354,4.0,10.0,1.8325859491778775,0.8182514092407261,0.08602150537634409,0.0
128,2,93.0,364.0,3.913978494623656,0.04254324450677887,0.25274725274725274,0.01098901098901099,0.23529411764705882,0.6176470588235294,0.19117647058823528,0.4852941176470588,0.21505376344086022,0.0,0.2,0.5,0.5289972194162497,0.40050363616292767,0.3636980768238618,0.4295523194192758,0.0,0.017549712192569338,0.008137550260581015,0.18518518518518517,5.352941176470588,7.282702274183576,2.0783257857957556,0.8832005388873496,4.3076923076923075,0.25,0.45887829846612227,4.0,8.0,1.6571428571428573,0.7304211020883922,0.053763440860215055,0.0
129,2,92.0,375.0,4.076086956521739,0.04479216435738175,0.26666666666666666,0.05555555555555555,0.21212121212121213,0.6212121212121212,0.30303030303030304,0.5,0.22826086956521738,0.0,0.23809523809523808,0.5238095238095238,0.5811932033864107,0.41452624064635113,0.41778804648245105,0.46236934276560326,0.0,0.0625,0.013930000217740367,0.3018867924528302,5.681818181818182,8.776119855624108,2.0325322333423212,0.853977936565499,4.583333333333334,0.2727272727272727,0.40712776615659513,5.0,10.0,1.8230958230958232,0.9518065935601874,0.043478260869565216,0.0
13,2,94.0,289.0,3.074468085106383,0.03305879661404713,0.25,0.14130434782608695,0.2318840579710145,0.6231884057971014,0.21739130434782608,0.463768115942029,0.22340425531914893,0.0,0.09523809523809523,0.47619047619047616,0.4704571378031523,0.4309947299787205,0.375713658322354,0.4454651723827357,0.0,0.012820512820512827,0.013808310571703428,0.19642857142857142,4.188405797101449,5.168556978951839,2.084191329752277,0.9188057370370538,5.0,0.18840579710144928,0.3072736923815263,4.0,7.0,1.54863813229572,0.6970895309898206,0.02127659574468085,0.0
130,2,94.0,289.0,3.074468085106383,0.03305879661404713,0.2608695652173913,0.13043478260869565,0.23529411764705882,0.5882352941176471,0.23529411764705882,0.45588235294117646,0.22340425531914893,0.0,0.14285714285714285,0.47619047619047616,0.5316661609136688,0.4193824944227475,0.38706885864393603,0.45151485513015394,0.0,0.013938820561337172,0.01705321273810598,0.22641509433962265,4.25,4.24044140197481,2.152012728509466,1.046191065064486,5.4,0.3088235294117647,0.5566563224912092,5.0,11.0,1.7921440261865793,0.9113152909670288,0.09574468085106383,0.0
131,2,99.0,279.0,2.8181818181818183,0.0287569573283859,0.26804123711340205,0.13402061855670103,0.19718309859154928,0.676056338028169,0.29577464788732394,0.4647887323943662,0.21212121212121213,0.0,0.23809523809523808,0.5238095238095238,0.5723553699803112,0.41250595983541327,0.3983707802369774,0.4624638301474192,0.0,0.020349279626623404,0.049679880292400516,0.2545454545454545,3.9295774647887325,4.206538935860867,2.0579317587876855,0.9502990529279104,5.0,0.22535211267605634,0.4864963978273168,5.0,11.0,1.8463949843260188,0.883253146067195,0.050505050505050504,0.0
132,2,96.0,287.0,2.9895833333333335,0.031469298245614036,0.2765957446808511,0.06382978723404255,0.23529411764705882,0.6029411764705882,0.27941176470588236,0.4852941176470588,0.21875,0.0,0.14285714285714285,0.5714285714285714,0.5594445846106155,0.4007997306367154,0.3980240723291604,0.4516946700469085,0.0,0.022163199055629402,0.025933327363522767,0.2641509433962264,4.220588235294118,5.685397866688496,2.1016720926828167,0.9973974909783775,5.083333333333334,0.29411764705882354,0.5145786699596712,5.0,9.0,2.006242197253433,0.9584941242736783,0.020833333333333332,0.0
133,2,96.0,324.0,3.375,0.035526315789473684,0.26595744680851063,0.1276595744680851,0.18840579710144928,0.6086956521739131,0.2608695652173913,0.4927536231884058,0.20833333333333334,0.0,0.2,0.55,0.5651833924486462,0.40921233010674934,0.4065021184586402,0.4558061369595954,0.0,0.021852433281004717,0.007946190574867047,0.24074074074074073,4.695652173913044,5.876934844913248,2.062219370318387,0.9238760071302419,5.25,0.2753623188405797,0.33771259905620715,5.0,6.0,1.8782608695652174,1.019244372095617,0.0,0.0
134,2,92.0,359.0,3.902173913043478,0.04288103201146679,0.2222222222222222,0.12222222222222222,0.2714285714285714,0.6142857142857143,0.2571428571428571,0.44285714285714284,0.22826086956521738,0.0,0.14285714285714285,0.5238095238095238,0.5335329842730653,0.4067442052022651,0.36974507120335404,0.4529393173200824,0.0,0.03105699516648768,0.012823714309948846,0.30357142857142855,5.128571428571429,6.573820340687417,2.1395078836921204,0.9308075477152116,4.6,0.24285714285714285,0.4123443378225017,4.0,10.0,1.737094837935174,0.7333273169160818,0.07608695652173914,0.0
135,2,93.0,310.0,3.3333333333333335,0.036231884057971016,0.25274725274725274,0.15384615384615385,0.22058823529411764,0.6323529411764706,0.20588235294117646,0.47058823529411764,0.22580645161290322,0.0,0.14285714285714285,0.47619047619047616,0.5315473438476983,0.388461439949659,0.377276440879382,0.4399989197636137,0.0,0.025440705128205125,0.009883793875676991,0.2727272727272727,4.5588235294117645,4.845007748992389,2.126028584704794,1.0085979416195048,5.315789473684211,0.27941176470588236,0.40061754462037497,5.0,8.0,1.9494818652849741,0.9670510837763907,0.021505376344086023,0.0
136,2,90.0,291.0,3.2333333333333334,0.036329588014981276,0.25,0.03409090909090909,0.22727272727272727,0.6060606060606061,0.30303030303030304,0.5151515151515151,0.23333333333333334,0.0,0.14285714285714285,0.47619047619047616,0.5913529958836601,0.3997502148968727,0.40662189118071473,0.45819795201702,0.0,0.014945436507936529,0.01556835026028738,0.3269230769230769,4.409090909090909,6.214071556933128,2.1369844193347896,0.983577714695639,5.111111111111111,0.25757575757575757,0.5014518829161473,5.0,9.0,1.8737588652482269,0.9074850823710456,0.07777777777777778,0.0
137,2,89.0,287.0,3.2247191011235956,0.03664453524004086,0.22988505747126436,0.13793103448275862,0.208955223880597,0.6567164179104478,0.2835820895522388,0.4626865671641791,0.2247191011235955,0.0,0.3,0.45,0.5599744485079802,0.4130462183883931,0.3949958002196808,0.4646634506757311,0.0,0.05303030303030303,0.010234625087842394,0.21428571428571427,4.2835820895522385,5.362060803938062,2.1106768274355208,0.9240557763617042,4.5,0.2537313432835821,0.37965194885077524,4.0,8.0,1.6384892086330936,0.7307115265400377,0.0449438202247191,0.0
138,2,97.0,347.0,3.577319587628866,0.03726374570446735,0.24210526315789474,0.11578947368421053,0.20833333333333334,0.625,0.2777777777777778,0.4583333333333333,0.21649484536082475,0.0,0.19047619047619047,0.5714285714285714,0.5445569818952505,0.43046445081721063,0.3711990941157608,0.45513304100346025,0.0,0.0032467532467532548,0.022866220107777308,0.32142857142857145,4.819444444444445,6.396139656379649,2.0903541949980315,0.8875402482088066,4.5,0.25,0.37629526763891735,5.0,9.0,1.7719528178243775,0.8373810804445048,0.030927835051546393,0.0
139,2,95.0,260.0,2.736842105263158,0.029115341545352745,0.24731182795698925,0.16129032258064516,0.2571428571428571,0.6285714285714286,0.2714285714285714,0.44285714285714284,0.22105263157894736,0.0,0.14285714285714285,0.5238095238095238,0.5088398428731763,0.4264338001727426,0.36906307977736547,0.45177978812490865,0.0,0.08222222222222222,0.017715572026178086,0.2727272727272727,3.7142857142857144,4.469357367620438,2.0646195806074235,0.8694101433850858,4.3478260869565215,0.2,0.3776262981723153,4.0,9.0,1.865506329113924,0.8478256312881968,0.031578947368421054,0.0
14,2,92.0,271.0,2.9456521739130435,0.032369804108934544,0.25555555555555554,0.14444444444444443,0.26865671641791045,0.582089552238806,0.23880597014925373,0.47761194029850745,0.22826086956521738,0.0,0.09523809523809523,0.5238095238095238,0.5461506833352398,0.4109371170345397,0.3888664403589777,0.4467424910400492,0.0,0.031003707965733276,0.011773501986414074,0.19230769230769232,4.044776119402985,4.564131686879626,2.1282693998643394,0.9679270262476593,5.166666666666666,0.22388059701492538,0.467499827056022,5.0,8.0,1.6967370441458733,0.8526930787161804,0.021739130434782608,0.0
140,2,96.0,323.0,3.3645833333333335,0.035416666666666666,0.26595744680851063,0.0851063829787234,0.21739130434782608,0.6231884057971014,0.2753623188405797,0.463768115942029,0.20833333333333334,0.0,0.15,0.5,0.5520003512790956,0.4061608156393484,0.38964745609358087,0.4546854385405943,0.0,0.024221428571428567,0.03072207075126244,0.3090909090909091,4.681159420289855,6.395064166589704,2.1097279775402185,1.0402433087234744,6.0,0.21739130434782608,0.46645295347313687,5.0,8.0,1.5018939393939394,0.7262992755649417,0.020833333333333332,0.0
141,2,96.0,279.0,2.90625,0.030592105263157896,0.2553191489361702,0.11702127659574468,0.2571428571428571,0.6142857142857143,0.24285714285714285,0.42857142857142855,0.21875,0.0,0.14285714285714285,0.5714285714285714,0.5131319615261613,0.4173554622654532,0.36414115646258505,0.4518476301682343,0.0,0.030194235588972444,0.015250721500721499,0.21818181818181817,3.9857142857142858,4.78976220142188,2.0941916134712746,0.9384658368973282,4.75,0.2714285714285714,0.43352375632110335,5.0,10.0,1.9176788124156545,0.8683460572130827,0.041666666666666664,0.0
142,2,95.0,313.0,3.294736842105263,0.03505039193729003,0.24731182795698925,0.10752688172043011,0.22857142857142856,0.6,0.24285714285714285,0.44285714285714284,0.22105263157894736,0.0,0.14285714285714285,0.5238095238095238,0.49703660142302386,0.4062192440537016,0.3597998889164303,0.44365991109599084,0.0,0.029431080565101242,0.015003892145436263,0.2545454545454545,4.4714285714285715,5.539636959201528,2.1081294389986405,0.9288847497546588,4.659090909090909,0.2571428571428571,0.4771271989283553,5.0,8.0,1.7526395173453997,0.8348823395625047,0.042105263157894736,0.0
143,2,94.0,278.0,2.9574468085106385,0.03180050331731869,0.2391304347826087,0.17391304347826086,0.24285714285714285,0.6285714285714286,0.2857142857142857,0.45714285714285713,0.22340425531914893,0.0,0.23809523809523808,0.5714285714285714,0.5282527630530792,0.4208430510362506,0.38764649719536937,0.4573569648823859,0.0,0.048214285714285716,0.011763532295441678,0.25,3.9714285714285715,5.537674467618763,2.0814795159175383,0.8811960173313664,4.583333333333334,0.24285714285714285,0.4157702483842547,4.0,9.0,1.8342939481268012,0.7747306044228606,0.05319148936170213,0.0
144,2,100.0,383.0,3.83,0.038686868686868686,0.2653061224489796,0.08163265306122448,0.2222222222222222,0.6111111111111112,0.2361111111111111,0.4444444444444444,0.21,0.0,0.14285714285714285,0.47619047619047616,0.5526764756647425,0.4131812178211691,0.37438257472979697,0.4497053996809362,0.0,0.021984791050295868,0.01606375860003092,0.2857142857142857,5.319444444444445,6.397240577855004,2.0705694644687473,0.9322159924282596,4.821428571428571,0.2777777777777778,0.39733940638717524,5.0,8.0,1.824582338902148,0.8752631308186062,0.0,0.0
145,2,97.0,356.0,3.670103092783505,0.03823024054982818,0.2631578947368421,0.08421052631578947,0.22857142857142856,0.6285714285714286,0.22857142857142856,0.42857142857142855,0.21649484536082475,0.0,0.19047619047619047,0.5714285714285714,0.49468305966909815,0.42991992380235866,0.3660034013605442,0.4486745497319943,0.0,0.03802910052910058,0.011939504452279611,0.2777777777777778,5.085714285714285,6.725988655613767,2.14264945025527,1.0833429431006116,5.681818181818182,0.2714285714285714,0.4759234509723511,5.0,11.0,1.87984496124031,0.9875195194463977,0.07216494845360824,0.0
146,2,90.0,292.0,3.2444444444444445,0.03645443196004994,0.2159090909090909,0.125,0.2608695652173913,0.6086956521739131,0.2318840579710145,0.4492753623188406,0.23333333333333334,0.0,0.14285714285714285,0.6190476190476191,0.5524082439836598,0.4104633191760986,0.36191449452319013,0.4507288335314205,0.0,0.00974025974025974,0.020269065176472582,0.2909090909090909,4.231884057971015,4.328920961653391,2.1870177934282413,0.975304912376304,5.083333333333334,0.2463768115942029,0.42418890735487613,4.0,10.0,1.8922470433639949,0.8201125224111561,0.07777777777777778,0.0
147,2,92.0,313.0,3.402173913043478,0.037386526516961296,0.23333333333333334,0.12222222222222222,0.2028985507246377,0.6521739130434783,0.2318840579710145,0.4782608695652174,0.22826086956521738,0.0,0.19047619047619047,0.47619047619047616,0.5381165126343078,0.4164397775148957,0.39004517079964646,0.44520550958802835,0.0,0.017333616138763226,0.023988869538939403,0.3018867924528302,4.536231884057971,5.647955669050235,2.0709561245525387,0.871621746023652,4.7368421052631575,0.2608695652173913,0.39177865721268457,4.0,9.0,1.6100840336134454,0.7242080265046341,0.043478260869565216,0.0
148,2,91.0,257.0,2.8241758241758244,0.03137973137973138,0.21348314606741572,0.11235955056179775,0.2571428571428571,0.6142857142857143,0.3,0.4142857142857143,0.23076923076923078,0.0,0.19047619047619047,0.47619047619047616,0.5063822803805561,0.4348592338239907,0.35669239490668064,0.46091674198387456,NaN,NaN,NaN,NaN,3.6714285714285713,4.356309528972353,2.165644680421364,0.9629440947745914,5.6,0.22857142857142856,0.4440097136915897,5.0,10.0,1.8516579406631763,0.9611245279958947,0.04395604395604396,0.0
149,2,99.0,322.0,3.2525252525252526,0.03318903318903319,0.25773195876288657,0.05154639175257732,0.2361111111111111,0.6388888888888888,0.2361111111111111,0.4583333333333333,0.21212121212121213,0.0,0.09523809523809523,0.5238095238095238,0.5455028454379482,0.4174202629960433,0.36713514109347445,0.4449542130902495,0.0,0.0156641604010025,0.00784505603430837,0.19642857142857142,4.472222222222222,6.476332256703444,2.039683382407993,0.858901020704238,4.269230769230769,0.2222222222222222,0.4097983331065309,3.0,7.0,1.6098726114649682,0.6864126631938329,0.020202020202020204,0.0
15,2,97.0,356.0,3.670103092783505,0.03823024054982818,0.2631578947368421,0.10526315789473684,0.22857142857142856,0.6142857142857143,0.21428571428571427,0.4714285714285714,0.21649484536082475,0.0,0.23809523809523808,0.47619047619047616,0.5810075320765292,0.4127364148809635,0.38902052048889735,0.45133898267411776,0.0,0.019782913165266123,0.008888629699874777,0.19642857142857142,5.085714285714285,6.095241330226882,2.0879311675810412,0.9446130094757001,5.0,0.24285714285714285,0.4022188263548718,5.0,9.0,1.748,0.8295059413946821,0.030927835051546393,0.0
150,2,98.0,357.0,3.642857142857143,0.03755522827687776,0.28125,0.03125,0.21739130434782608,0.6231884057971014,0.2028985507246377,0.463768115942029,0.21428571428571427,0.0,0.14285714285714285,0.5714285714285714,0.5201513084381284,0.4112095237486321,0.3749562363373105,0.4446536419640941,0.0,0.028575578796817745,0.01039551681486149,0.18518518518518517,5.173913043478261,6.650865759077426,2.0676211201794725,0.9644159629407267,4.891304347826087,0.2753623188405797,0.4574748848000135,5.0,12.0,2.0257787325456498,0.9746139629589357,0.07142857142857142,0.0
151,2,95.0,282.0,2.968421052631579,0.031578947368421054,0.26881720430107525,0.11827956989247312,0.25,0.6323529411764706,0.22058823529411764,0.45588235294117646,0.22105263157894736,0.0,0.14285714285714285,0.5238095238095238,0.540914255098794,0.40702946298993203,0.38499100620640414,0.4480449120417999,0.0,0.02565597667638487,0.003094313409743929,0.16666666666666666,4.147058823529412,5.163779438167396,2.0326935830025232,0.8791192790295727,4.60655737704918,0.23529411764705882,0.3613464065363846,4.0,10.0,1.8593314763231197,0.7999237054873469,0.021052631578947368,0.0
152,2,96.0,325.0,3.3854166666666665,0.0356359649122807,0.24468085106382978,0.05319148936170213,0.23943661971830985,0.6338028169014085,0.23943661971830985,0.4507042253521127,0.21875,0.0,0.19047619047619047,0.5238095238095238,0.5236876021858389,0.40372402228744436,0.3767834278397658,0.4501265752888188,NaN,NaN,NaN,NaN,4.577464788732394,5.013302224599174,2.143959566787021,1.0229004741807,5.2631578947368425,0.23943661971830985,0.5459298263139177,5.0,9.0,1.9767741935483871,1.0439823472894687,0.0625,0.0
153,2,97.0,333.0,3.4329896907216493,0.03576030927835051,0.25263157894736843,0.1368421052631579,0.2112676056338028,0.6338028169014085,0.2676056338028169,0.4647887323943662,0.21649484536082475,0.0,0.19047619047619047,0.47619047619047616,0.5171692794204079,0.41430505987796457,0.38772594364699625,0.45416897434384274,0.0,0.021529581529581517,0.01687135332775368,0.32142857142857145,4.690140845070423,6.6731691963216715,2.0691131762200605,0.9009982828896433,4.75,0.2535211267605634,0.3606275053700232,4.0,7.0,1.6744186046511629,0.7369137493666539,0.041237113402061855,0.0
154,2,97.0,347.0,3.577319587628866,0.03726374570446735,0.24210526315789474,0.10526315789473684,0.20833333333333334,0.6388888888888888,0.19444444444444445,0.4444444444444444,0.21649484536082475,0.0,0.09523809523809523,0.47619047619047616,0.5157852403367416,0.4046367709831692,0.3604747794440777,0.4387675936350053,0.0,0.025506973237843955,0.01051857328154549,0.2857142857142857,4.819444444444445,5.574909558765899,2.116826191718395,0.9545878236734768,4.944444444444445,0.2777777777777778,0.4468802358207869,5.0,8.0,1.865361077111383,0.9243371488838269,0.05154639175257732,0.0
155,2,93.0,272.0,2.924731182795699,0.031790556334735855,0.23076923076923078,0.08791208791208792,0.2,0.6428571428571429,0.2571428571428571,0.4857142857142857,0.22580645161290322,0.0,0.19047619047619047,0.5238095238095238,0.5618586253344332,0.40639511211046303,0.3857518796992481,0.45067151140857636,0.0,0.06164965986394559,0.01380590023317788,0.23214285714285715,3.8857142857142857,4.710588926357965,2.118147067440568,0.924840993638571,4.774647887323944,0.22857142857142856,0.4221807674371533,4.0,10.0,1.940771349862259,0.8649920613899833,0.03225806451612903,0.0
156,2,98.0,341.0,3.479591836734694,0.03587208079107932,0.2604166666666667,0.07291666666666667,0.2676056338028169,0.5915492957746479,0.18309859154929578,0.4507042253521127,0.21428571428571427,0.0,0.09523809523809523,0.5238095238095238,0.49819571416866,0.399811571986595,0.35282638495606233,0.43680125671946946,0.0,0.015911111111111105,0.009537543137090201,0.23214285714285715,4.802816901408451,6.130997864039186,2.1016199616719704,0.9285651571966377,4.702702702702703,0.22535211267605634,0.41008784608482285,5.0,8.0,1.8681318681318682,0.8662076534936383,0.02040816326530612,0.0
157,2,95.0,289.0,3.042105263157895,0.03236282194848824,0.26881720430107525,0.15053763440860216,0.2647058823529412,0.6029411764705882,0.20588235294117646,0.45588235294117646,0.22105263157894736,0.0,0.09523809523809523,0.47619047619047616,0.5207733827221539,0.409850417637009,0.37891595740860445,0.44035105448504125,0.0,0.020590277777777746,0.022290618094987502,0.2830188679245283,4.25,4.754809034569514,2.0695397368092854,0.9175692434541158,4.655172413793103,0.25,0.3902820619033327,4.0,8.0,1.5797979797979798,0.7722384255046297,0.021052631578947368,0.0
158,2,96.0,332.0,3.4583333333333335,0.03640350877192983,0.2765957446808511,0.09574468085106383,0.20588235294117646,0.6323529411764706,0.19117647058823528,0.45588235294117646,0.21875,0.0,0.19047619047619047,0.5238095238095238,0.5228872933263455,0.40317263687583,0.36869419147749594,0.43698483496153545,0.0,0.03312757201646088,0.012692843823594367,0.3018867924528302,4.882352941176471,5.749832993719286,2.071940316224603,0.9829413275931438,5.615384615384615,0.27941176470588236,0.45426793978409863,5.0,8.0,1.9578005115089514,1.0067680168712516,0.0,0.0
159,2,99.0,316.0,3.191919191919192,0.032570603999175426,0.25773195876288657,0.10309278350515463,0.2361111111111111,0.625,0.2222222222222222,0.4444444444444444,0.21212121212121213,0.0,0.14285714285714285,0.5238095238095238,0.5153077568347189,0.40676869238062097,0.36654491341991347,0.447031740193489,0.0,0.005952380952380959,0.008683326474377326,0.21428571428571427,4.388888888888889,4.923515163472663,2.062603077628957,0.8964354679679082,4.666666666666666,0.2638888888888889,0.38907409292785416,4.0,9.0,1.880794701986755,0.9106440452560061,0.030303030303030304,0.0
16,2,102.0,363.0,3.5588235294117645,0.035235876528829355,0.28,0.07,0.18055555555555555,0.625,0.20833333333333334,0.4861111111111111,0.20588235294117646,0.0,0.14285714285714285,0.5238095238095238,0.5417257772570493,0.41136086959855883,0.3774363617500873,0.4405393490970655,0.0,0.019183232639510828,0.016209529423519317,0.32142857142857145,5.041666666666667,5.875318391132781,2.0711067688878426,0.9746988387917483,5.260869565217391,0.3055555555555556,0.505758519321774,5.0,8.0,1.7728426395939085,0.8616780063585645,0.06862745098039216,0.0
160,2,93.0,325.0,3.4946236559139785,0.03798503973819542,0.25274725274725274,0.0989010989010989,0.23529411764705882,0.5882352941176471,0.23529411764705882,0.45588235294117646,0.22580645161290322,0.0,0.14285714285714285,0.5714285714285714,0.5402514961554375,0.3881317182752108,0.37031224254407646,0.4475071187166481,0.0,0.002400960384153724,0.013833063697886153,0.3148148148148148,4.779411764705882,5.101494039970989,2.1237195840689282,0.952958148847092,4.568965517241379,0.3088235294117647,0.4458650044636999,4.0,11.0,1.7773224043715847,0.8092349597778343,0.07526881720430108,0.0
161,2,100.0,411.0,4.11,0.04151515151515151,0.2857142857142857,0.10204081632653061,0.17142857142857143,0.6142857142857143,0.2571428571428571,0.5,0.21,0.0,0.19047619047619047,0.5238095238095238,0.5732274490074392,0.39434184378954507,0.39517882910740054,0.44916400416632124,0.0,0.02012471655328799,0.027820790455303383,0.35714285714285715,5.871428571428571,7.927061389785795,2.0741561735943685,0.9946713878145131,5.24,0.32857142857142857,0.453503264158223,6.0,13.0,1.9834630350194553,0.9988888040411136,0.07,0.0
162,2,93.0,286.0,3.075268817204301,0.03342683496961197,0.24175824175824176,0.17582417582417584,0.2318840579710145,0.6231884057971014,0.3333333333333333,0.463768115942029,0.22580645161290322,0.0,0.23809523809523808,0.47619047619047616,0.5814754981426269,0.41184427112927163,0.4018115942028986,0.4680999974263408,0.0,0.03928571428571428,0.022443441441201653,0.2909090909090909,4.144927536231884,5.526075520334163,2.087973620360574,0.8775215505973339,4.6,0.2608695652173913,0.3692244584138676,5.0,7.0,1.7237048665620094,0.7702936388922008,0.0,0.0
163,2,94.0,279.0,2.9680851063829787,0.031914893617021274,0.2391304347826087,0.11956521739130435,0.17142857142857143,0.6428571428571429,0.2714285714285714,0.4714285714285714,0.2127659574468085,0.0,0.25,0.45,0.5552414374646517,0.4162270175180836,0.3914636880393183,0.4535239131897828,NaN,NaN,NaN,NaN,3.9857142857142858,3.839130552018925,2.1021413602938206,0.9378381713772236,5.083333333333334,0.2714285714285714,0.5111926525348314,5.0,9.0,1.687732342007435,0.8495140833207184,0.0425531914893617,0.0
164,2,98.0,322.0,3.2857142857142856,0.033873343151693665,0.25,0.08333333333333333,0.2361111111111111,0.625,0.20833333333333334,0.4166666666666667,0.21428571428571427,0.0,0.14285714285714285,0.47619047619047616,0.5032051072273913,0.4112817564084664,0.3513057521635953,0.447585322074523,0.0,0.013832288401253938,0.009276699947655828,0.2857142857142857,4.472222222222222,5.721154769238787,2.1431143864361273,1.0607290065013895,5.454545454545455,0.25,0.43024544085819694,5.0,9.0,1.9042995839112344,1.0044323101535424,0.02040816326530612,0.0
165,2,97.0,331.0,3.4123711340206184,0.03554553264604811,0.25263157894736843,0.10526315789473684,0.22535211267605634,0.5915492957746479,0.23943661971830985,0.4647887323943662,0.21649484536082475,0.0,0.14285714285714285,0.5238095238095238,0.5398322213946877,0.40658044096056156,0.37345498993080134,0.44811933004954274,NaN,NaN,NaN,NaN,4.661971830985915,4.965433837963725,2.1351389573922335,0.9891369209622521,4.818181818181818,0.29577464788732394,0.4718324169623551,4.0,11.0,1.8830548926014319,0.8470479904105025,0.07216494845360824,0.0
166,2,95.0,242.0,2.5473684210526315,0.027099664053751398,0.24731182795698925,0.16129032258064516,0.2714285714285714,0.6142857142857143,0.3,0.4714285714285714,0.22105263157894736,0.0,0.19047619047619047,0.5238095238095238,0.538423963335334,0.4199799951513436,0.3929871948779512,0.4609835116795428,0.0,0.017724867724867706,0.018910515595126937,0.26785714285714285,3.4571428571428573,4.084916454845091,2.1161932326675776,0.9721011290758458,5.0,0.2,0.4311950302618376,4.0,9.0,2.0400641025641026,1.0071959370427097,0.021052631578947368,0.0
167,2,93.0,346.0,3.7204301075268815,0.040439457690509585,0.23076923076923078,0.08791208791208792,0.21428571428571427,0.6,0.21428571428571427,0.4857142857142857,0.22580645161290322,0.0,0.19047619047619047,0.47619047619047616,0.5442242498994251,0.3958569764065204,0.3706346276702314,0.43646281661849506,0.0,0.0401072124756336,0.03390344844553489,0.36363636363636365,4.942857142857143,5.2774766540808615,2.156185494056563,0.9854833945129537,5.111111111111111,0.3,0.46498936832004545,5.0,11.0,1.8855721393034826,0.9252730988023345,0.043010752688172046,0.0
168,2,93.0,317.0,3.4086021505376345,0.037050023375409066,0.24175824175824176,0.0989010989010989,0.18840579710144928,0.6521739130434783,0.2753623188405797,0.4927536231884058,0.22580645161290322,0.0,0.23809523809523808,0.5238095238095238,0.5642797977517139,0.40497760979511194,0.40182884748102143,0.45194839538981385,0.0,0.04097829608033694,0.017252042136206357,0.2909090909090909,4.594202898550725,5.906922261659247,2.074497795337882,0.8761109305439648,4.507692307692308,0.2898550724637681,0.37920808282747226,4.0,9.0,1.7209944751381216,0.7284391733643254,0.043010752688172046,0.0
169,2,95.0,225.0,2.3684210526315788,0.025195968645016796,0.25806451612903225,0.1827956989247312,0.2753623188405797,0.6231884057971014,0.30434782608695654,0.4492753623188406,0.22105263157894736,0.0,0.19047619047619047,0.5238095238095238,0.4906107017987338,0.44474724791156733,0.39350126524039564,0.4625722585035088,0.0,0.016121031746031744,0.011045396885414713,0.2,3.260869565217391,3.4880138200997943,2.115241921820869,1.0108866088888349,5.25,0.2028985507246377,0.41048071850281276,5.0,10.0,1.832271762208068,0.9760422353244254,0.031578947368421054,0.0
17,2,94.0,273.0,2.904255319148936,0.031228551818805766,0.2608695652173913,0.10869565217391304,0.25,0.6323529411764706,0.25,0.4852941176470588,0.22340425531914893,0.0,0.23809523809523808,0.5238095238095238,0.5224300043222505,0.4055416525622434,0.3844887955182073,0.4458305833911658,0.0,0.06593406593406595,0.0145998194260383,0.24074074074074073,4.014705882352941,5.908487815880864,2.0802410068942128,0.9465749298558243,4.918918918918919,0.25,0.45922261227536243,5.0,13.0,1.9857697283311773,0.8880638156622852,0.05319148936170213,0.0
170,2,89.0,327.0,3.6741573033707864,0.04175178753830439,0.21839080459770116,0.09195402298850575,0.25,0.6029411764705882,0.27941176470588236,0.4852941176470588,0.23595505617977527,0.0,0.09523809523809523,0.5714285714285714,0.5669035600565013,0.4040105716376382,0.39125929217840977,0.4520925367521678,0.0,0.04444888444888445,0.014848662140328804,0.30357142857142855,4.8088235294117645,7.234365237275748,2.1568748737540755,0.9237054220310648,5.0,0.2647058823529412,0.45141111289601304,4.0,10.0,1.8944900351699883,0.860248969833801,0.06741573033707865,0.0
171,2,89.0,312.0,3.50561797752809,0.03983656792645557,0.22988505747126436,0.08045977011494253,0.22388059701492538,0.6268656716417911,0.23880597014925373,0.47761194029850745,0.2247191011235955,0.0,0.15,0.55,0.5369513054876323,0.39503205455657864,0.3776537780269123,0.44162827068110566,0.0,0.04856386999244145,0.016690934195769783,0.3090909090909091,4.656716417910448,6.180497770494704,2.085366650997497,0.8543787754427282,4.25,0.23880597014925373,0.39666824719364646,4.0,9.0,1.7262723521320495,0.7163269084515342,0.02247191011235955,0.0
172,2,92.0,305.0,3.3152173913043477,0.036430960344003824,0.25555555555555554,0.07777777777777778,0.22388059701492538,0.582089552238806,0.26865671641791045,0.4925373134328358,0.22826086956521738,0.0,0.14285714285714285,0.5714285714285714,0.55032066662391,0.40779420880339956,0.3927892348552207,0.44895271617429816,0.0,0.02928957007904381,0.0179337734025234,0.24074074074074073,4.552238805970149,4.906037041977891,2.1329053524095967,0.9794473704398392,5.136363636363637,0.31343283582089554,0.4902216418659758,5.0,10.0,2.007712082262211,1.017196874744636,0.043478260869565216,0.0
173,2,91.0,313.0,3.4395604395604398,0.03821733821733822,0.25842696629213485,0.07865168539325842,0.24242424242424243,0.6060606060606061,0.15151515151515152,0.48484848484848486,0.21978021978021978,0.0,0.1,0.6,0.5071185163801736,0.3944286074622807,0.36161542581997125,0.42283943456509016,0.0,0.008810200216450209,0.014020994832041344,0.22,4.742424242424242,4.185361324575146,2.077426526373767,0.8759647469421861,4.086956521739131,0.25757575757575757,0.4533170363521187,4.0,8.0,1.531951640759931,0.6143594501507385,0.06593406593406594,0.0
174,2,91.0,260.0,2.857142857142857,0.031746031746031744,0.2247191011235955,0.16853932584269662,0.2318840579710145,0.6086956521739131,0.2463768115942029,0.463768115942029,0.23076923076923078,0.0,0.19047619047619047,0.6190476190476191,0.5507514637129838,0.39350280066354903,0.36420165985383374,0.4426011624384258,0.0,0.004464285714285722,0.011388581572540763,0.2545454545454545,3.7681159420289854,4.058922370517719,2.1828897767461126,1.0226644805900682,5.0,0.2463768115942029,0.43402985330207217,6.0,10.0,2.044034090909091,1.069182258335247,0.07692307692307693,0.0
175,2,96.0,326.0,3.3958333333333335,0.03574561403508772,0.23404255319148937,0.0851063829787234,0.2222222222222222,0.5972222222222222,0.25,0.4583333333333333,0.21875,0.0,0.09523809523809523,0.5238095238095238,0.5228685436166562,0.4094910003310919,0.3686426831354368,0.447556430906609,0.0,0.026187552257525136,0.025017786427456678,0.32142857142857145,4.527777777777778,5.272763452763169,2.1305895544592315,0.9072242729234808,4.4423076923076925,0.2916666666666667,0.43295170164680913,5.0,9.0,1.7963206307490145,0.8138842037173678,0.041666666666666664,0.0
176,2,90.0,313.0,3.477777777777778,0.03907615480649188,0.26136363636363635,0.06818181818181818,0.2,0.6153846153846154,0.3076923076923077,0.5076923076923077,0.23333333333333334,0.0,0.19047619047619047,0.47619047619047616,0.6216196166906034,0.39378420309753875,0.43014090587774795,0.46440445940831254,NaN,NaN,NaN,NaN,4.815384615384615,6.113234382500365,2.0924503753336654,0.9646096687981581,4.694444444444445,0.3230769230769231,0.4418760796731422,5.0,11.0,1.9698431845597104,0.9169934065991797,0.044444444444444446,0.0
177,2,98.0,294.0,3.0,0.030927835051546393,0.25,0.08333333333333333,0.20833333333333334,0.5972222222222222,0.25,0.4861111111111111,0.21428571428571427,0.0,0.14285714285714285,0.5238095238095238,0.5510895904982746,0.40805807040698805,0.3783530994468494,0.44233598518617595,0.0,0.04471726190476195,0.013160718377855833,0.21428571428571427,4.083333333333333,4.831673666808966,2.100073778035491,0.9119922018081855,4.451612903225806,0.3055555555555556,0.5110169905865714,4.0,8.0,1.6853932584269662,0.7243325774254192,0.05102040816326531,0.0
178,2,96.0,357.0,3.71875,0.03914473684210526,0.24468085106382978,0.1276595744680851,0.18309859154929578,0.6338028169014085,0.22535211267605634,0.49295774647887325,0.21875,0.0,0.19047619047619047,0.47619047619047616,0.5280880475075205,0.39186451138400913,0.37610911025189797,0.43993043129380954,0.0,0.019696969696969695,0.012856438931855884,0.35714285714285715,5.028169014084507,6.587806552337898,2.1149411614666613,0.9685321504156953,4.597938144329897,0.30985915492957744,0.41200268187813516,4.0,12.0,1.864864864864865,0.8231683774333037,0.08333333333333333,0.0
179,2,92.0,299.0,3.25,0.03571428571428571,0.24444444444444444,0.06666666666666667,0.25,0.6029411764705882,0.2647058823529412,0.45588235294117646,0.22826086956521738,0.0,0.14285714285714285,0.5238095238095238,0.5332028243613085,0.40867058437889636,0.3769347473628886,0.44641914093101925,0.0,0.027852151129710238,0.005934485581966583,0.2,4.397058823529412,5.186491368247522,2.11956632990436,0.9189920016543321,4.678571428571429,0.27941176470588236,0.5083838363533377,5.0,11.0,1.9466327827191867,0.9217188396863939,0.07608695652173914,0.0
18,2,90.0,227.0,2.522222222222222,0.028339575530586768,0.23863636363636365,0.19318181818181818,0.2537313432835821,0.6417910447761194,0.31343283582089554,0.44776119402985076,0.23333333333333334,0.0,0.19047619047619047,0.47619047619047616,0.6179896371984573,0.4083407244395652,0.40625170849051445,0.47060911119069065,0.0,0.03021978021978023,0.008650128361666821,0.2222222222222222,3.388059701492537,3.6011581633682597,2.144533424317636,1.0105303789899656,5.6,0.23880597014925373,0.37236705111137414,5.0,8.0,1.8531187122736419,0.9737250410855463,0.044444444444444446,0.0
180,2,100.0,293.0,2.93,0.029595959595959596,0.2755102040816326,0.12244897959183673,0.22535211267605634,0.6056338028169014,0.2535211267605634,0.4647887323943662,0.21,0.0,0.14285714285714285,0.47619047619047616,0.5530538911158905,0.4129016831752571,0.37024790375984495,0.44980515419769757,0.0,0.011554752066115719,0.009679677556334145,0.21818181818181817,4.126760563380282,4.887095478224226,2.0735870489890726,0.9547746891564247,5.272727272727273,0.29577464788732394,0.439218289225795,5.0,9.0,1.9422818791946308,0.9264034113993633,0.02,0.0
181,2,98.0,298.0,3.0408163265306123,0.031348621922996,0.25,0.08333333333333333,0.2361111111111111,0.6388888888888888,0.2777777777777778,0.4444444444444444,0.21428571428571427,0.0,0.14285714285714285,0.5238095238095238,0.5194495249954455,0.4119903157679924,0.3720493067504183,0.45576910245079955,0.0,0.07567213488266121,0.005232904148621957,0.19642857142857142,4.138888888888889,5.660103904773529,2.088346813454896,0.9368612321960852,4.9,0.25,0.41200119526508683,4.0,11.0,1.8953922789539228,0.8320369436516377,0.030612244897959183,0.0
182,2,96.0,301.0,3.1354166666666665,0.03300438596491228,0.2553191489361702,0.06382978723404255,0.22857142857142856,0.6142857142857143,0.22857142857142856,0.45714285714285713,0.21875,0.0,0.09523809523809523,0.5238095238095238,0.5369957691664924,0.39881928612124573,0.36670480499892266,0.44906135562723243,0.0,0.02277432712215324,0.01880709285772666,0.2857142857142857,4.3,5.0686590285622986,2.1187787590571214,0.9953574694791677,5.186440677966102,0.2857142857142857,0.4378161396911906,6.0,10.0,2.0985576923076925,1.0567064317154717,0.052083333333333336,0.0
183,2,91.0,310.0,3.4065934065934065,0.03785103785103785,0.21348314606741572,0.07865168539325842,0.24285714285714285,0.6285714285714286,0.2571428571428571,0.4714285714285714,0.0,0.0,NaN,NaN,0.5661238836610248,0.4019021552429581,0.3819331065759637,0.4465861553605965,NaN,NaN,NaN,NaN,4.428571428571429,4.873981286564458,2.145471583873209,0.9126246170203237,4.363636363636363,0.2571428571428571,0.44124793205280016,4.0,10.0,1.6772727272727272,0.7143224671781397,0.07692307692307693,0.0
184,2,87.0,218.0,2.5057471264367814,0.02913659449345095,0.2235294117647059,0.21176470588235294,0.2878787878787879,0.6363636363636364,0.24242424242424243,0.4393939393939394,0.2413793103448276,0.0,0.19047619047619047,0.42857142857142855,0.5251861844142696,0.4059259400506816,0.3756067165158074,0.45257949287630794,NaN,NaN,NaN,NaN,3.303030303030303,3.2485248579799646,2.1722849766209533,1.0327837367446517,5.375,0.18181818181818182,0.4756192843587789,5.0,11.0,1.7927927927927927,0.9175206272546578,0.08045977011494253,0.0
185,2,93.0,301.0,3.236559139784946,0.035179990649836373,0.25274725274725274,0.10989010989010989,0.17647058823529413,0.6029411764705882,0.3088235294117647,0.5,0.22580645161290322,0.0,0.19047619047619047,0.47619047619047616,0.6031757632802115,0.3996109879674609,0.42042599845368006,0.46508264897815893,0.0,0.024159663865546226,0.019075105564014132,0.3148148148148148,4.426470588235294,5.9458154769290665,2.0974913120765306,0.9662363152544444,5.4,0.3382352941176471,0.41253052982294836,5.0,10.0,2.0249343832021,1.0559426020711564,0.053763440860215055,0.0
186,2,97.0,333.0,3.4329896907216493,0.03576030927835051,0.25263157894736843,0.09473684210526316,0.23943661971830985,0.6338028169014085,0.2676056338028169,0.4647887323943662,0.21649484536082475,0.0,0.19047619047619047,0.5238095238095238,0.5640334195214365,0.41147066660359777,0.38058639854414505,0.4538782302798477,0.0,0.014074074074074091,0.016740109766648446,0.26785714285714285,4.690140845070423,5.956009088776946,2.0689452237461303,0.8709301384750732,4.229166666666666,0.2676056338028169,0.41202556272938906,4.0,11.0,1.7735849056603774,0.7341624161118303,0.061855670103092786,0.0
187,2,96.0,314.0,3.2708333333333335,0.03442982456140351,0.2553191489361702,0.1595744680851064,0.21428571428571427,0.6142857142857143,0.2,0.45714285714285713,0.21875,0.0,0.19047619047619047,0.47619047619047616,0.5409030704119551,0.4090948482556065,0.3718326118326118,0.4458884082342285,0.0,0.040404040404040394,0.012056228699193138,0.2962962962962963,4.485714285714286,5.568396478114154,2.1081251300285175,0.9833817670713686,4.958333333333334,0.2714285714285714,0.3795044169093915,5.0,9.0,1.9088277858176557,0.9951011531909217,0.03125,0.0
188,2,97.0,225.0,2.3195876288659796,0.02416237113402062,0.2736842105263158,0.16842105263157894,0.2753623188405797,0.6231884057971014,0.30434782608695654,0.4782608695652174,0.21649484536082475,0.0,0.19047619047619047,0.42857142857142855,0.5743143146315913,0.40884465118464636,0.4125431331953071,0.46620905307997346,0.0,0.013492063492063524,0.010544670846394984,0.16363636363636364,3.260869565217391,3.0227187504796533,2.081525719306033,0.9885600089395346,4.76,0.21739130434782608,0.4610884158470976,4.0,9.0,1.8975791433891993,0.9176613413861552,0.061855670103092786,0.0
189,2,94.0,324.0,3.4468085106382977,0.03706245710363761,0.25,0.09782608695652174,0.21739130434782608,0.6086956521739131,0.30434782608695654,0.463768115942029,0.22340425531914893,0.0,0.23809523809523808,0.47619047619047616,0.5457883542664693,0.4098126855036518,0.38451230733839425,0.4626394615483724,0.0,0.01602564102564108,0.005889614761563569,0.19642857142857142,4.695652173913044,6.44958810318669,2.132401080382165,0.989024806133803,5.166666666666666,0.30434782608695654,0.42403294003610664,6.0,12.0,2.0450958286358514,1.018007263615984,0.06382978723404255,0.0
19,2,96.0,286.0,2.9791666666666665,0.03135964912280702,0.2553191489361702,0.14893617021276595,0.2,0.6,0.2571428571428571,0.5142857142857142,0.21875,0.0,0.14285714285714285,0.42857142857142855,0.5678195797081318,0.39373114174115853,0.39213631606488747,0.4463686946372017,0.0,0.02333333333333335,0.013755775474525474,0.2545454545454545,4.085714285714285,5.049731969190299,2.1270545795912734,0.9912191291453294,4.848484848484849,0.32857142857142857,0.4232785720257871,7.0,9.0,2.0893333333333333,1.1327239912747658,0.020833333333333332,0.0
190,2,98.0,358.0,3.6530612244897958,0.03766042499474016,0.2604166666666667,0.125,0.19718309859154928,0.6197183098591549,0.16901408450704225,0.49295774647887325,0.21428571428571427,0.0,0.09523809523809523,0.5714285714285714,0.5090822336209426,0.3858975948412604,0.3671681604780196,0.42930889447987025,0.0,0.03465380057558832,0.014775545546083372,0.3392857142857143,5.042253521126761,5.760547145933549,2.076440135588004,0.9155736456557994,4.666666666666666,0.28169014084507044,0.4022766263836985,5.0,10.0,1.8191616766467067,0.8365836467741546,0.061224489795918366,0.0
191,2,90.0,242.0,2.688888888888889,0.030212234706616728,0.2159090909090909,0.13636363636363635,0.2463768115942029,0.6086956521739131,0.2608695652173913,0.4927536231884058,0.23333333333333334,0.0,0.14285714285714285,0.5238095238095238,0.59897481484936,0.3915325873336502,0.39015412928456406,0.4505187166437927,0.0,0.06150793650793653,0.016483003494955684,0.2545454545454545,3.5072463768115942,4.171412472045318,2.1711656439310154,0.9529061499853425,4.560975609756097,0.2898550724637681,0.41866959636378814,5.0,10.0,1.888529886914378,0.8583386547707216,0.044444444444444446,0.0
192,2,101.0,355.0,3.514851485148515,0.03514851485148515,0.2727272727272727,0.09090909090909091,0.20833333333333334,0.6388888888888888,0.2222222222222222,0.4722222222222222,0.2079207920792079,0.0,0.09523809523809523,0.5714285714285714,0.5530725647904681,0.4016674972204006,0.3749611807945141,0.4430411941896352,0.0,0.030344460227272725,0.019665231140741344,0.23214285714285715,4.930555555555555,5.585006055928447,2.051783346401867,0.9333353635390224,5.5,0.2638888888888889,0.45490260756977563,4.0,9.0,1.6780104712041886,0.7211380403811085,0.039603960396039604,0.0
193,2,94.0,275.0,2.925531914893617,0.031457332418210936,0.2391304347826087,0.07608695652173914,0.2571428571428571,0.6142857142857143,0.22857142857142856,0.4714285714285714,0.22340425531914893,0.0,0.14285714285714285,0.47619047619047616,0.4983356757961761,0.38832747533634204,0.35963737107746324,0.4324092199734335,0.0,0.010622710622710644,0.02452681322253975,0.2909090909090909,3.9285714285714284,4.831423196483585,2.1006735045458447,0.8907631446250814,4.487179487179487,0.24285714285714285,0.4822290467182518,4.0,11.0,1.8074369189907038,0.7248242204860846,0.06382978723404255,0.0
194,2,98.0,339.0,3.4591836734693877,0.035661687355354514,0.28125,0.10416666666666667,0.21739130434782608,0.5797101449275363,0.2028985507246377,0.4927536231884058,0.21428571428571427,0.0,0.09523809523809523,0.5238095238095238,0.49422955153913795,0.39949945583581237,0.3705687045799248,0.428861091738231,0.0,0.02462715855572995,0.015500570486448291,0.2727272727272727,4.913043478260869,6.168561493179805,2.071857127216284,0.9391184707092942,4.611111111111111,0.30434782608695654,0.4845443050825412,6.0,9.0,1.733044733044733,0.866536921565013,0.04081632653061224,0.0
195,2,93.0,327.0,3.5161290322580645,0.038218793828892005,0.25274725274725274,0.06593406593406594,0.22058823529411764,0.6176470588235294,0.25,0.45588235294117646,0.22580645161290322,0.0,0.19047619047619047,0.5238095238095238,0.5382334859454002,0.40850738031087264,0.37208142809165823,0.4538367087689832,0.0,0.009177489177489203,0.03600203884746737,0.32075471698113206,4.8088235294117645,5.821364031932201,2.1467660435296536,1.0574500685566186,5.173913043478261,0.3088235294117647,0.5484060016727312,5.0,12.0,2.0012150668286757,1.0030360147459,0.03225806451612903,0.0
196,2,98.0,355.0,3.622448979591837,0.03734483484115295,0.2708333333333333,0.10416666666666667,0.22857142857142856,0.6,0.22857142857142856,0.45714285714285713,0.21428571428571427,0.0,0.14285714285714285,0.47619047619047616,0.5687415439843287,0.40004024331453597,0.3869876155590441,0.45346008821342837,0.0,0.021367521367521423,0.01423594653986811,0.2909090909090909,5.071428571428571,4.941165234196849,2.0400941134757664,0.8803237586937142,4.396551724137931,0.2857142857142857,0.3648495014810136,4.0,8.0,1.6431593794076165,0.7294446101326622,0.030612244897959183,0.0
197,2,98.0,326.0,3.326530612244898,0.03429413002314328,0.2916666666666667,0.11458333333333333,0.20588235294117646,0.6029411764705882,0.23529411764705882,0.4852941176470588,0.21428571428571427,0.0,0.14285714285714285,0.47619047619047616,0.5004715691149061,0.4198880636505645,0.3851003547586593,0.44498667944600884,0.0,0.018269230769230736,0.007499539144055186,0.22641509433962265,4.794117647058823,6.278508292103489,2.0791939613986963,1.0219609644677585,5.333333333333334,0.29411764705882354,0.4636670813021269,5.0,11.0,1.901685393258427,1.0535039502422077,0.05102040816326531,0.0
198,2,94.0,328.0,3.4893617021276597,0.03752001830244795,0.2391304347826087,0.05434782608695652,0.21428571428571427,0.6,0.24285714285714285,0.4857142857142857,0.22340425531914893,0.0,0.14285714285714285,0.5714285714285714,0.5759320899074388,0.404834719069072,0.38055555555555554,0.43951523825591293,0.0,0.02062095238095243,0.00464863467737031,0.14285714285714285,4.685714285714286,6.634435544162595,2.090403517473371,0.8463767160005785,4.042553191489361,0.3,0.4952656331188583,4.0,8.0,1.6391608391608392,0.6470180430591661,0.05319148936170213,0.0
199,2,94.0,333.0,3.5425531914893615,0.03809196980096088,0.22826086956521738,0.10869565217391304,0.22535211267605634,0.6338028169014085,0.23943661971830985,0.4507042253521127,0.22340425531914893,0.0,0.19047619047619047,0.5714285714285714,0.5091966473334658,0.422695910073406,0.3721437209113266,0.4535040743840324,0.0,0.06818181818181818,0.010727993126034136,0.26785714285714285,4.690140845070423,5.587208731419537,2.1504832980765345,1.00828842030849,5.583333333333334,0.23943661971830985,0.3956681475418696,5.0,11.0,2.009445100354191,1.0279339829399083,0.07446808510638298,0.0
2,2,94.0,256.0,2.723404255319149,0.029283916723861818,0.25,0.1956521739130435,0.2318840579710145,0.6376811594202898,0.2608695652173913,0.463768115942029,0.22340425531914893,0.0,0.23809523809523808,0.5238095238095238,0.5747757441813446,0.41104415599065436,0.3946629859673338,0.4556161577601656,NaN,NaN,NaN,NaN,3.710144927536232,3.7223547626048665,2.1198571322197406,1.0226900485338999,5.277777777777778,0.2608695652173913,0.461928608420647,4.0,9.0,1.7464503042596349,0.8895352399738837,0.0425531914893617,0.0
20,2,94.0,329.0,3.5,0.03763440860215054,0.2391304347826087,0.10869565217391304,0.2,0.6428571428571429,0.2,0.45714285714285713,0.2127659574468085,0.0,0.2,0.5,0.49868518012202206,0.38221697751572326,0.34782661782661783,0.42706079304918054,NaN,NaN,NaN,NaN,4.7,5.986337100770217,2.101887964141003,0.9217059432532564,4.6,0.2714285714285714,0.3437165792331067,5.0,9.0,1.8280423280423281,0.8926821721405772,0.0,0.0
200,2,95.0,312.0,3.2842105263157895,0.03493840985442329,0.25806451612903225,0.15053763440860216,0.2028985507246377,0.6376811594202898,0.2898550724637681,0.463768115942029,0.22105263157894736,0.0,0.19047619047619047,0.47619047619047616,0.5361963720199645,0.42084599901716935,0.3984667340805448,0.46341926298108677,0.0,0.04428571428571428,0.01394684153617874,0.3333333333333333,4.521739130434782,5.748679376866057,2.069301630857329,0.9218572458444454,4.909090909090909,0.2608695652173913,0.41459999459961955,4.0,10.0,1.7282780410742495,0.8374764525924232,0.05263157894736842,0.0
201,2,96.0,339.0,3.53125,0.037171052631578945,0.2553191489361702,0.06382978723404255,0.22857142857142856,0.6142857142857143,0.24285714285714285,0.4714285714285714,0.21875,0.0,0.14285714285714285,0.5238095238095238,0.5542919689761161,0.4028729682185156,0.3789932488146774,0.44272667826543577,0.0,0.01725570574550172,0.021738331744013562,0.32727272727272727,4.8428571428571425,5.13480794071129,2.133677104773573,1.007415502110601,5.0,0.2857142857142857,0.5175275739018435,4.0,10.0,1.818069306930693,0.8166909599493338,0.0625,0.0
202,2,96.0,378.0,3.9375,0.04144736842105263,0.26595744680851063,0.09574468085106383,0.18840579710144928,0.6231884057971014,0.15942028985507245,0.4927536231884058,0.20833333333333334,0.0,0.15,0.55,0.5087363099804761,0.38906686274801927,0.3708577252055513,0.427086776054058,0.0,0.02123378614028521,0.015629576356943,0.2727272727272727,5.478260869565218,5.781839458094766,2.0553824777878993,0.8884696867206673,4.444444444444445,0.2898550724637681,0.4449479960851507,4.0,10.0,1.7047619047619047,0.7231741649984997,0.08333333333333333,0.0
203,2,95.0,289.0,3.042105263157895,0.03236282194848824,0.23655913978494625,0.1827956989247312,0.22535211267605634,0.6197183098591549,0.23943661971830985,0.4647887323943662,0.22105263157894736,0.0,0.14285714285714285,0.47619047619047616,0.5247116721334617,0.3899567326828826,0.3586859325091349,0.440503869170383,0.0,0.019047619047619098,0.004695166919575597,0.23214285714285715,4.070422535211268,5.077468277067596,2.13252882327326,0.9393913641989534,4.5,0.2676056338028169,0.39110293193431506,5.0,10.0,1.9536679536679538,0.9252556391887461,0.021052631578947368,0.0
204,2,96.0,269.0,2.8020833333333335,0.02949561403508772,0.24468085106382978,0.1702127659574468,0.19718309859154928,0.6338028169014085,0.23943661971830985,0.4647887323943662,0.21875,0.0,0.14285714285714285,0.47619047619047616,0.5551949681827908,0.39872455829014397,0.3824326299678412,0.4492255910689716,0.0,0.025000000000000015,0.010074690934065933,0.17857142857142858,3.788732394366197,3.7413347234748286,2.07900501366583,0.8889168430229244,4.8,0.28169014084507044,0.31458205898991676,4.0,8.0,1.6024844720496894,0.7644554629547557,0.020833333333333332,0.0
205,2,95.0,273.0,2.873684210526316,0.030571108622620382,0.26881720430107525,0.08602150537634409,0.23529411764705882,0.6029411764705882,0.25,0.4852941176470588,0.22105263157894736,0.0,0.14285714285714285,0.5714285714285714,0.5433127863077262,0.41683694414394523,0.3930531083401102,0.44798075001183346,0.0,0.027248677248677307,0.03189391045542141,0.2830188679245283,4.014705882352941,4.961020137806947,2.0886005138001096,0.9584528972249199,4.82258064516129,0.29411764705882354,0.4784316735658247,4.0,10.0,1.9152086137281292,0.8336408492786811,0.042105263157894736,0.0
206,2,92.0,334.0,3.630434782608696,0.03989488772097468,0.23333333333333334,0.06666666666666667,0.21739130434782608,0.6376811594202898,0.2028985507246377,0.4782608695652174,0.22826086956521738,0.0,0.14285714285714285,0.5238095238095238,0.5429885518205196,0.3932357050022329,0.37914946567120483,0.4333694917760161,0.0,0.024499244142101268,0.01678474781923058,0.23636363636363636,4.840579710144928,5.766595459056045,2.113352188530436,0.9713814654171125,6.090909090909091,0.2608695652173913,0.41352175448611345,6.0,10.0,2.1457286432160805,1.3256518403202897,0.06521739130434782,0.0
207,2,99.0,321.0,3.242424242424242,0.03308596165739023,0.26804123711340205,0.1134020618556701,0.22535211267605634,0.6197183098591549,0.2535211267605634,0.4507042253521127,0.21212121212121213,0.0,0.14285714285714285,0.5714285714285714,0.5469826488249795,0.40310316985585604,0.3729522433747786,0.4478728767908137,0.0,0.021202606916892665,0.003859556261302986,0.10714285714285714,4.52112676056338,4.597698663243159,2.080333207238145,0.9688403358224339,4.7441860465116275,0.28169014084507044,0.48416844039134005,4.0,10.0,1.7894736842105263,0.8344796434327464,0.0707070707070707,0.0
208,2,96.0,330.0,3.4375,0.03618421052631579,0.2553191489361702,0.0851063829787234,0.18571428571428572,0.6142857142857143,0.22857142857142856,0.4857142857142857,0.21875,0.0,0.14285714285714285,0.6190476190476191,0.5305138349093346,0.3933530942307817,0.37314611061816033,0.42991877348315405,0.0,0.011011904761904811,0.016462359711111534,0.2545454545454545,4.714285714285714,7.725626201612355,2.0850736619112613,0.9352735228778585,5.083333333333334,0.3142857142857143,0.45696448214012675,5.0,12.0,1.9417808219178083,0.9096503704597145,0.07291666666666667,0.0
209,2,92.0,414.0,4.5,0.04945054945054945,0.2222222222222222,0.14444444444444443,0.2,0.6142857142857143,0.21428571428571427,0.4857142857142857,0.22826086956521738,0.0,0.09523809523809523,0.5714285714285714,0.5492915202930941,0.388983890191764,0.37257039117941376,0.4352308344487734,0.0,0.017037037037037028,0.018755342034739317,0.36363636363636365,5.914285714285715,8.340129733712496,2.1208546842849176,0.8817460210397653,4.305555555555555,0.3,0.42107240865806744,4.0,13.0,1.774129353233831,0.7506486989976414,0.08695652173913043,0.0
21,2,96.0,424.0,4.416666666666667,0.04649122807017544,0.2553191489361702,0.0425531914893617,0.18571428571428572,0.6285714285714286,0.2714285714285714,0.4714285714285714,0.20833333333333334,0.0,0.2,0.5,0.537866422302443,0.4051800523646064,0.38570376035228376,0.45280706580640995,0.0,0.032936507936507965,0.025011234364237148,0.3090909090909091,6.057142857142857,8.00703624317924,2.050340173103628,0.8519946508697857,4.333333333333334,0.2571428571428571,0.4469779847911821,4.0,10.0,1.6410537870472008,0.6626823517354122,0.07291666666666667,0.0
210,2,92.0,261.0,2.8369565217391304,0.031175346392737696,0.25555555555555554,0.12222222222222222,0.23880597014925373,0.5970149253731343,0.26865671641791045,0.5074626865671642,0.22826086956521738,0.0,0.19047619047619047,0.5238095238095238,0.5982111837745732,0.40023836361217807,0.4026883978376516,0.44616695627630404,0.0,0.04119047619047615,0.01761754225005651,0.24528301886792453,3.8955223880597014,4.9547477334132655,2.098849123845281,0.9306861922537675,4.40625,0.2835820895522388,0.4689948886480479,4.0,10.0,1.8896848137535818,0.802172203986125,0.05434782608695652,0.0
211,2,90.0,269.0,2.988888888888889,0.03358302122347066,0.23863636363636365,0.14772727272727273,0.22388059701492538,0.6119402985074627,0.2537313432835821,0.4925373134328358,0.23333333333333334,0.0,0.09523809523809523,0.5238095238095238,0.5680792378103813,0.4046550163572176,0.4015117942247003,0.45012216718007664,0.0,0.013038548752834476,0.015361775606469001,0.1320754716981132,4.014925373134329,5.194672496205252,2.1308586236068496,0.9547624896015414,5.0,0.2537313432835821,0.3801664573715267,4.0,8.0,1.7120622568093384,0.8599664688233781,0.0,0.0
212,2,96.0,324.0,3.375,0.035526315789473684,0.2553191489361702,0.09574468085106383,0.22857142857142856,0.6,0.18571428571428572,0.45714285714285713,0.21875,0.0,0.14285714285714285,0.5238095238095238,0.47127022581582695,0.41254896223851406,0.36885896260280493,0.4370811853811106,0.0,0.034494047619047605,0.01181162272071363,0.2,4.628571428571429,5.851226623714927,2.120525155476466,0.9875694997218548,5.0,0.2714285714285714,0.43522515348957586,5.0,11.0,1.7051926298157454,0.917863274869948,0.041666666666666664,0.0
213,2,90.0,313.0,3.477777777777778,0.03907615480649188,0.25,0.11363636363636363,0.25757575757575757,0.6212121212121212,0.24242424242424243,0.4696969696969697,0.23333333333333334,0.0,0.14285714285714285,0.5238095238095238,0.5450704621090661,0.39755276143574536,0.39184868162140885,0.4496861679567293,0.0,0.044047619047619065,0.01626103344734446,0.2962962962962963,4.742424242424242,5.673990878929265,2.1057172186910376,0.9423877553694274,4.6231884057971016,0.25757575757575757,0.3732431146593355,4.0,10.0,1.6967840735068913,0.7471451253093777,0.03333333333333333,0.0
214,2,89.0,257.0,2.8876404494382024,0.032814096016343205,0.22988505747126436,0.11494252873563218,0.26865671641791045,0.582089552238806,0.2835820895522388,0.47761194029850745,0.23595505617977527,0.0,0.14285714285714285,0.6190476190476191,0.5772806378372989,0.41073643402343324,0.3940505729297837,0.4567874159182191,0.0,0.04095272194090671,0.01037344072336638,0.24528301886792453,3.8358208955223883,4.534704610757958,2.199618026421754,1.010475643839303,4.75,0.31343283582089554,0.486928832771302,6.0,11.0,2.0015503875968994,1.034346832045885,0.056179775280898875,0.0
215,2,94.0,262.0,2.7872340425531914,0.02997025852207733,0.25,0.14130434782608695,0.2463768115942029,0.6231884057971014,0.2608695652173913,0.463768115942029,0.22340425531914893,0.0,0.23809523809523808,0.47619047619047616,0.5821980095550304,0.410990905370188,0.39221014492753625,0.4550045748281233,0.0,0.042968750000000014,0.007184176460611381,0.2545454545454545,3.7971014492753623,3.9016576799254703,2.2264368775073424,1.2332512433057263,6.333333333333333,0.2608695652173913,0.5402490140253847,7.0,13.0,2.458955223880597,1.4122950252483708,0.05319148936170213,0.0
216,2,101.0,318.0,3.1485148514851486,0.031485148514851485,0.2727272727272727,0.16161616161616163,0.19444444444444445,0.6388888888888888,0.20833333333333334,0.4722222222222222,0.2079207920792079,0.0,0.19047619047619047,0.5238095238095238,0.5173537557941918,0.39333947085418924,0.3754243827160494,0.4388515946635949,0.0,0.023660714285714333,0.006053150879917184,0.125,4.416666666666667,4.4650442011596985,2.07607781166773,0.9924918354697619,5.190476190476191,0.2777777777777778,0.3833652165815233,4.0,8.0,1.6621392190152802,0.8286593801678738,0.0297029702970297,0.0
217,2,95.0,314.0,3.305263157894737,0.035162374020156775,0.25806451612903225,0.0967741935483871,0.2463768115942029,0.6086956521739131,0.2463768115942029,0.463768115942029,0.22105263157894736,0.0,0.09523809523809523,0.5238095238095238,0.542477765005572,0.41058178166175424,0.3824419139636531,0.4529367943299449,0.0,0.022455278407659325,0.01727491370636532,0.2727272727272727,4.550724637681159,4.81888512821616,2.1546885885141465,1.0928712729776238,5.888888888888889,0.2898550724637681,0.5226689128871149,5.0,10.0,1.7294685990338163,0.8895003351263048,0.042105263157894736,0.0
218,2,90.0,259.0,2.8777777777777778,0.03233458177278402,0.23863636363636365,0.18181818181818182,0.2537313432835821,0.6119402985074627,0.22388059701492538,0.44776119402985076,0.23333333333333334,0.0,0.19047619047619047,0.5238095238095238,0.5524554479550688,0.40259725791109846,0.38027126273394934,0.45258751816425197,NaN,NaN,NaN,NaN,3.8656716417910446,3.064436882316029,2.169349184095561,1.0447357397664432,5.053571428571429,0.2835820895522388,0.4453827898246597,4.0,11.0,1.7707581227436824,0.8524894738665411,0.08888888888888889,0.0
219,2,97.0,312.0,3.216494845360825,0.03350515463917526,0.2631578947368421,0.10526315789473684,0.22857142857142856,0.6285714285714286,0.2714285714285714,0.4714285714285714,0.21649484536082475,0.0,0.23809523809523808,0.47619047619047616,0.563819654565801,0.4137432786294545,0.39365297401011684,0.4555412259259912,0.0,0.029515669515669567,0.018253875744154255,0.2,4.457142857142857,4.965637616240013,2.0530652141583405,0.8818312545628509,4.353846153846154,0.2571428571428571,0.4118788481398057,5.0,8.0,1.731454005934718,0.8180660474923214,0.030927835051546393,0.0
22,2,97.0,317.0,3.268041237113402,0.03404209621993127,0.2736842105263158,0.15789473684210525,0.21739130434782608,0.6231884057971014,0.21739130434782608,0.4782608695652174,0.21649484536082475,0.0,0.14285714285714285,0.5714285714285714,0.5620200925268531,0.39903094589291466,0.39971719626729074,0.4434331815446687,0.0,0.018877025984049382,0.032821653642387545,0.30357142857142855,4.594202898550725,4.750600087727959,2.0449700085106333,0.8930142983479383,4.3125,0.2753623188405797,0.45164873969668573,4.0,10.0,1.7109266943291839,0.7086560952802415,0.07216494845360824,0.0
220,2,95.0,266.0,2.8,0.029787234042553193,0.26881720430107525,0.053763440860215055,0.22058823529411764,0.6323529411764706,0.3235294117647059,0.5,0.22105263157894736,0.0,0.23809523809523808,0.42857142857142855,0.5303209521979211,0.41894099878276764,0.41191673690592373,0.461384730616153,0.0,0.033504740478868714,0.02561777718368132,0.2777777777777778,3.911764705882353,5.424475472593234,2.0843270754924834,1.001990871310201,5.542857142857143,0.25,0.43909757359860424,5.0,8.0,1.769090909090909,0.9050300093189405,0.021052631578947368,0.0
221,2,96.0,349.0,3.6354166666666665,0.038267543859649124,0.2553191489361702,0.0425531914893617,0.18571428571428572,0.6142857142857143,0.2857142857142857,0.5142857142857142,0.20833333333333334,0.0,0.15,0.5,0.5540302611019688,0.41014641429619547,0.3840065364157923,0.4476788283244459,0.0,0.03218434594403587,0.014925419946516992,0.2,4.985714285714286,6.436969439834103,2.0609144322072592,0.8445651037300123,4.0,0.2714285714285714,0.5195039641326417,3.0,8.0,1.5578034682080926,0.5974958128835918,0.07291666666666667,0.0
222,2,94.0,307.0,3.265957446808511,0.035117822008693664,0.2391304347826087,0.09782608695652174,0.2571428571428571,0.6142857142857143,0.2714285714285714,0.4714285714285714,0.22340425531914893,0.0,0.14285714285714285,0.47619047619047616,0.558979061643101,0.412871642210052,0.3939518484161341,0.45280171673884645,0.0,0.05726495726495729,0.01500437742891578,0.21818181818181817,4.385714285714286,5.2895654930806995,2.079857765234614,0.8522057404310784,4.314285714285715,0.24285714285714285,0.4344740608235742,4.0,9.0,1.6096774193548387,0.6647626849305268,0.0425531914893617,0.0
223,2,91.0,279.0,3.065934065934066,0.03406593406593406,0.23595505617977527,0.15730337078651685,0.23529411764705882,0.6029411764705882,0.19117647058823528,0.4852941176470588,0.23076923076923078,0.0,0.09523809523809523,0.47619047619047616,0.5004269870859707,0.39360478683980255,0.37553070247706927,0.4302173222047817,0.0,0.0357142857142857,0.016038939942448715,0.18518518518518517,4.102941176470588,4.5289770380753245,2.0683333489172098,0.824090020302839,4.238095238095238,0.27941176470588236,0.34009956286259463,4.0,7.0,1.6221033868092691,0.6967858838004033,0.02197802197802198,0.0
224,2,92.0,275.0,2.989130434782609,0.03284758719541328,0.25555555555555554,0.15555555555555556,0.23880597014925373,0.6268656716417911,0.31343283582089554,0.47761194029850745,0.22826086956521738,0.0,0.2857142857142857,0.47619047619047616,0.5789318732852257,0.4012068686333477,0.41690722213110276,0.46773631084489037,NaN,NaN,NaN,NaN,4.104477611940299,4.282219505074756,2.09330991334669,0.9596929927188318,4.896551724137931,0.2537313432835821,0.36225038423524547,4.0,8.0,1.7336860670194003,0.8180673986678153,0.021739130434782608,0.0
225,2,97.0,388.0,4.0,0.041666666666666664,0.2631578947368421,0.07368421052631578,0.18571428571428572,0.6285714285714286,0.24285714285714285,0.5,0.21649484536082475,0.0,0.14285714285714285,0.5714285714285714,0.5353125423809721,0.3982881214179846,0.38328931572629055,0.4403910045480097,0.0,0.01740152851263964,0.034551667864991455,0.32727272727272727,5.542857142857143,7.52712142427753,2.069684592397401,0.9067027613274287,4.382352941176471,0.3,0.4181794331762604,5.0,10.0,1.8088978766430739,0.7654493128166215,0.041237113402061855,0.0
226,2,92.0,354.0,3.847826086956522,0.04228380315336837,0.25555555555555554,0.1111111111111111,0.2537313432835821,0.5970149253731343,0.22388059701492538,0.4626865671641791,0.22826086956521738,0.0,0.09523809523809523,0.6190476190476191,0.543338706391517,0.3928742977197045,0.3702690758660908,0.4444494514441047,0.0,0.006227106227106272,0.002110963748894783,0.11538461538461539,5.2835820895522385,6.781896512595362,2.152562165468202,1.0317635593573289,5.481481481481481,0.2835820895522388,0.5245659849517068,5.0,11.0,1.6957708049113234,0.7937227164926908,0.06521739130434782,0.0
227,2,95.0,307.0,3.231578947368421,0.03437849944008958,0.23655913978494625,0.1827956989247312,0.2112676056338028,0.6056338028169014,0.23943661971830985,0.49295774647887325,0.22105263157894736,0.0,0.14285714285714285,0.5714285714285714,0.5581236480444227,0.4053135489724703,0.39225754683501163,0.44659857180203033,0.0,0.04833333333333335,0.01715514215514215,0.26785714285714285,4.323943661971831,4.416768850924278,2.1095171816098874,0.8908742405430559,4.393258426966292,0.29577464788732394,0.4236937795749126,4.0,9.0,1.7255172413793103,0.7094254260530146,0.05263157894736842,0.0
228,2,98.0,326.0,3.326530612244898,0.03429413002314328,0.2604166666666667,0.09375,0.2535211267605634,0.6197183098591549,0.23943661971830985,0.43661971830985913,0.21428571428571427,0.0,0.14285714285714285,0.5238095238095238,0.5193005614348515,0.4124013682403451,0.3776101050748938,0.45523319449896776,0.0,0.02499999999999999,0.022041183535287306,0.2857142857142857,4.591549295774648,4.961501687388988,2.1257671436328835,1.0483039302115966,5.416666666666666,0.28169014084507044,0.4847164215000864,6.0,12.0,2.0659722222222223,1.0803413387748053,0.08163265306122448,0.0
229,2,95.0,337.0,3.5473684210526315,0.03773796192609183,0.25806451612903225,0.03225806451612903,0.2028985507246377,0.6086956521739131,0.2608695652173913,0.4782608695652174,0.21052631578947367,0.0,0.15,0.55,0.5635704086573504,0.4090339049577334,0.3854127131412973,0.45290491648951164,0.0,0.013003663003663062,0.009531438275234859,0.24074074074074073,4.884057971014493,6.050124529306762,2.0694597579024765,0.8868335127814788,4.428571428571429,0.2608695652173913,0.4311903469694185,6.0,9.0,1.8233082706766917,0.8806340151927163,0.042105263157894736,0.0
23,2,95.0,333.0,3.5052631578947366,0.03729003359462486,0.24731182795698925,0.0967741935483871,0.21428571428571427,0.6142857142857143,0.2714285714285714,0.4857142857142857,0.22105263157894736,0.0,0.19047619047619047,0.47619047619047616,0.5681725914525327,0.4067631562235667,0.39000927643784794,0.4515425851636736,0.0,0.014776334776334799,0.0122211378287212,0.16363636363636364,4.757142857142857,5.330893593107558,2.099320046754511,0.9073686957804431,4.552631578947368,0.2571428571428571,0.39978483516963653,5.0,8.0,1.6923076923076923,0.8459652617760377,0.05263157894736842,0.0
230,2,94.0,277.0,2.9468085106382977,0.031686113017616105,0.2608695652173913,0.09782608695652174,0.2647058823529412,0.6029411764705882,0.25,0.47058823529411764,0.22340425531914893,0.0,0.14285714285714285,0.42857142857142855,0.5620646158995539,0.41492364727032166,0.3871212121212121,0.4570882254531345,0.0,0.04833333333333332,0.007280751283801755,0.24074074074074073,4.073529411764706,4.5689287306096915,2.136364757545156,1.0427412043894801,5.583333333333334,0.2647058823529412,0.43293387504033803,6.0,12.0,2.3360465116279068,1.2461267386681316,0.07446808510638298,0.0
231,2,92.0,283.0,3.0760869565217392,0.03380315336837076,0.24444444444444444,0.1,0.25,0.5882352941176471,0.20588235294117646,0.47058823529411764,0.22826086956521738,0.0,0.14285714285714285,0.5238095238095238,0.5532491584778285,0.4066783744020738,0.36800766283524905,0.4395188469201903,0.0,0.040816326530612276,0.014001883359094636,0.2962962962962963,4.161764705882353,4.592694699250841,2.1764130307858993,1.0241783573518513,5.75,0.29411764705882354,0.4997940373519442,5.0,10.0,1.9744572158365261,0.9225015642018706,0.05434782608695652,0.0
232,2,96.0,389.0,4.052083333333333,0.042653508771929825,0.26595744680851063,0.06382978723404255,0.2028985507246377,0.6521739130434783,0.2463768115942029,0.4927536231884058,0.21875,0.0,0.23809523809523808,0.47619047619047616,0.5614940260971798,0.40576516378921657,0.39778055907545506,0.4521500116655341,0.0,0.010538461538461573,0.013781676046857993,0.30357142857142855,5.63768115942029,7.360408825147983,2.0524892257521032,0.9224670428387044,4.666666666666666,0.2753623188405797,0.42612522082362264,5.0,11.0,1.8468176914778855,0.8392684978218433,0.052083333333333336,0.0
233,2,93.0,282.0,3.032258064516129,0.03295932678821879,0.24175824175824176,0.15384615384615385,0.2318840579710145,0.6231884057971014,0.30434782608695654,0.4492753623188406,0.22580645161290322,0.0,0.19047619047619047,0.5238095238095238,0.5242444250496028,0.4187273292921653,0.38898770311813796,0.46658787090054926,0.0,0.0206511175898931,0.005810669603773052,0.2,4.086956521739131,4.931111109830483,2.153451008269776,1.015061364720936,4.846153846153847,0.2608695652173913,0.46409557261097323,4.0,10.0,1.8225308641975309,0.8473898914331678,0.10752688172043011,0.0
234,2,95.0,324.0,3.4105263157894736,0.03628219484882419,0.25806451612903225,0.07526881720430108,0.2318840579710145,0.6086956521739131,0.21739130434782608,0.463768115942029,0.22105263157894736,0.0,0.14285714285714285,0.5714285714285714,0.5477391803456676,0.3908692876166353,0.3627761517335353,0.43411677630200324,0.0,0.018373015873015888,0.01614132123835073,0.2777777777777778,4.695652173913044,6.463254388386904,2.0802309964687304,0.9015378201538137,4.444444444444445,0.2898550724637681,0.4430707098873392,4.0,10.0,1.8497596153846154,0.7957619027851742,0.05263157894736842,0.0
235,2,99.0,322.0,3.2525252525252526,0.03318903318903319,0.25773195876288657,0.1134020618556701,0.20833333333333334,0.625,0.2361111111111111,0.4305555555555556,0.21212121212121213,0.0,0.09523809523809523,0.5714285714285714,0.48667254699730184,0.4037591250074568,0.3531703142023901,0.4427427644551264,0.0,0.017191304788961033,0.007685281470447711,0.21428571428571427,4.472222222222222,5.9716990344769085,2.0781924253593225,0.941772135875014,5.090909090909091,0.3055555555555556,0.3771474219102566,5.0,9.0,1.933422103861518,0.9706843669584027,0.020202020202020204,0.0
236,2,95.0,332.0,3.4947368421052634,0.03717805151175812,0.26881720430107525,0.12903225806451613,0.22058823529411764,0.5882352941176471,0.20588235294117646,0.4852941176470588,0.22105263157894736,0.0,0.14285714285714285,0.5238095238095238,0.5701494183193639,0.42450161467808245,0.3943796975803896,0.4427136764025295,0.0,0.03496530612244904,0.03310340802987862,0.24074074074074073,4.882352941176471,5.692439111466404,2.1183627536701675,1.0111538521978436,5.428571428571429,0.3088235294117647,0.5007446681177411,5.0,8.0,1.5909090909090908,0.8182171974872993,0.021052631578947368,0.0
237,2,95.0,262.0,2.7578947368421054,0.029339305711086228,0.26881720430107525,0.08602150537634409,0.25,0.6470588235294118,0.27941176470588236,0.4411764705882353,0.21052631578947367,0.0,0.2,0.6,0.5553517555407246,0.4241265199328885,0.37296918767507004,0.4529208257168259,NaN,NaN,NaN,NaN,3.8529411764705883,4.446245123469993,2.043703388438514,0.9068366515299925,4.666666666666666,0.20588235294117646,0.447917019304495,4.0,8.0,1.6188524590163935,0.7488616376302563,0.021052631578947368,0.0
238,2,95.0,323.0,3.4,0.036170212765957444,0.23655913978494625,0.06451612903225806,0.23943661971830985,0.6056338028169014,0.22535211267605634,0.4788732394366197,0.22105263157894736,0.0,0.09523809523809523,0.5238095238095238,0.5045396700816261,0.38508618249185955,0.35606358334304966,0.4363032155094286,0.0,0.025255731922398626,0.016280749038645542,0.21428571428571427,4.549295774647887,5.968461712306411,2.1277552085384612,0.9283265522572798,4.888888888888889,0.23943661971830985,0.4218028744621502,5.0,7.0,1.7889655172413792,0.8448018860714323,0.0,0.0
239,2,99.0,346.0,3.494949494949495,0.03566274994846423,0.26804123711340205,0.1134020618556701,0.16901408450704225,0.6338028169014085,0.28169014084507044,0.4647887323943662,0.21212121212121213,0.0,0.19047619047619047,0.5714285714285714,0.5504206843641177,0.43422672534775686,0.3808492656342915,0.4563212761567294,0.0,0.007413932320340629,0.012100454765239427,0.19642857142857142,4.873239436619718,7.441062860841449,2.040521579405934,0.8768114506371448,5.0,0.2535211267605634,0.4068368827731991,4.0,6.0,1.4838129496402879,0.6881942902737119,0.020202020202020204,0.0
24,2,91.0,241.0,2.6483516483516483,0.029426129426129426,0.23595505617977527,0.1797752808988764,0.22058823529411764,0.6323529411764706,0.3235294117647059,0.4852941176470588,0.23076923076923078,0.0,0.19047619047619047,0.47619047619047616,0.5507330139987733,0.430542794080256,0.41107954545454545,0.46137028956512827,NaN,NaN,NaN,NaN,3.5441176470588234,4.261713703129896,2.087617441208432,0.8883409396657032,4.444444444444445,0.25,0.4312690790474835,4.0,7.0,1.5688487584650113,0.6837647197730912,0.04395604395604396,0.0
240,2,92.0,266.0,2.891304347826087,0.03177257525083612,0.26666666666666666,0.2111111111111111,0.24242424242424243,0.6060606060606061,0.15151515151515152,0.45454545454545453,0.22826086956521738,0.0,0.19047619047619047,0.47619047619047616,0.5174152616999097,0.39713794429710564,0.3575702916612007,0.4252871390251533,0.0,0.0405982905982906,0.005435937536381487,0.22641509433962265,4.03030303030303,4.499469018142191,2.0915255973424913,0.9460773104011552,4.933333333333334,0.21212121212121213,0.3765709730177361,5.0,6.0,1.716242661448141,0.8898724141971034,0.021739130434782608,0.0
241,2,96.0,330.0,3.4375,0.03618421052631579,0.23404255319148937,0.0425531914893617,0.20833333333333334,0.6388888888888888,0.25,0.4722222222222222,0.21875,0.0,0.14285714285714285,0.5714285714285714,0.5322096734428193,0.40831783839896374,0.3716011584361896,0.44983838324624087,NaN,NaN,NaN,NaN,4.583333333333333,6.175257307748516,2.1318057233313863,0.9565142171817176,5.0,0.2222222222222222,0.4210931681152397,5.0,8.0,1.8669201520912548,0.9047439943944756,0.0,0.0
242,2,95.0,337.0,3.5473684210526315,0.03773796192609183,0.24731182795698925,0.0967741935483871,0.22857142857142856,0.6285714285714286,0.21428571428571427,0.5,0.22105263157894736,0.0,0.19047619047619047,0.47619047619047616,0.5377289809152442,0.39292506078672473,0.37214904143475575,0.4346306127379729,0.0,0.029464285714285738,0.010086077849958023,0.23214285714285715,4.814285714285714,6.6687522617637,2.088281188721668,0.8980335766617543,4.227642276422764,0.24285714285714285,0.4046508562156942,4.0,12.0,1.7686046511627906,0.7066558058332261,0.07368421052631578,0.0
243,2,94.0,281.0,2.9893617021276597,0.03214367421642645,0.2391304347826087,0.16304347826086957,0.22857142857142856,0.6285714285714286,0.32857142857142857,0.4714285714285714,0.22340425531914893,0.0,0.23809523809523808,0.5238095238095238,0.5762837119131484,0.4229825502710749,0.4010616367759225,0.4666205161890887,0.0,0.04761904761904762,0.009359903381642512,0.19642857142857142,4.014285714285714,4.728859460931592,2.0917738372798467,0.9005278451796593,5.0,0.24285714285714285,0.3694980695275386,5.0,9.0,1.8189102564102564,0.8873435556951108,0.0425531914893617,0.0
244,2,97.0,282.0,2.9072164948453607,0.030283505154639175,0.25263157894736843,0.10526315789473684,0.22535211267605634,0.647887323943662,0.22535211267605634,0.4225352112676056,0.21649484536082475,0.0,0.09523809523809523,0.5238095238095238,0.4735439454468498,0.41361979037843355,0.36039827796248675,0.4500828421214304,0.0,0.018979713097360167,0.004563867845117845,0.23214285714285715,3.971830985915493,4.526025790551844,2.108943234725351,0.9997813696649452,5.0,0.2112676056338028,0.43375484395203967,5.0,9.0,1.7648054145516074,0.8851964759619066,0.030927835051546393,0.0
245,2,92.0,281.0,3.0543478260869565,0.03356426182513139,0.2222222222222222,0.16666666666666666,0.22857142857142856,0.6142857142857143,0.22857142857142856,0.44285714285714284,0.22826086956521738,0.0,0.19047619047619047,0.5714285714285714,0.5030132401641033,0.40030544507860866,0.3652499484642342,0.4464444401665959,NaN,NaN,NaN,NaN,4.014285714285714,5.2156199546542075,2.226279536606364,1.0972212251648574,6.136363636363637,0.2857142857142857,0.50401139500751,7.0,13.0,1.9659969088098919,1.076955297152455,0.03260869565217391,0.0
246,2,89.0,249.0,2.797752808988764,0.0317926455566905,0.2413793103448276,0.12643678160919541,0.2727272727272727,0.6060606060606061,0.18181818181818182,0.4090909090909091,0.0,0.0,NaN,NaN,0.4567493317162526,0.4174022361956673,0.34650640129889143,0.4387721918434189,0.0,0.034386068476977574,0.008776048846613363,0.09615384615384616,3.772727272727273,5.2441775905663786,2.1327263670105054,0.9863816143190371,5.0,0.16666666666666666,0.36308717261715073,4.0,6.0,1.6736596736596736,0.9149745340314456,0.0,0.0
247,2,93.0,355.0,3.817204301075269,0.04149135109864423,0.25274725274725274,0.08791208791208792,0.20588235294117646,0.6323529411764706,0.3088235294117647,0.45588235294117646,0.22580645161290322,0.0,0.23809523809523808,0.5714285714285714,0.5569248815066301,0.41855578282180156,0.3936093584591027,0.4671676438510316,0.0,0.06488749345892209,0.010471721391301142,0.2909090909090909,5.220588235294118,7.4168939635621856,2.1067674964923797,0.9555033200184379,5.130434782608695,0.27941176470588236,0.42751388388807354,4.0,9.0,1.84093567251462,0.8172376298435512,0.053763440860215055,0.0
248,2,96.0,361.0,3.7604166666666665,0.03958333333333333,0.2553191489361702,0.11702127659574468,0.2,0.6285714285714286,0.2857142857142857,0.4857142857142857,0.21875,0.0,0.19047619047619047,0.5714285714285714,0.5502340495895652,0.40304328063976497,0.39833202511773946,0.4544496277795117,NaN,NaN,NaN,NaN,5.1571428571428575,6.662975168439255,2.1399203354557645,1.0459969377520983,5.928571428571429,0.3,0.46103109268060505,6.0,9.0,1.743935309973046,0.9008525792984763,0.052083333333333336,0.0
249,2,99.0,356.0,3.595959595959596,0.03669346526489384,0.25773195876288657,0.07216494845360824,0.2222222222222222,0.6111111111111112,0.2361111111111111,0.4583333333333333,0.21212121212121213,0.0,0.14285714285714285,0.5238095238095238,0.508662507550225,0.4052245576921623,0.3493666662992904,0.43898295066036513,0.0,0.010957792207792229,0.01934500141429701,0.2857142857142857,4.944444444444445,7.772992044304033,2.028618229627689,0.8085902372627516,4.042857142857143,0.2777777777777778,0.39567166926622827,4.0,10.0,1.6804878048780487,0.6742135153791874,0.020202020202020204,0.0
25,2,92.0,328.0,3.5652173913043477,0.03917821309125657,0.23333333333333334,0.05555555555555555,0.2608695652173913,0.5942028985507246,0.2463768115942029,0.4492753623188406,0.22826086956521738,0.0,0.14285714285714285,0.5714285714285714,0.526761074057436,0.411465059608071,0.36031713053452186,0.4496433783770863,0.0,0.011054421768707483,0.013041772239681532,0.3090909090909091,4.753623188405797,6.341751931588568,2.1692714989481483,0.9815200461504975,4.611111111111111,0.2898550724637681,0.46103433024043405,5.0,11.0,1.9988839285714286,0.9208927438796815,0.03260869565217391,0.0
250,2,97.0,342.0,3.5257731958762886,0.03672680412371134,0.24210526315789474,0.06315789473684211,0.19444444444444445,0.6111111111111112,0.2638888888888889,0.4444444444444444,0.21649484536082475,0.0,0.14285714285714285,0.5238095238095238,0.5008992961715542,0.4154533524637947,0.36405091423051195,0.4498226265592194,NaN,NaN,NaN,NaN,4.75,5.781831670395528,2.165447380110563,1.033011179076979,4.961538461538462,0.3055555555555556,0.5583312261622899,5.0,13.0,2.0329799764428738,1.0353860372155161,0.08247422680412371,0.0
251,2,100.0,354.0,3.54,0.03575757575757576,0.2653061224489796,0.07142857142857142,0.25,0.6111111111111112,0.20833333333333334,0.4722222222222222,0.21,0.0,0.14285714285714285,0.5714285714285714,0.5201699084646215,0.4004610411901381,0.36564991335824676,0.4329278973901636,0.0,0.017232789855072504,0.013710914800457944,0.2857142857142857,4.916666666666667,5.445633992242297,2.090006457974703,0.9482820319932104,4.4935064935064934,0.2638888888888889,0.507054762936718,5.0,13.0,1.8805460750853242,0.891913390666929,0.08,0.0
252,2,99.0,354.0,3.5757575757575757,0.036487322201607914,0.25773195876288657,0.1134020618556701,0.2222222222222222,0.625,0.25,0.4722222222222222,0.21212121212121213,0.0,0.19047619047619047,0.5714285714285714,0.5409658822488823,0.4029099493483004,0.37074470634412154,0.44464520002689695,0.0,0.02047697368421056,0.01196518819874083,0.2857142857142857,4.916666666666667,5.445633992242298,2.106972497497384,0.9782053238618458,4.73469387755102,0.2777777777777778,0.4616863237338356,4.0,10.0,1.7125,0.7249142196027245,0.030303030303030304,0.0
253,2,92.0,271.0,2.9456521739130435,0.032369804108934544,0.25555555555555554,0.15555555555555556,0.2835820895522388,0.6119402985074627,0.23880597014925373,0.44776119402985076,0.22826086956521738,0.0,0.09523809523809523,0.47619047619047616,0.5162501684877899,0.42988818156284847,0.3828105145269324,0.4542761508595602,0.0,0.025046382189239387,0.010579293458577246,0.20754716981132076,4.044776119402985,4.931140490802015,2.088467703169106,0.9152299647213686,4.5,0.22388059701492538,0.37112603604088273,4.0,7.0,1.6015473887814313,0.7069954470772322,0.043478260869565216,0.0
254,2,92.0,333.0,3.619565217391304,0.03977544194935499,0.23333333333333334,0.044444444444444446,0.18840579710144928,0.6086956521739131,0.3333333333333333,0.5072463768115942,0.22826086956521738,0.0,0.19047619047619047,0.5238095238095238,0.5624495823826267,0.4130826149924364,0.4001756697408871,0.46095162887671093,0.0,0.05975705329153606,0.014806598921178346,0.2909090909090909,4.826086956521739,7.661892950215547,2.1672275814259656,0.9841539162521633,4.794117647058823,0.3188405797101449,0.48357185296180044,4.0,10.0,1.793774319066148,0.8108117759473888,0.05434782608695652,0.0
255,2,97.0,264.0,2.7216494845360826,0.028350515463917526,0.2736842105263158,0.1368421052631579,0.21739130434782608,0.6521739130434783,0.2898550724637681,0.4492753623188406,0.21649484536082475,0.0,0.14285714285714285,0.47619047619047616,0.5429062588577098,0.4289074142620751,0.38791695422130207,0.4615077033633323,0.0,0.04329142371234211,0.004266774891774892,0.14545454545454545,3.8260869565217392,3.8879774030265413,2.0321383783560067,0.9050665441622654,4.5,0.2463768115942029,0.4501232104444958,4.0,8.0,1.638095238095238,0.7194650462284163,0.020618556701030927,0.0
256,2,95.0,365.0,3.8421052631578947,0.040873460246360585,0.25806451612903225,0.053763440860215055,0.2028985507246377,0.6086956521739131,0.21739130434782608,0.4782608695652174,0.22105263157894736,0.0,0.09523809523809523,0.6190476190476191,0.528745269003376,0.409297511049812,0.38650679328869647,0.4413973491845602,0.0,0.02100263157894742,0.01115595268089599,0.2222222222222222,5.2898550724637685,6.7803814079674485,2.0467131339824665,0.8312616391367648,3.991596638655462,0.3188405797101449,0.47245191361078903,4.0,10.0,1.6441495778045838,0.6332419131695474,0.05263157894736842,0.0
257,2,92.0,289.0,3.141304347826087,0.034519827998088864,0.23333333333333334,0.08888888888888889,0.21739130434782608,0.5942028985507246,0.30434782608695654,0.463768115942029,0.22826086956521738,0.0,0.14285714285714285,0.5238095238095238,0.5698090233635619,0.4101120958829036,0.3907407407407408,0.4586413766439812,0.0,0.037857142857142846,0.016559736117152384,0.2727272727272727,4.188405797101449,5.584314593570629,2.17089555977789,1.011276831216572,5.333333333333334,0.3333333333333333,0.4648125514178866,5.0,11.0,1.94421768707483,0.9559172700642966,0.05434782608695652,0.0
258,2,97.0,346.0,3.5670103092783507,0.03715635738831615,0.2736842105263158,0.07368421052631578,0.2318840579710145,0.5942028985507246,0.2753623188405797,0.4927536231884058,0.21649484536082475,0.0,0.14285714285714285,0.5238095238095238,0.5365541166929104,0.4131825293288959,0.3936994229624933,0.45307231217001626,0.0,0.02928811928811931,0.00961604754181178,0.24074074074074073,5.0144927536231885,7.637933108203285,2.085133870055198,0.9339917018058375,4.385321100917431,0.30434782608695654,0.47154491515109964,4.0,12.0,1.8197611292073832,0.7416787270665591,0.041237113402061855,0.0
259,2,93.0,331.0,3.5591397849462365,0.03868630201028518,0.24175824175824176,0.07692307692307693,0.21739130434782608,0.6086956521739131,0.2898550724637681,0.4927536231884058,0.22580645161290322,0.0,0.19047619047619047,0.5714285714285714,0.5654538847444154,0.41255865323572133,0.3997943984357028,0.4571563798863817,0.0,0.055923344947735265,0.01642616584841592,0.21818181818181817,4.797101449275362,6.472974836932142,2.1070822405047873,0.8989209342297358,4.3,0.2608695652173913,0.5039422230431105,5.0,11.0,1.691988950276243,0.729077493534795,0.07526881720430108,0.0
26,2,97.0,329.0,3.3917525773195876,0.035330756013745704,0.25263157894736843,0.08421052631578947,0.22535211267605634,0.6338028169014085,0.23943661971830985,0.4647887323943662,0.21649484536082475,0.0,0.19047619047619047,0.5238095238095238,0.5629422868056497,0.41299321266538475,0.3862925921542326,0.4496396038981203,0.0,0.016381481281140513,0.012963060224089638,0.19642857142857142,4.633802816901408,5.080043409881225,2.122763771468714,1.0081571363616815,5.8,0.2535211267605634,0.5600228646393406,5.0,10.0,1.7560283687943263,0.8478221426441421,0.07216494845360824,0.0
260,2,97.0,326.0,3.3608247422680413,0.0350085910652921,0.25263157894736843,0.10526315789473684,0.18309859154929578,0.6338028169014085,0.23943661971830985,0.4647887323943662,0.21649484536082475,0.0,0.19047619047619047,0.5714285714285714,0.5065868401733429,0.4009529239884215,0.3708142796170965,0.4432782859492056,0.0,0.02112268518518521,0.024152022254503806,0.30357142857142855,4.591549295774648,5.4604486073915,2.091241025015866,0.9414917196976833,4.666666666666666,0.323943661971831,0.4219675832225823,4.0,12.0,1.845679012345679,0.8137491835173578,0.05154639175257732,0.0
261,2,96.0,316.0,3.2916666666666665,0.03464912280701754,0.2553191489361702,0.11702127659574468,0.22857142857142856,0.6142857142857143,0.2,0.4857142857142857,0.21875,0.0,0.14285714285714285,0.5714285714285714,0.5433337612600271,0.39005848677535054,0.36852247717268727,0.4346839411418281,0.0,0.031555555555555566,0.028349509298541374,0.32727272727272727,4.514285714285714,5.271588757967212,2.145195421347619,1.0390532422697025,5.342857142857143,0.2857142857142857,0.4856127776505732,6.0,12.0,2.0378048780487803,1.041171999047279,0.052083333333333336,0.0
262,2,96.0,319.0,3.3229166666666665,0.034978070175438594,0.2765957446808511,0.0851063829787234,0.22058823529411764,0.6176470588235294,0.19117647058823528,0.5147058823529411,0.20833333333333334,0.0,0.1,0.55,0.5676469949228857,0.38779657323264677,0.3940148823757145,0.43423352205404964,0.0,0.01736111111111114,0.019726932150583704,0.24528301886792453,4.6911764705882355,6.14077965039147,2.0436316416487363,0.9025557238986218,4.5588235294117645,0.2647058823529412,0.41880657547583033,5.0,10.0,1.759882869692533,0.8753891389651491,0.0625,0.0
263,2,97.0,308.0,3.1752577319587627,0.03307560137457045,0.25263157894736843,0.17894736842105263,0.2112676056338028,0.6338028169014085,0.2112676056338028,0.4507042253521127,0.21649484536082475,0.0,0.14285714285714285,0.47619047619047616,0.541919667405825,0.3973600073215016,0.3662307176391683,0.44398803376537893,0.0,0.030357142857142905,0.017404262878342937,0.32142857142857145,4.338028169014085,5.1822324532189015,2.1481029899186828,1.0691481247605361,5.75,0.2676056338028169,0.4170360315652696,5.0,8.0,1.9300411522633745,1.0200140720085062,0.061855670103092786,0.0
264,2,97.0,298.0,3.0721649484536084,0.03200171821305842,0.24210526315789474,0.05263157894736842,0.25,0.6111111111111112,0.20833333333333334,0.4583333333333333,0.21649484536082475,0.0,0.09523809523809523,0.5238095238095238,0.5228248967582111,0.407039994727751,0.3597383326549993,0.4406829141957735,0.0,0.01866925628491619,0.012025601927222298,0.23214285714285715,4.138888888888889,4.721260143181384,2.1243281155042473,0.9428248331727046,4.916666666666666,0.2638888888888889,0.45085987366152375,4.0,8.0,1.8394255874673628,0.7931482295658109,0.020618556701030927,0.0
265,2,97.0,374.0,3.8556701030927836,0.04016323024054983,0.25263157894736843,0.11578947368421053,0.22535211267605634,0.6056338028169014,0.2535211267605634,0.4788732394366197,0.21649484536082475,0.0,0.14285714285714285,0.5238095238095238,0.5431514284042438,0.4065891317529053,0.3858328665331674,0.44751637413499845,0.0,0.08332842776551391,0.008618708605376234,0.26785714285714285,5.267605633802817,5.78904814894685,2.074092710902266,0.8608468401352394,4.083333333333334,0.22535211267605634,0.4525041228674301,4.0,10.0,1.6070038910505837,0.6663743526779204,0.05154639175257732,0.0
266,2,92.0,288.0,3.130434782608696,0.034400382226469184,0.25555555555555554,0.12222222222222222,0.2537313432835821,0.5970149253731343,0.22388059701492538,0.5074626865671642,0.22826086956521738,0.0,0.09523809523809523,0.5238095238095238,0.55779821397547,0.38730789865118076,0.38440217636881374,0.439584630932575,0.0,0.03422676837725388,0.020018055702364805,0.32075471698113206,4.298507462686567,4.969650086374702,2.122372026031532,0.9756725103079034,5.173913043478261,0.26865671641791045,0.4485685815470108,6.0,10.0,1.9948051948051948,0.9928084848646653,0.021739130434782608,0.0
267,2,92.0,227.0,2.467391304347826,0.02711419015766842,0.24444444444444444,0.15555555555555556,0.23529411764705882,0.6029411764705882,0.25,0.45588235294117646,0.22826086956521738,0.0,0.14285714285714285,0.47619047619047616,0.5948677248677248,0.42260847147850245,0.3647350606909431,0.43978062272555096,0.0,0.02854938271604944,0.0243249304707638,0.28846153846153844,3.338235294117647,4.897792052403459,2.1151368532160926,0.9410162741756469,4.8,0.27941176470588236,0.43704534992229305,5.0,7.0,1.5630026809651474,0.8128164181183137,0.0,0.0
268,2,90.0,374.0,4.155555555555556,0.0466916354556804,0.26136363636363635,0.03409090909090909,0.23076923076923078,0.6,0.27692307692307694,0.49230769230769234,0.23333333333333334,0.0,0.23809523809523808,0.5238095238095238,0.5514435957740731,0.4018736268241263,0.39343419785186096,0.45339668578794146,0.0,0.011941391941391996,0.013461929705809757,0.3076923076923077,5.753846153846154,9.292185509257843,2.0755632808637707,0.8902532471834961,4.361111111111111,0.27692307692307694,0.44496389313389373,4.0,10.0,1.7201405152224825,0.7231829987177769,0.03333333333333333,0.0
269,2,96.0,320.0,3.3333333333333335,0.03508771929824561,0.23404255319148937,0.11702127659574468,0.25,0.6111111111111112,0.25,0.4444444444444444,0.21875,0.0,0.14285714285714285,0.5714285714285714,0.546633325328105,0.40566245267826584,0.36709876543209874,0.45255338508910714,0.0,0.006510416666666678,0.010768891998448075,0.25,4.444444444444445,5.362595779081978,2.149789464482572,0.9793964131110262,5.166666666666666,0.2777777777777778,0.38801806310271353,6.0,11.0,1.9011406844106464,0.9400082172283872,0.020833333333333332,0.0
27,2,95.0,380.0,4.0,0.0425531914893617,0.24731182795698925,0.07526881720430108,0.18571428571428572,0.6,0.24285714285714285,0.5,0.21052631578947367,0.0,0.1,0.55,0.5300436582721485,0.4055664246989299,0.38751905215527505,0.4459624100532027,0.0,0.019444444444444448,0.015407692913187556,0.32727272727272727,5.428571428571429,6.849460845324658,2.088376028646454,0.8797134855009003,4.388888888888889,0.3142857142857143,0.3982545388697422,4.0,8.0,1.7964796479647964,0.7904640462734386,0.021052631578947368,0.0
270,2,95.0,331.0,3.4842105263157896,0.03706606942889138,0.23655913978494625,0.11827956989247312,0.2535211267605634,0.6197183098591549,0.28169014084507044,0.43661971830985913,0.22105263157894736,0.0,0.23809523809523808,0.5714285714285714,0.5109293506673757,0.4242168088855394,0.380438760471251,0.46481340006549055,0.0,0.04641203703703709,0.012165644510807651,0.26785714285714285,4.661971830985915,6.826301366190354,2.140311240363424,0.9728895516179806,5.083333333333334,0.23943661971830985,0.4803730649841121,5.0,10.0,1.8845208845208845,0.9004201309568922,0.05263157894736842,0.0
271,2,97.0,348.0,3.5876288659793816,0.037371134020618556,0.2631578947368421,0.07368421052631578,0.21428571428571427,0.6,0.2571428571428571,0.4857142857142857,0.21649484536082475,0.0,0.14285714285714285,0.5714285714285714,0.5592701646848305,0.4053991250786568,0.3932312364998701,0.4485948333822662,0.0,0.03209940312213044,0.03401216592117166,0.3090909090909091,4.9714285714285715,6.1076607362178414,2.088598182202726,0.9235249385085988,4.916666666666666,0.3,0.524397875730653,4.0,8.0,1.77125,0.7792191062335417,0.061855670103092786,0.0
272,2,97.0,329.0,3.3917525773195876,0.035330756013745704,0.25263157894736843,0.12631578947368421,0.2676056338028169,0.6197183098591549,0.22535211267605634,0.4647887323943662,0.21649484536082475,0.0,0.14285714285714285,0.5238095238095238,0.5176318003716076,0.3928969164060886,0.369233235671338,0.4378780235650257,0.0,0.01345029239766083,0.01839771277829313,0.375,4.633802816901408,4.453696495592071,2.1002143517958833,0.9375488077011611,4.435897435897436,0.2535211267605634,0.452059259672285,4.0,12.0,1.8137603795966786,0.7595476053820863,0.08247422680412371,0.0
273,2,92.0,251.0,2.7282608695652173,0.029980888676540852,0.25555555555555554,0.13333333333333333,0.2537313432835821,0.6119402985074627,0.2537313432835821,0.44776119402985076,0.22826086956521738,0.0,0.14285714285714285,0.5238095238095238,0.5052892942693937,0.41808008024864746,0.3772032693674484,0.45064017494781095,0.0,0.027901234567901292,0.017628205128205128,0.11538461538461539,3.746268656716418,5.085163456691971,2.044074276050746,0.8433391729850698,4.304347826086957,0.22388059701492538,0.32560205127668884,4.0,7.0,1.4852216748768472,0.691056321603243,0.0,0.0
274,2,92.0,338.0,3.6739130434782608,0.040372670807453416,0.23333333333333334,0.08888888888888889,0.2608695652173913,0.5942028985507246,0.21739130434782608,0.4492753623188406,0.22826086956521738,0.0,0.09523809523809523,0.47619047619047616,0.5196317684615274,0.40219945139380603,0.373341835298357,0.4455117957630646,0.0,0.014833333333333388,0.010741403882051729,0.2962962962962963,4.898550724637682,6.15521043635159,2.2007356877286215,1.1075654207254342,5.916666666666666,0.2753623188405797,0.48848668475305707,5.0,10.0,2.062043795620438,1.0879898921349258,0.043478260869565216,0.0
275,2,92.0,335.0,3.641304347826087,0.04001433349259436,0.2222222222222222,0.044444444444444446,0.2,0.6142857142857143,0.2571428571428571,0.4714285714285714,0.22826086956521738,0.0,0.19047619047619047,0.5238095238095238,0.5708942097625179,0.4136965742934815,0.3738627642199071,0.4497919933459785,0.0,0.014758698092031407,0.016637679587828396,0.2,4.785714285714286,7.4985850977306985,2.123295678852911,0.8958137709724284,5.0,0.2571428571428571,0.44029989863552343,5.0,8.0,1.572107765451664,0.6813491479293464,0.0,0.0
276,2,101.0,372.0,3.6831683168316833,0.03683168316831683,0.2828282828282828,0.08080808080808081,0.19718309859154928,0.6056338028169014,0.18309859154929578,0.4507042253521127,0.2079207920792079,0.0,0.14285714285714285,0.5238095238095238,0.5352807629890655,0.3995010779711226,0.3603677621283255,0.43781588690446505,0.0,0.01530194077166939,0.007872384102852853,0.23214285714285715,5.23943661971831,5.946102658122004,2.091163080894232,1.0258777838808983,5.063492063492063,0.29577464788732394,0.5441595342830184,5.0,11.0,1.890888638920135,0.9069403307195267,0.0891089108910891,0.0
277,2,96.0,357.0,3.71875,0.03914473684210526,0.2553191489361702,0.07446808510638298,0.21428571428571427,0.6285714285714286,0.2714285714285714,0.5,0.21875,0.0,0.23809523809523808,0.42857142857142855,0.562538669695731,0.39380163707463534,0.3913595114159023,0.45112419466075576,0.0,0.021237244897959213,0.028151241877867716,0.30357142857142855,5.1,5.8462176549941445,2.1023848196549006,0.9536382093034369,4.682926829268293,0.2714285714285714,0.4221459161345858,4.0,12.0,1.8690601900739177,0.8067916411238275,0.07291666666666667,0.0
278,2,88.0,296.0,3.3636363636363638,0.038662486938349006,0.20930232558139536,0.12790697674418605,0.20588235294117646,0.6323529411764706,0.25,0.4411764705882353,0.2159090909090909,0.0,0.10526315789473684,0.5263157894736842,0.5383804958699121,0.42762658016263305,0.371959086664969,0.45254617406961184,NaN,NaN,NaN,NaN,4.352941176470588,5.9719861089959325,2.122967809289003,0.8733635705921293,5.0,0.22058823529411764,0.3709967430165998,4.0,7.0,1.5129224652087476,0.6909575375358283,0.0,0.0
279,2,94.0,402.0,4.276595744680851,0.04598490048043926,0.22826086956521738,0.06521739130434782,0.18309859154929578,0.6056338028169014,0.2535211267605634,0.4788732394366197,0.22340425531914893,0.0,0.19047619047619047,0.47619047619047616,0.5365765194057449,0.41265256903269154,0.3887437468423384,0.4562073508451266,0.0,0.0029304029304029868,0.0009565440250280675,0.14285714285714285,5.661971830985915,7.473655946000936,2.1297237888818463,0.9262098004569003,4.827586206896552,0.323943661971831,0.3792368626879239,5.0,10.0,1.8075639599555062,0.8674441922013525,0.0425531914893617,0.0
28,2,99.0,381.0,3.8484848484848486,0.03927025355596784,0.26804123711340205,0.05154639175257732,0.18309859154929578,0.6197183098591549,0.2676056338028169,0.5070422535211268,0.21212121212121213,0.0,0.19047619047619047,0.5238095238095238,0.5675499264969333,0.40089892510080555,0.3835375133013907,0.4440941834499442,0.0,0.026206967635539105,0.01652940845198631,0.26785714285714285,5.366197183098592,7.569184588315438,2.070577155728053,0.9220470656671538,4.638888888888889,0.323943661971831,0.43446654089617864,4.0,10.0,1.8169934640522876,0.7988916135547124,0.06060606060606061,0.0
280,2,94.0,319.0,3.393617021276596,0.036490505605124686,0.2608695652173913,0.06521739130434782,0.23529411764705882,0.6029411764705882,0.23529411764705882,0.47058823529411764,0.22340425531914893,0.0,0.09523809523809523,0.5714285714285714,0.5418985597813172,0.4023787995708031,0.3890082956259427,0.4492930719291532,0.0,0.05189909297052153,0.014231572196281937,0.2962962962962963,4.6911764705882355,6.390892196937054,2.1036809207483342,0.9923111026262209,5.083333333333334,0.29411764705882354,0.4088261563430397,6.0,11.0,2.0329799764428738,1.0135151332398216,0.02127659574468085,0.0
281,2,95.0,322.0,3.389473684210526,0.036058230683090706,0.25806451612903225,0.08602150537634409,0.2028985507246377,0.6231884057971014,0.21739130434782608,0.4782608695652174,0.21052631578947367,0.0,0.15,0.55,0.5510007032394376,0.39932658079602235,0.383173328282024,0.4464036023320572,0.0,0.03535150746689213,0.03419311721001938,0.30357142857142855,4.666666666666667,5.508460515870286,2.09965456785349,0.9689493992219835,5.03030303030303,0.3188405797101449,0.4056788522514037,4.0,10.0,1.9057324840764331,0.9056400683748436,0.031578947368421054,0.0
282,2,97.0,410.0,4.22680412371134,0.04402920962199313,0.25263157894736843,0.05263157894736842,0.2112676056338028,0.6056338028169014,0.16901408450704225,0.4788732394366197,0.21649484536082475,0.0,0.14285714285714285,0.5238095238095238,0.5110011003739273,0.3878735166520433,0.3671999977513912,0.43385392277245793,0.0,0.015530303030303028,0.02047688997234477,0.2857142857142857,5.774647887323944,8.248284987279984,2.0807329155352936,0.8744931064670569,4.162162162162162,0.2676056338028169,0.4157038856299279,4.0,9.0,1.7377232142857142,0.7791737174489961,0.041237113402061855,0.0
283,2,95.0,375.0,3.9473684210526314,0.041993281075028,0.24731182795698925,0.053763440860215055,0.22857142857142856,0.6285714285714286,0.21428571428571427,0.4714285714285714,0.21052631578947367,0.0,0.15,0.55,0.5493267659905933,0.3961032903839988,0.3797819087762697,0.4456588946717219,0.0,0.02404685957317542,0.006631445092008386,0.25925925925925924,5.357142857142857,6.940817548399153,2.1147487536919196,0.9789706339166003,5.388888888888889,0.24285714285714285,0.42891026046352765,5.0,11.0,1.9445026178010472,0.9439527483596291,0.06315789473684211,0.0
284,2,97.0,264.0,2.7216494845360826,0.028350515463917526,0.28421052631578947,0.15789473684210525,0.22058823529411764,0.6176470588235294,0.23529411764705882,0.45588235294117646,0.21649484536082475,0.0,0.19047619047619047,0.5238095238095238,0.5243937067820822,0.41279911845939526,0.3818398921340098,0.4497649001284703,0.0,0.014669421487603307,0.01617018787652461,0.24528301886792453,3.8823529411764706,3.7197713449415057,2.066539707463777,0.9754734046697267,4.733333333333333,0.25,0.4244878143286438,5.0,11.0,1.9370199692780339,0.9578965888785852,0.08247422680412371,0.0
285,2,93.0,286.0,3.075268817204301,0.03342683496961197,0.25274725274725274,0.13186813186813187,0.23529411764705882,0.6176470588235294,0.23529411764705882,0.4852941176470588,0.22580645161290322,0.0,0.14285714285714285,0.5238095238095238,0.5428107232873218,0.3967095182148493,0.39000012285616004,0.4474760255172697,NaN,NaN,NaN,NaN,4.205882352941177,4.888484255299467,2.1055380190112607,0.9555496857567394,4.545454545454545,0.27941176470588236,0.4445619575077141,4.0,11.0,1.7979041916167664,0.7932597105098912,0.07526881720430108,0.0
286,2,94.0,323.0,3.4361702127659575,0.036948066803935024,0.22826086956521738,0.043478260869565216,0.23943661971830985,0.6197183098591549,0.28169014084507044,0.4507042253521127,0.22340425531914893,0.0,0.09523809523809523,0.5238095238095238,0.5349647412778559,0.41164245882735573,0.3604199947157694,0.4496011921253069,0.0,0.04127384960718287,0.018513205484350072,0.25,4.549295774647887,5.852444501218191,2.1168669286610817,0.8991800329425742,4.541666666666666,0.2535211267605634,0.46068565835349307,5.0,9.0,1.7542706964520367,0.7583297264352994,0.0425531914893617,0.0
287,2,95.0,339.0,3.568421052631579,0.03796192609182531,0.23655913978494625,0.0967741935483871,0.22535211267605634,0.6338028169014085,0.28169014084507044,0.4507042253521127,0.22105263157894736,0.0,0.14285714285714285,0.5238095238095238,0.5418373603219651,0.41606992962593725,0.38517747901550714,0.4603281720437678,0.0,0.040761904761904756,0.03060453500043933,0.32142857142857145,4.774647887323944,5.7945718024928725,2.1584686908746145,1.0417348527213501,5.720000000000001,0.2676056338028169,0.5249368343744817,5.0,11.0,1.9845971563981042,1.0302654663908022,0.07368421052631578,0.0
288,2,90.0,311.0,3.4555555555555557,0.03882646691635456,0.22727272727272727,0.07954545454545454,0.22058823529411764,0.6029411764705882,0.23529411764705882,0.45588235294117646,0.23333333333333334,0.0,0.14285714285714285,0.5238095238095238,0.5292384742195588,0.4062518156204236,0.37395484364314285,0.45019280287689867,0.0,0.029328384381575905,0.012239347194432362,0.2909090909090909,4.573529411764706,5.9080420184405735,2.1460402776986616,0.9384703503453999,5.0,0.29411764705882354,0.4826757608437046,5.0,8.0,1.8122332859174966,0.8533617063768523,0.044444444444444446,0.0
289,2,93.0,266.0,2.860215053763441,0.031089294062646097,0.24175824175824176,0.12087912087912088,0.2463768115942029,0.6231884057971014,0.2608695652173913,0.4782608695652174,0.22580645161290322,0.0,0.19047619047619047,0.5238095238095238,0.5727641122791717,0.39525452196021305,0.3845155993431856,0.4406980647122069,0.0,0.027568922305764385,0.012565568745277934,0.2909090909090909,3.8550724637681157,5.355797744497629,2.091862278674863,0.890569056116754,4.333333333333334,0.2463768115942029,0.43454161480544373,4.0,9.0,1.8575539568345323,0.8042554701570567,0.043010752688172046,0.0
29,2,93.0,254.0,2.7311827956989245,0.029686769518466573,0.25274725274725274,0.14285714285714285,0.25,0.6176470588235294,0.2647058823529412,0.4852941176470588,0.21505376344086022,0.0,0.2,0.45,0.546540811873992,0.40668982149199895,0.39027777777777783,0.4526634606891785,0.0,0.03715277777777779,0.010782928491261824,0.2222222222222222,3.735294117647059,3.9232093436362447,2.1042251660516107,0.9753722349678056,5.181818181818182,0.2647058823529412,0.40137405198910603,5.0,8.0,1.891651865008881,1.0003475941848188,0.021505376344086023,0.0
290,2,96.0,286.0,2.9791666666666665,0.03135964912280702,0.26595744680851063,0.10638297872340426,0.2463768115942029,0.6086956521739131,0.2463768115942029,0.463768115942029,0.21875,0.0,0.14285714285714285,0.5238095238095238,0.5481938295038878,0.4234023804459557,0.38381427086531056,0.4511643119565344,0.0,0.02777777777777779,0.014100194518919813,0.21818181818181817,4.144927536231884,4.29868434838204,2.056748713372762,0.8830403631588225,4.25,0.2463768115942029,0.44219620771533263,5.0,9.0,1.8103703703703704,0.8365956585212998,0.03125,0.0
291,2,97.0,348.0,3.5876288659793816,0.037371134020618556,0.2631578947368421,0.10526315789473684,0.2,0.6,0.22857142857142856,0.4714285714285714,0.21649484536082475,0.0,0.09523809523809523,0.5238095238095238,0.5344065816698231,0.39617948661681146,0.36445678590415437,0.440674970999733,0.0,0.013434343434343436,0.01062698757914069,0.23636363636363636,4.9714285714285715,5.558571989934805,2.0910705017535007,0.9353286246212402,4.485714285714286,0.3,0.42248513810248345,4.0,12.0,1.7727797001153403,0.7290076783277932,0.07216494845360824,0.0
292,2,93.0,300.0,3.225806451612903,0.03506311360448808,0.24175824175824176,0.10989010989010989,0.2463768115942029,0.6086956521739131,0.2753623188405797,0.4782608695652174,0.22580645161290322,0.0,0.19047619047619047,0.5238095238095238,0.5170393977529528,0.41611727295579193,0.3866326152771166,0.45076823423718243,0.0,0.024675147836912572,0.014727823691460055,0.18181818181818182,4.3478260869565215,5.1100422668809165,2.1181664313678414,0.9577169702547463,5.052631578947368,0.2753623188405797,0.4912522380801374,4.0,10.0,1.637630662020906,0.7641934206202528,0.053763440860215055,0.0
293,2,92.0,330.0,3.5869565217391304,0.039417104634495936,0.2111111111111111,0.14444444444444443,0.22535211267605634,0.6197183098591549,0.23943661971830985,0.4225352112676056,0.22826086956521738,0.0,0.09523809523809523,0.5714285714285714,0.5271074559703022,0.40328943837375736,0.3439157438805326,0.4440205987774709,NaN,NaN,NaN,NaN,4.647887323943662,6.206214838022783,2.1738501070589193,0.9501916702536214,4.7,0.29577464788732394,0.4172172984555323,5.0,12.0,1.849435382685069,0.893817574612511,0.03260869565217391,0.0
294,2,98.0,301.0,3.0714285714285716,0.03166421207658321,0.2604166666666667,0.11458333333333333,0.23943661971830985,0.6056338028169014,0.23943661971830985,0.4647887323943662,0.21428571428571427,0.0,0.14285714285714285,0.5238095238095238,0.508084119934252,0.4055731354530057,0.3716409568522244,0.442669453390883,0.0,0.02542072510822512,0.011008981717687077,0.23214285714285715,4.23943661971831,4.797215825671011,2.114499793406113,0.9865907868628787,4.9,0.29577464788732394,0.5065273607544307,4.0,9.0,1.793859649122807,0.8080254574348718,0.05102040816326531,0.0
295,2,96.0,339.0,3.53125,0.037171052631578945,0.2765957446808511,0.06382978723404255,0.22058823529411764,0.5882352941176471,0.27941176470588236,0.4852941176470588,0.21875,0.0,0.09523809523809523,0.47619047619047616,0.5510192985270379,0.4007291291682321,0.3994169942008367,0.45707785508049553,0.0,0.04594091424448567,0.010049983778264894,0.25925925925925924,4.985294117647059,7.251335743258442,2.1057017132535365,0.9811256358711338,4.846153846153847,0.3088235294117647,0.4807334924790357,5.0,11.0,1.81913499344692,0.8851654568228073,0.052083333333333336,0.0
296,2,96.0,327.0,3.40625,0.03585526315789474,0.2553191489361702,0.0851063829787234,0.2,0.6142857142857143,0.18571428571428572,0.45714285714285713,0.21875,0.0,0.09523809523809523,0.5238095238095238,0.5096841269531565,0.39787173690178845,0.36576077097505666,0.43276713923140275,NaN,NaN,NaN,NaN,4.671428571428572,5.630459163636193,2.111418883496133,0.9865215695604843,5.636363636363637,0.3142857142857143,0.46841542796597674,5.0,9.0,1.8680555555555556,0.9685350750613879,0.020833333333333332,0.0
297,2,89.0,333.0,3.741573033707865,0.04251787538304392,0.22988505747126436,0.05747126436781609,0.19402985074626866,0.5970149253731343,0.2537313432835821,0.4925373134328358,0.21348314606741572,0.0,0.10526315789473684,0.5789473684210527,0.5596290586314033,0.4009159069152861,0.3858193236345866,0.4463381215499778,0.0,0.048994619088077,0.031063725919141156,0.32142857142857145,4.970149253731344,8.06783766091264,2.2086277021266674,1.0778977624254746,6.0,0.29850746268656714,0.4846948812476759,6.0,10.0,2.093198992443325,1.1858259552587975,0.02247191011235955,0.0
298,2,92.0,257.0,2.7934782608695654,0.03069756330625896,0.25555555555555554,0.14444444444444443,0.2537313432835821,0.582089552238806,0.26865671641791045,0.47761194029850745,0.22826086956521738,0.0,0.14285714285714285,0.5238095238095238,0.571389915888657,0.39559122412294107,0.3859867330016584,0.45021929810149885,0.0,0.014827806122448994,0.02191591992720422,0.32075471698113206,3.8358208955223883,4.01360192997313,2.1099652723007987,0.9172331156120977,4.625,0.29850746268656714,0.38008984221397896,4.0,7.0,1.777027027027027,0.7918446064885377,0.0,0.0
299,2,98.0,451.0,4.6020408163265305,0.047443719755943616,0.2708333333333333,0.052083333333333336,0.18571428571428572,0.6,0.22857142857142856,0.5,0.21428571428571427,0.0,0.09523809523809523,0.5714285714285714,0.5773927470831874,0.3941266376198219,0.3857138551496006,0.44514886963927275,0.0,0.014237189440993812,0.020208834437110735,0.3392857142857143,6.442857142857143,8.608448351635404,2.092191934526351,0.9374360480585877,4.5,0.34285714285714286,0.41861333967324416,4.0,9.0,1.773109243697479,0.7648013279487887,0.02040816326530612,0.0
3,2,92.0,275.0,2.989130434782609,0.03284758719541328,0.2222222222222222,0.16666666666666666,0.24285714285714285,0.6428571428571429,0.3142857142857143,0.4857142857142857,0.22826086956521738,0.0,0.23809523809523808,0.47619047619047616,0.5824616555193204,0.4207858022071517,0.40337189126662815,0.4658981194813005,0.0,0.03273809523809524,0.012441061237430927,0.21428571428571427,3.9285714285714284,4.447182558903481,2.119759195440568,0.899498211598962,4.416666666666666,0.2,0.4680499259913053,4.0,11.0,1.7959183673469388,0.7636146957369012,0.05434782608695652,0.0
30,2,95.0,266.0,2.8,0.029787234042553193,0.26881720430107525,0.12903225806451613,0.23529411764705882,0.6323529411764706,0.2647058823529412,0.4264705882352941,0.22105263157894736,0.0,0.14285714285714285,0.5238095238095238,0.5186994342620477,0.41998942041362336,0.360676088617265,0.44958270353283397,0.0,0.010176518883415442,0.007143948405120203,0.20754716981132076,3.911764705882353,5.045273520735445,2.0656435614249977,0.9646985565775928,5.382352941176471,0.22058823529411764,0.4981448830354637,5.0,8.0,1.8272727272727274,1.0032650786388546,0.031578947368421054,0.0
300,2,90.0,272.0,3.022222222222222,0.033957553058676655,0.23863636363636365,0.14772727272727273,0.26865671641791045,0.6567164179104478,0.3582089552238806,0.4925373134328358,0.23333333333333334,0.0,0.23809523809523808,0.47619047619047616,0.6377759723093088,0.4138858332952141,0.4406005685856432,0.4767794488227328,0.0,0.01428571428571431,0.01732740943267259,0.2,4.059701492537314,4.782799348343278,2.0858229988712442,0.9236441993807545,4.723684210526316,0.16417910447761194,0.4332789160839664,5.0,11.0,1.9201183431952662,0.9138331078140597,0.05555555555555555,0.0
301,2,96.0,288.0,3.0,0.031578947368421054,0.26595744680851063,0.13829787234042554,0.21739130434782608,0.6086956521739131,0.30434782608695654,0.463768115942029,0.21875,0.0,0.23809523809523808,0.47619047619047616,0.550621099915698,0.41299353225084423,0.39944789510006906,0.4645964529570038,NaN,NaN,NaN,NaN,4.173913043478261,4.553461907743222,2.066953918552156,0.9242012482313254,4.4714285714285715,0.30434782608695654,0.4449430346089251,4.0,12.0,1.8217270194986073,0.7826403283352521,0.052083333333333336,0.0
302,2,90.0,279.0,3.1,0.0348314606741573,0.23863636363636365,0.14772727272727273,0.2537313432835821,0.5970149253731343,0.208955223880597,0.4626865671641791,0.2222222222222222,0.0,0.1,0.5,0.5716733169170981,0.4129088343922817,0.3768715944089079,0.445937214530443,0.0,0.0,0.007390791027154663,0.16363636363636364,4.164179104477612,4.55470790376811,2.165025133975949,1.02185131453915,4.888888888888889,0.2835820895522388,0.42002131958259314,5.0,10.0,1.820469798657718,0.9072909796616637,0.06666666666666667,0.0
303,2,95.0,296.0,3.1157894736842104,0.03314669652855543,0.25806451612903225,0.06451612903225806,0.2753623188405797,0.6231884057971014,0.2463768115942029,0.4782608695652174,0.22105263157894736,0.0,0.14285714285714285,0.47619047619047616,0.5524276155884128,0.3912112632981307,0.38594328376937065,0.4486586429939598,0.0,2.3790493384824782e-17,0.016233536578861472,0.3090909090909091,4.2898550724637685,5.688226874755185,2.119322267994906,1.0057463900137948,4.892307692307693,0.2463768115942029,0.44724105617690274,4.0,11.0,1.8928067700987306,0.8987226611413647,0.05263157894736842,0.0
304,2,95.0,327.0,3.442105263157895,0.03661814109742441,0.22580645161290322,0.11827956989247312,0.19444444444444445,0.625,0.20833333333333334,0.4305555555555556,0.22105263157894736,0.0,0.09523809523809523,0.5714285714285714,0.4792786116431983,0.41575190595487566,0.36184899885880273,0.4413370512965618,NaN,NaN,NaN,NaN,4.541666666666667,6.765566297357796,2.126162740470901,0.9349463017637017,5.5,0.2638888888888889,0.3916073575150607,5.0,7.0,1.5740740740740742,0.8550157991325673,0.021052631578947368,0.0
305,2,96.0,346.0,3.6041666666666665,0.03793859649122807,0.2553191489361702,0.11702127659574468,0.2571428571428571,0.6285714285714286,0.24285714285714285,0.4714285714285714,0.21875,0.0,0.19047619047619047,0.5238095238095238,0.5364141333641586,0.39624152605102514,0.380843267539574,0.44841970132291764,0.0,0.01333333333333333,0.01988369323925639,0.21818181818181817,4.942857142857143,7.634562360938849,2.0942019281259956,0.9481147487625047,4.833333333333334,0.22857142857142856,0.4091942314024588,5.0,8.0,1.8243559718969555,0.8157688249938345,0.0,0.0
306,2,99.0,308.0,3.111111111111111,0.031746031746031744,0.27835051546391754,0.13402061855670103,0.21428571428571427,0.6,0.2857142857142857,0.4714285714285714,0.21212121212121213,0.0,0.14285714285714285,0.5238095238095238,0.5431272641788135,0.4197046872854759,0.39532012805122047,0.4585490292365478,0.0,0.02822751322751326,0.006131029930274398,0.16363636363636364,4.4,5.094469863332768,2.0759383665296505,0.9691265914803292,4.690476190476191,0.3,0.4454822213972858,4.0,11.0,1.7482900136798905,0.7324993454736426,0.050505050505050504,0.0
307,2,94.0,292.0,3.106382978723404,0.033401967513154884,0.22826086956521738,0.16304347826086957,0.2112676056338028,0.6197183098591549,0.23943661971830985,0.4647887323943662,0.22340425531914893,0.0,0.23809523809523808,0.42857142857142855,0.5264025071670347,0.41664150524724797,0.379420890039867,0.4492818015594505,0.0,0.05301587301587302,0.0016788153590082072,0.05357142857142857,4.112676056338028,4.521533544447213,2.1019072842090867,0.8586185023327398,4.5,0.28169014084507044,0.3794117010846265,5.0,9.0,1.6135531135531136,0.7727701949726029,0.02127659574468085,0.0
308,2,95.0,297.0,3.126315789473684,0.03325867861142217,0.24731182795698925,0.12903225806451613,0.2714285714285714,0.6142857142857143,0.3,0.44285714285714284,0.22105263157894736,0.0,0.19047619047619047,0.47619047619047616,0.6036111322257597,0.4227648883277842,0.37355317884729644,0.4589484114425748,0.0,0.028030303030303006,0.007907603524673883,0.14545454545454545,4.242857142857143,5.4091594736317505,2.1304895343516543,0.9893992396193627,5.0476190476190474,0.24285714285714285,0.3665151430333355,5.0,9.0,1.9060205580029368,0.9408892193590902,0.05263157894736842,0.0
309,2,98.0,275.0,2.806122448979592,0.02892909741216074,0.2604166666666667,0.0625,0.19718309859154928,0.5915492957746479,0.29577464788732394,0.49295774647887325,0.21428571428571427,0.0,0.14285714285714285,0.5238095238095238,0.5484017321982825,0.413167879109569,0.3802867003947853,0.45213703066851707,0.0,0.02480811403508775,0.033092326327249184,0.34545454545454546,3.8732394366197185,5.450896590640031,2.1521524624994273,1.0817627104733074,5.8,0.323943661971831,0.49956416202358606,6.0,9.0,2.2158469945355193,1.2388469192275535,0.030612244897959183,0.0
31,2,91.0,268.0,2.9450549450549453,0.032722832722832725,0.23595505617977527,0.1797752808988764,0.23529411764705882,0.6323529411764706,0.25,0.5,0.23076923076923078,0.0,0.14285714285714285,0.47619047619047616,0.5700907768516887,0.38648257902592537,0.40220660010884923,0.44343402001307325,0.0,0.029999999999999995,0.008988532749425994,0.2037037037037037,3.9411764705882355,4.458372479103017,2.1451914756528065,1.005219917646022,5.1,0.27941176470588236,0.3894542576597177,7.0,10.0,2.2120383036935705,1.2376148420089972,0.03296703296703297,0.0
310,2,95.0,322.0,3.389473684210526,0.036058230683090706,0.24731182795698925,0.08602150537634409,0.24285714285714285,0.6428571428571429,0.2857142857142857,0.4857142857142857,0.22105263157894736,0.0,0.23809523809523808,0.5238095238095238,0.5734542525988584,0.415109424473157,0.39151257472686046,0.4610529106404911,0.0,0.04104409620991255,0.013276501631329676,0.25,4.6,6.3665794060337735,2.10885100146596,0.9633233646138339,4.884615384615385,0.22857142857142856,0.4107916058864059,5.0,8.0,2.045714285714286,0.9651664400230227,0.05263157894736842,0.0
311,2,96.0,256.0,2.6666666666666665,0.028070175438596492,0.2553191489361702,0.1595744680851064,0.2571428571428571,0.6285714285714286,0.2857142857142857,0.45714285714285713,0.21875,0.0,0.14285714285714285,0.5714285714285714,0.5722978990435112,0.41957599737598733,0.3935899814471243,0.4559195651747498,0.0,0.06812169312169311,0.020879968516332156,0.23636363636363636,3.657142857142857,4.452277431508749,2.1162273772352074,1.028788060165565,5.454545454545455,0.24285714285714285,0.49870348720137225,5.0,9.0,1.8793103448275863,0.9545380422794977,0.052083333333333336,0.0
312,2,96.0,353.0,3.6770833333333335,0.038706140350877195,0.24468085106382978,0.05319148936170213,0.2112676056338028,0.6056338028169014,0.23943661971830985,0.4647887323943662,0.21875,0.0,0.14285714285714285,0.5714285714285714,0.5277360394162915,0.4002301330566023,0.3636941532234342,0.4415660611351418,0.0,0.017777777777777826,0.015479206268340534,0.2857142857142857,4.971830985915493,5.774257728391008,2.119221076528483,0.9528428773014112,5.0,0.28169014084507044,0.47203178979597316,5.0,9.0,1.7356475300400533,0.8222004931888007,0.052083333333333336,0.0
313,2,93.0,324.0,3.4838709677419355,0.037868162692847124,0.24175824175824176,0.07692307692307693,0.21739130434782608,0.6231884057971014,0.2753623188405797,0.463768115942029,0.22580645161290322,0.0,0.19047619047619047,0.5238095238095238,0.5355743765218033,0.41348407794688874,0.391569420917247,0.46223072997001385,0.0,0.028257456828885422,0.017966150487109957,0.25,4.695652173913044,6.6891139565937054,2.109692080918823,0.9161926887783511,4.596153846153847,0.2753623188405797,0.3863246084595995,5.0,9.0,1.8346666666666667,0.8549695039546606,0.03225806451612903,0.0
314,2,93.0,260.0,2.795698924731183,0.030388031790556335,0.27472527472527475,0.18681318681318682,0.22727272727272727,0.5909090909090909,0.22727272727272727,0.4696969696969697,0.22580645161290322,0.0,0.19047619047619047,0.47619047619047616,0.5592675333511249,0.40501875573312723,0.3849686929232384,0.4439454303132788,0.0,0.03268398268398267,0.012409386699159428,0.21153846153846154,3.9393939393939394,4.482028345356386,2.10925057992578,1.0343528458161355,5.0,0.30303030303030304,0.4605101258770517,5.0,8.0,1.8697247706422018,0.9793365651976248,0.03225806451612903,0.0
315,2,98.0,351.0,3.5816326530612246,0.03692404796970335,0.2604166666666667,0.17708333333333334,0.19718309859154928,0.6338028169014085,0.29577464788732394,0.4647887323943662,0.21428571428571427,0.0,0.19047619047619047,0.5238095238095238,0.5296045747711162,0.4182421093902164,0.3829805395882711,0.4565508499977402,0.0,0.00888888888888891,0.007281150859965199,0.2857142857142857,4.943661971830986,7.695800940296992,2.035393820063916,0.8436511918881001,4.384615384615385,0.28169014084507044,0.3851421391596248,4.0,9.0,1.7316176470588236,0.7146360047401902,0.02040816326530612,0.0
316,2,97.0,263.0,2.711340206185567,0.028243127147766323,0.2736842105263158,0.18947368421052632,0.2318840579710145,0.6086956521739131,0.2608695652173913,0.5072463768115942,0.21649484536082475,0.0,0.19047619047619047,0.47619047619047616,0.5446382981219974,0.40310549206736884,0.4050539997336336,0.4502593448141785,0.0,0.008673469387755166,0.015416002126528444,0.2727272727272727,3.8115942028985508,4.141878524928034,2.056428546634732,0.9257141444013901,4.954545454545455,0.2753623188405797,0.38802244445312317,4.0,7.0,1.7825342465753424,0.8338690837960863,0.0,0.0
317,2,94.0,255.0,2.7127659574468086,0.02916952642415923,0.2391304347826087,0.17391304347826086,0.21428571428571427,0.6285714285714286,0.2857142857142857,0.4714285714285714,0.22340425531914893,0.0,0.19047619047619047,0.38095238095238093,0.5448356722365817,0.40773286556411015,0.39832332933173265,0.46194353489908074,NaN,NaN,NaN,NaN,3.642857142857143,3.8487178903611414,2.1121335027045864,0.9354144335290793,4.561904761904762,0.2857142857142857,0.39292883298954484,4.0,10.0,1.9339887640449438,0.8283797683799379,0.05319148936170213,0.0
318,2,92.0,265.0,2.880434782608696,0.03165312947921643,0.24444444444444444,0.14444444444444443,0.22058823529411764,0.6323529411764706,0.2647058823529412,0.47058823529411764,0.22826086956521738,0.0,0.19047619047619047,0.47619047619047616,0.5458892448278931,0.40292250102701455,0.3901143790849673,0.4518572154945906,0.0,0.026661706349206386,0.016878605206511556,0.18867924528301888,3.8970588235294117,4.063450874738554,2.133462812110863,0.9841552742655092,4.96875,0.2647058823529412,0.5082899596564208,5.0,11.0,1.7487091222030982,0.8108228385961116,0.07608695652173914,0.0
319,2,97.0,344.0,3.5463917525773194,0.036941580756013746,0.2631578947368421,0.10526315789473684,0.21428571428571427,0.6428571428571429,0.24285714285714285,0.45714285714285713,0.21649484536082475,0.0,0.09523809523809523,0.5714285714285714,0.5718521790543751,0.40009374669135206,0.37820888961645266,0.4482063587819592,0.0,0.01383928571428572,0.02269954675660013,0.2777777777777778,4.914285714285715,6.208322738190414,2.043422282562608,0.8738720410985595,4.351063829787234,0.2571428571428571,0.37656186019646287,4.0,8.0,1.6260744985673352,0.6853723177618105,0.030927835051546393,0.0
32,2,96.0,258.0,2.6875,0.028289473684210528,0.2553191489361702,0.19148936170212766,0.22857142857142856,0.6,0.24285714285714285,0.44285714285714284,0.21875,0.0,0.09523809523809523,0.5238095238095238,0.5304638185382841,0.40956633551187044,0.3859029066171923,0.4552368440641155,0.0,0.014444444444444452,0.019175793307779493,0.3090909090909091,3.6857142857142855,3.8543890177034497,2.114982423801013,0.951596698567568,4.7254901960784315,0.3142857142857143,0.45427255239216513,6.0,9.0,2.027375201288245,1.1060935484981342,0.041666666666666664,0.0
320,2,98.0,409.0,4.173469387755102,0.043025457605722704,0.28125,0.052083333333333336,0.21739130434782608,0.6086956521739131,0.2608695652173913,0.4927536231884058,0.21428571428571427,0.0,0.14285714285714285,0.6190476190476191,0.5815204780261871,0.4051616941349036,0.40697878442609325,0.4552893469730537,0.0,0.035958699420237925,0.0170891885343196,0.3392857142857143,5.927536231884058,8.255691157476674,2.039620006564556,0.8900267320987917,4.727272727272727,0.30434782608695654,0.42929034102740793,4.0,9.0,1.7598784194528876,0.7550312550858581,0.0,0.0
321,2,94.0,288.0,3.0638297872340425,0.032944406314344546,0.25,0.10869565217391304,0.2753623188405797,0.5797101449275363,0.2608695652173913,0.4492753623188406,0.22340425531914893,0.0,0.14285714285714285,0.5238095238095238,0.52008962943355,0.4114823474612108,0.36376968442185836,0.4457130259768857,0.0,0.016605616605616644,0.01762698130381492,0.3333333333333333,4.173913043478261,5.447494085894612,2.1187775891860645,0.923928123191007,4.454545454545455,0.2753623188405797,0.42985060756597027,4.0,10.0,1.8099290780141843,0.7910458558764405,0.05319148936170213,0.0
322,2,95.0,306.0,3.221052631578947,0.034266517357222845,0.23655913978494625,0.12903225806451613,0.2535211267605634,0.6338028169014085,0.2535211267605634,0.43661971830985913,0.22105263157894736,0.0,0.19047619047619047,0.47619047619047616,0.5376459749894804,0.42140221448821624,0.3684312948397455,0.4564603834313162,0.0,0.009469696969696961,0.010867194674012856,0.23636363636363636,4.309859154929577,5.2279237870053565,2.1066392587895444,0.9299554790108259,4.818181818181818,0.18309859154929578,0.35635378954120356,4.0,8.0,1.7051070840197693,0.8207440157193792,0.021052631578947368,0.0
323,2,94.0,362.0,3.851063829787234,0.04140928849233585,0.25,0.08695652173913043,0.2028985507246377,0.6231884057971014,0.2753623188405797,0.5072463768115942,0.22340425531914893,0.0,0.14285714285714285,0.47619047619047616,0.5515829889518075,0.39989098257617633,0.40010683760683763,0.44974435730904666,0.0,0.019097222222222255,0.03043894340676658,0.35185185185185186,5.246376811594203,7.44865917089514,2.1104602501867147,0.9647091476468003,4.897435897435898,0.30434782608695654,0.41125483596981627,5.0,11.0,1.8465116279069766,0.8934762491419773,0.0,0.0
324,2,94.0,254.0,2.702127659574468,0.029055136124456645,0.2608695652173913,0.20652173913043478,0.2647058823529412,0.6176470588235294,0.29411764705882354,0.4411764705882353,0.2127659574468085,0.0,0.15,0.45,0.6109889522284889,0.4132018231329613,0.3879300030035324,0.4615544682679767,0.0,0.017088174982911875,0.031011508736492485,0.2777777777777778,3.735294117647059,4.628328240332937,2.102549266849492,0.9732061051814184,5.25,0.2647058823529412,0.4287774063569423,6.0,9.0,2.1195965417867435,1.1553710991145314,0.031914893617021274,0.0
325,2,98.0,380.0,3.877551020408163,0.03997475278771302,0.2604166666666667,0.07291666666666667,0.23943661971830985,0.6056338028169014,0.28169014084507044,0.43661971830985913,0.21428571428571427,0.0,0.14285714285714285,0.5714285714285714,0.508382629453054,0.42300519246312,0.3708484333404371,0.4573179247919923,0.0,0.011871064095928224,0.006365081480241703,0.18181818181818182,5.352112676056338,6.979763793689167,2.0806070212973418,0.9028916004017633,4.545454545454545,0.29577464788732394,0.4399513529662637,4.0,8.0,1.6662404092071612,0.7262137147857946,0.0,0.0
326,2,95.0,404.0,4.252631578947368,0.04524076147816349,0.25806451612903225,0.10752688172043011,0.21739130434782608,0.6086956521739131,0.18840579710144928,0.463768115942029,0.22105263157894736,0.0,0.14285714285714285,0.5714285714285714,0.5437544621036761,0.40763466325766096,0.37858081396377646,0.44681042441606256,0.0,0.018293650793650782,0.010602870480332125,0.2727272727272727,5.855072463768116,8.013362667736425,2.150751113766629,1.059402654343475,5.727272727272727,0.2608695652173913,0.47722196181200693,6.0,10.0,1.7051442910915935,0.9172474310440666,0.0,0.0
327,2,97.0,283.0,2.917525773195876,0.030390893470790378,0.2631578947368421,0.14736842105263157,0.2714285714285714,0.6142857142857143,0.21428571428571427,0.44285714285714284,0.21649484536082475,0.0,0.14285714285714285,0.5238095238095238,0.5318050104657247,0.385403158438886,0.36738095238095236,0.4400368241247802,0.0,0.055201247165532916,0.003077507598784195,0.07142857142857142,4.042857142857143,4.332003299628444,2.148710211668369,1.0953107110587588,6.0,0.22857142857142856,0.3590383650738679,5.0,9.0,1.9559270516717324,1.043733117052626,0.020618556701030927,0.0
328,2,91.0,312.0,3.4285714285714284,0.0380952380952381,0.2247191011235955,0.12359550561797752,0.2318840579710145,0.6376811594202898,0.2753623188405797,0.4927536231884058,0.23076923076923078,0.0,0.19047619047619047,0.5238095238095238,0.5697434792685395,0.39568005669510975,0.3972720495031708,0.4539268836684379,0.0,0.038095238095238106,0.013911666259071233,0.25925925925925924,4.521739130434782,6.2181156017581936,2.169448600939711,1.0204852783481453,5.166666666666666,0.2608695652173913,0.378957300732947,5.0,10.0,2.161556603773585,1.1483095451280265,0.03296703296703297,0.0
329,2,92.0,325.0,3.532608695652174,0.03881987577639751,0.24444444444444444,0.12222222222222222,0.19117647058823528,0.5882352941176471,0.23529411764705882,0.5147058823529411,0.22826086956521738,0.0,0.14285714285714285,0.47619047619047616,0.5484687177883198,0.3919455618010308,0.37821917684533785,0.43573133840185524,0.0,0.027472527472527503,0.017146567406783872,0.3148148148148148,4.779411764705882,5.9546685265222825,2.1237429195504554,0.9329852967968085,4.471698113207547,0.3382352941176471,0.4396420539736201,4.0,12.0,1.8457142857142856,0.7519398472182375,0.07608695652173914,0.0
33,2,97.0,345.0,3.556701030927835,0.03704896907216495,0.24210526315789474,0.12631578947368421,0.19444444444444445,0.625,0.2777777777777778,0.4722222222222222,0.21649484536082475,0.0,0.14285714285714285,0.47619047619047616,0.5024347432490089,0.42242051275611536,0.38056499421631,0.45168971316237,0.0,0.014750000000000034,0.027796875689057695,0.30357142857142855,4.791666666666667,6.299871449616267,2.1244784837713357,0.9372114081507281,4.439024390243903,0.2638888888888889,0.4889663461328893,4.0,11.0,1.7081712062256809,0.7397248711082223,0.09278350515463918,0.0
330,2,90.0,223.0,2.477777777777778,0.02784019975031211,0.25,0.14772727272727273,0.22727272727272727,0.6363636363636364,0.3181818181818182,0.48484848484848486,0.23333333333333334,0.0,0.23809523809523808,0.5238095238095238,0.589072014236092,0.41326410693512894,0.4204124579124579,0.4689923460074192,0.0,0.020512820512820534,0.0060040686514743116,0.09433962264150944,3.378787878787879,4.097898716753976,2.138475613391238,1.0650791506183461,5.5,0.2727272727272727,0.5437067369798544,5.0,9.0,1.8329764453961457,0.9902661049795948,0.03333333333333333,0.0
331,2,92.0,313.0,3.402173913043478,0.037386526516961296,0.25555555555555554,0.1111111111111111,0.23880597014925373,0.5970149253731343,0.29850746268656714,0.47761194029850745,0.22826086956521738,0.0,0.14285714285714285,0.5714285714285714,0.5517771843865669,0.42567657281871774,0.40042482393228657,0.4600265252141929,0.0,0.026709401709401684,0.01830075458162655,0.25925925925925924,4.6716417910447765,7.324487901639084,2.059843535662717,0.8681631642468756,5.052631578947368,0.23880597014925373,0.3874828709827708,4.0,7.0,1.5718954248366013,0.6470841071658517,0.0,0.0
332,2,96.0,280.0,2.9166666666666665,0.03070175438596491,0.24468085106382978,0.1702127659574468,0.23943661971830985,0.6197183098591549,0.18309859154929578,0.4507042253521127,0.21875,0.0,0.14285714285714285,0.5238095238095238,0.48677062767581364,0.3904589047121161,0.3584659471983416,0.4303006677124059,0.0,0.015555555555555597,0.012595748967431621,0.26785714285714285,3.943661971830986,4.191444769471882,2.1127380470172947,0.9520172732975738,4.891891891891892,0.2676056338028169,0.40570269017241894,4.0,10.0,1.6956521739130435,0.8047833012178122,0.052083333333333336,0.0
333,2,96.0,243.0,2.53125,0.026644736842105263,0.26595744680851063,0.1595744680851064,0.2608695652173913,0.6231884057971014,0.2463768115942029,0.4492753623188406,0.21875,0.0,0.14285714285714285,0.47619047619047616,0.5269706431933416,0.41928845886235705,0.3847304064695369,0.452173696757445,0.0,0.009381677350427373,0.010676195538007922,0.22641509433962265,3.5217391304347827,3.76754209021406,2.1215674474806354,1.0425447276001045,5.513513513513514,0.21739130434782608,0.5057206199024816,4.0,10.0,1.875219683655536,0.9000592679424256,0.020833333333333332,0.0
334,2,100.0,314.0,3.14,0.03171717171717172,0.2755102040816326,0.09183673469387756,0.23943661971830985,0.6056338028169014,0.2676056338028169,0.4647887323943662,0.21,0.0,0.14285714285714285,0.47619047619047616,0.5297061421017175,0.4164734804031519,0.38392801251956177,0.45157706727624847,0.0,0.009314581095596165,0.005413889002296007,0.2,4.422535211267606,5.661049806304193,2.0753877795247573,0.9459085212203631,4.684210526315789,0.29577464788732394,0.46773024165388377,6.0,10.0,1.8990825688073394,0.9385512358455996,0.06,0.0
335,2,97.0,305.0,3.1443298969072164,0.03275343642611684,0.2736842105263158,0.10526315789473684,0.2318840579710145,0.5942028985507246,0.2753623188405797,0.463768115942029,0.21649484536082475,0.0,0.14285714285714285,0.5238095238095238,0.5620776106411082,0.40281605129011533,0.3910154173312068,0.4548170539015854,NaN,NaN,NaN,NaN,4.420289855072464,6.1462705026071776,2.12249603592688,1.0545540470985733,5.454545454545455,0.30434782608695654,0.4415906139705021,5.0,11.0,2.0851063829787235,1.0889124313528131,0.061855670103092786,0.0
336,2,95.0,356.0,3.7473684210526317,0.03986562150055991,0.23655913978494625,0.08602150537634409,0.23943661971830985,0.6056338028169014,0.18309859154929578,0.43661971830985913,0.22105263157894736,0.0,0.09523809523809523,0.5714285714285714,0.4914586291069022,0.399524631618176,0.3537049784084625,0.43554616720883227,0.0,0.03422503869969045,0.01034640525414167,0.2909090909090909,5.014084507042254,6.352711362079926,2.112209487589864,0.9032876560815407,4.438775510204081,0.2676056338028169,0.43282111850622873,4.0,8.0,1.6564171122994653,0.7063483387943141,0.07368421052631578,0.0
337,2,94.0,354.0,3.765957446808511,0.04049416609471517,0.25,0.05434782608695652,0.2028985507246377,0.6086956521739131,0.2463768115942029,0.4492753623188406,0.22340425531914893,0.0,0.14285714285714285,0.5714285714285714,0.5305206508418409,0.4091274216124995,0.38234076216905455,0.45081945004683127,0.0,0.027287491573205862,0.003699165909704662,0.16363636363636364,5.130434782608695,7.751495194435757,2.063929679677094,0.8564991128625907,4.363636363636363,0.3188405797101449,0.4469835257018047,4.0,9.0,1.7073490813648293,0.7532137410741481,0.06382978723404255,0.0
338,2,90.0,308.0,3.422222222222222,0.03845193508114857,0.22727272727272727,0.125,0.25,0.6323529411764706,0.29411764705882354,0.4264705882352941,0.23333333333333334,0.0,0.19047619047619047,0.5238095238095238,0.5751552633551151,0.4254437182485716,0.37598760092272204,0.4633260157755781,0.0,0.04241071428571428,0.01574057081170012,0.2222222222222222,4.529411764705882,6.864293483086886,2.1250160534174096,0.9104365654421012,4.6,0.22058823529411764,0.41155840195261734,4.0,10.0,1.6552845528455284,0.7559970067879881,0.044444444444444446,0.0
339,2,96.0,337.0,3.5104166666666665,0.03695175438596491,0.26595744680851063,0.05319148936170213,0.21739130434782608,0.5942028985507246,0.2318840579710145,0.4782608695652174,0.21875,0.0,0.14285714285714285,0.5238095238095238,0.5280672814966558,0.4171851104548829,0.3916004276106578,0.4455777368493498,0.0,0.020795660036166404,0.015658809108314513,0.25925925925925924,4.884057971014493,6.100955161197539,2.1187393828975307,1.0012602532423602,5.25,0.2753623188405797,0.5096941251496545,6.0,8.0,1.9657534246575343,1.148831239817602,0.041666666666666664,0.0
34,2,91.0,347.0,3.8131868131868134,0.04236874236874237,0.2808988764044944,0.033707865168539325,0.234375,0.578125,0.203125,0.515625,0.23076923076923078,0.0,0.09523809523809523,0.5714285714285714,0.6111937486736195,0.3873381937747701,0.4055245919639786,0.4412344698586269,0.0,0.035054838261835385,0.030346815203187355,0.34,5.421875,7.212873604529656,2.073147849963988,0.9333445120743226,4.359375,0.328125,0.43280920890157953,5.0,10.0,1.8674418604651162,0.8758088708287773,0.04395604395604396,0.0
340,2,94.0,318.0,3.382978723404255,0.0363761153054221,0.2608695652173913,0.07608695652173914,0.2647058823529412,0.6323529411764706,0.27941176470588236,0.45588235294117646,0.22340425531914893,0.0,0.23809523809523808,0.42857142857142855,0.5257193628433814,0.43630475182173567,0.4089800626132806,0.4676055276666231,0.0,0.02971059113300492,0.007713141885542096,0.23214285714285715,4.676470588235294,7.193365883261141,2.092155608400893,0.9602971684459702,5.0,0.17647058823529413,0.3824683424404601,4.0,8.0,1.8794701986754967,0.9038906386159484,0.02127659574468085,0.0
341,2,92.0,262.0,2.847826086956522,0.031294792164357384,0.24444444444444444,0.17777777777777778,0.2647058823529412,0.6029411764705882,0.27941176470588236,0.47058823529411764,0.22826086956521738,0.0,0.09523809523809523,0.47619047619047616,0.5054143171856494,0.43077219373875664,0.38611694677871145,0.45526948839738024,NaN,NaN,NaN,NaN,3.8529411764705883,4.844645315737171,2.1355104075818345,0.9951096488263433,5.0,0.22058823529411764,0.4241986091451099,6.0,11.0,1.8408239700374531,1.0318293173108908,0.06521739130434782,0.0
342,2,96.0,321.0,3.34375,0.03519736842105263,0.2553191489361702,0.14893617021276595,0.21428571428571427,0.6142857142857143,0.2,0.45714285714285713,0.20833333333333334,0.0,0.1,0.55,0.5190601568532751,0.4077441363882478,0.37141745762863776,0.44441605269795775,0.0,0.0328231292517007,0.010946476686705063,0.2857142857142857,4.585714285714285,5.688770675747287,2.0840481691441,0.9288663701343878,5.0,0.2571428571428571,0.3897352150602354,4.0,10.0,1.8226666666666667,0.8688456398482993,0.03125,0.0
343,2,97.0,280.0,2.88659793814433,0.03006872852233677,0.2631578947368421,0.08421052631578947,0.2571428571428571,0.6,0.24285714285714285,0.45714285714285713,0.21649484536082475,0.0,0.14285714285714285,0.5714285714285714,0.5436881689738831,0.4004457822813137,0.37117501546072973,0.44329875366135707,0.0,0.016737891737891766,0.015231104753832023,0.21818181818181817,4.0,4.235803227902265,2.118635786566567,0.9895349966646352,4.95,0.3,0.4646189671708246,5.0,9.0,1.9323076923076923,1.02286761051029,0.05154639175257732,0.0
344,2,94.0,327.0,3.478723404255319,0.03740562800274537,0.25,0.10869565217391304,0.2463768115942029,0.6086956521739131,0.2028985507246377,0.4492753623188406,0.22340425531914893,0.0,0.09523809523809523,0.5238095238095238,0.5459342368894845,0.39823946877660965,0.3737812223796206,0.44526311641071753,0.0,0.033328218505447364,0.020692444865472854,0.21818181818181817,4.739130434782608,4.894931874527569,2.1199047097932837,0.9563054198572736,4.526881720430108,0.2753623188405797,0.4052622384531601,5.0,12.0,1.664012738853503,0.7968305316497364,0.0425531914893617,0.0
345,2,89.0,278.0,3.1235955056179776,0.035495403472931564,0.25287356321839083,0.08045977011494253,0.27692307692307694,0.5846153846153846,0.26153846153846155,0.47692307692307695,0.23595505617977527,0.0,0.19047619047619047,0.5238095238095238,0.5814010722287036,0.39843096431645875,0.3867929933314548,0.4539267142028141,0.0,0.06837606837606845,0.018640988585399643,0.3269230769230769,4.276923076923077,5.444342511691874,2.195851196978097,1.0507563541307343,4.863636363636363,0.27692307692307694,0.520937043883378,5.0,11.0,2.1503105590062113,1.0419153468494013,0.033707865168539325,0.0
346,2,97.0,330.0,3.402061855670103,0.035438144329896906,0.25263157894736843,0.09473684210526316,0.2676056338028169,0.6338028169014085,0.2112676056338028,0.4507042253521127,0.21649484536082475,0.0,0.14285714285714285,0.47619047619047616,0.5524039089629472,0.3928852458885256,0.3715937036359572,0.44634747128153157,0.0,0.030555555555555537,0.016568084433677306,0.30357142857142855,4.647887323943662,5.372146662047798,2.1095696415019187,0.9707493236085037,4.833333333333334,0.2112676056338028,0.412517077357745,4.0,11.0,1.7931472081218274,0.7884836547798344,0.05154639175257732,0.0
347,2,94.0,276.0,2.9361702127659575,0.031571722717913524,0.2717391304347826,0.16304347826086957,0.23880597014925373,0.5970149253731343,0.23880597014925373,0.5074626865671642,0.22340425531914893,0.0,0.19047619047619047,0.5714285714285714,0.5633861539125857,0.39478077172418646,0.3987495813216349,0.44263725923151037,0.0,0.01583252348558472,0.00990094855986203,0.20754716981132076,4.119402985074627,4.863352092699718,2.135596529302485,1.086602418280884,6.083333333333333,0.2537313432835821,0.35643966484337647,6.0,8.0,2.1996996996997,1.2980262286006587,0.02127659574468085,0.0
348,2,91.0,293.0,3.21978021978022,0.03577533577533577,0.24719101123595505,0.06741573033707865,0.23880597014925373,0.6268656716417911,0.2537313432835821,0.4925373134328358,0.23076923076923078,0.0,0.19047619047619047,0.47619047619047616,0.5746201035805129,0.39548855928118,0.39527067045723757,0.4503072984914739,0.0,0.03178963893249615,0.01121083507133992,0.25925925925925924,4.373134328358209,6.082353563845322,2.109822160127785,0.9324225417585893,4.5,0.26865671641791045,0.43704006556729824,4.0,10.0,1.8973429951690821,0.7839642498800117,0.03296703296703297,0.0
349,2,93.0,320.0,3.4408602150537635,0.03740065451145395,0.24175824175824176,0.13186813186813187,0.2463768115942029,0.6376811594202898,0.2028985507246377,0.463768115942029,0.21505376344086022,0.0,0.15,0.45,0.5262596974820274,0.400168711874537,0.3833193778845953,0.44433112403683933,0.0,0.01462585034013609,0.013253685955103804,0.2545454545454545,4.63768115942029,5.153442637159432,2.053023503227059,0.8388471616944384,4.2,0.2028985507246377,0.35667219128675065,4.0,9.0,1.662280701754386,0.7065753114319298,0.03225806451612903,0.0
35,2,87.0,244.0,2.8045977011494254,0.03261160117615611,0.24705882352941178,0.23529411764705882,0.265625,0.609375,0.265625,0.484375,0.0,0.0,NaN,NaN,0.5809588083839387,0.4023915882163624,0.4086653363997114,0.4552041197292246,0.0,0.020833333333333332,0.012206543456543456,0.21153846153846154,3.8125,5.70122515376899,2.1123770733302756,0.9640102157815263,5.181818181818182,0.265625,0.3385418906053223,5.0,10.0,2.020344287949922,1.0021415347019045,0.034482758620689655,0.0
350,2,95.0,329.0,3.463157894736842,0.03684210526315789,0.23655913978494625,0.053763440860215055,0.2112676056338028,0.6338028169014085,0.2112676056338028,0.4788732394366197,0.22105263157894736,0.0,0.14285714285714285,0.6190476190476191,0.5241945987080813,0.4039052938272386,0.3708432282375944,0.44454033295304024,0.0,0.024845016690510306,0.012198218870752422,0.2857142857142857,4.633802816901408,4.77265854819997,2.1298034134479766,0.9444803102708341,4.663157894736842,0.2676056338028169,0.4732421559514714,4.0,10.0,1.8430609597924772,0.8512865558524824,0.08421052631578947,0.0
351,2,97.0,338.0,3.484536082474227,0.03629725085910653,0.25263157894736843,0.12631578947368421,0.2112676056338028,0.5915492957746479,0.19718309859154928,0.49295774647887325,0.21649484536082475,0.0,0.09523809523809523,0.5238095238095238,0.5482457815240719,0.40150737118229995,0.37565732984268535,0.4364319109102768,0.0,0.028144186967716426,0.015816107412474408,0.2857142857142857,4.76056338028169,5.200177987976935,2.088290507016469,0.909350169872079,5.0,0.2676056338028169,0.3749632313963155,5.0,7.0,1.7081481481481482,0.8381705962069846,0.0,0.0
352,2,98.0,304.0,3.1020408163265305,0.03197980223017042,0.2604166666666667,0.10416666666666667,0.2112676056338028,0.6056338028169014,0.28169014084507044,0.4647887323943662,0.21428571428571427,0.0,0.14285714285714285,0.5238095238095238,0.5354538563590837,0.4173309388913159,0.38176698106275575,0.4528585858737647,0.0,0.019387755102040872,0.018380238454776526,0.21428571428571427,4.28169014084507,4.826069381395618,2.036385254896441,0.8360365811005719,4.333333333333334,0.2676056338028169,0.4179253350534926,4.0,8.0,1.5443262411347518,0.6277930047300438,0.02040816326530612,0.0
353,2,93.0,337.0,3.6236559139784945,0.03938756428237494,0.23076923076923078,0.06593406593406594,0.24285714285714285,0.6,0.22857142857142856,0.44285714285714284,0.22580645161290322,0.0,0.14285714285714285,0.5238095238095238,0.5167028530019041,0.4065670738228562,0.35449228335672384,0.443947502076223,0.0,0.023207986898463113,0.006519965940921823,0.17857142857142858,4.814285714285714,5.514914841979493,2.1449000872324313,0.9391846980687112,4.789473684210526,0.2571428571428571,0.43559327776686696,5.0,11.0,1.8170894526034713,0.871366600623825,0.043010752688172046,0.0
354,2,91.0,260.0,2.857142857142857,0.031746031746031744,0.2247191011235955,0.1797752808988764,0.2318840579710145,0.6376811594202898,0.30434782608695654,0.4782608695652174,0.23076923076923078,0.0,0.23809523809523808,0.42857142857142855,0.5899358866073573,0.40455688861770206,0.39803047194351543,0.4599792389502285,0.0,0.023504273504273514,0.010987778295405065,0.21428571428571427,3.7681159420289854,4.805465416451637,2.133438983650317,0.9456093205526596,4.8235294117647065,0.2753623188405797,0.3769971369720433,5.0,10.0,2.056657223796034,1.0187836657088287,0.04395604395604396,0.0
355,2,98.0,324.0,3.306122448979592,0.03408373658741847,0.2708333333333333,0.10416666666666667,0.22857142857142856,0.6142857142857143,0.2714285714285714,0.45714285714285713,0.21428571428571427,0.0,0.09523809523809523,0.6190476190476191,0.5317805756820807,0.4094651869004325,0.3851422783565641,0.45214130120218404,0.0,0.03487978187226305,0.0027936866446183215,0.16071428571428573,4.628571428571429,6.882389685616406,2.089262339411782,0.9780906725426483,5.666666666666666,0.2857142857142857,0.468424894460124,5.0,11.0,2.0180722891566263,1.0641254561018947,0.030612244897959183,0.0
356,2,91.0,305.0,3.3516483516483517,0.03724053724053724,0.23595505617977527,0.0898876404494382,0.25,0.6029411764705882,0.20588235294117646,0.47058823529411764,0.23076923076923078,0.0,0.14285714285714285,0.5238095238095238,0.5203766560857283,0.40227282706422457,0.37589501185089413,0.439593935529012,0.0,0.022817460317460316,0.013199180036053674,0.2222222222222222,4.485294117647059,5.99873779524362,2.14230410755297,0.954264004910025,4.958333333333334,0.25,0.39865715179985056,5.0,8.0,1.6355475763016158,0.829986736035591,0.0,0.0
357,2,95.0,320.0,3.3684210526315788,0.03583426651735722,0.26881720430107525,0.07526881720430108,0.22058823529411764,0.6029411764705882,0.23529411764705882,0.45588235294117646,0.22105263157894736,0.0,0.14285714285714285,0.47619047619047616,0.5309599506907665,0.4050192127614941,0.3798427327190303,0.4483918385768935,0.0,0.018408714837286226,0.01591871328583927,0.24074074074074073,4.705882352941177,4.968734556245705,2.084429908782448,0.9422046261880007,4.543689320388349,0.29411764705882354,0.4231737135235018,5.0,10.0,1.9244791666666667,0.9713092762483184,0.05263157894736842,0.0
358,2,93.0,301.0,3.236559139784946,0.035179990649836373,0.24175824175824176,0.13186813186813187,0.2463768115942029,0.6086956521739131,0.2463768115942029,0.463768115942029,0.22580645161290322,0.0,0.14285714285714285,0.5238095238095238,0.5439180146938938,0.4157927067325306,0.39980446284794113,0.4538780248824584,0.0,0.053886217948717986,0.012038083694576481,0.19642857142857142,4.36231884057971,5.572967882061834,2.1394950946703313,1.0040098487426765,4.766666666666667,0.2898550724637681,0.41021928424531884,4.0,8.0,1.5810055865921788,0.7364779244333715,0.07526881720430108,0.0
359,2,100.0,362.0,3.62,0.036565656565656565,0.2653061224489796,0.04081632653061224,0.2361111111111111,0.6111111111111112,0.2638888888888889,0.4861111111111111,0.21,0.0,0.19047619047619047,0.5238095238095238,0.5687388015234238,0.4151756909620128,0.3897366522366522,0.4542322793823889,0.0,0.02658514492753624,0.0141100021809082,0.26785714285714285,5.027777777777778,7.1245898764538165,2.0614331575596627,0.9054568077422955,4.32,0.2777777777777778,0.45839893380787183,4.0,11.0,1.7379310344827585,0.7069019231514373,0.07,0.0
36,2,93.0,298.0,3.204301075268817,0.03482935951379149,0.2857142857142857,0.0989010989010989,0.26153846153846155,0.6153846153846154,0.2,0.4461538461538462,0.22580645161290322,0.0,0.09523809523809523,0.5238095238095238,0.5518573473249669,0.39300262616073905,0.3675282447021578,0.4381789586859424,0.0,0.004200487012987121,0.03411356987026041,0.3469387755102041,4.584615384615384,5.352838930454067,2.0934156607444083,1.0266534842371429,4.9,0.24615384615384617,0.48925487252902894,5.0,10.0,1.7805280528052805,0.9375634246517924,0.043010752688172046,0.0
360,2,90.0,328.0,3.6444444444444444,0.04094881398252185,0.2159090909090909,0.125,0.2318840579710145,0.6086956521739131,0.2028985507246377,0.4492753623188406,0.23333333333333334,0.0,0.19047619047619047,0.5238095238095238,0.5000257647479154,0.3945795844255021,0.3702046946612164,0.4434697785782051,NaN,NaN,NaN,NaN,4.753623188405797,5.174615066960932,2.201470536999754,1.0423945296410568,5.703703703703704,0.2898550724637681,0.44235897951272923,5.0,11.0,1.7379421221864952,0.9117982850317246,0.03333333333333333,0.0
361,2,99.0,283.0,2.8585858585858586,0.02916924345495774,0.26804123711340205,0.14432989690721648,0.23943661971830985,0.6197183098591549,0.23943661971830985,0.43661971830985913,0.21212121212121213,0.0,0.09523809523809523,0.5714285714285714,0.5637739739322121,0.41545519274126974,0.37373788183647333,0.4503914928682593,0.0,0.031043126947040485,0.005943314475060507,0.17857142857142858,3.9859154929577465,4.240933043384536,2.0950290301424896,0.9780108936530815,5.066666666666666,0.2676056338028169,0.46493493298663113,5.0,9.0,1.9748344370860926,0.9188000003930828,0.050505050505050504,0.0
362,2,95.0,418.0,4.4,0.04680851063829787,0.23655913978494625,0.021505376344086023,0.19718309859154928,0.6197183098591549,0.2535211267605634,0.4788732394366197,0.22105263157894736,0.0,0.19047619047619047,0.5714285714285714,0.5679412113503078,0.4031435954987384,0.3871624332891938,0.4538709365473124,0.0,0.015000000000000036,0.022736483502208922,0.3392857142857143,5.887323943661972,7.543302224536956,2.0980317567908395,0.8760086191231006,4.309523809523809,0.30985915492957744,0.4318027579043614,4.0,9.0,1.7597883597883597,0.7895450025762788,0.031578947368421054,0.0
363,2,95.0,290.0,3.0526315789473686,0.032474804031354984,0.26881720430107525,0.16129032258064516,0.25,0.6470588235294118,0.25,0.47058823529411764,0.22105263157894736,0.0,0.23809523809523808,0.47619047619047616,0.5564336645391718,0.41752529703388885,0.3934358426231491,0.4524185645073628,0.0,0.02138157894736848,0.00854542379862697,0.18181818181818182,4.264705882352941,5.273469635994497,2.0297982173160354,0.8973086343710789,4.617021276595745,0.17647058823529413,0.3419447776510274,4.0,8.0,1.6389413988657846,0.7953913263857644,0.042105263157894736,0.0
364,2,89.0,420.0,4.719101123595506,0.05362614913176711,0.25287356321839083,0.06896551724137931,0.18461538461538463,0.5846153846153846,0.2,0.5384615384615384,0.2247191011235955,0.0,0.15,0.5,0.5872369988606865,0.3684047823392749,0.3966311841311842,0.43007682021702665,0.0,0.03645833333333335,0.017047449089087945,0.3584905660377358,6.461538461538462,8.465143462821752,2.156125884364742,0.9932064993248508,4.833333333333334,0.36923076923076925,0.49874836352771057,4.0,12.0,1.7684630738522955,0.7731013823466795,0.056179775280898875,0.0
365,2,93.0,321.0,3.4516129032258065,0.03751753155680224,0.21978021978021978,0.07692307692307693,0.22535211267605634,0.6197183098591549,0.2676056338028169,0.4507042253521127,0.22580645161290322,0.0,0.19047619047619047,0.47619047619047616,0.5262986349527121,0.40198292669123004,0.3616335542391881,0.4499146290152955,NaN,NaN,NaN,NaN,4.52112676056338,5.334146483953514,2.1802596743387723,1.0065213035953753,5.217391304347826,0.2676056338028169,0.439791867440675,5.0,11.0,1.8912751677852349,0.9362712654536893,0.043010752688172046,0.0
366,2,94.0,412.0,4.382978723404255,0.04712880347746511,0.22826086956521738,0.06521739130434782,0.18309859154929578,0.6056338028169014,0.18309859154929578,0.4507042253521127,0.22340425531914893,0.0,0.14285714285714285,0.5238095238095238,0.5279442438137043,0.3955961871920904,0.35625978090766824,0.4383124943837332,0.0,0.032653061224489806,0.011779959401264918,0.21428571428571427,5.802816901408451,8.06158388958727,2.1941900682870803,1.0767825760374925,5.777777777777778,0.3380281690140845,0.3820434198205209,5.0,8.0,1.800235017626322,0.9493279065283501,0.05319148936170213,0.0
367,2,94.0,286.0,3.0425531914893615,0.03271562571493937,0.25,0.13043478260869565,0.2028985507246377,0.6376811594202898,0.2028985507246377,0.43478260869565216,0.2127659574468085,0.0,0.15,0.45,0.48555553005128227,0.3916847940051848,0.35596299660571873,0.43676505175565855,0.0,0.021825396825396845,0.009283911726055846,0.20754716981132076,4.144927536231884,4.580249679550748,2.079104438303577,0.9086137119598658,5.0,0.2463768115942029,0.39327603358004576,4.0,8.0,1.6349480968858132,0.7162075747963568,0.031914893617021274,0.0
368,2,95.0,303.0,3.1894736842105265,0.03393057110862262,0.24731182795698925,0.0967741935483871,0.2,0.6428571428571429,0.2714285714285714,0.5142857142857142,0.22105263157894736,0.0,0.23809523809523808,0.42857142857142855,0.547308815257325,0.41378430728769927,0.4104818594104308,0.45148210444067316,NaN,NaN,NaN,NaN,4.328571428571428,6.3307884175336,2.075225207338131,0.8991074465456099,4.514705882352941,0.2714285714285714,0.3864911227851741,5.0,7.0,1.6908783783783783,0.8190113548641134,0.021052631578947368,0.0
369,2,92.0,268.0,2.9130434782608696,0.03201146679407549,0.25555555555555554,0.12222222222222222,0.2537313432835821,0.5970149253731343,0.29850746268656714,0.5223880597014925,0.22826086956521738,0.0,0.19047619047619047,0.5238095238095238,0.6392242431683771,0.3983985732705385,0.4198891879752283,0.4576439904066071,0.0,0.03891777082566562,0.015797270144321463,0.24074074074074073,4.0,4.0787698680317375,2.14106274240712,1.0002571358788601,4.866666666666667,0.2835820895522388,0.5592690705026395,5.0,11.0,1.8689024390243902,0.8690835831131491,0.08695652173913043,0.0
37,2,93.0,351.0,3.774193548387097,0.04102384291725105,0.24175824175824176,0.13186813186813187,0.2318840579710145,0.6231884057971014,0.2898550724637681,0.463768115942029,0.21505376344086022,0.0,0.1,0.5,0.5340713184081652,0.4155908394295916,0.3784771106510237,0.4558329953502315,0.0,0.01883597883597884,0.012005274000223495,0.25925925925925924,5.086956521739131,8.166897190406532,2.081457717015717,0.8686917541432185,4.388888888888889,0.2463768115942029,0.37624342202062583,5.0,8.0,1.8394904458598726,0.9159692898909864,0.03225806451612903,0.0
370,2,99.0,290.0,2.9292929292929295,0.029890744176458463,0.28865979381443296,0.041237113402061855,0.2608695652173913,0.6086956521739131,0.2753623188405797,0.463768115942029,0.21212121212121213,0.0,0.14285714285714285,0.5238095238095238,0.5645786859740531,0.4110376277080482,0.38879378954762794,0.45636141892631976,0.0,0.021963061093495898,0.013126199628493828,0.24528301886792453,4.202898550724638,5.917520620866497,2.0362516177428334,0.9184594815922521,4.586206896551724,0.2463768115942029,0.42379208964448223,4.0,8.0,1.818295739348371,0.7230328586495695,0.020202020202020204,0.0
371,2,94.0,322.0,3.425531914893617,0.03683367650423244,0.2391304347826087,0.10869565217391304,0.21428571428571427,0.6285714285714286,0.2571428571428571,0.4714285714285714,0.22340425531914893,0.0,0.19047619047619047,0.5714285714285714,0.5790305110510076,0.4021629750702306,0.38612959676624276,0.457495748630534,0.0,0.08238095238095242,0.01294554160842218,0.30357142857142855,4.6,5.891285630217872,2.135640827763257,0.9779269661073312,5.136363636363637,0.2857142857142857,0.3874664497002342,5.0,9.0,1.9518652226233453,0.935301387483003,0.02127659574468085,0.0
372,2,92.0,262.0,2.847826086956522,0.031294792164357384,0.2222222222222222,0.17777777777777778,0.21428571428571427,0.6428571428571429,0.2714285714285714,0.45714285714285713,0.22826086956521738,0.0,0.14285714285714285,0.5714285714285714,0.5236479296109735,0.4154674949753977,0.3797223609723609,0.45820295422758794,0.0,0.020128205128205137,0.006368727773603806,0.23636363636363636,3.742857142857143,5.1264749430398,2.1147537103165597,0.9098247365679417,5.0,0.21428571428571427,0.37388784039813794,5.0,9.0,2.1243093922651934,1.0732586041544734,0.021739130434782608,0.0
373,2,96.0,291.0,3.03125,0.03190789473684211,0.2553191489361702,0.13829787234042554,0.24285714285714285,0.6142857142857143,0.24285714285714285,0.45714285714285713,0.20833333333333334,0.0,0.15,0.6,0.5084772861736084,0.41550862716448606,0.37776025561739845,0.4447617791128067,0.0,0.020314253647586968,0.012525603905474034,0.21818181818181817,4.1571428571428575,5.213237649569628,2.0552710475037137,0.874202809842186,5.0,0.22857142857142856,0.4023620583313938,4.0,8.0,1.5038910505836576,0.6282687898641892,0.0,0.0
374,2,94.0,324.0,3.4468085106382977,0.03706245710363761,0.25,0.10869565217391304,0.2463768115942029,0.6376811594202898,0.2463768115942029,0.43478260869565216,0.2127659574468085,0.0,0.15,0.45,0.526742744320442,0.41086507541530404,0.36017838843925803,0.45040140103139414,0.0,0.00999381570810145,0.012440449268807477,0.2777777777777778,4.695652173913044,5.717116580487485,2.0934148938265364,0.921902231112651,4.4036697247706424,0.2608695652173913,0.38099382647242647,4.0,9.0,1.6792738275340393,0.7706805841486225,0.06382978723404255,0.0
375,2,94.0,294.0,3.127659574468085,0.033630748112560054,0.22826086956521738,0.13043478260869565,0.2112676056338028,0.6338028169014085,0.323943661971831,0.4647887323943662,0.22340425531914893,0.0,0.19047619047619047,0.5714285714285714,0.5724425371947012,0.4260837081798723,0.38333049801906044,0.4649035900491246,0.0,0.01357142857142859,0.011792538218868451,0.21428571428571427,4.140845070422535,5.936078009325409,2.096862661198255,0.9022872084283005,5.75,0.23943661971830985,0.3995312205262135,6.0,10.0,2.0885750962772787,1.151107836993007,0.02127659574468085,0.0
376,2,92.0,325.0,3.532608695652174,0.03881987577639751,0.24444444444444444,0.08888888888888889,0.20588235294117646,0.6176470588235294,0.27941176470588236,0.47058823529411764,0.22826086956521738,0.0,0.23809523809523808,0.47619047619047616,0.5141472172953532,0.41039577673400995,0.38950906120023765,0.45562663397168723,0.0,0.0104166666666667,0.02063517681293219,0.2777777777777778,4.779411764705882,6.436476249819179,2.1669054805679635,1.076997040436679,5.777777777777778,0.3088235294117647,0.49508514912635326,5.0,10.0,1.7364975450081832,0.9378874978378385,0.043478260869565216,0.0
377,2,95.0,378.0,3.9789473684210526,0.04232922732362822,0.23655913978494625,0.053763440860215055,0.22535211267605634,0.6197183098591549,0.23943661971830985,0.4507042253521127,0.22105263157894736,0.0,0.14285714285714285,0.5238095238095238,0.5096279409132373,0.40560369237273625,0.3732966474812286,0.45061648799230464,0.0,0.01373566126855606,0.004547871346340734,0.17857142857142858,5.323943661971831,6.832223331677874,2.103873792770704,0.886347728609262,4.545454545454545,0.29577464788732394,0.4224409003714463,4.0,11.0,1.7722222222222221,0.7694858774757706,0.05263157894736842,0.0
378,2,90.0,306.0,3.4,0.038202247191011236,0.2159090909090909,0.10227272727272728,0.2753623188405797,0.6376811594202898,0.2028985507246377,0.4492753623188406,0.23333333333333334,0.0,0.19047619047619047,0.5238095238095238,0.5268260620834134,0.38748206653366113,0.36584060062320933,0.43651351035238073,0.0,0.006444683136412436,0.015561869735317767,0.2545454545454545,4.434782608695652,5.312245179686728,2.145887922582296,0.9297943586163916,5.1,0.18840579710144928,0.35369882049257906,4.0,8.0,1.6276223776223777,0.7690187147244455,0.022222222222222223,0.0
379,2,94.0,358.0,3.8085106382978724,0.04095172729352551,0.2391304347826087,0.09782608695652174,0.2,0.6285714285714286,0.22857142857142856,0.45714285714285713,0.22340425531914893,0.0,0.14285714285714285,0.47619047619047616,0.5069908533270183,0.3914087242882645,0.3678246753246753,0.44137412619428645,0.0,0.0450026164311879,0.011492213687553779,0.2857142857142857,5.114285714285714,6.226504491129338,2.1169876361124147,0.9497957054762524,4.75,0.3,0.3815456345481945,6.0,11.0,2.020697167755991,1.0795040835110083,0.06382978723404255,0.0
38,2,98.0,279.0,2.8469387755102042,0.02934988428361035,0.2708333333333333,0.125,0.2,0.6285714285714286,0.2571428571428571,0.4857142857142857,0.21428571428571427,0.0,0.19047619047619047,0.5238095238095238,0.5735035883428741,0.4073700025888394,0.394169758812616,0.4509031064728612,0.0,0.031816893424036256,0.016933430326287465,0.2857142857142857,3.9857142857142858,4.795809937921073,2.0641024365083593,0.9687060744328518,5.636363636363637,0.2571428571428571,0.41061088827527276,5.0,8.0,1.762962962962963,0.9647394404009021,0.02040816326530612,0.0
380,2,97.0,274.0,2.8247422680412373,0.029424398625429553,0.2736842105263158,0.17894736842105263,0.2318840579710145,0.6086956521739131,0.18840579710144928,0.4782608695652174,0.21649484536082475,0.0,0.14285714285714285,0.47619047619047616,0.5576004188758036,0.3933380968765957,0.3737732476862912,0.43515246222856263,0.0,0.03095238095238099,0.019683404558404564,0.2545454545454545,3.971014492753623,3.876668576211652,2.0755860398191395,0.9728548103847109,4.825,0.2753623188405797,0.3728374363770122,4.0,10.0,1.9202453987730062,0.9405139301168132,0.05154639175257732,0.0
381,2,95.0,281.0,2.957894736842105,0.03146696528555431,0.25806451612903225,0.15053763440860216,0.2463768115942029,0.6086956521739131,0.2608695652173913,0.463768115942029,0.22105263157894736,0.0,0.19047619047619047,0.5238095238095238,0.5408677145492977,0.40785379054272347,0.39063460693895474,0.4510455717097572,0.0,0.059455782312925164,0.022936072326828625,0.2727272727272727,4.072463768115942,4.887916796068198,2.084570751124502,0.9114615955659566,4.525423728813559,0.2898550724637681,0.4556577876908724,5.0,10.0,1.876068376068376,0.8762339566667706,0.06315789473684211,0.0
382,2,93.0,328.0,3.5268817204301075,0.0383356708742403,0.24175824175824176,0.12087912087912088,0.2608695652173913,0.6231884057971014,0.2318840579710145,0.4782608695652174,0.22580645161290322,0.0,0.19047619047619047,0.47619047619047616,0.5443940121933836,0.38965302954952774,0.3874967861540751,0.4504893391624716,0.0,0.041666666666666664,0.014406529264407903,0.2909090909090909,4.753623188405797,6.438409095378638,2.1250312498918973,0.9648918312579178,5.0,0.2318840579710145,0.3912263803632668,5.0,12.0,1.9516129032258065,0.922590844378423,0.053763440860215055,0.0
383,2,90.0,307.0,3.411111111111111,0.0383270911360799,0.22727272727272727,0.17045454545454544,0.23529411764705882,0.6176470588235294,0.25,0.4411764705882353,0.23333333333333334,0.0,0.19047619047619047,0.47619047619047616,0.5035172219862702,0.4281271723933918,0.3807530704589528,0.45901945452942194,0.0,0.10974358974358979,0.003929486110013493,0.2,4.514705882352941,5.3266232115268695,2.1364622476848947,0.9217520553538313,4.518518518518519,0.25,0.37149163213926234,4.0,10.0,1.6683168316831682,0.771744490719497,0.06666666666666667,0.0
384,2,93.0,271.0,2.913978494623656,0.031673679289387566,0.23076923076923078,0.15384615384615385,0.21428571428571427,0.6142857142857143,0.18571428571428572,0.44285714285714284,0.22580645161290322,0.0,0.14285714285714285,0.5714285714285714,0.5017982488868199,0.40305487994729866,0.3554897087039944,0.43793107496397216,NaN,NaN,NaN,NaN,3.8714285714285714,3.8969383321255195,2.1927406603522805,1.0650051675002221,5.368421052631579,0.2857142857142857,0.46516607847954455,5.0,9.0,1.9725363489499192,1.040081150316147,0.03225806451612903,0.0
385,2,96.0,301.0,3.1354166666666665,0.03300438596491228,0.24468085106382978,0.09574468085106383,0.23943661971830985,0.6338028169014085,0.2676056338028169,0.43661971830985913,0.21875,0.0,0.14285714285714285,0.42857142857142855,0.48325995680166145,0.41692072027370675,0.37583887161351953,0.45931385566278304,0.0,0.05638699924414213,0.008087743866239923,0.32142857142857145,4.23943661971831,4.835773800489118,2.1296896261759066,1.014022291142956,5.020202020202021,0.19718309859154928,0.41502089599484243,5.0,9.0,1.8018018018018018,0.8652331059175294,0.041666666666666664,0.0
386,2,93.0,320.0,3.4408602150537635,0.03740065451145395,0.23076923076923078,0.0989010989010989,0.21428571428571427,0.6285714285714286,0.22857142857142856,0.4857142857142857,0.22580645161290322,0.0,0.19047619047619047,0.47619047619047616,0.5524698340463766,0.3932043473581653,0.38988146773861065,0.447163532496814,0.0,0.02526724975704569,0.034500088976488416,0.35714285714285715,4.571428571428571,5.71692485639479,2.1119823188087654,0.93323859509255,5.083333333333334,0.2714285714285714,0.34142312911321077,5.0,8.0,1.8461538461538463,0.9251216310954042,0.043010752688172046,0.0
387,2,90.0,279.0,3.1,0.0348314606741573,0.22727272727272727,0.10227272727272728,0.25,0.6029411764705882,0.23529411764705882,0.47058823529411764,0.23333333333333334,0.0,0.14285714285714285,0.5714285714285714,0.537657180926938,0.4058635138341579,0.3750956480153037,0.44262292530598274,0.0,0.008928571428571428,0.009766582628215394,0.24074074074074073,4.102941176470588,5.659860516931052,2.198771350731843,1.0282973594099454,5.166666666666666,0.2647058823529412,0.47848806569855024,5.0,13.0,2.036729857819905,0.8887469516226122,0.06666666666666667,0.0
388,2,96.0,340.0,3.5416666666666665,0.03728070175438596,0.26595744680851063,0.10638297872340426,0.2318840579710145,0.6086956521739131,0.2753623188405797,0.4782608695652174,0.21875,0.0,0.19047619047619047,0.47619047619047616,0.5464716755428528,0.4014503866614404,0.3908716886977756,0.45308193066549673,NaN,NaN,NaN,NaN,4.927536231884058,5.722296023604175,2.1355940228066665,1.056526300602002,5.454545454545455,0.2898550724637681,0.4582289236131688,6.0,11.0,2.087990487514863,1.1889815088893663,0.052083333333333336,0.0
389,2,96.0,289.0,3.0104166666666665,0.03168859649122807,0.2553191489361702,0.13829787234042554,0.22857142857142856,0.6285714285714286,0.2571428571428571,0.4857142857142857,0.21875,0.0,0.19047619047619047,0.5238095238095238,0.5282341243987206,0.4137129828733793,0.39861214182642757,0.45170284133263444,0.0,0.020791925465838485,0.011243912337662337,0.23214285714285715,4.128571428571429,4.194272936497875,2.094705792101625,0.9515900355416916,5.444444444444445,0.24285714285714285,0.4213363744849634,5.0,7.0,1.7677642980935875,0.9306512951890461,0.041666666666666664,0.0
39,2,94.0,274.0,2.9148936170212765,0.03134294211850835,0.22826086956521738,0.15217391304347827,0.22535211267605634,0.6338028169014085,0.28169014084507044,0.4788732394366197,0.22340425531914893,0.0,0.19047619047619047,0.47619047619047616,0.5441990213712459,0.39810310346112426,0.40067908939077124,0.45927526286714093,0.0,0.08541666666666667,0.025696964391817335,0.30357142857142855,3.859154929577465,4.120664906984544,2.1393844288264123,0.9840035622098731,5.583333333333334,0.2676056338028169,0.38064723693009245,7.0,8.0,1.9856687898089171,1.1329986036612638,0.05319148936170213,0.0
390,2,99.0,336.0,3.393939393939394,0.03463203463203463,0.26804123711340205,0.05154639175257732,0.23943661971830985,0.6056338028169014,0.23943661971830985,0.4647887323943662,0.21212121212121213,0.0,0.14285714285714285,0.5714285714285714,0.5054835959710389,0.40443702806627213,0.35799123233046193,0.4428579388374336,0.0,0.013061224489795941,0.012851340363393691,0.3392857142857143,4.732394366197183,5.709535248734281,2.08636448076237,0.9611828893537522,4.67741935483871,0.2676056338028169,0.453062215461891,5.0,12.0,2.0551431601272534,0.9995394670297353,0.06060606060606061,0.0
391,2,96.0,363.0,3.78125,0.03980263157894737,0.2553191489361702,0.10638297872340426,0.24285714285714285,0.6285714285714286,0.24285714285714285,0.4714285714285714,0.21875,0.0,0.19047619047619047,0.5714285714285714,0.5462903867804244,0.40228556949830996,0.36592081393961096,0.4466379769296405,0.0,0.018367346938775533,0.024923576330120028,0.3392857142857143,5.185714285714286,6.532622389171372,2.083998547581532,0.9109083055569724,4.833333333333334,0.22857142857142856,0.37085526568832233,4.0,9.0,1.7373737373737375,0.7801048078421126,0.03125,0.0
392,2,93.0,292.0,3.139784946236559,0.03412809724170173,0.24175824175824176,0.15384615384615385,0.2463768115942029,0.6231884057971014,0.2028985507246377,0.4492753623188406,0.22580645161290322,0.0,0.19047619047619047,0.42857142857142855,0.5385832517386788,0.4023917838086404,0.362097845793498,0.44639395633417056,0.0,0.02077922077922078,0.014972562648618985,0.2545454545454545,4.231884057971015,4.236205736880977,2.1339953811222996,0.9818415690380151,4.918918918918919,0.2463768115942029,0.4430379760060212,5.0,10.0,1.7585089141004862,0.8537710734036376,0.043010752688172046,0.0
393,2,93.0,302.0,3.247311827956989,0.03529686769518466,0.26373626373626374,0.10989010989010989,0.2537313432835821,0.582089552238806,0.26865671641791045,0.4925373134328358,0.22580645161290322,0.0,0.14285714285714285,0.6190476190476191,0.5838192860230345,0.408700573422797,0.4050914893320512,0.4556628104957713,0.0,0.05268453768453766,0.01947335861642325,0.3148148148148148,4.507462686567164,5.687234867155802,2.0730339401422575,0.9126733708889192,4.75,0.2835820895522388,0.42265787648751757,5.0,8.0,1.8160442600276625,0.8458255704016411,0.021505376344086023,0.0
394,2,94.0,292.0,3.106382978723404,0.033401967513154884,0.2608695652173913,0.11956521739130435,0.23529411764705882,0.5882352941176471,0.23529411764705882,0.4411764705882353,0.22340425531914893,0.0,0.19047619047619047,0.47619047619047616,0.541820206123163,0.4081155631586816,0.3817062431033019,0.4473471197020951,0.0,0.030985719261581356,0.025489654189021133,0.3018867924528302,4.294117647058823,5.375618877330387,2.1248071494979044,1.0297868109760104,5.416666666666666,0.27941176470588236,0.4961191912874949,6.0,9.0,1.6897196261682244,0.920524864472557,0.02127659574468085,0.0
395,2,92.0,259.0,2.8152173913043477,0.030936454849498328,0.24444444444444444,0.16666666666666666,0.25,0.5882352941176471,0.20588235294117646,0.45588235294117646,0.22826086956521738,0.0,0.09523809523809523,0.5238095238095238,0.49841669360051705,0.40393203419610896,0.36959180525356994,0.43595138890272417,0.0,0.022242572242572253,0.009961066187481282,0.11320754716981132,3.8088235294117645,3.9104046167757103,2.098545960461958,0.9066043755692534,4.75,0.25,0.4132507860482444,4.0,7.0,1.4803921568627452,0.7007246814907934,0.021739130434782608,0.0
396,2,98.0,361.0,3.683673469387755,0.03797601514832737,0.2708333333333333,0.10416666666666667,0.22857142857142856,0.6285714285714286,0.2571428571428571,0.4714285714285714,0.21428571428571427,0.0,0.19047619047619047,0.6190476190476191,0.5285640254111826,0.41236343771389294,0.3822138196517078,0.45163286130393177,0.0,0.05072234941185758,0.0164588834545676,0.2909090909090909,5.1571428571428575,7.045680585069999,2.0496562581822197,0.8927129194713194,4.595744680851064,0.2571428571428571,0.48286560343389484,4.0,9.0,1.8149466192170818,0.816349903292418,0.07142857142857142,0.0
397,2,96.0,319.0,3.3229166666666665,0.034978070175438594,0.26595744680851063,0.05319148936170213,0.21739130434782608,0.5942028985507246,0.2753623188405797,0.5072463768115942,0.21875,0.0,0.09523809523809523,0.5238095238095238,0.5851240050148201,0.40275108336147164,0.40701924247960053,0.4509742701201977,0.0,0.024126984126984167,0.029077985022621072,0.3333333333333333,4.6231884057971016,5.757607369884294,2.112569092487907,0.9768412579546693,4.916666666666666,0.3188405797101449,0.43608529219639286,5.0,9.0,1.9523241954707986,0.928270498893265,0.03125,0.0
398,2,93.0,337.0,3.6236559139784945,0.03938756428237494,0.2857142857142857,0.04395604395604396,0.2,0.6,0.3076923076923077,0.5230769230769231,0.22580645161290322,0.0,0.09523809523809523,0.47619047619047616,0.5923221081016786,0.39471585375963,0.41912753912753914,0.45711837247679815,0.0,0.02035147392290256,0.02684790935183198,0.34,5.184615384615385,6.966195849628734,2.075741725968349,0.9832189197938995,5.25,0.3384615384615385,0.46466662455564983,5.0,9.0,1.881437125748503,0.914355452668087,0.043010752688172046,0.0
399,2,91.0,324.0,3.5604395604395602,0.03956043956043956,0.23595505617977527,0.12359550561797752,0.23529411764705882,0.5882352941176471,0.23529411764705882,0.47058823529411764,0.23076923076923078,0.0,0.14285714285714285,0.5714285714285714,0.5203438277196294,0.4083076724587689,0.37352551926337835,0.44384921173312036,0.0,0.015435606060606073,0.011583751119077975,0.25,4.764705882352941,6.427825813470921,2.0996953981637954,0.851301729154368,4.137931034482758,0.27941176470588236,0.42355294665542126,3.0,9.0,1.5401234567901234,0.5573130367233371,0.03296703296703297,0.0
4,2,100.0,430.0,4.3,0.043434343434343436,0.2653061224489796,0.01020408163265306,0.16666666666666666,0.625,0.25,0.4444444444444444,0.21,0.0,0.09523809523809523,0.5238095238095238,0.5132820084041274,0.40191091520640687,0.3610760960008212,0.45351575422353174,0.0,0.0121339479392625,0.019308073673565553,0.32142857142857145,5.972222222222222,8.094463804845253,2.1070928885437015,1.015741850666063,5.260869565217391,0.3472222222222222,0.4791279954864813,4.0,11.0,1.8339882121807465,0.8407890707035264,0.07,0.0
40,2,92.0,263.0,2.858695652173913,0.031414237935977064,0.2222222222222222,0.1111111111111111,0.2857142857142857,0.6142857142857143,0.2,0.42857142857142855,0.22826086956521738,0.0,0.09523809523809523,0.5238095238095238,0.5258299278923406,0.4079491868272534,0.34818452380952386,0.43727172813990933,0.0,0.020370370370370386,0.0254168708688798,0.3090909090909091,3.757142857142857,4.734810080777815,2.0909484296242824,0.8219766487276368,4.169642857142858,0.17142857142857143,0.3473048414866541,4.0,8.0,1.6592082616179002,0.6676299251060761,0.021739130434782608,0.0
400,2,92.0,298.0,3.239130434782609,0.03559483994266603,0.24444444444444444,0.14444444444444443,0.22058823529411764,0.5882352941176471,0.2647058823529412,0.45588235294117646,0.22826086956521738,0.0,0.14285714285714285,0.5714285714285714,0.5046199720086667,0.40310001921035665,0.36811683006535945,0.4449908173680586,NaN,NaN,NaN,NaN,4.382352941176471,5.353278843945641,2.104416076389851,0.897415607841813,4.321428571428571,0.3235294117647059,0.43897389570206047,3.0,11.0,1.608,0.6239863575103017,0.043478260869565216,0.0
401,2,96.0,321.0,3.34375,0.03519736842105263,0.2765957446808511,0.09574468085106383,0.19117647058823528,0.6470588235294118,0.3088235294117647,0.5,0.20833333333333334,0.0,0.25,0.5,0.5558276894290411,0.4177082315263392,0.41580178722206584,0.46088299763090734,0.0,0.009400123685837935,0.018777524231533664,0.2830188679245283,4.720588235294118,6.659849821791387,2.0057731366200096,0.8437425501035989,4.380952380952381,0.2647058823529412,0.39018071055945025,4.0,9.0,1.699863574351978,0.72425766250036,0.020833333333333332,0.0
402,2,95.0,270.0,2.8421052631578947,0.030235162374020158,0.25806451612903225,0.17204301075268819,0.2608695652173913,0.6086956521739131,0.2318840579710145,0.43478260869565216,0.22105263157894736,0.0,0.14285714285714285,0.47619047619047616,0.5220736908513779,0.40250606055317195,0.3770585885002361,0.44766022389868954,0.0,0.025599371693121722,0.004786348501664817,0.07547169811320754,3.9130434782608696,3.947222144729956,2.070366537391092,0.913100581421367,4.648648648648649,0.2608695652173913,0.451789440046071,4.0,11.0,1.5873015873015872,0.6822934225323259,0.06315789473684211,0.0
403,2,94.0,262.0,2.7872340425531914,0.02997025852207733,0.2826086956521739,0.14130434782608695,0.2727272727272727,0.6060606060606061,0.30303030303030304,0.4696969696969697,0.22340425531914893,0.0,0.19047619047619047,0.5714285714285714,0.5709650171837566,0.43087354456323373,0.4125209143151727,0.4656752730352731,0.0,0.021761133603238888,0.0070868437303573985,0.18867924528301888,3.9696969696969697,4.829300624536074,2.07156841646084,0.9733134384390413,5.177777777777777,0.22727272727272727,0.3910897650047591,4.0,9.0,1.8213660245183887,0.8863282573776475,0.031914893617021274,0.0
404,2,92.0,258.0,2.8043478260869565,0.030817009077878644,0.23333333333333334,0.14444444444444443,0.2898550724637681,0.6231884057971014,0.2753623188405797,0.4057971014492754,0.22826086956521738,0.0,0.19047619047619047,0.47619047619047616,0.5662597881105347,0.4247712858425646,0.37235821864977875,0.4644769038427934,NaN,NaN,NaN,NaN,3.739130434782609,3.84115551668047,2.1004202123449374,0.906130995756825,4.9,0.17391304347826086,0.36183006012031654,4.0,8.0,1.6376518218623481,0.7828533602131881,0.043478260869565216,0.0
405,2,95.0,312.0,3.2842105263157895,0.03493840985442329,0.25806451612903225,0.12903225806451613,0.2318840579710145,0.6376811594202898,0.2463768115942029,0.463768115942029,0.22105263157894736,0.0,0.09523809523809523,0.5238095238095238,0.5218032585991851,0.40486579908240117,0.3787021352238743,0.4476494590774237,0.0,0.017777777777777788,0.012781246632488329,0.2222222222222222,4.521739130434782,6.213383788839774,2.1038468626467624,0.9903877373323784,4.928571428571429,0.2463768115942029,0.4222379732396778,5.0,9.0,1.9215425531914894,0.9447951261572621,0.031578947368421054,0.0
406,2,97.0,277.0,2.8556701030927836,0.02974656357388316,0.24210526315789474,0.2,0.2222222222222222,0.625,0.2638888888888889,0.4583333333333333,0.21649484536082475,0.0,0.14285714285714285,0.47619047619047616,0.5120866134875018,0.39961560606772156,0.3765606874062757,0.4473053271348855,0.0,0.027167685255920546,0.022552071254638217,0.32142857142857145,3.8472222222222223,4.201474329502806,2.1298921932281694,1.0122082795827,5.333333333333334,0.2638888888888889,0.37710070661434614,5.0,8.0,1.8811410459587956,0.9495910384960045,0.030927835051546393,0.0
407,2,93.0,355.0,3.817204301075269,0.04149135109864423,0.23076923076923078,0.08791208791208792,0.18571428571428572,0.6285714285714286,0.2714285714285714,0.4857142857142857,0.22580645161290322,0.0,0.14285714285714285,0.5238095238095238,0.5175986926318463,0.41201041800908467,0.3888383045525902,0.4522361076537768,0.0,0.017664233576642343,0.012122072056482261,0.2909090909090909,5.071428571428571,6.295435265014122,2.137685266722115,0.9539725328238544,4.722222222222222,0.3142857142857143,0.47882684267313536,4.0,12.0,1.728218465539662,0.7707187352577647,0.0967741935483871,0.0
408,2,94.0,270.0,2.872340425531915,0.03088538091969801,0.25,0.10869565217391304,0.2608695652173913,0.6376811594202898,0.2463768115942029,0.4057971014492754,0.22340425531914893,0.0,0.14285714285714285,0.5238095238095238,0.4865893426350089,0.41585242649029713,0.3637819708471883,0.4546870137175208,0.0,0.014814814814814807,0.002019928724474179,0.09259259259259259,3.9130434782608696,5.03732868759875,2.1488978346914425,1.0950771585368755,6.0,0.17391304347826086,0.43465976072279133,6.0,8.0,1.6680080482897384,0.9049832113571609,0.02127659574468085,0.0
409,2,95.0,265.0,2.789473684210526,0.02967525195968645,0.24731182795698925,0.10752688172043011,0.22857142857142856,0.6285714285714286,0.22857142857142856,0.4714285714285714,0.22105263157894736,0.0,0.14285714285714285,0.5238095238095238,0.4911585062392885,0.4074086164447615,0.3641269841269841,0.43704978916800036,0.0,0.013915343915343903,0.012676551255916338,0.18181818181818182,3.7857142857142856,3.7836140117152595,2.104791803940185,0.9285775267508858,4.5,0.2571428571428571,0.40567197041916225,4.0,7.0,1.7057761732851986,0.7830038097518254,0.0,0.0
41,2,95.0,395.0,4.157894736842105,0.044232922732362824,0.26881720430107525,0.021505376344086023,0.22058823529411764,0.6176470588235294,0.20588235294117646,0.5,0.21052631578947367,0.0,0.1,0.5,0.5888453746301985,0.3907862190484356,0.39279113739440313,0.44112271573495665,0.0,0.03662131519274375,0.00838980480517611,0.2222222222222222,5.8088235294117645,7.989278922389464,2.0257939599666464,0.8403877176526197,3.9153846153846157,0.29411764705882354,0.4393991514281951,4.0,12.0,1.7067901234567902,0.6650268767829247,0.06315789473684211,0.0
410,2,94.0,318.0,3.382978723404255,0.0363761153054221,0.22826086956521738,0.10869565217391304,0.22535211267605634,0.6197183098591549,0.29577464788732394,0.4507042253521127,0.22340425531914893,0.0,0.14285714285714285,0.5714285714285714,0.5394855390603435,0.4146873452010952,0.37399756778926535,0.4562520147108579,0.0,0.012987012987012976,0.015015678328098367,0.17857142857142858,4.47887323943662,6.378219982161567,2.1450350307920036,0.949715817934482,5.0,0.2676056338028169,0.48767042669166977,4.0,12.0,1.7660130718954248,0.7441889536816451,0.05319148936170213,0.0
411,2,97.0,310.0,3.195876288659794,0.03329037800687285,0.25263157894736843,0.09473684210526316,0.2112676056338028,0.5915492957746479,0.23943661971830985,0.4647887323943662,0.21649484536082475,0.0,0.09523809523809523,0.5714285714285714,0.5378931015525351,0.3953514996141451,0.36906350382999753,0.44251469057305004,NaN,NaN,NaN,NaN,4.366197183098592,5.216017738301669,2.1220386587555757,0.9307425885063556,4.6,0.30985915492957744,0.4866324722670263,4.0,7.0,1.774281805745554,0.7779112337535838,0.061855670103092786,0.0
412,2,92.0,322.0,3.5,0.038461538461538464,0.23333333333333334,0.14444444444444443,0.2318840579710145,0.6231884057971014,0.2318840579710145,0.4492753623188406,0.22826086956521738,0.0,0.14285714285714285,0.5238095238095238,0.5311492509784945,0.40812520712910855,0.3718538139893639,0.4473861064150745,0.0,0.04323308270676691,0.020422632798337146,0.3090909090909091,4.666666666666667,5.959832870403099,2.1298753111262725,0.9194561367377618,4.644444444444444,0.2753623188405797,0.39268385632500685,4.0,10.0,1.7560627674750358,0.8029292205403119,0.043478260869565216,0.0
413,2,98.0,370.0,3.7755102040816326,0.038922785609088996,0.2708333333333333,0.0625,0.2,0.6428571428571429,0.21428571428571427,0.45714285714285713,0.21428571428571427,0.0,0.09523809523809523,0.5238095238095238,0.5110986331897681,0.40180870596189977,0.37145175187192,0.44035557738209385,0.0,0.0324174114090081,0.011428759899348134,0.18181818181818182,5.285714285714286,7.458373092876661,2.1049608580917964,1.0603203511251582,5.92,0.2857142857142857,0.49997903659853243,5.0,10.0,2.0715811965811968,1.0658551134238783,0.02040816326530612,0.0
414,2,98.0,309.0,3.1530612244897958,0.032505785819482436,0.2708333333333333,0.14583333333333334,0.2,0.6285714285714286,0.21428571428571427,0.4857142857142857,0.21428571428571427,0.0,0.19047619047619047,0.5238095238095238,0.5579905411171602,0.3902819505281644,0.3924603174603175,0.43950561126909976,0.0,0.02459935897435901,0.03409564016994358,0.2545454545454545,4.414285714285715,4.378779054044722,2.112268253947115,1.0576419750107102,5.388888888888889,0.3,0.5186072033337785,4.0,10.0,1.716171617161716,0.8481204480884835,0.07142857142857142,0.0
415,2,90.0,315.0,3.5,0.03932584269662921,0.2159090909090909,0.125,0.21739130434782608,0.6376811594202898,0.2463768115942029,0.463768115942029,0.23333333333333334,0.0,0.23809523809523808,0.5238095238095238,0.5461441019086836,0.3904387983825221,0.3892914653784219,0.4482707219935345,NaN,NaN,NaN,NaN,4.565217391304348,5.81700918925941,2.188105965170507,1.031456796991835,5.454545454545455,0.2898550724637681,0.4280472612778398,6.0,11.0,2.0643939393939394,1.0818090791847041,0.022222222222222223,0.0
416,2,93.0,330.0,3.5483870967741935,0.038569424964936885,0.26373626373626374,0.06593406593406594,0.23880597014925373,0.5970149253731343,0.208955223880597,0.44776119402985076,0.22580645161290322,0.0,0.19047619047619047,0.5714285714285714,0.5077230319810156,0.4054499037679939,0.3546176046176046,0.43510645876026244,0.0,0.04059506704980846,0.016184290169189496,0.2549019607843137,4.925373134328358,6.138091285683892,2.094028246354189,0.9479088433439715,4.578947368421053,0.2835820895522388,0.5004644646535289,4.0,12.0,1.742382271468144,0.7741337626758489,0.07526881720430108,0.0
417,2,96.0,380.0,3.9583333333333335,0.041666666666666664,0.2765957446808511,0.06382978723404255,0.19117647058823528,0.6176470588235294,0.20588235294117646,0.47058823529411764,0.20833333333333334,0.0,0.15,0.55,0.5174773847797262,0.403024456892893,0.3811397566272886,0.44375802524542535,0.0,0.034938775510204065,0.00988929502815417,0.2777777777777778,5.588235294117647,8.2827554974403,2.1711504202357026,1.2382642054391588,6.695652173913044,0.3088235294117647,0.5763042613708036,6.0,12.0,2.131729667812142,1.3340336365138867,0.041666666666666664,0.0
418,2,98.0,311.0,3.173469387755102,0.032716179255207235,0.25,0.10416666666666667,0.2222222222222222,0.625,0.2777777777777778,0.4583333333333333,0.21428571428571427,0.0,0.14285714285714285,0.5714285714285714,0.53246248209298,0.4137999394714973,0.3764191872035009,0.45213451818756395,0.0,0.030987394957983222,0.017301148704279082,0.32142857142857145,4.319444444444445,5.45100168825151,2.1018746644920916,0.951578329488899,5.148148148148149,0.2777777777777778,0.4661018031766845,5.0,10.0,1.9021447721179625,0.9325267460148448,0.05102040816326531,0.0
419,2,94.0,308.0,3.276595744680851,0.035232212308396245,0.25,0.10869565217391304,0.2318840579710145,0.6086956521739131,0.2463768115942029,0.4492753623188406,0.22340425531914893,0.0,0.14285714285714285,0.5238095238095238,0.5026743908000718,0.41669301334850745,0.3785738234546089,0.4536408889346006,0.0,0.036859668109668085,0.006494559715657654,0.21818181818181817,4.463768115942029,5.650558822299135,2.12015426546364,0.981302138807938,5.5,0.2463768115942029,0.4889609228865054,5.0,9.0,1.7483870967741935,0.9207256279158784,0.05319148936170213,0.0
42,2,101.0,408.0,4.03960396039604,0.0403960396039604,0.2828282828282828,0.0707070707070707,0.19718309859154928,0.6056338028169014,0.16901408450704225,0.4788732394366197,0.2079207920792079,0.0,0.09523809523809523,0.5714285714285714,0.512026725006602,0.37985547367046824,0.36769595181196363,0.4295921251145457,0.0,0.011842105263157935,0.015744571491364046,0.2857142857142857,5.746478873239437,6.580747482204987,2.0536116328852922,0.925729361954023,4.3919999999999995,0.3380281690140845,0.4020722551702047,4.0,11.0,1.854526958290946,0.8444121800231768,0.039603960396039604,0.0
420,2,91.0,280.0,3.076923076923077,0.03418803418803419,0.21348314606741572,0.12359550561797752,0.21428571428571427,0.6,0.2714285714285714,0.4714285714285714,0.23076923076923078,0.0,0.09523809523809523,0.5714285714285714,0.5579627098477717,0.403117666092496,0.3800877719508856,0.45205065741679173,0.0,0.039873949579831966,0.014132933875304508,0.25,4.0,4.615663313770509,2.1902764538831434,1.0247366234078799,6.083333333333333,0.3142857142857143,0.4502928675267075,6.0,11.0,2.0570236439499303,1.1446022229332802,0.02197802197802198,0.0
421,2,94.0,300.0,3.1914893617021276,0.03431708991077557,0.22826086956521738,0.13043478260869565,0.2535211267605634,0.6197183098591549,0.2535211267605634,0.43661971830985913,0.22340425531914893,0.0,0.14285714285714285,0.5238095238095238,0.5352233024492749,0.4151274577625483,0.3736530292868321,0.45083264039090704,0.0,0.02134805613066481,0.00426595913249559,0.25,4.225352112676056,5.422696174673343,2.157031572072467,0.9553756913409105,4.8,0.2676056338028169,0.47155671079190087,5.0,9.0,1.9613848202396804,0.9576917804714633,0.05319148936170213,0.0
422,2,96.0,268.0,2.7916666666666665,0.029385964912280703,0.23404255319148937,0.1276595744680851,0.25,0.6111111111111112,0.18055555555555555,0.4305555555555556,0.21875,0.0,0.14285714285714285,0.47619047619047616,0.5298466212102124,0.4056720603289356,0.3436232363315697,0.43460505977584785,0.0,0.02083333333333335,0.012002150232853002,0.26785714285714285,3.7222222222222223,3.1364383775870093,2.178226957929882,1.0529705761327417,5.517241379310345,0.2638888888888889,0.3955448621578375,5.0,9.0,2.0234604105571847,1.0135822353265571,0.041666666666666664,0.0
423,2,96.0,338.0,3.5208333333333335,0.03706140350877193,0.26595744680851063,0.13829787234042554,0.2318840579710145,0.5797101449275363,0.17391304347826086,0.4782608695652174,0.21875,0.0,0.09523809523809523,0.5714285714285714,0.5094759121533015,0.39393582259275434,0.3797414784671157,0.4327583262167669,0.0,0.014129027862933508,0.010034717053756557,0.16666666666666666,4.898550724637682,5.773022777225096,2.0573834392467516,0.8800738492853983,4.818181818181818,0.30434782608695654,0.41498224220270663,5.0,7.0,1.553153153153153,0.8007013870094221,0.020833333333333332,0.0
424,2,97.0,288.0,2.9690721649484537,0.030927835051546393,0.2631578947368421,0.10526315789473684,0.2571428571428571,0.6142857142857143,0.24285714285714285,0.4714285714285714,0.21649484536082475,0.0,0.14285714285714285,0.5238095238095238,0.5680498162943938,0.409359516722909,0.38483978206667285,0.44382042431626567,0.0,0.03724918871977697,0.010063424172833024,0.2545454545454545,4.114285714285714,4.1162205020542935,2.070263360712357,0.9048803176640166,4.46969696969697,0.24285714285714285,0.47206467809423636,4.0,11.0,1.7507418397626113,0.7574539242555696,0.07216494845360824,0.0
425,2,96.0,341.0,3.5520833333333335,0.03739035087719298,0.23404255319148937,0.10638297872340426,0.25,0.625,0.19444444444444445,0.4444444444444444,0.21875,0.0,0.09523809523809523,0.42857142857142855,0.48296594526840536,0.39377213224260044,0.3533658085741419,0.4387074871997458,0.0,0.01741071428571428,0.017644807340915048,0.3392857142857143,4.736111111111111,5.051824535987965,2.151120453936418,0.991992180054895,4.925925925925926,0.2777777777777778,0.3797983756722866,5.0,10.0,1.9095295536791315,0.9518699600917356,0.041666666666666664,0.0
426,2,97.0,327.0,3.3711340206185567,0.0351159793814433,0.25263157894736843,0.08421052631578947,0.2112676056338028,0.6056338028169014,0.2535211267605634,0.4788732394366197,0.21649484536082475,0.0,0.14285714285714285,0.5238095238095238,0.5242172003305022,0.4013202307371103,0.37744112201117397,0.4470403497802976,0.0,0.016374269005848034,0.00997958334629416,0.17857142857142858,4.605633802816901,6.5497630780257685,2.0927371002858965,0.9285748042910322,5.0,0.28169014084507044,0.3980606222050886,5.0,7.0,1.6537842190016103,0.8157359699794415,0.0,0.0
427,2,89.0,290.0,3.258426966292135,0.037027579162410625,0.21839080459770116,0.12643678160919541,0.22058823529411764,0.6176470588235294,0.27941176470588236,0.47058823529411764,0.23595505617977527,0.0,0.09523809523809523,0.5238095238095238,0.5401713362114565,0.4021033211844404,0.38254357298474945,0.4527544549308434,0.0,0.015178571428571446,0.008258152251313898,0.24074074074074073,4.264705882352941,5.6505650148308675,2.148630205154405,0.9235645837355723,4.704225352112676,0.29411764705882354,0.4027272761097706,4.0,9.0,1.9064102564102565,0.8342537953264719,0.0449438202247191,0.0
428,2,94.0,350.0,3.723404255319149,0.040036604895904826,0.2391304347826087,0.043478260869565216,0.22857142857142856,0.6142857142857143,0.22857142857142856,0.4714285714285714,0.22340425531914893,0.0,0.14285714285714285,0.5238095238095238,0.5190403243658419,0.3936919017309457,0.3635512323208853,0.44410007975544336,0.0,0.02147959183673471,0.013880921791067983,0.3392857142857143,5.0,6.5030650521476225,2.1476227946436794,0.9917384374228202,4.909090909090909,0.2857142857142857,0.45959744624606075,4.0,11.0,1.8461538461538463,0.8838953009322055,0.06382978723404255,0.0
429,2,96.0,344.0,3.5833333333333335,0.037719298245614034,0.2553191489361702,0.07446808510638298,0.24285714285714285,0.5857142857142857,0.2571428571428571,0.44285714285714284,0.21875,0.0,0.09523809523809523,0.5238095238095238,0.5381078668031489,0.39709994398037324,0.3792089656375371,0.4504682671535041,0.0,0.023039130181987395,0.010081893930987131,0.26785714285714285,4.914285714285715,6.011445260507894,2.155029990610632,1.0261212925978849,4.929411764705883,0.32857142857142857,0.563984397748009,5.0,12.0,1.9739336492890995,0.9847150597276959,0.07291666666666667,0.0
43,2,94.0,251.0,2.6702127659574466,0.02871196522534889,0.2608695652173913,0.10869565217391304,0.22058823529411764,0.6176470588235294,0.3235294117647059,0.4852941176470588,0.22340425531914893,0.0,0.23809523809523808,0.42857142857142855,0.5791897413802204,0.4159634201343079,0.41805847338935576,0.4693367452356201,0.0,0.015705128205128174,0.008922567382366377,0.18181818181818182,3.6911764705882355,4.165449046554056,2.069332177033727,0.9269513693699698,4.721311475409836,0.25,0.4176542340550104,4.0,9.0,1.6611570247933884,0.767386131134104,0.06382978723404255,0.0
430,2,98.0,338.0,3.4489795918367347,0.03555649063749211,0.2604166666666667,0.10416666666666667,0.22535211267605634,0.647887323943662,0.23943661971830985,0.4788732394366197,0.20408163265306123,0.0,0.1,0.55,0.5131491404152713,0.4128264798851019,0.37831446413729586,0.4418043617461204,0.0,0.007589285714285708,0.029454674335057114,0.2545454545454545,4.76056338028169,6.8461976698902935,2.0227791808840574,0.8244790377372045,4.038461538461538,0.2112676056338028,0.436454100385858,4.0,7.0,1.5767441860465117,0.6587339197310162,0.0,0.0
431,2,91.0,288.0,3.1648351648351647,0.035164835164835165,0.24719101123595505,0.11235955056179775,0.22388059701492538,0.6119402985074627,0.29850746268656714,0.4925373134328358,0.23076923076923078,0.0,0.23809523809523808,0.5238095238095238,0.6239241624541845,0.4075360608412956,0.4185699920994039,0.46303852841929155,0.0,0.036199095022624424,0.011797012786596119,0.24074074074074073,4.298507462686567,4.648280638052631,2.092674261656333,0.9116982340618717,4.609756097560975,0.29850746268656714,0.36528290636859906,5.0,8.0,1.9769452449567724,1.037278548781546,0.0,0.0
432,2,96.0,341.0,3.5520833333333335,0.03739035087719298,0.2553191489361702,0.09574468085106383,0.22857142857142856,0.6285714285714286,0.2,0.45714285714285713,0.21875,0.0,0.19047619047619047,0.6190476190476191,0.521586082528884,0.3986097394813302,0.358772324167061,0.43832409537602796,0.0,0.008128908128908097,0.014911900662354382,0.2727272727272727,4.871428571428571,6.538451327011128,2.0967311117042406,0.9603292952057524,5.333333333333334,0.2714285714285714,0.3853125397130181,4.0,7.0,1.7347222222222223,0.8122257272770221,0.0,0.0
433,2,87.0,236.0,2.7126436781609193,0.031542368350708366,0.24705882352941178,0.2,0.28125,0.578125,0.28125,0.46875,0.2413793103448276,0.0,0.19047619047619047,0.42857142857142855,0.5807517858975486,0.41462993558043015,0.39463665674603177,0.4576756112919775,0.0,0.012500000000000002,0.022231104855735397,0.3,3.6875,4.76719943742555,2.1320897783353074,0.9766347555063801,4.888888888888889,0.28125,0.37704614718892887,4.0,8.0,1.7180616740088106,0.8611198293073561,0.022988505747126436,0.0
434,2,92.0,301.0,3.2717391304347827,0.03595317725752508,0.26666666666666666,0.07777777777777778,0.24242424242424243,0.6060606060606061,0.25757575757575757,0.5,0.22826086956521738,0.0,0.09523809523809523,0.47619047619047616,0.5922138650109589,0.40579421209516037,0.40900304949348015,0.45621922407227616,0.0,0.014055023923444978,0.010687306457248892,0.28846153846153844,4.5606060606060606,5.361196157801377,2.111882009628639,1.0192396492864637,5.166666666666666,0.2878787878787879,0.5007196720389361,5.0,11.0,2.1180048661800486,1.0867116350753796,0.021739130434782608,0.0
435,2,97.0,307.0,3.1649484536082473,0.032968213058419245,0.25263157894736843,0.11578947368421053,0.22535211267605634,0.6197183098591549,0.2535211267605634,0.4647887323943662,0.20618556701030927,0.0,0.1,0.45,0.5272716622784709,0.41521522445382336,0.37633228816069564,0.44589533471084075,0.0,0.02090409873188409,0.006912704520360023,0.14545454545454545,4.323943661971831,4.874934865168747,2.0782059568897115,0.8983601482185303,4.9,0.2535211267605634,0.4003908696719741,4.0,6.0,1.640728476821192,0.740935359136166,0.0,0.0
436,2,98.0,319.0,3.2551020408163267,0.03355775299810646,0.2604166666666667,0.09375,0.19718309859154928,0.647887323943662,0.19718309859154928,0.4507042253521127,0.21428571428571427,0.0,0.09523809523809523,0.5714285714285714,0.5274161739707498,0.39228678689931956,0.35360039022010853,0.42954576927490246,NaN,NaN,NaN,NaN,4.492957746478873,5.83553948892136,2.0733402452995358,0.9160113764918028,4.758620689655173,0.2535211267605634,0.4220149531231817,6.0,9.0,1.9314720812182742,1.0008252581947787,0.02040816326530612,0.0
437,2,97.0,291.0,3.0,0.03125,0.24210526315789474,0.1368421052631579,0.25,0.625,0.2222222222222222,0.4583333333333333,0.21649484536082475,0.0,0.14285714285714285,0.47619047619047616,0.564950506776317,0.41414103992371404,0.362743216416462,0.435854438192908,0.0,0.014863040123456815,0.0221463358070501,0.26785714285714285,4.041666666666667,4.397302310011651,2.095303776251368,0.8979322519035203,4.666666666666666,0.25,0.3607341013935251,4.0,7.0,1.5897435897435896,0.7169028238916255,0.020618556701030927,0.0
438,2,88.0,259.0,2.9431818181818183,0.03382967607105538,0.23255813953488372,0.1511627906976744,0.22727272727272727,0.6212121212121212,0.24242424242424243,0.48484848484848486,0.22727272727272727,0.0,0.15,0.45,0.5894407586741428,0.39575486350277916,0.3992129083038174,0.4526342812891863,0.0,0.08333333333333337,0.02355876440921705,0.2962962962962963,3.9242424242424243,3.4964184138832315,2.1324571893869604,0.9529824779051796,4.75,0.2878787878787879,0.4155593318823476,5.0,11.0,1.8248407643312101,0.8384048080321771,0.06818181818181818,0.0
439,2,95.0,358.0,3.768421052631579,0.04008958566629339,0.24731182795698925,0.06451612903225806,0.22857142857142856,0.6285714285714286,0.15714285714285714,0.4714285714285714,0.22105263157894736,0.0,0.09523809523809523,0.5238095238095238,0.5378302637959169,0.3838078578378805,0.36367557291061703,0.425182961136558,0.0,0.03321018893387315,0.021024509764397296,0.32727272727272727,5.114285714285714,5.606783823612294,2.1042220957287183,0.937308653665925,4.5,0.2857142857142857,0.44030843480240756,4.0,10.0,1.762936221419976,0.7670145814888712,0.08421052631578947,0.0
44,2,94.0,268.0,2.851063829787234,0.03065660032029284,0.2391304347826087,0.13043478260869565,0.2857142857142857,0.6142857142857143,0.24285714285714285,0.4142857142857143,0.22340425531914893,0.0,0.14285714285714285,0.5238095238095238,0.5104917379391369,0.4119540757099468,0.36315192743764163,0.45291059687364355,NaN,NaN,NaN,NaN,3.8285714285714287,4.845351660325113,2.148616188775763,1.0803944824512206,7.0,0.12857142857142856,0.4309955710607476,6.0,8.0,1.7053763440860215,1.103126980939693,0.0,0.0
440,2,94.0,254.0,2.702127659574468,0.029055136124456645,0.22826086956521738,0.16304347826086957,0.2676056338028169,0.6338028169014085,0.2535211267605634,0.4507042253521127,0.22340425531914893,0.0,0.19047619047619047,0.5238095238095238,0.5524633092885547,0.4204729307210698,0.3725138711054204,0.4513430358119241,0.0,0.04603174603174608,0.008142346112629645,0.14285714285714285,3.5774647887323945,3.8197306256219017,2.1138670422583243,0.927546072666979,5.428571428571429,0.2112676056338028,0.4077411617842672,5.0,8.0,1.63220675944334,0.7534228011712523,0.0425531914893617,0.0
441,2,97.0,312.0,3.216494845360825,0.03350515463917526,0.2736842105263158,0.06315789473684211,0.2318840579710145,0.6376811594202898,0.2898550724637681,0.4927536231884058,0.21649484536082475,0.0,0.14285714285714285,0.5714285714285714,0.5625081620448675,0.4128798169310691,0.4039281520623734,0.457512115806068,0.0,0.03370642515379359,0.003234062477574839,0.18181818181818182,4.521739130434782,5.419487428693771,2.0472733744389426,0.9092167543301359,4.5,0.2608695652173913,0.4275738438796517,5.0,10.0,1.9152941176470588,0.8695213313462655,0.030927835051546393,0.0
442,2,93.0,302.0,3.247311827956989,0.03529686769518466,0.24175824175824176,0.14285714285714285,0.2318840579710145,0.6376811594202898,0.2898550724637681,0.4782608695652174,0.22580645161290322,0.0,0.14285714285714285,0.5238095238095238,0.5870375094024276,0.401168652438094,0.393953351136716,0.45492713585236144,0.0,0.029819415688980926,0.0047895341373602246,0.18181818181818182,4.3768115942028984,6.968630233527122,2.1004517893990498,0.9000668789103573,4.333333333333334,0.2318840579710145,0.45439628783869707,5.0,10.0,2.046134663341646,1.0211820385590442,0.07526881720430108,0.0
443,2,95.0,290.0,3.0526315789473686,0.032474804031354984,0.24731182795698925,0.17204301075268819,0.22857142857142856,0.6285714285714286,0.22857142857142856,0.45714285714285713,0.22105263157894736,0.0,0.14285714285714285,0.5238095238095238,0.5364725678109137,0.41531873505714495,0.37961819926105644,0.44769125304454277,0.0,0.027950937950937955,0.02375700323068744,0.2909090909090909,4.142857142857143,5.794264316097715,2.081999865026404,0.9285750948781505,5.4,0.22857142857142856,0.4082219220955225,5.0,7.0,1.7118055555555556,0.8527803348558807,0.0,0.0
444,2,97.0,312.0,3.216494845360825,0.03350515463917526,0.2631578947368421,0.09473684210526316,0.2,0.6285714285714286,0.2714285714285714,0.4714285714285714,0.21649484536082475,0.0,0.19047619047619047,0.5714285714285714,0.5903980680792885,0.4014196910829631,0.3994967987194878,0.4564144785584957,0.0,0.05937500000000002,0.04009498970579811,0.23636363636363636,4.457142857142857,4.945165152458829,2.0446431208292957,0.8724777261318342,4.594594594594595,0.2857142857142857,0.4120868432005069,4.0,9.0,1.8537234042553192,0.857262833986986,0.041237113402061855,0.0
445,2,94.0,386.0,4.1063829787234045,0.04415465568519789,0.22826086956521738,0.043478260869565216,0.2112676056338028,0.5915492957746479,0.2535211267605634,0.4647887323943662,0.22340425531914893,0.0,0.14285714285714285,0.47619047619047616,0.5292533615051073,0.4090966995195384,0.3648902122117576,0.45066185357799515,0.0,0.04642857142857145,0.01840509880800807,0.3392857142857143,5.436619718309859,7.124870714348229,2.1543130267676824,0.9630054196645574,4.85,0.30985915492957744,0.4319002099043356,5.0,13.0,1.9960552268244576,0.9785378120755963,0.05319148936170213,0.0
446,2,95.0,369.0,3.8842105263157896,0.04132138857782755,0.23655913978494625,0.07526881720430108,0.2112676056338028,0.6197183098591549,0.22535211267605634,0.4788732394366197,0.22105263157894736,0.0,0.14285714285714285,0.5238095238095238,0.5138351936316826,0.40607918926704173,0.3707985090027343,0.4403313215920725,NaN,NaN,NaN,NaN,5.197183098591549,6.177423684699122,2.136530059063505,0.9519862154645149,5.0,0.2535211267605634,0.46329609457188947,4.0,8.0,1.5598802395209581,0.6845968515879551,0.05263157894736842,0.0
447,2,95.0,354.0,3.7263157894736842,0.03964165733482643,0.24731182795698925,0.06451612903225806,0.2,0.6,0.24285714285714285,0.45714285714285713,0.22105263157894736,0.0,0.19047619047619047,0.5238095238095238,0.5126941926799113,0.4141813855762063,0.37232361435105166,0.4522288339998011,0.0,0.034851567209162146,0.009410058268657142,0.2545454545454545,5.057142857142857,7.076979856714269,2.1217091826253305,0.9338400729115651,4.833333333333334,0.32857142857142857,0.42061719021909605,4.0,10.0,1.8613303269447576,0.8324293570948104,0.042105263157894736,0.0
448,2,97.0,370.0,3.814432989690722,0.039733676975945015,0.24210526315789474,0.021052631578947368,0.19444444444444445,0.6527777777777778,0.3055555555555556,0.4583333333333333,0.21649484536082475,0.0,0.19047619047619047,0.5714285714285714,0.5337593444035443,0.4258054191689769,0.37244681082400377,0.4593557699387803,0.0,0.007663389242336657,0.014238109574602946,0.26785714285714285,5.138888888888889,7.791843976290899,2.0459845261641343,0.8198124033250824,4.158730158730158,0.25,0.42633907844719005,4.0,8.0,1.7029478458049887,0.6905987265671026,0.020618556701030927,0.0
449,2,95.0,412.0,4.336842105263158,0.04613661814109742,0.23655913978494625,0.10752688172043011,0.2112676056338028,0.6338028169014085,0.22535211267605634,0.49295774647887325,0.22105263157894736,0.0,0.19047619047619047,0.5238095238095238,0.5423441669554806,0.3943877803220587,0.38384399731094454,0.44439444965416236,0.0,0.0717013888888889,0.01726191015348703,0.32142857142857145,5.802816901408451,6.915034796544739,2.1000030298565733,0.8866109261611269,4.122641509433962,0.2535211267605634,0.46547458333458813,5.0,13.0,1.7123572170301142,0.71027720651953,0.08421052631578947,0.0
45,2,94.0,360.0,3.8297872340425534,0.04118050789293068,0.25,0.09782608695652174,0.2028985507246377,0.6231884057971014,0.2608695652173913,0.4782608695652174,0.22340425531914893,0.0,0.19047619047619047,0.5238095238095238,0.5486170545670285,0.40269961488624595,0.3870866947739115,0.45388937370309534,0.0,0.024736048265460036,0.014476091601513835,0.2857142857142857,5.217391304347826,6.825276476230255,2.076669681558944,0.8908683479375589,4.666666666666666,0.2898550724637681,0.3586121782495083,4.0,9.0,1.7305764411027569,0.7720606905928515,0.0425531914893617,0.0
450,2,97.0,294.0,3.0309278350515463,0.03157216494845361,0.2631578947368421,0.07368421052631578,0.2571428571428571,0.6142857142857143,0.3,0.4714285714285714,0.21649484536082475,0.0,0.19047619047619047,0.5238095238095238,0.5339685105953327,0.41059822159202397,0.39416928826866715,0.4586637825394479,0.0,0.028061224489795915,0.020716043737814556,0.30357142857142855,4.2,4.623819865103693,2.119284414479875,1.0169869270188823,5.4,0.2571428571428571,0.5412417983750923,5.0,11.0,1.927295918367347,0.8933240888088458,0.041237113402061855,0.0
451,2,98.0,303.0,3.0918367346938775,0.031874605512308016,0.2604166666666667,0.125,0.23943661971830985,0.6056338028169014,0.2676056338028169,0.43661971830985913,0.21428571428571427,0.0,0.14285714285714285,0.5238095238095238,0.5527386589654937,0.41591288812506283,0.37977308294209705,0.4600816063019271,NaN,NaN,NaN,NaN,4.267605633802817,5.521277663933732,2.153277879160514,1.0918824790709085,5.95,0.2676056338028169,0.5212949785051803,6.0,11.0,1.8207705192629815,1.0247134527942348,0.04081632653061224,0.0
452,2,96.0,267.0,2.78125,0.029276315789473685,0.26595744680851063,0.18085106382978725,0.2318840579710145,0.6231884057971014,0.2608695652173913,0.4492753623188406,0.20833333333333334,0.0,0.15,0.45,0.55770131700023,0.4246009950289863,0.39242005981136413,0.45682223456861526,0.0,0.01873015873015876,0.011564388120839738,0.2222222222222222,3.869565217391304,3.9104424432922924,2.0431203314659196,0.8876427257166908,4.4714285714285715,0.2318840579710145,0.4311146173429751,4.0,9.0,1.5532359081419624,0.6882037810350369,0.0625,0.0
453,2,95.0,286.0,3.0105263157894737,0.03202687569988802,0.26881720430107525,0.16129032258064516,0.2647058823529412,0.6176470588235294,0.25,0.47058823529411764,0.22105263157894736,0.0,0.19047619047619047,0.47619047619047616,0.5714599340690703,0.4026446897761573,0.3955757681860623,0.45207643514723517,0.0,0.0267857142857143,0.0062242541294688074,0.16981132075471697,4.205882352941177,4.437152588139177,2.0529986600808305,0.8987932283866283,4.756756756756756,0.23529411764705882,0.37806385903385825,4.0,9.0,1.7006688963210703,0.7650442367318171,0.031578947368421054,0.0
454,2,96.0,296.0,3.0833333333333335,0.03245614035087719,0.2553191489361702,0.1276595744680851,0.24285714285714285,0.6428571428571429,0.24285714285714285,0.4714285714285714,0.21875,0.0,0.14285714285714285,0.47619047619047616,0.562664180861753,0.4122429516164291,0.3914094635523207,0.44957356609476345,0.0,0.011492673992674047,0.02697340172888762,0.21818181818181817,4.228571428571429,5.0135220879844615,2.03996228060107,0.8477802984230578,4.463414634146341,0.21428571428571427,0.3568784703866738,4.0,8.0,1.7096774193548387,0.7770350169606193,0.041666666666666664,0.0
455,2,94.0,297.0,3.1595744680851063,0.03397391901166781,0.2608695652173913,0.13043478260869565,0.25,0.6323529411764706,0.3235294117647059,0.4852941176470588,0.22340425531914893,0.0,0.23809523809523808,0.5714285714285714,0.6006814797178444,0.4164017202460599,0.418586679324136,0.46977984427008995,0.0,0.026515151515151505,0.01737704671231501,0.2830188679245283,4.367647058823529,5.969835648040748,2.0554166214484066,0.8830642418439224,4.333333333333334,0.22058823529411764,0.4175367607288531,4.0,10.0,1.8344283837056505,0.7670328823210425,0.05319148936170213,0.0
456,2,92.0,314.0,3.4130434782608696,0.037505972288580984,0.24444444444444444,0.14444444444444443,0.17647058823529413,0.6029411764705882,0.22058823529411764,0.4852941176470588,0.22826086956521738,0.0,0.09523809523809523,0.5238095238095238,0.5348911373520664,0.3881260251679306,0.3814441685765215,0.4380204464413179,0.0,0.02077717879604676,0.01839718431073922,0.25925925925925924,4.617647058823529,6.164485214770617,2.1287091866227543,0.9765381725453358,4.916666666666666,0.35294117647058826,0.3929126342537027,7.0,10.0,2.153074027603513,1.2766382561146055,0.043478260869565216,0.0
457,2,95.0,326.0,3.431578947368421,0.03650615901455767,0.25806451612903225,0.15053763440860216,0.2028985507246377,0.6376811594202898,0.2463768115942029,0.4927536231884058,0.22105263157894736,0.0,0.14285714285714285,0.6190476190476191,0.5918129107968441,0.41634177394001237,0.39138510572591917,0.44915810058815436,0.0,0.04398148148148147,0.006686682493134107,0.16363636363636364,4.72463768115942,6.63742521387139,2.0336321509460533,0.8411520091371363,4.411764705882353,0.2463768115942029,0.3578214233719427,5.0,7.0,1.8011363636363635,0.8989950853343532,0.0,0.0
458,2,94.0,315.0,3.351063829787234,0.03603294440631435,0.2608695652173913,0.13043478260869565,0.22058823529411764,0.6029411764705882,0.23529411764705882,0.45588235294117646,0.22340425531914893,0.0,0.14285714285714285,0.5238095238095238,0.549659022672368,0.41881681700794926,0.383497022489237,0.44625638680011803,0.0,0.031713286713286735,0.0005662020905923344,0.09090909090909091,4.632352941176471,5.9573218759166275,2.055051828044878,0.8541179247849416,4.096774193548387,0.25,0.4398854292592519,3.0,8.0,1.5070921985815602,0.6033824598919676,0.05319148936170213,0.0
459,2,99.0,306.0,3.090909090909091,0.03153988868274583,0.28865979381443296,0.09278350515463918,0.2608695652173913,0.5942028985507246,0.30434782608695654,0.4927536231884058,0.21212121212121213,0.0,0.14285714285714285,0.5714285714285714,0.5682281772608608,0.40155575764480816,0.40963177321872973,0.4579875925519217,0.0,0.019343132370038256,0.027065441392514086,0.32075471698113206,4.434782608695652,5.5584547706480585,2.0619862634036994,0.9371332982880041,4.722222222222222,0.2753623188405797,0.5292913958411243,4.0,11.0,1.869304556354916,0.7906675015519661,0.0707070707070707,0.0
46,2,94.0,270.0,2.872340425531915,0.03088538091969801,0.2608695652173913,0.13043478260869565,0.2647058823529412,0.6029411764705882,0.25,0.45588235294117646,0.0,0.0,NaN,NaN,0.48886320864561283,0.4214591311343156,0.37251400560224085,0.4485787981152781,0.0,0.032738095238095274,0.017808921283162242,0.3148148148148148,3.9705882352941178,5.090144378902085,2.1244347952568483,1.0176602890678759,5.476190476190476,0.23529411764705882,0.47605325038764756,5.0,11.0,1.938506588579795,0.9468401506331232,0.05319148936170213,0.0
460,2,86.0,256.0,2.9767441860465116,0.03502051983584131,0.25,0.15476190476190477,0.2698412698412698,0.5555555555555556,0.2857142857142857,0.47619047619047616,0.2441860465116279,0.0,0.14285714285714285,0.47619047619047616,0.6412775374977757,0.39560216240343554,0.4071680524061476,0.45576889834006074,NaN,NaN,NaN,NaN,4.063492063492063,5.066884949619236,2.194620663283063,1.085717273698834,5.157894736842105,0.31746031746031744,0.49230042451722755,5.0,10.0,1.7424547283702214,0.8969417183022681,0.06976744186046512,0.0
461,2,94.0,324.0,3.4468085106382977,0.03706245710363761,0.2391304347826087,0.21739130434782608,0.24285714285714285,0.6285714285714286,0.15714285714285714,0.45714285714285713,0.22340425531914893,0.0,0.14285714285714285,0.5238095238095238,0.4953299833250229,0.3952026473313406,0.35616889063317636,0.426272119394759,0.0,0.05669642857142858,0.008601699226699226,0.19642857142857142,4.628571428571429,5.60582365038108,2.0522311300206257,0.8104129361722592,4.235294117647059,0.24285714285714285,0.31257129035487513,3.0,6.0,1.6666666666666667,0.6968135568055323,0.0,0.0
462,2,95.0,352.0,3.705263157894737,0.039417693169092945,0.24731182795698925,0.03225806451612903,0.21428571428571427,0.6,0.2857142857142857,0.4714285714285714,0.22105263157894736,0.0,0.09523809523809523,0.5238095238095238,0.5611079928202405,0.4086888461374137,0.379608843537415,0.45233431715547484,0.0,0.024897571564238292,0.021942528502764007,0.2727272727272727,5.0285714285714285,6.72863538627935,2.145109579919894,1.024193235964257,5.7,0.32857142857142857,0.5237094622507459,5.0,9.0,1.7359781121751026,0.8504984643586554,0.031578947368421054,0.0
463,2,96.0,245.0,2.5520833333333335,0.0268640350877193,0.2872340425531915,0.20212765957446807,0.2537313432835821,0.6417910447761194,0.26865671641791045,0.47761194029850745,0.21875,0.0,0.19047619047619047,0.42857142857142855,0.5223414717537852,0.4160648812015944,0.3976580682024053,0.45244232989561445,0.0,0.019486531986531927,0.012243589743589743,0.11538461538461539,3.656716417910448,4.07338828066137,2.043524376106587,0.9473288705731348,5.0285714285714285,0.19402985074626866,0.4598335248580518,5.0,8.0,1.720156555772994,0.8055960982287881,0.020833333333333332,0.0
464,2,91.0,252.0,2.769230769230769,0.03076923076923077,0.2247191011235955,0.14606741573033707,0.2463768115942029,0.6376811594202898,0.30434782608695654,0.463768115942029,0.21978021978021978,0.0,0.25,0.45,0.5518576619301258,0.4199109317150567,0.38227513227513227,0.45823140075863894,0.0,0.029761904761904774,0.014290709290709292,0.23636363636363636,3.652173913043478,4.8319588250477175,2.1265508203179957,0.959473247681616,5.727272727272727,0.21739130434782608,0.41593719763113457,5.0,9.0,2.0032362459546924,1.0742254587924327,0.02197802197802198,0.0
465,2,96.0,302.0,3.1458333333333335,0.0331140350877193,0.2765957446808511,0.0851063829787234,0.19117647058823528,0.6176470588235294,0.29411764705882354,0.4852941176470588,0.21875,0.0,0.14285714285714285,0.5714285714285714,0.5814291753827063,0.4080193828801619,0.4087224802201582,0.45873708948173275,0.0,0.0233664179044496,0.014375972919787353,0.21153846153846154,4.4411764705882355,5.63671957351817,2.079401103853543,0.9705725384934356,4.833333333333334,0.3088235294117647,0.542771964217838,6.0,12.0,2.2144578313253014,1.2531391251963302,0.08333333333333333,0.0
466,2,96.0,337.0,3.5104166666666665,0.03695175438596491,0.2553191489361702,0.0851063829787234,0.22857142857142856,0.6428571428571429,0.2571428571428571,0.4714285714285714,0.21875,0.0,0.19047619047619047,0.42857142857142855,0.5807387178869514,0.4068586305018755,0.38627257662971953,0.45632062089729447,0.0,0.015584415584415598,0.013108780585187163,0.32142857142857145,4.814285714285714,6.148625054604631,2.110900182613721,0.9732046674582564,5.333333333333334,0.2571428571428571,0.43268112233307066,6.0,11.0,2.048403707518023,0.9962429555800839,0.041666666666666664,0.0
467,2,91.0,326.0,3.5824175824175826,0.0398046398046398,0.2247191011235955,0.12359550561797752,0.2318840579710145,0.6086956521739131,0.21739130434782608,0.4492753623188406,0.23076923076923078,0.0,0.09523809523809523,0.5714285714285714,0.5366083616286007,0.3966153611453992,0.35374788255223033,0.4436746607468207,NaN,NaN,NaN,NaN,4.72463768115942,5.627882419574813,2.1439610830820506,0.9186919543894003,4.481481481481481,0.2753623188405797,0.3864643141914834,5.0,8.0,1.972636815920398,0.9965057318759287,0.02197802197802198,0.0
468,2,92.0,314.0,3.4130434782608696,0.037505972288580984,0.23333333333333334,0.15555555555555556,0.2318840579710145,0.5942028985507246,0.21739130434782608,0.4492753623188406,0.22826086956521738,0.0,0.09523809523809523,0.47619047619047616,0.5298559842982227,0.4110635286486437,0.3663452820741823,0.44663323451401976,NaN,NaN,NaN,NaN,4.550724637681159,5.712566724759128,2.1850445152331948,1.0282688155631972,5.4,0.2608695652173913,0.39954601600467093,6.0,11.0,2.0773638968481376,1.2155274401577576,0.05434782608695652,0.0
469,2,91.0,307.0,3.3736263736263736,0.03748473748473748,0.24719101123595505,0.11235955056179775,0.26865671641791045,0.582089552238806,0.208955223880597,0.40298507462686567,0.23076923076923078,0.0,0.14285714285714285,0.5238095238095238,0.507504647016066,0.4205980152975359,0.3587301587301588,0.44877865217091395,NaN,NaN,NaN,NaN,4.582089552238806,5.164415698509409,2.158103126167419,1.003061021941493,4.857142857142858,0.29850746268656714,0.47359345477545883,5.0,9.0,1.8138138138138138,0.8799460961899137,0.03296703296703297,0.0
47,2,92.0,239.0,2.597826086956522,0.028547539417104636,0.23333333333333334,0.2,0.2608695652173913,0.5942028985507246,0.2463768115942029,0.463768115942029,0.0,0.0,NaN,NaN,0.547674117153264,0.39600241168483385,0.3721689722261805,0.44645783284005897,0.0,0.018681318681318684,0.012960902633974477,0.32142857142857145,3.463768115942029,3.6484473335158674,2.1939440520367053,1.0890420498295927,5.772727272727273,0.2318840579710145,0.3883956690669956,6.0,11.0,2.2161741835147746,1.241137924068024,0.021739130434782608,0.0
470,2,93.0,341.0,3.6666666666666665,0.03985507246376811,0.26373626373626374,0.15384615384615385,0.208955223880597,0.6417910447761194,0.29850746268656714,0.47761194029850745,0.22580645161290322,0.0,0.19047619047619047,0.42857142857142855,0.5777566949453181,0.4241950048723571,0.403753253380119,0.46451201655055324,0.0,0.013707243460764582,0.01036106949451441,0.24528301886792453,5.08955223880597,6.2273379284618935,2.059545262101054,0.9175712087490203,5.125,0.23880597014925373,0.3901176751414314,5.0,9.0,1.7365356622998545,0.9109897181546501,0.08602150537634409,0.0
471,2,96.0,326.0,3.3958333333333335,0.03574561403508772,0.24468085106382978,0.10638297872340426,0.22535211267605634,0.6197183098591549,0.2535211267605634,0.4647887323943662,0.21875,0.0,0.14285714285714285,0.5714285714285714,0.5563042836898258,0.41393680086488827,0.38534997865983783,0.4496507171583151,0.0,0.03307394937024568,0.004556344276841171,0.14285714285714285,4.591549295774648,5.984688713205038,2.089436508504917,0.9053188673054247,4.833333333333334,0.23943661971830985,0.46503175423893556,4.0,8.0,1.6610429447852761,0.7416617813031041,0.020833333333333332,0.0
472,2,95.0,342.0,3.6,0.03829787234042553,0.25806451612903225,0.12903225806451613,0.2463768115942029,0.5942028985507246,0.2318840579710145,0.4492753623188406,0.22105263157894736,0.0,0.14285714285714285,0.5238095238095238,0.5092086958172466,0.40705079358423535,0.3783586381412468,0.45249462396719414,0.0,0.02196712018140589,0.0073302583811270345,0.23636363636363636,4.956521739130435,5.4837588616930395,2.1218809850066243,0.9666854961993973,4.53921568627451,0.2898550724637681,0.43518178672107,4.0,12.0,1.723055934515689,0.7689148150274484,0.08421052631578947,0.0
473,2,94.0,307.0,3.265957446808511,0.035117822008693664,0.25,0.09782608695652174,0.2608695652173913,0.6086956521739131,0.2463768115942029,0.4492753623188406,0.22340425531914893,0.0,0.14285714285714285,0.47619047619047616,0.573175825482767,0.40435692836029913,0.3776972624798712,0.4538376191570203,0.0,0.01388888888888888,0.016268012709643037,0.2909090909090909,4.449275362318841,5.4436585661506385,2.1883619721550507,1.118961618930077,5.484848484848484,0.2753623188405797,0.48247782807675527,4.0,12.0,2.0833333333333335,0.9917896400792001,0.0851063829787234,0.0
474,2,98.0,265.0,2.704081632653061,0.027877130233536714,0.2708333333333333,0.125,0.24285714285714285,0.6285714285714286,0.2571428571428571,0.4857142857142857,0.21428571428571427,0.0,0.19047619047619047,0.5238095238095238,0.5288545312723244,0.41975691145534283,0.3922795903605184,0.45021405205883513,0.0,0.04492493967283885,0.006765431059980213,0.16071428571428573,3.7857142857142856,4.211416014207157,2.0339702295748605,0.8849780177299571,4.894736842105264,0.21428571428571427,0.42525058869769206,4.0,8.0,1.6557059961315281,0.7684622560513983,0.02040816326530612,0.0
475,2,95.0,329.0,3.463157894736842,0.03684210526315789,0.24731182795698925,0.13978494623655913,0.24285714285714285,0.6142857142857143,0.18571428571428572,0.4714285714285714,0.22105263157894736,0.0,0.09523809523809523,0.5714285714285714,0.5220387597506623,0.38251407817151317,0.3675198412698413,0.43173140446877006,0.0,0.032598586309523794,0.010906143707482994,0.21428571428571427,4.7,5.7163634938834065,2.1035740199367012,0.9512134001693124,5.590909090909091,0.2571428571428571,0.3572865352114709,5.0,9.0,1.7401129943502824,0.8275496720033717,0.0,0.0
476,2,94.0,307.0,3.265957446808511,0.035117822008693664,0.25,0.10869565217391304,0.2463768115942029,0.6231884057971014,0.2608695652173913,0.463768115942029,0.22340425531914893,0.0,0.14285714285714285,0.47619047619047616,0.5310495468012449,0.3999305352530991,0.3879777947283668,0.4509677293619883,NaN,NaN,NaN,NaN,4.449275362318841,5.094796168306436,2.058122606308263,0.8639355244571185,4.3678160919540225,0.2318840579710145,0.3733853840768379,5.0,9.0,1.721884498480243,0.7977373474571577,0.02127659574468085,0.0
477,2,99.0,306.0,3.090909090909091,0.03153988868274583,0.26804123711340205,0.08247422680412371,0.22535211267605634,0.6056338028169014,0.23943661971830985,0.4788732394366197,0.21212121212121213,0.0,0.19047619047619047,0.5238095238095238,0.5266748824615516,0.3983350423453293,0.378092531798981,0.44285092323692743,0.0,0.050933285594939794,0.011034309721544696,0.25,4.309859154929577,5.357482215944818,2.1316538827583975,1.062101536491185,5.170454545454545,0.29577464788732394,0.4867148627891377,6.0,12.0,2.4405286343612334,1.4110090637591528,0.0707070707070707,0.0
478,2,95.0,295.0,3.1052631578947367,0.03303471444568869,0.27956989247311825,0.07526881720430108,0.22388059701492538,0.6119402985074627,0.26865671641791045,0.47761194029850745,0.22105263157894736,0.0,0.14285714285714285,0.5714285714285714,0.556302203594008,0.40241228031403325,0.38534408962415984,0.4442770773432588,0.0,0.016782793925651067,0.027486631016042776,0.21153846153846154,4.402985074626866,6.365293445811355,2.0616117211164595,0.9437489008140695,4.777777777777778,0.29850746268656714,0.4483301300659184,4.0,9.0,1.8277310924369747,0.8134656733019533,0.06315789473684211,0.0
479,2,91.0,256.0,2.8131868131868134,0.03125763125763126,0.24719101123595505,0.15730337078651685,0.2537313432835821,0.6119402985074627,0.2537313432835821,0.5074626865671642,0.23076923076923078,0.0,0.19047619047619047,0.42857142857142855,0.5369101539304098,0.3864353601199861,0.3968087053907949,0.444268790401194,0.0,0.02235179786200196,0.008596198151454217,0.18867924528301888,3.8208955223880596,3.554448229499449,2.1036140758366138,0.93135856779703,4.607142857142858,0.26865671641791045,0.3753808142401098,4.0,9.0,1.6161616161616161,0.7185662556131376,0.0,0.0
48,2,96.0,271.0,2.8229166666666665,0.029714912280701753,0.2765957446808511,0.1702127659574468,0.29411764705882354,0.6029411764705882,0.20588235294117646,0.45588235294117646,0.20833333333333334,0.0,0.1,0.45,0.5350029453978912,0.4021584794225854,0.3775409027247263,0.44375849116867705,0.0,0.022451499118165828,0.015479959432005176,0.22641509433962265,3.985294117647059,4.083065306881999,2.0895329483695653,0.9971149103815318,4.842105263157895,0.22058823529411764,0.45034233960751113,4.0,10.0,1.7639123102866778,0.8311378185226606,0.07291666666666667,0.0
480,2,96.0,352.0,3.6666666666666665,0.03859649122807018,0.2765957446808511,0.031914893617021274,0.25,0.6323529411764706,0.2647058823529412,0.47058823529411764,0.21875,0.0,0.19047619047619047,0.5238095238095238,0.5868512216640559,0.41131956085509536,0.388542193075748,0.4594973471158596,0.0,0.06260406260406264,0.0127505515734598,0.2727272727272727,5.176470588235294,7.081489801241839,2.056744235736548,0.9392091209107086,4.5675675675675675,0.23529411764705882,0.43619209575772905,4.0,9.0,1.833134684147795,0.8193941354083737,0.0625,0.0
481,2,94.0,351.0,3.734042553191489,0.040150995195607414,0.2608695652173913,0.09782608695652174,0.22058823529411764,0.5882352941176471,0.2647058823529412,0.5,0.22340425531914893,0.0,0.14285714285714285,0.5238095238095238,0.5753906751357133,0.42230863364494425,0.4011207005141745,0.4487859431033784,0.0,0.031901407351931664,0.010979305866458643,0.24074074074074073,5.161764705882353,6.537173368154077,2.0363884671793895,0.8041046509902718,3.857142857142857,0.25,0.4520183995486462,5.0,7.0,1.5349922239502334,0.6460552175907252,0.02127659574468085,0.0
482,2,93.0,280.0,3.010752688172043,0.03272557269752221,0.23076923076923078,0.0989010989010989,0.2571428571428571,0.6285714285714286,0.24285714285714285,0.4142857142857143,0.22580645161290322,0.0,0.09523809523809523,0.5238095238095238,0.5216624219017666,0.41238304626205036,0.35307823129251703,0.447601928795708,0.0,0.016084656084656094,0.007033598843465807,0.21818181818181817,4.0,6.036123143930684,2.1456137792468954,0.9889038482930431,5.114285714285714,0.2571428571428571,0.4779119535478419,6.0,11.0,2.2685788787483703,1.348373331449132,0.07526881720430108,0.0
483,2,92.0,301.0,3.2717391304347827,0.03595317725752508,0.2222222222222222,0.14444444444444443,0.2571428571428571,0.6285714285714286,0.24285714285714285,0.42857142857142855,0.22826086956521738,0.0,0.14285714285714285,0.42857142857142855,0.4956117249017423,0.4047701757248412,0.34463203463203457,0.44320509461558144,0.0,0.008928571428571428,0.018762594482661925,0.2857142857142857,4.3,5.881314060009356,2.1776795142521976,1.0129119084472649,5.294117647058823,0.24285714285714285,0.3746051592905766,5.0,8.0,1.8799392097264438,1.0034303398002484,0.043478260869565216,0.0
484,2,98.0,307.0,3.13265306122449,0.03229539238375763,0.2604166666666667,0.09375,0.2112676056338028,0.6338028169014085,0.2676056338028169,0.4788732394366197,0.21428571428571427,0.0,0.14285714285714285,0.5238095238095238,0.5464673789502048,0.4262050144581762,0.39051887080056097,0.45611958731174324,0.0,0.011940836940836955,0.013653756957328386,0.21428571428571427,4.323943661971831,5.746488736331141,2.0799320322320147,0.9420462666098479,4.928571428571429,0.28169014084507044,0.40394862605653326,4.0,8.0,1.896978021978022,0.9033586662264474,0.030612244897959183,0.0
485,2,95.0,308.0,3.2421052631578946,0.03449048152295633,0.24731182795698925,0.11827956989247312,0.2571428571428571,0.6142857142857143,0.24285714285714285,0.42857142857142855,0.22105263157894736,0.0,0.14285714285714285,0.47619047619047616,0.5538987286953985,0.4041405678306127,0.37185374149659867,0.44862874149572923,0.0,0.02990141369047624,0.007097776194998417,0.1111111111111111,4.4,5.719024949832934,2.153590481314477,1.065675213682507,5.875,0.2571428571428571,0.48807932964684436,5.0,11.0,1.819935691318328,1.0022782400989911,0.07368421052631578,0.0
486,2,99.0,321.0,3.242424242424242,0.03308596165739023,0.27835051546391754,0.09278350515463918,0.21428571428571427,0.6142857142857143,0.24285714285714285,0.4714285714285714,0.21212121212121213,0.0,0.09523809523809523,0.5238095238095238,0.5288002150243778,0.40756121816524243,0.38505009853694067,0.44656149759798985,0.0,0.013834635416666676,0.002697445048281818,0.10714285714285714,4.585714285714285,5.414668368457357,2.1284517294574767,1.108652761208757,6.222222222222222,0.2714285714285714,0.5857464886339648,6.0,10.0,1.940337224383917,1.0251737339755274,0.050505050505050504,0.0
487,2,92.0,318.0,3.4565217391304346,0.03798375537505972,0.23333333333333334,0.08888888888888889,0.18840579710144928,0.6231884057971014,0.2608695652173913,0.4927536231884058,0.22826086956521738,0.0,0.23809523809523808,0.5238095238095238,0.5493067753912233,0.3971713987002245,0.3970452781135675,0.45010163325872865,0.0,0.07292609351432881,0.011623317909539294,0.2857142857142857,4.608695652173913,6.675718492514821,2.1366105623664695,0.9892005892057769,5.333333333333334,0.2898550724637681,0.44735063506171163,5.0,9.0,1.9534005037783375,0.9694422016787335,0.043478260869565216,0.0
488,2,91.0,268.0,2.9450549450549453,0.032722832722832725,0.25842696629213485,0.16853932584269662,0.21212121212121213,0.6363636363636364,0.30303030303030304,0.4696969696969697,0.23076923076923078,0.0,0.23809523809523808,0.47619047619047616,0.551024596055431,0.43089196576080957,0.4141293891293891,0.46381025026074224,0.0,0.02976190476190476,0.004679064467667409,0.1346153846153846,4.0606060606060606,5.716047014606642,2.1031097983505656,0.9861122243715625,5.125,0.25757575757575757,0.4209116795636488,5.0,8.0,1.5363636363636364,0.7657506059248128,0.02197802197802198,0.0
489,2,101.0,388.0,3.8415841584158414,0.038415841584158415,0.2828282828282828,0.0707070707070707,0.18309859154929578,0.6197183098591549,0.23943661971830985,0.4788732394366197,0.2079207920792079,0.0,0.14285714285714285,0.6190476190476191,0.5429120820200917,0.4041541527379284,0.38392723091737607,0.4487038043312903,0.0,0.039608284435870646,0.020318545300847538,0.30357142857142855,5.464788732394366,7.277815578701173,2.077191275573071,0.9946757851026038,5.333333333333334,0.323943661971831,0.4735449319449184,5.0,10.0,1.8976545842217485,0.9217951721895835,0.06930693069306931,0.0
49,2,98.0,300.0,3.061224489795918,0.031559015358720806,0.2708333333333333,0.11458333333333333,0.24285714285714285,0.6,0.3,0.4714285714285714,0.21428571428571427,0.0,0.09523809523809523,0.5238095238095238,0.5201645633265799,0.4073046099157115,0.38966142778950663,0.4534996034932325,0.0,0.025079365079365073,0.01613556539784602,0.32727272727272727,4.285714285714286,5.35992336399588,2.077762273917059,0.9575733561830583,5.12,0.3,0.38753644642038965,5.0,7.0,2.0218281036834926,1.0438806528554045,0.02040816326530612,0.0
490,2,101.0,358.0,3.5445544554455446,0.03544554455445544,0.2828282828282828,0.10101010101010101,0.19718309859154928,0.6338028169014085,0.23943661971830985,0.49295774647887325,0.2079207920792079,0.0,0.09523809523809523,0.47619047619047616,0.560342019658901,0.39169558762104295,0.3913928012519562,0.4427482289914304,0.0,0.01589947089947088,0.026667562127190052,0.375,5.042253521126761,6.512486072852254,2.0476577996273524,0.9466485946738541,4.9655172413793105,0.2676056338028169,0.3993881752327358,4.0,9.0,1.8547815820543094,0.8691849219795231,0.0297029702970297,0.0
491,2,91.0,326.0,3.5824175824175826,0.0398046398046398,0.2247191011235955,0.10112359550561797,0.2318840579710145,0.6231884057971014,0.2318840579710145,0.463768115942029,0.23076923076923078,0.0,0.14285714285714285,0.5238095238095238,0.5440511536051998,0.3938286657239087,0.3684307679749475,0.4457975321833603,0.0,0.017628205128205152,0.011435296144667545,0.19642857142857142,4.72463768115942,6.111426275166419,2.1637104705931414,0.9839081924539373,5.166666666666666,0.2753623188405797,0.3979344687085641,5.0,12.0,2.0128205128205128,1.0506259488051346,0.07692307692307693,0.0
492,2,95.0,371.0,3.905263157894737,0.04154535274356103,0.23655913978494625,0.0967741935483871,0.18309859154929578,0.647887323943662,0.28169014084507044,0.4788732394366197,0.22105263157894736,0.0,0.19047619047619047,0.5238095238095238,0.5287676678457927,0.40942229107839073,0.3927621283255086,0.4556771224927099,0.0,0.0740740740740741,0.014164597257657948,0.30357142857142855,5.225352112676056,7.603001631120231,2.1237774190703407,0.9687702733379033,4.913043478260869,0.28169014084507044,0.39427962163788244,4.0,10.0,2.0603537981269513,1.0178098830478262,0.05263157894736842,0.0
493,2,92.0,364.0,3.9565217391304346,0.043478260869565216,0.25555555555555554,0.03333333333333333,0.19402985074626866,0.582089552238806,0.29850746268656714,0.4925373134328358,0.22826086956521738,0.0,0.14285714285714285,0.5238095238095238,0.5500550586164821,0.4123320006801581,0.40293268693780665,0.46029150930714596,0.0,0.015942390942390933,0.021543494494519314,0.3148148148148148,5.432835820895522,8.081448791123155,2.1722218091889745,1.103622211954577,5.63076923076923,0.34328358208955223,0.5056731561059903,5.0,11.0,2.0962199312714778,1.1543284743971822,0.03260869565217391,0.0
494,2,96.0,263.0,2.7395833333333335,0.028837719298245613,0.26595744680851063,0.06382978723404255,0.2463768115942029,0.5942028985507246,0.30434782608695654,0.463768115942029,0.21875,0.0,0.14285714285714285,0.5238095238095238,0.5003172822906571,0.44331028167007935,0.39135237088235625,0.46474786765844706,0.0,0.017547321959086683,0.003295213687016141,0.14814814814814814,3.8115942028985508,4.515578792680632,2.101067569902646,0.9670251130657326,5.0,0.2608695652173913,0.5354527900401191,4.0,10.0,1.7152542372881356,0.7114903555815639,0.020833333333333332,0.0
495,2,95.0,311.0,3.2736842105263158,0.03482642777155655,0.26881720430107525,0.07526881720430108,0.23529411764705882,0.5882352941176471,0.25,0.5,0.22105263157894736,0.0,0.14285714285714285,0.5238095238095238,0.592415139071355,0.40009007921150813,0.39815873688721615,0.4499739249677718,0.0,0.02990677752582515,0.01418920498677747,0.24528301886792453,4.573529411764706,6.365288743660167,2.08054532934071,0.9256651029487963,4.6,0.29411764705882354,0.3874510015770455,4.0,7.0,1.7189728958630528,0.7460732063707394,0.021052631578947368,0.0
496,2,97.0,319.0,3.288659793814433,0.03425687285223368,0.2736842105263158,0.10526315789473684,0.2318840579710145,0.6086956521739131,0.2318840579710145,0.4927536231884058,0.21649484536082475,0.0,0.14285714285714285,0.5238095238095238,0.5342993683692646,0.3959001305095941,0.37558399732312775,0.43519392520756595,0.0,0.03414397922476002,0.015864595581030764,0.25925925925925924,4.6231884057971016,6.058784214275807,2.081711174473301,0.9480380598024942,4.666666666666666,0.2753623188405797,0.4696463889632432,4.0,10.0,1.7815789473684212,0.7714795132376486,0.08247422680412371,0.0
497,2,92.0,294.0,3.1956521739130435,0.03511705685618729,0.24444444444444444,0.14444444444444443,0.19117647058823528,0.6470588235294118,0.2647058823529412,0.5,0.22826086956521738,0.0,0.23809523809523808,0.47619047619047616,0.584765183603567,0.3977851526396592,0.4066001400560224,0.4559655222152395,NaN,NaN,NaN,NaN,4.323529411764706,5.255959450508602,2.126251890678939,0.992963384872736,4.9,0.29411764705882354,0.39273246199265355,5.0,8.0,1.9315068493150684,0.9315203897814247,0.05434782608695652,0.0
498,2,97.0,354.0,3.649484536082474,0.03801546391752577,0.25263157894736843,0.11578947368421053,0.2112676056338028,0.647887323943662,0.2112676056338028,0.4507042253521127,0.21649484536082475,0.0,0.23809523809523808,0.5238095238095238,0.4951556594107587,0.4203170048320912,0.37857557531569347,0.4507903012569113,0.0,0.039393939393939405,0.00822207321373819,0.23214285714285715,4.985915492957746,6.18637433107512,2.052884662731588,0.8647277602518826,4.144230769230769,0.19718309859154928,0.3907043512507525,5.0,8.0,1.7323037323037322,0.8125300758265199,0.0,0.0
499,2,98.0,392.0,4.0,0.041237113402061855,0.2708333333333333,0.08333333333333333,0.22857142857142856,0.6,0.2,0.5142857142857142,0.21428571428571427,0.0,0.09523809523809523,0.5238095238095238,0.554801927542147,0.3829484644255282,0.38275606338106344,0.42919630950804055,0.0,0.018102073365231234,0.01745115995115995,0.2545454545454545,5.6,5.854268850003042,2.049400424709495,0.8796954782107744,4.119047619047619,0.2571428571428571,0.4605389130260445,4.0,12.0,1.7296703296703297,0.7262930134339224,0.07142857142857142,0.0
5,2,99.0,377.0,3.808080808080808,0.038857967429396,0.26804123711340205,0.09278350515463918,0.22535211267605634,0.647887323943662,0.2535211267605634,0.4507042253521127,0.21212121212121213,0.0,0.14285714285714285,0.5238095238095238,0.5516092979474415,0.40588782809406815,0.3840045164889581,0.4605967758274741,0.0,0.02320887445887446,0.00502560686549585,0.19642857142857142,5.309859154929577,7.793021693973169,2.047287948297387,0.901713656721356,4.444444444444445,0.2535211267605634,0.41247460372270717,4.0,11.0,1.8020725388601035,0.7381117653412288,0.06060606060606061,0.0
50,2,91.0,256.0,2.8131868131868134,0.03125763125763126,0.23595505617977527,0.16853932584269662,0.25,0.6029411764705882,0.20588235294117646,0.45588235294117646,0.23076923076923078,0.0,0.14285714285714285,0.5238095238095238,0.47480004295645345,0.3931718840900326,0.35338423831070886,0.43152453306956623,NaN,NaN,NaN,NaN,3.764705882352941,4.810180891682885,2.1883325263577365,1.069147445017486,5.928571428571429,0.27941176470588236,0.4688815038925018,5.0,7.0,1.73767258382643,0.8825386191696767,0.03296703296703297,0.0
500,2,100.0,412.0,4.12,0.041616161616161614,0.2755102040816326,0.12244897959183673,0.2112676056338028,0.6056338028169014,0.22535211267605634,0.4647887323943662,0.21,0.0,0.14285714285714285,0.5714285714285714,0.520002305792809,0.4026471000440581,0.37629158453604505,0.44674485799913166,0.0,0.012254901960784293,0.009931954709620326,0.26785714285714285,5.802816901408451,8.609993725416427,2.0068148223464517,0.8231404938968815,4.283333333333333,0.29577464788732394,0.404904734492652,4.0,11.0,1.6169265033407572,0.6176724003436519,0.05,0.0
501,2,95.0,341.0,3.5894736842105264,0.038185890257558794,0.24731182795698925,0.12903225806451613,0.21428571428571427,0.6142857142857143,0.18571428571428572,0.4714285714285714,0.22105263157894736,0.0,0.09523809523809523,0.5714285714285714,0.5027596974810647,0.39764609240145254,0.3694613481756339,0.4334827605260737,0.0,0.03242592592592595,0.011037751309036113,0.23636363636363636,4.871428571428571,4.93412085930658,2.133685342267073,0.9701689244360504,4.833333333333334,0.3,0.44815303030841497,5.0,11.0,1.8134517766497462,0.8310809629162927,0.07368421052631578,0.0
502,2,98.0,312.0,3.183673469387755,0.03282137597306964,0.28125,0.07291666666666667,0.2463768115942029,0.6376811594202898,0.2608695652173913,0.4927536231884058,0.21428571428571427,0.0,0.14285714285714285,0.5238095238095238,0.5642601902948848,0.40005821644943196,0.4021375959828089,0.44828994987041126,0.0,0.02874046024329397,0.012144981178075278,0.2909090909090909,4.521739130434782,4.930722103339232,2.100475918128649,1.0311623248186141,5.272727272727273,0.2463768115942029,0.5319100301746127,6.0,11.0,2.1039426523297493,1.149139989039916,0.08163265306122448,0.0
503,2,96.0,335.0,3.4895833333333335,0.03673245614035088,0.2553191489361702,0.05319148936170213,0.24285714285714285,0.6142857142857143,0.2,0.4857142857142857,0.21875,0.0,0.14285714285714285,0.5714285714285714,0.5714428315199325,0.4075942524622695,0.37046618647458984,0.44051132130051773,0.0,0.02666666666666667,0.01145939365389424,0.2545454545454545,4.785714285714286,5.81326034676009,2.0831390689461844,0.9029409378242331,4.431818181818182,0.2714285714285714,0.37210118943691933,5.0,9.0,1.8484107579462103,0.8705735626651085,0.052083333333333336,0.0
504,2,96.0,303.0,3.15625,0.033223684210526315,0.26595744680851063,0.11702127659574468,0.2318840579710145,0.6231884057971014,0.2463768115942029,0.4492753623188406,0.21875,0.0,0.19047619047619047,0.5714285714285714,0.5489576899495244,0.4022769850985431,0.38817000230043713,0.4562081099384556,0.0,0.046652421652421665,0.015125963702186664,0.19642857142857142,4.391304347826087,5.4804931919124265,2.105670701422192,1.0275076026052585,5.75,0.2753623188405797,0.4140409046101746,5.0,8.0,1.8776671408250356,0.9662977295597642,0.020833333333333332,0.0
505,2,95.0,331.0,3.4842105263157896,0.03706606942889138,0.22580645161290322,0.13978494623655913,0.2638888888888889,0.6388888888888888,0.25,0.4166666666666667,0.22105263157894736,0.0,0.19047619047619047,0.5238095238095238,0.5160572047913542,0.4043558810692017,0.37048611111111107,0.4556095709942161,0.0,0.020833333333333356,0.0071158891134493136,0.23214285714285715,4.597222222222222,4.900875811992143,2.1358162103422114,0.9427120695886273,5.0,0.2361111111111111,0.36419252330943264,4.0,10.0,1.7308781869688386,0.8032441805013792,0.0,0.0
506,2,89.0,285.0,3.202247191011236,0.03638917262512768,0.2413793103448276,0.09195402298850575,0.24242424242424243,0.6060606060606061,0.2727272727272727,0.5,0.23595505617977527,0.0,0.19047619047619047,0.47619047619047616,0.59873318570681,0.39706972891657694,0.4091984812573048,0.4559866878023601,0.0,0.031412565026010454,0.02109565509672347,0.28846153846153844,4.318181818181818,5.588887575865552,2.111804502842272,0.9068888891192924,4.363636363636363,0.2727272727272727,0.385332714955369,4.0,10.0,1.890840652446675,0.7825861783768667,0.02247191011235955,0.0
507,2,89.0,277.0,3.1123595505617976,0.03536772216547497,0.22988505747126436,0.1724137931034483,0.2537313432835821,0.5970149253731343,0.23880597014925373,0.43283582089552236,0.23595505617977527,0.0,0.14285714285714285,0.5238095238095238,0.5168749497351538,0.4241150749482924,0.35442161486937607,0.4502850216034002,0.0,8.540177112501205e-18,0.013847454787166168,0.2777777777777778,4.134328358208955,4.773333510204181,2.1875245499124776,1.0273531982360091,5.357142857142858,0.26865671641791045,0.4435143826874158,6.0,10.0,1.9479495268138802,1.076301030837014,0.056179775280898875,0.0
508,2,93.0,282.0,3.032258064516129,0.03295932678821879,0.24175824175824176,0.14285714285714285,0.2318840579710145,0.5942028985507246,0.2608695652173913,0.43478260869565216,0.21505376344086022,0.0,0.1,0.55,0.5241867156682846,0.43048836713337607,0.3632010081915564,0.4558211518254648,0.0,0.02393162393162394,0.01210574008031306,0.23214285714285715,4.086956521739131,5.279647744585369,2.0957455551313475,0.8878471092338828,4.55,0.2898550724637681,0.34272895658298647,4.0,7.0,1.7646103896103895,0.8012880956213956,0.0,0.0
509,2,92.0,288.0,3.130434782608696,0.034400382226469184,0.2222222222222222,0.08888888888888889,0.22857142857142856,0.6285714285714286,0.24285714285714285,0.4857142857142857,0.22826086956521738,0.0,0.19047619047619047,0.5238095238095238,0.565727470349319,0.39546398540120026,0.3759371021135728,0.4399909736668431,NaN,NaN,NaN,NaN,4.114285714285714,5.417478040839793,2.1331552175422654,0.9286483322163842,4.5438596491228065,0.2571428571428571,0.4173923572527719,4.0,11.0,1.8422575976845152,0.823395302028338,0.06521739130434782,0.0
51,2,96.0,353.0,3.6770833333333335,0.038706140350877195,0.2553191489361702,0.06382978723404255,0.24285714285714285,0.6,0.2571428571428571,0.45714285714285713,0.21875,0.0,0.09523809523809523,0.5238095238095238,0.5583193783605823,0.40606003564675064,0.3856064593669635,0.4497580946587676,0.0,0.027598918355220898,0.01349959666623871,0.2857142857142857,5.042857142857143,6.274946074681887,2.1008517924312806,0.9205453826574502,4.612903225806452,0.2714285714285714,0.49735753535194427,5.0,11.0,1.778061224489796,0.8299799602600274,0.052083333333333336,0.0
510,2,94.0,245.0,2.606382978723404,0.02802562342713338,0.2717391304347826,0.17391304347826086,0.26865671641791045,0.5970149253731343,0.23880597014925373,0.47761194029850745,0.22340425531914893,0.0,0.14285714285714285,0.47619047619047616,0.5661549908364383,0.3959973052017857,0.38987045293015443,0.43888780943176536,0.0,0.019751082251082255,0.021222832113550673,0.2692307692307692,3.656716417910448,3.628808297607765,2.118792981089602,1.033174550269587,4.863636363636363,0.2835820895522388,0.5764309814566178,5.0,12.0,1.9566666666666668,0.9537495929395076,0.07446808510638298,0.0
511,2,97.0,325.0,3.350515463917526,0.034901202749140894,0.25263157894736843,0.06315789473684211,0.2112676056338028,0.6197183098591549,0.2535211267605634,0.4647887323943662,0.21649484536082475,0.0,0.19047619047619047,0.5714285714285714,0.5387504718618634,0.4084862087425006,0.3720664604319163,0.445927283395034,0.0,0.06216110686698919,0.014100364415879767,0.30357142857142855,4.577464788732394,5.517923967350107,2.100852823263989,0.9509619615755139,4.914893617021276,0.28169014084507044,0.4014064754773876,4.0,8.0,1.8495460440985734,0.8501698387353959,0.020618556701030927,0.0
512,2,96.0,286.0,2.9791666666666665,0.03135964912280702,0.2553191489361702,0.18085106382978725,0.2571428571428571,0.6142857142857143,0.24285714285714285,0.45714285714285713,0.21875,0.0,0.19047619047619047,0.5238095238095238,0.5352268426167459,0.4046079785670731,0.3899518140589569,0.4522905553871541,0.0,0.027755102040816344,0.008260047440028643,0.17857142857142858,4.085714285714285,4.070903674711363,2.0998706095443223,0.9555668770465946,5.0,0.21428571428571427,0.3821509591102604,4.0,6.0,1.5786407766990291,0.7401296665022616,0.020833333333333332,0.0
513,2,90.0,338.0,3.7555555555555555,0.04219725343320849,0.23863636363636365,0.07954545454545454,0.22388059701492538,0.6268656716417911,0.208955223880597,0.4925373134328358,0.2222222222222222,0.0,0.15,0.5,0.5578549344704634,0.3918590968757297,0.3817571143438917,0.43961707153423807,0.0,0.006787330316742091,0.012305495734190111,0.2222222222222222,5.044776119402985,7.482166344495012,2.080961867350558,0.8615947046632354,4.342105263157895,0.2537313432835821,0.4059415138960932,4.0,9.0,1.8401937046004844,0.8333252622692282,0.0,0.0
514,2,91.0,330.0,3.6263736263736264,0.040293040293040296,0.25842696629213485,0.06741573033707865,0.21212121212121213,0.6212121212121212,0.19696969696969696,0.48484848484848486,0.2087912087912088,0.0,0.10526315789473684,0.47368421052631576,0.5552883844371124,0.4051209774675067,0.392918702410681,0.44236869737086765,0.0,0.04296252766841005,0.022425669097576855,0.2641509433962264,5.0,5.867773788309262,2.0401720816447564,0.854044910892971,4.292929292929292,0.2727272727272727,0.41950578689389073,4.0,9.0,1.6355140186915889,0.7417884114658794,0.02197802197802198,0.0
515,2,95.0,313.0,3.294736842105263,0.03505039193729003,0.25806451612903225,0.0967741935483871,0.2608695652173913,0.5942028985507246,0.2608695652173913,0.4492753623188406,0.22105263157894736,0.0,0.19047619047619047,0.5714285714285714,0.5671570911721255,0.4117000165819017,0.38739299940672933,0.4563454056234652,0.0,0.046143353174603205,0.006460627686319033,0.12727272727272726,4.536231884057971,5.392204913371893,2.1370736234765926,1.0276860199023148,5.75,0.2463768115942029,0.46870530733646903,5.0,11.0,1.9320809248554913,1.0305098308756768,0.08421052631578947,0.0
516,2,98.0,321.0,3.2755102040816326,0.03376814643383126,0.2604166666666667,0.13541666666666666,0.23943661971830985,0.6197183098591549,0.23943661971830985,0.4647887323943662,0.21428571428571427,0.0,0.14285714285714285,0.5238095238095238,0.4912650642406247,0.4281095344020008,0.37469099552124013,0.44977871005817616,0.0,0.042074074074074076,0.017721217730289583,0.25,4.52112676056338,5.633722836454412,2.062009828961246,0.8919379742279969,5.0,0.2112676056338028,0.45135124942088645,4.0,8.0,1.6411411411411412,0.7100066003428591,0.02040816326530612,0.0
517,2,91.0,333.0,3.659340659340659,0.04065934065934066,0.2247191011235955,0.011235955056179775,0.2318840579710145,0.6086956521739131,0.2753623188405797,0.463768115942029,0.23076923076923078,0.0,0.09523809523809523,0.42857142857142855,0.5062704330804331,0.4146147135269522,0.3761894305372566,0.45569586501553144,0.0,0.020186335403726736,0.02914295213668255,0.2909090909090909,4.826086956521739,7.284061007228955,2.1689146048514854,0.9758514553090055,4.75,0.2753623188405797,0.4666891245967874,4.0,11.0,1.8991494532199271,0.8647105507147124,0.04395604395604396,0.0
518,2,90.0,304.0,3.3777777777777778,0.037952559300873906,0.25,0.09090909090909091,0.19696969696969696,0.6212121212121212,0.25757575757575757,0.5,0.2111111111111111,0.0,0.10526315789473684,0.5263157894736842,0.5582852170572802,0.38763435847846034,0.399270300406664,0.4401756350347179,NaN,NaN,NaN,NaN,4.606060606060606,5.705270944496549,2.0662146252193936,0.8670444039463482,4.357142857142858,0.3181818181818182,0.4485730970598743,5.0,10.0,1.9176646706586826,1.0578978029321247,0.05555555555555555,0.0
519,2,99.0,364.0,3.676767676767677,0.03751803751803752,0.27835051546391754,0.05154639175257732,0.22857142857142856,0.6,0.24285714285714285,0.4857142857142857,0.21212121212121213,0.0,0.14285714285714285,0.6190476190476191,0.5503071779858637,0.40372169728788054,0.3768145743145743,0.43919960865889446,0.0,0.02636795911443801,0.01697612492186562,0.32727272727272727,5.2,6.539955236295857,2.096302596608545,0.9785228759274521,4.666666666666666,0.3,0.5372534067897494,5.0,10.0,1.8818474758324382,0.8494167653322443,0.09090909090909091,0.0
52,2,91.0,327.0,3.5934065934065935,0.039926739926739924,0.2696629213483146,0.07865168539325842,0.23076923076923078,0.6,0.2,0.5076923076923077,0.23076923076923078,0.0,0.09523809523809523,0.5238095238095238,0.5405212461081138,0.3981751208146011,0.3943919968919969,0.4417783803039159,0.0,0.027685995032933786,0.007768815386002885,0.19607843137254902,5.030769230769231,5.6650497316032835,2.0982253105244952,0.976051753782561,5.045454545454545,0.3076923076923077,0.4426563261045315,5.0,9.0,1.7905604719764012,0.9097044393336502,0.02197802197802198,0.0
520,2,94.0,269.0,2.8617021276595747,0.030770990619995425,0.2391304347826087,0.10869565217391304,0.24285714285714285,0.6142857142857143,0.2857142857142857,0.44285714285714284,0.22340425531914893,0.0,0.14285714285714285,0.5714285714285714,0.5342846238495399,0.41068750656704595,0.36503287981859406,0.45536452882769646,0.0,0.015079365079365121,0.014234487734487732,0.21818181818181817,3.842857142857143,4.886051469725153,2.1100952496797762,0.909437864145467,4.550724637681159,0.24285714285714285,0.3795761348627573,4.0,8.0,1.6401515151515151,0.7464384606125081,0.02127659574468085,0.0
521,2,96.0,282.0,2.9375,0.030921052631578946,0.26595744680851063,0.14893617021276595,0.2608695652173913,0.6086956521739131,0.2753623188405797,0.4492753623188406,0.21875,0.0,0.09523809523809523,0.5238095238095238,0.57246655941347,0.42862594985290225,0.39690016103059583,0.4582983092757529,0.0,0.024250440917107596,0.006293443984176744,0.2,4.086956521739131,4.4150115929325615,2.0720652827751533,0.901912382497443,4.3235294117647065,0.2753623188405797,0.4434338874214487,4.0,9.0,1.6129032258064515,0.6837260582677737,0.052083333333333336,0.0
522,2,94.0,297.0,3.1595744680851063,0.03397391901166781,0.2391304347826087,0.17391304347826086,0.2857142857142857,0.6428571428571429,0.22857142857142856,0.42857142857142855,0.22340425531914893,0.0,0.23809523809523808,0.47619047619047616,0.5035367936369682,0.4061219093213005,0.3655555555555556,0.44919923445899185,NaN,NaN,NaN,NaN,4.242857142857143,4.143917191431434,2.1609447407469604,1.0443766167993318,4.9264705882352935,0.2,0.45574410318003383,4.0,11.0,1.66383701188455,0.7731019420784547,0.0851063829787234,0.0
523,2,94.0,339.0,3.606382978723404,0.03877831159917639,0.25,0.043478260869565216,0.2753623188405797,0.6086956521739131,0.2898550724637681,0.463768115942029,0.22340425531914893,0.0,0.14285714285714285,0.5238095238095238,0.5404242402117918,0.40674842836030234,0.3838906421818454,0.4608007342039181,0.0,0.019666666666666676,0.01495183407678744,0.25925925925925924,4.913043478260869,7.798452203962886,2.109783624185637,0.9604079978699416,5.5,0.2463768115942029,0.4580910379575563,5.0,11.0,1.9331770222743259,0.9439646999631757,0.0425531914893617,0.0
524,2,94.0,312.0,3.3191489361702127,0.03568977350720659,0.2391304347826087,0.043478260869565216,0.2571428571428571,0.6285714285714286,0.2571428571428571,0.44285714285714284,0.22340425531914893,0.0,0.14285714285714285,0.47619047619047616,0.5701555122501006,0.4009996109686187,0.37615646258503405,0.4524705230524403,0.0,0.02005012531328323,0.007990671586928271,0.23214285714285715,4.457142857142857,6.156617070064698,2.123361453312271,0.9318119706101676,4.564814814814815,0.24285714285714285,0.42651524299786575,4.0,9.0,1.920654911838791,0.8941460588656209,0.031914893617021274,0.0
525,2,90.0,309.0,3.433333333333333,0.03857677902621723,0.25,0.06818181818181818,0.24242424242424243,0.5909090909090909,0.22727272727272727,0.48484848484848486,0.23333333333333334,0.0,0.14285714285714285,0.5238095238095238,0.5580471858779964,0.3984300565935356,0.38063071188071185,0.4456376112942814,0.0,0.020761904761904808,0.012819477682148582,0.2692307692307692,4.681818181818182,5.8681908912086636,2.1371825229754284,1.0012463361585662,5.666666666666666,0.25757575757575757,0.4213243561583674,6.0,10.0,2.0584415584415585,1.1175221812469065,0.044444444444444446,0.0
526,2,96.0,345.0,3.59375,0.03782894736842105,0.2553191489361702,0.11702127659574468,0.24285714285714285,0.6142857142857143,0.2571428571428571,0.44285714285714284,0.21875,0.0,0.19047619047619047,0.47619047619047616,0.5294493020348408,0.42105035522768536,0.37795351473922906,0.45694020420237386,0.0,0.009424603174603188,0.00865547036793731,0.21428571428571427,4.928571428571429,7.281744950477842,2.1329948914935666,1.061728220126865,6.2,0.21428571428571427,0.45073494682937704,6.0,8.0,1.6435643564356435,0.9208421415044008,0.041666666666666664,0.0
527,2,93.0,284.0,3.053763440860215,0.03319308087891538,0.21978021978021978,0.17582417582417584,0.2535211267605634,0.647887323943662,0.23943661971830985,0.4084507042253521,0.22580645161290322,0.0,0.23809523809523808,0.5238095238095238,0.5086605322398821,0.4142279883625975,0.3555458353988667,0.45397937631302354,0.0,0.048148148148148155,0.011472677221415576,0.25,4.0,4.513471897711181,2.149990266018861,0.9626942584979469,5.636363636363637,0.2112676056338028,0.3373382206611146,6.0,9.0,2.030791788856305,1.1395656825462184,0.053763440860215055,0.0
528,2,98.0,300.0,3.061224489795918,0.031559015358720806,0.25,0.10416666666666667,0.19444444444444445,0.625,0.2777777777777778,0.4444444444444444,0.21428571428571427,0.0,0.14285714285714285,0.47619047619047616,0.5620369713129345,0.42936816055895266,0.3715162274372801,0.4518988732068379,0.0,0.01927083333333334,0.015005869325126516,0.14285714285714285,4.166666666666667,5.917270021474622,2.0522563680692945,0.8583520128019554,4.580645161290322,0.25,0.36943997131495065,4.0,8.0,1.5394990366088632,0.6987858606562704,0.02040816326530612,0.0
529,2,93.0,269.0,2.89247311827957,0.031439925198690974,0.26373626373626374,0.13186813186813187,0.2537313432835821,0.6119402985074627,0.2537313432835821,0.4925373134328358,0.22580645161290322,0.0,0.14285714285714285,0.42857142857142855,0.6009219048406771,0.3899578350113217,0.40687815501248337,0.45456319655065064,0.0,0.015044479330193641,0.013455422055602878,0.2830188679245283,4.014925373134329,4.756152434394312,2.12228629239891,1.0131939831903023,4.727272727272727,0.2835820895522388,0.41528432517322755,5.0,12.0,2.052039381153305,1.0568852342837138,0.07526881720430108,0.0
53,2,98.0,335.0,3.4183673469387754,0.0352409004839049,0.2916666666666667,0.10416666666666667,0.23529411764705882,0.5735294117647058,0.23529411764705882,0.5,0.21428571428571427,0.0,0.14285714285714285,0.47619047619047616,0.5585171048360974,0.4021100409325212,0.4070135864737258,0.4453997102696301,0.0,0.027987644918338012,0.023221396877480666,0.3584905660377358,4.926470588235294,5.3317303524616495,2.068964039399406,0.9740053369528348,4.514285714285714,0.3088235294117647,0.544281640467961,4.0,12.0,1.7262872628726287,0.7519400751805373,0.09183673469387756,0.0
530,2,87.0,269.0,3.0919540229885056,0.0359529537556803,0.23529411764705882,0.18823529411764706,0.24615384615384617,0.6307692307692307,0.23076923076923078,0.4307692307692308,0.2413793103448276,0.0,0.23809523809523808,0.5238095238095238,0.4816678635941456,0.4044748681106982,0.35318399549168783,0.4435923754233032,0.0,1.4802973661668754e-17,0.0007660256410256409,0.14,4.138461538461539,6.410140704083946,2.1695411848182085,1.0545649537476378,5.875,0.26153846153846155,0.3930809951445488,5.0,8.0,1.821875,0.864618155020244,0.0,0.0
531,2,95.0,291.0,3.0631578947368423,0.03258678611422172,0.25806451612903225,0.10752688172043011,0.21739130434782608,0.6376811594202898,0.21739130434782608,0.463768115942029,0.22105263157894736,0.0,0.19047619047619047,0.42857142857142855,0.5466631805074676,0.38516307443782233,0.3840491490033824,0.443328805362328,0.0,0.022154882154882215,0.008873032652102418,0.12962962962962962,4.217391304347826,5.081308207010194,2.1129776546575405,1.0143994380550871,5.159420289855072,0.2753623188405797,0.4821202458955513,5.0,9.0,1.6823308270676691,0.899166709628014,0.031578947368421054,0.0
532,2,94.0,374.0,3.978723404255319,0.04278197208876687,0.22826086956521738,0.08695652173913043,0.18309859154929578,0.6197183098591549,0.19718309859154928,0.4647887323943662,0.22340425531914893,0.0,0.14285714285714285,0.5714285714285714,0.5001963391572616,0.395337904631183,0.35872243130397324,0.4288023871561216,NaN,NaN,NaN,NaN,5.267605633802817,5.8185853618970045,2.131527023563806,0.9191642698178742,4.739130434782609,0.323943661971831,0.46500445886823405,4.0,11.0,1.6228646517739815,0.6735238782340907,0.0851063829787234,0.0
533,2,93.0,318.0,3.4193548387096775,0.03716690042075736,0.24175824175824176,0.06593406593406594,0.2753623188405797,0.6086956521739131,0.2608695652173913,0.463768115942029,0.22580645161290322,0.0,0.14285714285714285,0.5714285714285714,0.5465786952346599,0.40489151485452735,0.3625560146020504,0.44564312256330096,0.0,0.021062271062271067,0.006840774532953676,0.21818181818181817,4.608695652173913,6.322735333476063,2.1496302285907376,0.9743962558075856,4.666666666666666,0.2318840579710145,0.4632458242802169,5.0,10.0,1.9955995599559957,0.8990832324398184,0.03225806451612903,0.0
534,2,95.0,335.0,3.526315789473684,0.037513997760358346,0.26881720430107525,0.0967741935483871,0.19117647058823528,0.6176470588235294,0.25,0.47058823529411764,0.22105263157894736,0.0,0.14285714285714285,0.5714285714285714,0.5644096800074152,0.39546950257005187,0.3840659748747984,0.45075410989483106,0.0,0.02414184064430369,0.028281536800248225,0.37037037037037035,4.926470588235294,6.600127037381158,2.1146504782612,1.016570605417846,5.083333333333334,0.3088235294117647,0.44972645248715215,6.0,11.0,2.198936170212766,1.1444168942611348,0.021052631578947368,0.0
535,2,95.0,240.0,2.526315789473684,0.026875699888017916,0.25806451612903225,0.16129032258064516,0.2608695652173913,0.6231884057971014,0.2608695652173913,0.4492753623188406,0.22105263157894736,0.0,0.14285714285714285,0.47619047619047616,0.5028878919749906,0.40871841580045576,0.3739379084967321,0.4483077077472113,0.0,0.025879240585122913,0.021055796055796053,0.18181818181818182,3.4782608695652173,3.916814040143333,2.0777721736195587,0.9120341814487137,4.5,0.21739130434782608,0.43814743032319786,6.0,8.0,1.8090737240075614,0.9249451725405087,0.021052631578947368,0.0
536,2,96.0,265.0,2.7604166666666665,0.02905701754385965,0.2553191489361702,0.09574468085106383,0.2,0.6428571428571429,0.34285714285714286,0.4714285714285714,0.21875,0.0,0.19047619047619047,0.47619047619047616,0.5505378543812725,0.41881932351708384,0.4006555349412493,0.4649785816002394,0.0,0.04619047619047621,0.02209441641419201,0.2727272727272727,3.7857142857142856,5.745553686422318,2.0914701898640398,0.986527464895634,5.545454545454545,0.2857142857142857,0.4139264018135769,6.0,7.0,2.1048850574712645,1.1235499949204553,0.020833333333333332,0.0
537,2,94.0,281.0,2.9893617021276597,0.03214367421642645,0.2717391304347826,0.08695652173913043,0.2537313432835821,0.582089552238806,0.2537313432835821,0.4626865671641791,0.22340425531914893,0.0,0.09523809523809523,0.5714285714285714,0.5631991137852222,0.424957316688427,0.3966470407701751,0.4580154905199271,0.0,0.01908295785846807,0.01795732900003009,0.22641509433962265,4.1940298507462686,4.7775954582542655,2.061085939458576,0.8969433271880979,4.460526315789474,0.31343283582089554,0.38991820664226684,4.0,8.0,1.7826747720364742,0.7840907563267799,0.0425531914893617,0.0
538,2,92.0,296.0,3.217391304347826,0.035355948399426664,0.2222222222222222,0.16666666666666666,0.22857142857142856,0.6428571428571429,0.2857142857142857,0.44285714285714284,0.22826086956521738,0.0,0.23809523809523808,0.5714285714285714,0.4864901127490853,0.42248796701931435,0.3699215070643642,0.45995523054118814,NaN,NaN,NaN,NaN,4.228571428571429,6.13417943574334,2.121907091707191,0.9182067803559874,5.045454545454545,0.21428571428571427,0.3902055863090391,5.0,9.0,1.65982905982906,0.7667155342468615,0.03260869565217391,0.0
539,2,98.0,313.0,3.193877551020408,0.03292657269093204,0.2604166666666667,0.14583333333333334,0.2112676056338028,0.6197183098591549,0.2112676056338028,0.4507042253521127,0.21428571428571427,0.0,0.09523809523809523,0.5238095238095238,0.53073542485825,0.41073729543748444,0.37164502164502156,0.4411247885712236,NaN,NaN,NaN,NaN,4.408450704225352,5.2333476442323565,2.067768016669247,0.9340421306421866,4.741935483870968,0.29577464788732394,0.39752391048927205,5.0,11.0,1.7596774193548388,0.9228668679891499,0.030612244897959183,0.0
54,2,97.0,296.0,3.051546391752577,0.03178694158075601,0.28421052631578947,0.08421052631578947,0.25,0.6323529411764706,0.2647058823529412,0.5,0.21649484536082475,0.0,0.23809523809523808,0.5238095238095238,0.5555646866179087,0.40384911391852374,0.402271571021571,0.45108398451523374,0.0,0.014236656200941913,0.01125463547837722,0.24074074074074073,4.352941176470588,5.346960933125351,2.1317830587471542,1.1453556098934767,6.153846153846154,0.25,0.49394919287307637,7.0,10.0,2.3633093525179856,1.4060908775918004,0.030927835051546393,0.0
540,2,96.0,356.0,3.7083333333333335,0.03903508771929825,0.24468085106382978,0.0851063829787234,0.19718309859154928,0.6197183098591549,0.2535211267605634,0.4647887323943662,0.21875,0.0,0.14285714285714285,0.47619047619047616,0.531504901582385,0.3999267878293836,0.3625952685811841,0.44574706301537376,0.0,0.025094696969696954,0.009669482548565506,0.32727272727272727,5.014084507042254,6.19099105324244,2.1487902686396407,1.034704990534422,6.083333333333333,0.30985915492957744,0.41333844703920186,6.0,8.0,2.1098790322580645,1.1684652259879007,0.020833333333333332,0.0
541,2,94.0,301.0,3.202127659574468,0.03443148021047815,0.25,0.16304347826086957,0.18840579710144928,0.6086956521739131,0.2463768115942029,0.4492753623188406,0.22340425531914893,0.0,0.19047619047619047,0.42857142857142855,0.5586783852131714,0.42298171433047976,0.374522659305268,0.4502146210040603,0.0,0.03697647733792316,0.019455553915781187,0.2727272727272727,4.36231884057971,5.767482411540924,2.0692032174637935,0.8774818578975165,4.476190476190476,0.2608695652173913,0.36108401491815956,4.0,7.0,1.5060240963855422,0.6839374812740088,0.02127659574468085,0.0
542,2,95.0,295.0,3.1052631578947367,0.03303471444568869,0.23655913978494625,0.15053763440860216,0.28169014084507044,0.6056338028169014,0.2112676056338028,0.4084507042253521,0.22105263157894736,0.0,0.14285714285714285,0.47619047619047616,0.4899510663633425,0.42424699902655066,0.3491415665711441,0.4465846132444804,0.0,0.01693121693121694,0.007807052591383576,0.16071428571428573,4.154929577464789,4.396907638407258,2.121647087862258,0.9345847641577151,4.627450980392156,0.22535211267605634,0.3928586826906484,4.0,9.0,1.5588785046728972,0.678585396720232,0.021052631578947368,0.0
543,2,95.0,351.0,3.694736842105263,0.03930571108622621,0.25806451612903225,0.08602150537634409,0.2028985507246377,0.6376811594202898,0.2463768115942029,0.4927536231884058,0.22105263157894736,0.0,0.23809523809523808,0.5238095238095238,0.5661321669130138,0.3893035323574468,0.38807299044713234,0.4428881210123783,0.0,0.023547880690737853,0.012612261322945956,0.3090909090909091,5.086956521739131,6.703245768753904,2.1041186904903313,0.9910130271946079,5.230769230769231,0.2898550724637681,0.3981845208168838,5.0,12.0,2.1070640176600444,1.1097831107037484,0.031578947368421054,0.0
544,2,99.0,334.0,3.3737373737373737,0.034425891568748715,0.26804123711340205,0.1134020618556701,0.2112676056338028,0.6056338028169014,0.23943661971830985,0.43661971830985913,0.21212121212121213,0.0,0.14285714285714285,0.47619047619047616,0.541949977755188,0.4127609800373997,0.37646051749091036,0.4535910436454389,0.0,0.021841713659147922,0.01847981014307784,0.3090909090909091,4.704225352112676,5.52499351311108,2.111058236826181,1.0189926127592126,4.881889763779528,0.323943661971831,0.46648104947591745,5.0,12.0,1.851063829787234,0.9124958449360338,0.0707070707070707,0.0
545,2,96.0,313.0,3.2604166666666665,0.034320175438596494,0.2553191489361702,0.0851063829787234,0.22857142857142856,0.6142857142857143,0.2,0.4857142857142857,0.21875,0.0,0.09523809523809523,0.47619047619047616,0.5270053537729605,0.3827921757464226,0.37041252864782276,0.43216921716716994,0.0,0.041701680672268905,0.014946641187583215,0.2857142857142857,4.4714285714285715,5.704616560604199,2.1790070988257897,1.145643077849229,6.0,0.2571428571428571,0.44442968193288307,6.0,11.0,2.128205128205128,1.1986189566794276,0.052083333333333336,0.0
546,2,92.0,263.0,2.858695652173913,0.031414237935977064,0.24444444444444444,0.13333333333333333,0.23529411764705882,0.6176470588235294,0.19117647058823528,0.4411764705882353,0.22826086956521738,0.0,0.19047619047619047,0.47619047619047616,0.4976420782593524,0.4043156054157924,0.3635599694423224,0.4426499189988275,0.0,0.012780869923727059,0.008873178433363618,0.1111111111111111,3.8676470588235294,3.893754707774949,2.124951493586798,0.9748407160299793,5.088235294117647,0.2647058823529412,0.397536539746248,5.0,10.0,1.678,0.8412677712392483,0.06521739130434782,0.0
547,2,100.0,284.0,2.84,0.028686868686868688,0.2755102040816326,0.09183673469387756,0.2112676056338028,0.6197183098591549,0.2535211267605634,0.4788732394366197,0.21,0.0,0.19047619047619047,0.5714285714285714,0.5548796173361482,0.4114247853184685,0.3986406107470731,0.4484970189411265,0.0,0.02139829669241434,0.012093874007936508,0.23214285714285715,4.0,4.532422877761644,2.0170687988059948,0.8382884961983259,4.153846153846153,0.28169014084507044,0.44810696323125077,4.0,6.0,1.5989304812834224,0.6664931656074016,0.0,0.0
548,2,97.0,367.0,3.783505154639175,0.03941151202749141,0.2736842105263158,0.07368421052631578,0.2028985507246377,0.6086956521739131,0.2608695652173913,0.4782608695652174,0.21649484536082475,0.0,0.14285714285714285,0.47619047619047616,0.4798583341299033,0.4259896637566501,0.380379136900876,0.45206882009552457,0.0,0.0051948051948051965,0.01467378372859713,0.2962962962962963,5.318840579710145,7.148617212282444,2.093215617961255,0.9953831790537514,4.976190476190476,0.30434782608695654,0.4246255612398125,4.0,11.0,1.775,0.7981466911812781,0.05154639175257732,0.0
549,2,93.0,310.0,3.3333333333333335,0.036231884057971016,0.25274725274725274,0.10989010989010989,0.23529411764705882,0.6176470588235294,0.2647058823529412,0.4852941176470588,0.22580645161290322,0.0,0.14285714285714285,0.5714285714285714,0.5829586111413028,0.3948629806232467,0.4070010978873208,0.45688670791452085,0.0,0.061666666666666654,0.022988452258893996,0.36363636363636365,4.5588235294117645,4.918385710600996,2.120890876202926,0.97144344996951,4.75,0.29411764705882354,0.4080120050095147,5.0,8.0,1.899874843554443,0.8699883238092074,0.03225806451612903,0.0
55,2,99.0,301.0,3.04040404040404,0.031024531024531024,0.25773195876288657,0.13402061855670103,0.2222222222222222,0.6388888888888888,0.3055555555555556,0.4722222222222222,0.21212121212121213,0.0,0.14285714285714285,0.5238095238095238,0.570694220704817,0.4104724764674007,0.388065445357112,0.45922074857073697,0.0,0.023110309829059872,0.012945038155122188,0.26785714285714285,4.180555555555555,5.47292024654472,2.120139445901418,1.0225145491595833,5.909090909090909,0.2638888888888889,0.37193643593962356,6.0,9.0,2.001335113484646,1.0578195367396912,0.04040404040404041,0.0
550,2,97.0,231.0,2.381443298969072,0.024806701030927834,0.25263157894736843,0.17894736842105263,0.23943661971830985,0.6197183098591549,0.28169014084507044,0.4507042253521127,0.21649484536082475,0.0,0.19047619047619047,0.47619047619047616,0.5362821287997346,0.42315591403700786,0.3911636485580148,0.4583015909031879,0.0,0.01718749999999998,0.004987373737373737,0.07272727272727272,3.2535211267605635,3.797436390360343,2.1793885333833787,1.201253885857637,6.857142857142857,0.23943661971830985,0.44627794468532206,7.0,8.0,2.0816326530612246,1.4031331387529007,0.05154639175257732,0.0
551,2,96.0,375.0,3.90625,0.04111842105263158,0.24468085106382978,0.05319148936170213,0.23943661971830985,0.6197183098591549,0.23943661971830985,0.4647887323943662,0.21875,0.0,0.09523809523809523,0.5238095238095238,0.5454242489612093,0.40930844327162735,0.37862828012939204,0.4503020489973422,0.0,0.020684736091298218,0.016675099471281492,0.26785714285714285,5.28169014084507,7.481755138987012,2.0996977807956103,0.8940397146226243,4.272727272727273,0.19718309859154928,0.48184145125798206,5.0,11.0,1.8243243243243243,0.8201208387017265,0.09375,0.0
552,2,95.0,283.0,2.9789473684210526,0.03169092945128779,0.23655913978494625,0.053763440860215055,0.22535211267605634,0.6056338028169014,0.23943661971830985,0.4788732394366197,0.22105263157894736,0.0,0.14285714285714285,0.47619047619047616,0.5566528236321534,0.4119155414385398,0.37287258906977216,0.444860247018203,0.0,0.01593073593073592,0.021581055261610815,0.25,3.9859154929577465,4.676668404343536,2.081641813880778,0.8371500061815959,4.202702702702703,0.23943661971830985,0.4265857645418232,4.0,6.0,1.547486033519553,0.6184946610872072,0.0,0.0
553,2,95.0,338.0,3.557894736842105,0.037849944008958566,0.24731182795698925,0.07526881720430108,0.21428571428571427,0.6142857142857143,0.18571428571428572,0.4714285714285714,0.22105263157894736,0.0,0.09523809523809523,0.47619047619047616,0.5132458059572752,0.38080892704494945,0.35684974600061237,0.4298798768932166,0.0,0.026338383838383866,0.014651810289630515,0.2909090909090909,4.828571428571428,5.992680145052878,2.082698936915248,0.8928946300829429,4.454545454545455,0.3,0.4043813886453746,4.0,11.0,1.7665876777251184,0.7216510762236599,0.031578947368421054,0.0
554,2,95.0,291.0,3.0631578947368423,0.03258678611422172,0.26881720430107525,0.07526881720430108,0.25,0.6029411764705882,0.27941176470588236,0.4852941176470588,0.22105263157894736,0.0,0.19047619047619047,0.5238095238095238,0.5400827712418795,0.41059684918302264,0.3885436867054515,0.45424980720677677,0.0,0.008974358974359019,0.011788558500229874,0.2909090909090909,4.279411764705882,5.693268054584472,2.1095789080525926,1.0262778667889947,6.0,0.25,0.48415773168062004,5.0,10.0,1.837962962962963,0.9352995958623446,0.042105263157894736,0.0
555,2,94.0,301.0,3.202127659574468,0.03443148021047815,0.25,0.16304347826086957,0.2753623188405797,0.6231884057971014,0.15942028985507245,0.43478260869565216,0.22340425531914893,0.0,0.09523809523809523,0.6190476190476191,0.5347990561052496,0.3958870963680557,0.3583333333333333,0.43557172435063374,NaN,NaN,NaN,NaN,4.36231884057971,4.365543610421589,2.14500778844789,1.0113690605295045,4.875,0.2028985507246377,0.41600442207435795,5.0,10.0,1.7294117647058824,0.8679044134610274,0.07446808510638298,0.0
556,2,97.0,333.0,3.4329896907216493,0.03576030927835051,0.2631578947368421,0.08421052631578947,0.24285714285714285,0.5857142857142857,0.17142857142857143,0.45714285714285713,0.21649484536082475,0.0,0.09523809523809523,0.5238095238095238,0.4766262139847076,0.4010436968455023,0.34829231155318113,0.4223554424847852,0.0,0.031889366671975415,0.02111489441497991,0.21818181818181817,4.757142857142857,5.832034756376708,2.1110788787957175,0.9649296116264932,4.75,0.3,0.4786945325853561,5.0,11.0,1.7251700680272108,0.7604712737710223,0.07216494845360824,0.0
557,2,98.0,385.0,3.9285714285714284,0.04050073637702504,0.25,0.020833333333333332,0.20833333333333334,0.6388888888888888,0.19444444444444445,0.4583333333333333,0.21428571428571427,0.0,0.19047619047619047,0.5238095238095238,0.5416589136129193,0.4091354910602267,0.36573812114806736,0.44063897772143434,0.0,0.012059369202226368,0.009449663143222023,0.26785714285714285,5.347222222222222,7.640071753630722,2.0992324133066447,0.9415562626677092,4.488549618320611,0.2777777777777778,0.44359778515448695,4.0,11.0,1.9038076152304608,0.8573041714521693,0.061224489795918366,0.0
558,2,92.0,318.0,3.4565217391304346,0.03798375537505972,0.25555555555555554,0.1111111111111111,0.208955223880597,0.5970149253731343,0.2537313432835821,0.4925373134328358,0.22826086956521738,0.0,0.19047619047619047,0.47619047619047616,0.5368307456238355,0.39934237727244876,0.4101457000710732,0.4476616140517637,0.0,0.012857142857142836,0.012477203030616028,0.2641509433962264,4.746268656716418,5.416985865416664,2.101145330895241,0.9517027945826382,5.166666666666666,0.3582089552238806,0.47692842203469066,5.0,10.0,1.643312101910828,0.7451083549731263,0.043478260869565216,0.0
559,2,97.0,324.0,3.3402061855670104,0.03479381443298969,0.25263157894736843,0.15789473684210525,0.19718309859154928,0.6338028169014085,0.2112676056338028,0.4788732394366197,0.21649484536082475,0.0,0.23809523809523808,0.5238095238095238,0.5252520327468863,0.40577268819987605,0.3793234211470372,0.4379599305777055,0.0,0.009404761904761938,0.020650758239701278,0.25,4.563380281690141,6.341996968882903,2.058712422038715,0.8945979511556791,5.083333333333334,0.2676056338028169,0.39789881831475943,5.0,8.0,1.79,0.8983612484747363,0.020618556701030927,0.0
56,2,92.0,343.0,3.7282608695652173,0.04096989966555184,0.24444444444444444,0.022222222222222223,0.20588235294117646,0.6029411764705882,0.23529411764705882,0.5147058823529411,0.21739130434782608,0.0,0.15,0.5,0.5352660726536325,0.40313453578002284,0.3944787190894457,0.441598644926614,0.0,0.03814321609460507,0.018694835484051174,0.24074074074074073,5.044117647058823,6.743562598750456,2.0587519139308026,0.8334970686886188,4.416666666666666,0.2647058823529412,0.4257930522699259,4.0,7.0,1.6376811594202898,0.7121384727944888,0.05434782608695652,0.0
560,2,100.0,341.0,3.41,0.034444444444444444,0.2755102040816326,0.16326530612244897,0.2112676056338028,0.6056338028169014,0.22535211267605634,0.4647887323943662,0.21,0.0,0.09523809523809523,0.5238095238095238,0.5321928665307254,0.41191806353611254,0.38230687544067826,0.4439188640699452,0.0,0.02758841675356276,0.017962964671061264,0.2545454545454545,4.802816901408451,6.020488158446619,2.0616927125745077,0.9170348442487702,4.777777777777778,0.2535211267605634,0.41795794232036065,5.0,6.0,1.6931297709923665,0.8489236610062821,0.04,0.0
561,2,97.0,360.0,3.711340206185567,0.03865979381443299,0.25263157894736843,0.15789473684210525,0.2112676056338028,0.6197183098591549,0.23943661971830985,0.4788732394366197,0.21649484536082475,0.0,0.14285714285714285,0.5238095238095238,0.5491341014049107,0.402486957006542,0.38258396533044425,0.4452258292037521,0.0,0.02075023741690411,0.016315560179214515,0.3392857142857143,5.070422535211268,6.540694466540063,2.0755335487695272,0.8911586308261612,4.565217391304348,0.28169014084507044,0.34518249380586374,4.0,7.0,1.6921086675291073,0.734707533077297,0.0,0.0
562,2,99.0,353.0,3.5656565656565657,0.03638425066996496,0.26804123711340205,0.07216494845360824,0.18309859154929578,0.6056338028169014,0.2676056338028169,0.4788732394366197,0.21212121212121213,0.0,0.09523809523809523,0.5238095238095238,0.551876314919417,0.406280338346541,0.3872066169524835,0.44994517572315457,0.0,0.036938676489518735,0.024578362293842932,0.26785714285714285,4.971830985915493,5.671915350430993,2.064620882294832,0.9007944990614697,4.404255319148936,0.323943661971831,0.4808430786002255,5.0,10.0,1.7099143206854346,0.7159335859650697,0.08080808080808081,0.0
563,2,93.0,274.0,2.946236559139785,0.032024310425432446,0.26373626373626374,0.07692307692307693,0.23880597014925373,0.6268656716417911,0.26865671641791045,0.4925373134328358,0.22580645161290322,0.0,0.19047619047619047,0.47619047619047616,0.6104260183051784,0.4095081935844554,0.40747650635710336,0.459775738056298,0.0,0.03968253968253968,0.01345759703058178,0.2037037037037037,4.08955223880597,4.382234601148424,2.07368201990557,0.9304441787592795,4.409090909090909,0.2537313432835821,0.3854744810448755,4.0,9.0,1.8011283497884345,0.7373788297664984,0.021505376344086023,0.0
564,2,96.0,292.0,3.0416666666666665,0.032017543859649125,0.2765957446808511,0.13829787234042554,0.2647058823529412,0.6470588235294118,0.25,0.45588235294117646,0.21875,0.0,0.19047619047619047,0.47619047619047616,0.5359396588878225,0.40630783695743233,0.38910560436295727,0.45306591432161525,0.0,0.0428062678062678,0.011969361656861655,0.2727272727272727,4.294117647058823,5.226393475626573,2.0813191614132696,1.0160933632852414,5.421052631578947,0.23529411764705882,0.4057023904228721,8.0,10.0,2.1923601637107777,1.402513949414269,0.052083333333333336,0.0
565,2,95.0,317.0,3.336842105263158,0.035498320268756996,0.25806451612903225,0.10752688172043011,0.2463768115942029,0.6086956521739131,0.21739130434782608,0.43478260869565216,0.22105263157894736,0.0,0.09523809523809523,0.5238095238095238,0.5160710750465457,0.4047399386361495,0.3543610193505004,0.44389407732475167,0.0,0.036838942307692336,0.013157514257221004,0.21818181818181817,4.594202898550725,5.961441891758653,2.146274442343227,1.0676625540644566,5.833333333333334,0.2753623188405797,0.41026662625538196,6.0,8.0,1.8948905109489051,1.0571616782772697,0.021052631578947368,0.0
566,2,92.0,299.0,3.25,0.03571428571428571,0.24444444444444444,0.1,0.23529411764705882,0.6029411764705882,0.2647058823529412,0.47058823529411764,0.22826086956521738,0.0,0.14285714285714285,0.5238095238095238,0.5451414326252386,0.4038939212258418,0.3876517273576097,0.4529395532135089,0.0,0.06166904083570753,0.018802394890463075,0.32727272727272727,4.397058823529412,5.826188190601901,2.1723791252703033,1.0736472631665868,6.0,0.22058823529411764,0.4300378512182363,6.0,8.0,2.2017994858611827,1.275104397128956,0.021739130434782608,0.0
567,2,98.0,325.0,3.316326530612245,0.034188933305280875,0.2604166666666667,0.08333333333333333,0.22535211267605634,0.647887323943662,0.22535211267605634,0.4647887323943662,0.21428571428571427,0.0,0.14285714285714285,0.5238095238095238,0.5438131216040336,0.4082670360738723,0.3753958091986261,0.4451255537002327,0.0,0.02134199134199133,0.016063313790586516,0.3090909090909091,4.577464788732394,5.661049806304193,2.02826342347909,0.8506079789766676,4.336734693877551,0.23943661971830985,0.39362257128456424,4.0,9.0,1.8468137254901962,0.8168859887606504,0.05102040816326531,0.0
568,2,94.0,311.0,3.3085106382978724,0.035575383207504,0.2717391304347826,0.09782608695652174,0.26865671641791045,0.6119402985074627,0.22388059701492538,0.43283582089552236,0.22340425531914893,0.0,0.14285714285714285,0.5238095238095238,0.5159645535941115,0.406464537356792,0.37230514096185735,0.45067522452812186,0.0,0.04837962962962962,0.009837563284978906,0.3018867924528302,4.641791044776119,5.6211222122787134,2.054864104325986,0.9135008330353013,4.430555555555555,0.2537313432835821,0.423178364476468,4.0,12.0,1.768,0.7485027333210293,0.07446808510638298,0.0
569,2,97.0,319.0,3.288659793814433,0.03425687285223368,0.2736842105263158,0.11578947368421053,0.2318840579710145,0.6231884057971014,0.2463768115942029,0.4782608695652174,0.21649484536082475,0.0,0.09523809523809523,0.5238095238095238,0.5139537573397702,0.43874355875459675,0.40011203668286416,0.45362980399690517,0.0,0.026579520697167815,0.011331818288099855,0.24074074074074073,4.6231884057971016,5.823637051542523,2.114412407671423,1.0395310501325674,5.5,0.2318840579710145,0.5564338907286862,5.0,10.0,1.6996699669966997,0.8863892154755748,0.061855670103092786,0.0
57,2,93.0,250.0,2.6881720430107525,0.0292192613370734,0.27472527472527475,0.13186813186813187,0.25757575757575757,0.6212121212121212,0.21212121212121213,0.4696969696969697,0.0,0.0,NaN,NaN,0.5374266778981914,0.401082056558369,0.38268231768231764,0.44275828284985225,0.0,0.007222222222222256,0.00924903294651194,0.2549019607843137,3.787878787878788,4.291369340414645,2.073621824555985,0.9652903858705543,4.818181818181818,0.24242424242424243,0.430689333601145,4.0,9.0,2.0,0.9195004347811273,0.021505376344086023,0.0
570,2,95.0,357.0,3.7578947368421054,0.039977603583426655,0.23655913978494625,0.06451612903225806,0.23943661971830985,0.6056338028169014,0.18309859154929578,0.4507042253521127,0.22105263157894736,0.0,0.09523809523809523,0.5714285714285714,0.5020060702865189,0.4040846201480846,0.34905530667376883,0.43659009733399057,0.0,0.01747685185185183,0.02107097817498212,0.26785714285714285,5.028169014084507,5.796481274965542,2.1377801150977453,0.9308911264632024,4.416666666666666,0.2535211267605634,0.48260397713811365,4.0,10.0,1.82648401826484,0.8096740584254565,0.042105263157894736,0.0
571,2,94.0,267.0,2.8404255319148937,0.030542210020590255,0.25,0.17391304347826086,0.2463768115942029,0.6086956521739131,0.2463768115942029,0.4492753623188406,0.22340425531914893,0.0,0.14285714285714285,0.47619047619047616,0.5132479513544547,0.4098062008908631,0.35860154338415207,0.447819685966334,0.0,0.01542207792207802,0.020896067517916252,0.2545454545454545,3.869565217391304,4.115655345850915,2.178108324740494,1.0773309197316534,5.4,0.2318840579710145,0.4538904935482052,5.0,9.0,1.9586776859504131,1.0341574794484985,0.07446808510638298,0.0
572,2,94.0,306.0,3.25531914893617,0.035003431708991076,0.2717391304347826,0.11956521739130435,0.26865671641791045,0.582089552238806,0.29850746268656714,0.44776119402985076,0.22340425531914893,0.0,0.19047619047619047,0.42857142857142855,0.5856149174141763,0.40129480322759103,0.3992687124601084,0.4655333972313773,0.0,0.01708892512228775,0.011405238131921385,0.2641509433962264,4.567164179104478,5.797658567609531,2.129346507972413,1.0212619776322118,5.090909090909091,0.29850746268656714,0.4534520394891815,5.0,9.0,1.9027962716378162,0.9106072170660341,0.05319148936170213,0.0
573,2,94.0,360.0,3.8297872340425534,0.04118050789293068,0.25,0.03260869565217391,0.2318840579710145,0.6086956521739131,0.2028985507246377,0.463768115942029,0.22340425531914893,0.0,0.09523809523809523,0.5238095238095238,0.5560544033885297,0.38992755150865266,0.373686136729615,0.4395208358819619,0.0,0.01230158730158731,0.013277880634781861,0.25925925925925924,5.217391304347826,6.957580641914746,2.104692200462622,0.9271784015725287,4.65625,0.2608695652173913,0.41561060376503284,4.0,9.0,1.6423357664233578,0.750606248906346,0.0425531914893617,0.0
574,2,92.0,264.0,2.869565217391304,0.03153368370759675,0.2111111111111111,0.15555555555555556,0.2676056338028169,0.6338028169014085,0.2535211267605634,0.4225352112676056,0.22826086956521738,0.0,0.14285714285714285,0.47619047619047616,0.4867580007867995,0.4075539209135805,0.35774647887323935,0.4528461618173416,0.0,0.01111111111111113,0.010651401402142732,0.26785714285714285,3.7183098591549295,4.1306626884160895,2.2100060810633617,1.0459128927030428,5.318181818181818,0.23943661971830985,0.38091732476641,5.0,10.0,1.8468013468013469,0.9228766911752302,0.05434782608695652,0.0
575,2,100.0,335.0,3.35,0.03383838383838384,0.2755102040816326,0.061224489795918366,0.19718309859154928,0.6197183098591549,0.2676056338028169,0.4507042253521127,0.21,0.0,0.19047619047619047,0.5238095238095238,0.5419005045509314,0.4176369716878988,0.36994275183674735,0.45168212949770276,0.0,0.026933517368299985,0.010329844375897004,0.19642857142857142,4.71830985915493,6.8184269207819685,2.0578866750296614,0.9314495384221153,5.083333333333334,0.28169014084507044,0.4336322972461733,5.0,8.0,1.9312977099236641,0.986720797205603,0.0,0.0
576,2,96.0,326.0,3.3958333333333335,0.03574561403508772,0.2765957446808511,0.0851063829787234,0.23529411764705882,0.5882352941176471,0.25,0.4852941176470588,0.21875,0.0,0.14285714285714285,0.47619047619047616,0.558993645430772,0.39311261794398683,0.3929279320423822,0.44991164788233484,0.0,0.011404561824729835,0.02599343771993466,0.3148148148148148,4.794117647058823,6.043520826964411,2.0716002279520818,0.93691511495545,4.5,0.3088235294117647,0.4306062787000868,4.0,10.0,1.8926342072409488,0.8808848831024413,0.041666666666666664,0.0
577,2,93.0,321.0,3.4516129032258065,0.03751753155680224,0.23076923076923078,0.08791208791208792,0.21428571428571427,0.6,0.2714285714285714,0.4714285714285714,0.22580645161290322,0.0,0.14285714285714285,0.6190476190476191,0.5431911367785981,0.4042399318966842,0.37025271512113617,0.45308411800823073,0.0,0.026482873851294907,0.011533461869596322,0.2545454545454545,4.585714285714285,5.834661191665895,2.1432865051639043,0.9228953573210079,4.333333333333334,0.3142857142857143,0.48085633974817865,5.0,11.0,1.869815668202765,0.8096086531703146,0.07526881720430108,0.0
578,2,93.0,287.0,3.086021505376344,0.03354371201496026,0.21978021978021978,0.10989010989010989,0.2676056338028169,0.6338028169014085,0.23943661971830985,0.4647887323943662,0.22580645161290322,0.0,0.19047619047619047,0.47619047619047616,0.5216249404628794,0.3976985819160826,0.3610101732136573,0.4415821631684092,0.0,0.016031746031746032,0.011067540487452445,0.25,4.042253521126761,4.728142551991397,2.1809474922733214,0.9973079519751179,4.894736842105264,0.2535211267605634,0.4546818332076342,5.0,11.0,1.8365921787709498,0.824350801927216,0.053763440860215055,0.0
579,2,94.0,313.0,3.3297872340425534,0.03580416380690917,0.2717391304347826,0.07608695652173914,0.23880597014925373,0.5970149253731343,0.2835820895522388,0.5074626865671642,0.22340425531914893,0.0,0.19047619047619047,0.5238095238095238,0.6369906525754395,0.3858934620715321,0.4121455244589573,0.4539793900090836,0.0,0.028266759648801945,0.018368209410944223,0.3333333333333333,4.6716417910447765,6.086219057444179,2.146200962752713,1.0753951218528521,5.5,0.31343283582089554,0.5861432732473782,5.0,10.0,1.964244521337947,0.9180582356114408,0.0851063829787234,0.0
58,2,90.0,233.0,2.588888888888889,0.029088639200998752,0.26136363636363635,0.20454545454545456,0.2923076923076923,0.6,0.24615384615384617,0.4307692307692308,0.23333333333333334,0.0,0.14285714285714285,0.42857142857142855,0.5864636203417827,0.4082643817671986,0.3748473748473749,0.45233408089376065,0.0,0.0261904761904762,0.016267500475556404,0.18,3.5846153846153848,4.443718557175356,2.1349632105224208,1.0550305453736681,5.0,0.2153846153846154,0.5140697809790049,4.0,11.0,1.6466512702078522,0.8149892698989762,0.044444444444444446,0.0
580,2,98.0,363.0,3.704081632653061,0.03818640858405218,0.2708333333333333,0.125,0.22857142857142856,0.6142857142857143,0.18571428571428572,0.45714285714285713,0.21428571428571427,0.0,0.09523809523809523,0.5238095238095238,0.5476785605980284,0.3866243165643596,0.3687284144427002,0.43407782458701866,0.0,0.022751322751322745,0.012225539535427305,0.30357142857142855,5.185714285714286,6.129739472778658,2.1052298475579767,1.017536892513057,5.289473684210526,0.2714285714285714,0.3556173369235169,7.0,8.0,1.9282115869017633,1.1030783822301597,0.02040816326530612,0.0
581,2,93.0,238.0,2.5591397849462365,0.027816736792893877,0.26373626373626374,0.15384615384615385,0.2537313432835821,0.582089552238806,0.2537313432835821,0.44776119402985076,0.22580645161290322,0.0,0.09523809523809523,0.5238095238095238,0.49262794836368257,0.4345183233620912,0.3784588959962094,0.45189453654781425,NaN,NaN,NaN,NaN,3.5522388059701493,4.513560652111532,2.11328869421292,0.971742992883203,5.043478260869565,0.19402985074626866,0.39270331582897705,5.0,7.0,1.6704545454545454,0.8659805680098345,0.0,0.0
582,2,96.0,327.0,3.40625,0.03585526315789474,0.26595744680851063,0.06382978723404255,0.2463768115942029,0.6231884057971014,0.2318840579710145,0.463768115942029,0.21875,0.0,0.14285714285714285,0.5238095238095238,0.5594735479739733,0.3836928841225923,0.37750370846322867,0.43878980134980583,0.0,0.014293981481481508,0.016971180429124356,0.16363636363636364,4.739130434782608,5.895292673254213,2.0960220037534296,0.9668232011556673,4.657894736842105,0.2753623188405797,0.5374476093420057,5.0,11.0,1.8489304812834224,0.9095132672920303,0.0625,0.0
583,2,101.0,395.0,3.910891089108911,0.03910891089108911,0.2727272727272727,0.050505050505050504,0.2222222222222222,0.6388888888888888,0.2222222222222222,0.4444444444444444,0.2079207920792079,0.0,0.14285714285714285,0.5238095238095238,0.5302736234485272,0.40381209908722543,0.365269416733555,0.44170980056275,0.0,0.013560340802987875,0.015484668194451453,0.3392857142857143,5.486111111111111,6.371134410575663,2.070328175152239,0.9454210861909438,4.545454545454545,0.2916666666666667,0.4523591942423345,5.0,12.0,1.943952802359882,0.9525170290779978,0.04950495049504951,0.0
584,2,98.0,340.0,3.4693877551020407,0.03576688407321692,0.2604166666666667,0.11458333333333333,0.18309859154929578,0.6197183098591549,0.2676056338028169,0.49295774647887325,0.21428571428571427,0.0,0.19047619047619047,0.5238095238095238,0.5776227445947617,0.406544775673197,0.3885007011767575,0.4471032939156602,0.0,0.012808226015773198,0.012118602405076864,0.2857142857142857,4.788732394366197,5.828294268866925,2.0825736435425184,0.9327874963195378,5.0,0.29577464788732394,0.43810075414882793,4.0,9.0,1.849931787175989,0.9419579775161029,0.05102040816326531,0.0
585,2,95.0,302.0,3.1789473684210527,0.03381858902575588,0.24731182795698925,0.10752688172043011,0.21428571428571427,0.6571428571428571,0.24285714285714285,0.4714285714285714,0.22105263157894736,0.0,0.2857142857142857,0.47619047619047616,0.5416985602638521,0.39865900763517503,0.3891604823747681,0.4518721379227489,0.0,0.011928811928811936,0.018917615913828036,0.34545454545454546,4.314285714285714,4.704431636088842,2.122884746197103,1.0150531329303574,5.190476190476191,0.2571428571428571,0.3932484633980513,5.0,10.0,1.853030303030303,0.9611133681912042,0.021052631578947368,0.0
586,2,98.0,369.0,3.7653061224489797,0.03881758889122659,0.25,0.10416666666666667,0.25,0.6111111111111112,0.2361111111111111,0.4583333333333333,0.21428571428571427,0.0,0.09523809523809523,0.5238095238095238,0.5476216259006194,0.4044005383453964,0.37045388618853525,0.4485762994569788,0.0,0.012442635489510502,0.022601844603649168,0.2857142857142857,5.125,5.767655075541752,2.1312516886502535,0.9916235902407956,4.951612903225806,0.25,0.4339568506268679,4.0,11.0,1.7951388888888888,0.8075107906990487,0.05102040816326531,0.0
587,2,95.0,302.0,3.1789473684210527,0.03381858902575588,0.25806451612903225,0.053763440860215055,0.2463768115942029,0.6231884057971014,0.21739130434782608,0.4782608695652174,0.22105263157894736,0.0,0.19047619047619047,0.5238095238095238,0.5053702375563924,0.4082377260955762,0.37697785306480963,0.4419739027972854,0.0,0.01631393298059965,0.006797883873623039,0.16666666666666666,4.3768115942028984,5.352573458229784,2.131891083933365,1.0302096805545151,5.1521739130434785,0.2608695652173913,0.4563801017078392,4.0,11.0,1.782472613458529,0.8662639969065876,0.07368421052631578,0.0
588,2,97.0,303.0,3.1237113402061856,0.032538659793814435,0.2631578947368421,0.12631578947368421,0.21428571428571427,0.6142857142857143,0.2857142857142857,0.4857142857142857,0.21649484536082475,0.0,0.19047619047619047,0.47619047619047616,0.5561724130297933,0.41678262539433264,0.398383917669632,0.4571791503141021,0.0,0.025654158993247446,0.009166627989727408,0.24074074074074073,4.328571428571428,4.580112740120632,2.0976686262401194,0.9454683342902118,4.385964912280702,0.2857142857142857,0.5053325841564463,4.0,11.0,1.7329376854599408,0.7473865146976103,0.061855670103092786,0.0
589,2,96.0,309.0,3.21875,0.03388157894736842,0.26595744680851063,0.0425531914893617,0.2753623188405797,0.6086956521739131,0.2318840579710145,0.42028985507246375,0.21875,0.0,0.09523809523809523,0.5238095238095238,0.46881280851131263,0.4242420031319535,0.3624882120837632,0.45056833975413074,0.0,0.009848484848484818,0.008783404634994343,0.2222222222222222,4.478260869565218,6.28164622403136,2.102640577908817,0.9574691476253026,4.84,0.2028985507246377,0.45092240068556644,4.0,9.0,1.5916515426497277,0.7496927820431623,0.041666666666666664,0.0
59,2,91.0,294.0,3.230769230769231,0.035897435897435895,0.23595505617977527,0.10112359550561797,0.25,0.6029411764705882,0.25,0.47058823529411764,0.23076923076923078,0.0,0.14285714285714285,0.5238095238095238,0.5458035259846904,0.3975189146374841,0.3710695062338661,0.43904937319038223,0.0,0.03714102564102565,0.004758266943140892,0.12727272727272726,4.323529411764706,5.138212641412942,2.2323237688076643,1.1287011450447868,6.0,0.27941176470588236,0.5623674128685135,5.0,11.0,2.1788819875776397,1.159130417859865,0.08791208791208792,0.0
590,2,94.0,315.0,3.351063829787234,0.03603294440631435,0.25,0.11956521739130435,0.2318840579710145,0.5942028985507246,0.2028985507246377,0.4927536231884058,0.22340425531914893,0.0,0.14285714285714285,0.5238095238095238,0.5145720953096543,0.3813112548117457,0.36829378351117475,0.43124825496483904,NaN,NaN,NaN,NaN,4.565217391304348,4.226938333195112,2.1251460017977184,0.9560315104907287,4.531914893617021,0.3188405797101449,0.4768223524120628,5.0,12.0,1.710948905109489,0.7673603680931139,0.07446808510638298,0.0
591,2,91.0,248.0,2.7252747252747254,0.03028083028083028,0.23595505617977527,0.1348314606741573,0.2647058823529412,0.6176470588235294,0.20588235294117646,0.45588235294117646,0.23076923076923078,0.0,0.14285714285714285,0.47619047619047616,0.560828252134187,0.3926835079166975,0.36648459383753496,0.44289926341647345,0.0,0.09226190476190478,0.0037632275132275135,0.16666666666666666,3.6470588235294117,4.010302798268677,2.215653533971641,1.165420578272045,6.6,0.20588235294117646,0.5133236806322695,6.0,10.0,2.375182481751825,1.406219529723056,0.02197802197802198,0.0
592,2,95.0,374.0,3.9368421052631577,0.04188129899216125,0.25806451612903225,0.07526881720430108,0.21739130434782608,0.5942028985507246,0.2608695652173913,0.4782608695652174,0.22105263157894736,0.0,0.09523809523809523,0.5714285714285714,0.5924742428903378,0.3989497900562806,0.4006341685689512,0.45422371485039387,0.0,0.024198250728863033,0.030634900613699438,0.3090909090909091,5.420289855072464,6.809175896196011,2.0935373095325485,0.9361990389734945,4.5600000000000005,0.3333333333333333,0.4308800755181733,4.0,11.0,1.8313384113166484,0.8036256714264964,0.07368421052631578,0.0
593,2,92.0,330.0,3.5869565217391304,0.039417104634495936,0.23333333333333334,0.14444444444444443,0.2028985507246377,0.6231884057971014,0.2318840579710145,0.4782608695652174,0.22826086956521738,0.0,0.14285714285714285,0.5238095238095238,0.5659285899618228,0.393018069560248,0.3875212052322027,0.45160034699032864,0.0,0.011595022624434365,0.016919370562077648,0.30357142857142855,4.782608695652174,5.893340122588508,2.135614035506418,0.9435506743571896,4.77027027027027,0.2898550724637681,0.39165840546089653,5.0,9.0,1.742603550295858,0.8337448030835681,0.03260869565217391,0.0
594,2,95.0,323.0,3.4,0.036170212765957444,0.26881720430107525,0.0967741935483871,0.20588235294117646,0.6470588235294118,0.23529411764705882,0.4852941176470588,0.22105263157894736,0.0,0.23809523809523808,0.5714285714285714,0.5591988175462518,0.414442125589451,0.39319879466938296,0.4476447825656073,0.0,0.020894982454871,0.016827784557297373,0.18867924528301888,4.75,5.620790298711521,2.0479531859788658,0.9120069985192357,4.538461538461538,0.2647058823529412,0.4518972567380859,4.0,9.0,1.7122302158273381,0.7652823810312191,0.07368421052631578,0.0
595,2,99.0,341.0,3.4444444444444446,0.035147392290249435,0.26804123711340205,0.10309278350515463,0.2112676056338028,0.6056338028169014,0.2676056338028169,0.4647887323943662,0.21212121212121213,0.0,0.14285714285714285,0.47619047619047616,0.583113716888763,0.4054940519080507,0.3908797774994958,0.4581838145981659,0.0,0.018383838383838405,0.014000608280071823,0.2857142857142857,4.802816901408451,5.693654910286058,2.0982714399917546,0.9887571906184409,4.75,0.30985915492957744,0.4350229738497349,4.0,11.0,1.7804568527918783,0.8026473315994738,0.0707070707070707,0.0
596,2,98.0,324.0,3.306122448979592,0.03408373658741847,0.2604166666666667,0.09375,0.2112676056338028,0.6338028169014085,0.2676056338028169,0.4788732394366197,0.21428571428571427,0.0,0.19047619047619047,0.5238095238095238,0.5539520778530571,0.41416903547079015,0.3831753593456162,0.4472958723440845,0.0,0.01215616681455195,0.017286256036714704,0.2727272727272727,4.563380281690141,5.200913091168833,2.0783512338927084,0.9430578172703278,4.788461538461538,0.28169014084507044,0.46333401189477863,4.0,12.0,1.8623188405797102,0.8231125842015555,0.08163265306122448,0.0
597,2,95.0,301.0,3.168421052631579,0.033706606942889135,0.25806451612903225,0.053763440860215055,0.2608695652173913,0.6086956521739131,0.2608695652173913,0.43478260869565216,0.22105263157894736,0.0,0.14285714285714285,0.6190476190476191,0.5306954821554194,0.41337754613178923,0.3739641397250093,0.4536834321467959,0.0,0.027976190476190457,0.004900568181818182,0.14545454545454545,4.36231884057971,5.818254777985543,2.110605341245702,0.9583193111106563,5.142857142857142,0.2898550724637681,0.4567273099931595,5.0,8.0,1.822857142857143,0.8625363384887446,0.0,0.0
598,2,90.0,316.0,3.511111111111111,0.03945068664169788,0.2159090909090909,0.09090909090909091,0.2318840579710145,0.6231884057971014,0.2753623188405797,0.4782608695652174,0.23333333333333334,0.0,0.19047619047619047,0.5714285714285714,0.5418957366078452,0.4020937382670053,0.37925114241611846,0.4555294374551387,0.0,0.06931530008453089,0.016564504401713708,0.32727272727272727,4.579710144927536,6.994547870645288,2.268209778035167,1.2257949722918917,6.666666666666667,0.2463768115942029,0.46688202749114893,7.0,11.0,2.3772727272727274,1.5102024872128592,0.022222222222222223,0.0
599,2,96.0,331.0,3.4479166666666665,0.03629385964912281,0.26595744680851063,0.0851063829787234,0.2028985507246377,0.6086956521739131,0.3188405797101449,0.4782608695652174,0.21875,0.0,0.19047619047619047,0.5238095238095238,0.5688338524918712,0.4147146796610609,0.4131162315944924,0.4654831685286301,0.0,0.05437654208825055,0.025340776918554693,0.3090909090909091,4.797101449275362,6.276894394488144,2.056015458562728,0.8881322250498275,4.5,0.30434782608695654,0.44632956636826876,4.0,10.0,1.7306122448979593,0.7659842775630816,0.020833333333333332,0.0
6,2,97.0,297.0,3.0618556701030926,0.031894329896907214,0.2631578947368421,0.11578947368421053,0.22857142857142856,0.6,0.2857142857142857,0.4857142857142857,0.20618556701030927,0.0,0.15,0.5,0.5444107150790403,0.4133350060980446,0.392107535321821,0.4544697113520147,0.0,0.013888888888888944,0.014120684510294898,0.2545454545454545,4.242857142857143,4.816745290825265,2.0856890488879904,0.9219273834582637,4.423076923076923,0.3,0.44367942173723973,5.0,10.0,1.8154681139755766,0.794772034157026,0.020618556701030927,0.0
60,2,99.0,388.0,3.919191919191919,0.039991754277468566,0.26804123711340205,0.1134020618556701,0.19718309859154928,0.6056338028169014,0.23943661971830985,0.4788732394366197,0.21212121212121213,0.0,0.14285714285714285,0.5238095238095238,0.5409641235984676,0.39870240747781166,0.3825437473324797,0.4439492784088913,0.0,0.038182550139071875,0.008704727454727454,0.16363636363636364,5.464788732394366,6.754534954734362,2.0619456456274747,0.8990687225007451,4.464285714285714,0.29577464788732394,0.38894528099608455,5.0,9.0,1.6488946684005201,0.768183701028748,0.030303030303030304,0.0
600,2,93.0,261.0,2.806451612903226,0.030504908835904627,0.25274725274725274,0.16483516483516483,0.19117647058823528,0.6176470588235294,0.3382352941176471,0.47058823529411764,0.22580645161290322,0.0,0.14285714285714285,0.42857142857142855,0.6054353452489419,0.42542472319609886,0.4228079110432052,0.47313496021503076,0.0,0.019537037037037026,0.023692230690367112,0.2830188679245283,3.838235294117647,4.93119916425424,2.113251453317189,1.0215969228706256,5.454545454545455,0.3088235294117647,0.4163412159583539,5.0,11.0,1.9399293286219081,1.0824076712025517,0.07526881720430108,0.0
601,2,98.0,350.0,3.5714285714285716,0.036818851251840944,0.2708333333333333,0.052083333333333336,0.22857142857142856,0.6285714285714286,0.21428571428571427,0.4714285714285714,0.21428571428571427,0.0,0.19047619047619047,0.5238095238095238,0.5042093248070066,0.3994779032016221,0.36661121566221544,0.44396436683484425,0.0,0.030055633364456904,0.00966338259441708,0.21428571428571427,5.0,5.529892417120566,2.086666962473172,0.9942686674337342,5.4,0.2571428571428571,0.4207943641452868,5.0,7.0,1.915544675642595,0.9834242538263416,0.030612244897959183,0.0
602,2,94.0,303.0,3.223404255319149,0.034660260809883325,0.25,0.09782608695652174,0.2608695652173913,0.5942028985507246,0.2753623188405797,0.4492753623188406,0.22340425531914893,0.0,0.14285714285714285,0.5238095238095238,0.5002714335515538,0.4247892741591309,0.3736248989872178,0.4566475812735185,0.0,0.022278364722094712,0.005551046176046176,0.18181818181818182,4.391304347826087,5.168392033779342,2.147064741396317,1.001047029753855,4.82,0.2753623188405797,0.4687295922274908,5.0,11.0,1.859353023909986,0.8990881941346982,0.07446808510638298,0.0
603,2,95.0,332.0,3.4947368421052634,0.03717805151175812,0.27956989247311825,0.11827956989247312,0.19402985074626866,0.6119402985074627,0.208955223880597,0.47761194029850745,0.22105263157894736,0.0,0.09523809523809523,0.5238095238095238,0.5389156885692132,0.3926875612923819,0.3928383293615954,0.4407490585906779,0.0,0.019464452447645775,0.008973390523115365,0.18867924528301888,4.955223880597015,5.772014080026757,2.043704077234488,0.9118105212967088,4.571428571428571,0.2835820895522388,0.36606218607861524,4.0,9.0,1.4195402298850575,0.5797621619296325,0.0,0.0
604,2,92.0,236.0,2.5652173913043477,0.02818920210224558,0.25555555555555554,0.15555555555555556,0.23880597014925373,0.6417910447761194,0.3582089552238806,0.47761194029850745,0.22826086956521738,0.0,0.23809523809523808,0.47619047619047616,0.5595538209332627,0.42752825177057996,0.4265803336259877,0.47704534492267003,0.0,0.02832244008714598,0.03267316017316017,0.23636363636363636,3.5223880597014925,4.164635416234931,2.08084763798921,0.9612112007598383,4.954545454545455,0.23880597014925373,0.39787425266723736,4.0,8.0,1.713347921225383,0.867857537525456,0.05434782608695652,0.0
605,2,99.0,343.0,3.4646464646464645,0.03535353535353535,0.26804123711340205,0.09278350515463918,0.2112676056338028,0.6197183098591549,0.15492957746478872,0.43661971830985913,0.21212121212121213,0.0,0.09523809523809523,0.47619047619047616,0.4930787200047892,0.39212311581108694,0.34577366157730693,0.42865957112409303,NaN,NaN,NaN,NaN,4.830985915492958,5.275241133264384,2.094666446283096,0.9824077895679769,4.878787878787879,0.30985915492957744,0.4193739603065551,5.0,11.0,2.0792616720955484,1.032732707714693,0.0,0.0
606,2,94.0,284.0,3.021276595744681,0.0324868451155342,0.2391304347826087,0.10869565217391304,0.22857142857142856,0.6142857142857143,0.2571428571428571,0.45714285714285713,0.22340425531914893,0.0,0.14285714285714285,0.5714285714285714,0.5079897434052016,0.405710232955774,0.35863687899402186,0.4410533623373912,NaN,NaN,NaN,NaN,4.057142857142857,4.296563218031644,2.155114630920387,1.011933323601442,4.973684210526316,0.3,0.5247460948466812,5.0,12.0,1.8789625360230549,0.8776796552490009,0.07446808510638298,0.0
607,2,90.0,232.0,2.577777777777778,0.028963795255930087,0.23863636363636365,0.20454545454545456,0.26865671641791045,0.6268656716417911,0.3283582089552239,0.4626865671641791,0.23333333333333334,0.0,0.19047619047619047,0.47619047619047616,0.5314732125017483,0.4309756197702625,0.4113361762615494,0.4721785978283406,NaN,NaN,NaN,NaN,3.462686567164179,4.765177850377247,2.105858574519865,0.9151761170114618,4.466666666666667,0.208955223880597,0.33950506673094366,4.0,8.0,1.7422867513611615,0.7228789898646875,0.022222222222222223,0.0
608,2,93.0,318.0,3.4193548387096775,0.03716690042075736,0.26373626373626374,0.03296703296703297,0.22388059701492538,0.6417910447761194,0.31343283582089554,0.4925373134328358,0.20430107526881722,0.0,0.2631578947368421,0.3684210526315789,0.5659009607201902,0.40092527804626793,0.41470784605112965,0.4646417661435592,0.0,0.030219780219780217,0.01406191311350652,0.2222222222222222,4.746268656716418,6.606569924639731,2.05379855425847,0.9345702447488125,4.769230769230769,0.22388059701492538,0.42066319205574393,4.0,9.0,1.7431850789096126,0.7996318559589767,0.03225806451612903,0.0
609,2,91.0,297.0,3.2637362637362637,0.03626373626373627,0.23595505617977527,0.1348314606741573,0.22058823529411764,0.6176470588235294,0.29411764705882354,0.4411764705882353,0.21978021978021978,0.0,0.2,0.5,0.5328320636449576,0.4270704859958631,0.38301366160499284,0.4625928156135792,NaN,NaN,NaN,NaN,4.367647058823529,5.743014996211281,2.1043200640290585,0.9091075858561538,4.671641791044776,0.29411764705882354,0.4213467454188073,4.0,11.0,1.9251870324189526,0.8357726261239946,0.04395604395604396,0.0
61,2,92.0,278.0,3.0217391304347827,0.033205924510272336,0.2222222222222222,0.14444444444444443,0.24285714285714285,0.6285714285714286,0.18571428571428572,0.4142857142857143,0.22826086956521738,0.0,0.14285714285714285,0.42857142857142855,0.4953826163781438,0.4021681387427011,0.3467626024768882,0.4387880224377796,NaN,NaN,NaN,NaN,3.9714285714285715,4.032374165162193,2.249146659818531,1.1818493093522622,6.545454545454546,0.21428571428571427,0.5366094239193478,6.0,10.0,1.9038461538461537,1.1473807363832453,0.07608695652173914,0.0
610,2,97.0,361.0,3.7216494845360826,0.038767182130584193,0.2736842105263158,0.10526315789473684,0.2318840579710145,0.6086956521739131,0.21739130434782608,0.4782608695652174,0.21649484536082475,0.0,0.14285714285714285,0.5714285714285714,0.5659646569085945,0.39390997390758004,0.37641692043865954,0.4440367359492371,0.0,0.027997998768472913,0.008448647312283678,0.21818181818181817,5.231884057971015,7.1066351091494075,2.1283875318567747,1.097745428364123,5.6,0.2753623188405797,0.4391044838540986,5.0,9.0,2.15661252900232,1.2796346879000229,0.020618556701030927,0.0
611,2,96.0,316.0,3.2916666666666665,0.03464912280701754,0.2553191489361702,0.1276595744680851,0.2714285714285714,0.6,0.21428571428571427,0.45714285714285713,0.21875,0.0,0.14285714285714285,0.5238095238095238,0.49189783373646595,0.3999832349917525,0.36587529748741604,0.43884732044074554,0.0,0.015136540869763217,0.014013618685321349,0.2222222222222222,4.514285714285714,5.069782195655663,2.1377619411980673,1.0026373120646677,5.083333333333334,0.21428571428571427,0.5016119091572753,5.0,9.0,1.6901639344262296,0.8523520858023913,0.052083333333333336,0.0
612,2,90.0,254.0,2.8222222222222224,0.031710362047440696,0.26136363636363635,0.18181818181818182,0.26153846153846155,0.6153846153846154,0.23076923076923078,0.4307692307692308,0.23333333333333334,0.0,0.19047619047619047,0.47619047619047616,0.5113088780809087,0.4023283688700248,0.37438949938949945,0.4511369984264006,0.0,0.026060992578849713,0.0067166521781126245,0.11764705882352941,3.9076923076923076,4.436084552152511,2.109583378343761,0.9675594019665491,4.782608695652174,0.26153846153846155,0.39744673208652165,4.0,7.0,1.6942307692307692,0.7856893102923652,0.022222222222222223,0.0
613,2,95.0,297.0,3.126315789473684,0.03325867861142217,0.24731182795698925,0.17204301075268819,0.24285714285714285,0.6285714285714286,0.24285714285714285,0.4714285714285714,0.22105263157894736,0.0,0.23809523809523808,0.47619047619047616,0.5252254226697382,0.41003257352926226,0.3855274498463353,0.449670000540482,NaN,NaN,NaN,NaN,4.242857142857143,4.7348100807778115,2.147396088528812,1.0488357999033395,5.388888888888889,0.2714285714285714,0.43708995515306887,6.0,9.0,1.9462025316455696,1.1303133978235613,0.042105263157894736,0.0
614,2,92.0,282.0,3.0652173913043477,0.03368370759675107,0.2222222222222222,0.13333333333333333,0.21428571428571427,0.6428571428571429,0.2571428571428571,0.45714285714285713,0.21739130434782608,0.0,0.15,0.45,0.4723998985559136,0.41003796280067106,0.36816893424036284,0.4464573433095151,0.0,0.025925925925925946,0.014353560669350143,0.2,4.0285714285714285,6.442547494544506,2.050667103304835,0.7776493199254325,4.0,0.24285714285714285,0.33839564000978034,5.0,8.0,1.5709342560553634,0.6112629983969566,0.021739130434782608,0.0
615,2,94.0,317.0,3.372340425531915,0.03626172500571952,0.2391304347826087,0.05434782608695652,0.22857142857142856,0.6142857142857143,0.2857142857142857,0.42857142857142855,0.22340425531914893,0.0,0.14285714285714285,0.47619047619047616,0.4812767027355676,0.424811994068972,0.36724902082044936,0.46300896243738143,0.0,0.019307359307359294,0.008630686649659863,0.2545454545454545,4.5285714285714285,5.936185835823596,2.11758317958436,0.935603938544833,4.60655737704918,0.2714285714285714,0.4471089103429982,4.0,10.0,1.8037974683544304,0.7739325676429921,0.031914893617021274,0.0
616,2,99.0,303.0,3.0606060606060606,0.031230674087816945,0.26804123711340205,0.13402061855670103,0.19718309859154928,0.6338028169014085,0.22535211267605634,0.4647887323943662,0.20202020202020202,0.0,0.1,0.45,0.5281027531802929,0.39293804430061074,0.3686284372904091,0.44080908079979847,0.0,0.019206349206349234,0.026011060452549806,0.2857142857142857,4.267605633802817,4.475194318139792,2.110142307486416,1.08623375149265,6.2272727272727275,0.29577464788732394,0.46821925751056676,5.0,10.0,1.8728414442700156,1.0299753897239032,0.020202020202020204,0.0
617,2,97.0,246.0,2.536082474226804,0.026417525773195876,0.2631578947368421,0.21052631578947367,0.2714285714285714,0.5857142857142857,0.2714285714285714,0.4714285714285714,0.21649484536082475,0.0,0.09523809523809523,0.5238095238095238,0.5330094085091663,0.4059505456325211,0.37320294784580493,0.4454819871333051,0.0,0.010963142319074526,0.01070194003527337,0.2222222222222222,3.5142857142857142,3.6065273238219224,2.1193484940432854,1.0124552274566947,6.333333333333333,0.24285714285714285,0.44570186128086076,6.0,8.0,2.0379965457685665,1.1991664319334232,0.041237113402061855,0.0
618,2,93.0,318.0,3.4193548387096775,0.03716690042075736,0.24175824175824176,0.08791208791208792,0.2318840579710145,0.6231884057971014,0.21739130434782608,0.4492753623188406,0.22580645161290322,0.0,0.14285714285714285,0.5714285714285714,0.5321725804629318,0.4078642399373321,0.36255362048200923,0.4426561289518868,NaN,NaN,NaN,NaN,4.608695652173913,5.667807417398382,2.122327010278556,0.9383510603299134,4.75,0.2608695652173913,0.4236281907018043,5.0,10.0,1.8465753424657534,0.9228217881122911,0.021505376344086023,0.0
619,2,94.0,287.0,3.0531914893617023,0.03283001601464196,0.25,0.13043478260869565,0.2753623188405797,0.6086956521739131,0.21739130434782608,0.4492753623188406,0.22340425531914893,0.0,0.14285714285714285,0.5238095238095238,0.5544007735617439,0.4076345351445011,0.37227973314929835,0.4467828414598975,0.0,0.024226190476190516,0.009250449292213367,0.14814814814814814,4.159420289855072,4.635614016077359,2.105381979634489,0.9447277988003875,4.686274509803921,0.2463768115942029,0.37283709593667863,4.0,7.0,1.6695205479452055,0.7537413437640158,0.0425531914893617,0.0
62,2,94.0,317.0,3.372340425531915,0.03626172500571952,0.2608695652173913,0.13043478260869565,0.23529411764705882,0.6029411764705882,0.19117647058823528,0.47058823529411764,0.2127659574468085,0.0,0.1,0.55,0.5287765840144734,0.3915830387974557,0.3723577532617325,0.4366525177309409,0.0,0.014863047491723964,0.015403044249198096,0.25,4.661764705882353,5.077342982772178,2.0713351743521824,0.9176507820571674,4.782608695652174,0.2647058823529412,0.37440069930334546,5.0,9.0,1.7644376899696048,0.8883551077589488,0.0,0.0
620,2,95.0,277.0,2.9157894736842107,0.031019036954087347,0.22580645161290322,0.10752688172043011,0.2361111111111111,0.625,0.2777777777777778,0.4583333333333333,0.22105263157894736,0.0,0.14285714285714285,0.5238095238095238,0.5119524587403883,0.42422573363481614,0.36066748837582163,0.44610761809710603,0.0,0.006316812439261431,0.018506086645184387,0.25,3.8472222222222223,4.680374735876563,2.1370891600133053,0.9371463330920328,5.071428571428571,0.2361111111111111,0.4773701663445421,5.0,9.0,1.714548802946593,0.8662970614221418,0.06315789473684211,0.0
621,2,93.0,341.0,3.6666666666666665,0.03985507246376811,0.25274725274725274,0.13186813186813187,0.22058823529411764,0.6176470588235294,0.25,0.47058823529411764,0.22580645161290322,0.0,0.19047619047619047,0.5714285714285714,0.5307790943818106,0.4069975291324434,0.36928398361632986,0.44510867017285366,0.0,0.00976800976800975,0.015793084782576582,0.32727272727272727,5.014705882352941,8.265180781146869,2.123056193805985,1.0069289035382556,5.583333333333334,0.27941176470588236,0.4444698502115303,5.0,12.0,2.068287037037037,1.1202192431574394,0.053763440860215055,0.0
622,2,94.0,317.0,3.372340425531915,0.03626172500571952,0.2391304347826087,0.03260869565217391,0.22857142857142856,0.6285714285714286,0.2571428571428571,0.4714285714285714,0.22340425531914893,0.0,0.14285714285714285,0.5238095238095238,0.5300909763179646,0.41113966950603575,0.3690872505158219,0.4472032685008053,0.0,0.032886745266166514,0.018429781580823246,0.2909090909090909,4.5285714285714285,6.549082087626951,2.110077651094785,0.9411945131943164,5.0,0.21428571428571427,0.472521424615133,5.0,9.0,1.6888168557536467,0.8279344077954045,0.07446808510638298,0.0
623,2,96.0,369.0,3.84375,0.040460526315789475,0.2553191489361702,0.07446808510638298,0.2,0.5857142857142857,0.2571428571428571,0.4714285714285714,0.21875,0.0,0.14285714285714285,0.47619047619047616,0.5562834496589333,0.40813612127189147,0.3786451007464296,0.45224258156999836,0.0,0.03925,0.017828483830646044,0.32727272727272727,5.271428571428571,6.944753892346279,2.1153832309042753,0.9630333917373293,5.095238095238095,0.35714285714285715,0.47012132481012037,4.0,10.0,1.6683168316831682,0.6835914623147024,0.052083333333333336,0.0
624,2,96.0,395.0,4.114583333333333,0.04331140350877193,0.2553191489361702,0.10638297872340426,0.22857142857142856,0.6285714285714286,0.2,0.44285714285714284,0.21875,0.0,0.19047619047619047,0.5714285714285714,0.5066231994284602,0.39569369452867337,0.35684430821076785,0.43620581645268675,0.0,0.010389610389610393,0.030240490478613567,0.4,5.642857142857143,8.7394420182807,2.0522095491482357,0.8469130545607262,4.0,0.24285714285714285,0.4100658660156277,4.0,10.0,1.7373167981961668,0.7644727110475974,0.020833333333333332,0.0
625,2,92.0,299.0,3.25,0.03571428571428571,0.24444444444444444,0.1,0.25,0.6029411764705882,0.20588235294117646,0.47058823529411764,0.22826086956521738,0.0,0.14285714285714285,0.5238095238095238,0.5237642826079375,0.395289169844098,0.37371768528132104,0.43783151300765394,0.0,0.012130726416440751,0.01090241374727384,0.24074074074074073,4.397058823529412,4.9267460906022205,2.1399782134282543,0.9913244546362371,5.0588235294117645,0.2647058823529412,0.4649607037706996,5.0,12.0,1.876543209876543,0.8870937306368973,0.08695652173913043,0.0
626,2,102.0,309.0,3.0294117647058822,0.029994175888177054,0.28,0.11,0.2222222222222222,0.6111111111111112,0.20833333333333334,0.4444444444444444,0.20588235294117646,0.0,0.09523809523809523,0.5238095238095238,0.5229408266080315,0.4130879092959257,0.3720486111111111,0.4428666694207218,0.0,0.02031249999999999,0.013329406527487103,0.19642857142857142,4.291666666666667,4.777993862711908,2.07265131432648,0.9631129939888204,4.75,0.2916666666666667,0.4506330228902665,5.0,10.0,1.906856403622251,0.9028550433781554,0.029411764705882353,0.0
627,2,96.0,335.0,3.4895833333333335,0.03673245614035088,0.26595744680851063,0.0851063829787234,0.21739130434782608,0.6231884057971014,0.21739130434782608,0.463768115942029,0.21875,0.0,0.14285714285714285,0.5714285714285714,0.5367434940586864,0.4043956244782464,0.381087020170196,0.44117811357559533,0.0,0.029246547103689964,0.010928333370164382,0.23636363636363636,4.855072463768116,5.300597531019332,2.0471415448965415,0.8930737651095423,4.640000000000001,0.2608695652173913,0.45315097023013284,5.0,10.0,1.8642297650130548,0.9605825408195098,0.0625,0.0
628,2,100.0,307.0,3.07,0.03101010101010101,0.2755102040816326,0.09183673469387756,0.22535211267605634,0.6197183098591549,0.2535211267605634,0.4788732394366197,0.21,0.0,0.14285714285714285,0.5238095238095238,0.5291699834291205,0.3982344532946305,0.38096398906258067,0.43872686090202423,0.0,0.021913580246913603,0.02144062228525637,0.26785714285714285,4.323943661971831,4.66223321071205,2.091831544841527,1.004559235198729,5.285714285714286,0.29577464788732394,0.4846290304875056,6.0,10.0,1.981554677206851,1.0612767771566727,0.04,0.0
629,2,93.0,267.0,2.870967741935484,0.03120617110799439,0.24175824175824176,0.13186813186813187,0.2463768115942029,0.6376811594202898,0.2608695652173913,0.463768115942029,0.22580645161290322,0.0,0.19047619047619047,0.47619047619047616,0.49706221571804526,0.4088208807029533,0.38470784449045314,0.4529553425261642,0.0,0.07660256410256412,0.01144778934300993,0.25,3.869565217391304,4.348471819056129,2.1452474366470202,1.0454696468429283,5.7,0.2463768115942029,0.3960035062347562,5.0,11.0,1.9477351916376306,1.1056195153176271,0.07526881720430108,0.0
63,2,90.0,285.0,3.1666666666666665,0.035580524344569285,0.23863636363636365,0.09090909090909091,0.23880597014925373,0.6268656716417911,0.2537313432835821,0.4626865671641791,0.23333333333333334,0.0,0.19047619047619047,0.47619047619047616,0.5409083968957256,0.40107498885742565,0.37292612031418004,0.45313996185196836,0.0,0.02380952380952382,0.022201354956457,0.3090909090909091,4.253731343283582,5.405786135698656,2.1281377139856392,0.9526329323562132,4.583333333333334,0.26865671641791045,0.38992080289327485,5.0,8.0,1.9907940161104718,0.8850566594693613,0.022222222222222223,0.0
630,2,99.0,381.0,3.8484848484848486,0.03927025355596784,0.25773195876288657,0.10309278350515463,0.16666666666666666,0.625,0.25,0.5,0.21212121212121213,0.0,0.19047619047619047,0.47619047619047616,0.5381685048455355,0.40491290685176595,0.3784934201600868,0.44469070809671357,0.0,0.019375000000000038,0.01785017131260921,0.32142857142857145,5.291666666666667,6.416171250919569,2.0721864860879053,0.9116115985276556,4.529411764705882,0.3194444444444444,0.4259052883391001,4.0,9.0,1.6137566137566137,0.6801021847812871,0.020202020202020204,0.0
631,2,89.0,283.0,3.1797752808988764,0.036133810010214505,0.20689655172413793,0.08045977011494253,0.2318840579710145,0.6231884057971014,0.2608695652173913,0.4492753623188406,0.23595505617977527,0.0,0.14285714285714285,0.47619047619047616,0.5517950041214732,0.40143052215040603,0.3625095425884929,0.44984571677969154,0.0,0.05804004098247167,0.022105125663551318,0.21818181818181817,4.101449275362318,4.66256975199751,2.1786507541164513,0.9458165323782449,5.0,0.21739130434782608,0.43153861938295013,4.0,9.0,1.7534039334341907,0.7675273572755063,0.0449438202247191,0.0
632,2,99.0,399.0,4.03030303030303,0.04112554112554113,0.26804123711340205,0.020618556701030927,0.2112676056338028,0.6056338028169014,0.2112676056338028,0.4647887323943662,0.21212121212121213,0.0,0.14285714285714285,0.5238095238095238,0.48217300242823663,0.40898147534158935,0.37037416808543566,0.4392701733921402,0.0,0.03482222222222224,0.009088985841611486,0.25,5.619718309859155,7.386021927906597,2.0619347380719355,0.9041049075264901,4.481481481481481,0.28169014084507044,0.4673516400888651,4.0,9.0,1.4924924924924925,0.6400921720075606,0.050505050505050504,0.0
633,2,88.0,257.0,2.9204545454545454,0.03356844305120167,0.23255813953488372,0.1744186046511628,0.24242424242424243,0.6060606060606061,0.2878787878787879,0.48484848484848486,0.23863636363636365,0.0,0.2857142857142857,0.42857142857142855,0.5379283832295846,0.41881552106492287,0.39662961197052105,0.46338708008447255,0.0,0.03205128205128206,0.007198361189604933,0.22641509433962265,3.893939393939394,4.992698631706067,2.1490256395274123,0.9653791710219406,4.90625,0.2727272727272727,0.3677000143874959,5.0,8.0,1.7693693693693693,0.8691247093667931,0.03409090909090909,0.0
634,2,93.0,290.0,3.118279569892473,0.03389434315100514,0.23076923076923078,0.15384615384615385,0.21428571428571427,0.6714285714285714,0.2714285714285714,0.42857142857142855,0.22580645161290322,0.0,0.23809523809523808,0.47619047619047616,0.5217450993492204,0.4249075511702932,0.3827864992150707,0.4681434458890706,NaN,NaN,NaN,NaN,4.142857142857143,5.156354498909719,2.1109187367918754,0.9484647569889121,5.0,0.21428571428571427,0.32777788772401645,5.0,8.0,1.6815742397137745,0.8459477672143427,0.043010752688172046,0.0
635,2,97.0,286.0,2.948453608247423,0.030713058419243985,0.28421052631578947,0.17894736842105263,0.25,0.6029411764705882,0.22058823529411764,0.45588235294117646,0.21649484536082475,0.0,0.14285714285714285,0.5238095238095238,0.5220364717165099,0.4325719993602626,0.3924428104575164,0.45305454716830723,0.0,0.01925012339905958,0.004507337526205451,0.05660377358490566,4.205882352941177,4.420301953383605,2.080363945266559,0.9705387871947463,5.0,0.19117647058823528,0.46806697861544916,4.0,7.0,1.532934131736527,0.6909509198580568,0.020618556701030927,0.0
636,2,94.0,297.0,3.1595744680851063,0.03397391901166781,0.25,0.10869565217391304,0.2318840579710145,0.6231884057971014,0.18840579710144928,0.4492753623188406,0.22340425531914893,0.0,0.14285714285714285,0.5238095238095238,0.533446026195647,0.39648513644727224,0.36582125603864735,0.4410568631860135,0.0,0.0342731829573935,0.018177552262866357,0.23636363636363636,4.304347826086956,4.833414174589241,2.1012587241719496,0.9456336575699293,4.888888888888889,0.2608695652173913,0.40161729449869377,4.0,10.0,1.8075187969924813,0.8549663612904956,0.031914893617021274,0.0
637,2,94.0,340.0,3.617021276595745,0.03889270189887897,0.2608695652173913,0.08695652173913043,0.23529411764705882,0.6176470588235294,0.27941176470588236,0.4852941176470588,0.22340425531914893,0.0,0.19047619047619047,0.47619047619047616,0.6030684508366966,0.404162941610927,0.40410539215686275,0.46004442435288806,0.0,0.026620370370370395,0.017591641905652218,0.2641509433962264,5.0,7.064732674432489,2.0904972083776974,0.9530958220086578,4.64516129032258,0.23529411764705882,0.4436869566073292,4.0,11.0,1.8929001203369435,0.8818573708611582,0.05319148936170213,0.0
638,2,90.0,297.0,3.3,0.03707865168539326,0.2159090909090909,0.1590909090909091,0.18840579710144928,0.6086956521739131,0.2608695652173913,0.4782608695652174,0.23333333333333334,0.0,0.19047619047619047,0.47619047619047616,0.5144387135353103,0.41114010103151144,0.3720139598016836,0.4430467053577894,0.0,0.014508928571428563,0.010188422688422686,0.2,4.304347826086956,6.22684970823952,2.130221988462026,0.8928690147536551,4.75,0.2898550724637681,0.38002289539359685,6.0,10.0,2.091530054644809,1.1571862463196696,0.022222222222222223,0.0
639,2,89.0,282.0,3.168539325842697,0.03600612870275792,0.25287356321839083,0.04597701149425287,0.26153846153846155,0.5846153846153846,0.27692307692307694,0.47692307692307695,0.23595505617977527,0.0,0.14285714285714285,0.47619047619047616,0.5773979323555615,0.407527764628927,0.3912937062937063,0.4538351711825227,0.0,0.017290249433106634,0.020881567569260424,0.27450980392156865,4.338461538461538,6.598477388470302,2.179513869661368,1.0577295654873158,5.136363636363637,0.27692307692307694,0.5333453379585458,4.0,10.0,1.798977853492334,0.8920194012109162,0.07865168539325842,0.0
64,2,91.0,287.0,3.1538461538461537,0.03504273504273504,0.23595505617977527,0.06741573033707865,0.27941176470588236,0.6323529411764706,0.27941176470588236,0.4411764705882353,0.21978021978021978,0.0,0.1,0.6,0.5503044495896633,0.4134184306558671,0.3722201001612766,0.4589238096875929,0.0,0.008193863319386287,0.0032643864235178447,0.14814814814814814,4.220588235294118,6.623895206637574,2.109132013741051,0.908180157412931,4.780487804878049,0.17647058823529413,0.4424522340311453,4.0,9.0,1.8670520231213872,0.8772480207495886,0.06593406593406594,0.0
640,2,94.0,314.0,3.3404255319148937,0.03591855410661176,0.25,0.08695652173913043,0.2318840579710145,0.6231884057971014,0.21739130434782608,0.463768115942029,0.22340425531914893,0.0,0.09523809523809523,0.5238095238095238,0.5096161882349388,0.39728562474691315,0.3670299507256029,0.4417119906245168,0.0,0.008690289302534253,0.013963107740800632,0.23636363636363636,4.550724637681159,5.402984556172357,2.0881074841692038,0.9153415355505845,4.875,0.2463768115942029,0.34931906571449184,4.0,8.0,1.794238683127572,0.8129580724536134,0.031914893617021274,0.0
641,2,93.0,264.0,2.838709677419355,0.030855539971949508,0.24175824175824176,0.15384615384615385,0.2608695652173913,0.6231884057971014,0.3188405797101449,0.43478260869565216,0.22580645161290322,0.0,0.19047619047619047,0.42857142857142855,0.53251529980779,0.40956036871475243,0.3819013112491373,0.46705570392279344,0.0,0.013605442176870763,0.0033766233766233766,0.07272727272727272,3.8260869565217392,5.046712738299617,2.228064668890668,1.2543025436298796,7.0,0.17391304347826086,0.5192674525860631,6.0,9.0,1.9346642468239565,1.2012477701318163,0.021505376344086023,0.0
642,2,93.0,286.0,3.075268817204301,0.03342683496961197,0.25274725274725274,0.06593406593406594,0.23529411764705882,0.6176470588235294,0.27941176470588236,0.47058823529411764,0.22580645161290322,0.0,0.19047619047619047,0.47619047619047616,0.5135322885140646,0.40626973857917353,0.37241882385137964,0.44807952017441643,0.0,0.017857142857142856,0.01909225979308993,0.24074074074074073,4.205882352941177,6.372887589214061,2.0700105665361366,0.883945403598564,4.636363636363637,0.2647058823529412,0.41419994021357165,4.0,7.0,1.7048387096774194,0.7530074155043035,0.0,0.0
643,2,95.0,336.0,3.536842105263158,0.037625979843225084,0.24731182795698925,0.11827956989247312,0.24285714285714285,0.6142857142857143,0.21428571428571427,0.45714285714285713,0.22105263157894736,0.0,0.09523809523809523,0.5238095238095238,0.5262969806711923,0.38863051078085187,0.3688023088023088,0.4367929559118366,0.0,0.007517642175176431,0.009436218873044085,0.16363636363636364,4.8,6.097279032011156,2.110313591984282,0.9537291961748783,4.878787878787879,0.2714285714285714,0.45652271191898575,5.0,10.0,1.6043771043771045,0.8192751902238894,0.08421052631578947,0.0
644,2,93.0,312.0,3.3548387096774195,0.0364656381486676,0.26373626373626374,0.16483516483516483,0.23880597014925373,0.6119402985074627,0.26865671641791045,0.43283582089552236,0.0,0.0,NaN,NaN,0.5718546537148973,0.40304138303178605,0.37931769722814507,0.45503365348981717,0.0,0.02797619047619052,0.006648042987116077,0.1509433962264151,4.656716417910448,5.884113791840913,2.0940440832716374,0.9527619016826488,4.767441860465116,0.2537313432835821,0.41055091655703996,4.0,9.0,1.5815217391304348,0.7480543689528805,0.043010752688172046,0.0
645,2,96.0,294.0,3.0625,0.03223684210526316,0.2765957446808511,0.10638297872340426,0.25,0.6029411764705882,0.27941176470588236,0.47058823529411764,0.21875,0.0,0.14285714285714285,0.5714285714285714,0.5865866212577342,0.4169601293595974,0.39157435701553345,0.4581296620661701,0.0,0.02355942376950776,0.005912644094108268,0.16666666666666666,4.323529411764706,4.930687265439758,2.070669333960311,0.9405096845114062,4.863636363636363,0.22058823529411764,0.4693873131583216,5.0,8.0,1.8333333333333333,0.9384481116252236,0.03125,0.0
646,2,98.0,382.0,3.8979591836734695,0.04018514622343783,0.2708333333333333,0.11458333333333333,0.18571428571428572,0.6,0.2571428571428571,0.5,0.20408163265306123,0.0,0.05,0.55,0.535139804225846,0.3979592555878477,0.38355794790005315,0.44163211568552574,0.0,0.027604166666666652,0.023170209765440517,0.23214285714285715,5.457142857142857,7.675833928703461,2.060326421832858,0.8994153316948995,4.373831775700935,0.3142857142857143,0.38879176980049557,4.0,9.0,1.576470588235294,0.7220731173243751,0.04081632653061224,0.0
647,2,98.0,240.0,2.4489795918367347,0.025247212286976645,0.2604166666666667,0.1875,0.2676056338028169,0.6197183098591549,0.2676056338028169,0.4507042253521127,0.21428571428571427,0.0,0.19047619047619047,0.5714285714285714,0.5474940109025409,0.41049384673812733,0.38347864967583273,0.4529217301210718,0.0,0.023945578231292567,0.009253069043709438,0.17857142857142858,3.380281690140845,3.230949427835631,2.0471168288104207,0.8776725037566142,5.0,0.18309859154929578,0.40163726419621754,4.0,7.0,1.5701559020044544,0.6814508044272876,0.02040816326530612,0.0
648,2,92.0,354.0,3.847826086956522,0.04228380315336837,0.24444444444444444,0.08888888888888889,0.22058823529411764,0.6323529411764706,0.27941176470588236,0.47058823529411764,0.21739130434782608,0.0,0.2,0.5,0.5502445854200005,0.4101799260378265,0.38990892333945076,0.45818379947012616,0.0,0.00520833333333338,0.023072658286203036,0.32142857142857145,5.205882352941177,7.151993404470838,2.0751685031417266,0.8747204430959105,4.416666666666666,0.2647058823529412,0.3520055761993167,4.0,7.0,1.7447916666666667,0.7943568624105651,0.021739130434782608,0.0
649,2,96.0,365.0,3.8020833333333335,0.0400219298245614,0.2553191489361702,0.031914893617021274,0.2,0.6428571428571429,0.22857142857142856,0.4714285714285714,0.21875,0.0,0.14285714285714285,0.5238095238095238,0.5294130050988193,0.3872552753091034,0.36780188746221515,0.4402148976700664,0.0,0.019477264590046558,0.01111114876606149,0.32727272727272727,5.214285714285714,7.498585097730701,2.085074460935429,0.9367267835627108,4.772727272727273,0.2857142857142857,0.4347455585305876,4.0,10.0,1.8716577540106951,0.8307519171441219,0.041666666666666664,0.0
65,2,91.0,302.0,3.318681318681319,0.036874236874236875,0.23595505617977527,0.0898876404494382,0.23529411764705882,0.6029411764705882,0.25,0.45588235294117646,0.21978021978021978,0.0,0.15,0.6,0.5114789150016732,0.411310647367175,0.3788257408226448,0.45463165496689123,0.0,0.020392250467438474,0.006052830188679247,0.16981132075471697,4.4411764705882355,5.135136071795568,2.1301376586745335,0.9427696736797652,4.833333333333334,0.29411764705882354,0.41516334971996843,6.0,11.0,1.9012820512820512,0.8945697813161663,0.054945054945054944,0.0
650,2,96.0,361.0,3.7604166666666665,0.03958333333333333,0.24468085106382978,0.07446808510638298,0.2112676056338028,0.6197183098591549,0.23943661971830985,0.4507042253521127,0.21875,0.0,0.09523809523809523,0.5238095238095238,0.525002876151346,0.4027993795260305,0.3711297289318045,0.45186101334312917,0.0,0.02958333333333336,0.02225983344228175,0.3392857142857143,5.084507042253521,6.1615083470416545,2.097513933224943,0.9178730864393694,4.705882352941177,0.2676056338028169,0.41295003889259646,4.0,9.0,1.795425667090216,0.8575836908257924,0.08333333333333333,0.0
651,2,92.0,262.0,2.847826086956522,0.031294792164357384,0.25555555555555554,0.13333333333333333,0.23880597014925373,0.5970149253731343,0.2537313432835821,0.4925373134328358,0.22826086956521738,0.0,0.19047619047619047,0.47619047619047616,0.5496874802703727,0.40038628334786525,0.3994974357902365,0.4484348822422127,0.0,0.03112356053532527,0.010339959434009418,0.2641509433962264,3.91044776119403,3.7405693266374946,2.1208455859291293,0.9575761421999736,4.619047619047619,0.2835820895522388,0.4852574573406052,5.0,9.0,1.7602627257799672,0.7769271010431551,0.03260869565217391,0.0
652,2,95.0,286.0,3.0105263157894737,0.03202687569988802,0.24731182795698925,0.13978494623655913,0.18571428571428572,0.6428571428571429,0.3,0.4857142857142857,0.22105263157894736,0.0,0.23809523809523808,0.42857142857142855,0.5329027923656683,0.40818168037428426,0.3985884353741497,0.4578042168639232,0.0,0.019576719576719602,0.04401227161992712,0.3090909090909091,4.085714285714285,4.9041327060290385,2.0840870195677597,0.9197590989635095,4.555555555555555,0.2857142857142857,0.4378049062947458,4.0,9.0,1.6243194192377495,0.7251759909055483,0.06315789473684211,0.0
653,2,95.0,326.0,3.431578947368421,0.03650615901455767,0.25806451612903225,0.0967741935483871,0.18840579710144928,0.6521739130434783,0.2463768115942029,0.5072463768115942,0.0,0.0,NaN,NaN,0.5803732584010782,0.39497700658342916,0.403161331422201,0.4489463611679209,0.0,0.023856026785714277,0.016803364035768726,0.23636363636363636,4.72463768115942,5.989903411700425,2.1110133000785742,1.0145078090671678,5.211538461538462,0.2463768115942029,0.3974395198402015,4.0,7.0,1.9266666666666667,0.9797459322078315,0.021052631578947368,0.0
654,2,98.0,380.0,3.877551020408163,0.03997475278771302,0.2604166666666667,0.052083333333333336,0.19718309859154928,0.6338028169014085,0.2112676056338028,0.4788732394366197,0.21428571428571427,0.0,0.09523809523809523,0.5238095238095238,0.5423367587287667,0.3962177107185443,0.36849125246032843,0.43828816923039987,0.0,0.012514467592592587,0.015525203860489176,0.2909090909090909,5.352112676056338,7.0631813786085615,2.095213754894666,0.955097423925421,5.25,0.29577464788732394,0.440847526332719,5.0,10.0,1.936734693877551,0.9351153982200054,0.07142857142857142,0.0
655,2,97.0,310.0,3.195876288659794,0.03329037800687285,0.25263157894736843,0.07368421052631578,0.22535211267605634,0.647887323943662,0.2676056338028169,0.4507042253521127,0.20618556701030927,0.0,0.2,0.5,0.5212707150195786,0.40775351561139556,0.366839068599632,0.45005592160602215,0.0,0.01896724598930482,0.012680294076961966,0.3090909090909091,4.366197183098592,5.451708609286026,2.0595758552765577,0.88326767296685,4.472222222222222,0.23943661971830985,0.4400455466569631,4.0,9.0,1.6495327102803738,0.6910897810790085,0.05154639175257732,0.0
656,2,91.0,298.0,3.2747252747252746,0.03638583638583639,0.23595505617977527,0.06741573033707865,0.20588235294117646,0.6176470588235294,0.3088235294117647,0.5,0.21978021978021978,0.0,0.2,0.45,0.5413792543041465,0.4221292995607019,0.3996354952237305,0.4590305078033386,0.0,0.013928571428571426,0.016594133006799072,0.2777777777777778,4.382352941176471,5.807944666291823,2.103825108393169,0.8836463464359868,4.457142857142857,0.2647058823529412,0.4191015435126684,4.0,8.0,1.6451612903225807,0.6890975155216933,0.0,0.0
657,2,92.0,267.0,2.902173913043478,0.03189202102245581,0.2222222222222222,0.2,0.2571428571428571,0.6285714285714286,0.2857142857142857,0.44285714285714284,0.22826086956521738,0.0,0.19047619047619047,0.5238095238095238,0.5453903468313732,0.4168235217957832,0.3876277690563405,0.4636008798322854,0.0,0.06496598639455783,0.01300277614308011,0.14545454545454545,3.8142857142857145,4.139918283667581,2.1403162544466894,0.9474850225899879,5.333333333333334,0.2,0.3444431566921465,5.0,8.0,1.7977941176470589,0.9555087476012442,0.03260869565217391,0.0
658,2,99.0,427.0,4.313131313131313,0.04401154401154401,0.26804123711340205,0.041237113402061855,0.19718309859154928,0.6056338028169014,0.16901408450704225,0.4788732394366197,0.21212121212121213,0.0,0.09523809523809523,0.5238095238095238,0.5219995563147896,0.39976154018591703,0.3643626275537079,0.4308242484683644,0.0,0.024739046391752617,0.011465294336086871,0.3090909090909091,6.014084507042254,7.8184634181741846,2.069906744686419,0.9024994437939022,4.6521739130434785,0.30985915492957744,0.4345112258993274,4.0,7.0,1.5869837296620777,0.7041807045405498,0.020202020202020204,0.0
659,2,96.0,300.0,3.125,0.03289473684210526,0.2553191489361702,0.1276595744680851,0.21428571428571427,0.6,0.2571428571428571,0.45714285714285713,0.21875,0.0,0.09523809523809523,0.47619047619047616,0.4798881551810596,0.43309741418473485,0.383108567988599,0.45390490819262935,0.0,0.034897536420425944,0.002266380236305048,0.125,4.285714285714286,5.408374764968095,2.12831261023067,0.9795791356273333,5.0,0.2714285714285714,0.482701975668594,4.0,9.0,1.6175438596491227,0.7364768663702951,0.0625,0.0
66,2,97.0,325.0,3.350515463917526,0.034901202749140894,0.2631578947368421,0.10526315789473684,0.22857142857142856,0.6285714285714286,0.21428571428571427,0.45714285714285713,0.21649484536082475,0.0,0.14285714285714285,0.5714285714285714,0.5507556448873008,0.4096286137764603,0.3789413223745021,0.4452423114911545,0.0,0.01536298950092053,0.023872570376282282,0.32142857142857145,4.642857142857143,5.275141908347974,2.0849838233394054,0.9194075748061901,4.416666666666666,0.2714285714285714,0.4649888282707433,5.0,9.0,1.7636363636363637,0.7691903924219947,0.05154639175257732,0.0
660,2,95.0,318.0,3.3473684210526318,0.03561030235162374,0.25806451612903225,0.10752688172043011,0.2318840579710145,0.6086956521739131,0.2753623188405797,0.463768115942029,0.22105263157894736,0.0,0.09523809523809523,0.5714285714285714,0.5899625980484953,0.3988294747669328,0.3982410736987396,0.4575247804267641,0.0,0.01713564213564217,0.008410318172000079,0.16363636363636364,4.608695652173913,7.123320011029946,2.0625791844207986,0.866757186432635,4.083333333333334,0.2318840579710145,0.4268818850042356,5.0,10.0,1.777633289986996,0.7780980522339928,0.042105263157894736,0.0
661,2,97.0,357.0,3.6804123711340204,0.038337628865979384,0.2631578947368421,0.08421052631578947,0.24285714285714285,0.6,0.2571428571428571,0.4857142857142857,0.21649484536082475,0.0,0.14285714285714285,0.5714285714285714,0.5800332606753914,0.4044495788001422,0.39175981986997704,0.450654905143491,0.0,0.026377597109304436,0.042579667269108265,0.32727272727272727,5.1,7.167054253085201,2.0915890177100454,0.9234129043046548,4.962962962962963,0.2571428571428571,0.5331957691413278,4.0,11.0,1.7623529411764707,0.751907894546798,0.07216494845360824,0.0
662,2,98.0,322.0,3.2857142857142856,0.033873343151693665,0.2604166666666667,0.052083333333333336,0.22535211267605634,0.6338028169014085,0.30985915492957744,0.4647887323943662,0.21428571428571427,0.0,0.14285714285714285,0.5238095238095238,0.5509774501801589,0.4206744756175049,0.3966915155991892,0.46074389445790664,0.0,0.024604058893752535,0.005146302105009032,0.2,4.535211267605634,6.072963470322478,2.104976746726244,1.014050924949207,5.956521739130435,0.2676056338028169,0.5358954378303952,5.0,9.0,1.9369973190348526,1.03886804298287,0.061224489795918366,0.0
663,2,94.0,341.0,3.627659574468085,0.03900709219858156,0.2391304347826087,0.10869565217391304,0.21428571428571427,0.6142857142857143,0.2,0.45714285714285713,0.22340425531914893,0.0,0.14285714285714285,0.47619047619047616,0.5635985102860103,0.4045969462744803,0.3630179344465059,0.43299218927952726,0.0,0.017970166407666435,0.009653778040141675,0.2,4.871428571428571,6.199395549243768,2.13979340211163,0.9625368902772272,5.0,0.24285714285714285,0.4399206008650638,5.0,9.0,1.6296875,0.7844696956816619,0.0425531914893617,0.0
664,2,93.0,307.0,3.3010752688172045,0.035881252921926135,0.27472527472527475,0.0989010989010989,0.19696969696969696,0.6060606060606061,0.21212121212121213,0.5,0.20430107526881722,0.0,0.10526315789473684,0.5263157894736842,0.5843205914871561,0.4062071444600459,0.3896478793537617,0.44278095250433863,0.0,0.0228937728937729,0.008434927626711062,0.18867924528301888,4.651515151515151,5.319029478398723,2.043197572529376,0.8817675167953309,4.416666666666666,0.2727272727272727,0.42286062891244147,4.0,8.0,1.6492890995260663,0.7027772439260954,0.03225806451612903,0.0
665,2,94.0,303.0,3.223404255319149,0.034660260809883325,0.2391304347826087,0.06521739130434782,0.21428571428571427,0.6428571428571429,0.2714285714285714,0.4714285714285714,0.22340425531914893,0.0,0.23809523809523808,0.5238095238095238,0.5678368871679761,0.39859903772975086,0.38876984126984127,0.449287829262604,0.0,0.023900462962962978,0.027029603904727032,0.2909090909090909,4.328571428571428,6.095190378954009,2.1051514033600696,0.9409798214864724,4.774647887323944,0.2714285714285714,0.4539929713231687,5.0,10.0,2.0372670807453415,1.003031467030215,0.05319148936170213,0.0
666,2,94.0,301.0,3.202127659574468,0.03443148021047815,0.2608695652173913,0.07608695652173914,0.25,0.6176470588235294,0.22058823529411764,0.4852941176470588,0.22340425531914893,0.0,0.19047619047619047,0.5238095238095238,0.5276569021387703,0.41646157395879246,0.387846649824204,0.44597184153560443,0.0,0.06913486247263725,0.008500836284927192,0.16363636363636364,4.426470588235294,5.26411727081693,2.137916480817671,1.0512744184760614,5.666666666666666,0.23529411764705882,0.47583878846081035,6.0,8.0,1.7371134020618557,0.9911643655369503,0.07446808510638298,0.0
667,2,94.0,274.0,2.9148936170212765,0.03134294211850835,0.2608695652173913,0.09782608695652174,0.22058823529411764,0.6176470588235294,0.2647058823529412,0.47058823529411764,0.20212765957446807,0.0,0.15789473684210525,0.42105263157894735,0.5461818599493669,0.4057579330944606,0.3897260419319243,0.44963220833047557,0.0,0.03891715590345732,0.0008576329331046312,0.018867924528301886,4.029411764705882,4.535006749276007,2.094411489573605,0.9753644399576644,4.873239436619718,0.27941176470588236,0.5166616440485687,5.0,10.0,1.9267563527653213,0.918384305431732,0.05319148936170213,0.0
668,2,88.0,245.0,2.784090909090909,0.03200104493207941,0.23255813953488372,0.18604651162790697,0.24242424242424243,0.6212121212121212,0.30303030303030304,0.48484848484848486,0.23863636363636365,0.0,0.19047619047619047,0.5238095238095238,0.5865909634207827,0.4007206079857817,0.4084325396825397,0.4600361733853252,0.0,0.01923076923076925,0.018136968358609642,0.22641509433962265,3.712121212121212,4.060182457117116,2.1327954386656574,0.9422488842145735,4.686274509803921,0.25757575757575757,0.4166547965352033,4.0,10.0,1.8003629764065336,0.8421184621965108,0.045454545454545456,0.0
669,2,94.0,300.0,3.1914893617021276,0.03431708991077557,0.2391304347826087,0.15217391304347827,0.24285714285714285,0.6285714285714286,0.24285714285714285,0.44285714285714284,0.22340425531914893,0.0,0.09523809523809523,0.47619047619047616,0.49985948521251067,0.40519646239667556,0.35969736612593756,0.4446643156213718,0.0,0.037248168498168525,0.005190628464722792,0.18181818181818182,4.285714285714286,5.559018934253342,2.1458237534844624,1.0269635746102115,5.892857142857142,0.24285714285714285,0.39463186798106187,5.0,11.0,1.8240887480190173,0.9540838296586152,0.06382978723404255,0.0
67,2,91.0,262.0,2.879120879120879,0.03199023199023199,0.24719101123595505,0.1348314606741573,0.2835820895522388,0.6119402985074627,0.2537313432835821,0.4626865671641791,0.23076923076923078,0.0,0.19047619047619047,0.5714285714285714,0.6304835519435482,0.39795820030500173,0.4002584148852806,0.45452673293576645,NaN,NaN,NaN,NaN,3.91044776119403,4.371849838294243,2.1280606086981337,0.950950168638087,4.444444444444445,0.22388059701492538,0.49861158176859155,4.0,11.0,1.6934579439252337,0.7737828460820876,0.06593406593406594,0.0
670,2,88.0,296.0,3.3636363636363638,0.038662486938349006,0.20930232558139536,0.08139534883720931,0.23529411764705882,0.6029411764705882,0.22058823529411764,0.4264705882352941,0.23863636363636365,0.0,0.14285714285714285,0.5238095238095238,0.5173076779345828,0.39259993022908657,0.3635658051099227,0.44816653835417064,0.0,0.02863802863802866,0.0038313955199098773,0.16363636363636364,4.352941176470588,4.934692011688216,2.197358361197294,1.003800301376122,5.0,0.2647058823529412,0.42620159048663664,4.0,9.0,1.8772727272727272,0.9243453910668247,0.022727272727272728,0.0
671,2,97.0,383.0,3.948453608247423,0.04112972508591065,0.25263157894736843,0.06315789473684211,0.19718309859154928,0.6197183098591549,0.2112676056338028,0.5070422535211268,0.21649484536082475,0.0,0.09523809523809523,0.5238095238095238,0.54434902906953,0.3890475413764912,0.3817329262499977,0.43285476065913675,0.0,0.022089947089947114,0.01586161896975696,0.26785714285714285,5.394366197183099,6.844140086316672,2.0849112861902963,0.9082856223270106,4.511627906976744,0.2676056338028169,0.4659357775652924,4.0,10.0,1.7056778679026652,0.7154592074668168,0.05154639175257732,0.0
672,2,93.0,227.0,2.4408602150537635,0.026531089294062647,0.27472527472527475,0.21978021978021978,0.25757575757575757,0.6060606060606061,0.24242424242424243,0.4696969696969697,0.0,0.0,NaN,NaN,0.5376369682637439,0.42013943785951896,0.38918556191283465,0.44509114890195317,0.0,0.022206959706959732,0.004217657342657342,0.1346153846153846,3.4393939393939394,3.1384895332176197,2.0610505230692535,0.9224506955092595,4.7,0.22727272727272727,0.36662241614102076,6.0,8.0,2.0641509433962266,1.2280733738574254,0.0,0.0
673,2,97.0,313.0,3.2268041237113403,0.03361254295532646,0.2736842105263158,0.09473684210526316,0.2608695652173913,0.6086956521739131,0.2318840579710145,0.43478260869565216,0.21649484536082475,0.0,0.14285714285714285,0.5238095238095238,0.5495909657697065,0.3966349256854413,0.3764003709655884,0.4503196408925785,0.0,0.037496775524944556,0.004443454293261533,0.2857142857142857,4.536231884057971,5.1323074450138835,2.1739917974164498,1.1403142546153895,5.6,0.2898550724637681,0.531200266383615,6.0,12.0,2.252502780867631,1.1749434278865978,0.07216494845360824,0.0
674,2,95.0,285.0,3.0,0.031914893617021274,0.24731182795698925,0.10752688172043011,0.2857142857142857,0.6285714285714286,0.18571428571428572,0.4142857142857143,0.22105263157894736,0.0,0.14285714285714285,0.5238095238095238,0.46356694805281945,0.409319628873539,0.3449130763416478,0.43720912902276876,NaN,NaN,NaN,NaN,4.071428571428571,4.743634723856247,2.1572713981835054,1.0784549924132925,6.0,0.17142857142857143,0.3972218411579016,5.0,9.0,2.216551724137931,1.2298100846680782,0.0,0.0
675,2,99.0,405.0,4.090909090909091,0.041743970315398886,0.28865979381443296,0.1134020618556701,0.2028985507246377,0.6086956521739131,0.21739130434782608,0.4927536231884058,0.21212121212121213,0.0,0.09523809523809523,0.6190476190476191,0.5542114968583987,0.3849243203650779,0.3836849264518153,0.4354078809085215,0.0,0.023439625850340175,0.022030735769311215,0.2545454545454545,5.869565217391305,8.23713443083901,2.00799851328857,0.8600926450552998,4.0,0.2608695652173913,0.41170983972593705,4.0,11.0,1.593279258400927,0.5979867807115086,0.06060606060606061,0.0
676,2,91.0,258.0,2.8351648351648353,0.0315018315018315,0.23595505617977527,0.12359550561797752,0.25,0.5882352941176471,0.22058823529411764,0.4852941176470588,0.23076923076923078,0.0,0.14285714285714285,0.5714285714285714,0.5798589994710005,0.40003320436277556,0.36585155041037387,0.4376165080261742,NaN,NaN,NaN,NaN,3.7941176470588234,3.799288321139451,2.1648337739155052,0.9999395696738143,5.181818181818182,0.2647058823529412,0.41178349521279145,5.0,7.0,1.8453237410071943,0.9833733463167277,0.02197802197802198,0.0
677,2,90.0,248.0,2.7555555555555555,0.030961298377028715,0.23863636363636365,0.13636363636363635,0.26865671641791045,0.5970149253731343,0.2835820895522388,0.44776119402985076,0.2222222222222222,0.0,0.15,0.5,0.5115879620366259,0.4281832935220358,0.3798717037523008,0.46037362260583914,0.0,0.0064102564102563875,0.011169514227309926,0.2222222222222222,3.701492537313433,4.441590369598158,2.1560591111433975,1.0242966701746867,5.708333333333334,0.23880597014925373,0.5323546414762244,6.0,8.0,1.8576709796672828,1.0310374723175333,0.044444444444444446,0.0
678,2,99.0,413.0,4.171717171717172,0.04256854256854257,0.26804123711340205,0.05154639175257732,0.19718309859154928,0.6056338028169014,0.2112676056338028,0.49295774647887325,0.21212121212121213,0.0,0.14285714285714285,0.5238095238095238,0.5503736258834185,0.3878311843826715,0.3775114550988123,0.43907462080975945,0.0,0.052505623031938876,0.007529966735377254,0.23214285714285715,5.816901408450704,7.154039536523461,2.090753060013322,0.9654655328862848,5.583333333333334,0.2676056338028169,0.4554642179352147,6.0,12.0,1.8470343392299688,0.9278750633542155,0.06060606060606061,0.0
679,2,101.0,303.0,3.0,0.03,0.2828282828282828,0.08080808080808081,0.19718309859154928,0.6338028169014085,0.2676056338028169,0.4788732394366197,0.2079207920792079,0.0,0.19047619047619047,0.47619047619047616,0.5820122029277847,0.4059550651311565,0.3854827684053036,0.44869910754072456,0.0,0.04633127289377296,0.029036974443160543,0.3090909090909091,4.267605633802817,4.834275677696485,2.0281567200559993,0.9130418396724472,4.634615384615385,0.29577464788732394,0.42975380109062017,5.0,11.0,1.8581460674157304,0.9068211217478812,0.04950495049504951,0.0
68,2,100.0,385.0,3.85,0.03888888888888889,0.2755102040816326,0.08163265306122448,0.2112676056338028,0.6056338028169014,0.2535211267605634,0.4788732394366197,0.21,0.0,0.14285714285714285,0.6190476190476191,0.5500022073513527,0.4084911855651042,0.38289681966152556,0.44893805820504257,0.0,0.017868231495280648,0.031152499632266815,0.2727272727272727,5.422535211267606,7.178662772074688,2.0472409897297394,0.881074381111036,4.25,0.29577464788732394,0.46117560160721754,4.0,9.0,1.736723163841808,0.7350751009551867,0.06,0.0
680,2,90.0,293.0,3.2555555555555555,0.0365792759051186,0.25,0.03409090909090909,0.24242424242424243,0.6212121212121212,0.24242424242424243,0.5,0.23333333333333334,0.0,0.23809523809523808,0.47619047619047616,0.5708830684139274,0.3996308215732532,0.4121900826446281,0.4510263880302306,0.0,0.03142857142857141,0.011225005024059693,0.2830188679245283,4.4393939393939394,5.323760347951834,2.2182062506219533,1.1757457258550854,5.557377049180328,0.2727272727272727,0.5590127381156923,6.0,11.0,2.4077777777777776,1.3178611938717932,0.06666666666666667,0.0
681,2,95.0,395.0,4.157894736842105,0.044232922732362824,0.26881720430107525,0.021505376344086023,0.23529411764705882,0.6176470588235294,0.29411764705882354,0.5147058823529411,0.22105263157894736,0.0,0.14285714285714285,0.5238095238095238,0.5962836897413749,0.4021904254407542,0.4055924814806029,0.4589671781145267,0.0,0.01587301587301585,0.025148772574363324,0.34545454545454546,5.8088235294117645,9.121497247058445,2.079868468810339,0.9353723989781506,5.0,0.25,0.4525330336269386,4.0,13.0,1.8621041879468845,0.8700798363650954,0.07368421052631578,0.0
682,2,97.0,305.0,3.1443298969072164,0.03275343642611684,0.25263157894736843,0.11578947368421053,0.28169014084507044,0.6197183098591549,0.2535211267605634,0.4225352112676056,0.21649484536082475,0.0,0.09523809523809523,0.5714285714285714,0.4797585218688646,0.4256188771491147,0.3633076626034373,0.45244213842094233,0.0,0.005860805860805855,0.011827518892049336,0.21428571428571427,4.295774647887324,5.454734159286861,2.106988284218344,0.9527413818777452,4.833333333333334,0.22535211267605634,0.4509205995544175,4.0,8.0,1.755043227665706,0.791693299805522,0.020618556701030927,0.0
683,2,95.0,347.0,3.6526315789473682,0.03885778275475924,0.24731182795698925,0.11827956989247312,0.2,0.6,0.22857142857142856,0.4714285714285714,0.22105263157894736,0.0,0.14285714285714285,0.5238095238095238,0.5556682376152596,0.411616635072677,0.36822344322344325,0.43990663375694256,0.0,0.02055555555555557,0.00931497175141243,0.18181818181818182,4.957142857142857,7.057600927288344,2.0892610858242153,0.8961271566049572,4.560975609756097,0.2857142857142857,0.3731919024219475,4.0,7.0,1.5841584158415842,0.7683920323368851,0.021052631578947368,0.0
684,2,98.0,361.0,3.683673469387755,0.03797601514832737,0.25,0.07291666666666667,0.2361111111111111,0.625,0.2361111111111111,0.4444444444444444,0.21428571428571427,0.0,0.14285714285714285,0.5238095238095238,0.5036237133152758,0.39238037892220085,0.35584656084656086,0.4432258150580412,0.0,0.01576450892857144,0.015948659653904986,0.32142857142857145,5.013888888888889,5.956398040870276,2.1320328685315135,0.994033425492887,4.916666666666666,0.2777777777777778,0.4179078535033498,4.0,10.0,1.9359916054564532,0.888237495644579,0.04081632653061224,0.0
685,2,93.0,325.0,3.4946236559139785,0.03798503973819542,0.23076923076923078,0.07692307692307693,0.21428571428571427,0.6142857142857143,0.21428571428571427,0.5,0.22580645161290322,0.0,0.14285714285714285,0.5714285714285714,0.5205245094346428,0.39893014358090073,0.36778001551497785,0.4347854815690869,0.0,0.03385416666666668,0.009035855329921657,0.25,4.642857142857143,6.100690657707143,2.0986531350444855,0.8506431474330174,4.051948051948052,0.3,0.4249665196922807,4.0,10.0,1.8187134502923976,0.7581721709110252,0.03225806451612903,0.0
686,2,93.0,314.0,3.3763440860215055,0.036699392239364186,0.23076923076923078,0.08791208791208792,0.24285714285714285,0.6142857142857143,0.2571428571428571,0.45714285714285713,0.22580645161290322,0.0,0.14285714285714285,0.47619047619047616,0.5098928446493382,0.4082576624179628,0.370444223143803,0.44756809197771935,0.0,0.018140589569161005,0.006246747823275916,0.23214285714285715,4.485714285714286,4.957041126395711,2.175024651879835,1.0069409719579412,4.869565217391305,0.2571428571428571,0.5669773609681235,4.0,10.0,1.7507246376811594,0.7910279157798719,0.0967741935483871,0.0
687,2,94.0,262.0,2.7872340425531914,0.02997025852207733,0.2608695652173913,0.15217391304347827,0.25,0.5882352941176471,0.25,0.45588235294117646,0.22340425531914893,0.0,0.14285714285714285,0.5238095238095238,0.5565759923885822,0.42597440791493657,0.39217191262469897,0.4523826291172937,0.0,0.04396929824561402,0.011784511784511783,0.14814814814814814,3.8529411764705883,4.030720486250466,2.0705692235729787,0.9256678306180387,5.076923076923077,0.2647058823529412,0.3681066503789994,5.0,7.0,1.6122004357298474,0.8345326301766186,0.0,0.0
688,2,99.0,324.0,3.272727272727273,0.03339517625231911,0.26804123711340205,0.10309278350515463,0.2676056338028169,0.6338028169014085,0.15492957746478872,0.43661971830985913,0.21212121212121213,0.0,0.09523809523809523,0.5714285714285714,0.48219232083927627,0.3823972114438804,0.33803528082841733,0.42503086074548435,0.0,0.018477182539682578,0.01521954167341868,0.2545454545454545,4.563380281690141,4.830653296150081,2.077650060801986,0.9605670985490127,5.25,0.2112676056338028,0.41274860074702024,6.0,8.0,1.9475,0.9853717302665586,0.030303030303030304,0.0
689,2,90.0,295.0,3.2777777777777777,0.03682896379525593,0.23863636363636365,0.10227272727272728,0.2537313432835821,0.6119402985074627,0.2835820895522388,0.4925373134328358,0.23333333333333334,0.0,0.19047619047619047,0.5238095238095238,0.5990578763866304,0.4166670835488178,0.4042542180907261,0.45542971481666,0.0,0.04562569213732007,0.01750333803555092,0.2545454545454545,4.402985074626866,5.540647871242784,2.1082536103743004,0.8978319849920585,4.466666666666667,0.22388059701492538,0.48070451191920355,4.0,10.0,1.8198924731182795,0.7850089294893369,0.05555555555555555,0.0
69,2,98.0,351.0,3.5816326530612246,0.03692404796970335,0.2708333333333333,0.08333333333333333,0.2,0.6,0.3,0.45714285714285713,0.21428571428571427,0.0,0.14285714285714285,0.5238095238095238,0.5829064816951011,0.41583547661145914,0.4083084772370487,0.46565177698352667,0.0,0.029564995535144814,0.006370407268362596,0.2909090909090909,5.014285714285714,6.912481584519028,2.147822815831192,1.1252820145396119,6.090909090909091,0.3142857142857143,0.5410018261111024,6.0,10.0,2.093073593073593,1.1287610399766155,0.09183673469387756,0.0
690,2,95.0,278.0,2.9263157894736844,0.03113101903695409,0.24731182795698925,0.17204301075268819,0.24285714285714285,0.6285714285714286,0.2,0.4714285714285714,0.22105263157894736,0.0,0.14285714285714285,0.5238095238095238,0.5378236617879475,0.4070821669460815,0.3858189033189033,0.4390916814501816,0.0,0.0093073593073593,0.01988582347539567,0.3090909090909091,3.9714285714285715,4.751724106845604,2.1115472097192813,0.973680132380894,5.416666666666666,0.2571428571428571,0.3666367625566293,5.0,8.0,1.7954545454545454,0.9460658532210069,0.021052631578947368,0.0
691,2,94.0,303.0,3.223404255319149,0.034660260809883325,0.25,0.07608695652173914,0.2463768115942029,0.6231884057971014,0.2318840579710145,0.463768115942029,0.22340425531914893,0.0,0.14285714285714285,0.5714285714285714,0.5974795314162767,0.4006873573968448,0.38275247296986425,0.4478118189454713,0.0,0.03261261261261262,0.011589283369697521,0.2962962962962963,4.391304347826087,5.139859780944898,2.1345927038054406,0.9819468298610825,4.809523809523809,0.2318840579710145,0.47667133810646106,6.0,11.0,2.013205282112845,0.9823286831314837,0.07446808510638298,0.0
692,2,94.0,347.0,3.6914893617021276,0.03969343399679707,0.2391304347826087,0.17391304347826086,0.21428571428571427,0.6428571428571429,0.21428571428571427,0.4857142857142857,0.22340425531914893,0.0,0.19047619047619047,0.5238095238095238,0.5416058598744107,0.3916056050226616,0.3779060682243912,0.4392721383108855,0.0,0.004464285714285722,0.009216834071506272,0.21428571428571427,4.957142857142857,6.605741275994922,2.1148986368600005,0.9493304331386255,4.916666666666666,0.2571428571428571,0.3391680941587273,5.0,9.0,1.775766016713092,0.8797253983015078,0.07446808510638298,0.0
693,2,97.0,284.0,2.9278350515463916,0.03049828178694158,0.2631578947368421,0.08421052631578947,0.24285714285714285,0.6142857142857143,0.22857142857142856,0.44285714285714284,0.21649484536082475,0.0,0.09523809523809523,0.47619047619047616,0.5314579487201553,0.4041855988579619,0.3618596569062407,0.4396176280689484,0.0,0.023763118440779645,0.005487012987012986,0.12727272727272726,4.057142857142857,5.361931607080251,2.0743700259431734,0.9301081218335795,5.3076923076923075,0.22857142857142856,0.4509484974213943,5.0,8.0,1.9238754325259515,1.1144633817089231,0.0,0.0
694,2,95.0,332.0,3.4947368421052634,0.03717805151175812,0.22580645161290322,0.10752688172043011,0.2361111111111111,0.625,0.2361111111111111,0.4305555555555556,0.22105263157894736,0.0,0.14285714285714285,0.47619047619047616,0.5081509947296994,0.4001032914877955,0.35763279727095515,0.44607372424284114,0.0,0.039434523809523864,0.007311632599376177,0.26785714285714285,4.611111111111111,5.638288511560324,2.1948933057831397,1.0632392574009475,5.304347826086957,0.2777777777777778,0.4667192535663053,6.0,11.0,2.1237230419977298,1.124880896938875,0.07368421052631578,0.0
695,2,93.0,263.0,2.827956989247312,0.030738662926601216,0.24175824175824176,0.17582417582417584,0.2463768115942029,0.6231884057971014,0.2608695652173913,0.4492753623188406,0.22580645161290322,0.0,0.23809523809523808,0.42857142857142855,0.5351618957262211,0.4062430139324125,0.38097968012155653,0.45566406921308106,0.0,0.006343984962406036,0.00873978615118831,0.2,3.8115942028985508,4.205302543214447,2.130263342915371,0.9909308288937057,5.279069767441861,0.2463768115942029,0.43219663284514903,5.0,12.0,1.9865470852017937,0.9341162878206762,0.06451612903225806,0.0
696,2,93.0,271.0,2.913978494623656,0.031673679289387566,0.23076923076923078,0.1978021978021978,0.2571428571428571,0.6142857142857143,0.2571428571428571,0.44285714285714284,0.22580645161290322,0.0,0.09523809523809523,0.5238095238095238,0.5557866490613339,0.4020872742615462,0.3700079518987082,0.4566818776851284,NaN,NaN,NaN,NaN,3.8714285714285714,4.555364503055007,2.1386778833996356,0.9782245072602797,6.0,0.21428571428571427,0.2872199200249204,5.0,7.0,1.967687074829932,1.1154681788194236,0.0,0.0
697,2,98.0,295.0,3.010204081632653,0.031033031769408793,0.2604166666666667,0.11458333333333333,0.2112676056338028,0.6197183098591549,0.2112676056338028,0.4507042253521127,0.21428571428571427,0.0,0.19047619047619047,0.5238095238095238,0.5460167096325318,0.4050882016567512,0.37328591431630725,0.439828743717213,0.0,0.02521604938271611,0.014994456342832363,0.26785714285714285,4.154929577464789,5.197933345705617,2.080774143365902,0.9300618532712708,4.972972972972973,0.29577464788732394,0.4134323267605752,5.0,9.0,2.0710659898477157,1.0741388232672588,0.030612244897959183,0.0
698,2,90.0,242.0,2.688888888888889,0.030212234706616728,0.19318181818181818,0.20454545454545456,0.2535211267605634,0.6619718309859155,0.29577464788732394,0.4084507042253521,0.23333333333333334,0.0,0.23809523809523808,0.5238095238095238,0.5185269654092289,0.4296858002886413,0.37023809523809526,0.4653437273462477,NaN,NaN,NaN,NaN,3.408450704225352,4.072827956763257,2.1659601901866203,0.930510065007352,4.6,0.19718309859154928,0.5105979101449297,4.0,10.0,1.687007874015748,0.7260091283005661,0.07777777777777778,0.0
699,2,94.0,305.0,3.24468085106383,0.034889041409288495,0.22826086956521738,0.15217391304347827,0.22535211267605634,0.6338028169014085,0.29577464788732394,0.4788732394366197,0.22340425531914893,0.0,0.19047619047619047,0.47619047619047616,0.5473673525288021,0.41633866110729256,0.3940079070916728,0.45994834672016854,0.0,0.05712962962962961,0.038712176373618644,0.32142857142857145,4.295774647887324,4.5462523536179384,2.1797283606446,1.07061216422845,5.727272727272727,0.2535211267605634,0.5315975631168028,7.0,11.0,1.9054652880354506,1.1146879644272016,0.06382978723404255,0.0
7,2,92.0,232.0,2.5217391304347827,0.02771141901576684,0.24444444444444444,0.15555555555555556,0.2647058823529412,0.6176470588235294,0.3235294117647059,0.45588235294117646,0.22826086956521738,0.0,0.14285714285714285,0.47619047619047616,0.6052781847328416,0.4089807899773061,0.4109959893048128,0.4674387928540803,NaN,NaN,NaN,NaN,3.411764705882353,4.225845474418238,2.1365824110741585,0.986930598889366,4.76,0.2647058823529412,0.422919173767251,6.0,9.0,2.112927191679049,1.063054850525962,0.05434782608695652,0.0
70,2,95.0,374.0,3.9368421052631577,0.04188129899216125,0.23655913978494625,0.03225806451612903,0.22535211267605634,0.6056338028169014,0.23943661971830985,0.4788732394366197,0.22105263157894736,0.0,0.14285714285714285,0.5238095238095238,0.5455974557489683,0.3894000629949961,0.37557243468642093,0.4463917459100621,0.0,0.054354354354354366,0.026214244719539783,0.30357142857142855,5.267605633802817,6.8597329112496865,2.1481255954941743,0.9761144054434399,4.75,0.29577464788732394,0.5037473805302769,5.0,10.0,1.9717868338557993,0.9352679814847127,0.08421052631578947,0.0
700,2,92.0,303.0,3.2934782608695654,0.036192068800764456,0.23333333333333334,0.18888888888888888,0.2318840579710145,0.6231884057971014,0.21739130434782608,0.463768115942029,0.22826086956521738,0.0,0.14285714285714285,0.5238095238095238,0.5343050682146554,0.40455965838564223,0.38567680730152126,0.4479130771809839,0.0,0.05228616412826943,0.015557359307359303,0.26785714285714285,4.391304347826087,4.643836494893456,2.104053943711872,0.9028507260006281,4.7,0.2753623188405797,0.34088894703651085,4.0,7.0,1.732394366197183,0.7930333777814271,0.0,0.0
701,2,96.0,311.0,3.2395833333333335,0.03410087719298246,0.24468085106382978,0.14893617021276595,0.23943661971830985,0.6056338028169014,0.16901408450704225,0.4507042253521127,0.21875,0.0,0.09523809523809523,0.47619047619047616,0.48391500620023803,0.40315407977261275,0.35144421076484045,0.4344638177629033,0.0,0.009687500000000009,0.010023105729355037,0.18181818181818182,4.380281690140845,4.482875981150298,2.1386346541326504,0.9787146614729992,4.9,0.2676056338028169,0.38510834419917095,5.0,10.0,1.770440251572327,0.9053509144603918,0.07291666666666667,0.0
702,2,96.0,334.0,3.4791666666666665,0.03662280701754386,0.2553191489361702,0.14893617021276595,0.21428571428571427,0.6142857142857143,0.2571428571428571,0.44285714285714284,0.21875,0.0,0.19047619047619047,0.5238095238095238,0.5205318014461534,0.4124828248357082,0.3815079365079365,0.4525169876464094,0.0,0.01845238095238095,0.011270516850873992,0.26785714285714285,4.771428571428571,6.844380808681259,2.1145404369716814,0.9805485411653392,5.083333333333334,0.2714285714285714,0.37219987488363754,5.0,11.0,2.0024009603841537,1.0047933185864644,0.020833333333333332,0.0
703,2,93.0,306.0,3.2903225806451615,0.03576437587657784,0.26373626373626374,0.06593406593406594,0.208955223880597,0.6119402985074627,0.23880597014925373,0.4925373134328358,0.22580645161290322,0.0,0.14285714285714285,0.47619047619047616,0.5735481180241752,0.382727289325218,0.38487463524776955,0.43920230128044196,0.0,0.028823028823028837,0.022613447353030686,0.25,4.567164179104478,6.140338260835906,2.0698447763730434,0.9087499514883682,4.425531914893617,0.26865671641791045,0.41581728126615797,4.0,8.0,1.717741935483871,0.6771862123174912,0.0,0.0
704,2,86.0,293.0,3.4069767441860463,0.04008207934336525,0.23809523809523808,0.05952380952380952,0.265625,0.5625,0.234375,0.453125,0.2441860465116279,0.0,0.14285714285714285,0.5238095238095238,0.568786728777495,0.3844283560877728,0.3678485576923077,0.4433592167168079,0.0,0.06142575373344607,0.004209213236121871,0.17647058823529413,4.578125,6.886390275880828,2.211218672434587,1.0596999053066005,5.017543859649123,0.28125,0.4643273390571933,5.0,12.0,2.308894230769231,1.2847406677084323,0.06976744186046512,0.0
705,2,98.0,344.0,3.510204081632653,0.036187670944666524,0.2604166666666667,0.11458333333333333,0.2112676056338028,0.5915492957746479,0.2535211267605634,0.4647887323943662,0.21428571428571427,0.0,0.14285714285714285,0.5238095238095238,0.5229935209325904,0.3993496262987873,0.38575899843505473,0.44423157838353544,0.0,0.02873015873015873,0.015276537339073564,0.25,4.845070422535211,6.307926730537296,2.1156970347946453,1.019275650909486,5.545454545454545,0.29577464788732394,0.4623841087505928,5.0,9.0,1.7177177177177176,0.9019035266172918,0.05102040816326531,0.0
706,2,95.0,290.0,3.0526315789473686,0.032474804031354984,0.23655913978494625,0.1935483870967742,0.23943661971830985,0.6197183098591549,0.30985915492957744,0.4788732394366197,0.22105263157894736,0.0,0.23809523809523808,0.5238095238095238,0.5242480631653167,0.4377863943750774,0.4025402414486922,0.45977267543920436,0.0,0.023333333333333338,0.011841027276295131,0.21428571428571427,4.084507042253521,4.6375685713012516,2.099774015282112,0.9001982993045485,5.0,0.2112676056338028,0.4651591548797545,4.0,10.0,1.621342512908778,0.6881952319728947,0.031578947368421054,0.0
707,2,97.0,368.0,3.7938144329896906,0.03951890034364261,0.25263157894736843,0.06315789473684211,0.19718309859154928,0.6197183098591549,0.28169014084507044,0.4788732394366197,0.21649484536082475,0.0,0.14285714285714285,0.6190476190476191,0.5391398110636828,0.4080907798904368,0.38820970983357067,0.44837252471811606,0.0,0.016666666666666673,0.022741781769301923,0.3392857142857143,5.183098591549296,8.01660751040333,2.0879348962523707,0.9087552768198558,4.347222222222222,0.29577464788732394,0.46715676681906904,5.0,10.0,1.7581699346405228,0.8893357703621713,0.08247422680412371,0.0
708,2,93.0,364.0,3.913978494623656,0.04254324450677887,0.24175824175824176,0.07692307692307693,0.2028985507246377,0.5942028985507246,0.2608695652173913,0.4492753623188406,0.22580645161290322,0.0,0.19047619047619047,0.5238095238095238,0.5559708472327319,0.4109892432477232,0.3875184640344823,0.45571085196632977,0.0,0.016672319897488123,0.012079908254624164,0.23636363636363636,5.27536231884058,6.974499893458553,2.1172203343354337,0.9109269822755064,4.272727272727273,0.34782608695652173,0.43784334011299925,4.0,11.0,1.7700471698113207,0.7653653880528499,0.053763440860215055,0.0
709,2,95.0,273.0,2.873684210526316,0.030571108622620382,0.26881720430107525,0.07526881720430108,0.22058823529411764,0.6029411764705882,0.25,0.45588235294117646,0.22105263157894736,0.0,0.19047619047619047,0.47619047619047616,0.4986859821743677,0.39853683401418305,0.36373333816285136,0.4397523855752201,0.0,0.015589569160997787,0.01373178489319008,0.2777777777777778,4.014705882352941,5.4649292905772935,2.13941340834652,1.056888115403103,5.190476190476191,0.3088235294117647,0.5385366348560102,6.0,10.0,2.175392670157068,1.153089974993769,0.031578947368421054,0.0
71,2,98.0,351.0,3.5816326530612246,0.03692404796970335,0.25,0.125,0.19444444444444445,0.625,0.25,0.4722222222222222,0.21428571428571427,0.0,0.19047619047619047,0.5238095238095238,0.546622391944726,0.401783190843713,0.3799386955636955,0.4527941734699261,0.0,0.020981785141941434,0.008838607971466758,0.25,4.875,5.73090829268406,2.088697350259942,0.9284253660172144,4.888888888888889,0.3055555555555556,0.3694453283556827,5.0,9.0,1.8844221105527639,0.9669811898886966,0.05102040816326531,0.0
710,2,86.0,296.0,3.441860465116279,0.04049247606019152,0.17857142857142858,0.09523809523809523,0.2318840579710145,0.6521739130434783,0.2463768115942029,0.42028985507246375,0.2441860465116279,0.0,0.19047619047619047,0.42857142857142855,0.5019623466565437,0.41915650952887046,0.35329205818336257,0.4525436905386943,0.0,0.08579881656804735,0.016325442945740842,0.30357142857142855,4.2898550724637685,4.872194363925111,2.191980797021603,0.9158360932597336,4.571428571428571,0.2318840579710145,0.42270590351852966,5.0,12.0,2.0464576074332173,0.9487701315097173,0.046511627906976744,0.0
711,2,93.0,382.0,4.10752688172043,0.044647031323048154,0.24175824175824176,0.04395604395604396,0.2028985507246377,0.6231884057971014,0.2028985507246377,0.4927536231884058,0.0,0.0,NaN,NaN,0.5366371056479782,0.38332997026541943,0.3804368495976181,0.4395620300316193,0.0,0.03103741496598637,0.014087618663671843,0.3090909090909091,5.536231884057971,7.187774977133719,2.130286119280507,0.9650628998449241,4.75,0.30434782608695654,0.4227151726482951,4.0,12.0,1.9516765285996056,0.8812134626376515,0.053763440860215055,0.0
712,2,96.0,282.0,2.9375,0.030921052631578946,0.24468085106382978,0.13829787234042554,0.19718309859154928,0.6056338028169014,0.29577464788732394,0.4507042253521127,0.21875,0.0,0.14285714285714285,0.5238095238095238,0.5312829901564983,0.41430755822543924,0.38048137308700686,0.4602776144541507,NaN,NaN,NaN,NaN,3.971830985915493,5.687007324936667,2.089609901625367,0.9210275466920465,5.0,0.29577464788732394,0.4034645921372608,5.0,10.0,1.9657631954350927,0.9510733160040389,0.0625,0.0
713,2,94.0,276.0,2.9361702127659575,0.031571722717913524,0.25,0.10869565217391304,0.2608695652173913,0.6376811594202898,0.2028985507246377,0.463768115942029,0.22340425531914893,0.0,0.23809523809523808,0.47619047619047616,0.5355023691690064,0.39978477421937464,0.38054738295012897,0.44381544609442297,0.0,0.005639097744360959,0.024837908954712835,0.2545454545454545,4.0,4.445751441809691,2.1007309415645326,0.9639040263366052,5.333333333333334,0.2318840579710145,0.45154369988866894,5.0,11.0,2.083776595744681,1.05867922291319,0.05319148936170213,0.0
714,2,95.0,274.0,2.8842105263157896,0.030683090705487123,0.24731182795698925,0.17204301075268819,0.24285714285714285,0.6285714285714286,0.24285714285714285,0.44285714285714284,0.0,0.0,NaN,NaN,0.4958504582388512,0.41888958872955456,0.3626984126984127,0.4505514513111371,0.0,0.026785714285714326,0.01085702137998056,0.23214285714285715,3.914285714285714,4.37298311984618,2.102109144030304,0.9237048031363918,4.545454545454545,0.2571428571428571,0.3860749533378219,4.0,8.0,1.7521222410865875,0.8142124520077619,0.0,0.0
715,2,100.0,351.0,3.51,0.035454545454545454,0.2755102040816326,0.09183673469387756,0.2112676056338028,0.6197183098591549,0.2112676056338028,0.4788732394366197,0.21,0.0,0.09523809523809523,0.5238095238095238,0.5118621432177486,0.41119807414403803,0.3809592043044549,0.4411298549148621,0.0,0.031128488432410045,0.012666889521509088,0.2857142857142857,4.943661971830986,5.429778537824441,2.0676938294273075,0.9418086243134492,5.416666666666666,0.2676056338028169,0.49406760682518375,6.0,10.0,1.946236559139785,1.1092157695411078,0.02,0.0
716,2,88.0,248.0,2.8181818181818183,0.03239289446185998,0.22093023255813954,0.16279069767441862,0.2537313432835821,0.582089552238806,0.208955223880597,0.4925373134328358,0.23863636363636365,0.0,0.09523809523809523,0.5238095238095238,0.5978507380639577,0.38845422878122204,0.37594064310482217,0.43921688928688296,0.0,0.056818181818181816,0.037284531069908436,0.33962264150943394,3.701492537313433,3.7498077743586316,2.2112281046695603,1.031989220805523,5.888888888888889,0.26865671641791045,0.3949356196928021,5.0,7.0,1.8516666666666666,0.9024159128075978,0.022727272727272728,0.0
717,2,94.0,297.0,3.1595744680851063,0.03397391901166781,0.2391304347826087,0.10869565217391304,0.2,0.6428571428571429,0.2571428571428571,0.4857142857142857,0.22340425531914893,0.0,0.19047619047619047,0.47619047619047616,0.5336195431130545,0.40736512250118956,0.38379641632817674,0.44533458737403514,0.0,0.018973214285714295,0.01826015056336251,0.30357142857142855,4.242857142857143,5.903660653334579,2.123374643509316,0.9712943690462029,5.083333333333334,0.2714285714285714,0.43275449190745713,6.0,9.0,2.1237864077669903,1.084169635617218,0.02127659574468085,0.0
718,2,98.0,286.0,2.9183673469387754,0.03008626130864717,0.2604166666666667,0.13541666666666666,0.22535211267605634,0.6197183098591549,0.323943661971831,0.49295774647887325,0.21428571428571427,0.0,0.19047619047619047,0.5238095238095238,0.5546216279086436,0.4172598006412377,0.3976376127784578,0.4618738058943597,0.0,0.02692471590909095,0.028963422732205604,0.2727272727272727,4.028169014084507,4.675076259075248,2.1251773924431325,0.9954890606713549,4.739130434782609,0.29577464788732394,0.5093299093150753,5.0,11.0,1.9205921938088828,0.8797780131021131,0.05102040816326531,0.0
719,2,95.0,363.0,3.8210526315789473,0.0406494960806271,0.23655913978494625,0.06451612903225806,0.18309859154929578,0.6056338028169014,0.19718309859154928,0.49295774647887325,0.22105263157894736,0.0,0.09523809523809523,0.5714285714285714,0.5194930119657462,0.3895383530709981,0.3719315895372234,0.4338822335575069,0.0,0.0071969696969697095,0.01422104768254187,0.26785714285714285,5.112676056338028,5.982233925250542,2.130173812575357,0.9387090393535722,4.88,0.3380281690140845,0.4379983543991025,5.0,11.0,1.8294930875576036,0.8756378311011396,0.05263157894736842,0.0
72,2,93.0,285.0,3.064516129032258,0.033309957924263674,0.24175824175824176,0.12087912087912088,0.2753623188405797,0.6231884057971014,0.2608695652173913,0.43478260869565216,0.22580645161290322,0.0,0.23809523809523808,0.47619047619047616,0.5660200258508352,0.41549285293163285,0.3935990338164251,0.4633882235073818,0.0,0.07685881370091895,0.012397119341563786,0.14814814814814814,4.130434782608695,4.204035328524044,2.123503563135299,0.9621624083783358,4.957142857142857,0.2318840579710145,0.3812447821918232,4.0,7.0,1.8681318681318682,0.9222298968171948,0.0,0.0
720,2,92.0,275.0,2.989130434782609,0.03284758719541328,0.2222222222222222,0.16666666666666666,0.21428571428571427,0.6142857142857143,0.22857142857142856,0.4714285714285714,0.22826086956521738,0.0,0.14285714285714285,0.5714285714285714,0.5180521766705838,0.40187421246122806,0.3694166151309008,0.44003676144172876,0.0,0.012499999999999985,0.010270210522735775,0.23636363636363636,3.9285714285714284,5.119786647987488,2.1075851673759702,0.8785478568116497,5.064516129032258,0.24285714285714285,0.3416008009273543,4.0,9.0,1.829073482428115,0.8806460016327183,0.0,0.0
721,2,96.0,328.0,3.4166666666666665,0.035964912280701755,0.26595744680851063,0.0425531914893617,0.2463768115942029,0.6086956521739131,0.2463768115942029,0.5072463768115942,0.21875,0.0,0.09523809523809523,0.5238095238095238,0.561393197804331,0.39465438047543383,0.39631459522763873,0.4489528478653967,0.0,0.026330749354005204,0.013704046751338893,0.25925925925925924,4.753623188405797,5.188805249260036,2.083464902486515,0.9322646084826133,4.5,0.2463768115942029,0.516726535246424,5.0,12.0,1.871590909090909,0.814047439678397,0.09375,0.0
722,2,96.0,345.0,3.59375,0.03782894736842105,0.2553191489361702,0.02127659574468085,0.22857142857142856,0.6142857142857143,0.24285714285714285,0.45714285714285713,0.21875,0.0,0.19047619047619047,0.47619047619047616,0.49569394437954517,0.42629908737693356,0.3721928228655803,0.4519484051400556,0.0,0.030745341614906843,0.011748063377871223,0.2962962962962963,4.928571428571429,6.800088295614798,2.1509449563171117,1.0950374877682765,6.666666666666667,0.2714285714285714,0.4510583640602257,6.0,11.0,2.2868391451068617,1.3941060045058518,0.020833333333333332,0.0
723,2,93.0,289.0,3.10752688172043,0.03377746610565685,0.21978021978021978,0.15384615384615385,0.23943661971830985,0.6338028169014085,0.23943661971830985,0.4225352112676056,0.22580645161290322,0.0,0.19047619047619047,0.5238095238095238,0.4959009499951821,0.41927560157870547,0.36123966018332215,0.4516016120552555,0.0,0.020740740740740747,0.002535633300939424,0.125,4.070422535211268,6.437221991027702,2.1022353469357764,0.8535138700426709,4.9523809523809526,0.2112676056338028,0.33828473844643125,6.0,9.0,1.8508771929824561,0.9205554641853998,0.0,0.0
724,2,90.0,233.0,2.588888888888889,0.029088639200998752,0.23863636363636365,0.13636363636363635,0.23880597014925373,0.6268656716417911,0.29850746268656714,0.4925373134328358,0.23333333333333334,0.0,0.19047619047619047,0.47619047619047616,0.6028920834697983,0.4168635957187471,0.405907960199005,0.454245386926884,0.0,0.05952380952380952,0.012313070523057511,0.1320754716981132,3.4776119402985075,4.707692637411676,2.095958213148575,0.9236443363706022,5.333333333333334,0.22388059701492538,0.37180809817637445,5.0,8.0,1.752783964365256,0.9607928041984014,0.03333333333333333,0.0
725,2,96.0,264.0,2.75,0.02894736842105263,0.24468085106382978,0.14893617021276595,0.23943661971830985,0.5915492957746479,0.22535211267605634,0.4225352112676056,0.21875,0.0,0.14285714285714285,0.42857142857142855,0.5148770774214292,0.4062552935778659,0.334899593640273,0.438463400645196,0.0,0.00864197530864197,0.015353326650037363,0.23214285714285715,3.7183098591549295,4.154801348497043,2.1701118670151494,1.0451865860670215,5.5,0.2676056338028169,0.4403489777807592,5.0,8.0,1.8101933216168717,0.9283303946957054,0.03125,0.0
726,2,93.0,380.0,4.086021505376344,0.04441327723235157,0.23076923076923078,0.08791208791208792,0.22857142857142856,0.6142857142857143,0.2857142857142857,0.44285714285714284,0.22580645161290322,0.0,0.19047619047619047,0.42857142857142855,0.5200405088640456,0.4115302329291082,0.37928004535147397,0.46125339105468005,0.0,0.009325396825396792,0.00866803267357309,0.23214285714285715,5.428571428571429,6.923121162110251,2.113230647439871,0.9006947658039804,4.458823529411765,0.2571428571428571,0.39945608854077846,4.0,10.0,1.5259146341463414,0.6740098207764276,0.06451612903225806,0.0
727,2,93.0,249.0,2.6774193548387095,0.029102384291725104,0.23076923076923078,0.15384615384615385,0.2571428571428571,0.6142857142857143,0.22857142857142856,0.4714285714285714,0.22580645161290322,0.0,0.19047619047619047,0.42857142857142855,0.4887774309869117,0.4141246226820316,0.38335600907029477,0.44772373731147835,0.0,0.009523809523809542,0.01159008612252887,0.16363636363636364,3.557142857142857,2.951961834941,2.1594250876615053,1.007083031324353,5.666666666666666,0.22857142857142856,0.4108754684158488,5.0,9.0,1.6960167714884695,0.8683540305700223,0.03225806451612903,0.0
728,2,94.0,278.0,2.9574468085106385,0.03180050331731869,0.22826086956521738,0.11956521739130435,0.23943661971830985,0.647887323943662,0.22535211267605634,0.43661971830985913,0.22340425531914893,0.0,0.19047619047619047,0.5714285714285714,0.5104146436342738,0.4125190060116129,0.3585616261672599,0.44486990608653965,0.0,0.015967214209401767,0.015132980445480445,0.23636363636363636,3.915492957746479,5.189953148352359,2.1163460347009715,0.9214633617035057,5.076923076923077,0.22535211267605634,0.3895735485861317,4.0,7.0,1.7420494699646643,0.8522113064391528,0.0,0.0
729,2,93.0,262.0,2.817204301075269,0.030621785881252923,0.24175824175824176,0.2087912087912088,0.2608695652173913,0.6231884057971014,0.2318840579710145,0.43478260869565216,0.21505376344086022,0.0,0.15,0.45,0.47419965986092505,0.4123834470224649,0.36320362407318935,0.4519068316514445,NaN,NaN,NaN,NaN,3.7971014492753623,3.8789769351062278,2.1439127123140405,1.0224100734385206,5.666666666666666,0.2608695652173913,0.4182360802559431,5.0,9.0,1.8211091234347048,0.9333630106106157,0.03225806451612903,0.0
73,2,94.0,278.0,2.9574468085106385,0.03180050331731869,0.25,0.15217391304347827,0.2463768115942029,0.6086956521739131,0.2318840579710145,0.4492753623188406,0.22340425531914893,0.0,0.14285714285714285,0.5238095238095238,0.51712644038731,0.4113328180807709,0.3695824706694272,0.44410180466663096,0.0,0.004761904761904789,0.013460965474854363,0.2777777777777778,4.028985507246377,5.797999184538103,2.1277880353297505,0.9848836025400193,4.954545454545455,0.2753623188405797,0.4698648778277313,4.0,10.0,1.8300751879699249,0.8230476133592316,0.02127659574468085,0.0
730,2,96.0,267.0,2.78125,0.029276315789473685,0.24468085106382978,0.1276595744680851,0.23943661971830985,0.6056338028169014,0.19718309859154928,0.4507042253521127,0.21875,0.0,0.14285714285714285,0.6190476190476191,0.5160785119841509,0.3979035338661473,0.3593337804605411,0.4379387694386408,NaN,NaN,NaN,NaN,3.76056338028169,3.8115043476761414,2.1475046684459813,0.9928716190994354,4.777777777777778,0.29577464788732394,0.46895584443552296,5.0,13.0,2.077319587628866,1.0079431785970607,0.052083333333333336,0.0
731,2,95.0,353.0,3.7157894736842105,0.03952967525195969,0.24731182795698925,0.06451612903225806,0.22857142857142856,0.6142857142857143,0.2571428571428571,0.45714285714285713,0.22105263157894736,0.0,0.19047619047619047,0.5238095238095238,0.5444914844008347,0.4159038732235197,0.38053099017384734,0.45566625024780055,0.0,0.0203249540159412,0.020335321098023662,0.30357142857142855,5.042857142857143,6.31638245917712,2.105807501142335,0.9251389140745377,4.884615384615385,0.2571428571428571,0.42515105219384886,4.0,8.0,1.7723270440251573,0.8214621072594686,0.06315789473684211,0.0
732,2,97.0,292.0,3.0103092783505154,0.0313573883161512,0.25263157894736843,0.08421052631578947,0.2112676056338028,0.6056338028169014,0.2535211267605634,0.4647887323943662,0.21649484536082475,0.0,0.14285714285714285,0.5238095238095238,0.474281644071346,0.4258666581262712,0.368343901794606,0.45179235605344226,0.0,0.03379216269841268,0.013277618162302442,0.23636363636363636,4.112676056338028,4.871342718314496,2.1074413329003026,0.9559699108815288,4.666666666666666,0.30985915492957744,0.43419258501361924,4.0,9.0,1.8370273794002607,0.7720885026390137,0.030927835051546393,0.0
733,2,90.0,338.0,3.7555555555555555,0.04219725343320849,0.2159090909090909,0.14772727272727273,0.2463768115942029,0.6376811594202898,0.2608695652173913,0.4492753623188406,0.23333333333333334,0.0,0.23809523809523808,0.47619047619047616,0.5251370293951219,0.412149227907828,0.3770963336180727,0.4598288789086285,0.0,0.08461538461538462,0.020978940527259855,0.35714285714285715,4.898550724637682,6.403457079936982,2.162324052836195,0.9496478832959612,4.764705882352941,0.2463768115942029,0.37810786391641577,5.0,12.0,1.9335624284077892,0.922542993234773,0.05555555555555555,0.0
734,2,99.0,328.0,3.313131313131313,0.03380746237889095,0.27835051546391754,0.08247422680412371,0.2,0.6285714285714286,0.3142857142857143,0.4857142857142857,0.21212121212121213,0.0,0.14285714285714285,0.5238095238095238,0.5790069358752923,0.40701772175869944,0.4004349618635333,0.4628988115860903,0.0,0.01957019171304884,0.012061979034639885,0.2857142857142857,4.685714285714286,5.040539587928471,2.043589737380271,0.9132658400417617,4.428571428571429,0.2714285714285714,0.45744040432955696,4.0,11.0,1.8719441210710128,0.8249559240312083,0.0707070707070707,0.0
735,2,100.0,353.0,3.53,0.03565656565656566,0.2653061224489796,0.10204081632653061,0.2222222222222222,0.6111111111111112,0.2222222222222222,0.4583333333333333,0.21,0.0,0.14285714285714285,0.5238095238095238,0.514672580250844,0.39345973790820177,0.35861807995413064,0.43887716364317614,0.0,0.0166810675883257,0.011191716269841268,0.25,4.902777777777778,5.8890199146849165,2.082032920941719,0.9391843122606314,4.891304347826087,0.2916666666666667,0.43519498200679474,6.0,9.0,1.8538163001293662,0.9833334194865132,0.06,0.0
736,2,101.0,334.0,3.3069306930693068,0.03306930693069307,0.2828282828282828,0.13131313131313133,0.19718309859154928,0.6338028169014085,0.22535211267605634,0.4788732394366197,0.2079207920792079,0.0,0.09523809523809523,0.5238095238095238,0.5416767646351707,0.3964475458475705,0.38101632671848085,0.4461375886726806,0.0,0.01445121017156862,0.01379970338303672,0.2909090909090909,4.704225352112676,5.083290178044652,2.0556690174632184,0.9543858312136327,4.704918032786885,0.29577464788732394,0.49344918127433607,4.0,10.0,1.852185089974293,0.8684379128216668,0.0297029702970297,0.0
737,2,97.0,360.0,3.711340206185567,0.03865979381443299,0.25263157894736843,0.09473684210526316,0.18309859154929578,0.6338028169014085,0.2676056338028169,0.4788732394366197,0.21649484536082475,0.0,0.14285714285714285,0.5238095238095238,0.5495766653315937,0.4045474103136479,0.3894433354629313,0.4505079837752929,0.0,0.029797979797979803,0.01018238364186254,0.21428571428571427,5.070422535211268,7.276820231121308,2.1354769744355524,1.0449496887466443,5.4,0.30985915492957744,0.4203733232341977,7.0,10.0,2.0829596412556053,1.131063773565961,0.05154639175257732,0.0
738,2,98.0,407.0,4.153061224489796,0.0428150641699979,0.28125,0.07291666666666667,0.2318840579710145,0.5942028985507246,0.2318840579710145,0.4492753623188406,0.21428571428571427,0.0,0.14285714285714285,0.5238095238095238,0.5586722176234071,0.40312734588582405,0.3697880248762417,0.44400377602762664,0.0,0.03266262196647489,0.016504707127378337,0.32727272727272727,5.898550724637682,7.152015198398594,2.0899854196021157,0.9928956597017988,4.8059701492537314,0.3188405797101449,0.49119346702119837,5.0,10.0,1.8484187568157033,0.9011941418028927,0.07142857142857142,0.0
739,2,98.0,396.0,4.040816326530612,0.04165790027351147,0.2708333333333333,0.052083333333333336,0.17142857142857143,0.6,0.2,0.5,0.21428571428571427,0.0,0.14285714285714285,0.6190476190476191,0.5569783794156967,0.3827713975836742,0.38122116789299454,0.4341101312205327,0.0,0.021064234566249777,0.025565099765324124,0.3392857142857143,5.6571428571428575,7.132058089218829,2.1128349945849623,1.022052998031984,5.375,0.37142857142857144,0.47619933615233745,5.0,11.0,1.9262569832402234,1.0084281081574349,0.030612244897959183,0.0
74,2,88.0,319.0,3.625,0.041666666666666664,0.23255813953488372,0.03488372093023256,0.18181818181818182,0.6363636363636364,0.24242424242424243,0.48484848484848486,0.2159090909090909,0.0,0.21052631578947367,0.3684210526315789,0.5667947129067893,0.4156503754188607,0.4068662818662818,0.45529568880297666,0.0,0.027734170591313445,0.0044474963715529755,0.16981132075471697,4.833333333333333,5.661158710786859,2.0647489411441815,0.8673369420275165,4.5588235294117645,0.25757575757575757,0.38056513791785634,5.0,9.0,1.7244318181818181,0.7771082669117104,0.03409090909090909,0.0
740,2,92.0,309.0,3.358695652173913,0.03690874343048256,0.24444444444444444,0.13333333333333333,0.2647058823529412,0.5882352941176471,0.19117647058823528,0.4411764705882353,0.22826086956521738,0.0,0.09523809523809523,0.5714285714285714,0.5093386861991548,0.39674752082727993,0.3572067423460612,0.4325195294427652,0.0,0.018353576248313155,0.003853515508721796,0.16363636363636364,4.544117647058823,5.796122799625682,2.1275618750734138,0.9384025060070103,4.875,0.27941176470588236,0.44593089198176744,4.0,9.0,1.6926536731634183,0.7433327303743574,0.043478260869565216,0.0
741,2,92.0,357.0,3.880434782608696,0.042642140468227424,0.24444444444444444,0.03333333333333333,0.20588235294117646,0.5882352941176471,0.23529411764705882,0.5147058823529411,0.22826086956521738,0.0,0.14285714285714285,0.47619047619047616,0.5684953422640272,0.38530626612213964,0.39191600882777355,0.44303418221232027,0.0,0.025857533670033697,0.023072728870682065,0.28846153846153844,5.25,6.256638265719036,2.1267449457736927,0.9544956371510861,4.723404255319149,0.35294117647058826,0.4550220198280519,4.0,10.0,1.8021582733812949,0.8069001011518039,0.021739130434782608,0.0
742,2,97.0,311.0,3.2061855670103094,0.033397766323024054,0.2736842105263158,0.11578947368421053,0.2318840579710145,0.6376811594202898,0.2028985507246377,0.463768115942029,0.0,0.0,NaN,NaN,0.5889365235485914,0.39880549223663325,0.38192170148691884,0.44402899622816117,0.0,0.018904538341158055,0.00907599012905756,0.25925925925925924,4.507246376811594,5.356752715871252,2.1253674595966188,1.0571096121315076,5.294117647058823,0.2463768115942029,0.4980780826237623,6.0,8.0,2.0492227979274613,1.1065947426028933,0.020618556701030927,0.0
743,2,84.0,207.0,2.4642857142857144,0.029690189328743545,0.24390243902439024,0.14634146341463414,0.27419354838709675,0.6129032258064516,0.3548387096774194,0.5161290322580645,0.25,0.0,0.2857142857142857,0.42857142857142855,0.6132984230288983,0.4072305174470844,0.44294674859190986,0.46895148445635065,0.0,0.08564814814814815,0.015580200501253132,0.24,3.338709677419355,4.160483690303551,2.1498461865312524,1.0246603659611724,5.5,0.22580645161290322,0.4231460867467463,5.0,9.0,1.9673469387755103,1.0207234603235211,0.05952380952380952,0.0
744,2,99.0,376.0,3.797979797979798,0.03875489589775304,0.26804123711340205,0.041237113402061855,0.22535211267605634,0.6056338028169014,0.22535211267605634,0.49295774647887325,0.21212121212121213,0.0,0.14285714285714285,0.5238095238095238,0.5111775200253691,0.40024509646852957,0.3690880776837695,0.43544660035884264,0.0,0.012938596491228048,0.018175225122706806,0.3090909090909091,5.295774647887324,7.510743478886349,2.0758350693269043,0.9141102526412161,4.541666666666666,0.28169014084507044,0.47766579558637207,4.0,10.0,1.730593607305936,0.7158771573185687,0.04040404040404041,0.0
745,2,100.0,379.0,3.79,0.03828282828282828,0.2857142857142857,0.030612244897959183,0.18571428571428572,0.6142857142857143,0.2714285714285714,0.5,0.21,0.0,0.14285714285714285,0.5238095238095238,0.5790053586469784,0.4088228509382072,0.4052245457826386,0.4569423380887749,0.0,0.03339438339438343,0.05764816611663314,0.35714285714285715,5.414285714285715,7.3985757680411135,2.0970467580631293,1.0721740520908112,5.5600000000000005,0.3,0.5498505076083411,6.0,12.0,1.9203980099502487,1.0743850351628315,0.07,0.0
746,2,97.0,346.0,3.5670103092783507,0.03715635738831615,0.2631578947368421,0.05263157894736842,0.18571428571428572,0.6142857142857143,0.24285714285714285,0.4857142857142857,0.21649484536082475,0.0,0.14285714285714285,0.47619047619047616,0.5511600451908902,0.38969938086463496,0.38395124716553286,0.4437116833367632,0.0,0.024691358024691388,0.011686841975993022,0.2909090909090909,4.942857142857143,6.575945877377231,2.059128370367355,0.8950749460561186,4.40625,0.3142857142857143,0.39475621087721585,4.0,8.0,1.5518341307814991,0.667676088402844,0.030927835051546393,0.0
747,2,93.0,336.0,3.6129032258064515,0.03927068723702665,0.25274725274725274,0.08791208791208792,0.20588235294117646,0.6323529411764706,0.2647058823529412,0.4852941176470588,0.22580645161290322,0.0,0.19047619047619047,0.5238095238095238,0.542505824812395,0.39758588918542703,0.3899410638381227,0.45194188557001336,0.0,0.018842268842268823,0.0223200469087375,0.34545454545454546,4.9411764705882355,7.4750976690892275,2.098846474235361,0.9508480836713562,4.545454545454545,0.27941176470588236,0.45472577556981547,4.0,12.0,1.8436268068331143,0.887331592630651,0.08602150537634409,0.0
748,2,98.0,376.0,3.836734693877551,0.039553965916263416,0.2708333333333333,0.041666666666666664,0.2571428571428571,0.6142857142857143,0.2714285714285714,0.4714285714285714,0.21428571428571427,0.0,0.14285714285714285,0.5714285714285714,0.5327785322402422,0.4039472560016315,0.3943912057576654,0.4541754166932225,0.0,0.011523574947220267,0.02386491733498781,0.30357142857142855,5.371428571428571,7.249530576649811,2.0623720512361388,0.890678454394598,4.285714285714286,0.2571428571428571,0.49689070881806685,4.0,12.0,1.7232635060639472,0.6981046083320525,0.07142857142857142,0.0
749,2,98.0,359.0,3.663265306122449,0.037765621712602566,0.25,0.0625,0.20833333333333334,0.6388888888888888,0.2361111111111111,0.4444444444444444,0.21428571428571427,0.0,0.14285714285714285,0.5238095238095238,0.47684502949980206,0.415329747017154,0.3619816718775052,0.44820810481647966,NaN,NaN,NaN,NaN,4.986111111111111,6.310048002218156,2.0860409234031274,0.9333105194266723,4.928571428571429,0.2777777777777778,0.4749471010652045,5.0,12.0,1.8395657418576599,0.9006588058871483,0.07142857142857142,0.0
75,2,95.0,262.0,2.7578947368421054,0.029339305711086228,0.25806451612903225,0.20430107526881722,0.2608695652173913,0.6376811594202898,0.2608695652173913,0.4782608695652174,0.21052631578947367,0.0,0.2,0.5,0.5329412249943651,0.40585201433651885,0.3931849551414769,0.4497329773557889,0.0,0.013775510204081678,0.009393939393939394,0.18181818181818182,3.7971014492753623,3.767428949113111,2.0459363996710023,0.8794421632786423,4.954545454545455,0.2028985507246377,0.30633343872369057,5.0,7.0,1.776965265082267,0.9025703653228601,0.0,0.0
750,2,93.0,328.0,3.5268817204301075,0.0383356708742403,0.21978021978021978,0.0989010989010989,0.2535211267605634,0.6197183098591549,0.19718309859154928,0.4225352112676056,0.22580645161290322,0.0,0.09523809523809523,0.5238095238095238,0.5001290554624269,0.39742721537108927,0.3489385260512021,0.44148104365059926,0.0,1.4802973661668754e-17,0.004436481396804846,0.23214285714285715,4.619718309859155,6.248122454404316,2.144406355134248,0.913835329530763,4.410714285714286,0.2676056338028169,0.39687444319370974,4.0,13.0,1.8917954815695601,0.8346323604857617,0.07526881720430108,0.0
751,2,93.0,271.0,2.913978494623656,0.031673679289387566,0.24175824175824176,0.15384615384615385,0.18840579710144928,0.6231884057971014,0.2753623188405797,0.4927536231884058,0.21505376344086022,0.0,0.2,0.45,0.5627414876842795,0.4152034251182813,0.4036748476965868,0.4603795004541494,0.0,0.030457637600494764,0.01821180547257103,0.2909090909090909,3.927536231884058,4.045036321293014,2.1183846883167763,0.9715710459059382,5.090909090909091,0.30434782608695654,0.3517384786358115,5.0,7.0,2.011527377521614,0.9948697993807073,0.0,0.0
752,2,95.0,323.0,3.4,0.036170212765957444,0.25806451612903225,0.08602150537634409,0.21739130434782608,0.6086956521739131,0.2463768115942029,0.4927536231884058,0.22105263157894736,0.0,0.14285714285714285,0.47619047619047616,0.5800128356579085,0.4079395775128781,0.38968085528187835,0.44912136144362524,0.0,0.044588448291088975,0.02596955008966619,0.3392857142857143,4.681159420289855,5.14350748266311,2.1174459566964083,0.9765848491478014,4.785714285714286,0.2753623188405797,0.5022211230002942,5.0,11.0,1.9603624009060023,0.9243571548356277,0.05263157894736842,0.0
753,2,95.0,332.0,3.4947368421052634,0.03717805151175812,0.24731182795698925,0.043010752688172046,0.2,0.6,0.2857142857142857,0.45714285714285713,0.22105263157894736,0.0,0.09523809523809523,0.5238095238095238,0.5450103077261957,0.41293864224211846,0.37228684359119146,0.4577741098598939,0.0,0.013914656771799696,0.007233658222072991,0.21428571428571427,4.742857142857143,6.448650491979066,2.1218577850179163,0.949520009156552,4.575757575757576,0.3142857142857143,0.45283466195663524,4.0,12.0,1.9461279461279462,0.8762882275648223,0.05263157894736842,0.0
754,2,92.0,251.0,2.7282608695652173,0.029980888676540852,0.23333333333333334,0.15555555555555556,0.2463768115942029,0.5942028985507246,0.34782608695652173,0.463768115942029,0.22826086956521738,0.0,0.14285714285714285,0.6190476190476191,0.5977335090758205,0.4165704243617146,0.3883063370275647,0.46853359397183253,NaN,NaN,NaN,NaN,3.63768115942029,5.406888347536691,2.193954936392084,1.039918386123694,5.318181818181818,0.2608695652173913,0.45849796966726986,5.0,10.0,2.032659409020218,1.0233368487137926,0.0,0.0
755,2,96.0,288.0,3.0,0.031578947368421054,0.2553191489361702,0.09574468085106383,0.21428571428571427,0.6428571428571429,0.22857142857142856,0.45714285714285713,0.21875,0.0,0.19047619047619047,0.5238095238095238,0.5431692583807356,0.3953105858635832,0.3751417233560091,0.4432117136554211,0.0,0.029621913580246944,0.0209470740017206,0.3090909090909091,4.114285714285714,3.958270948620308,2.1626549272856206,1.1188166934974066,5.3580246913580245,0.2714285714285714,0.5458770337362234,6.0,12.0,2.240806642941874,1.1656791580976633,0.052083333333333336,0.0
756,2,97.0,364.0,3.752577319587629,0.0390893470790378,0.25263157894736843,0.05263157894736842,0.22535211267605634,0.6197183098591549,0.22535211267605634,0.4647887323943662,0.21649484536082475,0.0,0.14285714285714285,0.5238095238095238,0.51558573181354,0.3936967765811494,0.3530180284257379,0.4375143118655385,0.0,0.0348614808242138,0.016205967252512964,0.2857142857142857,5.126760563380282,6.4849927359025035,2.112349942916952,0.9593174609144849,4.578947368421053,0.29577464788732394,0.4608216078709444,4.0,11.0,1.874074074074074,0.8117351777177744,0.05154639175257732,0.0
757,2,93.0,291.0,3.129032258064516,0.034011220196353435,0.25274725274725274,0.07692307692307693,0.2647058823529412,0.6029411764705882,0.23529411764705882,0.45588235294117646,0.22580645161290322,0.0,0.09523809523809523,0.5714285714285714,0.5199669457192598,0.4200264152004733,0.37731559290382816,0.45248017173607763,0.0,0.008825231481481474,0.012246688481940396,0.25,4.279411764705882,4.901555002227304,2.1597419691408426,1.0419536632192632,5.2,0.23529411764705882,0.4503074499607676,5.0,9.0,1.8771384136858476,0.9741950384926251,0.03225806451612903,0.0
758,2,95.0,296.0,3.1157894736842104,0.03314669652855543,0.24731182795698925,0.07526881720430108,0.21428571428571427,0.6142857142857143,0.2,0.4714285714285714,0.22105263157894736,0.0,0.14285714285714285,0.5238095238095238,0.5446815166920999,0.39330786372837656,0.36545264259549975,0.43529025703354124,0.0,0.034814814814814854,0.02711585658734333,0.2545454545454545,4.228571428571429,4.540227372750543,2.1295205375948365,1.0036662847803426,5.166666666666666,0.3,0.48826914484525447,6.0,13.0,2.152619589977221,1.0897830561167419,0.08421052631578947,0.0
759,2,93.0,350.0,3.763440860215054,0.040906965871902755,0.25274725274725274,0.07692307692307693,0.22058823529411764,0.6176470588235294,0.23529411764705882,0.4852941176470588,0.0,0.0,NaN,NaN,0.5546769948767467,0.40009238040699613,0.38700396825396827,0.44655400525336103,0.0,0.0800925925925926,0.01964896227982277,0.32142857142857145,5.147058823529412,6.379221647843023,2.09854438504487,0.9346413797468526,4.529411764705882,0.29411764705882354,0.42998890375525,4.0,10.0,1.7814336075205641,0.7540842915895729,0.043010752688172046,0.0
76,2,99.0,315.0,3.1818181818181817,0.032467532467532464,0.26804123711340205,0.09278350515463918,0.23943661971830985,0.6197183098591549,0.2112676056338028,0.4647887323943662,0.21212121212121213,0.0,0.14285714285714285,0.5714285714285714,0.513498510132633,0.394662282463816,0.37438875253480275,0.4391259383669202,0.0,0.020974710401587937,0.020159423909423907,0.21818181818181817,4.436619718309859,4.6559712639215,2.0919675992513658,0.9640865075495533,5.0,0.2112676056338028,0.47985837798894376,4.0,8.0,1.7066666666666668,0.7547279266884477,0.030303030303030304,0.0
760,2,93.0,368.0,3.956989247311828,0.043010752688172046,0.25274725274725274,0.06593406593406594,0.22058823529411764,0.6029411764705882,0.2647058823529412,0.47058823529411764,0.22580645161290322,0.0,0.14285714285714285,0.5714285714285714,0.5502490192851235,0.4123542427847545,0.388057565069949,0.455755777656914,0.0,0.020781004709576174,0.009075900538312517,0.3148148148148148,5.411764705882353,7.401563558329379,2.1098411657083864,0.935741217828065,4.467391304347826,0.27941176470588236,0.4565561727154783,4.0,9.0,1.81651376146789,0.8079983359803591,0.06451612903225806,0.0
761,2,100.0,449.0,4.49,0.045353535353535354,0.2857142857142857,0.061224489795918366,0.17142857142857143,0.6285714285714286,0.24285714285714285,0.45714285714285713,0.2,0.0,0.15,0.6,0.5540954353291759,0.4056256142670219,0.386691729760011,0.45149983533901966,0.0,0.020622675717015402,0.011529556069336568,0.2545454545454545,6.414285714285715,9.66015701427118,2.0469388883956556,0.9473666243033435,5.083333333333334,0.3142857142857143,0.4720969962273173,6.0,9.0,2.0061037639877926,1.232603332368305,0.06,0.0
762,2,95.0,291.0,3.0631578947368423,0.03258678611422172,0.24731182795698925,0.11827956989247312,0.2571428571428571,0.6142857142857143,0.24285714285714285,0.4857142857142857,0.22105263157894736,0.0,0.14285714285714285,0.5714285714285714,0.5889732102558266,0.4088223168163786,0.3759155539800701,0.44188027623680187,0.0,0.03189300411522635,0.014073069403714566,0.23636363636363636,4.1571428571428575,6.335169179273804,2.114335514303361,0.9347989549871631,5.0,0.2,0.4271672027701355,4.0,7.0,1.7450076804915515,0.7702859358821518,0.0,0.0
763,2,97.0,331.0,3.4123711340206184,0.03554553264604811,0.2631578947368421,0.12631578947368421,0.24285714285714285,0.6142857142857143,0.2714285714285714,0.4714285714285714,0.21649484536082475,0.0,0.19047619047619047,0.5238095238095238,0.5277558376666838,0.4192111452127804,0.38281480215690744,0.45477756492843247,0.0,0.049275793650793646,0.018935030232888363,0.2857142857142857,4.728571428571429,5.39973544325487,2.06554365419263,0.8852163129275074,4.5,0.22857142857142856,0.4658559277747842,5.0,6.0,1.592,0.7149502403341411,0.020618556701030927,0.0
764,2,97.0,315.0,3.247422680412371,0.033827319587628864,0.2631578947368421,0.08421052631578947,0.24285714285714285,0.6,0.2714285714285714,0.45714285714285713,0.21649484536082475,0.0,0.19047619047619047,0.47619047619047616,0.5372435216788173,0.4186286562336507,0.38196881316629216,0.455404514303408,0.0,0.01065862242332832,0.005977947132593338,0.18181818181818182,4.5,6.140268605747198,2.0958634542962074,0.9605618920085617,5.166666666666666,0.2857142857142857,0.42263303890622317,5.0,12.0,1.9988425925925926,0.9741733534576963,0.08247422680412371,0.0
765,2,98.0,289.0,2.9489795918367347,0.03040185146223438,0.2604166666666667,0.0625,0.2112676056338028,0.6197183098591549,0.23943661971830985,0.49295774647887325,0.21428571428571427,0.0,0.14285714285714285,0.5238095238095238,0.5240138805888511,0.408854582638134,0.3817127913680916,0.4418252713838827,0.0,0.044574652777777814,0.018280932030932034,0.2727272727272727,4.070422535211268,4.832402371083803,2.0927179782069323,0.9642403154717831,4.9222222222222225,0.29577464788732394,0.4687591287547834,4.0,10.0,1.9294436906377206,0.8864400221816991,0.04081632653061224,0.0
766,2,97.0,329.0,3.3917525773195876,0.035330756013745704,0.2631578947368421,0.08421052631578947,0.22857142857142856,0.6285714285714286,0.2857142857142857,0.4857142857142857,0.21649484536082475,0.0,0.19047619047619047,0.47619047619047616,0.5465067705362221,0.41188243937728675,0.40620365115743273,0.46195382263044477,0.0,0.021026592455163893,0.012079468603158703,0.25,4.7,4.777210392104873,2.0720733466061456,0.920817634423196,4.391304347826087,0.2571428571428571,0.4082046809263204,6.0,12.0,1.8532219570405728,0.854355836708587,0.05154639175257732,0.0
767,2,90.0,294.0,3.2666666666666666,0.03670411985018727,0.23863636363636365,0.125,0.23880597014925373,0.6119402985074627,0.2835820895522388,0.44776119402985076,0.2222222222222222,0.0,0.15,0.4,0.5408018504120028,0.40559763859407266,0.3820540156361052,0.46088728404693863,0.0,0.0202180631868132,0.007134223800890467,0.1111111111111111,4.388059701492537,5.3398309582840175,2.1776921980174904,1.092841446859681,6.333333333333333,0.26865671641791045,0.3879441213224203,6.0,8.0,1.8894154818325435,1.0630883209080384,0.022222222222222223,0.0
768,2,94.0,407.0,4.329787234042553,0.046556851978952186,0.25,0.06521739130434782,0.18840579710144928,0.6231884057971014,0.2463768115942029,0.4782608695652174,0.22340425531914893,0.0,0.14285714285714285,0.5238095238095238,0.5631467774814276,0.40255604966786257,0.39187515383167554,0.4468271868931014,0.0,0.04747197247197254,0.020655335215165858,0.3148148148148148,5.898550724637682,8.055222871887006,2.091511604150822,0.9111685095863027,4.666666666666666,0.30434782608695654,0.41498532380528325,5.0,9.0,1.7908878504672898,0.8915253537693808,0.0425531914893617,0.0
769,2,95.0,361.0,3.8,0.04042553191489362,0.24731182795698925,0.12903225806451613,0.18571428571428572,0.6142857142857143,0.21428571428571427,0.4857142857142857,0.22105263157894736,0.0,0.19047619047619047,0.5238095238095238,0.5449664220234992,0.39348587590349904,0.38805123447980594,0.44200375360670335,0.0,0.019318181818181828,0.023003783870196876,0.32727272727272727,5.1571428571428575,6.3784867459062635,2.112196754914872,0.9282473632348325,4.392857142857142,0.32857142857142857,0.46570896442476606,6.0,12.0,1.8978912319644838,0.9241248071919078,0.07368421052631578,0.0
77,2,96.0,276.0,2.875,0.030263157894736843,0.26595744680851063,0.1276595744680851,0.2463768115942029,0.6086956521739131,0.2028985507246377,0.4782608695652174,0.21875,0.0,0.14285714285714285,0.5238095238095238,0.5484475878980285,0.4127017628217023,0.3885710902718575,0.442629425083568,0.0,0.04529914529914532,0.0033132444282060647,0.17857142857142858,4.0,4.348765883084804,2.114975039274255,1.0212236838281157,5.054545454545455,0.2753623188405797,0.3958051459843201,4.0,11.0,2.041504539559014,0.9318825066220514,0.03125,0.0
770,2,94.0,372.0,3.9574468085106385,0.0425531914893617,0.25,0.03260869565217391,0.2028985507246377,0.6376811594202898,0.2463768115942029,0.4927536231884058,0.22340425531914893,0.0,0.14285714285714285,0.5238095238095238,0.532321562642523,0.3996322131553378,0.37777777777777777,0.44707793851606026,0.0,0.008571428571428572,0.025177446078062774,0.36363636363636365,5.391304347826087,7.7368814801807035,2.100215164794563,0.9468098260111841,4.613636363636363,0.2753623188405797,0.42183505863638054,4.0,10.0,1.8550884955752212,0.8575226318541925,0.02127659574468085,0.0
771,2,93.0,328.0,3.5268817204301075,0.0383356708742403,0.25274725274725274,0.0989010989010989,0.20588235294117646,0.6029411764705882,0.3235294117647059,0.5294117647058824,0.22580645161290322,0.0,0.23809523809523808,0.5238095238095238,0.6428550882014075,0.4004948928456195,0.42708914432580647,0.46031738746142414,0.0,0.03373015873015873,0.02322447850902849,0.35185185185185186,4.823529411764706,6.979588955246337,2.106897842129216,0.9351168129224137,4.416666666666666,0.3235294117647059,0.4528510647261343,4.0,9.0,1.8302872062663185,0.8401193012189108,0.043010752688172046,0.0
772,2,98.0,346.0,3.5306122448979593,0.03639806438039133,0.2708333333333333,0.11458333333333333,0.2,0.6,0.24285714285714285,0.4857142857142857,0.21428571428571427,0.0,0.09523809523809523,0.5238095238095238,0.5379730774220904,0.3931064368217242,0.393913110698825,0.44413234096279713,0.0,0.019208437761069345,0.0175139380821199,0.23636363636363636,4.942857142857143,6.231955317614635,2.1046777393313376,0.9858386614256888,4.842105263157895,0.3142857142857143,0.47594110510318693,4.0,8.0,1.7698863636363635,0.8802572937172265,0.061224489795918366,0.0
773,2,98.0,328.0,3.3469387755102042,0.034504523458868085,0.2708333333333333,0.10416666666666667,0.24285714285714285,0.5857142857142857,0.2571428571428571,0.45714285714285713,0.21428571428571427,0.0,0.14285714285714285,0.5714285714285714,0.5360626285400086,0.4145868862508662,0.37820818070818074,0.45426261887893593,0.0,0.022340740740740786,0.011773595578751033,0.2545454545454545,4.685714285714286,5.673592163094409,2.110399700460209,0.9653590975225169,4.546391752577319,0.3,0.537994146964103,4.0,10.0,1.7454308093994777,0.7368534124339473,0.061224489795918366,0.0
774,2,94.0,365.0,3.882978723404255,0.041752459391443605,0.2391304347826087,0.10869565217391304,0.2,0.6285714285714286,0.21428571428571427,0.45714285714285713,0.22340425531914893,0.0,0.09523809523809523,0.47619047619047616,0.5493933400208766,0.4028309219922235,0.3787742019884878,0.4408552892023632,0.0,0.03381248381248381,0.011562426179809173,0.21818181818181817,5.214285714285714,5.902327856031282,2.1085068832448295,0.9399531027536467,4.75,0.3142857142857143,0.351433297043436,4.0,9.0,1.776500638569604,0.8461494034620196,0.031914893617021274,0.0
775,2,93.0,254.0,2.7311827956989245,0.029686769518466573,0.26373626373626374,0.17582417582417584,0.2537313432835821,0.5671641791044776,0.26865671641791045,0.5074626865671642,0.22580645161290322,0.0,0.09523809523809523,0.47619047619047616,0.5675103904444335,0.40050434269062446,0.4101160862354893,0.44724434776710786,0.0,0.018383543893747998,0.006759850166481687,0.09433962264150944,3.791044776119403,4.028449259623193,2.143502956114447,1.0410926909949283,5.166666666666666,0.31343283582089554,0.4518542379345313,4.0,8.0,1.6841004184100419,0.8458793486630256,0.03225806451612903,0.0
776,2,94.0,246.0,2.617021276595745,0.028140013726835965,0.2608695652173913,0.16304347826086957,0.25,0.6176470588235294,0.29411764705882354,0.47058823529411764,0.0,0.0,NaN,NaN,0.5786543690309879,0.4333601466810343,0.38987134069314006,0.4635996031755198,0.0,0.010416666666666666,0.004038273725331717,0.10714285714285714,3.6176470588235294,4.040944960288469,2.0652269653949387,0.8807967920368708,4.4,0.23529411764705882,0.424548590932536,3.0,6.0,1.6072961373390557,0.6958172933051229,0.031914893617021274,0.0
777,2,94.0,328.0,3.4893617021276597,0.03752001830244795,0.2391304347826087,0.08695652173913043,0.24285714285714285,0.6,0.2714285714285714,0.44285714285714284,0.22340425531914893,0.0,0.14285714285714285,0.5714285714285714,0.5332977418282068,0.4206947453983674,0.3797887864823349,0.45614982694558304,NaN,NaN,NaN,NaN,4.685714285714286,6.428069913724879,2.1529262278221726,0.9680604600942665,4.934782608695652,0.2857142857142857,0.519117706457875,4.0,10.0,1.777496839443742,0.752076823895425,0.0851063829787234,0.0
778,2,92.0,340.0,3.6956521739130435,0.040611562350692784,0.2222222222222222,0.1,0.2,0.6285714285714286,0.21428571428571427,0.44285714285714284,0.22826086956521738,0.0,0.14285714285714285,0.5238095238095238,0.5032506677408047,0.39828825963886927,0.3630152288188002,0.4464543439080251,0.0,0.07398989898989901,0.01133666817390343,0.25,4.857142857142857,6.0917756728938475,2.1699896326409633,1.016825248486755,5.789473684210526,0.2714285714285714,0.3817305797447632,6.0,9.0,1.930591259640103,1.0399063961567785,0.021739130434782608,0.0
779,2,95.0,351.0,3.694736842105263,0.03930571108622621,0.23655913978494625,0.0967741935483871,0.18309859154929578,0.6338028169014085,0.30985915492957744,0.49295774647887325,0.22105263157894736,0.0,0.23809523809523808,0.47619047619047616,0.5700284331391493,0.4069366886173112,0.40480532769265165,0.46030249033598164,0.0,0.012152777777777813,0.013757189369902263,0.32142857142857145,4.943661971830986,6.7186038599519895,2.0963251847154902,0.9108334245164983,4.5625,0.30985915492957744,0.4133401349567646,4.0,9.0,1.8464328899637243,0.8561817492110387,0.042105263157894736,0.0
78,2,97.0,320.0,3.2989690721649483,0.03436426116838488,0.25263157894736843,0.07368421052631578,0.2112676056338028,0.6338028169014085,0.22535211267605634,0.4647887323943662,0.21649484536082475,0.0,0.14285714285714285,0.5238095238095238,0.4881664735497039,0.3936208499253193,0.35833274500806,0.43510002881235516,0.0,0.016457142857142868,0.01534015803219784,0.32142857142857145,4.507042253521127,5.4271098318313555,2.106856092446493,0.9974994221328178,5.416666666666666,0.29577464788732394,0.48581464909621497,6.0,10.0,2.098927294398093,1.189045582328768,0.0,0.0
780,2,91.0,348.0,3.8241758241758244,0.04249084249084249,0.23595505617977527,0.06741573033707865,0.25,0.6176470588235294,0.27941176470588236,0.47058823529411764,0.23076923076923078,0.0,0.19047619047619047,0.5238095238095238,0.5831804401085532,0.39402331918570066,0.39053365858023475,0.4544336863238601,0.0,0.07280219780219785,0.00976618453175456,0.2545454545454545,5.117647058823529,6.4519565741538685,2.1033926366127216,0.8770213872580568,4.314285714285715,0.25,0.4196489603882678,4.0,10.0,1.7836593785960875,0.7400086896800052,0.0,0.0
781,2,95.0,380.0,4.0,0.0425531914893617,0.24731182795698925,0.11827956989247312,0.2,0.6285714285714286,0.2,0.4714285714285714,0.22105263157894736,0.0,0.19047619047619047,0.5238095238095238,0.5301313337697019,0.39151444904179944,0.37140561129691557,0.4397690947557129,0.0,0.010119047619047614,0.012220411842335561,0.2857142857142857,5.428571428571429,6.766437695643615,2.0963883595358617,0.9220370193541776,4.694444444444445,0.2714285714285714,0.36581488687980146,5.0,12.0,1.98840885142255,1.019262007246047,0.031578947368421054,0.0
782,2,94.0,295.0,3.1382978723404253,0.03374513841226264,0.25,0.08695652173913043,0.2318840579710145,0.6086956521739131,0.2753623188405797,0.4927536231884058,0.22340425531914893,0.0,0.14285714285714285,0.5238095238095238,0.5577183759611295,0.41371882964722767,0.3987812107377325,0.45038844191274957,0.0,0.029126984126984105,0.015554565617696933,0.25925925925925924,4.27536231884058,5.26610710657987,2.1116745792685414,0.9448666039345869,5.181818181818182,0.2753623188405797,0.42483365723246164,5.0,9.0,1.9121037463976944,0.9652238288222083,0.06382978723404255,0.0
783,2,94.0,388.0,4.127659574468085,0.04438343628460307,0.25,0.06521739130434782,0.17391304347826086,0.6376811594202898,0.21739130434782608,0.4782608695652174,0.2127659574468085,0.0,0.2,0.5,0.5417449352426622,0.3906529957970336,0.3862465610547452,0.44644502083920606,0.0,0.030361015435642316,0.019224996828096565,0.35714285714285715,5.6231884057971016,6.519431248369489,2.1302676869539203,1.0285231993534154,5.388888888888889,0.3333333333333333,0.41499952053423844,5.0,10.0,1.893569844789357,0.9734446914223508,0.0851063829787234,0.0
784,2,97.0,286.0,2.948453608247423,0.030713058419243985,0.2736842105263158,0.14736842105263157,0.21739130434782608,0.6231884057971014,0.2318840579710145,0.463768115942029,0.21649484536082475,0.0,0.09523809523809523,0.47619047619047616,0.5433820457866453,0.41283652263529336,0.38723257418909596,0.44842254125044273,0.0,0.023561507936507957,0.01852432097926522,0.24528301886792453,4.144927536231884,4.4001181879810005,2.0542365205920525,0.9267948338528114,4.454545454545455,0.2898550724637681,0.4530752358786134,4.0,9.0,1.7227564102564104,0.7633634063586693,0.05154639175257732,0.0
785,2,97.0,418.0,4.309278350515464,0.04488831615120275,0.25263157894736843,0.042105263157894736,0.18309859154929578,0.6197183098591549,0.23943661971830985,0.4788732394366197,0.21649484536082475,0.0,0.09523809523809523,0.6190476190476191,0.5493085665516796,0.3961920929036657,0.3740798300753106,0.43868311328065235,0.0,0.029743589743589764,0.020407447346128305,0.30357142857142855,5.887323943661972,7.842283369701979,2.1145743439797506,0.950578222817343,4.5,0.3380281690140845,0.5213986443586722,5.0,12.0,1.9262851600387974,0.9534799177519477,0.07216494845360824,0.0
786,2,94.0,369.0,3.925531914893617,0.042210020590253944,0.2391304347826087,0.021739130434782608,0.24285714285714285,0.6142857142857143,0.2714285714285714,0.45714285714285713,0.22340425531914893,0.0,0.09523809523809523,0.5238095238095238,0.5247463933533876,0.4029727991940261,0.38091646240142485,0.45361280143764826,0.0,0.027210884353741478,0.015006146785756654,0.30357142857142855,5.271428571428571,7.467652811246433,2.12103078738498,0.942423517587102,4.615384615384615,0.2714285714285714,0.4682169620551184,5.0,11.0,1.8671548117154813,0.8314049555373162,0.031914893617021274,0.0
787,2,98.0,273.0,2.7857142857142856,0.028718703976435934,0.25,0.16666666666666666,0.25,0.6111111111111112,0.2222222222222222,0.4305555555555556,0.21428571428571427,0.0,0.14285714285714285,0.5238095238095238,0.44245052948177943,0.41197206624433125,0.34307208994708993,0.4357138425445189,0.0,0.014062500000000026,0.010723289741146882,0.19642857142857142,3.7916666666666665,3.8999367997768286,2.1642115899977608,1.085378673851937,5.809523809523809,0.2777777777777778,0.46763426802269364,5.0,11.0,2.0347322720694647,1.069448202206811,0.061224489795918366,0.0
788,2,97.0,334.0,3.443298969072165,0.035867697594501716,0.24210526315789474,0.09473684210526316,0.20833333333333334,0.6111111111111112,0.20833333333333334,0.4305555555555556,0.21649484536082475,0.0,0.09523809523809523,0.5238095238095238,0.4907539622298813,0.40148887614057194,0.34960676903611687,0.4377464279744475,0.0,0.02191558441558447,0.012348527747865936,0.25,4.638888888888889,5.110898478260556,2.1112238311097005,0.9071823848412648,4.5285714285714285,0.3333333333333333,0.4421804049509191,6.0,10.0,1.7640306122448979,0.7889285484057067,0.041237113402061855,0.0
789,2,96.0,298.0,3.1041666666666665,0.032675438596491226,0.24468085106382978,0.11702127659574468,0.22535211267605634,0.6056338028169014,0.23943661971830985,0.4225352112676056,0.21875,0.0,0.19047619047619047,0.5238095238095238,0.47277964453455057,0.4110074577831983,0.34811956027351854,0.4432435781124351,0.0,0.009461805555555557,0.012389096174262414,0.23636363636363636,4.197183098591549,5.5152249489413,2.1314380885969277,0.9769664251342609,5.2,0.29577464788732394,0.42783421631433877,5.0,8.0,1.6511194029850746,0.8622501841744082,0.020833333333333332,0.0
79,2,99.0,307.0,3.101010101010101,0.03164296021438879,0.27835051546391754,0.1958762886597938,0.21428571428571427,0.6285714285714286,0.21428571428571427,0.44285714285714284,0.20202020202020202,0.0,0.15,0.5,0.6054208252297224,0.4244456312409147,0.3829542877757164,0.44821666511706526,0.0,0.015446127946128,0.010837542087542087,0.1111111111111111,4.385714285714286,5.114041078156131,2.0654203074120345,0.9860310408387041,5.4,0.2,0.343024665341172,5.0,7.0,1.4737945492662474,0.7544300980391555,0.020202020202020204,0.0
790,2,94.0,272.0,2.893617021276596,0.03111416151910318,0.25,0.13043478260869565,0.21739130434782608,0.6376811594202898,0.2608695652173913,0.4782608695652174,0.22340425531914893,0.0,0.23809523809523808,0.47619047619047616,0.530763552255759,0.4156050240233889,0.3931485160318112,0.4538654283995736,0.0,0.037259615384615384,0.008771610321878197,0.3018867924528302,3.9420289855072466,4.072447081846688,2.196123040909789,1.2357796410480653,6.636363636363637,0.2898550724637681,0.6508328778375598,7.0,12.0,2.1783536585365852,1.3558651906412753,0.06382978723404255,0.0
791,2,94.0,299.0,3.1808510638297873,0.03420269961107298,0.2391304347826087,0.13043478260869565,0.2857142857142857,0.6,0.22857142857142856,0.42857142857142855,0.22340425531914893,0.0,0.09523809523809523,0.5238095238095238,0.5247626573046372,0.3907350504774087,0.35825932937277477,0.4436540405795847,0.0,0.013897866839043331,0.01488470826927262,0.25,4.271428571428571,4.8242185777728155,2.126949590409871,0.9115673471697021,4.377358490566038,0.24285714285714285,0.40820577976576383,4.0,9.0,1.7088989441930618,0.7321052458361136,0.06382978723404255,0.0
792,2,96.0,317.0,3.3020833333333335,0.03475877192982456,0.24468085106382978,0.14893617021276595,0.18309859154929578,0.6197183098591549,0.23943661971830985,0.4788732394366197,0.21875,0.0,0.09523809523809523,0.5238095238095238,0.514213391928683,0.4004121044614098,0.36859062873975884,0.44176402075832927,0.0,0.0436507936507937,0.02375760372144523,0.30357142857142855,4.464788732394366,4.726312322415235,2.094934740449928,0.9102277756851033,4.777777777777778,0.323943661971831,0.40954646614137086,4.0,12.0,1.875784190715182,0.8585240891549292,0.08333333333333333,0.0
793,2,96.0,300.0,3.125,0.03289473684210526,0.2553191489361702,0.11702127659574468,0.22857142857142856,0.6,0.24285714285714285,0.4857142857142857,0.21875,0.0,0.09523809523809523,0.6190476190476191,0.5559141207407186,0.4070492726485704,0.38774546673042914,0.4497968727626887,0.0,0.02338864838864842,0.017195785452364398,0.3392857142857143,4.285714285714286,4.782646339019936,2.1423051653543412,1.0411086561694398,6.666666666666667,0.2857142857142857,0.42859008025309564,6.0,7.0,1.828148148148148,0.9637842583866597,0.0,0.0
794,2,92.0,289.0,3.141304347826087,0.034519827998088864,0.24444444444444444,0.16666666666666666,0.2647058823529412,0.6029411764705882,0.29411764705882354,0.47058823529411764,0.22826086956521738,0.0,0.23809523809523808,0.42857142857142855,0.5921737656573448,0.4019647058971937,0.4064557840680132,0.46865806212487826,0.0,0.0076923076923077335,0.026635905963240024,0.32727272727272727,4.25,5.16409822212564,2.1651849810817207,1.0502205176101875,5.269230769230769,0.2647058823529412,0.43491232171420524,5.0,11.0,1.9258202567760343,0.9562894461349436,0.08695652173913043,0.0
795,2,97.0,338.0,3.484536082474227,0.03629725085910653,0.25263157894736843,0.08421052631578947,0.2112676056338028,0.647887323943662,0.23943661971830985,0.4647887323943662,0.21649484536082475,0.0,0.19047619047619047,0.5714285714285714,0.5296679928044935,0.39961137145477443,0.3741590569055358,0.44770179845776514,0.0,0.02182613168724279,0.023879966737903012,0.3392857142857143,4.76056338028169,6.287095147391532,2.0952370740768806,0.9624565080357373,4.7032967032967035,0.2535211267605634,0.4116392059402045,4.0,11.0,1.9058693244739757,0.8377186927496226,0.05154639175257732,0.0
796,2,94.0,386.0,4.1063829787234045,0.04415465568519789,0.2391304347826087,0.043478260869565216,0.18571428571428572,0.6,0.22857142857142856,0.5,0.22340425531914893,0.0,0.09523809523809523,0.5714285714285714,0.5888254068021527,0.4010180408809178,0.3802453289007911,0.44209956844774295,0.0,0.03634782608695655,0.014504736619657453,0.2909090909090909,5.514285714285714,7.316336410247201,2.1505915101472572,1.002324513204863,5.166666666666666,0.2857142857142857,0.45644500020389334,7.0,10.0,2.2142099681866383,1.4174861822556402,0.031914893617021274,0.0
797,2,94.0,284.0,3.021276595744681,0.0324868451155342,0.25,0.20652173913043478,0.21739130434782608,0.6231884057971014,0.3188405797101449,0.4927536231884058,0.22340425531914893,0.0,0.19047619047619047,0.5714285714285714,0.5908696889327576,0.40966641826570704,0.4066932122291071,0.4592830534538481,0.0,0.05833333333333336,0.007957699301368552,0.12962962962962962,4.115942028985507,6.789993138444205,2.08046020396342,0.8984194034982056,4.777777777777778,0.2753623188405797,0.3559385457992903,4.0,6.0,1.7218543046357615,0.7930790210501499,0.0,0.0
798,2,94.0,285.0,3.0319148936170213,0.03260123541523679,0.2608695652173913,0.11956521739130435,0.29411764705882354,0.5882352941176471,0.22058823529411764,0.4264705882352941,0.22340425531914893,0.0,0.14285714285714285,0.47619047619047616,0.5334359718880962,0.4037886361776378,0.36679573790300435,0.44733382720606585,NaN,NaN,NaN,NaN,4.1911764705882355,4.841540870244107,2.127255245574651,0.9810699850019027,4.7,0.2647058823529412,0.4235255469520281,4.0,11.0,1.818032786885246,0.8773763315512199,0.0425531914893617,0.0
799,2,96.0,376.0,3.9166666666666665,0.0412280701754386,0.2765957446808511,0.0851063829787234,0.19117647058823528,0.6029411764705882,0.25,0.5147058823529411,0.21875,0.0,0.19047619047619047,0.47619047619047616,0.61766477940846,0.39250143003600985,0.4169328628887452,0.4517289421894002,0.0,0.023180799300202354,0.016772844231700033,0.32727272727272727,5.529411764705882,6.829415281094756,2.116532335318126,1.0513475122588545,5.583333333333334,0.35294117647058826,0.42344127752600946,6.0,12.0,2.0864197530864197,1.1322174322285297,0.09375,0.0
8,2,99.0,288.0,2.909090909090909,0.029684601113172542,0.25773195876288657,0.15463917525773196,0.2361111111111111,0.6388888888888888,0.20833333333333334,0.4166666666666667,0.21212121212121213,0.0,0.09523809523809523,0.5238095238095238,0.47362279046016975,0.39444419184969504,0.3436557249605496,0.437751170241255,0.0,0.02558379120879125,0.012143850890667532,0.14285714285714285,4.0,4.168966501441436,2.0948760419123165,0.9900291114733218,5.222222222222222,0.25,0.43547606781335263,6.0,11.0,1.937784522003035,1.0317521065768267,0.050505050505050504,0.0
80,2,92.0,334.0,3.630434782608696,0.03989488772097468,0.23333333333333334,0.1111111111111111,0.2463768115942029,0.6086956521739131,0.2318840579710145,0.463768115942029,0.22826086956521738,0.0,0.14285714285714285,0.5238095238095238,0.5478148936862853,0.39067978011611126,0.37183768837647785,0.44900055432923025,0.0,0.006802721088435405,0.013550885419494106,0.2727272727272727,4.840579710144928,6.062476654668931,2.171104332003208,0.9787501436582722,4.727272727272727,0.2898550724637681,0.4008651127741652,5.0,10.0,1.744340878828229,0.7822305276025482,0.043478260869565216,0.0
800,2,94.0,316.0,3.3617021276595747,0.03614733470601693,0.25,0.07608695652173914,0.21739130434782608,0.6376811594202898,0.21739130434782608,0.4782608695652174,0.22340425531914893,0.0,0.19047619047619047,0.5714285714285714,0.556319386062738,0.4012119930486568,0.37843270308207194,0.4461883485840629,0.0,0.02465483234714007,0.01198560688753211,0.2857142857142857,4.579710144927536,5.9295020054297645,2.122750667701057,1.0173662343171335,5.166666666666666,0.2608695652173913,0.44345494308980976,5.0,9.0,2.1137440758293837,1.1134253352289725,0.0425531914893617,0.0
801,2,85.0,241.0,2.835294117647059,0.03375350140056022,0.2289156626506024,0.1927710843373494,0.3125,0.625,0.265625,0.421875,0.0,0.0,NaN,NaN,0.6082376048883149,0.39531683161099435,0.3866003787878788,0.46426610700549836,0.0,0.012820512820512827,0.007314545530495554,0.23529411764705882,3.765625,4.520648174834547,2.2058259044543935,1.0946397367903822,5.363636363636363,0.203125,0.4640869716373094,6.0,10.0,2.2928994082840237,1.2484099025084392,0.058823529411764705,0.0
802,2,94.0,292.0,3.106382978723404,0.033401967513154884,0.2391304347826087,0.05434782608695652,0.2714285714285714,0.5857142857142857,0.2714285714285714,0.44285714285714284,0.22340425531914893,0.0,0.14285714285714285,0.5238095238095238,0.5369653579669357,0.40626484829963777,0.377422101707816,0.45041299563108134,NaN,NaN,NaN,NaN,4.171428571428572,5.540290968583074,2.1762849650338096,1.0114165108808615,4.791666666666666,0.2857142857142857,0.5663725033708117,5.0,11.0,2.1050724637681157,1.0384731464993258,0.09574468085106383,0.0
803,2,91.0,379.0,4.164835164835165,0.04627594627594628,0.2247191011235955,0.10112359550561797,0.18840579710144928,0.6231884057971014,0.2898550724637681,0.4927536231884058,0.23076923076923078,0.0,0.19047619047619047,0.5714285714285714,0.5531757776144308,0.39089642554926324,0.38758626639061416,0.4459063854893822,0.0,0.0698502886002887,0.025665153444827823,0.34545454545454546,5.492753623188406,7.8208303839354665,2.105574131986548,0.8676707905196043,4.264705882352941,0.30434782608695654,0.44832410645256077,4.0,10.0,1.7587412587412588,0.7569664327758562,0.07692307692307693,0.0
804,2,99.0,258.0,2.606060606060606,0.026592455163883734,0.26804123711340205,0.15463917525773196,0.22535211267605634,0.6197183098591549,0.19718309859154928,0.4507042253521127,0.21212121212121213,0.0,0.09523809523809523,0.5238095238095238,0.47357313634895787,0.4059229823566778,0.35590258724061535,0.43216071322915733,0.0,0.01665550595238096,0.012262232716778168,0.23636363636363636,3.6338028169014085,3.6144133553621844,2.0590571806226245,0.926288946120656,5.043478260869565,0.23943661971830985,0.43640929206486273,5.0,9.0,1.7889087656529516,0.8624912179149266,0.050505050505050504,0.0
805,2,95.0,318.0,3.3473684210526318,0.03561030235162374,0.23655913978494625,0.12903225806451613,0.23943661971830985,0.6338028169014085,0.18309859154929578,0.4788732394366197,0.22105263157894736,0.0,0.23809523809523808,0.47619047619047616,0.5301430758369975,0.39480062112871317,0.369534010572461,0.4332210273745029,0.0,0.0044444444444444505,0.014988528002560845,0.25,4.47887323943662,5.070528726811089,2.090569065925621,0.8767232098187618,4.555555555555555,0.23943661971830985,0.38813292785931935,4.0,8.0,1.6825633383010432,0.7364558037201001,0.031578947368421054,0.0
806,2,97.0,355.0,3.6597938144329896,0.03812285223367698,0.25263157894736843,0.09473684210526316,0.22535211267605634,0.6056338028169014,0.2676056338028169,0.4225352112676056,0.20618556701030927,0.0,0.1,0.55,0.523287317441804,0.41286873529667495,0.3660847437566576,0.45665536334752144,0.0,0.014166666666666697,0.00923027604575684,0.30357142857142855,5.0,6.504943175331028,2.1680302992565297,1.0568755101173812,5.416666666666666,0.28169014084507044,0.4936098374133933,6.0,11.0,1.9073107049608355,1.0800744709571455,0.020618556701030927,0.0
807,2,97.0,355.0,3.6597938144329896,0.03812285223367698,0.25263157894736843,0.1368421052631579,0.2112676056338028,0.6197183098591549,0.22535211267605634,0.4507042253521127,0.21649484536082475,0.0,0.14285714285714285,0.5238095238095238,0.5141544587202569,0.3977135042500807,0.3685607798839823,0.44501856255358374,0.0,0.02534722222222222,0.016137307605181835,0.32142857142857145,5.0,6.98978847012861,2.112334338069367,0.9901188992816983,5.666666666666666,0.29577464788732394,0.3752334274778656,5.0,9.0,1.976958525345622,1.0376639379417871,0.030927835051546393,0.0
808,2,88.0,274.0,3.1136363636363638,0.035788923719958204,0.2441860465116279,0.1511627906976744,0.24615384615384617,0.6307692307692307,0.26153846153846155,0.47692307692307695,0.23863636363636365,0.0,0.23809523809523808,0.42857142857142855,0.5707184492628041,0.4008919691988888,0.40145909645909644,0.45504196775187555,0.0,0.04041666666666668,0.023247943549728898,0.3018867924528302,4.2153846153846155,5.778441365574684,2.0917158318204265,0.9183810859048515,4.916666666666666,0.26153846153846155,0.37678604858387527,5.0,9.0,1.8189233278955954,0.9243443970583805,0.045454545454545456,0.0
809,2,98.0,368.0,3.7551020408163267,0.03871239217336419,0.2604166666666667,0.09375,0.2112676056338028,0.6197183098591549,0.22535211267605634,0.4788732394366197,0.21428571428571427,0.0,0.14285714285714285,0.47619047619047616,0.5250683325854832,0.404634153352421,0.37666831397743183,0.441764853280779,0.0,0.016810966810966832,0.014451483673916724,0.3392857142857143,5.183098591549296,6.432750709466427,2.131869734923674,1.0288970165546243,5.0,0.29577464788732394,0.4345811446413482,5.0,13.0,2.0972644376899696,1.067053446073174,0.07142857142857142,0.0
81,2,96.0,353.0,3.6770833333333335,0.038706140350877195,0.26595744680851063,0.0851063829787234,0.2028985507246377,0.5942028985507246,0.2318840579710145,0.4782608695652174,0.20833333333333334,0.0,0.05,0.55,0.5375001289294723,0.39667668821381846,0.3836640211640212,0.4431667572813719,0.0,0.041697442932010866,0.014351941258597107,0.30357142857142855,5.115942028985507,6.404355668293395,2.077895510562325,0.8951391081650943,4.291666666666666,0.3188405797101449,0.4995324030671065,4.0,9.0,1.7329411764705882,0.7053369217715473,0.03125,0.0
810,2,97.0,342.0,3.5257731958762886,0.03672680412371134,0.2631578947368421,0.031578947368421054,0.22857142857142856,0.5857142857142857,0.21428571428571427,0.4714285714285714,0.21649484536082475,0.0,0.09523809523809523,0.5238095238095238,0.5352868346798105,0.3856222229268186,0.3635034665207079,0.4336111323185408,0.0,0.03103672250659223,0.01864731475319597,0.23214285714285715,4.885714285714286,6.221847568332182,2.1008374218807973,0.9568118250843825,4.818181818181818,0.3,0.4631542266502703,4.0,8.0,1.8406169665809768,0.8789227229784645,0.061855670103092786,0.0
811,2,94.0,277.0,2.9468085106382977,0.031686113017616105,0.2391304347826087,0.07608695652173914,0.22857142857142856,0.6,0.2714285714285714,0.4714285714285714,0.22340425531914893,0.0,0.14285714285714285,0.5238095238095238,0.5775029325001103,0.40099840848583984,0.3808956916099773,0.45003437483305897,0.0,0.008928571428571432,0.015613642447719829,0.25925925925925924,3.9571428571428573,4.444295201082904,2.1800300298468467,1.0336062775602977,4.815789473684211,0.32857142857142857,0.5253388017965122,4.0,12.0,2.029304029304029,0.9004866269964226,0.06382978723404255,0.0
812,2,95.0,306.0,3.221052631578947,0.034266517357222845,0.24731182795698925,0.16129032258064516,0.24285714285714285,0.6285714285714286,0.21428571428571427,0.42857142857142855,0.22105263157894736,0.0,0.14285714285714285,0.47619047619047616,0.4568253163013421,0.41803297140178836,0.3609267040149393,0.4464553815084168,0.0,0.039186507936507915,0.004209390178089584,0.16071428571428573,4.371428571428571,5.629043290328226,2.116931824044781,1.0078498164677816,5.863636363636363,0.24285714285714285,0.42743551470404634,5.0,10.0,1.7495711835334478,0.9537747333187883,0.06315789473684211,0.0
813,2,93.0,265.0,2.849462365591398,0.030972417017297804,0.24175824175824176,0.18681318681318682,0.2463768115942029,0.6086956521739131,0.2318840579710145,0.4492753623188406,0.21505376344086022,0.0,0.15,0.5,0.5111185082335159,0.43000023637839035,0.3710504447716724,0.4468082688002831,0.0,0.01720779220779221,0.01599097593582888,0.14545454545454545,3.8405797101449277,4.927781950645916,2.0510289217588,0.8030023083391742,4.125,0.2028985507246377,0.34516788358181166,4.0,6.0,1.5320512820512822,0.6682125326564965,0.0,0.0
814,2,97.0,290.0,2.9896907216494846,0.031142611683848798,0.2631578947368421,0.17894736842105263,0.24285714285714285,0.6,0.22857142857142856,0.4714285714285714,0.21649484536082475,0.0,0.19047619047619047,0.47619047619047616,0.4822530862912057,0.4136401796363082,0.37619331065759637,0.43906842885645847,0.0,0.017152575315840666,0.008054581207482992,0.26785714285714285,4.142857142857143,4.682021470664123,2.1037222871130847,0.9593209762319139,4.826086956521739,0.2571428571428571,0.4149713854595806,4.0,7.0,1.8233486943164363,0.8706187895323377,0.0,0.0
815,2,91.0,257.0,2.8241758241758244,0.03137973137973138,0.23595505617977527,0.1797752808988764,0.2647058823529412,0.6470588235294118,0.3235294117647059,0.47058823529411764,0.23076923076923078,0.0,0.2857142857142857,0.42857142857142855,0.6111945699811024,0.4159309382179598,0.41422096350501925,0.4728225384739302,0.0,0.06845238095238097,0.03716683902517236,0.3333333333333333,3.7794117647058822,3.8160915702712566,2.111341795583549,0.9440524965987719,4.608695652173913,0.23529411764705882,0.34738956342116567,4.0,10.0,1.899581589958159,0.8004623964635796,0.0,0.0
816,2,99.0,324.0,3.272727272727273,0.03339517625231911,0.26804123711340205,0.07216494845360824,0.23943661971830985,0.6056338028169014,0.23943661971830985,0.4788732394366197,0.21212121212121213,0.0,0.14285714285714285,0.5238095238095238,0.5531802847033999,0.4018723095084835,0.37732012992990627,0.44586977237797426,0.0,0.01857461734693882,0.02380952736301436,0.34545454545454546,4.563380281690141,5.910601599465628,2.086309760856128,0.9519611917765088,5.0,0.2676056338028169,0.4750094064856453,5.0,11.0,1.9468926553672317,0.9015471586046274,0.050505050505050504,0.0
817,2,92.0,262.0,2.847826086956522,0.031294792164357384,0.2222222222222222,0.16666666666666666,0.2571428571428571,0.6285714285714286,0.2857142857142857,0.4714285714285714,0.22826086956521738,0.0,0.19047619047619047,0.42857142857142855,0.5245688495178291,0.4205197418240021,0.3860339263910692,0.4558700267567349,0.0,0.06358024691358025,0.013591200466200463,0.2727272727272727,3.742857142857143,4.5386766707185755,2.15891683788122,0.9949759654940666,5.416666666666666,0.2571428571428571,0.4142797362718963,4.0,7.0,1.771375464684015,0.8768480692820172,0.021739130434782608,0.0
818,2,95.0,462.0,4.863157894736842,0.05173572228443449,0.23655913978494625,0.06451612903225806,0.15492957746478872,0.6197183098591549,0.28169014084507044,0.49295774647887325,0.22105263157894736,0.0,0.14285714285714285,0.5714285714285714,0.551538187360621,0.3962741974936283,0.38246826067433926,0.4523275526145775,0.0,0.016146623938831726,0.01950550977748877,0.3392857142857143,6.507042253521127,9.001385987623749,2.150765831845517,0.9960987664924312,5.5,0.352112676056338,0.3946064642831416,5.0,11.0,1.8780019212295869,0.9813188946887903,0.07368421052631578,0.0
819,2,94.0,291.0,3.095744680851064,0.033287577213452296,0.22826086956521738,0.11956521739130435,0.22535211267605634,0.6197183098591549,0.22535211267605634,0.43661971830985913,0.22340425531914893,0.0,0.09523809523809523,0.5714285714285714,0.5127221812684939,0.41486264561949504,0.3558741336910351,0.4470353378170455,0.0,0.0027777777777778048,0.03710730820105821,0.23214285714285715,4.098591549295775,4.849609497025697,2.1974063142518445,1.088027118362,6.521739130434782,0.2676056338028169,0.47517721299868015,7.0,12.0,2.0736698499317874,1.194260996604384,0.05319148936170213,0.0
82,2,90.0,299.0,3.3222222222222224,0.037328339575530584,0.2159090909090909,0.13636363636363635,0.2608695652173913,0.6086956521739131,0.2318840579710145,0.43478260869565216,0.23333333333333334,0.0,0.19047619047619047,0.5238095238095238,0.5472737082016307,0.3935309134057396,0.35891994478951,0.44729983250117494,0.0,0.014743589743589743,0.005719965013931105,0.19642857142857142,4.333333333333333,4.984289042070288,2.187071278087877,0.981470045412028,4.813953488372093,0.2608695652173913,0.39380589369017566,4.0,11.0,1.8593103448275863,0.8601439356393474,0.03333333333333333,0.0
820,2,97.0,347.0,3.577319587628866,0.03726374570446735,0.2631578947368421,0.07368421052631578,0.21428571428571427,0.6285714285714286,0.2714285714285714,0.45714285714285713,0.21649484536082475,0.0,0.19047619047619047,0.47619047619047616,0.5376093099779977,0.40519590238578373,0.3825192612559285,0.45679475079170184,0.0,0.018899521531100534,0.017835642820154388,0.2727272727272727,4.957142857142857,7.2998624451715886,2.0857076868569653,0.9829466440320045,5.416666666666666,0.3,0.44827103668799034,5.0,11.0,1.8656036446469249,0.85834904913895,0.061855670103092786,0.0
821,2,98.0,391.0,3.989795918367347,0.04113191668419945,0.2708333333333333,0.15625,0.2,0.6142857142857143,0.22857142857142856,0.5,0.21428571428571427,0.0,0.14285714285714285,0.5238095238095238,0.5843767894951515,0.4066334953330111,0.3893674777603349,0.4440201564428383,0.0,0.02408854166666665,0.02523506942874227,0.3148148148148148,5.585714285714285,7.517116424366068,2.0895458138061738,1.003296664202433,5.25,0.24285714285714285,0.3932211351185422,5.0,10.0,2.0281359906213363,1.1513029647734407,0.02040816326530612,0.0
822,2,96.0,256.0,2.6666666666666665,0.028070175438596492,0.2553191489361702,0.1595744680851064,0.2571428571428571,0.6142857142857143,0.24285714285714285,0.4714285714285714,0.21875,0.0,0.19047619047619047,0.5714285714285714,0.559387527475684,0.41066052187521035,0.38929796160888597,0.45005052684187574,0.0,0.025213068181818177,0.012921959643271119,0.24074074074074073,3.657142857142857,3.6391021120868006,2.133321032050057,1.0286235014713045,5.3076923076923075,0.22857142857142856,0.5099985058914913,5.0,12.0,2.1049562682215743,1.0836833301885453,0.07291666666666667,0.0
823,2,96.0,289.0,3.0104166666666665,0.03168859649122807,0.24468085106382978,0.09574468085106383,0.23943661971830985,0.6619718309859155,0.2676056338028169,0.4084507042253521,0.21875,0.0,0.23809523809523808,0.6190476190476191,0.5063941342947905,0.4232133338546499,0.3583710596914822,0.45860017391762264,0.0,0.02594142259414224,0.006986230161804418,0.14285714285714285,4.070422535211268,5.172244452465134,2.0902456298636047,0.9272693654916065,5.0,0.16901408450704225,0.44849518431539726,5.0,10.0,1.7595870206489677,0.7742272884552351,0.052083333333333336,0.0
824,2,96.0,253.0,2.6354166666666665,0.027741228070175438,0.2765957446808511,0.18085106382978725,0.25,0.6029411764705882,0.25,0.5,0.21875,0.0,0.14285714285714285,0.5238095238095238,0.5620826729368412,0.3931859979845243,0.3932433579492403,0.4424025717089192,0.0,0.01440576230492199,0.030700451141272397,0.2962962962962963,3.7205882352941178,3.772823433947065,2.0918390825862088,1.0129691277537636,5.155172413793103,0.2647058823529412,0.5248918699258301,5.0,9.0,1.842293906810036,0.939958614581611,0.07291666666666667,0.0
825,2,99.0,293.0,2.95959595959596,0.030199958771387342,0.26804123711340205,0.13402061855670103,0.23943661971830985,0.647887323943662,0.22535211267605634,0.4647887323943662,0.21212121212121213,0.0,0.19047619047619047,0.47619047619047616,0.5228345213325406,0.39547582877388393,0.3693804239578887,0.4466175190391286,0.0,0.01581101190476194,0.007396366260002623,0.21818181818181817,4.126760563380282,4.295943526713107,2.0930871747112,0.990024710847781,4.602150537634408,0.23943661971830985,0.5257563363717379,4.0,11.0,1.7552552552552552,0.774700142433591,0.09090909090909091,0.0
826,2,95.0,289.0,3.042105263157895,0.03236282194848824,0.22580645161290322,0.12903225806451613,0.2222222222222222,0.6527777777777778,0.3055555555555556,0.4583333333333333,0.22105263157894736,0.0,0.23809523809523808,0.5238095238095238,0.5408307533722801,0.42325632705473365,0.38798826559243227,0.4634452018766662,NaN,NaN,NaN,NaN,4.013888888888889,4.394276224451099,2.1209796941243635,0.9282020739444359,4.714285714285714,0.25,0.4838273393550533,5.0,11.0,1.7444444444444445,0.8131036884656423,0.07368421052631578,0.0
827,2,91.0,274.0,3.010989010989011,0.033455433455433455,0.24719101123595505,0.10112359550561797,0.22388059701492538,0.6268656716417911,0.2537313432835821,0.4626865671641791,0.23076923076923078,0.0,0.19047619047619047,0.5238095238095238,0.5281600742393617,0.42098285580958855,0.3972459132906894,0.4548362778948113,NaN,NaN,NaN,NaN,4.08955223880597,5.3021760635227295,2.1148531625247156,0.994648821504442,4.9743589743589745,0.2537313432835821,0.5049538766220588,4.0,10.0,1.6974459724950883,0.861931862138176,0.08791208791208792,0.0
828,2,96.0,336.0,3.5,0.03684210526315789,0.24468085106382978,0.0851063829787234,0.23943661971830985,0.6197183098591549,0.2676056338028169,0.4647887323943662,0.21875,0.0,0.14285714285714285,0.5238095238095238,0.5480341564056478,0.41874991135433204,0.3838748867473849,0.4527659587063825,0.0,0.04072748584135747,0.024448738189029675,0.2857142857142857,4.732394366197183,5.291388547114948,2.116484847667993,0.9217488537175259,4.75,0.2535211267605634,0.487966036901747,5.0,10.0,1.9892601431980907,1.0351662211849924,0.020833333333333332,0.0
829,2,99.0,312.0,3.1515151515151514,0.032158317872603585,0.25773195876288657,0.13402061855670103,0.19444444444444445,0.625,0.2222222222222222,0.4444444444444444,0.21212121212121213,0.0,0.09523809523809523,0.5714285714285714,0.5095606294418352,0.4129224216116596,0.36591049382716057,0.44589235302340247,0.0,0.02073039742212672,0.006842570361477925,0.19642857142857142,4.333333333333333,4.939065316148703,2.054060699709373,0.8683410925020832,4.545454545454545,0.3055555555555556,0.4051773306974317,4.0,7.0,1.6450617283950617,0.7036713147578789,0.0,0.0
83,2,92.0,359.0,3.902173913043478,0.04288103201146679,0.23333333333333334,0.044444444444444446,0.2318840579710145,0.6086956521739131,0.21739130434782608,0.4782608695652174,0.22826086956521738,0.0,0.09523809523809523,0.5238095238095238,0.534462604266458,0.3940432448094126,0.370510608408107,0.44173911327438303,0.0,0.014918964076858828,0.032676578872047966,0.3148148148148148,5.202898550724638,6.367610388763283,2.191720282009818,1.0526283590110554,4.911111111111111,0.2898550724637681,0.5048591250022129,5.0,13.0,2.153444676409186,1.1143800412096614,0.08695652173913043,0.0
830,2,94.0,290.0,3.0851063829787235,0.033173186913749715,0.25,0.10869565217391304,0.2608695652173913,0.5942028985507246,0.2463768115942029,0.463768115942029,0.22340425531914893,0.0,0.09523809523809523,0.47619047619047616,0.5581596906149424,0.39168991571066114,0.37855417529330576,0.44570676908441803,0.0,0.034693877551020415,0.008928049411804412,0.2727272727272727,4.202898550724638,5.092034466130659,2.1328219703427616,0.9718037164009338,4.8,0.2608695652173913,0.42353645927374106,5.0,9.0,1.9816272965879265,0.9423199362338109,0.0425531914893617,0.0
831,2,97.0,353.0,3.6391752577319587,0.03790807560137457,0.25263157894736843,0.12631578947368421,0.2112676056338028,0.6338028169014085,0.30985915492957744,0.5070422535211268,0.21649484536082475,0.0,0.23809523809523808,0.5238095238095238,0.565523910067211,0.40059754301233624,0.40924724870533874,0.4632613386892146,0.0,0.023888888888888887,0.014353910917352225,0.25,4.971830985915493,7.032520033968546,2.0726317398449514,0.9002937347153662,4.583333333333334,0.2676056338028169,0.43681260430476126,4.0,11.0,1.8701570680628272,0.8034904700564142,0.07216494845360824,0.0
832,2,95.0,308.0,3.2421052631578946,0.03449048152295633,0.24731182795698925,0.13978494623655913,0.24285714285714285,0.6142857142857143,0.2571428571428571,0.45714285714285713,0.22105263157894736,0.0,0.14285714285714285,0.6190476190476191,0.569594829117895,0.3901007991765475,0.38327797202797204,0.4501105736061139,0.0,0.01502913401647583,0.027988920303513604,0.2909090909090909,4.4,5.8369140149047345,2.1345738664105536,0.9917906977257028,5.333333333333334,0.2714285714285714,0.4637473317839361,5.0,11.0,1.9371657754010696,0.9776941916167257,0.09473684210526316,0.0
833,2,91.0,298.0,3.2747252747252746,0.03638583638583639,0.23595505617977527,0.07865168539325842,0.20588235294117646,0.6470588235294118,0.22058823529411764,0.47058823529411764,0.23076923076923078,0.0,0.19047619047619047,0.5238095238095238,0.5331065361194023,0.4043992585948436,0.37398787732081895,0.4430973681418486,0.0,0.01330532212885158,0.0085348562492347,0.18518518518518517,4.382352941176471,6.738238867668049,2.1096974164901154,0.9137722990510158,4.486486486486486,0.27941176470588236,0.4336892523167247,5.0,9.0,1.9049645390070922,0.9298037305979763,0.02197802197802198,0.0
834,2,94.0,308.0,3.276595744680851,0.035232212308396245,0.25,0.08695652173913043,0.2318840579710145,0.5942028985507246,0.2898550724637681,0.4927536231884058,0.22340425531914893,0.0,0.14285714285714285,0.47619047619047616,0.5523720538105381,0.3983997112986198,0.37842396465584865,0.4457985334894212,0.0,0.061835748792270565,0.016808955448595637,0.3333333333333333,4.463768115942029,5.245669671107801,2.100221730164034,0.8941964106047997,4.37037037037037,0.2898550724637681,0.4490934445962214,5.0,10.0,1.821882951653944,0.7860759701633299,0.05319148936170213,0.0
835,2,94.0,266.0,2.8297872340425534,0.030427819720887667,0.2608695652173913,0.14130434782608695,0.20588235294117646,0.6470588235294118,0.23529411764705882,0.47058823529411764,0.22340425531914893,0.0,0.14285714285714285,0.47619047619047616,0.5163401009793829,0.40157745675558104,0.37925473219590866,0.447945677134863,0.0,0.01666666666666667,0.016453910129401013,0.2777777777777778,3.911764705882353,4.094901431640953,2.124809145908822,1.0877370190646016,5.863636363636363,0.2647058823529412,0.48447426700178003,6.0,11.0,2.0399385560675882,1.1183515324194748,0.0425531914893617,0.0
836,2,91.0,292.0,3.208791208791209,0.03565323565323565,0.2247191011235955,0.07865168539325842,0.21739130434782608,0.6086956521739131,0.2463768115942029,0.463768115942029,0.23076923076923078,0.0,0.09523809523809523,0.5714285714285714,0.4979578568036676,0.40684973443607053,0.36568981266523803,0.4398738988084117,0.0,0.017690642690642706,0.016724825466535417,0.2857142857142857,4.231884057971015,5.995451529716781,2.1544061885133874,0.9675165795847385,5.0,0.2753623188405797,0.49394061317842913,6.0,13.0,2.1265508684863526,1.1140501964751521,0.08791208791208792,0.0
837,2,99.0,367.0,3.707070707070707,0.0378272521129664,0.27835051546391754,0.09278350515463918,0.2,0.6142857142857143,0.2571428571428571,0.4857142857142857,0.20202020202020202,0.0,0.15,0.45,0.5420676613249719,0.3998708772367287,0.39500481900130213,0.44935760398874386,0.0,0.02733346900013569,0.019276104380973103,0.34545454545454546,5.242857142857143,6.279563619763588,2.0309520419287472,0.8863074798191752,4.416666666666666,0.3142857142857143,0.41818699860526465,5.0,11.0,1.8613636363636363,0.9206803412837444,0.030303030303030304,0.0
838,2,92.0,304.0,3.3043478260869565,0.036311514572384136,0.24444444444444444,0.1111111111111111,0.19117647058823528,0.6323529411764706,0.29411764705882354,0.5,0.22826086956521738,0.0,0.19047619047619047,0.47619047619047616,0.5450728375314772,0.3981031770116966,0.3943977591036414,0.448183122089579,0.0,0.07806122448979592,0.025796617467805254,0.2962962962962963,4.470588235294118,6.611772829379592,2.1295952729779044,0.991673876295485,5.666666666666666,0.3088235294117647,0.4733142647705207,5.0,8.0,1.7616892911010558,0.8500461227880637,0.021739130434782608,0.0
839,2,101.0,368.0,3.6435643564356437,0.03643564356435643,0.2828282828282828,0.13131313131313133,0.22535211267605634,0.6197183098591549,0.2535211267605634,0.4647887323943662,0.2079207920792079,0.0,0.14285714285714285,0.47619047619047616,0.5545058597700091,0.40519747534958334,0.385893136597362,0.4503262842894908,0.0,0.01447916666666671,0.007790814457220629,0.23636363636363636,5.183098591549296,6.614507560020579,2.059892002050246,0.9522736262753685,4.623376623376624,0.29577464788732394,0.38128527463327,4.0,9.0,1.672,0.7553211325993301,0.039603960396039604,0.0
84,2,94.0,371.0,3.9468085106382977,0.04243880118965912,0.25,0.03260869565217391,0.2028985507246377,0.6376811594202898,0.2318840579710145,0.4927536231884058,0.22340425531914893,0.0,0.23809523809523808,0.47619047619047616,0.527267658737842,0.3977392212891953,0.3841009927545148,0.44388542291708033,0.0,0.01785714285714296,0.022024092328011915,0.32727272727272727,5.3768115942028984,7.596635186393888,2.084568172806635,0.9311374960884141,4.586206896551724,0.2753623188405797,0.43398858105210614,4.0,10.0,1.7399770904925544,0.7183495989165329,0.0425531914893617,0.0
840,2,91.0,321.0,3.5274725274725274,0.039194139194139194,0.23595505617977527,0.07865168539325842,0.23529411764705882,0.5882352941176471,0.3088235294117647,0.4852941176470588,0.23076923076923078,0.0,0.14285714285714285,0.5238095238095238,0.5541778070293601,0.41699661778202657,0.39910069290874245,0.45987825424184525,0.0,0.04850088183421517,0.009660586124401915,0.21428571428571427,4.720588235294118,5.651167065399284,2.1734792006248367,0.9818460939316322,4.625,0.3235294117647059,0.514984801870412,4.0,11.0,1.7898832684824904,0.769517549561626,0.04395604395604396,0.0
841,2,94.0,326.0,3.4680851063829787,0.03729123770304278,0.25,0.09782608695652174,0.2318840579710145,0.6376811594202898,0.30434782608695654,0.4782608695652174,0.22340425531914893,0.0,0.23809523809523808,0.47619047619047616,0.56300092185273,0.4056307368971193,0.40180373905188327,0.46084696419986826,0.0,0.02380952380952382,0.007236743207185539,0.16363636363636364,4.72463768115942,6.4668477136924,2.04795573948522,0.8360172203580767,4.076923076923077,0.2608695652173913,0.3854328622638779,4.0,10.0,1.6142061281337048,0.6069507865654873,0.031914893617021274,0.0
842,2,98.0,298.0,3.0408163265306123,0.031348621922996,0.2708333333333333,0.08333333333333333,0.21428571428571427,0.6,0.24285714285714285,0.4714285714285714,0.21428571428571427,0.0,0.14285714285714285,0.5238095238095238,0.5582244641785848,0.40163343740120194,0.38246815985946425,0.45002460142055073,0.0,0.04665800865800867,0.018346786612596887,0.2727272727272727,4.257142857142857,4.7233177797879815,2.08221025352201,0.9397426344039463,4.758620689655173,0.2857142857142857,0.5024446393377977,4.0,7.0,1.7642642642642643,0.8115607255544036,0.030612244897959183,0.0
843,2,94.0,248.0,2.6382978723404253,0.028368794326241134,0.2717391304347826,0.13043478260869565,0.23880597014925373,0.6268656716417911,0.2835820895522388,0.47761194029850745,0.22340425531914893,0.0,0.23809523809523808,0.5238095238095238,0.5501571597567257,0.4198831900784893,0.4050682733518555,0.4587818620258647,NaN,NaN,NaN,NaN,3.701492537313433,4.403906411127938,2.114804596521055,1.0761678089757711,5.555555555555555,0.2537313432835821,0.5705813518331827,5.0,10.0,1.802,0.9594984494771721,0.0851063829787234,0.0
844,2,99.0,361.0,3.6464646464646466,0.03720882292310864,0.26804123711340205,0.07216494845360824,0.19718309859154928,0.6338028169014085,0.2112676056338028,0.49295774647887325,0.21212121212121213,0.0,0.14285714285714285,0.5238095238095238,0.5327107016454796,0.38612666625130204,0.37519857268515455,0.43180919279630187,0.0,0.020219524764376155,0.024729668883170536,0.3090909090909091,5.084507042253521,6.301352414642521,2.0434457848337084,0.8791260954756958,4.333333333333334,0.2535211267605634,0.45666657105778163,5.0,10.0,1.8471760797342194,0.8403029090389849,0.020202020202020204,0.0
845,2,100.0,382.0,3.82,0.038585858585858585,0.2653061224489796,0.05102040816326531,0.19444444444444445,0.5972222222222222,0.2361111111111111,0.4444444444444444,0.21,0.0,0.14285714285714285,0.5238095238095238,0.5404953649096038,0.4136140871592767,0.3736252655523489,0.4500188906279851,0.0,0.02090037471489086,0.006489613727716163,0.17857142857142858,5.305555555555555,6.456002532612225,2.1118419557906907,1.0000177102632932,4.9375,0.3333333333333333,0.5101041893834746,5.0,10.0,1.7567567567567568,0.9003342928892323,0.04,0.0
846,2,91.0,322.0,3.5384615384615383,0.039316239316239315,0.23595505617977527,0.10112359550561797,0.25,0.6470588235294118,0.22058823529411764,0.4411764705882353,0.23076923076923078,0.0,0.19047619047619047,0.47619047619047616,0.5281698204331354,0.41028039734456545,0.38128312260345504,0.4607248962306691,0.0,0.03538461538461538,0.005288701359091965,0.2,4.735294117647059,5.245090517719343,2.1189258722907303,0.9643805542251042,5.227272727272727,0.23529411764705882,0.4088563783213032,5.0,11.0,1.9913473423980224,1.027432775496451,0.07692307692307693,0.0
847,2,92.0,290.0,3.152173913043478,0.03463927376970855,0.25555555555555554,0.05555555555555555,0.208955223880597,0.6417910447761194,0.31343283582089554,0.4925373134328358,0.22826086956521738,0.0,0.19047619047619047,0.5238095238095238,0.565412919822855,0.41969731479810674,0.4082031463561314,0.4632941149791784,0.0,0.034013605442176915,0.010396065984569634,0.24074074074074073,4.3283582089552235,6.652381801078313,2.071039202425531,0.9079269660639965,4.3770491803278695,0.26865671641791045,0.45828819631429896,5.0,10.0,1.978120978120978,0.9323980117716596,0.05434782608695652,0.0
848,2,96.0,257.0,2.6770833333333335,0.02817982456140351,0.2765957446808511,0.14893617021276595,0.2647058823529412,0.6323529411764706,0.25,0.4264705882352941,0.21875,0.0,0.19047619047619047,0.5238095238095238,0.5140984424537441,0.4293499592969317,0.37283380018674134,0.4571604984345053,0.0,0.04191666666666667,0.00964801942455023,0.22641509433962265,3.7794117647058822,4.438117081703039,2.0607425380089768,0.9514537516518653,4.602150537634408,0.16176470588235295,0.4148847604488871,4.0,10.0,1.7881355932203389,0.8016504083258499,0.041666666666666664,0.0
849,2,95.0,375.0,3.9473684210526314,0.041993281075028,0.25806451612903225,0.0967741935483871,0.2463768115942029,0.6086956521739131,0.2028985507246377,0.463768115942029,0.22105263157894736,0.0,0.14285714285714285,0.47619047619047616,0.5185686116992995,0.38402189577074425,0.3707662472334703,0.4352225699575749,0.0,0.024943310657596376,0.015081622957900713,0.3333333333333333,5.434782608695652,6.447704244580039,2.128529484290465,1.0159306991443247,4.825,0.2898550724637681,0.4501698153094821,4.0,9.0,1.639836289222374,0.7419115581033996,0.07368421052631578,0.0
85,2,99.0,329.0,3.323232323232323,0.03391053391053391,0.27835051546391754,0.10309278350515463,0.21428571428571427,0.6,0.22857142857142856,0.4714285714285714,0.21212121212121213,0.0,0.14285714285714285,0.5238095238095238,0.5265652593391695,0.3973700167163807,0.379148447371444,0.4384863013870685,0.0,0.013461538461538494,0.002426724416053685,0.10714285714285714,4.7,6.844758917425884,2.0453620581090695,0.8839834082313301,4.193548387096774,0.2857142857142857,0.4242693282988777,5.0,9.0,1.6661764705882354,0.7334045720532328,0.030303030303030304,0.0
850,2,95.0,308.0,3.2421052631578946,0.03449048152295633,0.26881720430107525,0.10752688172043011,0.25,0.6029411764705882,0.23529411764705882,0.4852941176470588,0.22105263157894736,0.0,0.19047619047619047,0.47619047619047616,0.5796412596202581,0.40402772658321046,0.39940476685863935,0.4488500583649728,0.0,0.02872287968441818,0.010768540734816394,0.2727272727272727,4.529411764705882,5.442975997422387,2.084657869195413,0.9589283655532558,5.75,0.22058823529411764,0.42037832935621844,6.0,8.0,2.077127659574468,1.1855356600532503,0.021052631578947368,0.0
851,2,95.0,344.0,3.6210526315789475,0.038521836506159014,0.24731182795698925,0.13978494623655913,0.21428571428571427,0.6285714285714286,0.2571428571428571,0.5142857142857142,0.22105263157894736,0.0,0.19047619047619047,0.47619047619047616,0.5331018002369802,0.406857332239639,0.39332569655002975,0.45287787607100816,0.0,0.01901669758812618,0.01836451299428683,0.32142857142857145,4.914285714285715,5.992127340278395,2.090600749133174,0.9182751242500282,5.0,0.24285714285714285,0.3839113808703909,5.0,10.0,1.8854961832061068,0.9561698117503041,0.021052631578947368,0.0
852,2,96.0,299.0,3.1145833333333335,0.03278508771929824,0.26595744680851063,0.09574468085106383,0.21739130434782608,0.6231884057971014,0.2463768115942029,0.4927536231884058,0.21875,0.0,0.14285714285714285,0.5714285714285714,0.5876544867144827,0.4016818410259591,0.40685917994102144,0.45471912992352703,0.0,0.026126543209876566,0.01017310826978419,0.3148148148148148,4.333333333333333,4.464456579363227,2.0864694644710524,0.9454873173351307,4.972222222222222,0.2608695652173913,0.5108608663887805,5.0,9.0,1.8711048158640227,0.914245445762428,0.052083333333333336,0.0
853,2,94.0,297.0,3.1595744680851063,0.03397391901166781,0.29347826086956524,0.13043478260869565,0.24615384615384617,0.6153846153846154,0.24615384615384617,0.5076923076923077,0.2127659574468085,0.0,0.1,0.65,0.594265520645328,0.40114586026751253,0.41588187523071246,0.44876894389207433,0.0,0.024999999999999998,0.014206385022477099,0.23529411764705882,4.569230769230769,6.773037609635611,2.035589112402394,0.9426180341166761,4.888888888888889,0.27692307692307694,0.4355580236171965,4.0,12.0,1.943109987357775,0.8674420050881013,0.05319148936170213,0.0
854,2,97.0,359.0,3.7010309278350517,0.03855240549828179,0.25263157894736843,0.11578947368421053,0.16901408450704225,0.6619718309859155,0.19718309859154928,0.4647887323943662,0.21649484536082475,0.0,0.14285714285714285,0.47619047619047616,0.5112489764869491,0.38979621742667364,0.3651294179833839,0.43749513878376933,0.0,0.025334821428571457,0.011103894233761014,0.3090909090909091,5.056338028169014,6.75253883247661,2.1190511304473754,1.0258371806986717,5.158730158730158,0.28169014084507044,0.3722175837025296,6.0,12.0,2.0385852090032155,1.0566623563251194,0.030927835051546393,0.0
855,2,93.0,269.0,2.89247311827957,0.031439925198690974,0.21978021978021978,0.13186813186813187,0.2676056338028169,0.6338028169014085,0.2112676056338028,0.39436619718309857,0.22580645161290322,0.0,0.14285714285714285,0.47619047619047616,0.4917694819449339,0.40807778508394615,0.3379052090319695,0.4422712695140164,0.0,0.005952380952380973,0.015396551253668941,0.2727272727272727,3.788732394366197,3.5372123525969124,2.1431167447647814,0.949881911594081,5.1764705882352935,0.23943661971830985,0.38942290176374994,5.0,9.0,1.8868217054263565,0.9095234439970843,0.03225806451612903,0.0
856,2,93.0,311.0,3.3440860215053765,0.036348761103319305,0.21978021978021978,0.10989010989010989,0.22535211267605634,0.6197183098591549,0.2535211267605634,0.4647887323943662,0.22580645161290322,0.0,0.09523809523809523,0.5238095238095238,0.5008454568411203,0.41370775283380407,0.3607742414080442,0.44902908172680306,0.0,0.012384259259259262,0.015375240353296184,0.2727272727272727,4.380281690140845,6.399478097432404,2.143373843989828,0.9153170235637768,4.479166666666666,0.2676056338028169,0.4442544971129724,5.0,12.0,1.9068923821039903,0.8620536276400498,0.07526881720430108,0.0
857,2,95.0,306.0,3.221052631578947,0.034266517357222845,0.27956989247311825,0.08602150537634409,0.2537313432835821,0.6417910447761194,0.26865671641791045,0.47761194029850745,0.22105263157894736,0.0,0.23809523809523808,0.5714285714285714,0.5192979019554527,0.40581108590613113,0.38646608366757623,0.45305501948592025,0.0,0.013221153846153879,0.02480411672352986,0.3018867924528302,4.567164179104478,6.683820084890248,2.0593150801854336,0.9527922056733835,4.530612244897959,0.2537313432835821,0.46377241707612304,5.0,9.0,1.9221105527638191,0.868144014855835,0.042105263157894736,0.0
858,2,97.0,282.0,2.9072164948453607,0.030283505154639175,0.25263157894736843,0.14736842105263157,0.23943661971830985,0.6056338028169014,0.22535211267605634,0.4647887323943662,0.21649484536082475,0.0,0.14285714285714285,0.5238095238095238,0.5160577916254464,0.40809269654914554,0.3630101119537739,0.43958818950805156,0.0,0.010159480976013269,0.015396026926435701,0.21818181818181817,3.971830985915493,3.876566341441557,2.1098677377948394,0.9508943197311274,4.75,0.2676056338028169,0.43560402493332073,4.0,10.0,1.7142857142857142,0.7821972972547346,0.05154639175257732,0.0
859,2,98.0,319.0,3.2551020408163267,0.03355775299810646,0.2708333333333333,0.052083333333333336,0.18571428571428572,0.6142857142857143,0.24285714285714285,0.5,0.20408163265306123,0.0,0.1,0.5,0.545237787145087,0.40419515963809394,0.3850223982366839,0.442231444357143,0.0,0.02674354154617311,0.013262396205753832,0.2962962962962963,4.557142857142857,4.9567278661145355,2.0866701433015393,0.9735960802764793,5.0,0.2857142857142857,0.5614869155554973,6.0,11.0,2.0554885404101326,1.0942579198242008,0.030612244897959183,0.0
86,2,96.0,288.0,3.0,0.031578947368421054,0.2553191489361702,0.09574468085106383,0.22857142857142856,0.6285714285714286,0.2714285714285714,0.4714285714285714,0.21875,0.0,0.19047619047619047,0.5238095238095238,0.5441092640208641,0.41510194139188794,0.3899991278562707,0.45282528334166683,0.0,0.02757531584062198,0.02076444003527337,0.17857142857142858,4.114285714285714,6.455068466150573,2.0557615009302905,0.8812756465260737,4.818181818181818,0.2857142857142857,0.3834324007676001,5.0,7.0,1.8016129032258064,0.870071754507384,0.0,0.0
860,2,100.0,297.0,2.97,0.03,0.2653061224489796,0.10204081632653061,0.2361111111111111,0.6111111111111112,0.2361111111111111,0.4305555555555556,0.21,0.0,0.09523809523809523,0.47619047619047616,0.47053220314482197,0.4144030300110886,0.3519896384479718,0.4423892776456528,0.0,0.006200396825396803,0.002904885912698413,0.05357142857142857,4.125,5.816289655107686,2.0950875246798315,1.0080460101737916,5.413793103448276,0.2361111111111111,0.4568431338543348,5.0,10.0,1.6497175141242937,0.8653142712192471,0.03,0.0
861,2,97.0,324.0,3.3402061855670104,0.03479381443298969,0.2631578947368421,0.08421052631578947,0.22857142857142856,0.6285714285714286,0.2714285714285714,0.45714285714285713,0.21649484536082475,0.0,0.19047619047619047,0.47619047619047616,0.5578915238798742,0.403921437240051,0.37393310657596374,0.45386481715425914,0.0,0.023295454545454584,0.02359338256907701,0.25925925925925924,4.628571428571429,5.8338627384731785,2.125102980331089,1.036575288373178,5.0625,0.2571428571428571,0.4606633616894419,5.0,12.0,2.1565113500597373,1.1515004841521344,0.061855670103092786,0.0
862,2,96.0,406.0,4.229166666666667,0.04451754385964912,0.2553191489361702,0.07446808510638298,0.2,0.5857142857142857,0.22857142857142856,0.4857142857142857,0.20833333333333334,0.0,0.1,0.6,0.5631567470683005,0.39273271058846887,0.3833841783005917,0.4413891117142188,0.0,0.05235431363903591,0.02365943297210511,0.375,5.8,7.982952851663605,2.0719274297084778,0.8538288425982661,3.948905109489051,0.34285714285714286,0.49142572687563124,4.0,12.0,1.6378205128205128,0.5996622523952616,0.052083333333333336,0.0
863,2,96.0,332.0,3.4583333333333335,0.03640350877192983,0.2553191489361702,0.07446808510638298,0.2571428571428571,0.6142857142857143,0.2,0.44285714285714284,0.21875,0.0,0.14285714285714285,0.5714285714285714,0.5388829053161776,0.399812685716527,0.3526396836650293,0.43693310772398375,0.0,0.015659340659340635,0.006655492397794448,0.23636363636363636,4.742857142857143,6.482273966471757,2.1466388231757922,1.0460895343562675,5.472222222222222,0.2571428571428571,0.398399497036662,6.0,12.0,2.2744656917885266,1.2747682933795674,0.041666666666666664,0.0
864,2,91.0,272.0,2.989010989010989,0.03321123321123321,0.2247191011235955,0.14606741573033707,0.2318840579710145,0.6231884057971014,0.21739130434782608,0.5072463768115942,0.23076923076923078,0.0,0.23809523809523808,0.47619047619047616,0.5635087950357386,0.3987109814690261,0.3837719298245614,0.4385173405281522,0.0,0.09365079365079369,0.02384926684390622,0.2962962962962963,3.9420289855072466,4.562906897153248,2.160143429945044,0.9947950996576087,5.333333333333334,0.2463768115942029,0.43367505304064524,5.0,11.0,2.0717241379310343,1.048723470830202,0.04395604395604396,0.0
865,2,95.0,385.0,4.052631578947368,0.04311310190369541,0.25806451612903225,0.11827956989247312,0.2318840579710145,0.6086956521739131,0.2753623188405797,0.4782608695652174,0.22105263157894736,0.0,0.14285714285714285,0.6190476190476191,0.5426332159536157,0.40542547142529295,0.38341082933379367,0.45703253539255734,0.0,0.06410256410256415,0.011690247678498624,0.30357142857142855,5.579710144927536,8.390130401253764,2.066193077399252,0.8672918504777254,4.0,0.2898550724637681,0.4251040307736819,4.0,11.0,1.6527472527472526,0.6100263586688465,0.042105263157894736,0.0
866,2,91.0,335.0,3.681318681318681,0.040903540903540904,0.21348314606741572,0.02247191011235955,0.22857142857142856,0.6142857142857143,0.2,0.4857142857142857,0.23076923076923078,0.0,0.19047619047619047,0.47619047619047616,0.5204474407407288,0.39794389359075777,0.36286483357911925,0.4382341738524058,0.0,0.005102040816326552,0.015301663397366522,0.2857142857142857,4.785714285714286,5.999741195246498,2.1441725142482904,0.9041364789870344,4.454545454545455,0.2857142857142857,0.43895206893229033,5.0,13.0,1.8918617614269788,0.8362000778249682,0.07692307692307693,0.0
867,2,90.0,278.0,3.088888888888889,0.03470661672908864,0.22727272727272727,0.17045454545454544,0.23529411764705882,0.6323529411764706,0.25,0.45588235294117646,0.23333333333333334,0.0,0.23809523809523808,0.42857142857142855,0.538751876747761,0.40045212057395657,0.3907364081996435,0.45785361183408924,0.0,0.007211538461538462,0.012634893017668139,0.18181818181818182,4.088235294117647,4.345989038174137,2.1728061685506606,1.0435978778978672,5.166666666666666,0.25,0.3996675102874079,7.0,9.0,2.083687943262411,1.1369706631421526,0.022222222222222223,0.0
868,2,96.0,311.0,3.2395833333333335,0.03410087719298246,0.26595744680851063,0.1595744680851064,0.21739130434782608,0.6231884057971014,0.2608695652173913,0.4492753623188406,0.21875,0.0,0.19047619047619047,0.47619047619047616,0.5684798134186776,0.403100907689266,0.38822699040090347,0.45486360682217336,0.0,0.024107142857142883,0.01566143098243755,0.18867924528301888,4.507246376811594,5.35949731072793,2.0835371725667615,0.9983149535383872,5.25,0.2608695652173913,0.37350917622873914,4.0,10.0,1.6341030195381883,0.8076868491609805,0.0625,0.0
869,2,93.0,314.0,3.3763440860215055,0.036699392239364186,0.21978021978021978,0.07692307692307693,0.23943661971830985,0.6197183098591549,0.23943661971830985,0.4225352112676056,0.22580645161290322,0.0,0.14285714285714285,0.5238095238095238,0.5189727708179833,0.4007015868610588,0.36253622211739334,0.45017835215023266,NaN,NaN,NaN,NaN,4.422535211267606,5.244485462521524,2.205832767903567,1.044319672304207,5.5,0.2676056338028169,0.43353861827667156,5.0,9.0,2.2053872053872055,1.1174882255188159,0.043010752688172046,0.0
87,2,95.0,360.0,3.789473684210526,0.040313549832026875,0.25806451612903225,0.10752688172043011,0.2463768115942029,0.6376811594202898,0.2318840579710145,0.4782608695652174,0.22105263157894736,0.0,0.19047619047619047,0.5238095238095238,0.5297495357524676,0.41468055867687953,0.39185660649855025,0.44500139071760975,0.0,0.0433786651234568,0.016055144195728736,0.2909090909090909,5.217391304347826,6.384423980690614,2.0873392803644957,0.9505717398166077,4.75,0.2028985507246377,0.42401931986075225,4.0,10.0,1.6714490674318507,0.782129641745519,0.06315789473684211,0.0
870,2,99.0,361.0,3.6464646464646466,0.03720882292310864,0.27835051546391754,0.10309278350515463,0.21428571428571427,0.6,0.24285714285714285,0.4857142857142857,0.21212121212121213,0.0,0.14285714285714285,0.5238095238095238,0.5457427439048838,0.4018059218543869,0.38364581405684806,0.443943743987468,0.0,0.010663334627329255,0.03313419812369392,0.3333333333333333,5.1571428571428575,6.847480684049172,2.097263751666346,1.0010276848939803,4.785714285714286,0.3142857142857143,0.5147680025753884,4.0,10.0,1.8635824436536181,0.89157576283738,0.04040404040404041,0.0
871,2,96.0,307.0,3.1979166666666665,0.033662280701754387,0.2553191489361702,0.07446808510638298,0.21428571428571427,0.6142857142857143,0.24285714285714285,0.4714285714285714,0.21875,0.0,0.19047619047619047,0.6190476190476191,0.5477117845413244,0.4194541977024899,0.3818577097505668,0.4477096343401006,NaN,NaN,NaN,NaN,4.385714285714286,5.480645410905801,2.111275257928883,0.9681715368772611,4.846153846153847,0.3,0.44570421355559875,5.0,8.0,1.791111111111111,0.8487612431499175,0.020833333333333332,0.0
872,2,93.0,366.0,3.935483870967742,0.042776998597475455,0.23076923076923078,0.15384615384615385,0.2,0.6142857142857143,0.2,0.4857142857142857,0.22580645161290322,0.0,0.09523809523809523,0.47619047619047616,0.5117892683851722,0.3852326647123635,0.36326557736332177,0.4311408519918718,0.0,0.0340136054421769,0.008993970851958,0.2857142857142857,5.228571428571429,6.424977141044159,2.1152352477839393,0.8923156213830902,4.25,0.2857142857142857,0.427383261249789,3.0,12.0,1.712984054669704,0.6716884066253812,0.08602150537634409,0.0
873,2,97.0,335.0,3.4536082474226806,0.03597508591065292,0.25263157894736843,0.08421052631578947,0.2112676056338028,0.6056338028169014,0.23943661971830985,0.4225352112676056,0.21649484536082475,0.0,0.14285714285714285,0.5714285714285714,0.4952650219338584,0.4101276096411367,0.35180751173708924,0.4466276101918935,0.0,0.017085193452380985,0.02958348312068896,0.3090909090909091,4.71830985915493,5.63454421681001,2.1719257850092166,1.1093066929232993,5.485714285714286,0.323943661971831,0.5264165830816085,6.0,11.0,2.0,1.1750306595737567,0.07216494845360824,0.0
874,2,100.0,344.0,3.44,0.03474747474747475,0.2755102040816326,0.061224489795918366,0.23943661971830985,0.5915492957746479,0.19718309859154928,0.4647887323943662,0.21,0.0,0.09523809523809523,0.47619047619047616,0.5338355969341748,0.39474127785886653,0.3538699172501989,0.4375917207290164,0.0,0.02012432012432015,0.008927965758236215,0.23214285714285715,4.845070422535211,5.214397341767021,2.0884558031784657,0.9532491805167761,4.456521739130435,0.30985915492957744,0.47573743694954346,4.0,12.0,1.826963906581741,0.7295166879916191,0.05,0.0
875,2,91.0,332.0,3.6483516483516483,0.04053724053724054,0.24719101123595505,0.07865168539325842,0.19402985074626866,0.582089552238806,0.2537313432835821,0.5074626865671642,0.23076923076923078,0.0,0.14285714285714285,0.5238095238095238,0.6042149085217257,0.40126676439635905,0.39530916844349684,0.4519037556239261,0.0,0.04166666666666669,0.0075665306133588395,0.2222222222222222,4.955223880597015,6.874266541197035,2.1476095386649527,0.976323826009157,4.818181818181818,0.34328358208955223,0.4345224164345245,5.0,12.0,1.9351535836177474,0.9409100876353228,0.054945054945054944,0.0
876,2,97.0,316.0,3.2577319587628866,0.033934707903780066,0.25263157894736843,0.09473684210526316,0.23943661971830985,0.6197183098591549,0.28169014084507044,0.4647887323943662,0.21649484536082475,0.0,0.14285714285714285,0.5238095238095238,0.5387501900893449,0.4152749053771982,0.3870273856646453,0.4528361740517815,0.0,0.03604676830758353,0.01433299955496217,0.23214285714285715,4.450704225352113,5.9708547662658,2.0693195772919273,0.887144432324476,4.7,0.23943661971830985,0.4998887243043765,5.0,9.0,1.7206946454413894,0.7699934750054684,0.041237113402061855,0.0
877,2,92.0,275.0,2.989130434782609,0.03284758719541328,0.26666666666666666,0.12222222222222222,0.18181818181818182,0.6363636363636364,0.3181818181818182,0.5,0.20652173913043478,0.0,0.21052631578947367,0.47368421052631576,0.5885100022790757,0.42893078726188083,0.40121704053522234,0.464424031037417,0.0,0.006993006993006978,0.012681242924443411,0.2641509433962264,4.166666666666667,5.234745848898886,2.051939191301919,0.915093693467403,5.0,0.21212121212121213,0.39295349123816226,5.0,8.0,1.816466552315609,0.9391832390568828,0.021739130434782608,0.0
878,2,96.0,358.0,3.7291666666666665,0.03925438596491228,0.24468085106382978,0.07446808510638298,0.2535211267605634,0.6338028169014085,0.2535211267605634,0.4225352112676056,0.21875,0.0,0.19047619047619047,0.5714285714285714,0.523111197972544,0.42102320254979436,0.36651916328891215,0.45847156959790963,0.0,0.04623538011695903,0.009143890059571006,0.2727272727272727,5.042253521126761,7.090107030661627,2.080383546593685,0.8911114856038831,4.666666666666666,0.22535211267605634,0.4264834837807763,4.0,9.0,1.7612826603325415,0.7687550467545768,0.03125,0.0
879,2,89.0,306.0,3.438202247191011,0.039070480081716034,0.2413793103448276,0.09195402298850575,0.22727272727272727,0.6363636363636364,0.2727272727272727,0.48484848484848486,0.23595505617977527,0.0,0.23809523809523808,0.47619047619047616,0.5414515169696694,0.40750938266556197,0.4065656565656566,0.45664416428318977,0.0,0.028010033444816094,0.008714863095449204,0.22641509433962265,4.636363636363637,5.71270207826078,2.11850499848732,0.9675906552626252,4.705882352941177,0.25757575757575757,0.4507242024770417,5.0,13.0,1.871191135734072,0.8945983498318505,0.0898876404494382,0.0
88,2,94.0,266.0,2.8297872340425534,0.030427819720887667,0.2608695652173913,0.13043478260869565,0.25,0.5735294117647058,0.29411764705882354,0.47058823529411764,0.22340425531914893,0.0,0.14285714285714285,0.47619047619047616,0.6111850323068456,0.4275839652549315,0.40211583399299666,0.4606344196701606,0.0,0.029150790751083067,0.013034665984558226,0.18518518518518517,3.911764705882353,4.858398772268238,2.0642558380407223,0.8584791524781263,4.24,0.27941176470588236,0.45541166216240264,4.0,9.0,1.6571428571428573,0.6952064706261077,0.031914893617021274,0.0
880,2,92.0,252.0,2.739130434782609,0.030100334448160536,0.25555555555555554,0.05555555555555555,0.23880597014925373,0.5970149253731343,0.31343283582089554,0.5074626865671642,0.22826086956521738,0.0,0.19047619047619047,0.5238095238095238,0.6537548145462521,0.4012128680916762,0.42284652663678585,0.46109232867539574,0.0,0.010187728937728988,0.026911588356474152,0.24528301886792453,3.7611940298507465,4.911611326786594,2.114223665809402,0.9883152427721218,5.388888888888889,0.26865671641791045,0.531225574903907,5.0,8.0,1.9572192513368984,1.0978658371977277,0.021739130434782608,0.0
881,2,94.0,310.0,3.297872340425532,0.03546099290780142,0.2391304347826087,0.13043478260869565,0.22857142857142856,0.6285714285714286,0.22857142857142856,0.4714285714285714,0.22340425531914893,0.0,0.14285714285714285,0.5714285714285714,0.539257152461314,0.39547148827951634,0.375484527144191,0.44187339677587745,0.0,0.03333333333333334,0.009602518289946203,0.2727272727272727,4.428571428571429,5.560136137868893,2.1049645507652905,0.9128497027531256,4.465753424657534,0.2857142857142857,0.3982831860022042,5.0,10.0,1.8939213349225268,0.8736114101546474,0.0425531914893617,0.0
882,2,100.0,396.0,3.96,0.04,0.2653061224489796,0.08163265306122448,0.20833333333333334,0.6111111111111112,0.25,0.4583333333333333,0.21,0.0,0.09523809523809523,0.5238095238095238,0.5231407607505948,0.4132277066460746,0.3826455662393162,0.4533848395827244,0.0,0.02569456184840803,0.008411192847406736,0.25,5.5,6.5089321077346165,2.089375824835616,0.9605085046742152,4.927083333333334,0.3055555555555556,0.45110011544812756,6.0,8.0,1.8157894736842106,0.9500277833613743,0.04,0.0
883,2,95.0,367.0,3.863157894736842,0.04109742441209407,0.24731182795698925,0.08602150537634409,0.22857142857142856,0.6285714285714286,0.18571428571428572,0.4714285714285714,0.22105263157894736,0.0,0.09523809523809523,0.5238095238095238,0.5278118978012681,0.3935401447470466,0.36941396255471887,0.43640195619930733,0.0,0.02121801101392937,0.03442544036080341,0.30357142857142855,5.242857142857143,6.044366677330282,2.0891790416813354,0.896404733368976,4.628571428571428,0.2571428571428571,0.3952553298026559,4.0,10.0,1.7093425605536332,0.687024515615839,0.042105263157894736,0.0
884,2,90.0,406.0,4.511111111111111,0.050686641697877656,0.22727272727272727,0.07954545454545454,0.19117647058823528,0.6029411764705882,0.22058823529411764,0.47058823529411764,0.23333333333333334,0.0,0.09523809523809523,0.5238095238095238,0.5653237937881455,0.39208336421829676,0.37600943088559186,0.44759690255288426,0.0,0.042560613989185474,0.01922771823159968,0.3090909090909091,5.970588235294118,8.654169193223238,2.153428334555125,0.9310553353604342,4.435483870967742,0.3382352941176471,0.4091434681513288,4.0,10.0,1.758298755186722,0.7324857817853259,0.044444444444444446,0.0
885,2,98.0,323.0,3.295918367346939,0.03397853986955607,0.25,0.15625,0.2222222222222222,0.5972222222222222,0.2638888888888889,0.4583333333333333,0.21428571428571427,0.0,0.09523809523809523,0.5238095238095238,0.5359756946304373,0.4123131974658937,0.3790229446479446,0.44828189503447957,0.0,0.03888888888888889,0.016705746907621413,0.3392857142857143,4.486111111111111,6.248364418227656,2.0784400352469463,0.8884242456362403,4.818181818181818,0.3194444444444444,0.41885070962239984,7.0,11.0,2.080545229244114,1.2402295873762204,0.030612244897959183,0.0
886,2,94.0,299.0,3.1808510638297873,0.03420269961107298,0.22826086956521738,0.13043478260869565,0.2676056338028169,0.6056338028169014,0.2112676056338028,0.4507042253521127,0.22340425531914893,0.0,0.14285714285714285,0.47619047619047616,0.5054201237623028,0.3903526492417784,0.35753392718374827,0.436233041827782,0.0,0.02990578297595844,0.013314991189920912,0.25,4.211267605633803,5.206906108944563,2.1267117788333447,0.8968268585319756,4.5,0.23943661971830985,0.39808767839469383,5.0,7.0,1.808259587020649,0.8568722504770727,0.0,0.0
887,2,93.0,373.0,4.010752688172043,0.04359513791491351,0.25274725274725274,0.06593406593406594,0.22058823529411764,0.6323529411764706,0.23529411764705882,0.45588235294117646,0.22580645161290322,0.0,0.19047619047619047,0.47619047619047616,0.5525134991412672,0.3999588474880488,0.37113322971465007,0.4511109456367079,0.0,0.012857142857142916,0.019079870617610434,0.24528301886792453,5.485294117647059,7.700538161187513,2.1199549552693773,0.9934972465964078,4.857142857142858,0.2647058823529412,0.48028819891040053,4.0,9.0,1.5879120879120878,0.6802111760183218,0.053763440860215055,0.0
888,2,98.0,394.0,4.020408163265306,0.04144750683778666,0.2604166666666667,0.11458333333333333,0.22535211267605634,0.5915492957746479,0.19718309859154928,0.4507042253521127,0.21428571428571427,0.0,0.09523809523809523,0.5714285714285714,0.48556285180790804,0.3956311883510911,0.3450219609226281,0.431285162113887,0.0,0.01806700244200247,0.011056053841880784,0.25,5.549295774647887,6.977082346397418,2.062001738264524,0.8641110635322408,4.416666666666666,0.29577464788732394,0.40794921444990745,4.0,11.0,1.6608391608391608,0.6765829753439827,0.05102040816326531,0.0
889,2,95.0,326.0,3.431578947368421,0.03650615901455767,0.25806451612903225,0.16129032258064516,0.21739130434782608,0.6376811594202898,0.30434782608695654,0.4782608695652174,0.22105263157894736,0.0,0.23809523809523808,0.5714285714285714,0.5575536897343251,0.4106897369368766,0.4057245876716576,0.46242787338890906,0.0,0.03571428571428576,0.008575480510128092,0.2,4.72463768115942,6.398262765072417,2.070276899470712,0.9120679782639556,4.5,0.2753623188405797,0.3965277693608704,4.0,11.0,1.6793002915451896,0.7403353591447017,0.05263157894736842,0.0
89,2,98.0,355.0,3.622448979591837,0.03734483484115295,0.2604166666666667,0.041666666666666664,0.23943661971830985,0.6338028169014085,0.2112676056338028,0.4507042253521127,0.21428571428571427,0.0,0.14285714285714285,0.5714285714285714,0.5250268852474298,0.40695799320078213,0.3580927158391947,0.43743888255200913,0.0,0.012378426171529651,0.01938634277389376,0.2857142857142857,5.0,7.012234206829416,2.057115519673629,0.881133841983181,4.355263157894736,0.2535211267605634,0.4498109582905621,4.0,10.0,1.6696774193548387,0.6946058493765825,0.07142857142857142,0.0
890,2,92.0,253.0,2.75,0.03021978021978022,0.23333333333333334,0.2,0.2753623188405797,0.6231884057971014,0.2608695652173913,0.4492753623188406,0.22826086956521738,0.0,0.19047619047619047,0.5238095238095238,0.5549525242972856,0.4020053272942164,0.38511042097998616,0.4539794028574473,0.0,0.0904761904761905,0.021415983139667347,0.2727272727272727,3.6666666666666665,3.700821318487634,2.1377699887821056,0.9625465634918643,5.25,0.2608695652173913,0.39871322442082685,5.0,9.0,1.8675282714054928,0.9129926238241809,0.043478260869565216,0.0
891,2,93.0,296.0,3.182795698924731,0.0345956054230949,0.25274725274725274,0.06593406593406594,0.20588235294117646,0.6029411764705882,0.23529411764705882,0.5,0.22580645161290322,0.0,0.14285714285714285,0.5714285714285714,0.5840179133539687,0.3920497409711311,0.3964795008912656,0.445516128820169,0.0,0.051930363543266814,0.02835734343399438,0.2641509433962264,4.352941176470588,5.479308993045041,2.096362386424396,0.9070068712999986,4.357142857142858,0.3382352941176471,0.45912538887300836,5.0,11.0,1.8811630847029077,0.8258707180848381,0.021505376344086023,0.0
892,2,100.0,303.0,3.03,0.030606060606060605,0.2755102040816326,0.12244897959183673,0.2535211267605634,0.6056338028169014,0.28169014084507044,0.4788732394366197,0.21,0.0,0.14285714285714285,0.5714285714285714,0.5864497216576987,0.4062345919541566,0.39834574888427415,0.4577278925529654,0.0,0.02541861188920015,0.023020478907659007,0.26785714285714285,4.267605633802817,4.711559482436706,2.065827741946962,0.9300836536572172,4.666666666666666,0.2676056338028169,0.4742367724233735,4.0,10.0,1.7130434782608697,0.728023557306829,0.03,0.0
893,2,93.0,287.0,3.086021505376344,0.03354371201496026,0.24175824175824176,0.07692307692307693,0.2608695652173913,0.6231884057971014,0.21739130434782608,0.4492753623188406,0.22580645161290322,0.0,0.23809523809523808,0.47619047619047616,0.5074787290079906,0.4169974669718207,0.3811019093627789,0.44794856447366366,0.0,0.052658371040723975,0.000780982997265892,0.10714285714285714,4.159420289855072,4.490588813762417,2.1251736905747114,0.9719574821381526,4.909090909090909,0.21739130434782608,0.43792442586709357,4.0,9.0,1.7173913043478262,0.7821705940836804,0.03225806451612903,0.0
894,2,93.0,305.0,3.2795698924731185,0.03564749883122954,0.23076923076923078,0.12087912087912088,0.22857142857142856,0.6,0.2714285714285714,0.44285714285714284,0.22580645161290322,0.0,0.14285714285714285,0.42857142857142855,0.5261428257701641,0.40896515985970044,0.376140122715753,0.4584779174964043,0.0,0.03654761904761905,0.006230417728312824,0.12727272727272726,4.357142857142857,6.145661163676078,2.179678148832471,1.0417588522892725,5.4,0.2571428571428571,0.4081859630272656,5.0,8.0,1.695187165775401,0.9150302545228384,0.043010752688172046,0.0
895,2,97.0,267.0,2.752577319587629,0.028672680412371133,0.24210526315789474,0.12631578947368421,0.2222222222222222,0.6111111111111112,0.25,0.4444444444444444,0.21649484536082475,0.0,0.14285714285714285,0.47619047619047616,0.4936085909498207,0.40928711377796845,0.3497166040848836,0.44533016494831484,0.0,0.013020833333333301,0.022721982778326384,0.25,3.7083333333333335,4.435571640121244,2.1349385241775365,0.9892376287352782,5.2,0.2777777777777778,0.4335356404939715,5.0,8.0,1.610062893081761,0.7958290668222519,0.020618556701030927,0.0
896,2,94.0,286.0,3.0425531914893615,0.03271562571493937,0.2391304347826087,0.14130434782608695,0.2571428571428571,0.6285714285714286,0.2714285714285714,0.4142857142857143,0.22340425531914893,0.0,0.14285714285714285,0.47619047619047616,0.5237556359272924,0.4259691897485637,0.3691326530612245,0.4585640578611018,0.0,0.020317460317460335,0.02018728960532826,0.2545454545454545,4.085714285714285,3.7599832606120502,2.1327623164623453,0.9564519896712315,4.711864406779661,0.22857142857142856,0.4484013916333808,4.0,9.0,1.5898876404494382,0.7132955954501651,0.05319148936170213,0.0
897,2,94.0,345.0,3.6702127659574466,0.0394646533973919,0.25,0.13043478260869565,0.21739130434782608,0.6086956521739131,0.21739130434782608,0.5072463768115942,0.22340425531914893,0.0,0.19047619047619047,0.47619047619047616,0.5783352801023893,0.390213418676099,0.39897630549804464,0.441733766009992,0.0,0.045486111111111095,0.021085220228119102,0.3333333333333333,5.0,6.190600084948526,2.092197534778504,0.9009692873131313,4.1869918699187,0.2898550724637681,0.450713582957585,4.0,12.0,1.7703788748564868,0.7112202360063578,0.05319148936170213,0.0
898,2,94.0,260.0,2.765957446808511,0.029741477922672156,0.2391304347826087,0.13043478260869565,0.2571428571428571,0.6,0.24285714285714285,0.45714285714285713,0.22340425531914893,0.0,0.14285714285714285,0.5238095238095238,0.5642765373075963,0.4171053795314762,0.3760986818970012,0.45064538292802886,NaN,NaN,NaN,NaN,3.7142857142857144,3.596064101018438,2.1660588479393663,0.9923891910731584,4.863636363636363,0.3,0.45225874804050753,5.0,9.0,1.7932773109243698,0.8181167390579192,0.06382978723404255,0.0
899,2,96.0,294.0,3.0625,0.03223684210526316,0.24468085106382978,0.09574468085106383,0.19718309859154928,0.6197183098591549,0.28169014084507044,0.4788732394366197,0.21875,0.0,0.14285714285714285,0.5714285714285714,0.5394586796875529,0.40913338818313344,0.37559155437676567,0.45578665195568374,NaN,NaN,NaN,NaN,4.140845070422535,5.509202106211252,2.0803966292638605,0.8822715797994043,4.863636363636363,0.28169014084507044,0.39397057784958234,4.0,7.0,1.7404129793510323,0.7592975494724269,0.0,0.0
9,2,100.0,369.0,3.69,0.03727272727272727,0.2857142857142857,0.10204081632653061,0.24285714285714285,0.6,0.2571428571428571,0.4857142857142857,0.21,0.0,0.14285714285714285,0.5714285714285714,0.5557667539851613,0.4079185377758425,0.3982004542707771,0.44995046663386573,0.0,0.01982299498746872,0.009069119245182803,0.18518518518518517,5.271428571428571,5.3916775066210825,2.0473989145479474,0.9167909567245122,4.247619047619048,0.2857142857142857,0.5024069058336151,3.0,11.0,1.565698478561549,0.6133660390652287,0.08,0.0
90,2,97.0,281.0,2.8969072164948453,0.030176116838487973,0.2631578947368421,0.05263157894736842,0.2571428571428571,0.6285714285714286,0.2714285714285714,0.4714285714285714,0.21649484536082475,0.0,0.19047619047619047,0.47619047619047616,0.5267727362907786,0.4038099966558854,0.36862697299583697,0.4446865416739514,0.0,0.0176373106060606,0.011494927186559187,0.24074074074074073,4.014285714285714,5.499651786454915,2.136595104443397,1.0540125170111703,4.875,0.2571428571428571,0.5450349170813535,6.0,10.0,1.98463687150838,1.0068513585247156,0.07216494845360824,0.0
900,2,94.0,281.0,2.9893617021276597,0.03214367421642645,0.22826086956521738,0.11956521739130435,0.2535211267605634,0.6197183098591549,0.28169014084507044,0.4507042253521127,0.22340425531914893,0.0,0.14285714285714285,0.47619047619047616,0.5340377507737141,0.4143215257186749,0.36334649824271764,0.45387264233277325,0.0,0.013254540598290628,0.009767374673996066,0.21818181818181817,3.9577464788732395,4.521177532199548,2.191804973044438,1.063964538526779,5.297872340425532,0.2535211267605634,0.4598867492315275,5.0,11.0,1.9760119940029985,1.0278525033411632,0.0851063829787234,0.0
901,2,97.0,270.0,2.783505154639175,0.028994845360824743,0.28421052631578947,0.15789473684210525,0.25,0.6029411764705882,0.23529411764705882,0.45588235294117646,0.21649484536082475,0.0,0.09523809523809523,0.5238095238095238,0.5415232705974514,0.3936191601123698,0.3773913797493919,0.4448657625152461,NaN,NaN,NaN,NaN,3.9705882352941178,4.7409634017964075,2.0723439462649402,0.9935061662954356,5.3,0.23529411764705882,0.534577559701022,6.0,9.0,1.820702402957486,1.023436597293355,0.07216494845360824,0.0
902,2,91.0,289.0,3.1758241758241756,0.035286935286935286,0.2247191011235955,0.16853932584269662,0.2318840579710145,0.6086956521739131,0.2753623188405797,0.4782608695652174,0.23076923076923078,0.0,0.09523809523809523,0.5238095238095238,0.5404921807834956,0.41218224983270446,0.37717000958688934,0.44850241113775047,0.0,0.026785714285714295,0.013295951729814579,0.2545454545454545,4.188405797101449,5.79369678367296,2.1871712180262657,1.0374975786358185,5.5,0.2608695652173913,0.40325248845093314,6.0,9.0,2.076443057722309,1.2432657915317766,0.054945054945054944,0.0
903,2,93.0,267.0,2.870967741935484,0.03120617110799439,0.2857142857142857,0.12087912087912088,0.2,0.6307692307692307,0.2923076923076923,0.47692307692307695,0.1935483870967742,0.0,0.2222222222222222,0.5,0.5820841541118039,0.4220660908118531,0.41857142857142854,0.46216051712855083,0.0,0.03716610549943886,0.015959677419354838,0.16,4.107692307692307,5.238448830889367,2.0169052540375327,0.9271687014629421,5.6,0.23076923076923078,0.41818936661844913,5.0,7.0,1.6479481641468683,0.9112281217938357,0.0,0.0
904,2,96.0,303.0,3.15625,0.033223684210526315,0.2553191489361702,0.13829787234042554,0.2,0.6285714285714286,0.2571428571428571,0.45714285714285713,0.21875,0.0,0.14285714285714285,0.47619047619047616,0.5413443262324004,0.4080188444013193,0.3860067360277444,0.4550991907834675,0.0,0.018070362473347583,0.0236786216912205,0.2909090909090909,4.328571428571428,5.444639508625158,2.114201842032253,1.0242460510084592,6.0,0.2714285714285714,0.4334477381217115,6.0,8.0,1.850328947368421,1.0810483152867827,0.07291666666666667,0.0
905,2,99.0,359.0,3.6262626262626263,0.03700267985982272,0.25773195876288657,0.12371134020618557,0.2222222222222222,0.6111111111111112,0.20833333333333334,0.4583333333333333,0.21212121212121213,0.0,0.14285714285714285,0.42857142857142855,0.5050102601951776,0.3964862068535389,0.3568600766517433,0.4365323337525428,0.0,0.014496527777777754,0.01094255138689723,0.3392857142857143,4.986111111111111,6.010537824956009,2.1701196955306337,1.0936272940981813,5.384615384615385,0.3055555555555556,0.48756727838779157,6.0,11.0,1.936694021101993,1.0073564373883657,0.030303030303030304,0.0
906,2,91.0,239.0,2.6263736263736264,0.029181929181929182,0.21348314606741572,0.19101123595505617,0.2714285714285714,0.6142857142857143,0.21428571428571427,0.45714285714285713,0.23076923076923078,0.0,0.09523809523809523,0.47619047619047616,0.4531806145601591,0.4071562249131787,0.3600570228091236,0.43530434476914853,0.0,0.02047930283224401,0.019170534205203513,0.2727272727272727,3.414285714285714,3.731933706879931,2.1414772850580754,0.9143925414124887,5.153846153846153,0.24285714285714285,0.40269535182008204,5.0,9.0,1.7702970297029703,0.8834394090010249,0.054945054945054944,0.0
907,2,99.0,290.0,2.9292929292929295,0.029890744176458463,0.26804123711340205,0.12371134020618557,0.22535211267605634,0.5915492957746479,0.22535211267605634,0.4788732394366197,0.21212121212121213,0.0,0.14285714285714285,0.5238095238095238,0.562163171016717,0.3950135484633849,0.3723636301101089,0.43548183695256626,NaN,NaN,NaN,NaN,4.084507042253521,3.868356900631581,2.11127282690678,0.9640889304554862,4.909090909090909,0.30985915492957744,0.49414758300148537,4.0,8.0,1.868312757201646,0.849497285641517,0.04040404040404041,0.0
908,2,95.0,368.0,3.873684210526316,0.041209406494960805,0.25806451612903225,0.043010752688172046,0.2028985507246377,0.6086956521739131,0.18840579710144928,0.4782608695652174,0.21052631578947367,0.0,0.15,0.45,0.5470484502597591,0.39613084180335584,0.3802726017943409,0.43724972822554725,0.0,0.02852777777777778,0.014921283272130006,0.2962962962962963,5.333333333333333,6.309811842693575,2.1149235520487917,1.0460791109677394,6.166666666666667,0.2608695652173913,0.5052480051959244,5.0,8.0,1.6998535871156661,0.9057246943379625,0.031578947368421054,0.0
909,2,92.0,357.0,3.880434782608696,0.042642140468227424,0.23333333333333334,0.05555555555555555,0.21739130434782608,0.6521739130434783,0.21739130434782608,0.4492753623188406,0.21739130434782608,0.0,0.2,0.6,0.4973397415886613,0.41776584196348865,0.369095468851156,0.4471490565149475,0.0,0.013553113553113639,0.005711346725545508,0.2037037037037037,5.173913043478261,7.294148585034627,2.0742805279908905,0.8481892815259535,4.166666666666666,0.2318840579710145,0.4445348012160635,4.0,9.0,1.6243169398907105,0.6715716080355744,0.03260869565217391,0.0
91,2,91.0,284.0,3.120879120879121,0.03467643467643468,0.24719101123595505,0.14606741573033707,0.2537313432835821,0.5970149253731343,0.208955223880597,0.43283582089552236,0.23076923076923078,0.0,0.19047619047619047,0.42857142857142855,0.48983693471859413,0.4050238165856377,0.3596718787017294,0.439161948048226,0.0,0.04841269841269846,0.017303663934823955,0.2692307692307692,4.2388059701492535,5.311763823470265,2.124295884626999,0.9722138301157713,4.7368421052631575,0.2835820895522388,0.4597241745773089,5.0,10.0,1.6051080550098231,0.7731043861241753,0.07692307692307693,0.0
910,2,92.0,264.0,2.869565217391304,0.03153368370759675,0.24444444444444444,0.08888888888888889,0.23529411764705882,0.6176470588235294,0.25,0.4411764705882353,0.22826086956521738,0.0,0.19047619047619047,0.47619047619047616,0.5511660537340126,0.39928338344404923,0.38329831932773106,0.454520804566872,NaN,NaN,NaN,NaN,3.8823529411764706,4.3384067911519795,2.1332156812947147,1.002394089378862,4.883495145631068,0.3088235294117647,0.4237855857885589,5.0,10.0,2.0801104972375692,1.0194197296912824,0.05434782608695652,0.0
911,2,101.0,365.0,3.613861386138614,0.036138613861386136,0.2828282828282828,0.09090909090909091,0.2112676056338028,0.6197183098591549,0.2112676056338028,0.49295774647887325,0.2079207920792079,0.0,0.14285714285714285,0.5714285714285714,0.5522651011777866,0.39765133312250284,0.3832254019089868,0.440385262398974,0.0,0.016649955436720175,0.013155741753942653,0.2545454545454545,5.140845070422535,6.926750989869199,2.0381112793792484,0.9062616510727407,4.5,0.28169014084507044,0.452352754812204,4.0,9.0,1.830890642615558,0.8137042881872822,0.0297029702970297,0.0
912,2,96.0,307.0,3.1979166666666665,0.033662280701754387,0.26595744680851063,0.0425531914893617,0.2028985507246377,0.6086956521739131,0.2463768115942029,0.4782608695652174,0.21875,0.0,0.14285714285714285,0.5714285714285714,0.5507174166533194,0.38770586916745353,0.38666514081894626,0.4416924320848166,0.0,0.01400560224089634,0.02292158507246048,0.2545454545454545,4.449275362318841,5.613890943543676,2.12442327145267,1.034080455002098,5.333333333333334,0.34782608695652173,0.4650732082121113,6.0,10.0,2.1062052505966586,1.1314699697075215,0.0625,0.0
913,2,99.0,286.0,2.888888888888889,0.02947845804988662,0.25773195876288657,0.15463917525773196,0.2222222222222222,0.6111111111111112,0.2638888888888889,0.4444444444444444,0.21212121212121213,0.0,0.14285714285714285,0.5714285714285714,0.5312123611642974,0.418926733734851,0.3609347442680776,0.4518660506881545,0.0,0.020372596153846192,0.0037641956965936557,0.14285714285714285,3.9722222222222223,3.684654979250966,2.1118174656186355,0.9754820466337973,5.0,0.2638888888888889,0.4268975923502427,6.0,10.0,1.967503692762186,1.0429284847585016,0.04040404040404041,0.0
914,2,94.0,288.0,3.0638297872340425,0.032944406314344546,0.2391304347826087,0.14130434782608695,0.21428571428571427,0.6571428571428571,0.2857142857142857,0.4714285714285714,0.2127659574468085,0.0,0.15,0.45,0.5329108452361437,0.42468925771807325,0.3927380952380952,0.4548604071504781,0.0,0.0215873015873016,0.016847093426322245,0.2545454545454545,4.114285714285714,4.820075341111989,2.053175154497233,0.8493417157411907,4.605263157894736,0.22857142857142856,0.34398651323449275,4.0,8.0,1.5466666666666666,0.6510512149427045,0.031914893617021274,0.0
915,2,92.0,391.0,4.25,0.046703296703296704,0.24444444444444444,0.044444444444444446,0.19117647058823528,0.5882352941176471,0.27941176470588236,0.5147058823529411,0.22826086956521738,0.0,0.14285714285714285,0.5714285714285714,0.6019432972026895,0.40999375239963126,0.4121998067721752,0.4553499404995747,0.0,0.026874115983026914,0.011062253061241409,0.2857142857142857,5.75,7.249034933195354,2.1129823989933505,0.898457497592392,4.313725490196079,0.35294117647058826,0.46828168016709437,4.0,9.0,1.5824468085106382,0.6577291137292449,0.09782608695652174,0.0
916,2,94.0,250.0,2.6595744680851063,0.028597574925646307,0.2391304347826087,0.13043478260869565,0.22857142857142856,0.6285714285714286,0.22857142857142856,0.4714285714285714,0.22340425531914893,0.0,0.23809523809523808,0.5238095238095238,0.5438873634796431,0.4013754443778282,0.3868202432488147,0.449647641082638,0.0,0.030612244897959186,0.012486471861471862,0.125,3.5714285714285716,3.5080504870172113,2.1354876567241914,1.0043179335473769,5.1,0.2714285714285714,0.4176107191911798,6.0,9.0,2.023140495867769,1.1361577176463238,0.02127659574468085,0.0
917,2,95.0,303.0,3.1894736842105265,0.03393057110862262,0.24731182795698925,0.0967741935483871,0.24285714285714285,0.6,0.2714285714285714,0.45714285714285713,0.22105263157894736,0.0,0.14285714285714285,0.5238095238095238,0.5582538256134417,0.4081272704656264,0.3746182917611489,0.4590672540657614,0.0,0.04159378036929058,0.012887930669439824,0.2857142857142857,4.328571428571428,5.8920763018648925,2.1562629761598764,1.0348448516314177,5.111111111111111,0.2714285714285714,0.4118877054142567,4.0,9.0,1.812778603268945,0.8629356249888125,0.031578947368421054,0.0
918,2,93.0,314.0,3.3763440860215055,0.036699392239364186,0.24175824175824176,0.054945054945054944,0.2318840579710145,0.6086956521739131,0.2318840579710145,0.43478260869565216,0.22580645161290322,0.0,0.14285714285714285,0.47619047619047616,0.5134580062410596,0.39761650627961026,0.3556702747206179,0.4445385944616593,0.0,0.026416040100250632,0.004900437026662517,0.18518518518518517,4.550724637681159,6.020885785633935,2.2180084656524706,1.1230112608554799,5.555555555555555,0.30434782608695654,0.47928191928810226,6.0,10.0,2.1775280898876406,1.1353560026995342,0.021505376344086023,0.0
919,2,99.0,398.0,4.02020202020202,0.041022469593898166,0.26804123711340205,0.05154639175257732,0.19718309859154928,0.6197183098591549,0.28169014084507044,0.5070422535211268,0.21212121212121213,0.0,0.19047619047619047,0.5238095238095238,0.5778737502007687,0.3990700185055324,0.396485309489306,0.45251692967598983,0.0,0.023086287146437554,0.011716402630606203,0.25,5.605633802816901,9.013448481082408,2.0629411260573347,0.8990650313504815,4.638888888888889,0.30985915492957744,0.4690169951849012,4.0,12.0,1.7717171717171718,0.7212000453183006,0.0707070707070707,0.0
92,2,93.0,257.0,2.763440860215054,0.030037400654511454,0.25274725274725274,0.14285714285714285,0.20588235294117646,0.6176470588235294,0.20588235294117646,0.5147058823529411,0.22580645161290322,0.0,0.09523809523809523,0.47619047619047616,0.5625469046646436,0.3966992511428732,0.39659197012138186,0.4313434183191411,0.0,0.016666666666666646,0.018183263452131376,0.22641509433962265,3.7794117647058822,3.4025696533399095,2.1319344864605636,1.0122371423559429,5.160714285714286,0.3235294117647059,0.4031007318882266,5.0,10.0,2.1271676300578033,1.0751833206561758,0.021505376344086023,0.0
920,2,95.0,375.0,3.9473684210526314,0.041993281075028,0.25806451612903225,0.10752688172043011,0.2318840579710145,0.6376811594202898,0.2463768115942029,0.463768115942029,0.22105263157894736,0.0,0.19047619047619047,0.47619047619047616,0.535505127011212,0.40432567134195896,0.39265983613809696,0.4552226419987607,0.0,0.03349031920460495,0.013695529318950014,0.32142857142857145,5.434782608695652,5.9197532263490125,2.099705808996486,0.9632436728694533,4.661971830985916,0.2608695652173913,0.4407230200928503,4.0,11.0,1.7210460772104608,0.7618673093958777,0.07368421052631578,0.0
921,2,97.0,262.0,2.7010309278350517,0.02813573883161512,0.25263157894736843,0.14736842105263157,0.23943661971830985,0.6338028169014085,0.29577464788732394,0.43661971830985913,0.21649484536082475,0.0,0.23809523809523808,0.47619047619047616,0.5605099353939897,0.41861019477796574,0.38703686767067047,0.4658785225509298,0.0,0.04372294372294376,0.005397888321995466,0.125,3.6901408450704225,4.448407577985551,2.1065327511586536,0.9941035800699694,5.0256410256410255,0.2535211267605634,0.45197801926988146,4.0,8.0,1.7527675276752768,0.8390546223877522,0.041237113402061855,0.0
922,2,100.0,371.0,3.71,0.03747474747474747,0.2755102040816326,0.12244897959183673,0.19718309859154928,0.6338028169014085,0.22535211267605634,0.4507042253521127,0.21,0.0,0.09523809523809523,0.5238095238095238,0.49846414322861204,0.39958300842500744,0.36071647698996934,0.4380265300119404,0.0,0.017617763742620324,0.016096616526451692,0.25,5.225352112676056,7.472228933282781,2.0658714641020866,0.9875202248547915,5.888888888888889,0.28169014084507044,0.4640328024878258,5.0,9.0,1.7074829931972788,0.8546306335521457,0.07,0.0
923,2,93.0,354.0,3.806451612903226,0.04137447405329593,0.24175824175824176,0.04395604395604396,0.2463768115942029,0.5942028985507246,0.2463768115942029,0.43478260869565216,0.22580645161290322,0.0,0.14285714285714285,0.47619047619047616,0.5204969974288206,0.40788334338620846,0.36745215461905506,0.4518520214720678,0.0,0.027580174927113794,0.0005865102639296188,0.01818181818181818,5.130434782608695,7.056313492348664,2.203479474060647,1.0807376208356352,5.277777777777778,0.30434782608695654,0.5478678101456548,5.0,11.0,1.7777777777777777,0.88795356773963,0.07526881720430108,0.0
924,2,94.0,371.0,3.9468085106382977,0.04243880118965912,0.2608695652173913,0.03260869565217391,0.19117647058823528,0.6029411764705882,0.25,0.5294117647058824,0.22340425531914893,0.0,0.09523809523809523,0.5238095238095238,0.5709255331578255,0.39081691684896414,0.40058745720510425,0.43766188051183114,0.0,0.02744037373985741,0.01908108703724619,0.3148148148148148,5.455882352941177,7.675185492492123,2.1660066217326976,1.1188580316190164,6.166666666666667,0.3235294117647059,0.5170954478412869,6.0,12.0,2.1239406779661016,1.2116870532587858,0.0851063829787234,0.0
925,2,98.0,366.0,3.7346938775510203,0.03850199873763938,0.28125,0.041666666666666664,0.2028985507246377,0.5942028985507246,0.21739130434782608,0.4927536231884058,0.0,0.0,NaN,NaN,0.5760825897833233,0.39379552266055595,0.37891497770014393,0.44083054215252254,0.0,0.02437888198757767,0.02185899019840609,0.35185185185185186,5.304347826086956,6.64721159546504,2.0915654233097083,0.9805149615519164,4.6440677966101696,0.3188405797101449,0.5083304240325434,4.0,12.0,1.9728682170542635,0.8456199179666938,0.05102040816326531,0.0
926,2,97.0,274.0,2.8247422680412373,0.029424398625429553,0.2736842105263158,0.1368421052631579,0.2463768115942029,0.6086956521739131,0.2463768115942029,0.5072463768115942,0.21649484536082475,0.0,0.19047619047619047,0.5238095238095238,0.5349810584870914,0.39885386702770215,0.4016042521763346,0.44370681832730663,0.0,0.04414682539682541,0.029194699011680144,0.2830188679245283,3.971014492753623,4.829355743455404,2.055734274238693,0.909025963386949,4.416666666666666,0.2608695652173913,0.46752337792394566,6.0,9.0,1.7978883861236803,0.8142583634127266,0.030927835051546393,0.0
927,2,99.0,344.0,3.474747474747475,0.035456606885178314,0.26804123711340205,0.12371134020618557,0.23943661971830985,0.6197183098591549,0.2535211267605634,0.4507042253521127,0.21212121212121213,0.0,0.14285714285714285,0.47619047619047616,0.5184851548028752,0.4131776714063311,0.37584115805946794,0.45640098211136404,0.0,0.01953125,0.018271766056111756,0.32727272727272727,4.845070422535211,6.71596793858582,2.088298950160592,0.9834913577685328,5.04,0.28169014084507044,0.4208913109461344,5.0,12.0,1.956858407079646,0.9373021993628049,0.050505050505050504,0.0
928,2,91.0,344.0,3.78021978021978,0.042002442002442006,0.23595505617977527,0.12359550561797752,0.20588235294117646,0.6176470588235294,0.22058823529411764,0.5,0.23076923076923078,0.0,0.14285714285714285,0.5238095238095238,0.5350622867894068,0.3969113361038761,0.38122020532812056,0.4429610856598343,0.0,0.040178571428571445,0.025319594899659306,0.2962962962962963,5.0588235294117645,6.4272794387142325,2.145789316361759,0.9815801394019652,4.671875,0.3088235294117647,0.45623420012538923,5.0,11.0,1.8719211822660098,0.8984709596290523,0.07692307692307693,0.0
929,2,96.0,337.0,3.5104166666666665,0.03695175438596491,0.2553191489361702,0.14893617021276595,0.21428571428571427,0.6428571428571429,0.3142857142857143,0.45714285714285713,0.21875,0.0,0.23809523809523808,0.47619047619047616,0.5563905099074133,0.42304257616154245,0.4022124220808431,0.4686279302843563,0.0,0.05733082706766919,0.004886721988529816,0.2857142857142857,4.814285714285714,6.46572424884574,2.06181317764731,0.9238201990442491,4.666666666666666,0.2571428571428571,0.41142627610112426,4.0,10.0,1.7401685393258426,0.8258577604355138,0.03125,0.0
93,2,97.0,311.0,3.2061855670103094,0.033397766323024054,0.24210526315789474,0.042105263157894736,0.2638888888888889,0.625,0.2777777777777778,0.4444444444444444,0.21649484536082475,0.0,0.19047619047619047,0.5714285714285714,0.5243247788395237,0.41484179158959983,0.3731265262515262,0.4600342296739077,0.0,0.029221754807692332,0.016260855913409453,0.2857142857142857,4.319444444444445,6.41482962545621,2.162844502530482,1.0739785657133736,6.0,0.20833333333333334,0.4621827271727386,6.0,11.0,2.3168202764976957,1.302058712341435,0.0,0.0
930,2,93.0,265.0,2.849462365591398,0.030972417017297804,0.24175824175824176,0.15384615384615385,0.2028985507246377,0.6376811594202898,0.2318840579710145,0.4492753623188406,0.20430107526881722,0.0,0.15789473684210525,0.47368421052631576,0.44942805870755204,0.41982195200359984,0.3602967829437832,0.4411435397986382,NaN,NaN,NaN,NaN,3.8405797101449277,4.529716224087194,2.0584109498186827,0.8489553150099265,5.0,0.2318840579710145,0.4251957987793267,4.0,6.0,1.558091286307054,0.6776402801175883,0.021505376344086023,0.0
931,2,92.0,368.0,4.0,0.04395604395604396,0.23333333333333334,0.08888888888888889,0.21739130434782608,0.6231884057971014,0.17391304347826086,0.4492753623188406,0.22826086956521738,0.0,0.14285714285714285,0.5238095238095238,0.5423772636806354,0.3812898176001391,0.3764952841039797,0.4355620116665286,NaN,NaN,NaN,NaN,5.333333333333333,6.158845066164567,2.147364146378946,0.9946163566795023,5.37037037037037,0.2898550724637681,0.38125919286348575,4.0,9.0,1.7118402282453637,0.8830076250322484,0.021739130434782608,0.0
932,2,93.0,277.0,2.978494623655914,0.03237494156147733,0.25274725274725274,0.15384615384615385,0.20588235294117646,0.6176470588235294,0.25,0.5,0.22580645161290322,0.0,0.19047619047619047,0.47619047619047616,0.5355313246019507,0.39291052946813304,0.40129392666157365,0.44746204336196094,0.0,0.024831649831649844,0.009401502267573695,0.23214285714285715,4.073529411764706,3.825742251543018,2.117540264177145,0.9778352618154962,4.90625,0.3088235294117647,0.38346314964989675,4.0,9.0,2.017931034482759,0.9596607484644065,0.021505376344086023,0.0
933,2,97.0,318.0,3.2783505154639174,0.03414948453608247,0.2736842105263158,0.1368421052631579,0.2028985507246377,0.6231884057971014,0.2608695652173913,0.463768115942029,0.1958762886597938,0.0,0.21052631578947367,0.47368421052631576,0.5556977061667787,0.4171466648904618,0.396269250135854,0.45474968852277126,0.0,0.01060275962236743,0.007132027599863858,0.1111111111111111,4.608695652173913,6.6003952450822485,1.9992889418762998,0.8080372895100336,4.183673469387755,0.2463768115942029,0.43631697720793683,5.0,7.0,1.6122448979591837,0.7717232610927142,0.0,0.0
934,2,92.0,300.0,3.260869565217391,0.0358337314859054,0.24444444444444444,0.12222222222222222,0.23529411764705882,0.5735294117647058,0.2647058823529412,0.4852941176470588,0.22826086956521738,0.0,0.14285714285714285,0.5238095238095238,0.5737774422268909,0.4212802099400845,0.39487336601307194,0.44705772299335506,0.0,0.028641975308641956,0.021504848008385744,0.16981132075471697,4.411764705882353,5.965661175196191,2.1422842949695173,0.960243295165283,4.888888888888889,0.3088235294117647,0.3951014654289914,4.0,7.0,1.635185185185185,0.7978769155213467,0.0,0.0
935,2,91.0,321.0,3.5274725274725274,0.039194139194139194,0.2247191011235955,0.056179775280898875,0.2463768115942029,0.6086956521739131,0.2318840579710145,0.4782608695652174,0.23076923076923078,0.0,0.19047619047619047,0.5714285714285714,0.5779748560052983,0.39428035036972703,0.38732290017456256,0.4479091803806992,0.0,0.06363069245165318,0.0067556989125616565,0.16363636363636364,4.6521739130434785,5.833034945480081,2.1681928308430822,0.9724656414739905,4.761904761904762,0.2753623188405797,0.45349746289544496,5.0,10.0,1.9115384615384616,0.922473758699556,0.07692307692307693,0.0
936,2,92.0,228.0,2.4782608695652173,0.027233635929288104,0.24444444444444444,0.17777777777777778,0.25,0.5882352941176471,0.23529411764705882,0.45588235294117646,0.22826086956521738,0.0,0.14285714285714285,0.47619047619047616,0.5291143790849673,0.39439565789478936,0.3688375350140056,0.43985207812038113,NaN,NaN,NaN,NaN,3.3529411764705883,3.8235901933441307,2.175669108458898,1.0330201045517649,5.052631578947368,0.3088235294117647,0.4434228648649374,4.0,7.0,1.7995780590717299,0.9103119782247159,0.043478260869565216,0.0
937,2,92.0,368.0,4.0,0.04395604395604396,0.23333333333333334,0.08888888888888889,0.2608695652173913,0.6231884057971014,0.2028985507246377,0.43478260869565216,0.22826086956521738,0.0,0.09523809523809523,0.5238095238095238,0.5417731919134297,0.39813226744881164,0.35907383008832283,0.4438399077000014,0.0,0.010489510489510497,0.014210717153580495,0.3392857142857143,5.333333333333333,6.166004203950666,2.1501244511406363,0.9559081309036379,4.505154639175258,0.2318840579710145,0.38892462059799127,6.0,12.0,2.009950248756219,0.9818575865325446,0.043478260869565216,0.0
938,2,87.0,257.0,2.954022988505747,0.03434910451750869,0.2235294117647059,0.17647058823529413,0.2878787878787879,0.5757575757575758,0.21212121212121213,0.42424242424242425,0.2413793103448276,0.0,0.14285714285714285,0.47619047619047616,0.47020639147375254,0.43829951099593556,0.36840781767252356,0.45015853886007007,NaN,NaN,NaN,NaN,3.893939393939394,3.981220484991574,2.190990834041883,0.9993778374397944,5.0,0.19696969696969696,0.38046494432659594,4.0,8.0,1.5,0.7104900865385416,0.022988505747126436,0.0
939,2,96.0,303.0,3.15625,0.033223684210526315,0.2553191489361702,0.10638297872340426,0.24285714285714285,0.6285714285714286,0.2571428571428571,0.42857142857142855,0.21875,0.0,0.19047619047619047,0.47619047619047616,0.5466175311845517,0.4140853359776147,0.3851700680272109,0.45860147327139655,0.0,0.014136904761904783,0.01068094946311858,0.25,4.328571428571428,5.326231037050629,2.077300664300863,0.9051625080386883,4.530612244897959,0.21428571428571427,0.3593150075477193,5.0,7.0,1.9576923076923076,0.954419384861843,0.020833333333333332,0.0
94,2,97.0,309.0,3.185567010309278,0.03318298969072165,0.25263157894736843,0.11578947368421053,0.2535211267605634,0.6197183098591549,0.2535211267605634,0.4647887323943662,0.21649484536082475,0.0,0.19047619047619047,0.5714285714285714,0.5367249345536341,0.39557631023644163,0.3780011117145377,0.44828848801912363,0.0,0.05193672839506172,0.017181270985648,0.26785714285714285,4.352112676056338,5.088077356637056,2.0989875215417606,0.9388862567447184,4.833333333333334,0.2676056338028169,0.4470709772464519,4.0,9.0,1.81496062992126,0.7714599099539095,0.030927835051546393,0.0
940,2,89.0,275.0,3.0898876404494384,0.0351123595505618,0.25287356321839083,0.11494252873563218,0.23076923076923078,0.6153846153846154,0.24615384615384617,0.47692307692307695,0.23595505617977527,0.0,0.23809523809523808,0.5238095238095238,0.5357448797111806,0.422560122033472,0.3948962148962149,0.45233425596220517,0.0,0.021875000000000016,0.017033696647044107,0.26,4.230769230769231,4.840484320968147,2.1193781098143294,1.0013888856162274,5.2,0.26153846153846155,0.46376600225223497,5.0,10.0,1.6888888888888889,0.9287239176201364,0.02247191011235955,0.0
941,2,98.0,323.0,3.295918367346939,0.03397853986955607,0.25,0.13541666666666666,0.2361111111111111,0.625,0.2361111111111111,0.4305555555555556,0.21428571428571427,0.0,0.14285714285714285,0.47619047619047616,0.5245042053274397,0.4181765049687148,0.3628201659451659,0.4478439388331198,0.0,0.008996212121212134,0.018406138760217895,0.2857142857142857,4.486111111111111,5.871854700287064,2.1159489177285105,0.9798088166769591,5.5,0.2777777777777778,0.39418879982492244,5.0,8.0,1.8169838945827232,0.9550936043107857,0.0,0.0
942,2,93.0,264.0,2.838709677419355,0.030855539971949508,0.21978021978021978,0.16483516483516483,0.2112676056338028,0.6197183098591549,0.22535211267605634,0.4507042253521127,0.22580645161290322,0.0,0.09523809523809523,0.42857142857142855,0.49027920610080233,0.40347769039738207,0.36161362112066336,0.4422524019166618,0.0,0.010444444444444404,0.01110794045364358,0.23214285714285715,3.7183098591549295,3.964784622475185,2.1611277973549106,0.9974481032356785,5.333333333333334,0.29577464788732394,0.43003920380380356,5.0,7.0,1.9644670050761421,1.0721859558441764,0.021505376344086023,0.0
943,2,100.0,280.0,2.8,0.028282828282828285,0.2857142857142857,0.07142857142857142,0.2,0.6142857142857143,0.2571428571428571,0.4857142857142857,0.21,0.0,0.14285714285714285,0.47619047619047616,0.5586011980791543,0.40882309395254474,0.39115922924193597,0.44787624910574514,0.0,0.02420255183413078,0.01647649332834518,0.18518518518518517,4.0,5.214250262223846,2.0671636168269294,1.033206316011698,5.458333333333334,0.3142857142857143,0.5517474793992396,5.0,9.0,2.1867219917012446,1.2046726495971591,0.04,0.0
944,2,97.0,321.0,3.3092783505154637,0.034471649484536085,0.2631578947368421,0.11578947368421053,0.21428571428571427,0.6142857142857143,0.24285714285714285,0.45714285714285713,0.21649484536082475,0.0,0.14285714285714285,0.5714285714285714,0.5127258100145006,0.4193105360678832,0.3645541165184023,0.4500060325698061,0.0,0.006878306878306876,0.010387487512487512,0.21818181818181817,4.585714285714285,6.927142282863791,2.0711706336227436,0.9615234980172096,5.5,0.21428571428571427,0.3807409078147414,5.0,6.0,1.4323232323232322,0.6785952808768986,0.030927835051546393,0.0
945,2,98.0,356.0,3.63265306122449,0.037450031559015357,0.2604166666666667,0.09375,0.2112676056338028,0.6338028169014085,0.28169014084507044,0.4647887323943662,0.21428571428571427,0.0,0.23809523809523808,0.47619047619047616,0.5748947749706249,0.417472953678314,0.3937948554761663,0.46384968358694234,0.0,0.002083333333333348,0.011568604195591576,0.3392857142857143,5.014084507042254,5.703364815731846,2.146309956736671,1.112230827735776,5.916666666666666,0.28169014084507044,0.4374710943119405,6.0,8.0,2.149888143176734,1.2493738583250322,0.08163265306122448,0.0
946,2,98.0,323.0,3.295918367346939,0.03397853986955607,0.2604166666666667,0.08333333333333333,0.23943661971830985,0.6197183098591549,0.2535211267605634,0.4788732394366197,0.21428571428571427,0.0,0.14285714285714285,0.47619047619047616,0.5433032589897188,0.4074728963138146,0.3802576922295232,0.4496921370739103,0.0,0.07410117056856186,0.008333078257320681,0.2,4.549295774647887,5.312488608107091,2.0715894847080265,0.9051669119534018,4.389380530973451,0.23943661971830985,0.4293422610384856,4.0,9.0,1.7627586206896553,0.7911758529742847,0.05102040816326531,0.0
947,2,96.0,358.0,3.7291666666666665,0.03925438596491228,0.2553191489361702,0.10638297872340426,0.21428571428571427,0.6,0.22857142857142856,0.45714285714285713,0.21875,0.0,0.09523809523809523,0.5714285714285714,0.5216416454108349,0.4022587768193305,0.3789369202226345,0.4496840046967283,0.0,0.020868288590604016,0.013807436304247526,0.2857142857142857,5.114285714285714,5.7244526531410695,2.1020879352025283,0.9506084252097448,4.8730158730158735,0.32857142857142857,0.40177288441845327,4.0,8.0,1.8591224018475752,0.8620535591004154,0.020833333333333332,0.0
948,2,95.0,339.0,3.568421052631579,0.03796192609182531,0.25806451612903225,0.043010752688172046,0.21739130434782608,0.6231884057971014,0.2608695652173913,0.4782608695652174,0.22105263157894736,0.0,0.19047619047619047,0.5238095238095238,0.5726535541203401,0.40079359265101305,0.3906385806173717,0.4542293283574546,0.0,0.022710622710622682,0.01237772696247177,0.24074074074074073,4.913043478260869,6.4323153146363525,2.087235783407883,0.930056586982198,4.555555555555555,0.2753623188405797,0.4747170015870404,4.0,12.0,1.7777777777777777,0.69124153232633,0.031578947368421054,0.0
949,2,96.0,300.0,3.125,0.03289473684210526,0.26595744680851063,0.11702127659574468,0.2318840579710145,0.5797101449275363,0.2318840579710145,0.5072463768115942,0.21875,0.0,0.14285714285714285,0.47619047619047616,0.5768046907335315,0.40376913786813573,0.39923928728276553,0.4429596748266915,0.0,0.01806818181818181,0.02166582698910285,0.2909090909090909,4.3478260869565215,4.9965461216504385,2.07764445687886,0.9175358416973188,4.684210526315789,0.2898550724637681,0.44693268949189313,4.0,7.0,1.6417391304347826,0.7584578394333126,0.020833333333333332,0.0
95,2,99.0,304.0,3.0707070707070705,0.0313337456194599,0.26804123711340205,0.12371134020618557,0.2112676056338028,0.6056338028169014,0.23943661971830985,0.4647887323943662,0.21212121212121213,0.0,0.09523809523809523,0.5238095238095238,0.47611762776434136,0.41092353746231525,0.36718696014470664,0.4450358840834127,0.0,0.023382936507936495,0.010438963937847866,0.2857142857142857,4.28169014084507,4.684878710402985,2.087239083791393,0.9655739834957274,5.083333333333334,0.28169014084507044,0.39520014965829975,4.0,9.0,1.8297546012269938,0.8903845117160535,0.04040404040404041,0.0
950,2,98.0,348.0,3.5510204081632653,0.03660845781611614,0.2604166666666667,0.0625,0.22535211267605634,0.6056338028169014,0.29577464788732394,0.4788732394366197,0.21428571428571427,0.0,0.14285714285714285,0.5238095238095238,0.5738293029296205,0.4152243445651663,0.39337032294778773,0.45573167691232347,0.0,0.020020187702682383,0.01341854103388404,0.23214285714285715,4.901408450704225,5.9789032190037394,2.073657081054677,0.8916647847410247,4.5,0.28169014084507044,0.4551630516572406,4.0,8.0,1.6910994764397906,0.7232331264738104,0.04081632653061224,0.0
951,2,93.0,293.0,3.150537634408602,0.03424497428705002,0.24175824175824176,0.0989010989010989,0.2753623188405797,0.6231884057971014,0.2463768115942029,0.463768115942029,0.22580645161290322,0.0,0.09523809523809523,0.5238095238095238,0.5753376461123713,0.3899564202709255,0.3876375838332361,0.45084972615307395,0.0,0.021688034188034208,0.020959618251726306,0.25925925925925924,4.246376811594203,4.927133151358818,2.1264241547856813,0.9678527530701466,4.7560975609756095,0.21739130434782608,0.4250553705971207,4.0,11.0,1.811614730878187,0.8094694516787726,0.07526881720430108,0.0
952,2,96.0,238.0,2.4791666666666665,0.026096491228070177,0.2553191489361702,0.1276595744680851,0.24285714285714285,0.6142857142857143,0.2714285714285714,0.42857142857142855,0.21875,0.0,0.19047619047619047,0.5238095238095238,0.4920800311466579,0.4340145635764378,0.3693112699625305,0.45728894920639046,NaN,NaN,NaN,NaN,3.4,3.7702112346157994,2.0917019519080284,0.9569230246914915,5.294117647058823,0.24285714285714285,0.4004702027711464,4.0,7.0,1.7865612648221343,0.8730833226665119,0.020833333333333332,0.0
953,2,97.0,298.0,3.0721649484536084,0.03200171821305842,0.25263157894736843,0.15789473684210525,0.22535211267605634,0.5915492957746479,0.16901408450704225,0.4788732394366197,0.21649484536082475,0.0,0.09523809523809523,0.47619047619047616,0.5105273321102712,0.38351834670201784,0.36721160295103955,0.42179682816021785,0.0,0.05337606837606841,0.019011580489808704,0.2857142857142857,4.197183098591549,4.048349640143886,2.0795173164676473,0.8737810556770639,4.2439024390243905,0.30985915492957744,0.4353673372309963,3.0,8.0,1.632686084142395,0.6610484049444614,0.030927835051546393,0.0
954,2,98.0,378.0,3.857142857142857,0.039764359351988215,0.2604166666666667,0.0625,0.22535211267605634,0.6056338028169014,0.23943661971830985,0.4507042253521127,0.21428571428571427,0.0,0.14285714285714285,0.5714285714285714,0.5312197712881405,0.40613116257877185,0.3641634350682116,0.44635730847650673,0.0,0.02815170940170944,0.0179268448803616,0.3090909090909091,5.323943661971831,6.792379443984733,2.0855843762014934,0.8994933889494138,4.416666666666666,0.323943661971831,0.49699001250566405,4.0,12.0,1.6947483588621444,0.6567826190433782,0.061224489795918366,0.0
955,2,95.0,334.0,3.5157894736842104,0.0374020156774916,0.26881720430107525,0.06451612903225806,0.23529411764705882,0.6176470588235294,0.22058823529411764,0.4411764705882353,0.22105263157894736,0.0,0.14285714285714285,0.5238095238095238,0.4959965323973143,0.40282727679512054,0.3568890516512679,0.4433168730085125,0.0,0.024453386988598256,0.01268867641755043,0.2641509433962264,4.911764705882353,6.893075249231763,2.116122897010789,1.003736607042193,4.75,0.23529411764705882,0.507237400332571,4.0,10.0,1.737171464330413,0.722712455004256,0.08421052631578947,0.0
956,2,93.0,313.0,3.3655913978494625,0.0365825151940159,0.26373626373626374,0.07692307692307693,0.19402985074626866,0.582089552238806,0.26865671641791045,0.5074626865671642,0.22580645161290322,0.0,0.14285714285714285,0.5714285714285714,0.5798763276405231,0.40760450087341066,0.4062706157855412,0.450361934664388,0.0,0.022001943634596708,0.016660887699432834,0.2830188679245283,4.6716417910447765,5.332541777533126,2.107107054968525,0.9429668229450878,4.403225806451613,0.3582089552238806,0.4609788905223952,5.0,11.0,1.8539877300613496,0.8423849813783011,0.06451612903225806,0.0
957,2,96.0,322.0,3.3541666666666665,0.03530701754385965,0.26595744680851063,0.13829787234042554,0.2028985507246377,0.6086956521739131,0.21739130434782608,0.5217391304347826,0.21875,0.0,0.09523809523809523,0.5714285714285714,0.5751597617143667,0.3894029302365014,0.40721670509005103,0.4457091214621792,0.0,0.023947771230379996,0.016352494942016474,0.24074074074074073,4.666666666666667,5.141145062047908,2.0976293711229306,0.9960634393059519,4.909090909090909,0.30434782608695654,0.4196535483797513,5.0,9.0,1.7931526390870185,0.8856048237283285,0.03125,0.0
958,2,92.0,331.0,3.597826086956522,0.039536550406115624,0.24444444444444444,0.12222222222222222,0.22058823529411764,0.6176470588235294,0.25,0.5,0.22826086956521738,0.0,0.19047619047619047,0.5238095238095238,0.5885093511590025,0.39862481912709574,0.4010732821686399,0.4546045926365717,0.0,0.018849206349206338,0.026971237996891648,0.35185185185185186,4.867647058823529,7.53480364859145,2.1211060391300025,0.9555061906684481,5.0,0.2647058823529412,0.3646662382205918,5.0,9.0,1.990453460620525,1.0100591011990983,0.0,0.0
959,2,95.0,332.0,3.4947368421052634,0.03717805151175812,0.23655913978494625,0.15053763440860216,0.19718309859154928,0.6338028169014085,0.23943661971830985,0.4788732394366197,0.22105263157894736,0.0,0.14285714285714285,0.47619047619047616,0.5163698731790316,0.3942743222455635,0.3641537823431818,0.4426995552411572,0.0,0.027999999999999987,0.0112569189390527,0.2857142857142857,4.676056338028169,5.97799452250221,2.1408011314904707,0.9857540304403563,5.7,0.28169014084507044,0.3389383297522761,5.0,7.0,1.837837837837838,0.9722015969828192,0.0,0.0
96,2,93.0,309.0,3.3225806451612905,0.03611500701262272,0.23076923076923078,0.08791208791208792,0.22857142857142856,0.6285714285714286,0.24285714285714285,0.44285714285714284,0.22580645161290322,0.0,0.19047619047619047,0.5714285714285714,0.5404875281195848,0.4252200046059458,0.3624943310657597,0.4476191992625758,0.0,0.03061224489795921,0.009752729374152532,0.26785714285714285,4.414285714285715,5.207277118576276,2.143251174038084,0.9976638777562041,5.4399999999999995,0.22857142857142856,0.463251309681696,5.0,9.0,2.042817679558011,1.1363920071095832,0.043010752688172046,0.0
960,2,95.0,336.0,3.536842105263158,0.037625979843225084,0.24731182795698925,0.10752688172043011,0.22857142857142856,0.6,0.21428571428571427,0.4714285714285714,0.22105263157894736,0.0,0.09523809523809523,0.5238095238095238,0.581020149088754,0.39750084727429147,0.3706595785167214,0.4376795930122238,0.0,0.02215211004273506,0.0130029004633435,0.2777777777777778,4.8,5.293145690829587,2.10004871948677,0.8786700620209162,4.144329896907216,0.2857142857142857,0.43253894726366193,4.0,8.0,1.6755674232309747,0.6900388308118933,0.042105263157894736,0.0
961,2,94.0,267.0,2.8404255319148937,0.030542210020590255,0.2391304347826087,0.11956521739130435,0.24285714285714285,0.6571428571428571,0.3,0.44285714285714284,0.0,0.0,NaN,NaN,0.5135685232426304,0.41707182509887997,0.3712753178194354,0.46224084220807177,0.0,0.00915509259259264,0.02073133647398353,0.2909090909090909,3.8142857142857145,4.61972098141974,2.1388913146895594,1.009450612398258,5.040816326530612,0.22857142857142856,0.4467309322434369,4.0,7.0,1.834983498349835,0.8790475215719517,0.02127659574468085,0.0
962,2,94.0,374.0,3.978723404255319,0.04278197208876687,0.25,0.03260869565217391,0.21739130434782608,0.6086956521739131,0.2463768115942029,0.4492753623188406,0.22340425531914893,0.0,0.09523809523809523,0.5238095238095238,0.5400608200504866,0.4127392153176023,0.3761587201568298,0.454377307522083,0.0,0.010559006211180177,0.012221231596141026,0.3148148148148148,5.420289855072464,8.042910281552409,2.133040935717597,0.9939035487692685,5.21875,0.2608695652173913,0.4496773286465206,6.0,11.0,2.08646188850967,1.2642936283439639,0.05319148936170213,0.0
963,2,96.0,382.0,3.9791666666666665,0.0418859649122807,0.24468085106382978,0.11702127659574468,0.2112676056338028,0.6338028169014085,0.15492957746478872,0.4788732394366197,0.21875,0.0,0.09523809523809523,0.5238095238095238,0.48862784314543095,0.3960217043279336,0.3715845321991487,0.4287501689760297,0.0,0.008107088989441938,0.01691799990646457,0.2857142857142857,5.380281690140845,7.20984683249849,2.0671262110988917,0.863490275300346,4.296875,0.2535211267605634,0.390059360169564,4.0,10.0,1.64,0.7121681420369068,0.03125,0.0
964,2,100.0,367.0,3.67,0.037070707070707073,0.2755102040816326,0.07142857142857142,0.18309859154929578,0.6197183098591549,0.2112676056338028,0.4788732394366197,0.21,0.0,0.14285714285714285,0.5714285714285714,0.5102579126198782,0.3948528242062785,0.3681052279234396,0.43484495163580633,0.0,0.04021239177489179,0.013263380274447798,0.2545454545454545,5.169014084507042,6.851456394692315,2.0404254457460924,0.907273810881251,4.432098765432099,0.323943661971831,0.40870349119222277,4.0,11.0,1.6892201834862386,0.654208902307604,0.05,0.0
965,2,91.0,272.0,2.989010989010989,0.03321123321123321,0.23595505617977527,0.15730337078651685,0.27941176470588236,0.6029411764705882,0.23529411764705882,0.4852941176470588,0.23076923076923078,0.0,0.19047619047619047,0.42857142857142855,0.5639775251706733,0.3875844968019034,0.3877968028703323,0.44372100297123956,0.0,0.014890109890109889,0.013933006291092124,0.24528301886792453,4.0,4.495437156037285,2.1450860324368364,0.9766283516848383,4.918367346938775,0.23529411764705882,0.4668813871985443,4.0,10.0,1.9115942028985506,0.8750759837436033,0.04395604395604396,0.0
966,2,94.0,357.0,3.797872340425532,0.04083733699382292,0.2391304347826087,0.07608695652173914,0.21428571428571427,0.5857142857142857,0.22857142857142856,0.44285714285714284,0.22340425531914893,0.0,0.14285714285714285,0.5238095238095238,0.5223627261153202,0.4313604202014447,0.36783893728769507,0.44867691236118573,0.0,0.029866835346287444,0.004709859006734006,0.2,5.1,6.017245746752543,2.1116436943593997,0.8816254666026068,4.428571428571429,0.3142857142857143,0.4339057642106533,4.0,7.0,1.6122754491017963,0.7372904538710393,0.02127659574468085,0.0
967,2,94.0,236.0,2.5106382978723403,0.026996110729810112,0.25,0.15217391304347827,0.2463768115942029,0.6086956521739131,0.30434782608695654,0.463768115942029,0.22340425531914893,0.0,0.14285714285714285,0.5238095238095238,0.5425025986207253,0.43586721735072004,0.4010220030041002,0.4592332132451411,0.0,0.01700680272108846,0.0064868478103772215,0.12727272727272726,3.420289855072464,3.9497051159528107,2.100960689236528,0.9410346854952882,4.576086956521739,0.2463768115942029,0.40502990273740397,4.0,9.0,1.7549407114624507,0.8103448089234577,0.05319148936170213,0.0
968,2,94.0,279.0,2.9680851063829787,0.031914893617021274,0.2391304347826087,0.13043478260869565,0.21428571428571427,0.6285714285714286,0.2571428571428571,0.45714285714285713,0.22340425531914893,0.0,0.14285714285714285,0.5238095238095238,0.5026252444639091,0.4066749657849413,0.37303228308867414,0.4546802856095886,0.0,0.01666666666666664,0.021900100951251427,0.35714285714285715,3.9857142857142858,4.210039268441799,2.13977502230715,0.9931278694982684,4.833333333333334,0.2857142857142857,0.4396798424069006,5.0,8.0,1.9075391180654337,0.915978796046409,0.02127659574468085,0.0
969,2,90.0,300.0,3.3333333333333335,0.03745318352059925,0.2159090909090909,0.125,0.2463768115942029,0.6231884057971014,0.2028985507246377,0.43478260869565216,0.23333333333333334,0.0,0.19047619047619047,0.5238095238095238,0.481622129888756,0.41385947412797863,0.3388543823326432,0.4317955716789163,NaN,NaN,NaN,NaN,4.3478260869565215,5.127280230058111,2.1450588356182037,0.9057269831294409,4.566265060240964,0.2318840579710145,0.3873782794600763,5.0,9.0,1.6232394366197183,0.7804638871062075,0.05555555555555555,0.0
97,2,94.0,267.0,2.8404255319148937,0.030542210020590255,0.2717391304347826,0.14130434782608695,0.2537313432835821,0.6119402985074627,0.2537313432835821,0.47761194029850745,0.22340425531914893,0.0,0.14285714285714285,0.47619047619047616,0.5545966843976693,0.4094570571366451,0.3991703570061779,0.4549334634858413,0.0,0.031250000000000014,0.011527436692548135,0.23529411764705882,3.985074626865672,3.870997590135041,2.110467782832354,0.9978088580385871,4.909090909090909,0.2537313432835821,0.471407708020919,4.0,10.0,1.8510998307952622,0.899054856935678,0.06382978723404255,0.0
970,2,91.0,281.0,3.087912087912088,0.03431013431013431,0.20224719101123595,0.0898876404494382,0.22535211267605634,0.6056338028169014,0.28169014084507044,0.43661971830985913,0.23076923076923078,0.0,0.14285714285714285,0.47619047619047616,0.5191392037793062,0.4085688305559868,0.36670223360364207,0.45404768579380356,NaN,NaN,NaN,NaN,3.9577464788732395,4.639694016137302,2.1738953655794253,0.9173122382041213,4.730769230769231,0.29577464788732394,0.407894134034977,4.0,9.0,1.825,0.805151857720743,0.04395604395604396,0.0
971,2,94.0,360.0,3.8297872340425534,0.04118050789293068,0.25,0.06521739130434782,0.21739130434782608,0.6376811594202898,0.2898550724637681,0.4927536231884058,0.22340425531914893,0.0,0.2857142857142857,0.47619047619047616,0.6093265184883105,0.40368986081251995,0.41323213611543136,0.4674376315203565,0.0,0.05494505494505496,0.007814354742233647,0.26785714285714285,5.217391304347826,5.984955563296118,2.149928607470612,1.0582929336480218,5.227272727272727,0.2898550724637681,0.434056734501289,6.0,13.0,2.1351626016260163,1.1154256307459798,0.0851063829787234,0.0
972,2,99.0,370.0,3.7373737373737375,0.03813646670789528,0.25773195876288657,0.05154639175257732,0.20833333333333334,0.6111111111111112,0.2222222222222222,0.4583333333333333,0.21212121212121213,0.0,0.14285714285714285,0.5714285714285714,0.47982729259550616,0.40978670331931055,0.3694905547348159,0.44295810531269897,0.0,0.03159722222222223,0.018317388611137846,0.2857142857142857,5.138888888888889,6.50959325778859,2.108106650619432,0.9863564451268603,5.225,0.3194444444444444,0.4336260552127603,5.0,11.0,1.9618320610687023,0.9676334759701769,0.06060606060606061,0.0
973,2,100.0,337.0,3.37,0.03404040404040404,0.2653061224489796,0.08163265306122448,0.2361111111111111,0.625,0.19444444444444445,0.4722222222222222,0.21,0.0,0.14285714285714285,0.5714285714285714,0.5008827040996702,0.40458038109389205,0.35917548500881835,0.43078055415769967,0.0,0.020992319046398,0.016307520942261202,0.30357142857142855,4.680555555555555,5.391245874691411,2.0837299756020538,0.9323596415680908,4.6,0.25,0.4996933538270033,5.0,9.0,1.8629807692307692,0.8833121998872682,0.05,0.0
974,2,96.0,333.0,3.46875,0.036513157894736845,0.2765957446808511,0.13829787234042554,0.19117647058823528,0.6470588235294118,0.2647058823529412,0.5,0.21875,0.0,0.14285714285714285,0.42857142857142855,0.5654394424480975,0.40183771773203775,0.4104721055088702,0.45476984802972503,0.0,0.02944444444444443,0.025063182853572005,0.32075471698113206,4.897058823529412,6.042485664973771,2.0305949715535156,0.9151880968380846,4.818181818181818,0.29411764705882354,0.32245096682911656,5.0,7.0,1.7707454289732771,0.8505437406862892,0.0,0.0
975,2,97.0,375.0,3.865979381443299,0.040270618556701034,0.25263157894736843,0.09473684210526316,0.2112676056338028,0.6197183098591549,0.22535211267605634,0.49295774647887325,0.21649484536082475,0.0,0.14285714285714285,0.5238095238095238,0.5509415505038365,0.4126944383067181,0.3985761057573511,0.4449937004873752,0.0,0.02743664717348935,0.0204993917894333,0.3392857142857143,5.28169014084507,5.672447440017276,2.0660456635814075,0.8683413002167952,4.3125,0.28169014084507044,0.39023902262510113,5.0,8.0,1.6196808510638299,0.7254446484433305,0.020618556701030927,0.0
976,2,99.0,376.0,3.797979797979798,0.03875489589775304,0.26804123711340205,0.12371134020618557,0.18309859154929578,0.6056338028169014,0.28169014084507044,0.49295774647887325,0.21212121212121213,0.0,0.14285714285714285,0.5714285714285714,0.5636239481033763,0.40512711264019713,0.39796605721284223,0.45147578449470693,0.0,0.024982492997198864,0.025761680532720342,0.3392857142857143,5.295774647887324,6.415148069101054,2.0776824898608863,0.9229424624363678,4.75,0.3380281690140845,0.48880910209596085,4.0,7.0,1.6149659863945578,0.7119411371491355,0.020202020202020204,0.0
977,2,98.0,329.0,3.357142857142857,0.03460972017673049,0.2604166666666667,0.0625,0.2112676056338028,0.5915492957746479,0.28169014084507044,0.49295774647887325,0.21428571428571427,0.0,0.14285714285714285,0.5238095238095238,0.5599486505695235,0.40715537868838114,0.3918565723206662,0.4527350892656881,0.0,0.010173160173160152,0.021417150547935842,0.2857142857142857,4.633802816901408,6.3566375581967565,2.1172726097755614,0.9558770006123041,4.482758620689655,0.30985915492957744,0.5046927296070877,5.0,12.0,1.9516129032258065,0.8522891234124415,0.09183673469387756,0.0
978,2,95.0,290.0,3.0526315789473686,0.032474804031354984,0.26881720430107525,0.16129032258064516,0.17647058823529413,0.6029411764705882,0.22058823529411764,0.4852941176470588,0.22105263157894736,0.0,0.14285714285714285,0.5238095238095238,0.5345803646950921,0.4131477000136533,0.37620214752567693,0.43471461309258047,0.0,0.017378917378917412,0.01674516920089219,0.2641509433962264,4.264705882352941,5.127094103101135,2.04938598477025,0.9079940596601948,4.695652173913043,0.3235294117647059,0.457590184956857,5.0,9.0,1.5848303393213572,0.7970504508233371,0.05263157894736842,0.0
979,2,97.0,360.0,3.711340206185567,0.03865979381443299,0.2631578947368421,0.07368421052631578,0.22857142857142856,0.6,0.2571428571428571,0.4714285714285714,0.21649484536082475,0.0,0.09523809523809523,0.5238095238095238,0.5458383627456989,0.3973062560959066,0.3749953314659197,0.44741494696823564,0.0,0.00648204196933011,0.023390438660661192,0.2962962962962963,5.142857142857143,7.347060369035536,2.085497073959818,0.8986152488217073,4.113636363636363,0.3,0.4825231469688098,5.0,13.0,1.8319587628865979,0.7693893939855265,0.09278350515463918,0.0
98,2,100.0,356.0,3.56,0.03595959595959596,0.2755102040816326,0.15306122448979592,0.19718309859154928,0.6338028169014085,0.19718309859154928,0.4788732394366197,0.2,0.0,0.1,0.6,0.5466948889166664,0.40728029779877206,0.38623915208422255,0.4431122729506623,0.0,0.030820312499999995,0.013882159851168117,0.3090909090909091,5.014084507042254,5.876084599572062,2.007379399063095,0.8267858792722711,4.25,0.2535211267605634,0.41323502590626404,5.0,8.0,1.706786171574904,0.7526483440889318,0.02,0.0
980,2,95.0,334.0,3.5157894736842104,0.0374020156774916,0.24731182795698925,0.06451612903225806,0.22857142857142856,0.6142857142857143,0.24285714285714285,0.4714285714285714,0.22105263157894736,0.0,0.14285714285714285,0.5238095238095238,0.550831859483835,0.4032176701273635,0.381632309202185,0.450997110097509,0.0,0.007762557077625616,0.009101275757000548,0.2857142857142857,4.771428571428571,5.456471834998175,2.124114335011145,0.9664978256844666,5.208333333333334,0.24285714285714285,0.43807787437844214,5.0,9.0,1.974293059125964,1.0431401590789682,0.042105263157894736,0.0
981,2,90.0,250.0,2.7777777777777777,0.031210986267166042,0.25,0.14772727272727273,0.2727272727272727,0.6212121212121212,0.24242424242424243,0.4696969696969697,0.2222222222222222,0.0,0.1,0.5,0.5455473104299858,0.4168122172124477,0.4032074407074407,0.4520503521705536,NaN,NaN,NaN,NaN,3.787878787878788,3.9672317475700525,2.0795879500826566,0.9115136344942054,4.697674418604651,0.22727272727272727,0.46484611830980443,5.0,9.0,1.6305732484076434,0.7796886247330722,0.044444444444444446,0.0
982,2,100.0,422.0,4.22,0.04262626262626262,0.2857142857142857,0.09183673469387756,0.21428571428571427,0.6142857142857143,0.17142857142857143,0.4714285714285714,0.21,0.0,0.09523809523809523,0.5238095238095238,0.47719871612216685,0.39149053048494514,0.35954361808519264,0.42722536281951157,0.0,0.022508695786006776,0.017128299732433693,0.3090909090909091,6.0285714285714285,6.361048652430834,2.044272524094025,0.9237706337532517,4.4,0.3,0.43633923733653257,4.0,11.0,1.6315165876777251,0.6977354139712101,0.05,0.0
983,2,96.0,374.0,3.8958333333333335,0.041008771929824564,0.2553191489361702,0.05319148936170213,0.18571428571428572,0.6,0.2571428571428571,0.4857142857142857,0.21875,0.0,0.09523809523809523,0.47619047619047616,0.5628451682701557,0.4028615564551219,0.39290499210571134,0.450121170086844,0.0,0.03227937964176502,0.016510779024717887,0.32142857142857145,5.3428571428571425,7.383659424772732,2.0844708363767652,0.9002418309184027,4.361538461538462,0.32857142857142857,0.4481225261026802,4.0,11.0,1.7769230769230768,0.7444073732242675,0.09375,0.0
984,2,92.0,239.0,2.597826086956522,0.028547539417104636,0.25555555555555554,0.17777777777777778,0.2537313432835821,0.5970149253731343,0.22388059701492538,0.417910447761194,0.22826086956521738,0.0,0.14285714285714285,0.5238095238095238,0.5000952577426043,0.4020146347143888,0.3565742714996446,0.4456059934058461,NaN,NaN,NaN,NaN,3.5671641791044775,3.2716592055844234,2.134667323800332,1.0287699449001655,5.0,0.22388059701492538,0.46108015912572553,5.0,10.0,1.7336065573770492,0.844560870865783,0.05434782608695652,0.0
985,2,96.0,361.0,3.7604166666666665,0.03958333333333333,0.24468085106382978,0.02127659574468085,0.22535211267605634,0.6338028169014085,0.16901408450704225,0.4788732394366197,0.21875,0.0,0.14285714285714285,0.47619047619047616,0.52262087675168,0.3853704424972351,0.3611453231171541,0.42613881139653703,0.0,0.01743589743589747,0.010531374007936509,0.21428571428571427,5.084507042253521,6.4558865250986015,2.0943415328267436,0.9184890288648808,4.666666666666666,0.2112676056338028,0.44065236175152345,4.0,10.0,1.73855421686747,0.7467390023212561,0.041666666666666664,0.0
986,2,91.0,284.0,3.120879120879121,0.03467643467643468,0.24719101123595505,0.10112359550561797,0.2537313432835821,0.582089552238806,0.26865671641791045,0.44776119402985076,0.23076923076923078,0.0,0.09523809523809523,0.5714285714285714,0.5842079811798525,0.4135804074987376,0.37663240573688334,0.45464712532158014,0.0,0.03995115995115999,0.00857852699568676,0.21153846153846154,4.2388059701492535,4.722895722672328,2.1149512265833654,0.919504017168027,4.777777777777778,0.31343283582089554,0.3795434799626844,4.0,7.0,1.7928902627511591,0.8198837937827018,0.02197802197802198,0.0
987,2,90.0,257.0,2.8555555555555556,0.032084893882646695,0.23863636363636365,0.14772727272727273,0.23880597014925373,0.5970149253731343,0.26865671641791045,0.4626865671641791,0.23333333333333334,0.0,0.14285714285714285,0.5238095238095238,0.5949522992899858,0.4144272907169674,0.38792132411535396,0.4557902744238412,0.0,0.024553571428571452,0.00551116911411029,0.09803921568627451,3.8358208955223883,4.925496482975008,2.146667654844937,0.9921285941564661,5.888888888888889,0.23880597014925373,0.4461985834515925,5.0,8.0,1.6811279826464207,0.930317633285657,0.03333333333333333,0.0
988,2,97.0,304.0,3.134020618556701,0.03264604810996564,0.2736842105263158,0.09473684210526316,0.2608695652173913,0.6231884057971014,0.2608695652173913,0.43478260869565216,0.21649484536082475,0.0,0.19047619047619047,0.42857142857142855,0.47344877142237196,0.4180146366725263,0.3675037059702097,0.4480398587741809,0.0,0.008870214752567749,0.016485041842291583,0.21818181818181817,4.405797101449275,6.869195604460865,2.104035572046369,1.0069182555111758,4.78021978021978,0.2318840579710145,0.5112835801382817,4.0,10.0,1.8409387222946545,0.8051681336181828,0.07216494845360824,0.0
989,2,92.0,287.0,3.119565217391304,0.034280936454849496,0.24444444444444444,0.15555555555555556,0.25,0.6176470588235294,0.16176470588235295,0.47058823529411764,0.21739130434782608,0.0,0.15,0.55,0.5077129226745595,0.39127194431645906,0.3627488116458704,0.42543589126110987,0.0,0.02438672438672438,0.01519812563700997,0.2830188679245283,4.220588235294118,4.280624826184384,2.117773387604946,0.9857367188310163,5.416666666666666,0.2647058823529412,0.4231752255371078,5.0,9.0,1.7671691792294808,0.8961480918567077,0.05434782608695652,0.0
99,2,93.0,317.0,3.4086021505376345,0.037050023375409066,0.2087912087912088,0.13186813186813187,0.25,0.6111111111111112,0.25,0.4027777777777778,0.22580645161290322,0.0,0.14285714285714285,0.5238095238095238,0.49943924775236,0.40130514265091777,0.35079365079365077,0.45025742373516603,NaN,NaN,NaN,NaN,4.402777777777778,5.0731542046072855,2.190788985081318,0.97364281513832,4.7073170731707314,0.2916666666666667,0.41632988444035085,5.0,11.0,1.9667487684729064,0.9317672221574513,0.06451612903225806,0.0
990,2,94.0,325.0,3.4574468085106385,0.037176847403340194,0.2608695652173913,0.09782608695652174,0.23529411764705882,0.6176470588235294,0.29411764705882354,0.47058823529411764,0.22340425531914893,0.0,0.23809523809523808,0.5238095238095238,0.5773362881371887,0.42267684854330334,0.4152340560048471,0.46663323095671316,0.0,0.08915598290598291,0.009360062637033715,0.23636363636363636,4.779411764705882,6.480385072940563,2.084330730429715,0.9532241045268249,4.777777777777778,0.2647058823529412,0.4100940033223744,6.0,9.0,1.942643391521197,0.9672293312800011,0.031914893617021274,0.0
991,2,93.0,384.0,4.129032258064516,0.04488078541374474,0.25274725274725274,0.06593406593406594,0.20588235294117646,0.6176470588235294,0.27941176470588236,0.4852941176470588,0.22580645161290322,0.0,0.19047619047619047,0.47619047619047616,0.588430086396236,0.40566359625101145,0.4158321661998133,0.46364537664795924,0.0,0.06739926739926738,0.023592747427312717,0.32727272727272727,5.647058823529412,7.156595342200824,2.07024161948229,0.8930702191641812,4.434782608695652,0.3088235294117647,0.38180789406539534,4.0,11.0,1.724604966139955,0.7215830147403353,0.07526881720430108,0.0
992,2,91.0,247.0,2.7142857142857144,0.03015873015873016,0.2247191011235955,0.2247191011235955,0.2318840579710145,0.6231884057971014,0.18840579710144928,0.4782608695652174,0.23076923076923078,0.0,0.23809523809523808,0.5714285714285714,0.4793910650985208,0.3876734616317778,0.3502627806975633,0.42577924313200444,0.0,0.0773809523809524,0.007404948293156563,0.16363636363636364,3.579710144927536,3.470064404816147,2.1316315787251576,0.9145241882958937,4.525,0.21739130434782608,0.3654191149885916,4.0,9.0,1.7597765363128492,0.8126921967677763,0.04395604395604396,0.0
993,2,96.0,366.0,3.8125,0.04013157894736842,0.24468085106382978,0.07446808510638298,0.28169014084507044,0.6197183098591549,0.19718309859154928,0.43661971830985913,0.21875,0.0,0.09523809523809523,0.5238095238095238,0.49711573846462437,0.39886451813649276,0.3639961111699436,0.4418797738504869,0.0,0.032830393067161866,0.013736801633937052,0.26785714285714285,5.154929577464789,6.473347306619093,2.110704436680999,0.9151856323964328,4.277777777777778,0.23943661971830985,0.42399083803235554,4.0,11.0,1.7473806752037253,0.738692228241469,0.07291666666666667,0.0
994,2,93.0,256.0,2.752688172043011,0.029920523609163162,0.24175824175824176,0.15384615384615385,0.2318840579710145,0.6086956521739131,0.2028985507246377,0.4492753623188406,0.22580645161290322,0.0,0.14285714285714285,0.5238095238095238,0.5602270253923882,0.4104867412313368,0.3575799401886358,0.43411457192691444,NaN,NaN,NaN,NaN,3.710144927536232,3.1440955366198735,2.1124018712109485,0.936555359518393,5.090909090909091,0.2753623188405797,0.3871232478677028,5.0,7.0,1.7834862385321102,0.8936575704435167,0.043010752688172046,0.0
995,2,88.0,280.0,3.1818181818181817,0.03657262277951933,0.20930232558139536,0.11627906976744186,0.27941176470588236,0.6176470588235294,0.20588235294117646,0.4411764705882353,0.2159090909090909,0.0,0.15789473684210525,0.47368421052631576,0.4963057417706104,0.41813032518250765,0.3558149366972896,0.443018825766623,0.0,0.05687830687830692,0.010338344161604236,0.2777777777777778,4.117647058823529,4.4100611285055225,2.1600857697904345,0.9415715621671552,5.0,0.19117647058823528,0.4090449812862723,6.0,10.0,1.97196261682243,1.09280395272873,0.022727272727272728,0.0
996,2,95.0,344.0,3.6210526315789475,0.038521836506159014,0.23655913978494625,0.0967741935483871,0.2112676056338028,0.6197183098591549,0.22535211267605634,0.4788732394366197,0.22105263157894736,0.0,0.09523809523809523,0.5238095238095238,0.5015735903996226,0.40552842468481726,0.36133710715318007,0.4378736262145549,0.0,0.036794871794871814,0.013686770703952574,0.26785714285714285,4.845070422535211,6.796318094220351,2.0538087133444103,0.8024240696180355,4.166666666666666,0.28169014084507044,0.39890919496604027,5.0,10.0,1.7020725388601037,0.741118343721534,0.042105263157894736,0.0
997,2,95.0,329.0,3.463157894736842,0.03684210526315789,0.25806451612903225,0.0967741935483871,0.2028985507246377,0.6086956521739131,0.2463768115942029,0.4782608695652174,0.22105263157894736,0.0,0.09523809523809523,0.47619047619047616,0.5277822044604805,0.40698540111235476,0.3845381872555786,0.4517186648948199,0.0,0.027634479717813052,0.039312027841439605,0.3090909090909091,4.768115942028985,6.539798808598626,2.066823678931711,0.8985359659865,4.75,0.3188405797101449,0.39131825196992315,5.0,8.0,1.8076923076923077,0.8970967409882724,0.0,0.0
998,2,93.0,347.0,3.7311827956989245,0.040556334735857874,0.24175824175824176,0.07692307692307693,0.21739130434782608,0.6086956521739131,0.21739130434782608,0.4782608695652174,0.22580645161290322,0.0,0.09523809523809523,0.47619047619047616,0.48693930950958175,0.40175871001696684,0.37440729915154464,0.44315411398815757,0.0,0.03270266439909297,0.018568107382855463,0.2545454545454545,5.028985507246377,5.9507068648155865,2.117918442057229,0.9437735841897505,4.607142857142858,0.30434782608695654,0.4717297423148755,4.0,11.0,1.7476510067114095,0.8103483829168128,0.07526881720430108,0.0
999,2,91.0,289.0,3.1758241758241756,0.035286935286935286,0.24719101123595505,0.1348314606741573,0.23880597014925373,0.6268656716417911,0.2835820895522388,0.4626865671641791,0.23076923076923078,0.0,0.2857142857142857,0.5238095238095238,0.6004210721321765,0.40918377094427716,0.4137138633046191,0.4641093676021252,0.0,0.026904761904761893,0.00827311639204662,0.2909090909090909,4.313432835820896,5.193845294786726,2.13981985662272,1.0378954303015782,5.5,0.2835820895522388,0.4385023500932821,5.0,11.0,2.1516290726817044,1.1058489884253626,0.07692307692307693,0.0
