SLN_ID,Detritus,S,interactions,L_D,C,Basal,Top,Carniv,Herbiv,Herbiv_true,ProdFeed,Animals,BasalAnimals,AnimHerbiv_true,AnimPred,green_frac_mean,green_frac_sd,green_direct_mean,green_direct_sd,cross_habitat_L,aqu_from_terr,terr_from_aqu,terr_with_aqu,meanInDegree,sdInDegree,mean_NTP,sd_NTP,max_NTP,TrOmniv,q_inCoherence,diameter,max_chain_len,mean_path_len,sd_path_len,loop,Modularity
1,1,27.0,36.0,1.3333333333333333,0.05128205128205128,0.46153846153846156,0.3076923076923077,0.14285714285714285,0.5714285714285714,0.35714285714285715,0.6428571428571429,0.25925925925925924,0.0,0.42857142857142855,0.2857142857142857,0.6696428571428571,0.4465873344069973,0.5285714285714286,0.4462296260008732,NaN,NaN,NaN,NaN,2.5714285714285716,2.563479777846623,1.6839506172839507,0.7308448670475666,3.0,0.2857142857142857,0.517185266270479,2.0,4.0,1.2708333333333333,0.44909286028962947,0.0,0.0
10,1,30.0,88.0,2.933333333333333,0.10114942528735632,0.4827586206896552,0.034482758620689655,0.13333333333333333,0.5333333333333333,0.26666666666666666,0.6,0.23333333333333334,0.0,0.2857142857142857,0.42857142857142855,0.5691900945874935,0.43549914045599003,0.44536716370049706,0.4215926342890562,NaN,NaN,NaN,NaN,5.866666666666666,8.034449635935305,1.6842923241632917,0.761102453711746,3.0161290322580645,0.3333333333333333,0.6307286927959315,3.0,5.0,1.1862745098039216,0.43895447692119877,0.06666666666666667,0.0
100,1,29.0,65.0,2.2413793103448274,0.08004926108374384,0.5,0.10714285714285714,0.07142857142857142,0.6428571428571429,0.35714285714285715,0.7142857142857143,0.2413793103448276,0.0,0.42857142857142855,0.2857142857142857,0.7000126730665652,0.3926599430819294,0.5813605442176871,0.41734531261877744,NaN,NaN,NaN,NaN,4.642857142857143,6.452276197735815,1.6487848932676519,0.7668860714722804,3.4,0.2857142857142857,0.617125255360787,3.0,6.0,1.4678899082568808,0.6019844857643072,0.06896551724137931,0.0
1000,1,28.0,52.0,1.8571428571428572,0.06878306878306878,0.4074074074074074,0.25925925925925924,0.125,0.625,0.25,0.5625,0.25,0.0,0.2857142857142857,0.14285714285714285,0.4543650793650794,0.40859272359332416,0.3948412698412698,0.4170557518197973,NaN,NaN,NaN,NaN,3.25,4.404543109109048,1.7555272108843538,0.7649470932146756,3.666666666666667,0.3125,0.4541726987971803,3.0,5.0,1.3243243243243243,0.526245635340846,0.0,0.0
101,1,33.0,79.0,2.393939393939394,0.07481060606060606,0.5625,0.125,0.07142857142857142,0.5714285714285714,0.35714285714285715,0.7142857142857143,0.21212121212121213,0.0,0.42857142857142855,0.42857142857142855,0.7216715257531584,0.39843308892189594,0.5950577200577201,0.42359976384458026,NaN,NaN,NaN,NaN,5.642857142857143,3.7745533175798096,1.5649658982992314,0.7268132984413762,3.317460317460317,0.42857142857142855,0.4864879812907823,3.0,5.0,1.3697478991596639,0.5185629788417315,0.0,0.0
102,1,34.0,79.0,2.323529411764706,0.07040998217468805,0.5151515151515151,0.21212121212121213,0.0625,0.5625,0.25,0.5625,0.20588235294117646,0.0,0.2857142857142857,0.2857142857142857,0.502693903004989,0.42546560385903615,0.4437452865761689,0.432458263463718,NaN,NaN,NaN,NaN,4.9375,5.638779418751308,1.6160066480172972,0.7268700521907656,3.4375,0.4375,0.5407056894935435,4.0,5.0,1.5223880597014925,0.6906074248042103,0.0,0.0
103,1,26.0,56.0,2.1538461538461537,0.08615384615384615,0.48,0.08,0.15384615384615385,0.6153846153846154,0.38461538461538464,0.6923076923076923,0.2692307692307692,0.0,0.42857142857142855,0.42857142857142855,0.778803418803419,0.35575991278233315,0.5572649572649573,0.4430962457536169,NaN,NaN,NaN,NaN,4.3076923076923075,4.819830830098628,1.688290953675569,0.793245822923644,3.5135135135135136,0.23076923076923078,0.481147236574812,3.0,6.0,1.4653465346534653,0.5397102266150524,0.0,0.0
104,1,33.0,54.0,1.6363636363636365,0.05113636363636364,0.53125,0.21875,0.06666666666666667,0.6,0.26666666666666666,0.6,0.21212121212121213,0.0,0.2857142857142857,0.2857142857142857,0.5713675213675214,0.4480952420877214,0.47429792429792433,0.4357223948524833,NaN,NaN,NaN,NaN,3.6,3.6606010435446255,1.5647653000594177,0.6766379153045182,3.25,0.4,0.4346509153009579,3.0,4.0,1.2121212121212122,0.447734520074341,0.0,0.0
105,1,30.0,49.0,1.6333333333333333,0.05632183908045977,0.4482758620689655,0.1724137931034483,0.0625,0.6875,0.375,0.625,0.23333333333333334,0.0,0.5714285714285714,0.2857142857142857,0.6205302028218694,0.44423051108769435,0.5246031746031745,0.4655423233443904,NaN,NaN,NaN,NaN,3.0625,3.2139020935097986,1.6647366522366522,0.7190412831491134,3.590909090909091,0.3125,0.46648391947613926,4.0,5.0,1.5730337078651686,0.7052987833896129,0.0,0.0
106,1,25.0,53.0,2.12,0.08833333333333333,0.4583333333333333,0.041666666666666664,0.23076923076923078,0.46153846153846156,0.23076923076923078,0.5384615384615384,0.24,0.0,0.16666666666666666,0.5,0.6399010346378767,0.3817830598242535,0.42930402930402933,0.4400495409212774,NaN,NaN,NaN,NaN,4.076923076923077,5.298766184398315,1.770929292929293,0.8571948164041092,3.5277777777777777,0.46153846153846156,0.6393193151202897,3.0,6.0,1.4382022471910112,0.5212540860920133,0.0,0.0
107,1,28.0,51.0,1.8214285714285714,0.06746031746031746,0.4444444444444444,0.1111111111111111,0.13333333333333333,0.5333333333333333,0.26666666666666666,0.6,0.25,0.0,0.2857142857142857,0.2857142857142857,0.600759414877062,0.4011762594013864,0.4282913165266106,0.42301231531105193,NaN,NaN,NaN,NaN,3.4,4.322697570466188,1.7696717442958045,0.8309790953398692,3.5789473684210527,0.4,0.6114919524941781,3.0,6.0,1.5368421052631578,0.6155870112510925,0.0,0.0
108,1,24.0,53.0,2.2083333333333335,0.09601449275362318,0.391304347826087,0.043478260869565216,0.14285714285714285,0.5714285714285714,0.2857142857142857,0.6428571428571429,0.2916666666666667,0.0,0.2857142857142857,0.2857142857142857,0.6017857142857144,0.37422539044958303,0.44494047619047616,0.41759569048816314,NaN,NaN,NaN,NaN,3.7857142857142856,5.086612465445581,1.7869813924501425,0.7677733551534243,3.3076923076923075,0.35714285714285715,0.5463255186547417,3.0,6.0,1.4534883720930232,0.6260422226727871,0.0,0.0
109,1,28.0,43.0,1.5357142857142858,0.056878306878306875,0.4074074074074074,0.25925925925925924,0.1875,0.625,0.3125,0.5,0.25,0.0,0.42857142857142855,0.2857142857142857,0.5750000000000001,0.4320970017600691,0.4159722222222222,0.4582659883183376,NaN,NaN,NaN,NaN,2.6875,2.3865945054267876,1.7410714285714286,0.7283710070610319,3.166666666666667,0.25,0.37937594875779607,3.0,4.0,1.3880597014925373,0.5209322610706233,0.0,0.0
11,1,30.0,51.0,1.7,0.05862068965517241,0.4827586206896552,0.3103448275862069,0.06666666666666667,0.6666666666666666,0.3333333333333333,0.6666666666666666,0.23333333333333334,0.0,0.42857142857142855,0.2857142857142857,0.6407666407666408,0.4225976812399966,0.527039627039627,0.433891747733878,NaN,NaN,NaN,NaN,3.4,3.794733192202055,1.6206146304675717,0.6881174594515875,3.0588235294117645,0.26666666666666666,0.362422984604277,3.0,4.0,1.4096385542168675,0.5418159299153905,0.0,0.0
110,1,28.0,37.0,1.3214285714285714,0.04894179894179894,0.48148148148148145,0.2962962962962963,0.21428571428571427,0.5714285714285714,0.2857142857142857,0.5,0.25,0.0,0.2857142857142857,0.42857142857142855,0.4876700680272109,0.4622764844145333,0.4404761904761905,0.46848155724101825,NaN,NaN,NaN,NaN,2.642857142857143,2.2738358934473855,1.6942318594104309,0.7875201078677194,3.375,0.2857142857142857,0.5862381025627241,3.0,5.0,1.456140350877193,0.6565650723542862,0.0,0.0
111,1,30.0,84.0,2.8,0.09655172413793103,0.4827586206896552,0.034482758620689655,0.06666666666666667,0.6666666666666666,0.3333333333333333,0.6666666666666666,0.23333333333333334,0.0,0.42857142857142855,0.42857142857142855,0.641244019138756,0.4130207267470263,0.514308300395257,0.43019901700187896,NaN,NaN,NaN,NaN,5.6,7.228910212275627,1.6750659551176794,0.7771696445479983,3.2857142857142856,0.3333333333333333,0.6523110946249894,3.0,6.0,1.4558823529411764,0.6069675329510178,0.0,0.0
112,1,32.0,65.0,2.03125,0.0655241935483871,0.5161290322580645,0.16129032258064516,0.06666666666666667,0.5333333333333333,0.26666666666666666,0.6666666666666666,0.21875,0.0,0.2857142857142857,0.42857142857142855,0.6573318216175359,0.4225867348526907,0.5431481481481482,0.42037568667208425,NaN,NaN,NaN,NaN,4.333333333333333,4.654746681256314,1.6098126460464823,0.7044602621604777,3.0,0.4,0.5365418062853263,3.0,5.0,1.4205607476635513,0.5326576864155336,0.0,0.0
113,1,28.0,52.0,1.8571428571428572,0.06878306878306878,0.4074074074074074,0.18518518518518517,0.1875,0.5625,0.25,0.5,0.25,0.0,0.2857142857142857,0.42857142857142855,0.4583333333333333,0.4116363011742823,0.3580357142857143,0.42516892290095226,NaN,NaN,NaN,NaN,3.25,3.6606010435446255,1.7830357142857143,0.7734019836455543,3.25,0.3125,0.5300124770864079,3.0,5.0,1.3896103896103895,0.5418254757820319,0.0,0.0
114,1,34.0,97.0,2.8529411764705883,0.08645276292335116,0.5151515151515151,0.030303030303030304,0.0625,0.625,0.3125,0.625,0.20588235294117646,0.0,0.42857142857142855,0.42857142857142855,0.6016114249345956,0.43368113211964426,0.4810110028860029,0.43610193372411304,NaN,NaN,NaN,NaN,6.0625,6.495831997006491,1.6512559956203332,0.793111276905611,3.431372549019608,0.375,0.6572034526440431,4.0,7.0,1.4761904761904763,0.5785836614716384,0.058823529411764705,0.0
115,1,27.0,41.0,1.5185185185185186,0.0584045584045584,0.46153846153846156,0.15384615384615385,0.2857142857142857,0.5714285714285714,0.2857142857142857,0.42857142857142855,0.25925925925925924,0.0,0.2857142857142857,0.2857142857142857,0.4292091836734694,0.4626511840510461,0.3711734693877551,0.463131414392378,NaN,NaN,NaN,NaN,2.9285714285714284,2.4640269015229053,1.737445465515641,0.8262095561212132,3.5,0.2857142857142857,0.44645007256823493,3.0,5.0,1.4393939393939394,0.5851702678915278,0.0,0.0
116,1,24.0,48.0,2.0,0.08695652173913043,0.391304347826087,0.08695652173913043,0.07142857142857142,0.5714285714285714,0.2857142857142857,0.6428571428571429,0.2916666666666667,0.0,0.2857142857142857,0.42857142857142855,0.5912499999999999,0.4330290783449856,0.4379251700680272,0.41812092034994824,NaN,NaN,NaN,NaN,3.4285714285714284,5.611996569359741,1.7629751461988301,0.7210849226172946,3.0,0.35714285714285715,0.5928126779310866,3.0,5.0,1.150943396226415,0.4112002326723348,0.0,0.0
117,1,27.0,40.0,1.4814814814814814,0.05698005698005698,0.5,0.23076923076923078,0.07692307692307693,0.6153846153846154,0.38461538461538464,0.6923076923076923,0.25925925925925924,0.0,0.42857142857142855,0.2857142857142857,0.6564102564102564,0.40469115233092107,0.541025641025641,0.43740688874866424,NaN,NaN,NaN,NaN,3.076923076923077,2.7526211284742907,1.5826599326599327,0.6622248633796026,3.1818181818181817,0.38461538461538464,0.37480736028187384,3.0,4.0,1.3389830508474576,0.5122691066605596,0.0,0.0
118,1,26.0,33.0,1.2692307692307692,0.05076923076923077,0.44,0.28,0.14285714285714285,0.5714285714285714,0.2857142857142857,0.5714285714285714,0.2692307692307692,0.0,0.2857142857142857,0.42857142857142855,0.5029100529100529,0.4241277005405186,0.41870748299319727,0.4341535701441534,NaN,NaN,NaN,NaN,2.357142857142857,1.8232322463624384,1.7550824175824173,0.8225136765049421,3.75,0.35714285714285715,0.4992223486442688,4.0,5.0,1.5789473684210527,0.7546846176916892,0.0,0.0
119,1,28.0,56.0,2.0,0.07407407407407407,0.4444444444444444,0.18518518518518517,0.06666666666666667,0.6666666666666666,0.3333333333333333,0.6,0.25,0.0,0.42857142857142855,0.2857142857142857,0.5857516339869281,0.44729861539643384,0.4828197945845005,0.44721988234457816,NaN,NaN,NaN,NaN,3.7333333333333334,4.651676605063516,1.6709096459096457,0.6962096971614354,3.0,0.26666666666666666,0.5026654665440073,2.0,5.0,1.2727272727272727,0.4482822077654243,0.0,0.0
12,1,26.0,34.0,1.3076923076923077,0.052307692307692305,0.44,0.28,0.14285714285714285,0.5714285714285714,0.35714285714285715,0.6428571428571429,0.2692307692307692,0.0,0.42857142857142855,0.14285714285714285,0.5928571428571429,0.4245895094397076,0.5190476190476191,0.44138753360618926,NaN,NaN,NaN,NaN,2.4285714285714284,1.8277470669267508,1.7064636752136753,0.7359631866367504,3.3125,0.35714285714285715,0.4100690458840107,3.0,4.0,1.3725490196078431,0.5276659668284659,0.0,0.0
120,1,32.0,75.0,2.34375,0.07560483870967742,0.5483870967741935,0.16129032258064516,0.07142857142857142,0.5714285714285714,0.2857142857142857,0.6428571428571429,0.21875,0.0,0.2857142857142857,0.42857142857142855,0.6357743097238896,0.4295628829225497,0.5302746098439376,0.43266785865834384,NaN,NaN,NaN,NaN,5.357142857142857,5.400956366267891,1.5525189969604862,0.6861864470819519,3.0,0.35714285714285715,0.5303615784162143,2.0,5.0,1.2448979591836735,0.4322376324704122,0.0,0.0
121,1,28.0,41.0,1.4642857142857142,0.05423280423280423,0.48148148148148145,0.18518518518518517,0.14285714285714285,0.5714285714285714,0.2857142857142857,0.6428571428571429,0.25,0.0,0.2857142857142857,0.2857142857142857,0.6304029304029305,0.42867535761237857,0.4782312925170068,0.41936266165157216,NaN,NaN,NaN,NaN,2.9285714285714284,3.561855301217778,1.6881987577639752,0.7951003490549874,3.75,0.35714285714285715,0.5023713592272261,3.0,4.0,1.3272727272727274,0.5790971726347276,0.0,0.0
122,1,30.0,54.0,1.8,0.06206896551724138,0.4482758620689655,0.10344827586206896,0.125,0.625,0.25,0.5,0.23333333333333334,0.0,0.2857142857142857,0.42857142857142855,0.4888888888888889,0.4642131268722307,0.390625,0.4375,NaN,NaN,NaN,NaN,3.375,4.193248541803041,1.6917874396135266,0.7307153506485471,3.0869565217391304,0.25,0.5762069717207031,2.0,4.0,1.2777777777777777,0.45104642721034544,0.0,0.0
123,1,24.0,29.0,1.2083333333333333,0.05253623188405797,0.43478260869565216,0.2608695652173913,0.15384615384615385,0.6153846153846154,0.38461538461538464,0.6153846153846154,0.2916666666666667,0.0,0.42857142857142855,0.14285714285714285,0.5943223443223443,0.44038130516144064,0.5183150183150184,0.4590315076284407,NaN,NaN,NaN,NaN,2.230769230769231,1.832750490103429,1.6879960317460319,0.7153888924624664,3.25,0.3076923076923077,0.35571004321278693,3.0,4.0,1.425531914893617,0.5802803239763343,0.0,0.0
124,1,28.0,74.0,2.642857142857143,0.09788359788359788,0.48148148148148145,0.037037037037037035,0.07142857142857142,0.5714285714285714,0.2857142857142857,0.6428571428571429,0.25,0.0,0.2857142857142857,0.42857142857142855,0.6304408482142857,0.42805372486159377,0.5104761904761904,0.4270102926017006,NaN,NaN,NaN,NaN,5.285714285714286,6.988216141131071,1.6370654345654345,0.7004460396516212,3.12,0.42857142857142855,0.5326042981410075,2.0,5.0,1.2577319587628866,0.43965778632041186,0.0,0.0
125,1,29.0,73.0,2.5172413793103448,0.08990147783251232,0.4642857142857143,0.07142857142857142,0.06666666666666667,0.6666666666666666,0.3333333333333333,0.6666666666666666,0.2413793103448276,0.0,0.42857142857142855,0.42857142857142855,0.6229647770219198,0.4088572127109105,0.5211396011396012,0.43078554080071035,NaN,NaN,NaN,NaN,4.866666666666666,6.468237413553651,1.7036727640175917,0.8141328012185367,4.0,0.26666666666666666,0.5521785648086878,4.0,5.0,1.4814814814814814,0.7791857897709392,0.0,0.0
126,1,32.0,68.0,2.125,0.06854838709677419,0.5161290322580645,0.06451612903225806,0.13333333333333333,0.6666666666666666,0.3333333333333333,0.6,0.21875,0.0,0.42857142857142855,0.42857142857142855,0.6535177763413057,0.4180201112705686,0.48486772486772495,0.4515650304622508,NaN,NaN,NaN,NaN,4.533333333333333,5.194319241339753,1.636200609863206,0.7807913296614298,3.5106382978723403,0.26666666666666666,0.5691116003756125,3.0,5.0,1.4434782608695653,0.5329708913388168,0.0,0.0
127,1,30.0,60.0,2.0,0.06896551724137931,0.4827586206896552,0.2413793103448276,0.13333333333333333,0.6,0.26666666666666666,0.6,0.23333333333333334,0.0,0.2857142857142857,0.42857142857142855,0.655827664399093,0.42072950021887007,0.4612698412698413,0.43270443511928985,NaN,NaN,NaN,NaN,4.0,4.27617987059879,1.699887955182073,0.8023085081528093,3.4,0.3333333333333333,0.49069784979282144,3.0,4.0,1.5,0.6385663554332174,0.0,0.0
128,1,25.0,26.0,1.04,0.043333333333333335,0.4166666666666667,0.375,0.14285714285714285,0.6428571428571429,0.35714285714285715,0.5714285714285714,0.28,0.0,0.42857142857142855,0.2857142857142857,0.5971428571428571,0.4694911905690862,0.5,0.469041575982343,NaN,NaN,NaN,NaN,1.8571428571428572,1.7032612545052803,1.6995555555555555,0.6992094301141066,3.0,0.21428571428571427,0.4234709379964997,3.0,4.0,1.3055555555555556,0.5247826458609558,0.0,0.0
129,1,31.0,56.0,1.8064516129032258,0.060215053763440864,0.5,0.16666666666666666,0.06666666666666667,0.5333333333333333,0.26666666666666666,0.6666666666666666,0.22580645161290322,0.0,0.2857142857142857,0.42857142857142855,0.6006111111111111,0.41138587718477887,0.45444444444444443,0.41185154257534734,NaN,NaN,NaN,NaN,3.7333333333333334,2.685055643655045,1.7467211077979579,0.9135951269195932,3.875,0.4,0.6262104035463745,4.0,5.0,1.8114754098360655,0.893798350370968,0.0,0.0
13,1,25.0,43.0,1.72,0.07166666666666667,0.4583333333333333,0.08333333333333333,0.15384615384615385,0.6153846153846154,0.3076923076923077,0.5384615384615384,0.24,0.0,0.3333333333333333,0.3333333333333333,0.5128205128205129,0.4699859063171492,0.41295546558704455,0.4604178588309206,NaN,NaN,NaN,NaN,3.3076923076923075,4.9224759248542025,1.6878947368421051,0.7506875887848944,3.0,0.15384615384615385,0.5546517377326011,2.0,5.0,1.2363636363636363,0.4287637855957331,0.0,0.0
130,1,29.0,74.0,2.5517241379310347,0.09113300492610837,0.5,0.03571428571428571,0.07142857142857142,0.5714285714285714,0.2857142857142857,0.7142857142857143,0.2413793103448276,0.0,0.2857142857142857,0.2857142857142857,0.6469937975190075,0.3937753133160636,0.5357843137254902,0.40995702286341845,NaN,NaN,NaN,NaN,5.285714285714286,5.455111525738201,1.6518502120913134,0.7591009526442535,3.3617021276595747,0.42857142857142855,0.5381098089314538,3.0,5.0,1.3693693693693694,0.538143744364542,0.0,0.0
131,1,27.0,68.0,2.5185185185185186,0.09686609686609686,0.46153846153846156,0.07692307692307693,0.14285714285714285,0.5714285714285714,0.21428571428571427,0.5714285714285714,0.2222222222222222,0.0,0.16666666666666666,0.5,0.4767490842490843,0.38117503929024066,0.3806372549019608,0.39837522457056956,NaN,NaN,NaN,NaN,4.857142857142857,6.9155025720605305,1.7206813329620347,0.7868797968138465,3.142857142857143,0.2857142857142857,0.6710358903165873,2.0,7.0,1.3557692307692308,0.48106413658688185,0.07407407407407407,0.0
132,1,30.0,59.0,1.9666666666666666,0.067816091954023,0.4482758620689655,0.06896551724137931,0.0625,0.625,0.25,0.5625,0.23333333333333334,0.0,0.2857142857142857,0.42857142857142855,0.4952380952380953,0.420754999332558,0.4116950757575758,0.4235331344104333,NaN,NaN,NaN,NaN,3.6875,3.609593698280551,1.676547619047619,0.7109747530676247,3.325,0.3125,0.46398819883492304,2.0,6.0,1.3979591836734695,0.4919935444712548,0.0,0.0
133,1,23.0,30.0,1.3043478260869565,0.05928853754940711,0.4090909090909091,0.22727272727272727,0.15384615384615385,0.6923076923076923,0.3076923076923077,0.46153846153846156,0.2608695652173913,0.0,0.3333333333333333,0.3333333333333333,0.44358974358974357,0.4614457142696869,0.3868131868131868,0.4653453672618061,NaN,NaN,NaN,NaN,2.3076923076923075,2.2130151145972543,1.7216614906832297,0.7316707981549013,3.3125,0.23076923076923078,0.4457836063520456,2.0,5.0,1.3333333333333333,0.4767312946227962,0.0,0.0
134,1,26.0,44.0,1.6923076923076923,0.06769230769230769,0.4,0.16,0.13333333333333333,0.6666666666666666,0.3333333333333333,0.6,0.2692307692307692,0.0,0.42857142857142855,0.42857142857142855,0.6159090909090909,0.4175089872414614,0.4649350649350649,0.44229312447840546,NaN,NaN,NaN,NaN,2.933333333333333,4.00832467081531,1.75625,0.7601089560056505,3.5,0.26666666666666666,0.5238516838579037,4.0,5.0,1.5526315789473684,0.7191613048935129,0.0,0.0
135,1,27.0,37.0,1.3703703703703705,0.05270655270655271,0.46153846153846156,0.23076923076923078,0.07142857142857142,0.6428571428571429,0.35714285714285715,0.6428571428571429,0.25925925925925924,0.0,0.42857142857142855,0.42857142857142855,0.6625850340136055,0.4466549399917152,0.5303854875283447,0.44495952062606514,NaN,NaN,NaN,NaN,2.642857142857143,2.560262692565951,1.660968660968661,0.7241051669404321,3.5,0.35714285714285715,0.46785040594782096,3.0,4.0,1.4035087719298245,0.59340570086117,0.0,0.0
136,1,31.0,78.0,2.5161290322580645,0.08387096774193549,0.5,0.03333333333333333,0.06666666666666667,0.6,0.26666666666666666,0.6,0.22580645161290322,0.0,0.2857142857142857,0.2857142857142857,0.5494353397467583,0.4268698973278065,0.46603641456582634,0.42708289377421327,NaN,NaN,NaN,NaN,5.2,6.085110634045319,1.6090387545451994,0.6949904621894458,3.232142857142857,0.4,0.4950185942946797,2.0,5.0,1.3304347826086957,0.4724282017376836,0.0,0.0
137,1,24.0,79.0,3.2916666666666665,0.1431159420289855,0.43478260869565216,0.043478260869565216,0.07692307692307693,0.6153846153846154,0.38461538461538464,0.6923076923076923,0.2916666666666667,0.0,0.42857142857142855,0.42857142857142855,0.6954236622727128,0.40842571676502515,0.5380388841927304,0.4350759192612013,NaN,NaN,NaN,NaN,6.076923076923077,6.873397249074852,1.726256429940248,0.7673887627187473,3.229166666666667,0.38461538461538464,0.6096619265821532,3.0,7.0,1.3153153153153154,0.4858354001470416,0.08333333333333333,0.0
138,1,26.0,35.0,1.3461538461538463,0.05384615384615385,0.48,0.36,0.07692307692307693,0.6153846153846154,0.38461538461538464,0.7692307692307693,0.2692307692307692,0.0,0.42857142857142855,0.14285714285714285,0.7467948717948717,0.36451846187207587,0.6153846153846154,0.40331161204490057,NaN,NaN,NaN,NaN,2.6923076923076925,2.015961945102775,1.6454045954045955,0.7374726736938564,3.571428571428571,0.38461538461538464,0.40634599814038436,3.0,5.0,1.4230769230769231,0.6369705828204174,0.0,0.0
139,1,28.0,42.0,1.5,0.05555555555555555,0.4444444444444444,0.2962962962962963,0.06666666666666667,0.6,0.26666666666666666,0.6666666666666666,0.25,0.0,0.2857142857142857,0.2857142857142857,0.5262962962962964,0.3834955756654406,0.44425925925925924,0.4017714119866071,NaN,NaN,NaN,NaN,2.8,2.624064459138587,1.7040816326530612,0.7343000960325184,3.0,0.2,0.5965623232431675,4.0,5.0,1.453125,0.6884463184107628,0.0,0.0
14,1,29.0,43.0,1.4827586206896552,0.05295566502463054,0.4642857142857143,0.25,0.2,0.5333333333333333,0.26666666666666666,0.5333333333333333,0.2413793103448276,0.0,0.2857142857142857,0.42857142857142855,0.5741269841269842,0.39578364392399296,0.38571428571428573,0.43552559015807524,NaN,NaN,NaN,NaN,2.8666666666666667,3.1365738056189967,1.7514367816091951,0.8495799293630786,3.666666666666667,0.4,0.5733620831383135,3.0,4.0,1.5,0.6756639246921762,0.0,0.0
140,1,28.0,37.0,1.3214285714285714,0.04894179894179894,0.5185185185185185,0.25925925925925924,0.07692307692307693,0.5384615384615384,0.23076923076923078,0.6153846153846154,0.21428571428571427,0.0,0.16666666666666666,0.3333333333333333,0.5527065527065527,0.4111497697488149,0.48076923076923084,0.42239650024450176,NaN,NaN,NaN,NaN,2.8461538461538463,1.8187062180825986,1.5970238095238098,0.7169329618870192,3.5,0.46153846153846156,0.36409485723512364,3.0,5.0,1.4310344827586208,0.624417453859848,0.0,0.0
141,1,30.0,48.0,1.6,0.05517241379310345,0.4827586206896552,0.20689655172413793,0.06666666666666667,0.6,0.26666666666666666,0.6666666666666666,0.23333333333333334,0.0,0.2857142857142857,0.2857142857142857,0.5925925925925927,0.4029975682017007,0.4685185185185185,0.4126615266381315,NaN,NaN,NaN,NaN,3.2,2.9081167199998794,1.648901098901099,0.7201861388480606,3.0952380952380953,0.3333333333333333,0.4853591793639726,3.0,4.0,1.36986301369863,0.5402378415277563,0.0,0.0
142,1,32.0,48.0,1.5,0.04838709677419355,0.5161290322580645,0.25806451612903225,0.2,0.6,0.26666666666666666,0.5333333333333333,0.21875,0.0,0.2857142857142857,0.2857142857142857,0.5416666666666666,0.42287048187884246,0.42142857142857143,0.44565806523736456,NaN,NaN,NaN,NaN,3.2,2.6779523094014523,1.6476934523809526,0.7796034968552297,3.25,0.26666666666666666,0.47373671244346927,3.0,4.0,1.4078947368421053,0.5459580345031992,0.0,0.0
143,1,33.0,74.0,2.242424242424242,0.07007575757575757,0.53125,0.09375,0.13333333333333333,0.5333333333333333,0.26666666666666666,0.6,0.21212121212121213,0.0,0.2857142857142857,0.42857142857142855,0.6226589401192576,0.4164873518177723,0.4903703703703703,0.43825283761392897,NaN,NaN,NaN,NaN,4.933333333333334,4.891197146283262,1.6558317756418162,0.814243236162621,3.5522388059701493,0.4,0.627318769489138,3.0,6.0,1.5,0.5848976518656018,0.0,0.0
144,1,26.0,42.0,1.6153846153846154,0.06461538461538462,0.48,0.24,0.07692307692307693,0.6153846153846154,0.38461538461538464,0.6923076923076923,0.23076923076923078,0.0,0.5,0.3333333333333333,0.6666666666666666,0.4204687639783501,0.5499999999999999,0.44472213547087774,NaN,NaN,NaN,NaN,3.230769230769231,3.539158236875122,1.6646020646020645,0.767606052758861,3.7272727272727275,0.38461538461538464,0.5328297482131787,4.0,6.0,1.6933333333333334,0.8849085054756017,0.0,0.0
145,1,33.0,82.0,2.484848484848485,0.07765151515151515,0.53125,0.0625,0.13333333333333333,0.5333333333333333,0.26666666666666666,0.6,0.21212121212121213,0.0,0.2857142857142857,0.42857142857142855,0.6403337403337404,0.41009890075605504,0.48192104192104196,0.43250615871091536,NaN,NaN,NaN,NaN,5.466666666666667,5.4885161495443855,1.6648800738933567,0.8502707134003895,3.928571428571429,0.4666666666666667,0.5395958945431383,4.0,7.0,1.6928104575163399,0.852867035910377,0.0,0.0
146,1,28.0,51.0,1.8214285714285714,0.06746031746031746,0.48148148148148145,0.2222222222222222,0.07142857142857142,0.5714285714285714,0.2857142857142857,0.7142857142857143,0.25,0.0,0.2857142857142857,0.42857142857142855,0.6911830357142857,0.38666920435473723,0.5482142857142857,0.405546199316699,NaN,NaN,NaN,NaN,3.642857142857143,3.2724289463319463,1.6892735940530057,0.7930170204228709,3.6923076923076925,0.35714285714285715,0.5108780250357357,4.0,6.0,1.6,0.7351364036115295,0.0,0.0
147,1,27.0,30.0,1.1111111111111112,0.042735042735042736,0.46153846153846156,0.38461538461538464,0.14285714285714285,0.6428571428571429,0.42857142857142855,0.6428571428571429,0.25925925925925924,0.0,0.5714285714285714,0.14285714285714285,0.6607142857142857,0.45580806159060966,0.5428571428571428,0.45861712825588,NaN,NaN,NaN,NaN,2.142857142857143,1.6104057232283404,1.6574074074074074,0.7243967919936644,3.5,0.2857142857142857,0.3330458530441192,3.0,4.0,1.1764705882352942,0.45862695181041885,0.0,0.0
148,1,30.0,63.0,2.1,0.07241379310344828,0.4827586206896552,0.10344827586206896,0.06666666666666667,0.5333333333333333,0.26666666666666666,0.6666666666666666,0.23333333333333334,0.0,0.2857142857142857,0.2857142857142857,0.5959043560606061,0.4025693278757792,0.48044871794871796,0.4119824218864905,NaN,NaN,NaN,NaN,4.2,4.7086546455891805,1.681607502239081,0.76337787465564,3.1578947368421053,0.4666666666666667,0.6464582288755333,3.0,5.0,1.438095238095238,0.5533779054381429,0.06666666666666667,0.0
149,1,30.0,40.0,1.3333333333333333,0.04597701149425287,0.4827586206896552,0.3103448275862069,0.13333333333333333,0.6,0.3333333333333333,0.6,0.23333333333333334,0.0,0.42857142857142855,0.14285714285714285,0.6405555555555555,0.42856368489476804,0.5222222222222223,0.4601012080978724,NaN,NaN,NaN,NaN,2.6666666666666665,1.8387366263150307,1.66,0.7549276182603605,3.333333333333333,0.3333333333333333,0.5108334901911333,3.0,4.0,1.484375,0.6664806288043401,0.0,0.0
15,1,30.0,47.0,1.5666666666666667,0.054022988505747126,0.4827586206896552,0.20689655172413793,0.13333333333333333,0.6,0.26666666666666666,0.5333333333333333,0.23333333333333334,0.0,0.2857142857142857,0.42857142857142855,0.5281746031746032,0.4559720663826235,0.44285714285714284,0.4500971712384463,NaN,NaN,NaN,NaN,3.1333333333333333,2.6149751888106394,1.6405270655270656,0.7095099332201813,3.0769230769230766,0.3333333333333333,0.46696109572952904,3.0,4.0,1.3623188405797102,0.541539594249407,0.0,0.0
150,1,30.0,58.0,1.9333333333333333,0.06666666666666667,0.4827586206896552,0.27586206896551724,0.06666666666666667,0.6666666666666666,0.4,0.6666666666666666,0.23333333333333334,0.0,0.5714285714285714,0.14285714285714285,0.6633187134502924,0.43068765694259936,0.5421052631578948,0.44691608170104435,NaN,NaN,NaN,NaN,3.8666666666666667,4.778921974472405,1.6360416666666666,0.7077497490326274,3.0,0.2,0.5328683292574443,3.0,4.0,1.2567567567567568,0.4982382884494211,0.0,0.0
151,1,35.0,91.0,2.6,0.07647058823529412,0.5588235294117647,0.058823529411764705,0.06666666666666667,0.6,0.26666666666666666,0.6666666666666666,0.2,0.0,0.2857142857142857,0.42857142857142855,0.6318644323671498,0.40665282133234787,0.5093376068376069,0.41870456249299814,NaN,NaN,NaN,NaN,6.066666666666666,6.318529063303384,1.616295233426792,0.8216477645446051,3.666666666666667,0.4,0.638989463713289,4.0,6.0,1.6222222222222222,0.7103037005319961,0.05714285714285714,0.0
152,1,28.0,54.0,1.9285714285714286,0.07142857142857142,0.48148148148148145,0.07407407407407407,0.14285714285714285,0.6428571428571429,0.35714285714285715,0.6428571428571429,0.25,0.0,0.42857142857142855,0.42857142857142855,0.6477702191987907,0.39957010733888076,0.5079670329670329,0.44248536538710537,NaN,NaN,NaN,NaN,3.857142857142857,4.0923407418313476,1.6905226406887537,0.8093830396561557,3.488372093023256,0.2857142857142857,0.5686787057810344,3.0,5.0,1.4895833333333333,0.5618539174566674,0.0,0.0
153,1,34.0,65.0,1.911764705882353,0.057932263814616754,0.5151515151515151,0.18181818181818182,0.125,0.5625,0.25,0.5625,0.20588235294117646,0.0,0.2857142857142857,0.2857142857142857,0.5441964285714286,0.4194280098445702,0.446875,0.43721419235884834,NaN,NaN,NaN,NaN,4.0625,4.154816482108446,1.62459909960189,0.7400267951174268,3.235294117647059,0.3125,0.5296042448914813,3.0,4.0,1.3368421052631578,0.4970236159419705,0.0,0.0
154,1,28.0,37.0,1.3214285714285714,0.04894179894179894,0.48148148148148145,0.18518518518518517,0.21428571428571427,0.5,0.2857142857142857,0.5714285714285714,0.25,0.0,0.2857142857142857,0.2857142857142857,0.6757142857142858,0.4047404540749975,0.45476190476190476,0.44020336070843297,NaN,NaN,NaN,NaN,2.642857142857143,1.864945569720998,1.6989795918367345,0.7932066028328445,3.571428571428571,0.35714285714285715,0.43482770099353146,4.0,5.0,1.5454545454545454,0.683471189687515,0.0,0.0
155,1,29.0,60.0,2.0689655172413794,0.07389162561576355,0.5,0.07142857142857142,0.14285714285714285,0.7142857142857143,0.42857142857142855,0.5714285714285714,0.2413793103448276,0.0,0.5714285714285714,0.42857142857142855,0.6076107298814721,0.47508291789730983,0.5071428571428571,0.48112733915619094,NaN,NaN,NaN,NaN,4.285714285714286,6.2932023330253415,1.618572292800968,0.7244930570970122,3.105263157894737,0.14285714285714285,0.5737856041291655,3.0,5.0,1.4711538461538463,0.5738091216950139,0.06896551724137931,0.0
156,1,33.0,66.0,2.0,0.0625,0.5,0.15625,0.0625,0.5625,0.25,0.625,0.21212121212121213,0.0,0.2857142857142857,0.2857142857142857,0.5555803571428571,0.4203292469941686,0.44895833333333335,0.41524061520824107,NaN,NaN,NaN,NaN,4.125,3.2223180062391936,1.6487968487968487,0.7522326917810971,3.4864864864864864,0.4375,0.4781309839993672,3.0,4.0,1.3980582524271845,0.5302571670803266,0.0,0.0
157,1,28.0,64.0,2.2857142857142856,0.08465608465608465,0.4444444444444444,0.037037037037037035,0.13333333333333333,0.6666666666666666,0.3333333333333333,0.6,0.25,0.0,0.42857142857142855,0.2857142857142857,0.6058201058201058,0.4126205029228028,0.4955555555555556,0.44843053764206003,NaN,NaN,NaN,NaN,4.266666666666667,5.077494695315041,1.6873299319727892,0.7291631277519647,3.333333333333333,0.26666666666666666,0.4707188477935321,3.0,6.0,1.4,0.5114083119567588,0.0,0.0
158,1,29.0,45.0,1.5517241379310345,0.05541871921182266,0.5357142857142857,0.21428571428571427,0.07692307692307693,0.5384615384615384,0.38461538461538464,0.7692307692307693,0.2413793103448276,0.0,0.42857142857142855,0.14285714285714285,0.8187645687645687,0.36694180472573434,0.6182706182706182,0.40241994731634645,NaN,NaN,NaN,NaN,3.4615384615384617,3.5264567820827515,1.6302217578079647,0.787362728665264,3.466666666666667,0.38461538461538464,0.5891228840482252,3.0,5.0,1.6,0.6935073041809877,0.0,0.0
159,1,29.0,79.0,2.7241379310344827,0.09729064039408868,0.42857142857142855,0.07142857142857142,0.0625,0.625,0.25,0.5625,0.2413793103448276,0.0,0.2857142857142857,0.42857142857142855,0.4700294492199937,0.41492564688782524,0.38616452991452993,0.4148628168059992,NaN,NaN,NaN,NaN,4.9375,6.826114072686841,1.718706425475787,0.7336916442534286,3.225,0.375,0.6086995895866336,2.0,6.0,1.3304347826086957,0.4724282017376836,0.06896551724137931,0.0
16,1,32.0,66.0,2.0625,0.06653225806451613,0.5161290322580645,0.0967741935483871,0.13333333333333333,0.6,0.26666666666666666,0.5333333333333333,0.21875,0.0,0.2857142857142857,0.42857142857142855,0.5472404518558365,0.4236553708695723,0.42770053475935826,0.4424792303098829,NaN,NaN,NaN,NaN,4.4,4.910629869404302,1.6523309891107079,0.7944945107532201,3.4482758620689653,0.3333333333333333,0.5806094062680166,3.0,6.0,1.540983606557377,0.6447184148446342,0.0625,0.0
160,1,30.0,57.0,1.9,0.06551724137931035,0.4827586206896552,0.13793103448275862,0.13333333333333333,0.6666666666666666,0.3333333333333333,0.5333333333333333,0.23333333333333334,0.0,0.42857142857142855,0.42857142857142855,0.546565934065934,0.4750486782206062,0.4374542124542124,0.46100519188182215,NaN,NaN,NaN,NaN,3.8,4.828486896977738,1.6297364672364671,0.6991233973255361,3.0,0.2,0.4851407949595824,2.0,5.0,1.24,0.42995914325068707,0.0,0.0
161,1,31.0,53.0,1.7096774193548387,0.05698924731182796,0.5,0.1,0.06666666666666667,0.6666666666666666,0.3333333333333333,0.6,0.22580645161290322,0.0,0.42857142857142855,0.2857142857142857,0.5831578947368422,0.44219118391726353,0.49333333333333335,0.45898438608156017,NaN,NaN,NaN,NaN,3.533333333333333,4.882427187178037,1.5979595357204466,0.6966606753611201,3.3636363636363633,0.3333333333333333,0.5059770409178062,3.0,4.0,1.379746835443038,0.5616778314728669,0.0,0.0
162,1,32.0,59.0,1.84375,0.059475806451612906,0.5161290322580645,0.12903225806451613,0.13333333333333333,0.6,0.26666666666666666,0.6,0.21875,0.0,0.2857142857142857,0.42857142857142855,0.6162962962962963,0.41063607618721404,0.46,0.4319023993215163,NaN,NaN,NaN,NaN,3.933333333333333,3.2396354880199243,1.655317283163265,0.8023883076005723,3.63265306122449,0.3333333333333333,0.5206331280097196,4.0,6.0,1.542857142857143,0.7209578488235078,0.0,0.0
163,1,27.0,41.0,1.5185185185185186,0.0584045584045584,0.46153846153846156,0.23076923076923078,0.14285714285714285,0.6428571428571429,0.35714285714285715,0.6428571428571429,0.25925925925925924,0.0,0.42857142857142855,0.2857142857142857,0.5998376623376623,0.4310189899833108,0.48538961038961037,0.44868467448018734,NaN,NaN,NaN,NaN,2.9285714285714284,2.6736401493753132,1.7063627730294397,0.7991911561107575,3.7333333333333334,0.21428571428571427,0.4515928274962143,3.0,5.0,1.4545454545454546,0.6368629409805578,0.0,0.0
164,1,33.0,67.0,2.0303030303030303,0.0634469696969697,0.5,0.09375,0.0625,0.625,0.25,0.625,0.21212121212121213,0.0,0.2857142857142857,0.42857142857142855,0.6085034013605443,0.4310116545992922,0.47872023809523806,0.42857625107516023,NaN,NaN,NaN,NaN,4.1875,3.745552918684592,1.6713349159989475,0.8118120112385548,3.581818181818182,0.375,0.5544281392541203,3.0,6.0,1.532258064516129,0.6173044454640833,0.0,0.0
165,1,35.0,80.0,2.2857142857142856,0.06722689075630252,0.5294117647058824,0.11764705882352941,0.0625,0.625,0.25,0.5625,0.2,0.0,0.2857142857142857,0.42857142857142855,0.5219649465460526,0.4432439849408336,0.428125,0.42555111326372996,NaN,NaN,NaN,NaN,5.0,6.397916327472041,1.5720841063698205,0.6823631467185848,3.018181818181818,0.3125,0.5221891975537649,3.0,4.0,1.2352941176470589,0.44890340728709804,0.0,0.0
166,1,28.0,50.0,1.7857142857142858,0.06613756613756613,0.48148148148148145,0.3333333333333333,0.14285714285714285,0.5714285714285714,0.35714285714285715,0.6428571428571429,0.25,0.0,0.42857142857142855,0.2857142857142857,0.7210317460317459,0.3979958014652809,0.5541950113378685,0.4489078412699249,NaN,NaN,NaN,NaN,3.5714285714285716,3.567250303143126,1.6819453937874993,0.7776734617304084,3.263157894736842,0.35714285714285715,0.5931769359430679,3.0,5.0,1.4642857142857142,0.5900056885865965,0.0,0.0
167,1,29.0,62.0,2.1379310344827585,0.07635467980295567,0.5,0.03571428571428571,0.07142857142857142,0.5,0.2857142857142857,0.7142857142857143,0.2413793103448276,0.0,0.2857142857142857,0.42857142857142855,0.7055374149659864,0.39797202442754276,0.5503401360544217,0.41253456810144706,NaN,NaN,NaN,NaN,4.428571428571429,6.65309974851845,1.6583030510976986,0.7528024934314012,3.074626865671642,0.42857142857142855,0.6097487032409248,2.0,5.0,1.2682926829268293,0.445797398698714,0.0,0.0
168,1,30.0,61.0,2.033333333333333,0.07011494252873564,0.5172413793103449,0.13793103448275862,0.07142857142857142,0.5,0.2857142857142857,0.7142857142857143,0.23333333333333334,0.0,0.2857142857142857,0.42857142857142855,0.7099925137519122,0.4005240579257888,0.5350340136054422,0.40342856080472417,NaN,NaN,NaN,NaN,4.357142857142857,4.781489031947826,1.6586988229635289,0.7836329443304719,3.2941176470588234,0.42857142857142855,0.5894625448008751,3.0,5.0,1.4554455445544554,0.5920262236632348,0.06666666666666667,0.0
169,1,31.0,50.0,1.6129032258064515,0.053763440860215055,0.5,0.2,0.13333333333333333,0.6666666666666666,0.3333333333333333,0.5333333333333333,0.22580645161290322,0.0,0.42857142857142855,0.42857142857142855,0.5500000000000002,0.43214631887487776,0.45811965811965816,0.465274527253701,NaN,NaN,NaN,NaN,3.3333333333333335,3.618734322278729,1.5916341722793335,0.675991171592849,3.071428571428571,0.26666666666666666,0.42093243993345913,2.0,4.0,1.3287671232876712,0.4730161648796401,0.0,0.0
17,1,27.0,43.0,1.5925925925925926,0.06125356125356125,0.46153846153846156,0.15384615384615385,0.07142857142857142,0.6428571428571429,0.35714285714285715,0.6428571428571429,0.25925925925925924,0.0,0.42857142857142855,0.42857142857142855,0.6224489795918366,0.43219718251628714,0.5303571428571429,0.4465873344069973,NaN,NaN,NaN,NaN,3.0714285714285716,2.4640269015229057,1.6651182695300344,0.7309714114990276,3.4117647058823533,0.35714285714285715,0.47401753288135007,3.0,6.0,1.5066666666666666,0.644589400700551,0.0,0.0
170,1,31.0,50.0,1.6129032258064515,0.053763440860215055,0.4666666666666667,0.23333333333333334,0.125,0.625,0.25,0.5625,0.22580645161290322,0.0,0.2857142857142857,0.2857142857142857,0.5026620370370369,0.4375168525070882,0.39288194444444446,0.4189590872877538,NaN,NaN,NaN,NaN,3.125,2.80178514522438,1.6764976958525344,0.7321717614466021,3.0,0.1875,0.4688106478883676,3.0,5.0,1.3333333333333333,0.5307448924342754,0.0,0.0
171,1,34.0,87.0,2.5588235294117645,0.07754010695187166,0.5454545454545454,0.12121212121212122,0.06666666666666667,0.5333333333333333,0.26666666666666666,0.6666666666666666,0.20588235294117646,0.0,0.2857142857142857,0.2857142857142857,0.6077833632088951,0.3979409153237505,0.5168831168831168,0.4108156682929314,NaN,NaN,NaN,NaN,5.8,6.526867548832287,1.582312466455689,0.7163986563287472,3.2,0.4666666666666667,0.5561068983823129,3.0,4.0,1.2314814814814814,0.46577202480732116,0.058823529411764705,0.0
172,1,26.0,31.0,1.1923076923076923,0.047692307692307694,0.48,0.32,0.15384615384615385,0.6923076923076923,0.46153846153846156,0.6153846153846154,0.2692307692307692,0.0,0.5714285714285714,0.2857142857142857,0.6564102564102564,0.46415686512384524,0.5435897435897435,0.4798504040390195,NaN,NaN,NaN,NaN,2.3846153846153846,1.8946618668626836,1.65758547008547,0.7840515059660286,3.875,0.23076923076923078,0.32130774427940173,4.0,5.0,1.6111111111111112,0.8106988987302965,0.0,0.0
173,1,31.0,55.0,1.7741935483870968,0.05913978494623656,0.5,0.23333333333333334,0.13333333333333333,0.6,0.26666666666666666,0.6,0.22580645161290322,0.0,0.2857142857142857,0.42857142857142855,0.5803086419753086,0.4252338618751534,0.47888888888888886,0.4349998479595915,NaN,NaN,NaN,NaN,3.6666666666666665,3.538899479189756,1.657226062467998,0.7702600075086169,3.2857142857142856,0.3333333333333333,0.5869062741761312,4.0,6.0,1.5473684210526315,0.7404487002592182,0.0,0.0
174,1,32.0,59.0,1.84375,0.059475806451612906,0.4838709677419355,0.1935483870967742,0.0625,0.625,0.25,0.625,0.21875,0.0,0.2857142857142857,0.14285714285714285,0.5595176091269841,0.4171989426918184,0.4637896825396825,0.4229319208513127,NaN,NaN,NaN,NaN,3.6875,3.6827299656640586,1.682521082790824,0.7842199901354959,3.533333333333333,0.375,0.5728272174114647,4.0,5.0,1.5408163265306123,0.7484467400004453,0.0,0.0
175,1,29.0,53.0,1.8275862068965518,0.06527093596059114,0.5,0.14285714285714285,0.07142857142857142,0.6428571428571429,0.35714285714285715,0.7142857142857143,0.2413793103448276,0.0,0.42857142857142855,0.42857142857142855,0.7357142857142855,0.40640476764530603,0.5782467532467532,0.4223424015754974,NaN,NaN,NaN,NaN,3.7857142857142856,4.543441112511215,1.6556650246305418,0.821358424933787,4.214285714285714,0.35714285714285715,0.41744835495451904,4.0,5.0,1.7373737373737375,0.9212442626948265,0.0,0.0
176,1,29.0,56.0,1.9310344827586208,0.06896551724137931,0.5,0.17857142857142858,0.07142857142857142,0.6428571428571429,0.35714285714285715,0.7142857142857143,0.2413793103448276,0.0,0.42857142857142855,0.2857142857142857,0.7217261904761905,0.40133155833292217,0.5601648351648352,0.4214266014252564,NaN,NaN,NaN,NaN,4.0,4.095025124371127,1.6505017615031492,0.7766156620452842,3.625,0.35714285714285715,0.46006619672862337,3.0,4.0,1.4574468085106382,0.5986524943305584,0.0,0.0
177,1,31.0,76.0,2.4516129032258065,0.08172043010752689,0.5,0.06666666666666667,0.06666666666666667,0.6,0.26666666666666666,0.6,0.22580645161290322,0.0,0.2857142857142857,0.42857142857142855,0.5340453717502898,0.4180658471628492,0.4469734943419154,0.4224927274727079,NaN,NaN,NaN,NaN,5.066666666666666,6.169819014093255,1.6317024584599145,0.7329440063926607,3.2888888888888888,0.4,0.6188489037878758,3.0,6.0,1.3846153846153846,0.5226945083618327,0.06451612903225806,0.0
178,1,27.0,47.0,1.7407407407407407,0.06695156695156695,0.38461538461538464,0.15384615384615385,0.125,0.5625,0.25,0.5625,0.25925925925925924,0.0,0.2857142857142857,0.2857142857142857,0.5358072916666666,0.44555792294890945,0.39151785714285714,0.42348745453632963,NaN,NaN,NaN,NaN,2.9375,2.79210195611359,1.8726668393335062,0.8923764632024916,3.9696969696969697,0.375,0.5481398293497111,4.0,6.0,1.683673469387755,0.7405339223943123,0.0,0.0
179,1,28.0,91.0,3.25,0.12037037037037036,0.48148148148148145,0.037037037037037035,0.07142857142857142,0.5,0.2857142857142857,0.7142857142857143,0.25,0.0,0.2857142857142857,0.42857142857142855,0.6429589799991852,0.37722003843772944,0.5113265306122449,0.4039955761593227,NaN,NaN,NaN,NaN,6.5,7.377199802301475,1.6992010124600259,0.7866792874341045,3.338461538461538,0.5,0.6248052998001001,3.0,8.0,1.3900709219858156,0.5314810794292557,0.07142857142857142,0.0
18,1,29.0,58.0,2.0,0.07142857142857142,0.4642857142857143,0.07142857142857142,0.13333333333333333,0.6,0.26666666666666666,0.5333333333333333,0.2413793103448276,0.0,0.2857142857142857,0.42857142857142855,0.49255617977528093,0.44108677377537314,0.4037037037037037,0.432103804455375,NaN,NaN,NaN,NaN,3.8666666666666667,4.611579628139002,1.7198873997536335,0.8049223762493584,3.4,0.3333333333333333,0.6614910010731323,4.0,6.0,1.5892857142857142,0.6916955460625206,0.06896551724137931,0.0
180,1,26.0,38.0,1.4615384615384615,0.05846153846153846,0.4,0.24,0.13333333333333333,0.6666666666666666,0.3333333333333333,0.5333333333333333,0.2692307692307692,0.0,0.42857142857142855,0.42857142857142855,0.5351851851851852,0.4704057812775868,0.42037037037037034,0.4606263787363593,NaN,NaN,NaN,NaN,2.533333333333333,2.3864697976798483,1.7701465201465203,0.776028096006217,3.5,0.2,0.5140197310932004,3.0,4.0,1.4,0.5584482131582669,0.0,0.0
181,1,32.0,69.0,2.15625,0.06955645161290322,0.4838709677419355,0.0967741935483871,0.0625,0.625,0.25,0.625,0.21875,0.0,0.2857142857142857,0.42857142857142855,0.545419254658385,0.41047170397714183,0.4282738095238095,0.41161323291986046,NaN,NaN,NaN,NaN,4.3125,4.407852840858763,1.711391952614379,0.8526897296209359,3.783333333333333,0.375,0.6130334100232359,4.0,6.0,1.60431654676259,0.6875571653279354,0.0625,0.0
182,1,33.0,64.0,1.9393939393939394,0.06060606060606061,0.53125,0.1875,0.13333333333333333,0.5333333333333333,0.26666666666666666,0.6,0.21212121212121213,0.0,0.2857142857142857,0.2857142857142857,0.5642857142857144,0.4345952234904259,0.4982539682539683,0.4422170660258431,NaN,NaN,NaN,NaN,4.266666666666667,4.216746658379227,1.5973370064279158,0.7254518966632101,3.333333333333333,0.4,0.4914254259885902,3.0,5.0,1.2790697674418605,0.47653560550134505,0.0,0.0
183,1,30.0,44.0,1.4666666666666666,0.05057471264367816,0.4827586206896552,0.20689655172413793,0.06666666666666667,0.6666666666666666,0.3333333333333333,0.6666666666666666,0.23333333333333334,0.0,0.42857142857142855,0.2857142857142857,0.6221064814814814,0.4157162537457254,0.5403703703703704,0.4335188179879585,NaN,NaN,NaN,NaN,2.933333333333333,2.685055643655045,1.6111574074074075,0.6819832631043022,3.3125,0.3333333333333333,0.4365596168485826,3.0,5.0,1.4285714285714286,0.6036466134705398,0.0,0.0
184,1,30.0,64.0,2.1333333333333333,0.0735632183908046,0.5172413793103449,0.13793103448275862,0.07142857142857142,0.6428571428571429,0.35714285714285715,0.7142857142857143,0.23333333333333334,0.0,0.42857142857142855,0.2857142857142857,0.7080498866213152,0.3956996066298553,0.5555555555555556,0.43198343325836763,NaN,NaN,NaN,NaN,4.571428571428571,4.8312171696850195,1.6561375661375661,0.8135981730450675,3.533333333333333,0.35714285714285715,0.5841241704868916,3.0,5.0,1.6136363636363635,0.6496943177016801,0.06666666666666667,0.0
185,1,26.0,42.0,1.6153846153846154,0.06461538461538462,0.4,0.28,0.13333333333333333,0.6,0.26666666666666666,0.6,0.2692307692307692,0.0,0.2857142857142857,0.2857142857142857,0.5693121693121693,0.41596722599043484,0.44920634920634916,0.42208495202640817,NaN,NaN,NaN,NaN,2.8,2.704493615131253,1.7903733693207378,0.7892504641026152,3.333333333333333,0.26666666666666666,0.6521431824618917,3.0,5.0,1.309090909090909,0.5732534593175419,0.0,0.0
186,1,32.0,50.0,1.5625,0.05040322580645161,0.5161290322580645,0.1935483870967742,0.06666666666666667,0.7333333333333333,0.3333333333333333,0.6,0.21875,0.0,0.42857142857142855,0.2857142857142857,0.5315192743764172,0.46209791612646334,0.48253968253968255,0.44629514256979663,NaN,NaN,NaN,NaN,3.3333333333333335,3.903600291794133,1.5659722222222223,0.6620866420830815,3.0,0.13333333333333333,0.4539183011700037,3.0,4.0,1.3043478260869565,0.5231226328525248,0.0,0.0
187,1,27.0,31.0,1.1481481481481481,0.04415954415954416,0.46153846153846156,0.2692307692307692,0.14285714285714285,0.6428571428571429,0.2857142857142857,0.5714285714285714,0.0,0.0,NaN,NaN,0.5529100529100529,0.44241328025311966,0.4682539682539683,0.4448258436774605,NaN,NaN,NaN,NaN,2.2142857142857144,2.4235565546581275,1.6683501683501685,0.7285382992645796,3.333333333333333,0.2857142857142857,0.4622610079724344,3.0,4.0,1.4166666666666667,0.613095852883295,0.0,0.0
188,1,25.0,49.0,1.96,0.08166666666666667,0.4583333333333333,0.16666666666666666,0.15384615384615385,0.5384615384615384,0.3076923076923077,0.6153846153846154,0.28,0.0,0.2857142857142857,0.2857142857142857,0.5555719921104537,0.4242249530645382,0.4724852071005917,0.44738710316822455,NaN,NaN,NaN,NaN,3.769230769230769,4.0651741691643455,1.7063650075414778,0.7665574795640275,3.3,0.38461538461538464,0.5353675876569721,3.0,5.0,1.4102564102564104,0.545010364154937,0.0,0.0
189,1,32.0,60.0,1.875,0.06048387096774194,0.4838709677419355,0.0967741935483871,0.125,0.625,0.3125,0.5625,0.21875,0.0,0.42857142857142855,0.2857142857142857,0.5649846681096681,0.4611050744581726,0.4692640692640693,0.4541341367194477,NaN,NaN,NaN,NaN,3.75,4.479583313955291,1.6468915343915345,0.7226083036457583,3.2857142857142856,0.3125,0.5226427190293017,3.0,4.0,1.3604651162790697,0.5512080998652371,0.0,0.0
19,1,25.0,36.0,1.44,0.06,0.4166666666666667,0.2916666666666667,0.07142857142857142,0.6428571428571429,0.35714285714285715,0.6428571428571429,0.28,0.0,0.42857142857142855,0.2857142857142857,0.6266233766233766,0.44720598009144763,0.5162337662337663,0.44271569277985645,NaN,NaN,NaN,NaN,2.5714285714285716,2.9013070188420977,1.6895726495726495,0.6741917236510756,3.0,0.2857142857142857,0.4662038500214308,2.0,4.0,1.146341463414634,0.3578390427102735,0.0,0.0
190,1,29.0,46.0,1.5862068965517242,0.05665024630541872,0.42857142857142855,0.25,0.1875,0.625,0.25,0.5,0.2413793103448276,0.0,0.2857142857142857,0.2857142857142857,0.4821527777777777,0.4404207619207617,0.38958333333333334,0.44216952505672397,NaN,NaN,NaN,NaN,2.875,2.963668897386031,1.7542528735632181,0.7898718484322712,3.5,0.25,0.4706201981504184,3.0,4.0,1.4743589743589745,0.6184261333828661,0.0,0.0
191,1,32.0,58.0,1.8125,0.05846774193548387,0.5161290322580645,0.12903225806451613,0.06666666666666667,0.6,0.26666666666666666,0.6666666666666666,0.21875,0.0,0.2857142857142857,0.2857142857142857,0.6583644636015326,0.418849669553973,0.5104100529100529,0.4121586856611817,NaN,NaN,NaN,NaN,3.8666666666666667,5.040786030920555,1.663655563186813,0.8082629970255027,3.375,0.4,0.6893319796046841,4.0,6.0,1.6504065040650406,0.6893063731193294,0.0625,0.0
192,1,32.0,69.0,2.15625,0.06955645161290322,0.4838709677419355,0.0967741935483871,0.0625,0.625,0.3125,0.625,0.21875,0.0,0.42857142857142855,0.42857142857142855,0.5933673469387755,0.42818297101920294,0.4869791666666667,0.43211836231903866,NaN,NaN,NaN,NaN,4.3125,3.8595120589698038,1.6435734796117862,0.7191461842328158,3.4,0.375,0.4621469506099725,3.0,5.0,1.3796296296296295,0.5063631106839673,0.0,0.0
193,1,27.0,46.0,1.7037037037037037,0.06552706552706553,0.4230769230769231,0.19230769230769232,0.06666666666666667,0.7333333333333333,0.4,0.6,0.25925925925925924,0.0,0.5714285714285714,0.2857142857142857,0.5585185185185185,0.455177285202303,0.47965811965811966,0.46545294270979853,NaN,NaN,NaN,NaN,3.066666666666667,3.2396354880199247,1.6946084570883284,0.7119379954085219,3.217391304347826,0.26666666666666666,0.5164242507908902,3.0,6.0,1.380281690140845,0.5173061316114637,0.0,0.0
194,1,32.0,78.0,2.4375,0.07862903225806452,0.5483870967741935,0.0967741935483871,0.07142857142857142,0.5714285714285714,0.35714285714285715,0.7142857142857143,0.21875,0.0,0.42857142857142855,0.42857142857142855,0.7129994855084892,0.39913934455407213,0.5637755102040816,0.42975536363415595,NaN,NaN,NaN,NaN,5.571428571428571,5.301876093411662,1.615439415708812,0.7911518078618534,3.583333333333333,0.42857142857142855,0.5701432017298647,3.0,5.0,1.4523809523809523,0.6014268747855268,0.0,0.0
195,1,30.0,69.0,2.3,0.07931034482758621,0.4827586206896552,0.034482758620689655,0.06666666666666667,0.6,0.26666666666666666,0.6666666666666666,0.23333333333333334,0.0,0.2857142857142857,0.2857142857142857,0.6225769399682444,0.4116576888051142,0.49398148148148147,0.4066831962046745,NaN,NaN,NaN,NaN,4.6,6.759120821949721,1.7397898629148627,0.9001234448150011,4.357142857142858,0.3333333333333333,0.6179991893216175,4.0,6.0,1.753968253968254,0.9607206289989442,0.06666666666666667,0.0
196,1,27.0,61.0,2.259259259259259,0.0868945868945869,0.4230769230769231,0.07692307692307693,0.2,0.5333333333333333,0.26666666666666666,0.4666666666666667,0.25925925925925924,0.0,0.2857142857142857,0.2857142857142857,0.46900000000000003,0.4698639620753467,0.37523809523809526,0.44814052703676455,NaN,NaN,NaN,NaN,4.066666666666666,5.404583592611351,1.7582491582491584,0.7706605816437936,3.2727272727272725,0.3333333333333333,0.5383377414062913,3.0,4.0,1.2597402597402598,0.4974301697249205,0.0,0.0
197,1,35.0,81.0,2.3142857142857145,0.0680672268907563,0.5294117647058824,0.11764705882352941,0.0625,0.625,0.25,0.625,0.2,0.0,0.2857142857142857,0.42857142857142855,0.5322225228475228,0.4040192957008932,0.43657106782106786,0.40488429005723153,NaN,NaN,NaN,NaN,5.0625,4.567548576643712,1.6121516559321438,0.7571686775267792,3.6341463414634143,0.375,0.4768655825259672,3.0,5.0,1.5320512820512822,0.5948149269757649,0.0,0.0
198,1,32.0,79.0,2.46875,0.07963709677419355,0.4838709677419355,0.06451612903225806,0.125,0.5625,0.25,0.5625,0.21875,0.0,0.2857142857142857,0.2857142857142857,0.5723675870811288,0.42292341925295734,0.4087436868686869,0.4261775139128796,NaN,NaN,NaN,NaN,4.9375,5.650589939702462,1.7250392114797863,0.8374778767653553,3.62,0.375,0.6104849494478406,4.0,6.0,1.5244755244755244,0.6261009214442587,0.0,0.0
199,1,25.0,29.0,1.16,0.04833333333333333,0.4583333333333333,0.3333333333333333,0.15384615384615385,0.6923076923076923,0.46153846153846156,0.6153846153846154,0.28,0.0,0.5714285714285714,0.2857142857142857,0.6634615384615384,0.46599081095815176,0.5705128205128205,0.48094014056160755,NaN,NaN,NaN,NaN,2.230769230769231,1.9215378456610457,1.6313333333333335,0.6836097002107432,3.2,0.23076923076923078,0.27549030779323824,3.0,4.0,1.2820512820512822,0.5103516820842348,0.0,0.0
2,1,29.0,60.0,2.0689655172413794,0.07389162561576355,0.5,0.07142857142857142,0.14285714285714285,0.5714285714285714,0.35714285714285715,0.6428571428571429,0.2413793103448276,0.0,0.42857142857142855,0.42857142857142855,0.7240641711229948,0.40103757009731617,0.5351370851370851,0.44990887039534566,NaN,NaN,NaN,NaN,4.285714285714286,5.060078616424413,1.6604327617611958,0.7799165613599959,3.5,0.35714285714285715,0.5589830813664708,3.0,4.0,1.3908045977011494,0.5975983297328948,0.0,0.0
20,1,32.0,62.0,1.9375,0.0625,0.4838709677419355,0.12903225806451613,0.125,0.5625,0.25,0.5625,0.21875,0.0,0.2857142857142857,0.42857142857142855,0.5151407785336357,0.4348141236975418,0.43576388888888884,0.4302978619514627,NaN,NaN,NaN,NaN,3.875,3.930648801406709,1.695751096491228,0.7890847029330456,3.5,0.3125,0.6073628189650089,3.0,6.0,1.5339805825242718,0.6975522185890322,0.0,0.0
200,1,28.0,46.0,1.6428571428571428,0.06084656084656084,0.4444444444444444,0.25925925925925924,0.06666666666666667,0.6666666666666666,0.3333333333333333,0.6666666666666666,0.25,0.0,0.42857142857142855,0.2857142857142857,0.6425396825396825,0.41986321629474205,0.5256998556998557,0.44064522675619794,NaN,NaN,NaN,NaN,3.066666666666667,2.914659173083209,1.6653036214485795,0.6956533163528037,3.125,0.3333333333333333,0.42410996987479394,3.0,4.0,1.4027777777777777,0.5479725042506334,0.0,0.0
201,1,31.0,62.0,2.0,0.06666666666666667,0.4666666666666667,0.13333333333333333,0.125,0.5625,0.25,0.5625,0.22580645161290322,0.0,0.2857142857142857,0.2857142857142857,0.5168560066476733,0.4317564625253647,0.41479700854700857,0.42657327840897674,NaN,NaN,NaN,NaN,3.875,3.8622100754188224,1.714270343481011,0.7871315886027518,3.4347826086956523,0.375,0.5406074166574746,4.0,5.0,1.490566037735849,0.6361383949285299,0.0,0.0
202,1,28.0,47.0,1.6785714285714286,0.062169312169312166,0.4074074074074074,0.18518518518518517,0.125,0.625,0.25,0.5,0.25,0.0,0.2857142857142857,0.42857142857142855,0.45937500000000003,0.4533402266632767,0.3791666666666667,0.43557114484573267,NaN,NaN,NaN,NaN,2.9375,3.4345062721348074,1.7429621848739496,0.7414458735434873,3.3529411764705883,0.25,0.5303796633671258,3.0,5.0,1.4578313253012047,0.5477493823237294,0.0,0.0
203,1,29.0,43.0,1.4827586206896552,0.05295566502463054,0.4642857142857143,0.25,0.06666666666666667,0.6,0.3333333333333333,0.6666666666666666,0.2413793103448276,0.0,0.42857142857142855,0.14285714285714285,0.6279761904761905,0.41412153923086403,0.5161904761904762,0.42737474651094726,NaN,NaN,NaN,NaN,2.8666666666666667,2.386469797679848,1.687192118226601,0.7635209298471572,3.642857142857143,0.3333333333333333,0.49504220445206343,3.0,5.0,1.4583333333333333,0.5798858556938621,0.0,0.0
204,1,34.0,78.0,2.2941176470588234,0.06951871657754011,0.5454545454545454,0.09090909090909091,0.06666666666666667,0.6,0.26666666666666666,0.6666666666666666,0.20588235294117646,0.0,0.2857142857142857,0.42857142857142855,0.6355586302317536,0.41664371988571736,0.5196581196581197,0.4168671444068343,NaN,NaN,NaN,NaN,5.2,4.475329197787737,1.7102369703840952,0.9760845106621671,4.159090909090909,0.3333333333333333,0.8266726268811222,5.0,8.0,1.8444444444444446,0.9443878465532933,0.11764705882352941,0.0
205,1,27.0,65.0,2.4074074074074074,0.09259259259259259,0.5,0.038461538461538464,0.07692307692307693,0.5384615384615384,0.3076923076923077,0.6923076923076923,0.25925925925925924,0.0,0.2857142857142857,0.42857142857142855,0.6532587727853999,0.41458912262747827,0.514792899408284,0.41730215029884904,NaN,NaN,NaN,NaN,5.0,6.531972647421808,1.6674531674531674,0.7848454328299878,3.378378378378378,0.46153846153846156,0.6296053113546648,3.0,7.0,1.4608695652173913,0.5345428694957559,0.07407407407407407,0.0
206,1,29.0,39.0,1.3448275862068966,0.0480295566502463,0.5,0.21428571428571427,0.07142857142857142,0.6428571428571429,0.35714285714285715,0.6428571428571429,0.2413793103448276,0.0,0.42857142857142855,0.2857142857142857,0.608843537414966,0.4346738699905916,0.5127551020408163,0.44422138832787866,NaN,NaN,NaN,NaN,2.7857142857142856,2.1547290184283363,1.6268115942028987,0.7400698876817947,3.333333333333333,0.35714285714285715,0.4756222675249042,3.0,5.0,1.4852941176470589,0.6106675344054421,0.0,0.0
207,1,28.0,46.0,1.6428571428571428,0.06084656084656084,0.48148148148148145,0.14814814814814814,0.07142857142857142,0.5714285714285714,0.2857142857142857,0.6428571428571429,0.25,0.0,0.2857142857142857,0.2857142857142857,0.5933916423712342,0.4163791490684014,0.4913265306122449,0.43174810388401885,NaN,NaN,NaN,NaN,3.2857142857142856,2.4939487203589854,1.6431067588325654,0.7116865417474321,3.290322580645161,0.42857142857142855,0.4599362406131305,3.0,5.0,1.3888888888888888,0.5188165176916921,0.0,0.0
208,1,30.0,66.0,2.2,0.07586206896551724,0.4827586206896552,0.06896551724137931,0.06666666666666667,0.6666666666666666,0.3333333333333333,0.6,0.23333333333333334,0.0,0.42857142857142855,0.42857142857142855,0.5591025641025641,0.43374800885790377,0.4718606701940036,0.44474652878397153,NaN,NaN,NaN,NaN,4.4,6.936446187658758,1.614627244340359,0.6750502906327092,3.0,0.26666666666666666,0.5515339422049721,3.0,6.0,1.3663366336633664,0.5044357694935545,0.0,0.0
209,1,26.0,49.0,1.8846153846153846,0.07538461538461538,0.4,0.04,0.13333333333333333,0.6666666666666666,0.3333333333333333,0.5333333333333333,0.2692307692307692,0.0,0.42857142857142855,0.2857142857142857,0.5483333333333333,0.4829657880025793,0.4476190476190476,0.46935571220610367,NaN,NaN,NaN,NaN,3.2666666666666666,5.338093114140863,1.7244047619047616,0.7087948676444357,3.142857142857143,0.26666666666666666,0.5500734160372013,3.0,5.0,1.253968253968254,0.47411220831434897,0.0,0.0
21,1,32.0,53.0,1.65625,0.05342741935483871,0.5161290322580645,0.12903225806451613,0.13333333333333333,0.6,0.3333333333333333,0.6,0.21875,0.0,0.42857142857142855,0.42857142857142855,0.6743145743145742,0.4266445525649736,0.4838624338624339,0.4477838251360113,NaN,NaN,NaN,NaN,3.533333333333333,3.6619016657365075,1.6677923387096776,0.8254886193314475,3.583333333333333,0.3333333333333333,0.6404701481023284,3.0,4.0,1.5918367346938775,0.6710007097247243,0.0,0.0
210,1,34.0,95.0,2.7941176470588234,0.08467023172905526,0.5151515151515151,0.030303030303030304,0.0625,0.625,0.25,0.5625,0.20588235294117646,0.0,0.2857142857142857,0.2857142857142857,0.5522823769493177,0.45048834146693484,0.449047880116959,0.4360051254614188,NaN,NaN,NaN,NaN,5.9375,7.1224410609471995,1.6231862690001255,0.744474569286441,3.4390243902439024,0.375,0.5498373298839987,3.0,5.0,1.3877551020408163,0.5420531692042201,0.0,0.0
211,1,27.0,37.0,1.3703703703703705,0.05270655270655271,0.46153846153846156,0.3076923076923077,0.21428571428571427,0.6428571428571429,0.35714285714285715,0.5714285714285714,0.25925925925925924,0.0,0.42857142857142855,0.42857142857142855,0.6910714285714287,0.41319663121080263,0.4785714285714286,0.4770559899869381,NaN,NaN,NaN,NaN,2.642857142857143,2.0232168923292906,1.6823361823361822,0.7436265832312531,3.0,0.14285714285714285,0.26833415033123437,2.0,3.0,1.3333333333333333,0.4758309514308865,0.0,0.0
212,1,29.0,44.0,1.5172413793103448,0.054187192118226604,0.4642857142857143,0.32142857142857145,0.13333333333333333,0.6666666666666666,0.4,0.6,0.2413793103448276,0.0,0.5714285714285714,0.14285714285714285,0.6474074074074074,0.4221275304566497,0.5074074074074074,0.46522200171096306,NaN,NaN,NaN,NaN,2.933333333333333,2.9632671801497046,1.671072796934866,0.7468413487771446,3.6,0.26666666666666666,0.438887030441824,3.0,4.0,1.4861111111111112,0.6498765983740613,0.0,0.0
213,1,32.0,49.0,1.53125,0.04939516129032258,0.4838709677419355,0.16129032258064516,0.0625,0.625,0.25,0.625,0.21875,0.0,0.2857142857142857,0.2857142857142857,0.5179398148148148,0.41313705639443077,0.44070512820512825,0.4215363039851621,NaN,NaN,NaN,NaN,3.0625,3.04343555870664,1.6608554712207464,0.758701871863997,3.5882352941176467,0.375,0.4897697987809942,4.0,5.0,1.5348837209302326,0.68078975624084,0.0,0.0
214,1,30.0,60.0,2.0,0.06896551724137931,0.4827586206896552,0.13793103448275862,0.06666666666666667,0.6666666666666666,0.3333333333333333,0.6666666666666666,0.23333333333333334,0.0,0.42857142857142855,0.42857142857142855,0.6550641025641026,0.4226346190540353,0.5099067599067599,0.4324904001550415,NaN,NaN,NaN,NaN,4.0,4.191828786034631,1.6541214146477303,0.7413008841134949,3.166666666666667,0.26666666666666666,0.5368326783030645,2.0,5.0,1.358695652173913,0.4822457022551119,0.0,0.0
215,1,30.0,53.0,1.7666666666666666,0.06091954022988506,0.4482758620689655,0.20689655172413793,0.0625,0.6875,0.3125,0.625,0.23333333333333334,0.0,0.42857142857142855,0.42857142857142855,0.579183201058201,0.4237154149207529,0.486656746031746,0.43942643571322393,NaN,NaN,NaN,NaN,3.3125,3.824809363441094,1.7000108225108226,0.7732842177337341,3.75,0.3125,0.5000758763825657,3.0,5.0,1.6464646464646464,0.7734514656109593,0.0,0.0
216,1,30.0,52.0,1.7333333333333334,0.059770114942528735,0.4827586206896552,0.1724137931034483,0.13333333333333333,0.6,0.26666666666666666,0.6,0.23333333333333334,0.0,0.2857142857142857,0.2857142857142857,0.5516137566137566,0.39138088909390384,0.44703703703703707,0.42539983612612225,NaN,NaN,NaN,NaN,3.466666666666667,4.3237990350197935,1.6934188034188034,0.8013318628784952,3.6153846153846154,0.3333333333333333,0.6146579242500234,4.0,6.0,1.5604395604395604,0.7334665213717243,0.0,0.0
217,1,31.0,61.0,1.967741935483871,0.06559139784946237,0.5333333333333333,0.13333333333333333,0.07142857142857142,0.5,0.2857142857142857,0.7142857142857143,0.22580645161290322,0.0,0.2857142857142857,0.42857142857142855,0.7302721088435373,0.4016433081689328,0.5448412698412698,0.40922682225133455,NaN,NaN,NaN,NaN,4.357142857142857,3.8949107397127434,1.697328302266882,0.8929812643344537,3.947368421052632,0.42857142857142855,0.6223283475100698,4.0,6.0,1.8088235294117647,0.8564760348410695,0.0,0.0
218,1,28.0,53.0,1.8928571428571428,0.0701058201058201,0.4074074074074074,0.2222222222222222,0.0625,0.5625,0.25,0.625,0.25,0.0,0.2857142857142857,0.42857142857142855,0.5878718707133058,0.4264914395313823,0.4576388888888889,0.41373971957688027,NaN,NaN,NaN,NaN,3.3125,3.0269621735330623,1.8331923678562332,0.8595210444720154,3.666666666666667,0.4375,0.6454299041381107,5.0,6.0,1.6862745098039216,0.8440870885206,0.0,0.0
219,1,28.0,60.0,2.142857142857143,0.07936507936507936,0.48148148148148145,0.037037037037037035,0.07142857142857142,0.6428571428571429,0.35714285714285715,0.7142857142857143,0.25,0.0,0.42857142857142855,0.42857142857142855,0.6878441852931648,0.3929851186785538,0.5277056277056278,0.43003555024675455,NaN,NaN,NaN,NaN,4.285714285714286,5.608078944750105,1.698038568574283,0.8194209164486677,3.4871794871794872,0.35714285714285715,0.6449731330956983,4.0,6.0,1.5585585585585586,0.6562245276051717,0.0,0.0
22,1,29.0,55.0,1.896551724137931,0.06773399014778325,0.42857142857142855,0.10714285714285714,0.125,0.625,0.25,0.5625,0.2413793103448276,0.0,0.2857142857142857,0.42857142857142855,0.5372023809523809,0.4124353748135352,0.4125,0.4237181103481854,NaN,NaN,NaN,NaN,3.4375,3.8638279809881118,1.763757673947703,0.8053806525022926,3.526315789473684,0.3125,0.5478960084487663,3.0,6.0,1.49,0.5594911107696914,0.0,0.0
220,1,27.0,51.0,1.8888888888888888,0.07264957264957266,0.46153846153846156,0.15384615384615385,0.14285714285714285,0.5714285714285714,0.35714285714285715,0.6428571428571429,0.25925925925925924,0.0,0.42857142857142855,0.14285714285714285,0.6261742792355038,0.42780824129335904,0.5357142857142857,0.45257370098466265,NaN,NaN,NaN,NaN,3.642857142857143,3.4330328116279762,1.69722827402566,0.7634035212048788,3.3529411764705883,0.35714285714285715,0.4913990131351735,3.0,5.0,1.3974358974358974,0.5661385170722979,0.0,0.0
221,1,33.0,54.0,1.6363636363636365,0.05113636363636364,0.53125,0.125,0.06666666666666667,0.5333333333333333,0.26666666666666666,0.6666666666666666,0.21212121212121213,0.0,0.2857142857142857,0.42857142857142855,0.6644444444444445,0.4272559175103594,0.5142857142857142,0.42150254933152015,NaN,NaN,NaN,NaN,3.6,2.3543273227945902,1.616200280315113,0.7554301480642672,3.6315789473684212,0.4666666666666667,0.4813556864132556,3.0,5.0,1.55,0.6415731927193978,0.0,0.0
222,1,33.0,62.0,1.878787878787879,0.058712121212121215,0.53125,0.125,0.06666666666666667,0.6,0.26666666666666666,0.6666666666666666,0.21212121212121213,0.0,0.2857142857142857,0.2857142857142857,0.6142361111111111,0.41304446140805195,0.47777777777777775,0.4136397993398164,NaN,NaN,NaN,NaN,4.133333333333334,4.501851470969102,1.6002217599620197,0.7295717000317724,3.2244897959183674,0.3333333333333333,0.5328377034616507,2.0,4.0,1.3608247422680413,0.48273455029457973,0.0,0.0
223,1,26.0,45.0,1.7307692307692308,0.06923076923076923,0.48,0.24,0.07692307692307693,0.6153846153846154,0.38461538461538464,0.6923076923076923,0.2692307692307692,0.0,0.42857142857142855,0.2857142857142857,0.6758241758241758,0.4100977039091481,0.5930402930402929,0.43642978543382527,NaN,NaN,NaN,NaN,3.4615384615384617,3.7774635364528364,1.6207302501420149,0.6910460193270442,3.3636363636363633,0.38461538461538464,0.4149860340468743,3.0,5.0,1.271186440677966,0.519632113717078,0.0,0.0
224,1,26.0,38.0,1.4615384615384615,0.05846153846153846,0.44,0.16,0.21428571428571427,0.5714285714285714,0.35714285714285715,0.5714285714285714,0.2692307692307692,0.0,0.42857142857142855,0.14285714285714285,0.6795162509448224,0.4153593099693706,0.5059523809523809,0.46966104994080765,NaN,NaN,NaN,NaN,2.7142857142857144,2.7295694624884432,1.743836291913215,0.8058841803841263,3.666666666666667,0.2857142857142857,0.533576350984787,3.0,5.0,1.536231884057971,0.6319835753852249,0.0,0.0
225,1,30.0,48.0,1.6,0.05517241379310345,0.4482758620689655,0.10344827586206896,0.125,0.625,0.25,0.5625,0.23333333333333334,0.0,0.2857142857142857,0.14285714285714285,0.5503571428571429,0.40938239529592785,0.4140625,0.4356956841267385,NaN,NaN,NaN,NaN,3.0,2.503331114069145,1.7125925925925927,0.7738583969333978,3.6,0.25,0.4423510094374173,3.0,5.0,1.5113636363636365,0.6063707409201866,0.0,0.0
226,1,31.0,71.0,2.2903225806451615,0.07634408602150537,0.5,0.06666666666666667,0.06666666666666667,0.6,0.26666666666666666,0.6,0.22580645161290322,0.0,0.2857142857142857,0.42857142857142855,0.5563801399825022,0.4293466257615707,0.45331699346405224,0.43268023860446814,NaN,NaN,NaN,NaN,4.733333333333333,5.311263861786929,1.6490044603616105,0.7677274805750561,3.357142857142857,0.4,0.6452308323531413,4.0,7.0,1.512,0.6427762365882708,0.06451612903225806,0.0
227,1,31.0,66.0,2.129032258064516,0.07096774193548387,0.4666666666666667,0.1,0.0625,0.5625,0.25,0.625,0.22580645161290322,0.0,0.2857142857142857,0.42857142857142855,0.566084455667789,0.4156975124158339,0.44659090909090904,0.41003911808430066,NaN,NaN,NaN,NaN,4.125,3.9644251369734134,1.728283947371328,0.8201957357499248,3.6511627906976747,0.4375,0.6590662039607692,3.0,6.0,1.5241935483870968,0.5768390128860101,0.0,0.0
228,1,27.0,54.0,2.0,0.07692307692307693,0.46153846153846156,0.11538461538461539,0.14285714285714285,0.5714285714285714,0.35714285714285715,0.6428571428571429,0.25925925925925924,0.0,0.42857142857142855,0.42857142857142855,0.7155004859086491,0.3968850007031618,0.5105442176870748,0.4456749089217958,NaN,NaN,NaN,NaN,3.857142857142857,4.312007258041966,1.7342012647568206,0.8169704395840577,3.5135135135135136,0.35714285714285715,0.597552340649977,3.0,5.0,1.4367816091954022,0.5434846529847357,0.0,0.0
229,1,33.0,100.0,3.0303030303030303,0.0946969696969697,0.53125,0.03125,0.06666666666666667,0.6,0.26666666666666666,0.6666666666666666,0.21212121212121213,0.0,0.2857142857142857,0.42857142857142855,0.6155384942628241,0.4056587718751655,0.5029383833305403,0.4084878497032976,NaN,NaN,NaN,NaN,6.666666666666667,7.752111847441192,1.6125151279696734,0.7537226747461797,3.4038461538461537,0.4,0.5745332574638956,4.0,6.0,1.375,0.5496838344728674,0.0,0.0
23,1,29.0,44.0,1.5172413793103448,0.054187192118226604,0.5357142857142857,0.2857142857142857,0.15384615384615385,0.6153846153846154,0.38461538461538464,0.6153846153846154,0.2413793103448276,0.0,0.42857142857142855,0.2857142857142857,0.6495726495726495,0.4605779019869174,0.5512820512820512,0.468372949019496,NaN,NaN,NaN,NaN,3.3846153846153846,2.6311740579210876,1.5562923666371944,0.6787035099726841,3.0769230769230766,0.3076923076923077,0.2961694240895281,3.0,4.0,1.2950819672131149,0.49478151053712477,0.0,0.0
230,1,34.0,57.0,1.6764705882352942,0.05080213903743316,0.5454545454545454,0.21212121212121213,0.06666666666666667,0.6666666666666666,0.3333333333333333,0.6,0.20588235294117646,0.0,0.42857142857142855,0.2857142857142857,0.6034432234432234,0.4520053184255094,0.5152380952380952,0.45575256274111314,NaN,NaN,NaN,NaN,3.8,3.629246281451366,1.5326055912561103,0.6541235009916709,3.111111111111111,0.3333333333333333,0.45390743019837426,3.0,4.0,1.2857142857142858,0.4827863986971021,0.0,0.0
231,1,32.0,72.0,2.25,0.07258064516129033,0.5806451612903226,0.12903225806451613,0.07692307692307693,0.6153846153846154,0.38461538461538464,0.6923076923076923,0.21875,0.0,0.42857142857142855,0.42857142857142855,0.7129191321499013,0.41418797223155623,0.5968864468864469,0.43576132174710813,NaN,NaN,NaN,NaN,5.538461538461538,5.651185489425863,1.559602011078938,0.7607607422999566,3.344827586206897,0.3076923076923077,0.5658683940239283,3.0,5.0,1.4754098360655739,0.6059364005861876,0.0,0.0
232,1,29.0,64.0,2.206896551724138,0.07881773399014778,0.4642857142857143,0.03571428571428571,0.06666666666666667,0.6,0.3333333333333333,0.6666666666666666,0.2413793103448276,0.0,0.42857142857142855,0.2857142857142857,0.6128730158730158,0.41622161330101626,0.5061660561660563,0.43400996790198104,NaN,NaN,NaN,NaN,4.266666666666667,6.261750858148527,1.6576522826157545,0.7017856781781051,3.0625,0.4,0.5443054588454903,3.0,5.0,1.375,0.5281546822864043,0.0,0.0
233,1,35.0,79.0,2.257142857142857,0.06638655462184874,0.5294117647058824,0.11764705882352941,0.0625,0.625,0.25,0.5625,0.2,0.0,0.2857142857142857,0.42857142857142855,0.5136574074074074,0.4290043742042961,0.43881944444444443,0.43182367014646783,NaN,NaN,NaN,NaN,4.9375,6.647994685116207,1.5738948332369387,0.6885385092662202,3.25,0.375,0.5090681350778025,3.0,5.0,1.336283185840708,0.5279782779119825,0.0,0.0
234,1,33.0,57.0,1.7272727272727273,0.05397727272727273,0.5,0.15625,0.0625,0.6875,0.3125,0.625,0.21212121212121213,0.0,0.42857142857142855,0.42857142857142855,0.5888310185185185,0.4381544235563643,0.46594551282051283,0.4316961864079801,NaN,NaN,NaN,NaN,3.5625,3.9994791327538306,1.6046007864189682,0.6941344105440018,3.1538461538461537,0.25,0.48047276582011844,3.0,5.0,1.3563218390804597,0.5052517561331661,0.0,0.0
235,1,34.0,69.0,2.0294117647058822,0.06149732620320856,0.5151515151515151,0.15151515151515152,0.0625,0.5625,0.25,0.625,0.20588235294117646,0.0,0.2857142857142857,0.2857142857142857,0.5552777777777778,0.4120832309536802,0.45089285714285715,0.4222164413615475,NaN,NaN,NaN,NaN,4.3125,4.3927022814360335,1.6363428742537738,0.7623360970880823,3.6470588235294117,0.4375,0.4996039141383821,4.0,5.0,1.5806451612903225,0.7224256137311097,0.0,0.0
236,1,26.0,34.0,1.3076923076923077,0.052307692307692305,0.48,0.24,0.07692307692307693,0.5384615384615384,0.3076923076923077,0.7692307692307693,0.2692307692307692,0.0,0.2857142857142857,0.2857142857142857,0.7533577533577535,0.37014861140476474,0.5436507936507936,0.3898392986352108,NaN,NaN,NaN,NaN,2.6153846153846154,2.5993095730232394,1.675058275058275,0.7695811450396854,3.666666666666667,0.46153846153846156,0.4603524438448548,3.0,4.0,1.4038461538461537,0.602596193105882,0.0,0.0
237,1,30.0,64.0,2.1333333333333333,0.0735632183908046,0.4827586206896552,0.06896551724137931,0.06666666666666667,0.6,0.26666666666666666,0.6,0.23333333333333334,0.0,0.2857142857142857,0.42857142857142855,0.5211640211640212,0.4247823881300567,0.44550264550264546,0.4280763356252773,NaN,NaN,NaN,NaN,4.266666666666667,6.017434985899208,1.6400477261750424,0.7083464540388316,3.129032258064516,0.4,0.534257766199244,3.0,5.0,1.4504504504504505,0.5349382077949623,0.0,0.0
238,1,33.0,79.0,2.393939393939394,0.07481060606060606,0.5625,0.0625,0.07142857142857142,0.5714285714285714,0.35714285714285715,0.7142857142857143,0.21212121212121213,0.0,0.42857142857142855,0.2857142857142857,0.7199079241071429,0.3989124071621673,0.5869222689075632,0.419729268994136,NaN,NaN,NaN,NaN,5.642857142857143,5.400956366267892,1.5494365537843797,0.7012993489025139,3.166666666666667,0.42857142857142855,0.5357085458215072,3.0,5.0,1.3706896551724137,0.5521526634166867,0.0,0.0
239,1,26.0,43.0,1.6538461538461537,0.06615384615384616,0.52,0.08,0.08333333333333333,0.5833333333333334,0.4166666666666667,0.75,0.2692307692307692,0.0,0.42857142857142855,0.42857142857142855,0.7634920634920636,0.37305302077776203,0.5888888888888889,0.4202772854116632,NaN,NaN,NaN,NaN,3.5833333333333335,2.937479851639476,1.6201978749125152,0.756568538492549,3.32258064516129,0.4166666666666667,0.5110375037590769,2.0,4.0,1.3970588235294117,0.4929262571578128,0.0,0.0
24,1,38.0,105.0,2.763157894736842,0.07467994310099574,0.5675675675675675,0.08108108108108109,0.0625,0.625,0.25,0.5625,0.18421052631578946,0.0,0.2857142857142857,0.42857142857142855,0.5103370423252951,0.4278448105766603,0.4348497969421882,0.431111444254077,NaN,NaN,NaN,NaN,6.5625,7.2200530930642515,1.5970742461762053,0.8016781513672961,3.540983606557377,0.375,0.6572246723522492,3.0,8.0,1.5458937198067633,0.5883744665784986,0.05263157894736842,0.0
240,1,28.0,67.0,2.392857142857143,0.08862433862433862,0.4444444444444444,0.037037037037037035,0.13333333333333333,0.6,0.26666666666666666,0.6,0.25,0.0,0.2857142857142857,0.42857142857142855,0.5926104944901937,0.41327568238347784,0.4746449456975773,0.43119846742244405,NaN,NaN,NaN,NaN,4.466666666666667,4.969430359230129,1.7437122071050644,0.7940763046095058,3.325,0.26666666666666666,0.5909923212091514,3.0,5.0,1.3725490196078431,0.5250472610024339,0.0,0.0
241,1,32.0,50.0,1.5625,0.05040322580645161,0.5161290322580645,0.25806451612903225,0.13333333333333333,0.7333333333333333,0.4,0.6,0.21875,0.0,0.5714285714285714,0.14285714285714285,0.5740740740740742,0.4246236489401774,0.5037037037037037,0.4631322441836529,NaN,NaN,NaN,NaN,3.3333333333333335,3.5388994791897552,1.5845716783216783,0.7012556913101056,3.3636363636363633,0.2,0.4547301553582098,3.0,5.0,1.3142857142857143,0.5259320819891333,0.0,0.0
242,1,30.0,56.0,1.8666666666666667,0.06436781609195402,0.5172413793103449,0.06896551724137931,0.21428571428571427,0.5714285714285714,0.2857142857142857,0.5714285714285714,0.23333333333333334,0.0,0.2857142857142857,0.42857142857142855,0.6267857142857143,0.38382857118317154,0.43095238095238103,0.44384957136674363,NaN,NaN,NaN,NaN,4.0,4.624350266212042,1.6929227053140097,0.8648175759105903,3.7333333333333334,0.2857142857142857,0.6165349742536663,4.0,6.0,1.7033898305084745,0.7658225233901096,0.0,0.0
243,1,32.0,63.0,1.96875,0.06350806451612903,0.4838709677419355,0.16129032258064516,0.0625,0.625,0.25,0.625,0.21875,0.0,0.2857142857142857,0.42857142857142855,0.5364862351190477,0.40724766741142915,0.42046130952380956,0.40638777534670895,NaN,NaN,NaN,NaN,3.9375,3.5677957714346076,1.6663347069597072,0.7632274383308214,3.5384615384615383,0.375,0.5175602509094228,3.0,5.0,1.509090909090909,0.6460246046590286,0.0,0.0
244,1,29.0,47.0,1.6206896551724137,0.05788177339901478,0.4642857142857143,0.25,0.13333333333333333,0.6666666666666666,0.3333333333333333,0.6,0.2413793103448276,0.0,0.42857142857142855,0.2857142857142857,0.6143162393162392,0.41001249521843375,0.46923076923076923,0.45215974630566724,NaN,NaN,NaN,NaN,3.1333333333333333,3.3565855667130946,1.6658197217180883,0.7283780519879662,3.3,0.26666666666666666,0.46555399092472555,4.0,5.0,1.4936708860759493,0.676973235874381,0.0,0.0
245,1,36.0,93.0,2.5833333333333335,0.07380952380952381,0.5428571428571428,0.08571428571428572,0.0625,0.625,0.25,0.625,0.19444444444444445,0.0,0.2857142857142857,0.2857142857142857,0.6039315590366581,0.4324611374221766,0.49880736714975843,0.4243636251670368,NaN,NaN,NaN,NaN,5.8125,7.138802420574476,1.5535827494160828,0.6755009327906474,3.0555555555555554,0.3125,0.5155113628555628,3.0,4.0,1.3106060606060606,0.480657561009244,0.0,0.0
246,1,30.0,44.0,1.4666666666666666,0.05057471264367816,0.4827586206896552,0.1724137931034483,0.06666666666666667,0.6666666666666666,0.3333333333333333,0.6666666666666666,0.23333333333333334,0.0,0.42857142857142855,0.42857142857142855,0.623641975308642,0.41793030998815267,0.5203418803418802,0.42536120669723204,NaN,NaN,NaN,NaN,2.933333333333333,3.150207854064478,1.6303842940685047,0.7134080326660193,3.4210526315789473,0.3333333333333333,0.5216672203809383,3.0,5.0,1.486842105263158,0.5998537833535009,0.0,0.0
247,1,26.0,45.0,1.7307692307692308,0.06923076923076923,0.4,0.16,0.06666666666666667,0.6666666666666666,0.3333333333333333,0.6666666666666666,0.2692307692307692,0.0,0.42857142857142855,0.42857142857142855,0.5810119047619048,0.403721310813723,0.47190476190476194,0.4280989459026887,NaN,NaN,NaN,NaN,3.0,2.699206232527312,1.7555944055944057,0.7684614002290645,3.7333333333333334,0.3333333333333333,0.40148193635679685,3.0,5.0,1.5731707317073171,0.7032637810945889,0.0,0.0
248,1,25.0,51.0,2.04,0.085,0.4166666666666667,0.08333333333333333,0.07142857142857142,0.7142857142857143,0.35714285714285715,0.7142857142857143,0.28,0.0,0.42857142857142855,0.2857142857142857,0.6647836912542795,0.3948466457765732,0.5348739495798319,0.4211992338415698,NaN,NaN,NaN,NaN,3.642857142857143,4.6178107176643595,1.7153846153846155,0.7364614674894042,3.3846153846153846,0.21428571428571427,0.4910718131791286,3.0,5.0,1.4444444444444444,0.6324555320336759,0.0,0.0
249,1,29.0,83.0,2.8620689655172415,0.1022167487684729,0.5,0.03571428571428571,0.14285714285714285,0.5714285714285714,0.2857142857142857,0.5714285714285714,0.2413793103448276,0.0,0.2857142857142857,0.42857142857142855,0.6014605842336935,0.4173482862336528,0.473639455782313,0.44948413585801805,NaN,NaN,NaN,NaN,5.928571428571429,6.533514612122115,1.648062594943934,0.7580381379012753,3.372549019607843,0.42857142857142855,0.5021614828950027,3.0,6.0,1.4087591240875912,0.5080925188670259,0.0,0.0
25,1,28.0,85.0,3.0357142857142856,0.11243386243386243,0.48148148148148145,0.037037037037037035,0.07142857142857142,0.5714285714285714,0.2857142857142857,0.6428571428571429,0.25,0.0,0.2857142857142857,0.42857142857142855,0.5922966577935522,0.4116992880208776,0.4825680272108843,0.4255022394211467,NaN,NaN,NaN,NaN,6.071428571428571,7.640623068776583,1.6882151922682769,0.8008141667909282,3.8,0.35714285714285715,0.5624111299201514,3.0,6.0,1.4809160305343512,0.7054855942286292,0.0,0.0
250,1,24.0,45.0,1.875,0.08152173913043478,0.43478260869565216,0.043478260869565216,0.07692307692307693,0.7692307692307693,0.5384615384615384,0.7692307692307693,0.2916666666666667,0.0,0.7142857142857143,0.2857142857142857,0.75989010989011,0.3736809748622031,0.6483516483516484,0.430018923074309,NaN,NaN,NaN,NaN,3.4615384615384617,5.562004803656452,1.6475799663299664,0.6698294703153704,3.1363636363636367,0.23076923076923078,0.4722844244811815,2.0,5.0,1.3125,0.46717659215115676,0.0,0.0
251,1,33.0,77.0,2.3333333333333335,0.07291666666666667,0.5,0.09375,0.0625,0.5625,0.25,0.625,0.21212121212121213,0.0,0.2857142857142857,0.2857142857142857,0.5564918154761904,0.41446723879524766,0.46319253663003657,0.41170030674777486,NaN,NaN,NaN,NaN,4.8125,5.088794880257342,1.6559461864300575,0.7620249149327568,3.4102564102564106,0.4375,0.6045400609456892,3.0,7.0,1.4848484848484849,0.5987881972051475,0.0,0.0
252,1,21.0,37.0,1.7619047619047619,0.0880952380952381,0.35,0.1,0.23076923076923078,0.46153846153846156,0.3076923076923077,0.6153846153846154,0.3333333333333333,0.0,0.2857142857142857,0.42857142857142855,0.697396449704142,0.35749422947599163,0.44398422090729783,0.4328650761806824,NaN,NaN,NaN,NaN,2.8461538461538463,3.3873823188944843,1.9001322751322751,0.8180263040377062,3.333333333333333,0.46153846153846156,0.5760871779703198,3.0,5.0,1.5147058823529411,0.5596546658784399,0.0,0.0
253,1,23.0,25.0,1.0869565217391304,0.04940711462450593,0.45454545454545453,0.3181818181818182,0.16666666666666666,0.6666666666666666,0.5833333333333334,0.75,0.30434782608695654,0.0,0.7142857142857143,0.14285714285714285,0.8472222222222222,0.29694006242573723,0.6666666666666666,0.44381268229929727,NaN,NaN,NaN,NaN,2.0833333333333335,1.4433756729740645,1.6793478260869565,0.7431754722867916,3.125,0.16666666666666666,0.4742318350061848,2.0,4.0,1.3142857142857143,0.47100821595360554,0.0,0.0
254,1,28.0,59.0,2.107142857142857,0.07804232804232804,0.48148148148148145,0.1111111111111111,0.07142857142857142,0.5714285714285714,0.2857142857142857,0.6428571428571429,0.25,0.0,0.2857142857142857,0.42857142857142855,0.6439995189995189,0.43408240615590615,0.4841269841269841,0.42655145091708885,NaN,NaN,NaN,NaN,4.214285714285714,3.964817804109064,1.6772526308816629,0.772422548995058,3.4516129032258065,0.42857142857142855,0.4934736918816072,3.0,5.0,1.4257425742574257,0.5166533587128869,0.07142857142857142,0.0
255,1,27.0,40.0,1.4814814814814814,0.05698005698005698,0.46153846153846156,0.23076923076923078,0.2857142857142857,0.5714285714285714,0.35714285714285715,0.5,0.25925925925925924,0.0,0.42857142857142855,0.2857142857142857,0.7123015873015872,0.4159690945414346,0.43673469387755104,0.4803751244059327,NaN,NaN,NaN,NaN,2.857142857142857,2.7416206003901262,1.7296296296296296,0.8018319480629796,3.2,0.14285714285714285,0.5059644256269408,2.0,4.0,1.40625,0.495014830625995,0.0,0.0
256,1,29.0,39.0,1.3448275862068966,0.0480295566502463,0.5,0.2857142857142857,0.14285714285714285,0.6428571428571429,0.35714285714285715,0.6428571428571429,0.2413793103448276,0.0,0.42857142857142855,0.2857142857142857,0.6568027210884354,0.44707216332997024,0.5244897959183674,0.4508644608463526,NaN,NaN,NaN,NaN,2.7857142857142856,2.4235565546581275,1.6657305816788577,0.7967454105929104,3.590909090909091,0.21428571428571427,0.5961098350059283,3.0,4.0,1.4516129032258065,0.6187618349214563,0.0,0.0
257,1,28.0,52.0,1.8571428571428572,0.06878306878306878,0.4444444444444444,0.1111111111111111,0.13333333333333333,0.5333333333333333,0.26666666666666666,0.6,0.25,0.0,0.2857142857142857,0.2857142857142857,0.5827777777777778,0.39923019043781066,0.4350700280112045,0.4226164518751844,NaN,NaN,NaN,NaN,3.466666666666667,4.3402874603066595,1.8265406162464988,0.9341891031888856,3.833333333333333,0.4666666666666667,0.759031084395829,3.0,6.0,1.607843137254902,0.6623818817937837,0.0,0.0
258,1,22.0,23.0,1.0454545454545454,0.049783549783549784,0.38095238095238093,0.38095238095238093,0.23076923076923078,0.6153846153846154,0.38461538461538464,0.5384615384615384,0.3181818181818182,0.0,0.42857142857142855,0.42857142857142855,0.5737179487179487,0.43572850547597924,0.4560439560439561,0.47696822932393107,NaN,NaN,NaN,NaN,1.7692307692307692,1.6908501882113505,1.8159090909090911,0.8019895444687726,3.25,0.23076923076923078,0.5625060386149298,3.0,5.0,1.5813953488372092,0.6630577845799996,0.0,0.0
259,1,26.0,69.0,2.6538461538461537,0.10615384615384615,0.44,0.12,0.14285714285714285,0.5,0.2857142857142857,0.6428571428571429,0.2692307692307692,0.0,0.2857142857142857,0.42857142857142855,0.5892827964519141,0.4127372775898725,0.5061674669867947,0.42450307037381313,NaN,NaN,NaN,NaN,4.928571428571429,5.837073630804101,1.753590871688698,0.78798568465545,3.2800000000000002,0.42857142857142855,0.6222885054035512,3.0,6.0,1.4782608695652173,0.6261526366091342,0.0,0.0
26,1,27.0,49.0,1.8148148148148149,0.0698005698005698,0.46153846153846156,0.11538461538461539,0.14285714285714285,0.5,0.2857142857142857,0.6428571428571429,0.25925925925925924,0.0,0.2857142857142857,0.2857142857142857,0.6892857142857143,0.38489687501408004,0.4988095238095238,0.4276982863840165,NaN,NaN,NaN,NaN,3.5,5.080127194046652,1.7744734931009438,0.8826573331787733,3.9333333333333336,0.42857142857142855,0.6991436927514879,3.0,5.0,1.5432098765432098,0.7079792143143997,0.0,0.0
260,1,32.0,59.0,1.84375,0.059475806451612906,0.4838709677419355,0.12903225806451613,0.125,0.625,0.25,0.5,0.21875,0.0,0.2857142857142857,0.42857142857142855,0.5355087476979742,0.4580953796877046,0.39615384615384613,0.4411299816941792,NaN,NaN,NaN,NaN,3.6875,4.174825345648206,1.669497569019448,0.7649943992905577,3.236842105263158,0.25,0.6057020007028241,3.0,5.0,1.4123711340206186,0.5352681827751476,0.0625,0.0
261,1,31.0,49.0,1.5806451612903225,0.05268817204301075,0.5,0.3333333333333333,0.06666666666666667,0.6666666666666666,0.3333333333333333,0.6,0.22580645161290322,0.0,0.42857142857142855,0.14285714285714285,0.5555555555555556,0.4428294068802157,0.5,0.45752092501370556,NaN,NaN,NaN,NaN,3.2666666666666666,2.914659173083209,1.567741935483871,0.6350406152638173,3.1,0.3333333333333333,0.32212666696372866,3.0,4.0,1.2727272727272727,0.4818379729409381,0.0,0.0
262,1,30.0,60.0,2.0,0.06896551724137931,0.4482758620689655,0.10344827586206896,0.125,0.5625,0.25,0.5,0.23333333333333334,0.0,0.2857142857142857,0.2857142857142857,0.4440104166666667,0.4324739903196544,0.3828125,0.4365316664725863,NaN,NaN,NaN,NaN,3.75,3.9916579679793878,1.7199507168458783,0.7747841558402645,3.4193548387096775,0.375,0.5740329043213133,3.0,6.0,1.4848484848484849,0.6286304576769324,0.0,0.0
263,1,33.0,56.0,1.696969696969697,0.05303030303030303,0.53125,0.21875,0.06666666666666667,0.6,0.3333333333333333,0.6666666666666666,0.21212121212121213,0.0,0.42857142857142855,0.2857142857142857,0.6719047619047618,0.4344009704291824,0.5516666666666666,0.44203937553549405,NaN,NaN,NaN,NaN,3.7333333333333334,3.081434421700078,1.588292011019284,0.7078980262560846,3.25,0.4,0.45400581898804193,4.0,5.0,1.4782608695652173,0.6542886560876244,0.0,0.0
264,1,24.0,42.0,1.75,0.07608695652173914,0.43478260869565216,0.13043478260869565,0.15384615384615385,0.5384615384615384,0.3076923076923077,0.6923076923076923,0.2916666666666667,0.0,0.2857142857142857,0.42857142857142855,0.7382478632478632,0.37584978106914546,0.48110661268556004,0.41123492714663845,NaN,NaN,NaN,NaN,3.230769230769231,4.935481167928246,1.8022073412698412,0.859753821087096,3.5,0.3076923076923077,0.6775233703238256,3.0,5.0,1.3934426229508197,0.6131527412912752,0.0,0.0
265,1,28.0,56.0,2.0,0.07407407407407407,0.4444444444444444,0.07407407407407407,0.06666666666666667,0.6666666666666666,0.3333333333333333,0.6,0.25,0.0,0.42857142857142855,0.2857142857142857,0.5701164021164021,0.4400574196396136,0.48000000000000004,0.44514877782864054,NaN,NaN,NaN,NaN,3.7333333333333334,4.712698145385911,1.6535039980904642,0.6797043337325076,3.3200000000000003,0.3333333333333333,0.45527311950521565,3.0,5.0,1.3888888888888888,0.5126368152693855,0.0,0.0
266,1,33.0,56.0,1.696969696969697,0.05303030303030303,0.53125,0.28125,0.06666666666666667,0.6,0.3333333333333333,0.6666666666666666,0.21212121212121213,0.0,0.42857142857142855,0.2857142857142857,0.6669523809523809,0.4281906017744992,0.5466666666666666,0.43196670947567023,NaN,NaN,NaN,NaN,3.7333333333333334,3.7505555144093874,1.578099173553719,0.6974824253405265,3.2,0.3333333333333333,0.4974987075804522,2.0,4.0,1.2857142857142858,0.4547163041867237,0.0,0.0
267,1,29.0,72.0,2.4827586206896552,0.08866995073891626,0.4642857142857143,0.07142857142857142,0.13333333333333333,0.6,0.26666666666666666,0.6,0.2413793103448276,0.0,0.2857142857142857,0.42857142857142855,0.5967872634539302,0.4109318266753486,0.4571661998132586,0.4267507328388076,NaN,NaN,NaN,NaN,4.8,5.253570214625478,1.7323740676683603,0.822985036320913,3.4727272727272727,0.3333333333333333,0.642520393462787,3.0,7.0,1.4488188976377954,0.514992085273175,0.06896551724137931,0.0
268,1,33.0,63.0,1.9090909090909092,0.05965909090909091,0.5,0.25,0.0625,0.5625,0.25,0.625,0.21212121212121213,0.0,0.2857142857142857,0.2857142857142857,0.5934027777777777,0.42800724365048304,0.48422619047619053,0.41773140603599984,NaN,NaN,NaN,NaN,3.9375,4.281257603399574,1.6372331372331372,0.7324138821925031,3.5,0.4375,0.525634469246336,3.0,4.0,1.3777777777777778,0.6103559060784894,0.0,0.0
269,1,31.0,64.0,2.064516129032258,0.06881720430107527,0.4666666666666667,0.13333333333333333,0.125,0.625,0.25,0.5625,0.22580645161290322,0.0,0.2857142857142857,0.42857142857142855,0.5880557216905901,0.42037925075001725,0.4233616712235133,0.4296925386464742,NaN,NaN,NaN,NaN,4.0,4.9396356140913875,1.7353110599078343,0.847367976390734,3.833333333333333,0.3125,0.6083441010900716,4.0,5.0,1.5726495726495726,0.6987209905919396,0.0,0.0
27,1,26.0,39.0,1.5,0.06,0.44,0.32,0.07142857142857142,0.5714285714285714,0.2857142857142857,0.6428571428571429,0.2692307692307692,0.0,0.2857142857142857,0.14285714285714285,0.6142857142857142,0.4306056727694672,0.5034798534798535,0.4232383974237427,NaN,NaN,NaN,NaN,2.7857142857142856,3.3553303500909943,1.669079939668175,0.6984350734105707,3.5,0.42857142857142855,0.4281704810134555,3.0,4.0,1.1914893617021276,0.4490714028797273,0.0,0.0
270,1,30.0,50.0,1.6666666666666667,0.05747126436781609,0.4827586206896552,0.1724137931034483,0.13333333333333333,0.6,0.26666666666666666,0.6,0.23333333333333334,0.0,0.2857142857142857,0.42857142857142855,0.6384149184149184,0.4196365374837218,0.46350834350834347,0.4405392755345754,NaN,NaN,NaN,NaN,3.3333333333333335,3.6579984118302162,1.696946850822709,0.815674132807601,3.6739130434782608,0.26666666666666666,0.6519579858612207,4.0,5.0,1.5888888888888888,0.7327713202222945,0.06666666666666667,0.0
271,1,33.0,76.0,2.303030303030303,0.07196969696969698,0.53125,0.0625,0.13333333333333333,0.5333333333333333,0.26666666666666666,0.6,0.21212121212121213,0.0,0.2857142857142857,0.2857142857142857,0.5825990675990675,0.4376154031607075,0.47395493395493393,0.4303295330182473,NaN,NaN,NaN,NaN,5.066666666666666,4.920317450076144,1.628747568319761,0.7660372336535349,3.4222222222222225,0.4,0.5305555362226793,3.0,6.0,1.4251968503937007,0.5273426198593851,0.0,0.0
272,1,28.0,61.0,2.1785714285714284,0.08068783068783068,0.4444444444444444,0.1111111111111111,0.06666666666666667,0.6666666666666666,0.3333333333333333,0.6,0.25,0.0,0.42857142857142855,0.2857142857142857,0.5651851851851852,0.4385985410237072,0.4760942760942761,0.4472252742970168,NaN,NaN,NaN,NaN,4.066666666666666,4.920317450076144,1.6613636363636364,0.6855224850003662,3.1136363636363633,0.26666666666666666,0.5026917114702847,2.0,5.0,1.368421052631579,0.4849354328363279,0.0,0.0
273,1,32.0,79.0,2.46875,0.07963709677419355,0.4838709677419355,0.0967741935483871,0.0625,0.625,0.25,0.625,0.21875,0.0,0.2857142857142857,0.42857142857142855,0.5430374592833876,0.40875336728202327,0.45336438923395445,0.41539165542936574,NaN,NaN,NaN,NaN,4.9375,6.126105342439573,1.646589438641069,0.728541320620186,3.2857142857142856,0.375,0.5863073845922144,3.0,6.0,1.3888888888888888,0.5055250296034367,0.0625,0.0
274,1,33.0,64.0,1.9393939393939394,0.06060606060606061,0.53125,0.1875,0.06666666666666667,0.6,0.3333333333333333,0.6666666666666666,0.21212121212121213,0.0,0.42857142857142855,0.2857142857142857,0.684669651336318,0.4352236290228183,0.5724460724460724,0.43913819590727465,NaN,NaN,NaN,NaN,4.266666666666667,4.5586129887228175,1.5686805025040318,0.6802277176194196,3.125,0.4,0.5005260656378654,2.0,4.0,1.2758620689655173,0.4495386568579204,0.0,0.0
275,1,28.0,44.0,1.5714285714285714,0.0582010582010582,0.4074074074074074,0.18518518518518517,0.125,0.6875,0.3125,0.5625,0.25,0.0,0.42857142857142855,0.2857142857142857,0.5298032407407407,0.4261237086078677,0.4270833333333333,0.4429227421972772,NaN,NaN,NaN,NaN,2.75,2.9097537123726926,1.7227443609022557,0.7165446719626819,3.333333333333333,0.25,0.3922347747170675,3.0,5.0,1.3768115942028984,0.5173873641378188,0.0,0.0
276,1,28.0,39.0,1.3928571428571428,0.051587301587301584,0.48148148148148145,0.2962962962962963,0.14285714285714285,0.6428571428571429,0.35714285714285715,0.5714285714285714,0.21428571428571427,0.0,0.5,0.16666666666666666,0.6243386243386243,0.44153717761286926,0.4875283446712018,0.4722026169036821,NaN,NaN,NaN,NaN,2.7857142857142856,2.5473537227897873,1.6462585034013606,0.7214431022137854,3.0,0.21428571428571427,0.4973559216259988,3.0,4.0,1.3636363636363635,0.5888984180666024,0.0,0.0
277,1,33.0,75.0,2.272727272727273,0.07102272727272728,0.53125,0.09375,0.13333333333333333,0.5333333333333333,0.26666666666666666,0.6,0.21212121212121213,0.0,0.2857142857142857,0.2857142857142857,0.594783950617284,0.4451985215916494,0.4812301587301588,0.4372044136985819,NaN,NaN,NaN,NaN,5.0,5.756983337031396,1.6234929944607364,0.7577674224158506,3.2857142857142856,0.4,0.5463471840275547,3.0,5.0,1.396551724137931,0.5576240021162396,0.0,0.0
278,1,32.0,92.0,2.875,0.09274193548387097,0.4838709677419355,0.03225806451612903,0.0625,0.625,0.25,0.625,0.21875,0.0,0.2857142857142857,0.2857142857142857,0.5810516197325613,0.4182984287235903,0.4775267672858617,0.42172135703321045,NaN,NaN,NaN,NaN,5.75,6.658328118479393,1.6399177119528163,0.7132907979114549,3.258064516129032,0.375,0.5208182487658781,3.0,6.0,1.3405797101449275,0.4907372200550521,0.0625,0.0
279,1,28.0,45.0,1.6071428571428572,0.05952380952380952,0.4444444444444444,0.14814814814814814,0.13333333333333333,0.6666666666666666,0.3333333333333333,0.5333333333333333,0.25,0.0,0.42857142857142855,0.2857142857142857,0.5161904761904762,0.4605241394250656,0.4483333333333333,0.46179644041606943,NaN,NaN,NaN,NaN,3.0,3.116774889895918,1.6607142857142858,0.6887128551329623,3.2,0.26666666666666666,0.4403510995888291,2.0,5.0,1.328358208955224,0.4731602234073838,0.0,0.0
28,1,32.0,55.0,1.71875,0.055443548387096774,0.4838709677419355,0.1935483870967742,0.125,0.625,0.3125,0.5625,0.21875,0.0,0.42857142857142855,0.42857142857142855,0.6074862637362638,0.44444161940259286,0.4751717032967033,0.4553412308890096,NaN,NaN,NaN,NaN,3.4375,3.932238548206352,1.6339892746142746,0.7053037738935117,3.2222222222222223,0.3125,0.465475143278478,3.0,4.0,1.4408602150537635,0.5409807034933198,0.0,0.0
280,1,33.0,82.0,2.484848484848485,0.07765151515151515,0.53125,0.03125,0.06666666666666667,0.5333333333333333,0.26666666666666666,0.6666666666666666,0.21212121212121213,0.0,0.2857142857142857,0.42857142857142855,0.6633328514445781,0.4228280323464504,0.4960011138958507,0.41032054767293324,NaN,NaN,NaN,NaN,5.466666666666667,6.1628688434001555,1.6581266389321088,0.8263697211653941,3.6,0.4666666666666667,0.660963976515011,3.0,5.0,1.4666666666666666,0.6083989264712285,0.06060606060606061,0.0
281,1,31.0,65.0,2.096774193548387,0.06989247311827956,0.5,0.06666666666666667,0.13333333333333333,0.6,0.26666666666666666,0.5333333333333333,0.22580645161290322,0.0,0.2857142857142857,0.42857142857142855,0.5742361111111111,0.4338874812933186,0.42953703703703705,0.44831169263218507,NaN,NaN,NaN,NaN,4.333333333333333,5.485912694824636,1.6347926267281108,0.7394055643514326,3.25,0.4,0.5097425452017927,3.0,6.0,1.4587155963302751,0.6014197722387312,0.0,0.0
282,1,28.0,57.0,2.0357142857142856,0.07539682539682539,0.48148148148148145,0.14814814814814814,0.14285714285714285,0.6428571428571429,0.35714285714285715,0.6428571428571429,0.25,0.0,0.42857142857142855,0.2857142857142857,0.6245216836734694,0.4253631799759437,0.5441326530612244,0.44559946557230345,NaN,NaN,NaN,NaN,4.071428571428571,4.859000937424288,1.6209463330786862,0.6899587946240353,3.125,0.2857142857142857,0.48393799326107,2.0,4.0,1.1857142857142857,0.39168373602732465,0.0,0.0
283,1,27.0,58.0,2.1481481481481484,0.08262108262108261,0.46153846153846156,0.23076923076923078,0.14285714285714285,0.5714285714285714,0.35714285714285715,0.6428571428571429,0.25925925925925924,0.0,0.42857142857142855,0.2857142857142857,0.635617323852618,0.4291811747660153,0.5466894450087728,0.4458361421654237,NaN,NaN,NaN,NaN,4.142857142857143,5.020835708205479,1.7024691358024693,0.7833020138815767,3.75,0.35714285714285715,0.5524047321506578,4.0,5.0,1.355263157894737,0.6870991654469496,0.0,0.0
284,1,34.0,89.0,2.6176470588235294,0.07932263814616755,0.5454545454545454,0.06060606060606061,0.06666666666666667,0.6,0.3333333333333333,0.6666666666666666,0.20588235294117646,0.0,0.42857142857142855,0.2857142857142857,0.6477007233869977,0.41767883912002657,0.5365792377557084,0.43525770536196223,NaN,NaN,NaN,NaN,5.933333333333334,6.169819014093255,1.6025700306726522,0.771832908861737,3.56,0.4,0.5486355690180084,4.0,7.0,1.5222929936305734,0.6561932491812981,0.0,0.0
285,1,28.0,68.0,2.4285714285714284,0.08994708994708994,0.4444444444444444,0.037037037037037035,0.13333333333333333,0.6,0.26666666666666666,0.5333333333333333,0.25,0.0,0.2857142857142857,0.42857142857142855,0.49141887524240463,0.44289594037541347,0.42189743589743584,0.44207943146565065,NaN,NaN,NaN,NaN,4.533333333333333,6.588590426602933,1.7181426416720533,0.7641845684741687,3.333333333333333,0.3333333333333333,0.6110904719610591,3.0,6.0,1.346938775510204,0.5392251182685031,0.07142857142857142,0.0
286,1,31.0,57.0,1.8387096774193548,0.06129032258064516,0.5,0.2,0.06666666666666667,0.6666666666666666,0.4,0.6666666666666666,0.22580645161290322,0.0,0.5714285714285714,0.14285714285714285,0.6728303442589157,0.4277697624215054,0.5508080808080807,0.4453694542321483,NaN,NaN,NaN,NaN,3.8,4.394802124588286,1.6494307400379506,0.7801347727341474,3.666666666666667,0.26666666666666666,0.614044227013943,3.0,5.0,1.449438202247191,0.6217869401801147,0.0,0.0
287,1,30.0,52.0,1.7333333333333334,0.059770114942528735,0.4827586206896552,0.2413793103448276,0.13333333333333333,0.6,0.26666666666666666,0.5333333333333333,0.23333333333333334,0.0,0.2857142857142857,0.14285714285714285,0.5481308814642147,0.44020434579659135,0.4033152033152033,0.43556405745482096,NaN,NaN,NaN,NaN,3.466666666666667,4.1895561760622035,1.6547336106159636,0.7302654185047941,3.2727272727272725,0.3333333333333333,0.47245511916300514,3.0,4.0,1.4024390243902438,0.5634934266831211,0.0,0.0
288,1,30.0,59.0,1.9666666666666666,0.067816091954023,0.4482758620689655,0.20689655172413793,0.0625,0.5625,0.25,0.5625,0.23333333333333334,0.0,0.2857142857142857,0.42857142857142855,0.5209868421052632,0.4491412499639795,0.40493421052631584,0.419653239212927,NaN,NaN,NaN,NaN,3.6875,4.643543905251677,1.6876262626262626,0.70527378712477,3.0,0.375,0.5260991998699075,3.0,4.0,1.2875,0.4824449860418927,0.0,0.0
289,1,23.0,35.0,1.5217391304347827,0.0691699604743083,0.4090909090909091,0.18181818181818182,0.15384615384615385,0.6153846153846154,0.38461538461538464,0.6153846153846154,0.30434782608695654,0.0,0.42857142857142855,0.2857142857142857,0.6829212454212453,0.40525511097124006,0.5073260073260074,0.45936388114531773,NaN,NaN,NaN,NaN,2.6923076923076925,3.3262745773767026,1.7341535276317883,0.7428270520830288,3.25,0.38461538461538464,0.4070060009730729,3.0,4.0,1.5507246376811594,0.6072171789996501,0.0,0.0
29,1,31.0,71.0,2.2903225806451615,0.07634408602150537,0.5,0.13333333333333333,0.06666666666666667,0.6,0.26666666666666666,0.6,0.22580645161290322,0.0,0.2857142857142857,0.2857142857142857,0.5423280423280424,0.4228464801326801,0.4508994708994709,0.42937627737258227,NaN,NaN,NaN,NaN,4.733333333333333,5.586548470166871,1.6263595352861204,0.7184244293618101,3.1333333333333333,0.4,0.4984270971797172,3.0,5.0,1.4390243902439024,0.5301769185602202,0.0,0.0
290,1,24.0,37.0,1.5416666666666667,0.06702898550724638,0.391304347826087,0.08695652173913043,0.14285714285714285,0.6428571428571429,0.35714285714285715,0.5714285714285714,0.2916666666666667,0.0,0.42857142857142855,0.2857142857142857,0.5217857142857143,0.45291197626222934,0.43928571428571433,0.46167694808773424,NaN,NaN,NaN,NaN,2.642857142857143,2.734597224093884,1.7743055555555556,0.7694652633260182,3.5,0.21428571428571427,0.43428708470158917,3.0,5.0,1.4776119402985075,0.5602545134626485,0.0,0.0
291,1,29.0,43.0,1.4827586206896552,0.05295566502463054,0.42857142857142855,0.25,0.125,0.625,0.25,0.5,0.2413793103448276,0.0,0.2857142857142857,0.2857142857142857,0.4262581168831169,0.45475140471898357,0.39525162337662334,0.4400085300714886,NaN,NaN,NaN,NaN,2.6875,2.845317791272766,1.7347091605712297,0.7953793099461541,4.0,0.25,0.5204731663660636,3.0,5.0,1.3970588235294117,0.5501616012890427,0.0,0.0
292,1,27.0,40.0,1.4814814814814814,0.05698005698005698,0.46153846153846156,0.2692307692307692,0.07142857142857142,0.6428571428571429,0.35714285714285715,0.6428571428571429,0.25925925925925924,0.0,0.42857142857142855,0.14285714285714285,0.641108891108891,0.44603192644070233,0.5114885114885115,0.43971423610400145,NaN,NaN,NaN,NaN,2.857142857142857,3.919520042382404,1.644620811287478,0.6828531428507253,3.0,0.2857142857142857,0.45680313995101723,3.0,4.0,1.2777777777777777,0.49207556815988557,0.0,0.0
293,1,29.0,54.0,1.8620689655172413,0.0665024630541872,0.42857142857142855,0.21428571428571427,0.0625,0.625,0.25,0.5625,0.2413793103448276,0.0,0.2857142857142857,0.42857142857142855,0.5027232142857142,0.4315101009963785,0.4293650793650793,0.42811027511537264,NaN,NaN,NaN,NaN,3.375,3.0304015135511886,1.7054313502589364,0.7158028161443469,3.2,0.375,0.5311392551188263,3.0,4.0,1.2916666666666667,0.4875203137696193,0.0,0.0
294,1,27.0,62.0,2.2962962962962963,0.08831908831908832,0.4230769230769231,0.038461538461538464,0.2,0.6,0.26666666666666666,0.5333333333333333,0.25925925925925924,0.0,0.2857142857142857,0.2857142857142857,0.5799409237379163,0.4102461627189095,0.4052631578947369,0.4404021415705882,NaN,NaN,NaN,NaN,4.133333333333334,4.9115994873166855,1.7704773222420283,0.793360056175905,3.264705882352941,0.2,0.5398503707589202,2.0,5.0,1.3146067415730338,0.4669900139573145,0.0,0.0
295,1,33.0,67.0,2.0303030303030303,0.0634469696969697,0.5,0.15625,0.0625,0.6875,0.3125,0.625,0.21212121212121213,0.0,0.42857142857142855,0.42857142857142855,0.5858033932135728,0.4262619985064175,0.4976190476190477,0.4344012656077355,NaN,NaN,NaN,NaN,4.1875,4.277362894744066,1.6317326786985007,0.7491076107091228,3.5217391304347827,0.3125,0.5693551413049732,3.0,6.0,1.5163934426229508,0.6196987612278964,0.06060606060606061,0.0
296,1,27.0,35.0,1.2962962962962963,0.04985754985754986,0.5,0.3076923076923077,0.23076923076923078,0.5384615384615384,0.38461538461538464,0.6153846153846154,0.25925925925925924,0.0,0.42857142857142855,0.42857142857142855,0.7115384615384616,0.42846542577274666,0.5241758241758242,0.46082536923594986,NaN,NaN,NaN,NaN,2.6923076923076925,2.2130151145972543,1.6860670194003526,0.8090398531040132,3.5,0.3076923076923077,0.45969115170232494,3.0,4.0,1.3333333333333333,0.5586203877309281,0.0,0.0
297,1,30.0,58.0,1.9333333333333333,0.06666666666666667,0.4827586206896552,0.10344827586206896,0.13333333333333333,0.5333333333333333,0.26666666666666666,0.6,0.23333333333333334,0.0,0.2857142857142857,0.42857142857142855,0.5836569397680509,0.3995571573334302,0.4167480667480667,0.41751190803203425,NaN,NaN,NaN,NaN,3.8666666666666667,4.2403953095144775,1.7681560043878883,0.8997064463159166,3.769230769230769,0.4,0.7509133742008901,4.0,6.0,1.78125,0.8126703334477897,0.06666666666666667,0.0
298,1,31.0,53.0,1.7096774193548387,0.05698924731182796,0.5,0.3,0.2,0.6,0.26666666666666666,0.4666666666666667,0.22580645161290322,0.0,0.2857142857142857,0.2857142857142857,0.4769463869463869,0.43366109603271524,0.3952447552447553,0.4552057910037625,NaN,NaN,NaN,NaN,3.533333333333333,3.925496632214045,1.6639296187683283,0.7916940857805351,3.7272727272727275,0.26666666666666666,0.4784132102090486,3.0,4.0,1.471264367816092,0.6440980797003851,0.0,0.0
299,1,29.0,54.0,1.8620689655172413,0.0665024630541872,0.42857142857142855,0.10714285714285714,0.1875,0.625,0.25,0.5,0.2413793103448276,0.0,0.2857142857142857,0.42857142857142855,0.47936507936507944,0.414780259871624,0.3722985347985348,0.43076958118397946,NaN,NaN,NaN,NaN,3.375,3.4229616805723473,1.7478362699527978,0.7756435601272159,3.344827586206897,0.25,0.48709241551909116,2.0,5.0,1.353658536585366,0.48104698621955677,0.0,0.0
3,1,30.0,46.0,1.5333333333333334,0.052873563218390804,0.5172413793103449,0.27586206896551724,0.07142857142857142,0.6428571428571429,0.42857142857142855,0.7142857142857143,0.23333333333333334,0.0,0.5714285714285714,0.14285714285714285,0.7160714285714285,0.4072455983942336,0.5785714285714285,0.4345485215512965,NaN,NaN,NaN,NaN,3.2857142857142856,2.7295694624884437,1.599940476190476,0.7173175316886423,3.2857142857142856,0.2857142857142857,0.5045725750558306,3.0,4.0,1.4029850746268657,0.6290854712015597,0.0,0.0
30,1,30.0,54.0,1.8,0.06206896551724138,0.5517241379310345,0.20689655172413793,0.07692307692307693,0.6153846153846154,0.38461538461538464,0.7692307692307693,0.23333333333333334,0.0,0.42857142857142855,0.14285714285714285,0.7657509157509157,0.3682688768639138,0.6472096530920061,0.402873554380542,NaN,NaN,NaN,NaN,4.153846153846154,4.68768162041312,1.5552380952380953,0.7057194045937617,3.057142857142857,0.23076923076923078,0.5514696580790791,3.0,4.0,1.3246753246753247,0.5241925731305453,0.06666666666666667,0.0
300,1,29.0,64.0,2.206896551724138,0.07881773399014778,0.4642857142857143,0.03571428571428571,0.06666666666666667,0.6,0.3333333333333333,0.6666666666666666,0.2413793103448276,0.0,0.42857142857142855,0.42857142857142855,0.6078567937438905,0.4141967293585685,0.4820823620823621,0.43449777928190575,NaN,NaN,NaN,NaN,4.266666666666667,6.584252497617399,1.6859161193212917,0.7416569532085747,3.0666666666666664,0.4,0.6499176211866267,3.0,6.0,1.5,0.5672205306887107,0.06896551724137931,0.0
301,1,33.0,76.0,2.303030303030303,0.07196969696969698,0.53125,0.0625,0.06666666666666667,0.6,0.26666666666666666,0.6666666666666666,0.21212121212121213,0.0,0.2857142857142857,0.42857142857142855,0.6326599326599328,0.41440954376991995,0.5015824915824916,0.42108228586210694,NaN,NaN,NaN,NaN,5.066666666666666,6.818741679755738,1.6155603655603656,0.7630116378349716,3.416666666666667,0.4,0.5489128287071564,3.0,5.0,1.3425925925925926,0.5496309218239012,0.0,0.0
302,1,32.0,53.0,1.65625,0.05342741935483871,0.4838709677419355,0.25806451612903225,0.0625,0.625,0.25,0.625,0.21875,0.0,0.2857142857142857,0.2857142857142857,0.561996336996337,0.4174062027785979,0.47625915750915754,0.4143229951140807,NaN,NaN,NaN,NaN,3.3125,3.3410327744576227,1.638764880952381,0.7243316176230475,3.583333333333333,0.3125,0.4309257323782058,3.0,4.0,1.4642857142857142,0.6667025234189673,0.0,0.0
303,1,26.0,48.0,1.8461538461538463,0.07384615384615385,0.44,0.16,0.21428571428571427,0.5,0.2857142857142857,0.5714285714285714,0.2692307692307692,0.0,0.2857142857142857,0.42857142857142855,0.5696003401360544,0.450114724622175,0.4429705215419501,0.44149047298550737,NaN,NaN,NaN,NaN,3.4285714285714284,3.9751978318314927,1.828597133860292,0.9162796855227323,4.0,0.35714285714285715,0.5627339558025947,3.0,4.0,1.4880952380952381,0.5702260726702653,0.0,0.0
304,1,31.0,82.0,2.6451612903225805,0.08817204301075268,0.5333333333333333,0.03333333333333333,0.07142857142857142,0.6428571428571429,0.35714285714285715,0.6428571428571429,0.22580645161290322,0.0,0.42857142857142855,0.42857142857142855,0.6336159463785513,0.429262004190255,0.5125588697017268,0.44247464111370943,NaN,NaN,NaN,NaN,5.857142857142857,6.654751256486923,1.604109834873981,0.7543261880624914,3.3181818181818183,0.35714285714285715,0.5742780268327149,3.0,5.0,1.4076923076923078,0.5383891253804879,0.0,0.0
305,1,30.0,51.0,1.7,0.05862068965517241,0.4827586206896552,0.2413793103448276,0.06666666666666667,0.6666666666666666,0.3333333333333333,0.6,0.23333333333333334,0.0,0.42857142857142855,0.42857142857142855,0.5825396825396825,0.4492638075202472,0.4534391534391535,0.4449388514511542,NaN,NaN,NaN,NaN,3.4,3.0891515247486874,1.6741582491582492,0.7761840040404,3.3636363636363633,0.2,0.5308667744553258,4.0,5.0,1.5393258426966292,0.7080090487236488,0.0,0.0
306,1,27.0,43.0,1.5925925925925926,0.06125356125356125,0.5,0.19230769230769232,0.07692307692307693,0.6153846153846154,0.38461538461538464,0.6923076923076923,0.25925925925925924,0.0,0.42857142857142855,0.42857142857142855,0.7094017094017093,0.4195440860264917,0.5473372781065089,0.43681980765739115,NaN,NaN,NaN,NaN,3.3076923076923075,4.21079199566652,1.6302943969610637,0.7405460515571132,3.3,0.23076923076923078,0.5925729821657655,3.0,4.0,1.3492063492063493,0.5130154420970242,0.0,0.0
307,1,28.0,42.0,1.5,0.05555555555555555,0.5185185185185185,0.25925925925925924,0.07692307692307693,0.6153846153846154,0.38461538461538464,0.7692307692307693,0.25,0.0,0.42857142857142855,0.14285714285714285,0.7988677988677988,0.3671522098399458,0.6515151515151516,0.39798572651073166,NaN,NaN,NaN,NaN,3.230769230769231,3.0318818730794397,1.6050556586270872,0.7235700201046231,3.2142857142857144,0.3076923076923077,0.5017372323611952,3.0,5.0,1.421875,0.6121698980895615,0.0,0.0
308,1,31.0,82.0,2.6451612903225805,0.08817204301075268,0.5333333333333333,0.03333333333333333,0.07142857142857142,0.5714285714285714,0.2857142857142857,0.7142857142857143,0.22580645161290322,0.0,0.2857142857142857,0.2857142857142857,0.6768077601410936,0.38303460875086975,0.5523417059131346,0.3990912944144403,NaN,NaN,NaN,NaN,5.857142857142857,7.31549612237499,1.5820290720828354,0.6974143339680405,3.0,0.35714285714285715,0.5301515985817127,2.0,4.0,1.2156862745098038,0.4133286990678387,0.0,0.0
309,1,28.0,39.0,1.3928571428571428,0.051587301587301584,0.4444444444444444,0.3333333333333333,0.2,0.6,0.26666666666666666,0.4666666666666667,0.25,0.0,0.2857142857142857,0.2857142857142857,0.4766666666666667,0.43588079046003336,0.39555555555555555,0.45961796880526473,NaN,NaN,NaN,NaN,2.6,2.4727081741050068,1.688095238095238,0.7240270489066696,3.2,0.26666666666666666,0.2602494852480977,3.0,4.0,1.2962962962962963,0.5001746724944114,0.0,0.0
31,1,26.0,49.0,1.8846153846153846,0.07538461538461538,0.48,0.08,0.23076923076923078,0.5384615384615384,0.3076923076923077,0.5384615384615384,0.2692307692307692,0.0,0.2857142857142857,0.42857142857142855,0.5396270396270396,0.4613355824654125,0.4445054945054945,0.45985203408227693,NaN,NaN,NaN,NaN,3.769230769230769,5.449064845669181,1.714778810932657,0.8175332326790882,3.2857142857142856,0.3076923076923077,0.6322191827993253,3.0,5.0,1.4303797468354431,0.5702798301823023,0.07692307692307693,0.0
310,1,31.0,46.0,1.4838709677419355,0.04946236559139785,0.5,0.3,0.13333333333333333,0.6666666666666666,0.3333333333333333,0.6,0.22580645161290322,0.0,0.42857142857142855,0.2857142857142857,0.5961616161616162,0.4478353443988755,0.5008080808080808,0.4527561704684331,NaN,NaN,NaN,NaN,3.066666666666667,3.2175116087406668,1.623041474654378,0.7295015297420453,3.5,0.26666666666666666,0.3299323691823071,3.0,4.0,1.323076923076923,0.533493565673837,0.0,0.0
311,1,26.0,36.0,1.3846153846153846,0.055384615384615386,0.44,0.24,0.14285714285714285,0.6428571428571429,0.35714285714285715,0.5714285714285714,0.2692307692307692,0.0,0.42857142857142855,0.2857142857142857,0.6309523809523808,0.4537524995978875,0.47023809523809523,0.4664000415726812,NaN,NaN,NaN,NaN,2.5714285714285716,2.820646017500948,1.7696252465483235,0.8815420987999998,4.0,0.21428571428571427,0.6764213092043949,4.0,6.0,1.6944444444444444,0.8160172755850259,0.0,0.0
312,1,29.0,46.0,1.5862068965517242,0.05665024630541872,0.4642857142857143,0.21428571428571427,0.2,0.6,0.26666666666666666,0.5333333333333333,0.2413793103448276,0.0,0.2857142857142857,0.42857142857142855,0.4874920634920635,0.440064468974117,0.4311111111111111,0.4469413985710137,NaN,NaN,NaN,NaN,3.066666666666667,2.404361117002265,1.7081554460864807,0.7797352299232198,3.388888888888889,0.26666666666666666,0.5035150337364881,3.0,5.0,1.408450704225352,0.5751388599716566,0.0,0.0
313,1,26.0,26.0,1.0,0.04,0.44,0.32,0.14285714285714285,0.7142857142857143,0.42857142857142855,0.6428571428571429,0.2692307692307692,0.0,0.5714285714285714,0.2857142857142857,0.6571428571428571,0.398968450100787,0.530952380952381,0.4619661225811893,NaN,NaN,NaN,NaN,1.8571428571428572,1.6104057232283402,1.7051282051282048,0.7835924285092946,3.833333333333333,0.14285714285714285,0.41033653063804637,4.0,5.0,1.5869565217391304,0.7767764430723149,0.0,0.0
314,1,33.0,65.0,1.9696969696969697,0.061553030303030304,0.5,0.09375,0.125,0.625,0.25,0.5625,0.21212121212121213,0.0,0.2857142857142857,0.2857142857142857,0.5654423701298701,0.4305272009772775,0.4484577922077922,0.4494467045070809,NaN,NaN,NaN,NaN,4.0625,4.449250873274436,1.6573782426723604,0.7873525436921874,3.6538461538461537,0.3125,0.501969370969155,3.0,5.0,1.5564516129032258,0.6414214316065582,0.0,0.0
315,1,32.0,74.0,2.3125,0.07459677419354839,0.4838709677419355,0.0967741935483871,0.0625,0.625,0.25,0.5625,0.21875,0.0,0.2857142857142857,0.42857142857142855,0.5082785087719298,0.4335220645682228,0.4232717209690894,0.4233145363975271,NaN,NaN,NaN,NaN,4.625,6.5612498809297,1.6276990968801315,0.6976733641152498,3.333333333333333,0.375,0.5371262731241145,3.0,5.0,1.1910112359550562,0.423094780225586,0.0,0.0
316,1,30.0,53.0,1.7666666666666666,0.06091954022988506,0.4827586206896552,0.06896551724137931,0.06666666666666667,0.6,0.2,0.5333333333333333,0.2,0.0,0.16666666666666666,0.5,0.43528311965811967,0.4055790259943527,0.35912698412698413,0.4064943084803384,NaN,NaN,NaN,NaN,3.533333333333333,3.758165712659505,1.667495126705653,0.7648534245948256,3.552631578947368,0.3333333333333333,0.5307947780529804,3.0,6.0,1.5,0.5803810000880093,0.0,0.0
317,1,27.0,75.0,2.7777777777777777,0.10683760683760683,0.46153846153846156,0.038461538461538464,0.14285714285714285,0.5714285714285714,0.2857142857142857,0.6428571428571429,0.25925925925925924,0.0,0.2857142857142857,0.42857142857142855,0.6181040837387587,0.4234991154877729,0.4985994397759104,0.429563379207924,NaN,NaN,NaN,NaN,5.357142857142857,6.476076006314352,1.6878306878306877,0.741288535164166,3.0,0.21428571428571427,0.5636261252842886,2.0,5.0,1.1685393258426966,0.3764654715598937,0.0,0.0
318,1,30.0,58.0,1.9333333333333333,0.06666666666666667,0.5172413793103449,0.13793103448275862,0.14285714285714285,0.5,0.2857142857142857,0.6428571428571429,0.23333333333333334,0.0,0.2857142857142857,0.2857142857142857,0.6958616780045351,0.4047726995342166,0.5086451247165533,0.4373670693526824,NaN,NaN,NaN,NaN,4.142857142857143,3.9390967894281954,1.6267628205128206,0.742713193903694,3.230769230769231,0.42857142857142855,0.5163900459680462,3.0,6.0,1.4591836734693877,0.5773806360677106,0.0,0.0
319,1,33.0,70.0,2.121212121212121,0.06628787878787878,0.5,0.0625,0.0625,0.625,0.25,0.5625,0.21212121212121213,0.0,0.2857142857142857,0.2857142857142857,0.49505012531328324,0.4267290646691515,0.404985119047619,0.42162855508577546,NaN,NaN,NaN,NaN,4.375,5.426785420486054,1.614667411441605,0.6993776215507508,3.193548387096774,0.375,0.5512132300281438,3.0,5.0,1.4196428571428572,0.5637454038028873,0.0,0.0
32,1,31.0,53.0,1.7096774193548387,0.05698924731182796,0.5,0.26666666666666666,0.06666666666666667,0.6,0.26666666666666666,0.6666666666666666,0.22580645161290322,0.0,0.2857142857142857,0.42857142857142855,0.6419753086419753,0.4197613859538449,0.4977777777777777,0.42287334922945446,NaN,NaN,NaN,NaN,3.533333333333333,2.8250579429371676,1.65271495101439,0.7664136954929154,3.3076923076923075,0.4,0.5163748269344669,3.0,4.0,1.4318181818181819,0.5423544785057804,0.0,0.0
320,1,28.0,70.0,2.5,0.09259259259259259,0.48148148148148145,0.1111111111111111,0.14285714285714285,0.5714285714285714,0.2857142857142857,0.6428571428571429,0.25,0.0,0.2857142857142857,0.14285714285714285,0.5833146738319153,0.41191068245032414,0.5092261904761906,0.4265688069222503,NaN,NaN,NaN,NaN,5.0,5.98716576070463,1.6527410411338983,0.730493105047572,3.1818181818181817,0.35714285714285715,0.4930544638044987,3.0,4.0,1.2159090909090908,0.4407116407144619,0.07142857142857142,0.0
321,1,33.0,72.0,2.1818181818181817,0.06818181818181818,0.53125,0.0625,0.06666666666666667,0.6,0.26666666666666666,0.6,0.21212121212121213,0.0,0.2857142857142857,0.42857142857142855,0.5923590585659552,0.44492942190642776,0.48244607244607246,0.4385850631394033,NaN,NaN,NaN,NaN,4.8,4.6475800154488995,1.6134858387799562,0.7636074974832269,3.4705882352941178,0.26666666666666666,0.5695931038541786,3.0,6.0,1.5220588235294117,0.5958736103211184,0.06060606060606061,0.0
322,1,30.0,53.0,1.7666666666666666,0.06091954022988506,0.4827586206896552,0.1724137931034483,0.06666666666666667,0.5333333333333333,0.26666666666666666,0.6666666666666666,0.23333333333333334,0.0,0.2857142857142857,0.42857142857142855,0.6250666666666667,0.4118785304061427,0.48333333333333334,0.4126472801046649,NaN,NaN,NaN,NaN,3.533333333333333,2.4746332099544617,1.737727272727273,0.8760835078489053,3.8666666666666667,0.4666666666666667,0.5743397204145594,4.0,6.0,1.6470588235294117,0.7790201871268019,0.0,0.0
323,1,32.0,61.0,1.90625,0.06149193548387097,0.5161290322580645,0.12903225806451613,0.13333333333333333,0.5333333333333333,0.26666666666666666,0.6,0.21875,0.0,0.2857142857142857,0.42857142857142855,0.5897478070175438,0.40615089188195547,0.44692982456140345,0.4255388675986445,NaN,NaN,NaN,NaN,4.066666666666666,4.905778905196061,1.6528129800307223,0.7882156328236273,3.7,0.4,0.5509946021192057,4.0,5.0,1.4787234042553192,0.6991350017193723,0.0,0.0
324,1,24.0,27.0,1.125,0.04891304347826087,0.43478260869565216,0.2608695652173913,0.15384615384615385,0.6923076923076923,0.46153846153846156,0.6153846153846154,0.2916666666666667,0.0,0.5714285714285714,0.14285714285714285,0.6538461538461539,0.4625389796463727,0.5576923076923077,0.48038446141526137,NaN,NaN,NaN,NaN,2.076923076923077,1.3204505835470495,1.6715277777777777,0.7027117791850903,3.2,0.23076923076923078,0.2820118896777134,3.0,4.0,1.35,0.533493565673837,0.0,0.0
325,1,27.0,58.0,2.1481481481481484,0.08262108262108261,0.46153846153846156,0.11538461538461539,0.07142857142857142,0.5714285714285714,0.21428571428571427,0.5714285714285714,0.2222222222222222,0.0,0.16666666666666666,0.3333333333333333,0.4872414622414623,0.4179743380468215,0.4159451659451659,0.4210232655559286,NaN,NaN,NaN,NaN,4.142857142857143,5.274862635574108,1.6684003780495007,0.7215729945764594,3.3,0.42857142857142855,0.534919317477987,3.0,5.0,1.3804347826086956,0.5101689292374565,0.0,0.0
326,1,31.0,56.0,1.8064516129032258,0.060215053763440864,0.5,0.13333333333333333,0.06666666666666667,0.6,0.26666666666666666,0.6666666666666666,0.22580645161290322,0.0,0.2857142857142857,0.42857142857142855,0.613257747543462,0.4116453856638925,0.4885714285714286,0.4142145532753826,NaN,NaN,NaN,NaN,3.7333333333333334,2.6583202716502514,1.6288123167155424,0.7291286421640272,3.4,0.3333333333333333,0.3961821056200881,3.0,5.0,1.4086021505376345,0.5157636621677765,0.0,0.0
327,1,32.0,53.0,1.65625,0.05342741935483871,0.5161290322580645,0.25806451612903225,0.06666666666666667,0.6,0.26666666666666666,0.6666666666666666,0.21875,0.0,0.2857142857142857,0.42857142857142855,0.6214285714285714,0.4144791947920329,0.5042857142857143,0.41216734974795216,NaN,NaN,NaN,NaN,3.533333333333333,2.8250579429371676,1.5792410714285714,0.6647256097004037,3.0,0.3333333333333333,0.38002882869136817,2.0,4.0,1.2318840579710144,0.4251272313441583,0.0,0.0
328,1,30.0,53.0,1.7666666666666666,0.06091954022988506,0.4827586206896552,0.13793103448275862,0.13333333333333333,0.6,0.3333333333333333,0.6,0.23333333333333334,0.0,0.42857142857142855,0.2857142857142857,0.6096491228070176,0.41427161701221815,0.49064327485380116,0.45529873034646773,NaN,NaN,NaN,NaN,3.533333333333333,4.778921974472405,1.640277777777778,0.71906869357467,3.375,0.3333333333333333,0.47250035089906756,3.0,4.0,1.295774647887324,0.5180834515564648,0.0,0.0
329,1,31.0,67.0,2.161290322580645,0.07204301075268817,0.5333333333333333,0.1,0.07142857142857142,0.5714285714285714,0.2857142857142857,0.6428571428571429,0.22580645161290322,0.0,0.2857142857142857,0.2857142857142857,0.6165979853479853,0.41947090832004397,0.5037840136054421,0.42715971239161077,NaN,NaN,NaN,NaN,4.785714285714286,6.387229704394802,1.6090492429771368,0.761945006536326,3.3076923076923075,0.42857142857142855,0.6323107159115035,3.0,6.0,1.5564516129032258,0.6539737116473664,0.06451612903225806,0.0
33,1,31.0,58.0,1.8709677419354838,0.06236559139784946,0.4666666666666667,0.16666666666666666,0.0625,0.625,0.3125,0.625,0.22580645161290322,0.0,0.42857142857142855,0.42857142857142855,0.5798944978632478,0.4279938607312337,0.4603365384615385,0.42995075600121685,NaN,NaN,NaN,NaN,3.625,3.810074364978546,1.6617534110418362,0.7163972360607496,3.2941176470588234,0.3125,0.4944886386343295,3.0,4.0,1.4,0.5568773289967566,0.0,0.0
330,1,29.0,64.0,2.206896551724138,0.07881773399014778,0.5,0.10714285714285714,0.07142857142857142,0.5714285714285714,0.2857142857142857,0.6428571428571429,0.2413793103448276,0.0,0.2857142857142857,0.2857142857142857,0.5651882975412387,0.4048136487345563,0.47423687423687433,0.42161127960409744,NaN,NaN,NaN,NaN,4.571428571428571,5.983493778905248,1.723641112707327,0.9105402468421445,4.333333333333334,0.42857142857142855,0.5844593610865307,4.0,6.0,1.7878787878787878,0.9082346186971988,0.06896551724137931,0.0
331,1,29.0,40.0,1.3793103448275863,0.04926108374384237,0.4642857142857143,0.21428571428571427,0.13333333333333333,0.6,0.26666666666666666,0.6,0.2413793103448276,0.0,0.2857142857142857,0.42857142857142855,0.5814814814814814,0.42156076355165595,0.4592592592592592,0.4254195287316038,NaN,NaN,NaN,NaN,2.6666666666666665,2.8949874578229835,1.6675374433995123,0.7159106102143256,3.0,0.26666666666666666,0.5055050887379278,4.0,5.0,1.435483870967742,0.6682732272753165,0.0,0.0
332,1,30.0,49.0,1.6333333333333333,0.05632183908045977,0.4482758620689655,0.2413793103448276,0.125,0.5625,0.25,0.5625,0.23333333333333334,0.0,0.2857142857142857,0.42857142857142855,0.5055803571428572,0.4349678029000684,0.4139136904761905,0.4237987600626178,NaN,NaN,NaN,NaN,3.0625,3.8724453944934245,1.7243524269611226,0.7657341881592036,3.4,0.375,0.493268107312805,3.0,5.0,1.338235294117647,0.5356066198928524,0.0,0.0
333,1,28.0,64.0,2.2857142857142856,0.08465608465608465,0.48148148148148145,0.07407407407407407,0.07142857142857142,0.6428571428571429,0.35714285714285715,0.7142857142857143,0.25,0.0,0.42857142857142855,0.42857142857142855,0.704926366150856,0.39533705597298713,0.5666928309785453,0.42172612664909886,NaN,NaN,NaN,NaN,4.571428571428571,6.034698204349777,1.6499787414965987,0.7335790619743032,3.208333333333333,0.21428571428571427,0.5620988835376237,3.0,6.0,1.4339622641509433,0.5523778541908964,0.0,0.0
334,1,30.0,87.0,2.9,0.1,0.5517241379310345,0.034482758620689655,0.07692307692307693,0.5384615384615384,0.38461538461538464,0.7692307692307693,0.23333333333333334,0.0,0.42857142857142855,0.42857142857142855,0.7677290614790615,0.35199013940531926,0.6142385392385392,0.40037708948772566,NaN,NaN,NaN,NaN,6.6923076923076925,7.554078538385907,1.6297914630172694,0.8215322278582259,3.6,0.46153846153846156,0.6492036013456394,3.0,6.0,1.5174825174825175,0.6802355314252088,0.06666666666666667,0.0
335,1,31.0,53.0,1.7096774193548387,0.05698924731182796,0.5333333333333333,0.2,0.07142857142857142,0.5714285714285714,0.35714285714285715,0.7142857142857143,0.22580645161290322,0.0,0.42857142857142855,0.42857142857142855,0.7279721412374472,0.4045524882801264,0.5807539682539682,0.41694074217497124,NaN,NaN,NaN,NaN,3.7857142857142856,3.4680646659877215,1.6752199413489735,0.8763217354139093,3.75,0.42857142857142855,0.7823840503558996,4.0,5.0,1.7431192660550459,0.8097058190612677,0.0,0.0
336,1,26.0,31.0,1.1923076923076923,0.047692307692307694,0.44,0.28,0.21428571428571427,0.6428571428571429,0.35714285714285715,0.5,0.2692307692307692,0.0,0.42857142857142855,0.2857142857142857,0.5753968253968255,0.4681737685090984,0.45238095238095244,0.48228698157915545,NaN,NaN,NaN,NaN,2.2142857142857144,2.391606200815724,1.7226107226107226,0.8078900318703002,4.0,0.14285714285714285,0.33799284881794334,3.0,4.0,1.3095238095238095,0.5625766175720354,0.0,0.0
337,1,27.0,45.0,1.6666666666666667,0.0641025641025641,0.4230769230769231,0.3076923076923077,0.2,0.6666666666666666,0.3333333333333333,0.5333333333333333,0.25925925925925924,0.0,0.42857142857142855,0.2857142857142857,0.5252777777777778,0.4579014920864819,0.4677777777777778,0.4693995939878716,NaN,NaN,NaN,NaN,3.0,3.585685828003181,1.6987654320987655,0.7051387377267411,3.0,0.13333333333333333,0.41032138180167554,3.0,5.0,1.278688524590164,0.48754991337583775,0.0,0.0
338,1,28.0,51.0,1.8214285714285714,0.06746031746031746,0.5185185185185185,0.07407407407407407,0.07692307692307693,0.6153846153846154,0.3076923076923077,0.6923076923076923,0.25,0.0,0.2857142857142857,0.14285714285714285,0.689801426643532,0.4059160336327323,0.5673076923076923,0.41858532608498733,NaN,NaN,NaN,NaN,3.923076923076923,4.2516964939801465,1.6384743552593453,0.7850512705993381,3.5294117647058822,0.3076923076923077,0.5712881060785667,3.0,6.0,1.5480769230769231,0.5725061188854792,0.07142857142857142,0.0
339,1,26.0,36.0,1.3846153846153846,0.055384615384615386,0.48,0.16,0.23076923076923078,0.5384615384615384,0.3076923076923077,0.6153846153846154,0.2692307692307692,0.0,0.2857142857142857,0.42857142857142855,0.5659340659340659,0.4239058039104769,0.4688644688644689,0.43495951360499374,NaN,NaN,NaN,NaN,2.769230769230769,2.1661735138967266,1.7633136094674557,0.911250672368795,4.0,0.23076923076923078,0.6328220489648361,4.0,6.0,1.5,0.676481425202546,0.0,0.0
34,1,24.0,48.0,2.0,0.08695652173913043,0.43478260869565216,0.08695652173913043,0.15384615384615385,0.6153846153846154,0.38461538461538464,0.6153846153846154,0.2916666666666667,0.0,0.42857142857142855,0.42857142857142855,0.6927655677655677,0.41250599998969617,0.5337912087912089,0.4615823664360561,NaN,NaN,NaN,NaN,3.6923076923076925,4.250188532771524,1.7843950847489776,0.8944506424962914,3.6956521739130435,0.38461538461538464,0.6197635006936183,3.0,7.0,1.6288659793814433,0.6970112927837262,0.08333333333333333,0.0
340,1,27.0,56.0,2.074074074074074,0.07977207977207977,0.5,0.07692307692307693,0.07692307692307693,0.6923076923076923,0.5384615384615384,0.7692307692307693,0.25925925925925924,0.0,0.7142857142857143,0.2857142857142857,0.8058608058608059,0.36393620460321,0.6730769230769231,0.4255464059180192,NaN,NaN,NaN,NaN,4.3076923076923075,5.949574429943364,1.5983868483868486,0.6914009240524343,3.230769230769231,0.3076923076923077,0.4705011614557866,3.0,4.0,1.3205128205128205,0.4965750160718385,0.0,0.0
341,1,26.0,41.0,1.5769230769230769,0.06307692307692307,0.44,0.2,0.14285714285714285,0.6428571428571429,0.42857142857142855,0.6428571428571429,0.2692307692307692,0.0,0.5714285714285714,0.2857142857142857,0.6821428571428572,0.41563792416583456,0.5428571428571428,0.4586171282558801,NaN,NaN,NaN,NaN,2.9285714285714284,4.066075138627794,1.6880619380619382,0.7131903780399922,3.0,0.21428571428571427,0.5385079440793287,2.0,4.0,1.2156862745098038,0.41539020162714857,0.0,0.0
342,1,28.0,45.0,1.6071428571428572,0.05952380952380952,0.4444444444444444,0.2222222222222222,0.06666666666666667,0.6,0.26666666666666666,0.6666666666666666,0.25,0.0,0.2857142857142857,0.2857142857142857,0.6242985409652078,0.4110490297202024,0.5072390572390572,0.4106765480458107,NaN,NaN,NaN,NaN,3.0,3.070597894314954,1.6646374458874458,0.6895330471500791,3.375,0.4,0.4042158960880988,3.0,4.0,1.2950819672131149,0.5273917675720131,0.0,0.0
343,1,28.0,46.0,1.6428571428571428,0.06084656084656084,0.4444444444444444,0.18518518518518517,0.13333333333333333,0.6666666666666666,0.3333333333333333,0.5333333333333333,0.25,0.0,0.42857142857142855,0.42857142857142855,0.5142857142857143,0.45452855786246965,0.42142857142857143,0.4609772228646443,NaN,NaN,NaN,NaN,3.066666666666667,3.594970031002974,1.716496598639456,0.7816011007842937,3.5,0.26666666666666666,0.5269739931841796,3.0,5.0,1.5061728395061729,0.6148873228105182,0.0,0.0
344,1,30.0,78.0,2.6,0.0896551724137931,0.4827586206896552,0.034482758620689655,0.06666666666666667,0.5333333333333333,0.26666666666666666,0.6666666666666666,0.23333333333333334,0.0,0.2857142857142857,0.42857142857142855,0.6538217338217337,0.4291245802253197,0.504320987654321,0.42006297566056056,NaN,NaN,NaN,NaN,5.2,6.878538050653331,1.6773856209150326,0.7565635574622642,3.3600000000000003,0.4666666666666667,0.5808029764077227,3.0,4.0,1.3423423423423424,0.513375558002583,0.0,0.0
345,1,30.0,62.0,2.066666666666667,0.07126436781609195,0.4482758620689655,0.10344827586206896,0.0625,0.6875,0.3125,0.5625,0.23333333333333334,0.0,0.42857142857142855,0.14285714285714285,0.49623579545454544,0.4337069376592451,0.41895380434782603,0.44598219818859836,NaN,NaN,NaN,NaN,3.875,5.65538091849995,1.687222222222222,0.7475334066950852,3.666666666666667,0.25,0.5233262655011182,3.0,4.0,1.2804878048780488,0.5036751413337679,0.0,0.0
346,1,30.0,45.0,1.5,0.05172413793103448,0.4482758620689655,0.27586206896551724,0.125,0.625,0.3125,0.5625,0.23333333333333334,0.0,0.42857142857142855,0.14285714285714285,0.5518229166666667,0.45489612354645603,0.4604166666666667,0.4489029838271171,NaN,NaN,NaN,NaN,2.8125,3.563121290853475,1.6846153846153846,0.7174167537857811,3.1,0.25,0.509412627710048,3.0,4.0,1.4666666666666666,0.6003002251876642,0.0,0.0
347,1,36.0,78.0,2.1666666666666665,0.06190476190476191,0.5714285714285714,0.05714285714285714,0.06666666666666667,0.5333333333333333,0.26666666666666666,0.6666666666666666,0.19444444444444445,0.0,0.2857142857142857,0.42857142857142855,0.6618003554173767,0.4230659629756359,0.5027676027676028,0.41457094221660107,NaN,NaN,NaN,NaN,5.2,4.6012420683363935,1.6776745067126193,0.9423132872748454,3.863157894736842,0.4666666666666667,0.8447807517068174,4.0,7.0,1.7119565217391304,0.6844633957895876,0.1111111111111111,0.0
348,1,31.0,64.0,2.064516129032258,0.06881720430107527,0.5,0.06666666666666667,0.06666666666666667,0.6,0.26666666666666666,0.6666666666666666,0.22580645161290322,0.0,0.2857142857142857,0.42857142857142855,0.6374494156637014,0.40866712340153744,0.5057081807081807,0.41177574324560634,NaN,NaN,NaN,NaN,4.266666666666667,3.972524686009186,1.6641193036354327,0.7825186991710144,3.553571428571429,0.4,0.5403280653041487,3.0,6.0,1.512396694214876,0.5790178822704706,0.0,0.0
349,1,25.0,71.0,2.84,0.11833333333333333,0.5,0.041666666666666664,0.16666666666666666,0.5,0.3333333333333333,0.6666666666666666,0.28,0.0,0.2857142857142857,0.42857142857142855,0.7694035947712418,0.36913291297076356,0.5607972136222911,0.44222828841482936,NaN,NaN,NaN,NaN,5.916666666666667,6.556860852757533,1.6611808278867102,0.790526303797203,3.5555555555555554,0.4166666666666667,0.5061757029380739,3.0,5.0,1.2555555555555555,0.5097060424282708,0.0,0.0
35,1,29.0,80.0,2.7586206896551726,0.09852216748768473,0.4642857142857143,0.10714285714285714,0.06666666666666667,0.5333333333333333,0.26666666666666666,0.6666666666666666,0.2413793103448276,0.0,0.2857142857142857,0.42857142857142855,0.624957264957265,0.40793697207020096,0.4916564916564916,0.4104824088742384,NaN,NaN,NaN,NaN,5.333333333333333,5.472876844254853,1.7113584598567912,0.7672766369706319,3.2142857142857144,0.4666666666666667,0.5802619608464623,3.0,5.0,1.3697478991596639,0.5346556981531039,0.0,0.0
350,1,33.0,98.0,2.9696969696969697,0.0928030303030303,0.53125,0.03125,0.06666666666666667,0.6,0.26666666666666666,0.6,0.21212121212121213,0.0,0.2857142857142857,0.42857142857142855,0.5711089969112862,0.43287604772391164,0.4623931623931624,0.42939085538026883,NaN,NaN,NaN,NaN,6.533333333333333,8.087615458806372,1.6329426338860302,0.7902887250721109,3.45,0.2,0.666906117725457,3.0,7.0,1.4135802469135803,0.5185390577285387,0.12121212121212122,0.0
351,1,35.0,70.0,2.0,0.058823529411764705,0.5294117647058824,0.11764705882352941,0.0625,0.5625,0.25,0.625,0.2,0.0,0.2857142857142857,0.2857142857142857,0.6110209235209234,0.43703904936244864,0.5031452922077921,0.436830475095015,NaN,NaN,NaN,NaN,4.375,3.8794329482541645,1.5883286536059644,0.7153613078581526,3.48,0.4375,0.43506441439224536,3.0,5.0,1.4406779661016949,0.5317664946285194,0.0,0.0
352,1,30.0,65.0,2.1666666666666665,0.07471264367816093,0.5172413793103449,0.06896551724137931,0.14285714285714285,0.5714285714285714,0.2857142857142857,0.5714285714285714,0.23333333333333334,0.0,0.2857142857142857,0.42857142857142855,0.6234693877551021,0.42371013738026253,0.4667778649921507,0.4469343771478037,NaN,NaN,NaN,NaN,4.642857142857143,4.781489031947826,1.6594963588780793,0.8102314169844151,3.482142857142857,0.42857142857142855,0.5868029983970658,3.0,6.0,1.4789915966386555,0.550019098216927,0.06666666666666667,0.0
353,1,33.0,75.0,2.272727272727273,0.07102272727272728,0.53125,0.125,0.13333333333333333,0.6,0.26666666666666666,0.6,0.21212121212121213,0.0,0.2857142857142857,0.42857142857142855,0.6371450617283951,0.42581517339777863,0.48722222222222217,0.43916482183884076,NaN,NaN,NaN,NaN,5.0,4.765950662174936,1.626676552343436,0.7780427062804552,3.4594594594594597,0.3333333333333333,0.5404247095222036,3.0,5.0,1.4696969696969697,0.5721179873427585,0.0,0.0
354,1,32.0,55.0,1.71875,0.055443548387096774,0.4838709677419355,0.25806451612903225,0.0625,0.625,0.25,0.5625,0.21875,0.0,0.2857142857142857,0.42857142857142855,0.5137471655328799,0.437264194547318,0.443452380952381,0.43659811478314886,NaN,NaN,NaN,NaN,3.4375,3.811714399934322,1.6125620702826584,0.6700960265949171,3.142857142857143,0.375,0.434693244616504,3.0,4.0,1.325,0.49746191254243755,0.0,0.0
355,1,26.0,33.0,1.2692307692307692,0.05076923076923077,0.44,0.28,0.14285714285714285,0.5714285714285714,0.2857142857142857,0.5714285714285714,0.2692307692307692,0.0,0.2857142857142857,0.2857142857142857,0.5907738095238094,0.42046403754439204,0.46190476190476193,0.4469951227973744,NaN,NaN,NaN,NaN,2.357142857142857,1.8232322463624386,1.7018315018315018,0.7500422687083169,3.5,0.42857142857142855,0.343434858791615,3.0,4.0,1.4464285714285714,0.5695179095960455,0.0,0.0
356,1,27.0,43.0,1.5925925925925926,0.06125356125356125,0.5384615384615384,0.15384615384615385,0.08333333333333333,0.6666666666666666,0.5,0.8333333333333334,0.25925925925925924,0.0,0.5714285714285714,0.2857142857142857,0.844551282051282,0.302202816081677,0.6762820512820512,0.40061421821735893,NaN,NaN,NaN,NaN,3.5833333333333335,3.7040109300185615,1.5597736625514405,0.7068403783706998,3.3,0.3333333333333333,0.40330604393764136,3.0,4.0,1.293103448275862,0.4958997029909347,0.0,0.0
357,1,29.0,69.0,2.3793103448275863,0.08497536945812807,0.42857142857142855,0.07142857142857142,0.0625,0.625,0.25,0.625,0.2413793103448276,0.0,0.2857142857142857,0.42857142857142855,0.5357700892857143,0.4031042920602524,0.4081597222222222,0.4054610097176232,NaN,NaN,NaN,NaN,4.3125,5.237286192931093,1.745102298962812,0.7761693645737521,3.4210526315789473,0.375,0.5567743638928466,3.0,6.0,1.4434782608695653,0.5649298100762062,0.0,0.0
358,1,29.0,54.0,1.8620689655172413,0.0665024630541872,0.5357142857142857,0.07142857142857142,0.15384615384615385,0.6153846153846154,0.38461538461538464,0.6923076923076923,0.2413793103448276,0.0,0.42857142857142855,0.2857142857142857,0.6947027331642717,0.41203661640814276,0.5862566920259228,0.4335812048741906,NaN,NaN,NaN,NaN,4.153846153846154,3.8480764425479275,1.590397509578544,0.7321229768977046,3.34375,0.3076923076923077,0.4688229085701991,3.0,5.0,1.3928571428571428,0.5381328080548439,0.0,0.0
359,1,25.0,42.0,1.68,0.07,0.4166666666666667,0.2916666666666667,0.14285714285714285,0.5714285714285714,0.2857142857142857,0.5714285714285714,0.28,0.0,0.2857142857142857,0.2857142857142857,0.576530612244898,0.4069493329486503,0.43979591836734705,0.4393579792763542,NaN,NaN,NaN,NaN,3.0,3.063431961806135,1.7667068160597568,0.7866114839405948,3.4,0.42857142857142855,0.4684883117399876,3.0,4.0,1.5308641975308641,0.5934311196989592,0.0,0.0
36,1,32.0,57.0,1.78125,0.057459677419354836,0.5161290322580645,0.12903225806451613,0.06666666666666667,0.5333333333333333,0.2,0.6,0.1875,0.0,0.16666666666666666,0.5,0.541984126984127,0.4241303818671863,0.40755170755170755,0.40554198574104494,NaN,NaN,NaN,NaN,3.8,3.3423687066852112,1.6467236907114624,0.7803607909630332,3.4565217391304346,0.4666666666666667,0.5890354835709064,3.0,5.0,1.53,0.6428314889862842,0.0,0.0
360,1,30.0,64.0,2.1333333333333333,0.0735632183908046,0.4482758620689655,0.06896551724137931,0.0625,0.625,0.25,0.625,0.23333333333333334,0.0,0.2857142857142857,0.42857142857142855,0.5713671874999999,0.4308594832002651,0.447172619047619,0.4168359916719486,NaN,NaN,NaN,NaN,4.0,4.47213595499958,1.700018315018315,0.7440250891547223,3.142857142857143,0.25,0.5739603047622668,3.0,4.0,1.3222222222222222,0.49327563181128914,0.06666666666666667,0.0
361,1,25.0,57.0,2.28,0.095,0.4166666666666667,0.08333333333333333,0.14285714285714285,0.6428571428571429,0.35714285714285715,0.5714285714285714,0.28,0.0,0.42857142857142855,0.42857142857142855,0.5760204081632653,0.46101387034202584,0.47564935064935066,0.4628245495199902,NaN,NaN,NaN,NaN,4.071428571428571,6.031510663102643,1.7118787878787882,0.714190481648373,3.1,0.2857142857142857,0.555767132464509,3.0,6.0,1.3037974683544304,0.4897521712297738,0.0,0.0
362,1,28.0,40.0,1.4285714285714286,0.05291005291005291,0.4444444444444444,0.2962962962962963,0.06666666666666667,0.6666666666666666,0.3333333333333333,0.6,0.25,0.0,0.42857142857142855,0.42857142857142855,0.5693310657596372,0.44324037028843083,0.4703703703703704,0.44321244318416747,NaN,NaN,NaN,NaN,2.6666666666666665,2.768874620972692,1.676040031397174,0.7149329952712352,3.3076923076923075,0.26666666666666666,0.5461509660876533,3.0,4.0,1.4411764705882353,0.5292166258254213,0.0,0.0
363,1,29.0,69.0,2.3793103448275863,0.08497536945812807,0.42857142857142855,0.07142857142857142,0.125,0.625,0.25,0.5625,0.2413793103448276,0.0,0.2857142857142857,0.42857142857142855,0.5298214285714286,0.42738976479838847,0.396978021978022,0.42553517310877015,NaN,NaN,NaN,NaN,4.3125,6.215236654115969,1.7641190227397123,0.7991618030728005,3.2857142857142856,0.3125,0.6400351660385623,5.0,7.0,1.4705882352941178,0.8047616011662749,0.0,0.0
364,1,28.0,70.0,2.5,0.09259259259259259,0.48148148148148145,0.037037037037037035,0.07142857142857142,0.6428571428571429,0.35714285714285715,0.7142857142857143,0.25,0.0,0.42857142857142855,0.2857142857142857,0.6610965219421102,0.3877653086947808,0.5658613445378152,0.4205329277986036,NaN,NaN,NaN,NaN,5.0,5.218310955737424,1.631189756189756,0.700661083017926,3.243243243243243,0.35714285714285715,0.43990554445523466,2.0,5.0,1.3,0.4605661864718383,0.0,0.0
365,1,28.0,45.0,1.6071428571428572,0.05952380952380952,0.48148148148148145,0.14814814814814814,0.07142857142857142,0.6428571428571429,0.35714285714285715,0.6428571428571429,0.25,0.0,0.42857142857142855,0.2857142857142857,0.6272386505622657,0.43385685854749473,0.5071428571428571,0.44023505923351436,NaN,NaN,NaN,NaN,3.2142857142857144,2.5169753346357675,1.6967803030303032,0.8310610696500849,3.825,0.35714285714285715,0.5577991536919186,4.0,6.0,1.6630434782608696,0.7599475677842356,0.0,0.0
366,1,29.0,61.0,2.103448275862069,0.07512315270935961,0.42857142857142855,0.03571428571428571,0.1875,0.625,0.25,0.5,0.2413793103448276,0.0,0.2857142857142857,0.42857142857142855,0.5015635100193925,0.40323109296688814,0.3753739316239316,0.4294228063336406,NaN,NaN,NaN,NaN,3.8125,4.6075119822596955,1.793129511019628,0.8650210122187084,3.625,0.3125,0.6389876790487944,3.0,7.0,1.5447154471544715,0.5761948742570392,0.06896551724137931,0.0
367,1,22.0,56.0,2.5454545454545454,0.12121212121212122,0.38095238095238093,0.047619047619047616,0.07692307692307693,0.5384615384615384,0.3076923076923077,0.6923076923076923,0.3181818181818182,0.0,0.2857142857142857,0.2857142857142857,0.642445054945055,0.39489067435005937,0.48113553113553115,0.41906843105161734,NaN,NaN,NaN,NaN,4.3076923076923075,4.1509961733021665,1.848491922021334,0.8367270048017982,3.619047619047619,0.46153846153846156,0.5550892354104455,3.0,5.0,1.4157303370786516,0.5602148281938761,0.0,0.0
368,1,27.0,40.0,1.4814814814814814,0.05698005698005698,0.4230769230769231,0.23076923076923078,0.2,0.6,0.26666666666666666,0.5333333333333333,0.25925925925925924,0.0,0.2857142857142857,0.42857142857142855,0.5985416666666666,0.42814759238269134,0.4162962962962963,0.4422339207726515,NaN,NaN,NaN,NaN,2.6666666666666665,2.6095064302514777,1.7770594837261504,0.8286925613692542,3.7272727272727275,0.26666666666666666,0.5341684771216919,4.0,5.0,1.6486486486486487,0.8012393214287654,0.0,0.0
369,1,29.0,46.0,1.5862068965517242,0.05665024630541872,0.42857142857142855,0.17857142857142858,0.0625,0.625,0.3125,0.625,0.2413793103448276,0.0,0.42857142857142855,0.42857142857142855,0.5784361897274634,0.4259691271010887,0.4453125,0.4348048599127012,NaN,NaN,NaN,NaN,2.875,2.6551836094703507,1.778683385579937,0.8393265334487892,3.833333333333333,0.25,0.6241785808030328,4.0,6.0,1.75,0.8460434230488472,0.06896551724137931,0.0
37,1,29.0,55.0,1.896551724137931,0.06773399014778325,0.4642857142857143,0.14285714285714285,0.2,0.6,0.26666666666666666,0.4666666666666667,0.2413793103448276,0.0,0.2857142857142857,0.42857142857142855,0.4845925925925926,0.45474276440139894,0.3858333333333333,0.45362790237101136,NaN,NaN,NaN,NaN,3.6666666666666665,4.253849796976628,1.7055702917771882,0.7800086875335066,3.25,0.2,0.5312120678527691,3.0,4.0,1.3066666666666666,0.4924657577157244,0.0,0.0
370,1,32.0,43.0,1.34375,0.04334677419354839,0.5806451612903226,0.22580645161290322,0.07692307692307693,0.6923076923076923,0.46153846153846156,0.7692307692307693,0.21875,0.0,0.5714285714285714,0.2857142857142857,0.8098290598290597,0.3672635002725954,0.6773504273504274,0.41287448108596375,NaN,NaN,NaN,NaN,3.3076923076923075,2.4625398604088757,1.492110906862745,0.6433003801202638,3.0,0.23076923076923078,0.3250786623784515,2.0,3.0,1.3384615384615384,0.4768687934367755,0.0,0.0
371,1,35.0,93.0,2.657142857142857,0.07815126050420168,0.5294117647058824,0.11764705882352941,0.125,0.5625,0.25,0.5625,0.2,0.0,0.2857142857142857,0.42857142857142855,0.5940786000462841,0.42820793793399603,0.425595238095238,0.4239276632200771,NaN,NaN,NaN,NaN,5.8125,6.774646362234219,1.681492510573806,0.858288078164975,3.7058823529411766,0.375,0.7033339687101188,4.0,6.0,1.619047619047619,0.7800623636171801,0.05714285714285714,0.0
372,1,30.0,43.0,1.4333333333333333,0.04942528735632184,0.4482758620689655,0.13793103448275862,0.125,0.625,0.25,0.5625,0.23333333333333334,0.0,0.2857142857142857,0.2857142857142857,0.5065901360544218,0.43616790728940813,0.42745535714285715,0.4307277035890283,NaN,NaN,NaN,NaN,2.6875,2.441823089414956,1.6947649572649575,0.7413022775662138,3.3846153846153846,0.25,0.48323347880902867,3.0,5.0,1.4366197183098592,0.5537507011591093,0.0,0.0
373,1,31.0,53.0,1.7096774193548387,0.05698924731182796,0.5333333333333333,0.26666666666666666,0.07142857142857142,0.5714285714285714,0.2857142857142857,0.6428571428571429,0.22580645161290322,0.0,0.2857142857142857,0.42857142857142855,0.5928571428571429,0.42450143133029034,0.4764069264069265,0.43023765643366446,NaN,NaN,NaN,NaN,3.7857142857142856,3.2148351178816053,1.6006435320951453,0.7374474729020043,3.2727272727272725,0.35714285714285715,0.49156312888796155,3.0,4.0,1.430232558139535,0.5644507517603203,0.0,0.0
374,1,28.0,45.0,1.6071428571428572,0.05952380952380952,0.4444444444444444,0.18518518518518517,0.13333333333333333,0.6666666666666666,0.3333333333333333,0.6,0.25,0.0,0.42857142857142855,0.2857142857142857,0.5791111111111111,0.4173438835152419,0.46127946127946123,0.44313753583261817,NaN,NaN,NaN,NaN,3.0,3.251373336211726,1.72039072039072,0.7888835459799348,3.6153846153846154,0.26666666666666666,0.5071088293962871,3.0,5.0,1.5125,0.616107626632666,0.0,0.0
375,1,24.0,30.0,1.25,0.05434782608695652,0.43478260869565216,0.30434782608695654,0.15384615384615385,0.7692307692307693,0.5384615384615384,0.6923076923076923,0.2916666666666667,0.0,0.7142857142857143,0.14285714285714285,0.7988165680473374,0.3804757500669594,0.6242603550295858,0.4621133828807992,NaN,NaN,NaN,NaN,2.3076923076923075,3.2502465389724775,1.6510416666666667,0.6746367447143987,3.0,0.07692307692307693,0.4326184974868922,2.0,4.0,1.2105263157894737,0.4131549501122744,0.0,0.0
376,1,28.0,64.0,2.2857142857142856,0.08465608465608465,0.5185185185185185,0.07407407407407407,0.07692307692307693,0.6153846153846154,0.38461538461538464,0.6923076923076923,0.25,0.0,0.42857142857142855,0.2857142857142857,0.6679748822605964,0.40754930459987904,0.5795604395604396,0.43818091215152255,NaN,NaN,NaN,NaN,4.923076923076923,6.601281926786878,1.5673917215789135,0.666060174282137,3.090909090909091,0.38461538461538464,0.4741889432218822,2.0,5.0,1.2674418604651163,0.44522086005384587,0.0,0.0
377,1,31.0,56.0,1.8064516129032258,0.060215053763440864,0.4666666666666667,0.1,0.0625,0.625,0.25,0.5625,0.22580645161290322,0.0,0.2857142857142857,0.42857142857142855,0.48017568850902187,0.4243213850050467,0.4078525641025641,0.4269626980408235,NaN,NaN,NaN,NaN,3.5,3.483293460696835,1.66463133640553,0.7267535673732581,3.375,0.3125,0.4478414356803161,4.0,5.0,1.4791666666666667,0.6321086959604114,0.0,0.0
378,1,31.0,55.0,1.7741935483870968,0.05913978494623656,0.5,0.13333333333333333,0.06666666666666667,0.6,0.3333333333333333,0.6666666666666666,0.22580645161290322,0.0,0.42857142857142855,0.14285714285714285,0.6470971495055264,0.4232983322695432,0.5251190476190477,0.4314357818960161,NaN,NaN,NaN,NaN,3.6666666666666665,4.6084807950229365,1.629597463468431,0.7179463095854153,3.0,0.3333333333333333,0.5683817752244702,2.0,4.0,1.2894736842105263,0.4565315461516093,0.06451612903225806,0.0
379,1,26.0,41.0,1.5769230769230769,0.06307692307692307,0.48,0.28,0.15384615384615385,0.6153846153846154,0.38461538461538464,0.6153846153846154,0.23076923076923078,0.0,0.5,0.16666666666666666,0.6547511312217195,0.4596986665058142,0.524132730015083,0.46023843664650976,NaN,NaN,NaN,NaN,3.1538461538461537,4.48787540391059,1.6512820512820514,0.7250582057389612,3.0,0.23076923076923078,0.5072923500855149,2.0,4.0,1.2,0.4040610178208843,0.0,0.0
38,1,29.0,39.0,1.3448275862068966,0.0480295566502463,0.4642857142857143,0.17857142857142858,0.06666666666666667,0.6,0.26666666666666666,0.6666666666666666,0.2413793103448276,0.0,0.2857142857142857,0.42857142857142855,0.6179894179894181,0.4100392556183665,0.4888888888888889,0.4056479564231336,NaN,NaN,NaN,NaN,2.6,1.9198214202665533,1.6815428824049514,0.7436107696303842,3.4230769230769234,0.4,0.42010841524853015,3.0,4.0,1.4461538461538461,0.5598763599773958,0.0,0.0
380,1,31.0,75.0,2.4193548387096775,0.08064516129032258,0.5333333333333333,0.06666666666666667,0.07142857142857142,0.7142857142857143,0.42857142857142855,0.7142857142857143,0.22580645161290322,0.0,0.5714285714285714,0.2857142857142857,0.6982377283105023,0.40417731299941306,0.5963010204081632,0.4319092004576992,NaN,NaN,NaN,NaN,5.357142857142857,6.109351506025481,1.5762890640456897,0.716103621824877,3.344827586206897,0.2857142857142857,0.538577203736106,2.0,6.0,1.3951612903225807,0.4908686242715625,0.06451612903225806,0.0
381,1,31.0,53.0,1.7096774193548387,0.05698924731182796,0.5333333333333333,0.16666666666666666,0.07142857142857142,0.5714285714285714,0.2857142857142857,0.7142857142857143,0.22580645161290322,0.0,0.2857142857142857,0.42857142857142855,0.6627293341579056,0.38728839621321615,0.5336734693877551,0.4008862686644155,NaN,NaN,NaN,NaN,3.7857142857142856,3.0427359001795997,1.6132104454685101,0.7663636487613014,3.571428571428571,0.42857142857142855,0.5467203935787843,3.0,5.0,1.5376344086021505,0.6520726117366777,0.0,0.0
382,1,27.0,64.0,2.3703703703703702,0.09116809116809117,0.5,0.11538461538461539,0.15384615384615385,0.5384615384615384,0.38461538461538464,0.6923076923076923,0.25925925925925924,0.0,0.42857142857142855,0.42857142857142855,0.7683991683991683,0.3515650504231981,0.5641025641025641,0.43321826217053994,NaN,NaN,NaN,NaN,4.923076923076923,5.6193347539475775,1.7117924846522299,0.851766749745895,3.5555555555555554,0.38461538461538464,0.6855397642438205,3.0,7.0,1.4910714285714286,0.5850315416812198,0.07407407407407407,0.0
383,1,26.0,47.0,1.8076923076923077,0.07230769230769231,0.44,0.2,0.21428571428571427,0.5714285714285714,0.35714285714285715,0.5714285714285714,0.2692307692307692,0.0,0.42857142857142855,0.2857142857142857,0.6053968253968254,0.4356784793274401,0.4895833333333333,0.46761793498502396,NaN,NaN,NaN,NaN,3.357142857142857,4.06877684998146,1.7633245284882,0.8232176897585414,3.526315789473684,0.2857142857142857,0.6030222592432054,3.0,5.0,1.4743589743589745,0.5970568285153905,0.0,0.0
384,1,32.0,63.0,1.96875,0.06350806451612903,0.5161290322580645,0.0967741935483871,0.13333333333333333,0.6666666666666666,0.3333333333333333,0.5333333333333333,0.21875,0.0,0.42857142857142855,0.2857142857142857,0.5512854030501089,0.4325529126219669,0.42962962962962964,0.457384379173121,NaN,NaN,NaN,NaN,4.2,4.887301329539063,1.6432634320175439,0.7956261012634439,3.625,0.26666666666666666,0.5636952500405576,3.0,5.0,1.5391304347826087,0.6391737610952255,0.0,0.0
385,1,31.0,67.0,2.161290322580645,0.07204301075268817,0.4666666666666667,0.1,0.125,0.5625,0.25,0.5625,0.22580645161290322,0.0,0.2857142857142857,0.42857142857142855,0.590974025974026,0.4263834955216664,0.4328674948240166,0.43126466279809356,NaN,NaN,NaN,NaN,4.1875,5.564395744373328,1.7067047647692812,0.7722895344535675,3.3846153846153846,0.3125,0.586580455392916,3.0,4.0,1.3571428571428572,0.5025707110324167,0.0,0.0
386,1,26.0,27.0,1.0384615384615385,0.04153846153846154,0.4,0.4,0.13333333333333333,0.6666666666666666,0.3333333333333333,0.5333333333333333,0.2692307692307692,0.0,0.42857142857142855,0.14285714285714285,0.5333333333333333,0.4805750523616274,0.43333333333333335,0.4577377082170634,NaN,NaN,NaN,NaN,1.8,1.2071217242444348,1.7243589743589745,0.6991142136737629,3.0,0.2,0.2912678728007307,2.0,3.0,1.25,0.43915503282683993,0.0,0.0
387,1,28.0,50.0,1.7857142857142858,0.06613756613756613,0.48148148148148145,0.14814814814814814,0.14285714285714285,0.5714285714285714,0.2857142857142857,0.5714285714285714,0.25,0.0,0.2857142857142857,0.42857142857142855,0.5146103896103896,0.4270864367411812,0.4327651515151515,0.4359307280511196,NaN,NaN,NaN,NaN,3.5714285714285716,4.50152599278692,1.6736191968950591,0.7611524942702682,3.3636363636363633,0.35714285714285715,0.5552990114337412,3.0,6.0,1.4578313253012047,0.610901070176951,0.0,0.0
388,1,30.0,61.0,2.033333333333333,0.07011494252873564,0.4827586206896552,0.13793103448275862,0.13333333333333333,0.6,0.26666666666666666,0.5333333333333333,0.23333333333333334,0.0,0.2857142857142857,0.42857142857142855,0.5710162853019995,0.43609448530258244,0.4261294261294261,0.44043969854346926,NaN,NaN,NaN,NaN,4.066666666666666,4.382867076415141,1.6924120759414878,0.816387544047686,3.5384615384615383,0.4,0.6534089659075816,3.0,7.0,1.5701754385964912,0.664781529694724,0.06666666666666667,0.0
389,1,29.0,68.0,2.3448275862068964,0.08374384236453201,0.4642857142857143,0.07142857142857142,0.06666666666666667,0.6,0.26666666666666666,0.6,0.2413793103448276,0.0,0.2857142857142857,0.42857142857142855,0.517720734126984,0.42121886379926976,0.4465099715099715,0.432283129058858,NaN,NaN,NaN,NaN,4.533333333333333,6.5777402401331315,1.6772421051242459,0.7525782702836044,3.6153846153846154,0.4,0.5624071641748231,4.0,6.0,1.5789473684210527,0.7745365367514465,0.06896551724137931,0.0
39,1,29.0,71.0,2.4482758620689653,0.0874384236453202,0.4642857142857143,0.10714285714285714,0.13333333333333333,0.5333333333333333,0.26666666666666666,0.6,0.2413793103448276,0.0,0.2857142857142857,0.42857142857142855,0.5868650793650794,0.3997323862028207,0.442936507936508,0.42648976367378205,NaN,NaN,NaN,NaN,4.733333333333333,6.099960967868877,1.6910387663311202,0.7417117101497918,3.071428571428571,0.3333333333333333,0.5512231354020328,3.0,5.0,1.4051724137931034,0.5103868656457454,0.0,0.0
390,1,28.0,63.0,2.25,0.08333333333333333,0.48148148148148145,0.1111111111111111,0.14285714285714285,0.5714285714285714,0.2857142857142857,0.5714285714285714,0.25,0.0,0.2857142857142857,0.42857142857142855,0.5518077601410935,0.40769585419607435,0.4456654456654457,0.43855280653923073,NaN,NaN,NaN,NaN,4.5,5.1403382109620885,1.696119911379186,0.8146822116651761,3.8235294117647056,0.42857142857142855,0.5086493398426295,4.0,6.0,1.6153846153846154,0.7409936693637371,0.0,0.0
391,1,27.0,32.0,1.1851851851851851,0.045584045584045586,0.5,0.3076923076923077,0.15384615384615385,0.6153846153846154,0.38461538461538464,0.6153846153846154,0.25925925925925924,0.0,0.42857142857142855,0.42857142857142855,0.6666666666666667,0.47140452079103173,0.5256410256410257,0.46070675299013386,NaN,NaN,NaN,NaN,2.4615384615384617,2.2216879699673027,1.6325102880658438,0.7298214661928736,3.0,0.23076923076923078,0.38285578794216024,3.0,4.0,1.3877551020408163,0.5706840387717563,0.0,0.0
392,1,25.0,39.0,1.56,0.065,0.4166666666666667,0.20833333333333334,0.07142857142857142,0.6428571428571429,0.35714285714285715,0.7142857142857143,0.28,0.0,0.42857142857142855,0.2857142857142857,0.6510416666666666,0.3976583686428709,0.5238095238095238,0.41785544701867244,NaN,NaN,NaN,NaN,2.7857142857142856,2.991746889452624,1.746,0.7755416267453442,3.533333333333333,0.35714285714285715,0.47529299784256307,3.0,5.0,1.4262295081967213,0.6180349610780559,0.0,0.0
393,1,32.0,55.0,1.71875,0.055443548387096774,0.5483870967741935,0.25806451612903225,0.14285714285714285,0.5714285714285714,0.35714285714285715,0.6428571428571429,0.21875,0.0,0.42857142857142855,0.2857142857142857,0.7228599773242629,0.4206431290420225,0.5711451247165533,0.45650834483234765,NaN,NaN,NaN,NaN,3.9285714285714284,4.178043077332252,1.5992191915568887,0.7619963361793373,3.4545454545454546,0.35714285714285715,0.5029496854934916,3.0,4.0,1.4791666666666667,0.5800030247955004,0.0,0.0
394,1,29.0,68.0,2.3448275862068964,0.08374384236453201,0.5,0.03571428571428571,0.14285714285714285,0.5,0.2857142857142857,0.6428571428571429,0.2413793103448276,0.0,0.2857142857142857,0.2857142857142857,0.6517784256559767,0.437449382793558,0.5267857142857143,0.4335080832484652,NaN,NaN,NaN,NaN,4.857142857142857,6.643182078783339,1.6828780414987312,0.7921879007256246,3.4,0.42857142857142855,0.6051166147173935,3.0,5.0,1.3904761904761904,0.5279721382370275,0.0,0.0
395,1,27.0,82.0,3.037037037037037,0.1168091168091168,0.46153846153846156,0.038461538461538464,0.07142857142857142,0.5714285714285714,0.2857142857142857,0.6428571428571429,0.25925925925925924,0.0,0.2857142857142857,0.2857142857142857,0.5975221344013042,0.41034127888139255,0.48580542264752796,0.4191748641408034,NaN,NaN,NaN,NaN,5.857142857142857,7.220240171342511,1.7174655655107969,0.7908433487353701,3.4615384615384617,0.42857142857142855,0.6083369549963001,3.0,6.0,1.384,0.5504250556937647,0.07407407407407407,0.0
396,1,24.0,28.0,1.1666666666666667,0.050724637681159424,0.34782608695652173,0.43478260869565216,0.13333333333333333,0.6,0.3333333333333333,0.5333333333333333,0.2916666666666667,0.0,0.42857142857142855,0.14285714285714285,0.5111111111111111,0.46490597558814634,0.43333333333333335,0.45773770821706344,NaN,NaN,NaN,NaN,1.8666666666666667,1.4573295865416043,1.7916666666666667,0.69025305168635,3.0,0.26666666666666666,0.45824313686816137,2.0,3.0,1.1818181818181819,0.3916747259003201,0.0,0.0
397,1,32.0,57.0,1.78125,0.057459677419354836,0.5483870967741935,0.12903225806451613,0.07142857142857142,0.5714285714285714,0.35714285714285715,0.7142857142857143,0.21875,0.0,0.42857142857142855,0.42857142857142855,0.7182269733290142,0.40059362740538984,0.5797619047619048,0.42527912259165995,NaN,NaN,NaN,NaN,4.071428571428571,3.292515655340054,1.5950226908802492,0.7703617679799722,3.5813953488372094,0.42857142857142855,0.5802397488725846,3.0,5.0,1.5,0.5945883900105632,0.0,0.0
398,1,26.0,36.0,1.3846153846153846,0.055384615384615386,0.44,0.28,0.07142857142857142,0.7142857142857143,0.42857142857142855,0.6428571428571429,0.2692307692307692,0.0,0.5714285714285714,0.2857142857142857,0.574404761904762,0.4374909150751599,0.5119047619047619,0.4678295297054995,NaN,NaN,NaN,NaN,2.5714285714285716,3.030975616334317,1.7061143984220908,0.7954912646260126,4.0,0.21428571428571427,0.43359238751986756,4.0,6.0,1.6764705882352942,0.8184655550441196,0.0,0.0
399,1,34.0,70.0,2.0588235294117645,0.062388591800356503,0.5454545454545454,0.12121212121212122,0.06666666666666667,0.6,0.26666666666666666,0.6,0.20588235294117646,0.0,0.2857142857142857,0.42857142857142855,0.5538232323232323,0.4368778608364975,0.48111111111111104,0.4427487493222934,NaN,NaN,NaN,NaN,4.666666666666667,4.30392954447555,1.5556097305232253,0.6831251455093603,3.2058823529411766,0.4,0.4617790218636027,3.0,6.0,1.3557692307692308,0.5198631117576942,0.0,0.0
4,1,33.0,62.0,1.878787878787879,0.058712121212121215,0.5,0.15625,0.0625,0.5625,0.25,0.625,0.21212121212121213,0.0,0.2857142857142857,0.42857142857142855,0.5769910535535534,0.41708246008830263,0.47953869047619047,0.41716505765333284,NaN,NaN,NaN,NaN,3.875,4.193248541803041,1.6559020796988715,0.7609583168123806,3.4230769230769234,0.4375,0.5831938582063738,3.0,5.0,1.5132743362831858,0.5993306422255525,0.06060606060606061,0.0
40,1,25.0,40.0,1.6,0.06666666666666667,0.4166666666666667,0.20833333333333334,0.07142857142857142,0.6428571428571429,0.2857142857142857,0.6428571428571429,0.28,0.0,0.2857142857142857,0.2857142857142857,0.5540816326530612,0.4016921175165436,0.45357142857142857,0.4199195370334865,NaN,NaN,NaN,NaN,2.857142857142857,1.9944979263017493,1.7418315018315018,0.7718216658451773,3.4230769230769234,0.35714285714285715,0.49466145194884176,3.0,5.0,1.3968253968253967,0.5248558185943452,0.0,0.0
400,1,29.0,59.0,2.0344827586206895,0.07266009852216748,0.4642857142857143,0.10714285714285714,0.13333333333333333,0.6,0.26666666666666666,0.5333333333333333,0.2413793103448276,0.0,0.2857142857142857,0.42857142857142855,0.4868080808080808,0.4515338743128034,0.3941062801932367,0.4326040889734878,NaN,NaN,NaN,NaN,3.933333333333333,5.836665714829543,1.6765560615918453,0.7270642112974692,3.0,0.26666666666666666,0.5256325564875981,2.0,5.0,1.1470588235294117,0.35679777634476,0.0,0.0
401,1,29.0,39.0,1.3448275862068966,0.0480295566502463,0.5357142857142857,0.32142857142857145,0.23076923076923078,0.6153846153846154,0.38461538461538464,0.6153846153846154,0.2413793103448276,0.0,0.42857142857142855,0.2857142857142857,0.7156593406593407,0.4182449829670166,0.5485347985347986,0.4659732644718061,NaN,NaN,NaN,NaN,3.0,2.943920288775949,1.620306513409962,0.7848772860729719,3.5,0.23076923076923078,0.3863339588904133,3.0,4.0,1.5555555555555556,0.6690099662174537,0.0,0.0
402,1,29.0,47.0,1.6206896551724137,0.05788177339901478,0.42857142857142855,0.25,0.0625,0.6875,0.3125,0.625,0.2413793103448276,0.0,0.42857142857142855,0.42857142857142855,0.5753367003367004,0.42902925865918035,0.47575757575757577,0.43053770809302033,NaN,NaN,NaN,NaN,2.9375,3.2345787979271736,1.7156259055346277,0.7478889850482784,3.4705882352941178,0.3125,0.5275456507960551,3.0,5.0,1.4487179487179487,0.5731534074790349,0.0,0.0
403,1,27.0,66.0,2.4444444444444446,0.09401709401709402,0.46153846153846156,0.07692307692307693,0.07142857142857142,0.5714285714285714,0.2857142857142857,0.7142857142857143,0.25925925925925924,0.0,0.2857142857142857,0.2857142857142857,0.662551440329218,0.37801143905047535,0.5093984962406014,0.399194567049506,NaN,NaN,NaN,NaN,4.714285714285714,5.941102868719182,1.724049736714014,0.8023925029885864,3.65,0.42857142857142855,0.5475740465495593,3.0,5.0,1.4678899082568808,0.6319987010571734,0.07407407407407407,0.0
404,1,35.0,91.0,2.6,0.07647058823529412,0.5294117647058824,0.058823529411764705,0.0625,0.625,0.25,0.625,0.2,0.0,0.2857142857142857,0.42857142857142855,0.5789289917007309,0.4198748730339337,0.463710632664437,0.41726915752098304,NaN,NaN,NaN,NaN,5.6875,6.363633658008083,1.6116959887403237,0.7546013227124974,3.4833333333333334,0.3125,0.5006857537957273,3.0,5.0,1.4823529411764707,0.5354147804473424,0.0,0.0
405,1,25.0,55.0,2.2,0.09166666666666666,0.5,0.16666666666666666,0.08333333333333333,0.5,0.4166666666666667,0.8333333333333334,0.28,0.0,0.42857142857142855,0.14285714285714285,0.8551587301587302,0.28723590728360865,0.6527777777777778,0.37239555740965974,NaN,NaN,NaN,NaN,4.583333333333333,5.017393987344668,1.665741935483871,0.7655021883810869,3.193548387096774,0.5,0.5660128160967572,3.0,5.0,1.353658536585366,0.5060608273474739,0.08,0.0
406,1,34.0,77.0,2.264705882352941,0.06862745098039216,0.5454545454545454,0.09090909090909091,0.06666666666666667,0.6,0.26666666666666666,0.6,0.20588235294117646,0.0,0.2857142857142857,0.42857142857142855,0.5718360071301248,0.4398875849096517,0.4742760942760943,0.43513788826598143,NaN,NaN,NaN,NaN,5.133333333333334,5.449333729479054,1.5817954211808047,0.7403073270000307,3.456140350877193,0.3333333333333333,0.6053194191402032,3.0,6.0,1.4848484848484849,0.6114036969831879,0.058823529411764705,0.0
407,1,29.0,70.0,2.413793103448276,0.08620689655172414,0.5,0.03571428571428571,0.07142857142857142,0.6428571428571429,0.35714285714285715,0.7142857142857143,0.2413793103448276,0.0,0.42857142857142855,0.42857142857142855,0.7040265376984126,0.3958095097902011,0.5752551020408163,0.4221228781593464,NaN,NaN,NaN,NaN,5.0,6.5983680966176435,1.6288034554151498,0.7258369526641052,3.0476190476190474,0.35714285714285715,0.5966525775729132,3.0,6.0,1.3888888888888888,0.5265534796943167,0.0,0.0
408,1,26.0,47.0,1.8076923076923077,0.07230769230769231,0.44,0.12,0.14285714285714285,0.5714285714285714,0.2857142857142857,0.5714285714285714,0.2692307692307692,0.0,0.2857142857142857,0.2857142857142857,0.5286215538847118,0.4313590107944748,0.45238095238095244,0.4423546718162426,NaN,NaN,NaN,NaN,3.357142857142857,5.0170040532502735,1.6887292194984505,0.717066493222581,3.142857142857143,0.35714285714285715,0.5086829934376442,2.0,4.0,1.2923076923076924,0.45836246993635266,0.0,0.0
409,1,36.0,103.0,2.861111111111111,0.08174603174603175,0.5428571428571428,0.05714285714285714,0.0625,0.625,0.3125,0.625,0.19444444444444445,0.0,0.42857142857142855,0.42857142857142855,0.637530303030303,0.4497215673647648,0.5229734848484848,0.4422441063854787,NaN,NaN,NaN,NaN,6.4375,8.1891696770796,1.5599918099918102,0.6836560622128304,3.0,0.3125,0.5294809373136585,2.0,5.0,1.1721311475409837,0.3790510759717831,0.0,0.0
41,1,33.0,66.0,2.0,0.0625,0.5,0.0625,0.0625,0.625,0.3125,0.625,0.21212121212121213,0.0,0.42857142857142855,0.14285714285714285,0.5847975553857907,0.4257026912524978,0.4919865673542144,0.4314088516925535,NaN,NaN,NaN,NaN,4.125,4.588027898781785,1.6039392706059374,0.6829229239723907,3.261904761904762,0.375,0.5007133392074327,3.0,5.0,1.3725490196078431,0.5058385573363681,0.0,0.0
410,1,33.0,93.0,2.8181818181818183,0.08806818181818182,0.5625,0.03125,0.07142857142857142,0.5,0.2857142857142857,0.7142857142857143,0.21212121212121213,0.0,0.2857142857142857,0.42857142857142855,0.7321340384740881,0.4024426380454392,0.5889903329752953,0.4128583492307286,NaN,NaN,NaN,NaN,6.642857142857143,8.714330751099618,1.5701718371574833,0.7258925665652228,3.0210526315789474,0.42857142857142855,0.595241644388479,3.0,6.0,1.2372881355932204,0.4467922919721479,0.0,0.0
411,1,30.0,65.0,2.1666666666666665,0.07471264367816093,0.5172413793103449,0.06896551724137931,0.07142857142857142,0.6428571428571429,0.35714285714285715,0.7142857142857143,0.23333333333333334,0.0,0.42857142857142855,0.2857142857142857,0.6613520408163265,0.3999536357464676,0.538888888888889,0.4189651702291578,NaN,NaN,NaN,NaN,4.642857142857143,5.943414492038715,1.6091183802976505,0.7284000624251784,3.2459016393442623,0.2857142857142857,0.5593990056036812,3.0,6.0,1.3404255319148937,0.5195778164029918,0.0,0.0
412,1,28.0,42.0,1.5,0.05555555555555555,0.4444444444444444,0.18518518518518517,0.2,0.6,0.26666666666666666,0.5333333333333333,0.25,0.0,0.2857142857142857,0.2857142857142857,0.5317460317460317,0.4118628981386764,0.43611111111111106,0.44678821492370296,NaN,NaN,NaN,NaN,2.8,2.210365192839022,1.756959706959707,0.8553380408746396,4.0,0.2,0.5363591698556933,3.0,5.0,1.4782608695652173,0.6326576913906156,0.0,0.0
413,1,32.0,102.0,3.1875,0.1028225806451613,0.4838709677419355,0.03225806451612903,0.0625,0.625,0.25,0.625,0.21875,0.0,0.2857142857142857,0.42857142857142855,0.5850590811069524,0.4203120182951768,0.4625699915442996,0.41709679636831903,NaN,NaN,NaN,NaN,6.375,8.317651912248632,1.6868500733111844,0.7905231394540481,3.4782608695652173,0.375,0.6296358066807479,3.0,6.0,1.4050632911392404,0.5759287673083393,0.125,0.0
414,1,27.0,81.0,3.0,0.11538461538461539,0.5,0.11538461538461539,0.07692307692307693,0.5384615384615384,0.3076923076923077,0.7692307692307693,0.25925925925925924,0.0,0.2857142857142857,0.2857142857142857,0.7738292833518368,0.35083859604577255,0.6023755656108597,0.3953139521146194,NaN,NaN,NaN,NaN,6.230769230769231,5.746793978005566,1.7030549169512728,0.8475124101418209,3.6296296296296298,0.46153846153846156,0.5849482080205127,4.0,6.0,1.4615384615384615,0.6367778159462967,0.07407407407407407,0.0
415,1,28.0,34.0,1.2142857142857142,0.04497354497354497,0.4444444444444444,0.2222222222222222,0.13333333333333333,0.6,0.3333333333333333,0.6,0.25,0.0,0.42857142857142855,0.2857142857142857,0.6009259259259259,0.42017263955564516,0.4611111111111111,0.4508222939704077,NaN,NaN,NaN,NaN,2.2666666666666666,1.4864467059144133,1.7281565656565656,0.795854330085717,3.7272727272727275,0.3333333333333333,0.4770604603998867,4.0,5.0,1.6349206349206349,0.7683578488713257,0.0,0.0
416,1,24.0,60.0,2.5,0.10869565217391304,0.391304347826087,0.043478260869565216,0.07142857142857142,0.5714285714285714,0.2857142857142857,0.7142857142857143,0.2916666666666667,0.0,0.2857142857142857,0.42857142857142855,0.6493393275677617,0.3821872534873582,0.4753401360544217,0.40065967662350804,NaN,NaN,NaN,NaN,4.285714285714286,4.564555272440551,1.8721238030700944,0.8977390820337938,3.7058823529411766,0.35714285714285715,0.6125779009243246,5.0,8.0,1.72,0.8481478872871626,0.08333333333333333,0.0
417,1,28.0,46.0,1.6428571428571428,0.06084656084656084,0.4444444444444444,0.18518518518518517,0.06666666666666667,0.6666666666666666,0.3333333333333333,0.6666666666666666,0.25,0.0,0.42857142857142855,0.14285714285714285,0.600498866213152,0.4072186564368494,0.5111111111111112,0.4256197168800352,NaN,NaN,NaN,NaN,3.066666666666667,3.5145954180219596,1.6871031746031748,0.7292865232810686,3.4333333333333336,0.3333333333333333,0.492460905236162,3.0,6.0,1.4444444444444444,0.5244044240850758,0.0,0.0
418,1,31.0,60.0,1.935483870967742,0.06451612903225806,0.5,0.16666666666666666,0.2,0.5333333333333333,0.26666666666666666,0.5333333333333333,0.22580645161290322,0.0,0.2857142857142857,0.42857142857142855,0.5892239858906526,0.4240475907149323,0.44179894179894175,0.45381745377090416,NaN,NaN,NaN,NaN,4.0,4.105745103771404,1.7144000970566438,0.8592737528519679,3.642857142857143,0.4,0.5956039341619831,4.0,6.0,1.6693548387096775,0.7181930147245662,0.0,0.0
419,1,26.0,59.0,2.269230769230769,0.09076923076923077,0.4,0.04,0.2,0.6,0.26666666666666666,0.4666666666666667,0.2692307692307692,0.0,0.2857142857142857,0.2857142857142857,0.40432900432900437,0.4606963749623905,0.3651178451178451,0.44186016784416837,NaN,NaN,NaN,NaN,3.933333333333333,5.7379272846394205,1.8161009031454376,0.8456242056056743,4.0,0.13333333333333333,0.6054998136095737,3.0,5.0,1.2597402597402598,0.4702350308929345,0.0,0.0
42,1,28.0,40.0,1.4285714285714286,0.05291005291005291,0.4444444444444444,0.25925925925925924,0.13333333333333333,0.6,0.26666666666666666,0.6,0.25,0.0,0.2857142857142857,0.2857142857142857,0.5693121693121693,0.4006810046529682,0.4492063492063492,0.4220849520264082,NaN,NaN,NaN,NaN,2.6666666666666665,2.6095064302514777,1.7291383219954646,0.8046546065370319,4.0,0.26666666666666666,0.4293217553337868,3.0,4.0,1.3392857142857142,0.5808077671120301,0.0,0.0
420,1,27.0,32.0,1.1851851851851851,0.045584045584045586,0.46153846153846156,0.3076923076923077,0.07142857142857142,0.6428571428571429,0.2857142857142857,0.6428571428571429,0.0,0.0,NaN,NaN,0.5916666666666667,0.419360239467625,0.47738095238095235,0.4295499106775903,NaN,NaN,NaN,NaN,2.2857142857142856,1.5406577730392867,1.657275132275132,0.7104501976917155,3.125,0.2857142857142857,0.4117131056315176,3.0,4.0,1.411764705882353,0.5718905695405475,0.0,0.0
421,1,24.0,47.0,1.9583333333333333,0.08514492753623189,0.4782608695652174,0.17391304347826086,0.16666666666666666,0.5833333333333334,0.4166666666666667,0.6666666666666666,0.0,0.0,NaN,NaN,0.6794117647058823,0.42079105838406294,0.5568924539512775,0.45144897321485267,NaN,NaN,NaN,NaN,3.9166666666666665,5.124953806148063,1.682986111111111,0.778509969586499,3.4,0.3333333333333333,0.5400886666164969,3.0,4.0,1.391304347826087,0.5994456091783235,0.0,0.0
422,1,35.0,98.0,2.8,0.08235294117647059,0.5588235294117647,0.029411764705882353,0.06666666666666667,0.6,0.26666666666666666,0.6666666666666666,0.2,0.0,0.2857142857142857,0.2857142857142857,0.6349212290211627,0.40873346746787736,0.5267704517704518,0.41470428171672646,NaN,NaN,NaN,NaN,6.533333333333333,7.909006318898788,1.5790510063674592,0.7512021047657341,3.2777777777777777,0.4,0.6008086959197149,3.0,7.0,1.502824858757062,0.6041926787167277,0.05714285714285714,0.0
423,1,30.0,99.0,3.3,0.11379310344827587,0.4827586206896552,0.034482758620689655,0.06666666666666667,0.6,0.26666666666666666,0.6666666666666666,0.23333333333333334,0.0,0.2857142857142857,0.42857142857142855,0.6360443722943722,0.4093697105439406,0.5063844797178131,0.4301024423341689,NaN,NaN,NaN,NaN,6.6,7.753340293982053,1.6749966083299415,0.7681908952885692,3.185185185185185,0.26666666666666666,0.5906708581247923,2.0,6.0,1.3120567375886525,0.464984665999853,0.0,0.0
424,1,30.0,65.0,2.1666666666666665,0.07471264367816093,0.4482758620689655,0.13793103448275862,0.0625,0.625,0.3125,0.625,0.23333333333333334,0.0,0.42857142857142855,0.2857142857142857,0.5810185185185185,0.4314225308110941,0.46592392439431907,0.43222552841633416,NaN,NaN,NaN,NaN,4.0625,4.823121395942673,1.7290476190476192,0.7969989747201076,3.7142857142857144,0.3125,0.5635024644777762,3.0,4.0,1.4711538461538463,0.637908152521211,0.0,0.0
425,1,30.0,47.0,1.5666666666666667,0.054022988505747126,0.4827586206896552,0.27586206896551724,0.06666666666666667,0.6,0.26666666666666666,0.6,0.23333333333333334,0.0,0.2857142857142857,0.2857142857142857,0.5155172413793103,0.418718125179697,0.4446464646464647,0.42597892393856973,NaN,NaN,NaN,NaN,3.1333333333333333,3.248442850410171,1.6741935483870969,0.7702886836434805,3.333333333333333,0.4,0.6287292484536875,3.0,4.0,1.3768115942028984,0.5714133477450843,0.06666666666666667,0.0
426,1,28.0,39.0,1.3928571428571428,0.051587301587301584,0.48148148148148145,0.25925925925925924,0.14285714285714285,0.6428571428571429,0.35714285714285715,0.6428571428571429,0.25,0.0,0.42857142857142855,0.42857142857142855,0.6743055555555556,0.44987467918361473,0.5595238095238095,0.44986770542121873,NaN,NaN,NaN,NaN,2.7857142857142856,2.4862257904942346,1.6538155453568986,0.7507278896636879,3.526315789473684,0.2857142857142857,0.4160078343984146,3.0,5.0,1.4193548387096775,0.588089072565785,0.0,0.0
427,1,27.0,51.0,1.8888888888888888,0.07264957264957266,0.46153846153846156,0.15384615384615385,0.14285714285714285,0.6428571428571429,0.35714285714285715,0.6428571428571429,0.25925925925925924,0.0,0.42857142857142855,0.2857142857142857,0.7296213624338623,0.4039223136104563,0.5297619047619048,0.4453068936679844,NaN,NaN,NaN,NaN,3.642857142857143,4.499694739340964,1.6851531184864517,0.7507888350132519,3.3181818181818183,0.2857142857142857,0.4449387289540672,3.0,5.0,1.382716049382716,0.51400148916535,0.0,0.0
428,1,28.0,69.0,2.4642857142857144,0.09126984126984126,0.4444444444444444,0.07407407407407407,0.06666666666666667,0.6666666666666666,0.3333333333333333,0.6666666666666666,0.25,0.0,0.42857142857142855,0.42857142857142855,0.6587908066168936,0.42454297650158757,0.5290404040404041,0.42890733680338966,NaN,NaN,NaN,NaN,4.6,6.389723892984064,1.6607804366685943,0.684173784523655,3.16,0.3333333333333333,0.5164307855354736,2.0,5.0,1.309278350515464,0.4645971539558949,0.0,0.0
429,1,33.0,75.0,2.272727272727273,0.07102272727272728,0.5,0.125,0.0625,0.625,0.25,0.5625,0.21212121212121213,0.0,0.2857142857142857,0.2857142857142857,0.5069113756613757,0.42677116472974397,0.4361111111111111,0.43143604651477646,NaN,NaN,NaN,NaN,4.6875,5.2117655357853545,1.6047061524334252,0.6919238686266581,3.3636363636363633,0.375,0.4212197716425011,3.0,5.0,1.373913043478261,0.5373892307766235,0.0,0.0
43,1,28.0,65.0,2.3214285714285716,0.08597883597883597,0.48148148148148145,0.037037037037037035,0.14285714285714285,0.5714285714285714,0.2857142857142857,0.5714285714285714,0.25,0.0,0.2857142857142857,0.42857142857142855,0.5508554319931565,0.44452162932648753,0.4572448979591836,0.44310183395529,NaN,NaN,NaN,NaN,4.642857142857143,6.331935453982976,1.6854724442224442,0.7841876256737683,3.48,0.35714285714285715,0.6259942909201249,3.0,7.0,1.5267857142857142,0.6706165165178324,0.07142857142857142,0.0
430,1,31.0,68.0,2.193548387096774,0.07311827956989247,0.5333333333333333,0.1,0.07142857142857142,0.5714285714285714,0.2857142857142857,0.7142857142857143,0.22580645161290322,0.0,0.2857142857142857,0.42857142857142855,0.6499444675829515,0.38862143767117135,0.516156462585034,0.40550478968767395,NaN,NaN,NaN,NaN,4.857142857142857,4.129763317061289,1.642825096870273,0.8112761067558881,3.5087719298245617,0.42857142857142855,0.6244492545894564,3.0,6.0,1.4710743801652892,0.5488530490226755,0.0,0.0
431,1,29.0,57.0,1.9655172413793103,0.07019704433497537,0.5357142857142857,0.07142857142857142,0.07692307692307693,0.6923076923076923,0.46153846153846156,0.6923076923076923,0.2413793103448276,0.0,0.5714285714285714,0.2857142857142857,0.7045895281189399,0.4156582637530398,0.5961538461538461,0.44856529759983244,NaN,NaN,NaN,NaN,4.384615384615385,5.2525939867596465,1.5477071990320628,0.6770593352008781,3.236842105263158,0.3076923076923077,0.5030784054824908,3.0,5.0,1.375,0.5099583034566334,0.0,0.0
432,1,32.0,69.0,2.15625,0.06955645161290322,0.5161290322580645,0.12903225806451613,0.06666666666666667,0.5333333333333333,0.26666666666666666,0.6666666666666666,0.21875,0.0,0.2857142857142857,0.42857142857142855,0.643553327763854,0.42034520327398817,0.5199094959621274,0.4217371439418067,NaN,NaN,NaN,NaN,4.6,4.954074801903696,1.6447916666666667,0.76908345621317,3.321428571428571,0.4666666666666667,0.5643239382256782,3.0,4.0,1.392156862745098,0.5828720754493005,0.0,0.0
433,1,34.0,60.0,1.7647058823529411,0.053475935828877004,0.5454545454545454,0.21212121212121213,0.06666666666666667,0.6666666666666666,0.4,0.6666666666666666,0.20588235294117646,0.0,0.5714285714285714,0.14285714285714285,0.682716049382716,0.4355805176472475,0.5765079365079365,0.44708287148842113,NaN,NaN,NaN,NaN,4.0,3.7032803990902057,1.5447058823529412,0.6664798312168905,3.0,0.26666666666666666,0.45582965893642957,2.0,4.0,1.2891566265060241,0.45612686729835106,0.0,0.0
434,1,31.0,71.0,2.2903225806451615,0.07634408602150537,0.5333333333333333,0.06666666666666667,0.14285714285714285,0.5714285714285714,0.35714285714285715,0.6428571428571429,0.22580645161290322,0.0,0.42857142857142855,0.42857142857142855,0.6697802197802197,0.39840366815733813,0.5287878787878787,0.4424382122519059,NaN,NaN,NaN,NaN,5.071428571428571,5.1956236867680765,1.637360320472275,0.8003625294027278,3.5555555555555554,0.2857142857142857,0.5836027510896103,3.0,5.0,1.4090909090909092,0.5633363025980609,0.06451612903225806,0.0
435,1,30.0,54.0,1.8,0.06206896551724138,0.5172413793103449,0.13793103448275862,0.07142857142857142,0.5714285714285714,0.2857142857142857,0.7142857142857143,0.23333333333333334,0.0,0.2857142857142857,0.2857142857142857,0.6418067226890757,0.37841484050992114,0.5496031746031746,0.4009394492968259,NaN,NaN,NaN,NaN,3.857142857142857,4.801556524185158,1.600942884276218,0.7137881504903311,3.25,0.42857142857142855,0.5719347351669629,3.0,5.0,1.3066666666666666,0.4924657577157244,0.0,0.0
436,1,30.0,74.0,2.466666666666667,0.08505747126436781,0.4482758620689655,0.034482758620689655,0.0625,0.6875,0.3125,0.625,0.23333333333333334,0.0,0.42857142857142855,0.2857142857142857,0.5867572731755424,0.4333736679621726,0.4922809829059829,0.43709072097219936,NaN,NaN,NaN,NaN,4.625,6.869012544269615,1.653673957621326,0.6783304764163764,3.0,0.25,0.5174904863744632,2.0,5.0,1.1704545454545454,0.37818656555978564,0.0,0.0
437,1,32.0,77.0,2.40625,0.07762096774193548,0.5161290322580645,0.06451612903225806,0.06666666666666667,0.6,0.3333333333333333,0.6666666666666666,0.21875,0.0,0.42857142857142855,0.2857142857142857,0.6522060252672497,0.41803944762664036,0.5096031746031746,0.43102154579590013,NaN,NaN,NaN,NaN,5.133333333333334,5.566053573309583,1.6635369443254566,0.8136914275654207,3.568965517241379,0.4,0.5805182237398798,3.0,5.0,1.4666666666666666,0.5571783926123031,0.0,0.0
438,1,33.0,64.0,1.9393939393939394,0.06060606060606061,0.5,0.15625,0.0625,0.625,0.3125,0.625,0.21212121212121213,0.0,0.42857142857142855,0.42857142857142855,0.6284802827380953,0.4481854998593737,0.5002840909090909,0.44004278764533533,NaN,NaN,NaN,NaN,4.0,3.9327683210007,1.6548622203702419,0.7730869004381413,3.583333333333333,0.3125,0.6361276525684638,3.0,5.0,1.4705882352941178,0.6403260671997267,0.0,0.0
439,1,27.0,73.0,2.7037037037037037,0.10398860398860399,0.4230769230769231,0.038461538461538464,0.06666666666666667,0.6666666666666666,0.3333333333333333,0.6,0.25925925925925924,0.0,0.42857142857142855,0.42857142857142855,0.5774034481517474,0.4394515289124101,0.4411616161616162,0.4431815098480693,NaN,NaN,NaN,NaN,4.866666666666666,6.822930525249466,1.7294803961470626,0.7543088717961605,3.3,0.3333333333333333,0.6131253490652646,3.0,6.0,1.3518518518518519,0.4988737748845559,0.0,0.0
44,1,27.0,47.0,1.7407407407407407,0.06695156695156695,0.46153846153846156,0.19230769230769232,0.14285714285714285,0.6428571428571429,0.35714285714285715,0.6428571428571429,0.25925925925925924,0.0,0.42857142857142855,0.42857142857142855,0.5764097744360902,0.42964186912314717,0.5128246753246753,0.4407501039348813,NaN,NaN,NaN,NaN,3.357142857142857,3.586451918350135,1.713141264865403,0.8009443213593425,3.321428571428571,0.2857142857142857,0.6915463677581162,3.0,6.0,1.4875,0.6161076266326662,0.07407407407407407,0.0
440,1,32.0,57.0,1.78125,0.057459677419354836,0.5161290322580645,0.12903225806451613,0.13333333333333333,0.5333333333333333,0.26666666666666666,0.6,0.21875,0.0,0.2857142857142857,0.2857142857142857,0.542648709315376,0.42439848956762954,0.46094276094276093,0.42869182373387493,NaN,NaN,NaN,NaN,3.8,3.4267852490135913,1.6251456876456878,0.7395922484277628,3.3076923076923075,0.3333333333333333,0.5071657210773545,3.0,5.0,1.372093023255814,0.5098214595881921,0.0,0.0
441,1,28.0,69.0,2.4642857142857144,0.09126984126984126,0.4444444444444444,0.037037037037037035,0.13333333333333333,0.5333333333333333,0.26666666666666666,0.6,0.25,0.0,0.2857142857142857,0.42857142857142855,0.5990612244897959,0.3989358898438937,0.4364285714285714,0.42474048365802136,NaN,NaN,NaN,NaN,4.6,5.0114155399732825,1.7792533097154946,0.8355691747757168,3.5,0.4,0.5971032151801816,3.0,6.0,1.4453781512605042,0.5319850735703379,0.0,0.0
442,1,32.0,66.0,2.0625,0.06653225806451613,0.5161290322580645,0.0967741935483871,0.06666666666666667,0.6,0.26666666666666666,0.6,0.21875,0.0,0.2857142857142857,0.42857142857142855,0.5613675213675212,0.43219008071124093,0.4673544973544973,0.44367085926360367,NaN,NaN,NaN,NaN,4.4,4.371988759624814,1.5942129629629629,0.7074477132018063,3.314814814814815,0.3333333333333333,0.4920352092313501,2.0,5.0,1.3867924528301887,0.4893290784228102,0.0,0.0
443,1,27.0,54.0,2.0,0.07692307692307693,0.4230769230769231,0.11538461538461539,0.13333333333333333,0.5333333333333333,0.26666666666666666,0.6,0.25925925925925924,0.0,0.2857142857142857,0.42857142857142855,0.5314497354497355,0.42319014192146626,0.40960784313725485,0.4266046989622715,NaN,NaN,NaN,NaN,3.6,4.500793580819149,1.8326680899780314,0.8774685997611041,3.5,0.4,0.7029327751799572,4.0,5.0,1.5578947368421052,0.695208364199436,0.07407407407407407,0.0
444,1,32.0,66.0,2.0625,0.06653225806451613,0.5161290322580645,0.06451612903225806,0.13333333333333333,0.6,0.26666666666666666,0.6,0.21875,0.0,0.2857142857142857,0.42857142857142855,0.6067995296884185,0.40363254959057565,0.4855026455026455,0.4386908381372063,NaN,NaN,NaN,NaN,4.4,4.852098220652293,1.635888162083015,0.7851696067690681,3.8235294117647056,0.4,0.4407793803099564,4.0,6.0,1.6307692307692307,0.7275152736984427,0.0,0.0
445,1,34.0,70.0,2.0588235294117645,0.062388591800356503,0.5151515151515151,0.12121212121212122,0.0625,0.625,0.25,0.625,0.20588235294117646,0.0,0.2857142857142857,0.42857142857142855,0.5904645412457913,0.42481166270428244,0.4702129467754468,0.420055608900862,NaN,NaN,NaN,NaN,4.375,4.39507299901454,1.6415895156121423,0.7852890238413118,3.45,0.375,0.6159846581342623,3.0,5.0,1.5572519083969465,0.6344022667472291,0.0,0.0
446,1,28.0,44.0,1.5714285714285714,0.0582010582010582,0.48148148148148145,0.25925925925925924,0.14285714285714285,0.5714285714285714,0.35714285714285715,0.6428571428571429,0.25,0.0,0.42857142857142855,0.42857142857142855,0.6032277494331065,0.42719342483650385,0.5272108843537414,0.4500234642076398,NaN,NaN,NaN,NaN,3.142857142857143,3.4386299341708497,1.6888916638916638,0.7802036638477948,3.2727272727272725,0.35714285714285715,0.6820856332107802,3.0,6.0,1.5875,0.7060991073263644,0.0,0.0
447,1,27.0,46.0,1.7037037037037037,0.06552706552706553,0.4230769230769231,0.15384615384615385,0.13333333333333333,0.6,0.26666666666666666,0.6,0.25925925925925924,0.0,0.2857142857142857,0.42857142857142855,0.5750595238095237,0.41086461127996315,0.45333333333333337,0.4290632099064636,NaN,NaN,NaN,NaN,3.066666666666667,3.594970031002974,1.7628492527615334,0.8003201695877578,3.4210526315789473,0.3333333333333333,0.6134911981658534,3.0,6.0,1.5121951219512195,0.613508478193592,0.0,0.0
448,1,28.0,51.0,1.8214285714285714,0.06746031746031746,0.4074074074074074,0.2222222222222222,0.1875,0.625,0.25,0.4375,0.25,0.0,0.2857142857142857,0.2857142857142857,0.43257575757575756,0.4655338474111194,0.3465909090909091,0.4378368439594533,NaN,NaN,NaN,NaN,3.1875,3.6736675589025927,1.7518654591023015,0.7446136164360575,3.105263157894737,0.1875,0.49220054339126373,2.0,4.0,1.2424242424242424,0.4318335170875305,0.0,0.0
449,1,29.0,57.0,1.9655172413793103,0.07019704433497537,0.5714285714285714,0.14285714285714285,0.08333333333333333,0.5833333333333334,0.4166666666666667,0.75,0.2413793103448276,0.0,0.42857142857142855,0.2857142857142857,0.7756410256410255,0.3762294809260075,0.6315628815628817,0.4170203446619983,NaN,NaN,NaN,NaN,4.75,4.55521678957215,1.5407523510971788,0.712594291698849,3.3636363636363633,0.4166666666666667,0.4220827661339167,3.0,5.0,1.4395604395604396,0.6183992095868028,0.0,0.0
45,1,28.0,67.0,2.392857142857143,0.08862433862433862,0.5185185185185185,0.037037037037037035,0.07692307692307693,0.46153846153846156,0.3076923076923077,0.7692307692307693,0.25,0.0,0.2857142857142857,0.2857142857142857,0.7568276630776629,0.34911924237518027,0.5809270216962524,0.38393272092007424,NaN,NaN,NaN,NaN,5.153846153846154,6.974311839961391,1.6934443371943373,0.8342580323046261,3.375,0.38461538461538464,0.7277796955029932,3.0,6.0,1.4824561403508771,0.5984117051460206,0.07142857142857142,0.0
450,1,23.0,40.0,1.7391304347826086,0.07905138339920949,0.4090909090909091,0.18181818181818182,0.15384615384615385,0.5384615384615384,0.3076923076923077,0.6923076923076923,0.30434782608695654,0.0,0.2857142857142857,0.42857142857142855,0.7320512820512821,0.366006220740915,0.5192307692307693,0.4216285750167501,NaN,NaN,NaN,NaN,3.076923076923077,3.817973687301037,1.820496894409938,0.8632340503780142,4.0,0.3076923076923077,0.49801227080601607,3.0,5.0,1.360655737704918,0.517454889668201,0.0,0.0
451,1,31.0,65.0,2.096774193548387,0.06989247311827956,0.5,0.13333333333333333,0.06666666666666667,0.6,0.26666666666666666,0.6,0.22580645161290322,0.0,0.2857142857142857,0.14285714285714285,0.5465998329156225,0.4247844366691715,0.4706599832915623,0.42903681854978987,NaN,NaN,NaN,NaN,4.333333333333333,5.485912694824634,1.59840440064844,0.6744154713110831,3.1739130434782608,0.4,0.45033938919250105,3.0,4.0,1.3402061855670102,0.4976318489050651,0.0,0.0
452,1,30.0,55.0,1.8333333333333333,0.06321839080459771,0.5172413793103449,0.1724137931034483,0.14285714285714285,0.7142857142857143,0.42857142857142855,0.6428571428571429,0.23333333333333334,0.0,0.5714285714285714,0.14285714285714285,0.6255396389324961,0.4366039842057774,0.554552590266876,0.459968267958151,NaN,NaN,NaN,NaN,3.9285714285714284,4.615430402703284,1.5776007326007326,0.6955719145473892,3.35,0.21428571428571427,0.36581239502943297,3.0,4.0,1.382716049382716,0.6034878050666787,0.0,0.0
453,1,27.0,26.0,0.9629629629629629,0.037037037037037035,0.46153846153846156,0.4230769230769231,0.14285714285714285,0.7142857142857143,0.42857142857142855,0.5714285714285714,0.25925925925925924,0.0,0.5714285714285714,0.0,0.511904761904762,0.4824451862681996,0.511904761904762,0.4824451862681996,NaN,NaN,NaN,NaN,1.8571428571428572,1.231455852429764,1.6604938271604939,0.7658321565816152,4.0,0.14285714285714285,0.21602468994692867,3.0,4.0,1.1935483870967742,0.47744841527364174,0.0,0.0
454,1,27.0,66.0,2.4444444444444446,0.09401709401709402,0.46153846153846156,0.07692307692307693,0.07142857142857142,0.6428571428571429,0.35714285714285715,0.6428571428571429,0.25925925925925924,0.0,0.42857142857142855,0.42857142857142855,0.6196954972465176,0.43164020215789045,0.4937770562770563,0.4388148441158548,NaN,NaN,NaN,NaN,4.714285714285714,6.366119110374273,1.6675642405636486,0.7248229115697742,3.2439024390243905,0.35714285714285715,0.5567106492679967,3.0,6.0,1.36,0.5029207620781756,0.07407407407407407,0.0
455,1,30.0,94.0,3.1333333333333333,0.10804597701149425,0.5517241379310345,0.034482758620689655,0.07692307692307693,0.6153846153846154,0.38461538461538464,0.7692307692307693,0.23333333333333334,0.0,0.42857142857142855,0.42857142857142855,0.7816310873432535,0.35466318199449026,0.6357753357753358,0.4030504409200521,NaN,NaN,NaN,NaN,7.230769230769231,7.9807460611341146,1.5757785663937913,0.7374028570962595,3.2037037037037037,0.38461538461538464,0.586723930308332,2.0,6.0,1.3235294117647058,0.46955223653204325,0.06666666666666667,0.0
456,1,29.0,56.0,1.9310344827586208,0.06896551724137931,0.5,0.10714285714285714,0.14285714285714285,0.5,0.2857142857142857,0.6428571428571429,0.2413793103448276,0.0,0.2857142857142857,0.2857142857142857,0.6326530612244898,0.38758069782645366,0.5007631257631258,0.4247021883643125,NaN,NaN,NaN,NaN,4.0,3.7003118371709824,1.6803313087046219,0.7909262935385196,3.388888888888889,0.42857142857142855,0.620496314384316,3.0,5.0,1.4186046511627908,0.5834001004067301,0.0,0.0
457,1,34.0,69.0,2.0294117647058822,0.06149732620320856,0.5151515151515151,0.15151515151515152,0.0625,0.5625,0.25,0.625,0.20588235294117646,0.0,0.2857142857142857,0.42857142857142855,0.599025974025974,0.4300623151284646,0.49490093240093236,0.42302643106717497,NaN,NaN,NaN,NaN,4.3125,4.527232414327028,1.6350475862859764,0.7566512506144402,3.5,0.4375,0.5552871334709969,4.0,5.0,1.5423728813559323,0.7118540592364814,0.0,0.0
458,1,30.0,40.0,1.3333333333333333,0.04597701149425287,0.4827586206896552,0.3448275862068966,0.06666666666666667,0.7333333333333333,0.4,0.6,0.23333333333333334,0.0,0.5714285714285714,0.14285714285714285,0.5709523809523809,0.4662084728273977,0.5042857142857142,0.47193695531915947,NaN,NaN,NaN,NaN,2.6666666666666665,2.0930724738891344,1.581190476190476,0.6308748751850938,3.0,0.2,0.2943298092787012,2.0,3.0,1.148936170212766,0.3598745798587226,0.0,0.0
459,1,25.0,36.0,1.44,0.06,0.375,0.125,0.2,0.6666666666666666,0.26666666666666666,0.4666666666666667,0.0,0.0,NaN,NaN,0.47097222222222224,0.4085598760137366,0.3466666666666667,0.4421807430495017,NaN,NaN,NaN,NaN,2.4,2.164651077128664,1.7977777777777777,0.7746099509635074,3.5555555555555554,0.2,0.33428728868687335,3.0,4.0,1.467741935483871,0.5927911731241428,0.0,0.0
46,1,27.0,49.0,1.8148148148148149,0.0698005698005698,0.46153846153846156,0.19230769230769232,0.14285714285714285,0.5,0.2857142857142857,0.6428571428571429,0.25925925925925924,0.0,0.2857142857142857,0.42857142857142855,0.6515199829931974,0.3961995248032541,0.5005102040816326,0.43412576838562256,NaN,NaN,NaN,NaN,3.5,2.472930370104386,1.8110252320778637,0.9516057491649005,4.076923076923077,0.42857142857142855,0.6892298430621275,3.0,6.0,1.648936170212766,0.7289327418346006,0.0,0.0
460,1,30.0,56.0,1.8666666666666667,0.06436781609195402,0.5172413793103449,0.20689655172413793,0.14285714285714285,0.5,0.2857142857142857,0.6428571428571429,0.23333333333333334,0.0,0.2857142857142857,0.2857142857142857,0.6384479717813052,0.4395485476181371,0.5113378684807256,0.429584502056103,NaN,NaN,NaN,NaN,4.0,3.3512339862756866,1.6367676767676764,0.755069095759268,3.3,0.42857142857142855,0.4506695038290411,3.0,4.0,1.4022988505747127,0.5382955467922226,0.0,0.0
461,1,30.0,60.0,2.0,0.06896551724137931,0.4827586206896552,0.10344827586206896,0.13333333333333333,0.6,0.26666666666666666,0.6,0.23333333333333334,0.0,0.2857142857142857,0.2857142857142857,0.5860363636363637,0.4409192404776374,0.4608658008658008,0.4370844129636415,NaN,NaN,NaN,NaN,4.0,3.3380918415851206,1.7226904907879017,0.8515178546907043,3.741935483870968,0.3333333333333333,0.5216419126871019,3.0,5.0,1.5614035087719298,0.638514422388562,0.0,0.0
462,1,32.0,57.0,1.78125,0.057459677419354836,0.4838709677419355,0.2903225806451613,0.125,0.625,0.25,0.5,0.21875,0.0,0.2857142857142857,0.14285714285714285,0.4261904761904761,0.45485206452723315,0.41369047619047616,0.44855314558501325,NaN,NaN,NaN,NaN,3.5625,3.915247970009903,1.6499255952380953,0.763013182878488,4.0,0.25,0.4294646602210758,3.0,5.0,1.2567567567567568,0.4982382884494211,0.0,0.0
463,1,29.0,67.0,2.310344827586207,0.08251231527093596,0.5,0.07142857142857142,0.14285714285714285,0.5714285714285714,0.2857142857142857,0.5714285714285714,0.2413793103448276,0.0,0.2857142857142857,0.42857142857142855,0.5718952994731727,0.40561752728032363,0.43968850698174006,0.43836329262387486,NaN,NaN,NaN,NaN,4.785714285714286,5.780319014733349,1.658874458874459,0.766747632616307,3.1363636363636367,0.35714285714285715,0.5324983139690148,4.0,5.0,1.4545454545454546,0.6153445165610222,0.0,0.0
464,1,32.0,69.0,2.15625,0.06955645161290322,0.5161290322580645,0.06451612903225806,0.06666666666666667,0.6666666666666666,0.3333333333333333,0.6666666666666666,0.21875,0.0,0.42857142857142855,0.2857142857142857,0.6368113138013635,0.41881403165445147,0.523625730994152,0.4279031611959687,NaN,NaN,NaN,NaN,4.6,5.57801808120821,1.6384775579982223,0.7896106580742865,3.5531914893617023,0.26666666666666666,0.6539609297342852,3.0,6.0,1.5039370078740157,0.5756158296138904,0.0625,0.0
465,1,32.0,69.0,2.15625,0.06955645161290322,0.5161290322580645,0.0967741935483871,0.06666666666666667,0.7333333333333333,0.4,0.6666666666666666,0.21875,0.0,0.5714285714285714,0.42857142857142855,0.6874648526077097,0.43444645954420297,0.5736796536796537,0.44823084451633294,NaN,NaN,NaN,NaN,4.6,5.961783050636541,1.5693298440065682,0.6686581238961005,3.1142857142857143,0.26666666666666666,0.502958358491672,3.0,5.0,1.3557692307692308,0.5008394745207665,0.0,0.0
466,1,29.0,47.0,1.6206896551724137,0.05788177339901478,0.5357142857142857,0.14285714285714285,0.07692307692307693,0.6153846153846154,0.38461538461538464,0.6923076923076923,0.20689655172413793,0.0,0.5,0.5,0.6894654088050315,0.40672291568850305,0.5534798534798535,0.4335607019329549,NaN,NaN,NaN,NaN,3.6153846153846154,2.754948926884778,1.6476190476190478,0.8479734411619858,3.6,0.38461538461538464,0.7531305737871006,4.0,6.0,1.5795454545454546,0.6733274878958327,0.06896551724137931,0.0
467,1,26.0,62.0,2.3846153846153846,0.09538461538461539,0.4,0.16,0.06666666666666667,0.6,0.26666666666666666,0.6666666666666666,0.2692307692307692,0.0,0.2857142857142857,0.2857142857142857,0.5985714285714286,0.40086517401378907,0.47513227513227513,0.40079496044628604,NaN,NaN,NaN,NaN,4.133333333333334,4.3730778090275875,1.757376882376882,0.7335644608818878,3.071428571428571,0.3333333333333333,0.49869903005971905,3.0,5.0,1.3478260869565217,0.5013121816670891,0.0,0.0
468,1,31.0,45.0,1.4516129032258065,0.04838709677419355,0.5333333333333333,0.26666666666666666,0.07142857142857142,0.6428571428571429,0.35714285714285715,0.7142857142857143,0.22580645161290322,0.0,0.42857142857142855,0.14285714285714285,0.7233843537414966,0.40270583345764294,0.5998299319727892,0.42426454591902246,NaN,NaN,NaN,NaN,3.2142857142857144,2.3263894583856572,1.5574873155518316,0.6680146919979573,3.0,0.2857142857142857,0.3851654658885714,2.0,4.0,1.296875,0.46049274850812955,0.0,0.0
469,1,32.0,59.0,1.84375,0.059475806451612906,0.4838709677419355,0.12903225806451613,0.0625,0.625,0.25,0.625,0.21875,0.0,0.2857142857142857,0.2857142857142857,0.5491071428571428,0.42194782377255435,0.4661057692307692,0.4257269991326889,NaN,NaN,NaN,NaN,3.6875,4.285148772213166,1.631436011904762,0.7192430291751866,3.5,0.375,0.46143120539680915,3.0,4.0,1.3333333333333333,0.522582404485562,0.0,0.0
47,1,26.0,40.0,1.5384615384615385,0.06153846153846154,0.48,0.16,0.15384615384615385,0.6153846153846154,0.38461538461538464,0.6923076923076923,0.2692307692307692,0.0,0.42857142857142855,0.42857142857142855,0.7646520146520146,0.3605051336562668,0.5567765567765568,0.43214323555216083,NaN,NaN,NaN,NaN,3.076923076923077,2.722178614686481,1.6810381925766542,0.7824044320350908,3.4615384615384617,0.3076923076923077,0.47638597614761696,3.0,4.0,1.4714285714285715,0.5828821088307917,0.0,0.0
470,1,28.0,59.0,2.107142857142857,0.07804232804232804,0.48148148148148145,0.037037037037037035,0.14285714285714285,0.5714285714285714,0.35714285714285715,0.6428571428571429,0.25,0.0,0.42857142857142855,0.42857142857142855,0.6892223324514991,0.4053809124117162,0.5376870748299319,0.4456619540183739,NaN,NaN,NaN,NaN,4.214285714285714,6.35099715282292,1.6915729359925789,0.7811735904469198,3.15625,0.2857142857142857,0.642905784681509,3.0,5.0,1.353658536585366,0.5746056343699423,0.0,0.0
471,1,23.0,33.0,1.434782608695652,0.06521739130434782,0.36363636363636365,0.22727272727272727,0.21428571428571427,0.5714285714285714,0.35714285714285715,0.5714285714285714,0.30434782608695654,0.0,0.42857142857142855,0.2857142857142857,0.6122448979591837,0.43760110804251384,0.44345238095238093,0.4598190206440266,NaN,NaN,NaN,NaN,2.357142857142857,2.499450489058094,1.8460474308300392,0.7872222231379319,3.05,0.21428571428571427,0.6211555629195117,2.0,5.0,1.3111111111111111,0.46817936647391795,0.0,0.0
472,1,30.0,80.0,2.6666666666666665,0.09195402298850575,0.4827586206896552,0.034482758620689655,0.06666666666666667,0.6,0.26666666666666666,0.6666666666666666,0.23333333333333334,0.0,0.2857142857142857,0.42857142857142855,0.6362536121286122,0.40884872374397047,0.5052769452769453,0.4115308990278662,NaN,NaN,NaN,NaN,5.333333333333333,5.960185359853293,1.7138816101800323,0.8422814683801957,3.7804878048780486,0.4,0.6331969871395422,5.0,8.0,1.6878980891719746,0.8309208915469305,0.0,0.0
473,1,28.0,59.0,2.107142857142857,0.07804232804232804,0.48148148148148145,0.1111111111111111,0.07142857142857142,0.6428571428571429,0.35714285714285715,0.7142857142857143,0.25,0.0,0.42857142857142855,0.2857142857142857,0.6993406593406591,0.39243957142251173,0.5827838827838827,0.4214275764785532,NaN,NaN,NaN,NaN,4.214285714285714,4.335516497108885,1.6527164502164504,0.7348340122940741,3.3200000000000003,0.35714285714285715,0.4872962039206718,3.0,4.0,1.3846153846153846,0.5326919219968365,0.0,0.0
474,1,29.0,53.0,1.8275862068965518,0.06527093596059114,0.5,0.17857142857142858,0.07142857142857142,0.6428571428571429,0.35714285714285715,0.7142857142857143,0.2413793103448276,0.0,0.42857142857142855,0.42857142857142855,0.7387619047619047,0.4065122747817458,0.5761904761904761,0.4203028154253271,NaN,NaN,NaN,NaN,3.7857142857142856,4.003432593097145,1.612933273622929,0.7064108403402835,3.3181818181818183,0.35714285714285715,0.4988881984519815,3.0,4.0,1.4096385542168675,0.5638747607514619,0.0,0.0
475,1,31.0,59.0,1.903225806451613,0.06344086021505377,0.5,0.2,0.13333333333333333,0.5333333333333333,0.26666666666666666,0.6,0.22580645161290322,0.0,0.2857142857142857,0.42857142857142855,0.6197354497354497,0.40468663061859067,0.45650793650793653,0.43055800599112504,NaN,NaN,NaN,NaN,3.933333333333333,3.6540909885197106,1.71518021687801,0.8677987117405074,4.0,0.3333333333333333,0.6249038414197641,5.0,6.0,1.7586206896551724,0.919552723553306,0.0,0.0
476,1,32.0,62.0,1.9375,0.0625,0.5161290322580645,0.0967741935483871,0.13333333333333333,0.5333333333333333,0.26666666666666666,0.5333333333333333,0.21875,0.0,0.2857142857142857,0.42857142857142855,0.5428571428571428,0.4231050190471122,0.4083766233766234,0.44030961197055224,NaN,NaN,NaN,NaN,4.133333333333334,4.172472146045292,1.7734239416162842,1.0339697618360306,4.4,0.4666666666666667,0.8827102122644417,5.0,8.0,2.0259740259740258,1.0843392129461635,0.0,0.0
477,1,27.0,32.0,1.1851851851851851,0.045584045584045586,0.46153846153846156,0.34615384615384615,0.07142857142857142,0.6428571428571429,0.2857142857142857,0.5714285714285714,0.2222222222222222,0.0,0.3333333333333333,0.16666666666666666,0.5238095238095238,0.43168890575889407,0.45238095238095244,0.4406122945846996,NaN,NaN,NaN,NaN,2.2857142857142856,1.6837947722821909,1.6553497942386832,0.7320282376037767,3.75,0.35714285714285715,0.34106434764917254,3.0,4.0,1.4901960784313726,0.7034926870865921,0.0,0.0
478,1,29.0,38.0,1.3103448275862069,0.046798029556650245,0.5357142857142857,0.25,0.07692307692307693,0.5384615384615384,0.38461538461538464,0.7692307692307693,0.2413793103448276,0.0,0.42857142857142855,0.14285714285714285,0.7826617826617828,0.3630831446440443,0.6245421245421247,0.3984277782220765,NaN,NaN,NaN,NaN,2.923076923076923,2.139374459257443,1.6064176245210726,0.7476222978382999,3.375,0.38461538461538464,0.5274170705941109,3.0,4.0,1.5303030303030303,0.6614598533011188,0.0,0.0
479,1,27.0,72.0,2.6666666666666665,0.10256410256410256,0.46153846153846156,0.038461538461538464,0.07142857142857142,0.5714285714285714,0.35714285714285715,0.7142857142857143,0.25925925925925924,0.0,0.42857142857142855,0.42857142857142855,0.7098901098901099,0.396851124979658,0.5585317460317459,0.42036035772734764,NaN,NaN,NaN,NaN,5.142857142857143,7.112904230580263,1.7154218666959882,0.7850849218520065,3.3488372093023253,0.42857142857142855,0.6613725836810338,3.0,6.0,1.3773584905660377,0.5425307573230383,0.07407407407407407,0.0
48,1,25.0,54.0,2.16,0.09,0.4166666666666667,0.125,0.07142857142857142,0.5714285714285714,0.35714285714285715,0.7142857142857143,0.28,0.0,0.42857142857142855,0.2857142857142857,0.6982886904761906,0.3934700043901405,0.5407738095238095,0.41526102185233,NaN,NaN,NaN,NaN,3.857142857142857,5.1269595556932455,1.7623425884460366,0.7713547438878947,3.375,0.42857142857142855,0.5830177979888606,3.0,4.0,1.3013698630136987,0.49117013082279437,0.0,0.0
480,1,28.0,56.0,2.0,0.07407407407407407,0.48148148148148145,0.2222222222222222,0.14285714285714285,0.5714285714285714,0.2857142857142857,0.6428571428571429,0.25,0.0,0.2857142857142857,0.2857142857142857,0.6710482804232804,0.3815750011599508,0.47463369963369967,0.42451318535278454,NaN,NaN,NaN,NaN,4.0,4.5573271518765,1.7240552178318134,0.8428445114120059,3.666666666666667,0.42857142857142855,0.5605499322624097,3.0,5.0,1.4791666666666667,0.5978763587489282,0.0,0.0
481,1,31.0,58.0,1.8709677419354838,0.06236559139784946,0.4666666666666667,0.13333333333333333,0.0625,0.625,0.3125,0.625,0.22580645161290322,0.0,0.42857142857142855,0.42857142857142855,0.5801835317460317,0.4269701239996,0.46369047619047615,0.4341815351234744,NaN,NaN,NaN,NaN,3.625,4.209117088733297,1.6811724565756823,0.7523033152291312,3.5,0.375,0.5051828772783886,3.0,4.0,1.4516129032258065,0.6170781261272679,0.0,0.0
482,1,30.0,50.0,1.6666666666666667,0.05747126436781609,0.5172413793103449,0.2413793103448276,0.07142857142857142,0.5714285714285714,0.35714285714285715,0.7142857142857143,0.23333333333333334,0.0,0.42857142857142855,0.2857142857142857,0.7374768089053804,0.4035767975489567,0.5888218923933211,0.42500637658328116,NaN,NaN,NaN,NaN,3.5714285714285716,3.5887492081672243,1.6355714285714287,0.7878214556763016,3.875,0.42857142857142855,0.5104355687099482,3.0,4.0,1.4814814814814814,0.6540472290116195,0.0,0.0
483,1,25.0,42.0,1.68,0.07,0.4583333333333333,0.25,0.15384615384615385,0.6153846153846154,0.38461538461538464,0.6153846153846154,0.28,0.0,0.42857142857142855,0.42857142857142855,0.6328205128205128,0.4524047805561802,0.517948717948718,0.4620035643231483,NaN,NaN,NaN,NaN,3.230769230769231,3.982332778532497,1.6768888888888889,0.7297606575336537,3.0,0.23076923076923078,0.506692566347245,2.0,4.0,1.18,0.3880879344916036,0.0,0.0
484,1,31.0,63.0,2.032258064516129,0.06774193548387097,0.5333333333333333,0.1,0.07142857142857142,0.6428571428571429,0.35714285714285715,0.6428571428571429,0.22580645161290322,0.0,0.42857142857142855,0.2857142857142857,0.6515177499571256,0.43866961431009416,0.5200680272108843,0.44532252660280713,NaN,NaN,NaN,NaN,4.5,3.8977310954333024,1.6659296770817507,0.8705838026812741,3.7551020408163263,0.35714285714285715,0.705809570733087,4.0,7.0,1.6466165413533835,0.687501941835324,0.06451612903225806,0.0
485,1,30.0,51.0,1.7,0.05862068965517241,0.5172413793103449,0.20689655172413793,0.07142857142857142,0.6428571428571429,0.35714285714285715,0.6428571428571429,0.23333333333333334,0.0,0.42857142857142855,0.42857142857142855,0.644047619047619,0.44662108181364524,0.5380952380952381,0.44771158734799954,NaN,NaN,NaN,NaN,3.642857142857143,3.733572075045618,1.5634057971014492,0.6504480119890793,3.0,0.2857142857142857,0.4169032650468052,2.0,4.0,1.1935483870967742,0.3983041789032374,0.0,0.0
486,1,28.0,66.0,2.357142857142857,0.0873015873015873,0.48148148148148145,0.14814814814814814,0.07142857142857142,0.6428571428571429,0.35714285714285715,0.7142857142857143,0.25,0.0,0.42857142857142855,0.2857142857142857,0.722563244047619,0.4058299976181162,0.5803571428571429,0.4168154496268331,NaN,NaN,NaN,NaN,4.714285714285714,5.676247018918416,1.6686493390122423,0.7726324767026913,3.625,0.35714285714285715,0.4850803249851814,4.0,5.0,1.4509803921568627,0.6840104651563519,0.0,0.0
487,1,31.0,82.0,2.6451612903225805,0.08817204301075268,0.5,0.06666666666666667,0.06666666666666667,0.6666666666666666,0.3333333333333333,0.6666666666666666,0.22580645161290322,0.0,0.42857142857142855,0.2857142857142857,0.6218210915741781,0.41165855312631444,0.5184476342371079,0.43073990886920205,NaN,NaN,NaN,NaN,5.466666666666667,6.010308604706544,1.6139847406843792,0.7085887094625991,3.2051282051282053,0.3333333333333333,0.5026243762051557,2.0,6.0,1.325,0.47033869434159675,0.0,0.0
488,1,31.0,68.0,2.193548387096774,0.07311827956989247,0.4666666666666667,0.06666666666666667,0.0625,0.625,0.25,0.625,0.22580645161290322,0.0,0.2857142857142857,0.42857142857142855,0.5634304719670573,0.4116177049797043,0.45151515151515154,0.4092218271624086,NaN,NaN,NaN,NaN,4.25,4.494441010848846,1.684923930450698,0.7585053594599663,3.4468085106382977,0.375,0.5390320481156429,3.0,5.0,1.4173913043478261,0.5126917047644215,0.06451612903225806,0.0
489,1,29.0,38.0,1.3103448275862069,0.046798029556650245,0.5,0.2857142857142857,0.07142857142857142,0.7142857142857143,0.42857142857142855,0.6428571428571429,0.2413793103448276,0.0,0.5714285714285714,0.2857142857142857,0.701388888888889,0.411028448030326,0.5714285714285714,0.46554024179196013,NaN,NaN,NaN,NaN,2.7142857142857144,3.0237157840738176,1.570733863837312,0.650052023133406,3.0,0.14285714285714285,0.3489019382606468,2.0,4.0,1.24,0.4314191105869,0.0,0.0
49,1,28.0,62.0,2.2142857142857144,0.082010582010582,0.48148148148148145,0.1111111111111111,0.21428571428571427,0.5,0.2857142857142857,0.5714285714285714,0.25,0.0,0.2857142857142857,0.42857142857142855,0.6588131187434324,0.38281294614605854,0.44610389610389617,0.4376763771396232,NaN,NaN,NaN,NaN,4.428571428571429,4.3094580368566735,1.7371088435374151,0.8393899524103591,3.5,0.35714285714285715,0.6130702562465754,3.0,6.0,1.4587155963302751,0.536313032067666,0.07142857142857142,0.0
490,1,27.0,58.0,2.1481481481481484,0.08262108262108261,0.5,0.07692307692307693,0.15384615384615385,0.6153846153846154,0.3076923076923077,0.6153846153846154,0.2222222222222222,0.0,0.3333333333333333,0.5,0.6475553432075171,0.4116782271127939,0.5032051282051282,0.4430734730991042,NaN,NaN,NaN,NaN,4.461538461538462,6.253204306798564,1.6609053497942385,0.7853666425634467,3.4444444444444446,0.3076923076923077,0.5806066059136674,3.0,4.0,1.3333333333333333,0.5735889896121865,0.0,0.0
491,1,31.0,69.0,2.225806451612903,0.07419354838709677,0.4666666666666667,0.1,0.125,0.5625,0.25,0.5625,0.22580645161290322,0.0,0.2857142857142857,0.42857142857142855,0.6016989087301587,0.42845454491239904,0.4068452380952381,0.4281231120752189,NaN,NaN,NaN,NaN,4.3125,5.160345595661851,1.7468159844582996,0.8426269393729379,3.6,0.375,0.6617646313356219,3.0,6.0,1.507936507936508,0.576139312958687,0.0,0.0
492,1,34.0,79.0,2.323529411764706,0.07040998217468805,0.5454545454545454,0.15151515151515152,0.06666666666666667,0.6,0.3333333333333333,0.6666666666666666,0.20588235294117646,0.0,0.42857142857142855,0.2857142857142857,0.6451607651607651,0.41991615231826224,0.5236668594563332,0.42545590424809265,NaN,NaN,NaN,NaN,5.266666666666667,5.836665714829544,1.5631756353657082,0.6926927633874814,3.086206896551724,0.3333333333333333,0.5430802977536672,3.0,5.0,1.2164948453608246,0.4384348137530286,0.0,0.0
493,1,29.0,54.0,1.8620689655172413,0.0665024630541872,0.5,0.17857142857142858,0.07142857142857142,0.6428571428571429,0.35714285714285715,0.6428571428571429,0.2413793103448276,0.0,0.42857142857142855,0.2857142857142857,0.6251488095238095,0.4330454420631121,0.5134199134199134,0.4432388870644875,NaN,NaN,NaN,NaN,3.857142857142857,4.41774642962716,1.6112443778110945,0.7153825794639622,3.5,0.35714285714285715,0.4529402915775504,3.0,5.0,1.3896103896103895,0.631536225486046,0.0,0.0
494,1,33.0,67.0,2.0303030303030303,0.0634469696969697,0.5,0.15625,0.0625,0.625,0.3125,0.5625,0.21212121212121213,0.0,0.42857142857142855,0.2857142857142857,0.5359632554945054,0.45393427860742863,0.4691964285714285,0.4563364818791914,NaN,NaN,NaN,NaN,4.1875,4.053290844075548,1.595021645021645,0.6699824361935033,3.105263157894737,0.375,0.5127940507346591,3.0,4.0,1.3191489361702127,0.4910547339890429,0.0,0.0
495,1,31.0,39.0,1.2580645161290323,0.041935483870967745,0.5666666666666667,0.3,0.07692307692307693,0.46153846153846156,0.3076923076923077,0.7692307692307693,0.22580645161290322,0.0,0.2857142857142857,0.2857142857142857,0.7738095238095238,0.3642805269886924,0.6064102564102564,0.3987560786450913,NaN,NaN,NaN,NaN,3.0,2.1213203435596424,1.6049201694362987,0.7840258784197536,3.3636363636363633,0.46153846153846156,0.5963660877363882,3.0,4.0,1.5588235294117647,0.6776243167581755,0.0,0.0
496,1,30.0,42.0,1.4,0.04827586206896552,0.4482758620689655,0.20689655172413793,0.125,0.625,0.25,0.5625,0.23333333333333334,0.0,0.2857142857142857,0.14285714285714285,0.5043650793650793,0.43397901388951365,0.41302083333333334,0.4250595682655245,NaN,NaN,NaN,NaN,2.625,2.217355782608345,1.7099394319131163,0.7687156531351443,3.4,0.3125,0.5067469744669206,3.0,4.0,1.403225806451613,0.6129658461149669,0.0,0.0
497,1,29.0,65.0,2.2413793103448274,0.08004926108374384,0.4642857142857143,0.14285714285714285,0.13333333333333333,0.6,0.26666666666666666,0.6,0.2413793103448276,0.0,0.2857142857142857,0.2857142857142857,0.5427777777777777,0.41839660717968413,0.45968253968253964,0.43082125515423236,NaN,NaN,NaN,NaN,4.333333333333333,5.924123403106834,1.715797273776905,0.8253760675275942,4.0,0.26666666666666666,0.5837005044173537,3.0,5.0,1.2738095238095237,0.499425946997861,0.06896551724137931,0.0
498,1,29.0,46.0,1.5862068965517242,0.05665024630541872,0.4642857142857143,0.14285714285714285,0.13333333333333333,0.6,0.3333333333333333,0.6,0.2413793103448276,0.0,0.42857142857142855,0.2857142857142857,0.5916402116402115,0.44983656270757716,0.4909523809523809,0.4525475883571706,NaN,NaN,NaN,NaN,3.066666666666667,2.3441924185608345,1.7173301380197932,0.8044835443755245,3.621621621621622,0.3333333333333333,0.5075717558530378,3.0,5.0,1.5294117647058822,0.609219549410353,0.0,0.0
499,1,28.0,71.0,2.5357142857142856,0.09391534391534391,0.4444444444444444,0.037037037037037035,0.13333333333333333,0.6,0.3333333333333333,0.6,0.25,0.0,0.42857142857142855,0.42857142857142855,0.6046070460704607,0.42066756068575056,0.48037118437118437,0.44998653936592703,NaN,NaN,NaN,NaN,4.733333333333333,6.584252497617399,1.788974567099567,0.8809863999046081,3.65,0.3333333333333333,0.726528894498889,3.0,7.0,1.4833333333333334,0.5938527295767615,0.07142857142857142,0.0
5,1,25.0,39.0,1.56,0.065,0.4583333333333333,0.20833333333333334,0.07692307692307693,0.7692307692307693,0.3076923076923077,0.5384615384615384,0.2,0.0,0.4,0.2,0.5196581196581196,0.44641380711904705,0.4432234432234432,0.45814399939499206,NaN,NaN,NaN,NaN,3.0,2.943920288775949,1.6166131907308376,0.666181918381462,3.2941176470588234,0.23076923076923078,0.33325459611965036,2.0,4.0,1.3157894736842106,0.4689614184877848,0.0,0.0
50,1,28.0,44.0,1.5714285714285714,0.0582010582010582,0.4444444444444444,0.1111111111111111,0.13333333333333333,0.6,0.26666666666666666,0.5333333333333333,0.25,0.0,0.2857142857142857,0.14285714285714285,0.5843990929705215,0.44158044766627624,0.4365079365079365,0.4464947040963557,NaN,NaN,NaN,NaN,2.933333333333333,2.6313132697969515,1.6962046574115541,0.7357640046456148,3.4482758620689653,0.3333333333333333,0.4548407832755163,3.0,4.0,1.4324324324324325,0.5255416274867286,0.0,0.0
500,1,28.0,36.0,1.2857142857142858,0.047619047619047616,0.48148148148148145,0.2962962962962963,0.14285714285714285,0.6428571428571429,0.35714285714285715,0.6428571428571429,0.25,0.0,0.42857142857142855,0.2857142857142857,0.6884920634920635,0.394371994584559,0.5569727891156463,0.44880450953341433,NaN,NaN,NaN,NaN,2.5714285714285716,1.827747066926751,1.6294642857142858,0.6999172575394383,3.125,0.2857142857142857,0.3710086679012342,3.0,4.0,1.3061224489795917,0.5084322977157767,0.0,0.0
501,1,32.0,68.0,2.125,0.06854838709677419,0.5161290322580645,0.06451612903225806,0.06666666666666667,0.6666666666666666,0.3333333333333333,0.6,0.21875,0.0,0.42857142857142855,0.42857142857142855,0.5742222222222222,0.4430046519994137,0.48507936507936505,0.44699213106109226,NaN,NaN,NaN,NaN,4.533333333333333,6.081196624098943,1.5829293136961722,0.6838250233163271,3.090909090909091,0.3333333333333333,0.53160285969563,3.0,5.0,1.3653846153846154,0.5035349277362356,0.0,0.0
502,1,33.0,103.0,3.121212121212121,0.09753787878787878,0.5625,0.0625,0.07142857142857142,0.5,0.2857142857142857,0.7142857142857143,0.21212121212121213,0.0,0.2857142857142857,0.42857142857142855,0.6997560272961342,0.3878332244446635,0.5561176194615778,0.3994002707459788,NaN,NaN,NaN,NaN,7.357142857142857,8.158121417026413,1.598998963684872,0.7820040342087925,3.5789473684210527,0.42857142857142855,0.6116189075172888,4.0,6.0,1.4968553459119496,0.7193018225016199,0.06060606060606061,0.0
503,1,27.0,37.0,1.3703703703703705,0.05270655270655271,0.46153846153846156,0.3076923076923077,0.14285714285714285,0.5714285714285714,0.35714285714285715,0.6428571428571429,0.25925925925925924,0.0,0.42857142857142855,0.2857142857142857,0.6833333333333335,0.39500081142402865,0.5122448979591836,0.4396679617316034,NaN,NaN,NaN,NaN,2.642857142857143,1.9057460827371866,1.7169846614291058,0.7970651686457101,3.6363636363636367,0.2857142857142857,0.5079509188497092,3.0,4.0,1.53125,0.6659222033784283,0.0,0.0
504,1,30.0,45.0,1.5,0.05172413793103448,0.4827586206896552,0.27586206896551724,0.13333333333333333,0.6666666666666666,0.3333333333333333,0.6,0.23333333333333334,0.0,0.42857142857142855,0.2857142857142857,0.569047619047619,0.44181888799167496,0.4880952380952381,0.4459521267128658,NaN,NaN,NaN,NaN,3.0,2.7255405754769875,1.6317460317460317,0.7068720659117259,3.2222222222222223,0.26666666666666666,0.4279841016196446,3.0,4.0,1.4057971014492754,0.5769810013109858,0.0,0.0
505,1,24.0,39.0,1.625,0.07065217391304347,0.391304347826087,0.17391304347826086,0.14285714285714285,0.6428571428571429,0.35714285714285715,0.5714285714285714,0.2916666666666667,0.0,0.42857142857142855,0.2857142857142857,0.6143671143671143,0.4506631352815758,0.45115995115995117,0.459845173131626,NaN,NaN,NaN,NaN,2.7857142857142856,3.6199993928722702,1.7493686868686869,0.7179766439558832,3.0,0.21428571428571427,0.5094168797286239,2.0,4.0,1.22,0.4184519575964803,0.0,0.0
506,1,25.0,26.0,1.04,0.043333333333333335,0.4583333333333333,0.375,0.15384615384615385,0.6923076923076923,0.38461538461538464,0.6153846153846154,0.24,0.0,0.5,0.16666666666666666,0.6269230769230769,0.42652441538917435,0.5205128205128206,0.45937527254483457,NaN,NaN,NaN,NaN,2.0,1.2909944487358056,1.6493333333333333,0.7143450768983355,3.4,0.23076923076923078,0.2771651363727278,3.0,4.0,1.368421052631579,0.5891382910924178,0.0,0.0
507,1,26.0,73.0,2.8076923076923075,0.1123076923076923,0.4,0.08,0.06666666666666667,0.6,0.26666666666666666,0.6,0.2692307692307692,0.0,0.2857142857142857,0.2857142857142857,0.5083555911680911,0.4100749659977114,0.41858465608465606,0.41995826014763654,NaN,NaN,NaN,NaN,4.866666666666666,6.104643041707407,1.7632069550228118,0.7512472485217493,3.333333333333333,0.4,0.5460265846617232,3.0,6.0,1.297029702970297,0.48051127885712624,0.0,0.0
508,1,26.0,58.0,2.230769230769231,0.08923076923076922,0.48,0.08,0.15384615384615385,0.46153846153846156,0.3076923076923077,0.6923076923076923,0.2692307692307692,0.0,0.2857142857142857,0.42857142857142855,0.7157935455349248,0.3902434881994894,0.5252508361204014,0.42034106032338825,NaN,NaN,NaN,NaN,4.461538461538462,5.811129904694162,1.7352907509157507,0.8325007838322601,3.5238095238095237,0.46153846153846156,0.6418528162312157,3.0,6.0,1.5714285714285714,0.6773412794088433,0.07692307692307693,0.0
509,1,29.0,58.0,2.0,0.07142857142857142,0.4642857142857143,0.10714285714285714,0.13333333333333333,0.5333333333333333,0.26666666666666666,0.6,0.2413793103448276,0.0,0.2857142857142857,0.42857142857142855,0.5964891975308643,0.41416178206760557,0.45999999999999996,0.43253487692102516,NaN,NaN,NaN,NaN,3.8666666666666667,4.485956923980604,1.7234848484848486,0.7941200411615155,3.2727272727272725,0.4,0.576810730762056,3.0,5.0,1.5,0.5911975668985759,0.0,0.0
51,1,31.0,95.0,3.064516129032258,0.10215053763440861,0.5333333333333333,0.03333333333333333,0.07142857142857142,0.5714285714285714,0.2857142857142857,0.6428571428571429,0.22580645161290322,0.0,0.2857142857142857,0.42857142857142855,0.6280149941890499,0.4240366604895975,0.5098500938837073,0.42637113975496227,NaN,NaN,NaN,NaN,6.785714285714286,8.087773977559458,1.6204853051041919,0.7662600642696021,3.3,0.42857142857142855,0.6243749354953289,3.0,7.0,1.3586206896551725,0.49547763248323085,0.06451612903225806,0.0
510,1,27.0,65.0,2.4074074074074074,0.09259259259259259,0.46153846153846156,0.07692307692307693,0.07142857142857142,0.5714285714285714,0.35714285714285715,0.7142857142857143,0.25925925925925924,0.0,0.42857142857142855,0.2857142857142857,0.7035510176957546,0.39932614657872634,0.5641604010025063,0.42216506458398206,NaN,NaN,NaN,NaN,4.642857142857143,5.062792523091198,1.6991391959774975,0.7577998329460753,3.2682926829268295,0.35714285714285715,0.5745702173370029,3.0,6.0,1.392156862745098,0.5104232905603894,0.0,0.0
511,1,28.0,54.0,1.9285714285714286,0.07142857142857142,0.4074074074074074,0.18518518518518517,0.125,0.625,0.25,0.5,0.25,0.0,0.2857142857142857,0.2857142857142857,0.41493055555555547,0.4473569532247563,0.3818204365079365,0.4320764525663344,NaN,NaN,NaN,NaN,3.375,4.602535533087532,1.7977470558115718,0.8425241690346581,4.0,0.25,0.6228731287113672,3.0,6.0,1.5057471264367817,0.6967292894326136,0.0,0.0
512,1,31.0,83.0,2.6774193548387095,0.08924731182795699,0.5,0.03333333333333333,0.06666666666666667,0.5333333333333333,0.26666666666666666,0.6666666666666666,0.22580645161290322,0.0,0.2857142857142857,0.2857142857142857,0.6445956160241874,0.4149533858057284,0.5154761904761904,0.4290423999471159,NaN,NaN,NaN,NaN,5.533333333333333,6.780925628625666,1.6532076499425044,0.7542103852795452,3.357142857142857,0.4666666666666667,0.5682980266279906,2.0,5.0,1.352,0.4795158848995179,0.0,0.0
513,1,29.0,63.0,2.1724137931034484,0.07758620689655173,0.5,0.14285714285714285,0.07142857142857142,0.5714285714285714,0.2857142857142857,0.6428571428571429,0.2413793103448276,0.0,0.2857142857142857,0.2857142857142857,0.6091269841269841,0.422461735613122,0.4920429710345677,0.427388447763039,NaN,NaN,NaN,NaN,4.5,4.9575117828325,1.6537265303999582,0.7689250096608554,3.3529411764705883,0.42857142857142855,0.5665895525806117,3.0,5.0,1.4,0.5318160234783105,0.06896551724137931,0.0
514,1,28.0,36.0,1.2857142857142858,0.047619047619047616,0.48148148148148145,0.25925925925925924,0.07142857142857142,0.6428571428571429,0.35714285714285715,0.6428571428571429,0.25,0.0,0.42857142857142855,0.2857142857142857,0.5992063492063492,0.43101564688282623,0.5089285714285714,0.4446316093236827,NaN,NaN,NaN,NaN,2.5714285714285716,2.1737697038266783,1.6145833333333335,0.6795272844021155,3.25,0.35714285714285715,0.3510405136730786,3.0,4.0,1.3518518518518519,0.5197026511020929,0.0,0.0
515,1,25.0,31.0,1.24,0.051666666666666666,0.4166666666666667,0.16666666666666666,0.14285714285714285,0.5714285714285714,0.2857142857142857,0.5714285714285714,0.28,0.0,0.2857142857142857,0.2857142857142857,0.5119047619047619,0.430981218552283,0.4426406926406926,0.44098572582057716,NaN,NaN,NaN,NaN,2.2142857142857144,2.6363894724697734,1.7666666666666668,0.7920320794101807,3.5,0.35714285714285715,0.5840369540361371,3.0,5.0,1.391304347826087,0.5765129224557366,0.0,0.0
516,1,28.0,43.0,1.5357142857142858,0.056878306878306875,0.4444444444444444,0.25925925925925924,0.06666666666666667,0.6666666666666666,0.26666666666666666,0.5333333333333333,0.25,0.0,0.2857142857142857,0.2857142857142857,0.4633333333333333,0.43608103222528105,0.4066666666666667,0.4415341220702891,NaN,NaN,NaN,NaN,2.8666666666666667,2.2949219304078006,1.6431972789115648,0.6595716287637815,3.142857142857143,0.3333333333333333,0.358886180911998,2.0,4.0,1.2321428571428572,0.42602054703207276,0.0,0.0
517,1,29.0,51.0,1.7586206896551724,0.06280788177339902,0.5714285714285714,0.2857142857142857,0.08333333333333333,0.5,0.3333333333333333,0.6666666666666666,0.2413793103448276,0.0,0.2857142857142857,0.42857142857142855,0.7397727272727274,0.37552430164634115,0.5806818181818182,0.45182709886938743,NaN,NaN,NaN,NaN,4.25,3.9571569224748857,1.5632892969099863,0.7715821772798337,3.571428571428571,0.5,0.3689135955240748,3.0,4.0,1.4878048780487805,0.689317114914596,0.0,0.0
518,1,29.0,96.0,3.310344827586207,0.11822660098522167,0.4642857142857143,0.14285714285714285,0.06666666666666667,0.5333333333333333,0.26666666666666666,0.6666666666666666,0.2413793103448276,0.0,0.2857142857142857,0.42857142857142855,0.6256497725795972,0.40386890039741435,0.49988304093567254,0.4078265237169036,NaN,NaN,NaN,NaN,6.4,7.018343312858303,1.7002700879230357,0.7473896239882604,3.142857142857143,0.4666666666666667,0.5527418726490038,4.0,5.0,1.3129770992366412,0.5418482538873329,0.0,0.0
519,1,31.0,68.0,2.193548387096774,0.07311827956989247,0.4666666666666667,0.16666666666666666,0.125,0.625,0.3125,0.5625,0.22580645161290322,0.0,0.42857142857142855,0.42857142857142855,0.5614613993132205,0.4612713107706969,0.46530257936507935,0.45076728742005817,NaN,NaN,NaN,NaN,4.25,6.169819014093255,1.6706617365803902,0.7231625238405448,3.0,0.25,0.6091123310328733,2.0,5.0,1.2325581395348837,0.42494064927182096,0.06451612903225806,0.0
52,1,28.0,44.0,1.5714285714285714,0.0582010582010582,0.5185185185185185,0.14814814814814814,0.07692307692307693,0.7692307692307693,0.5384615384615384,0.7692307692307693,0.25,0.0,0.7142857142857143,0.14285714285714285,0.7853506787330317,0.36773754542564374,0.6843891402714932,0.42250588575062764,NaN,NaN,NaN,NaN,3.3846153846153846,4.426030229194508,1.5426764908862096,0.6375280521922193,3.1176470588235294,0.23076923076923078,0.3675633787019946,3.0,4.0,1.3823529411764706,0.5471612429733268,0.0,0.0
520,1,27.0,41.0,1.5185185185185186,0.0584045584045584,0.46153846153846156,0.2692307692307692,0.21428571428571427,0.5714285714285714,0.2857142857142857,0.5714285714285714,0.25925925925925924,0.0,0.2857142857142857,0.2857142857142857,0.5557692307692308,0.43642407854214565,0.45274725274725275,0.44377920534183357,NaN,NaN,NaN,NaN,2.9285714285714284,3.2454532862093446,1.7447089947089949,0.8500567729507097,4.0,0.21428571428571427,0.4498596374201524,3.0,4.0,1.4098360655737705,0.6423148028894624,0.0,0.0
521,1,31.0,80.0,2.5806451612903225,0.08602150537634409,0.4666666666666667,0.03333333333333333,0.125,0.5625,0.25,0.5625,0.22580645161290322,0.0,0.2857142857142857,0.42857142857142855,0.537797619047619,0.4084484311847259,0.4230519480519481,0.42539254238251434,NaN,NaN,NaN,NaN,5.0,5.773502691896258,1.7251487420545706,0.7991781243942743,3.3488372093023253,0.3125,0.6046619555945131,3.0,5.0,1.4230769230769231,0.540820287326814,0.0,0.0
522,1,31.0,51.0,1.6451612903225807,0.054838709677419356,0.5,0.2,0.13333333333333333,0.6666666666666666,0.3333333333333333,0.6,0.22580645161290322,0.0,0.42857142857142855,0.2857142857142857,0.5566666666666666,0.4092094585324011,0.4641025641025641,0.4433758403577094,NaN,NaN,NaN,NaN,3.4,3.22490309931942,1.6148387096774193,0.7152802293168832,3.4,0.26666666666666666,0.37201433664130024,3.0,4.0,1.295774647887324,0.48973363597493613,0.0,0.0
523,1,27.0,41.0,1.5185185185185186,0.0584045584045584,0.5,0.15384615384615385,0.07692307692307693,0.6153846153846154,0.38461538461538464,0.6923076923076923,0.2222222222222222,0.0,0.5,0.16666666666666666,0.6181891025641026,0.40401464230468326,0.5269230769230769,0.4390403287357669,NaN,NaN,NaN,NaN,3.1538461538461537,2.444250186531439,1.620971620971621,0.720919040690948,3.3636363636363633,0.38461538461538464,0.42095132411909886,3.0,4.0,1.380952380952381,0.5214301496093786,0.0,0.0
524,1,25.0,51.0,2.04,0.085,0.4583333333333333,0.08333333333333333,0.07692307692307693,0.6153846153846154,0.3076923076923077,0.6923076923076923,0.28,0.0,0.2857142857142857,0.2857142857142857,0.618131868131868,0.39609719509789076,0.5080419580419581,0.4157047595693715,NaN,NaN,NaN,NaN,3.923076923076923,5.67834392614517,1.699014005602241,0.7709254343398495,3.4705882352941178,0.38461538461538464,0.5688839614712738,3.0,5.0,1.3472222222222223,0.5606767093940714,0.0,0.0
525,1,33.0,90.0,2.727272727272727,0.08522727272727272,0.53125,0.03125,0.06666666666666667,0.5333333333333333,0.26666666666666666,0.6666666666666666,0.21212121212121213,0.0,0.2857142857142857,0.2857142857142857,0.606880706921944,0.4072935618098781,0.48827838827838826,0.4244641606016776,NaN,NaN,NaN,NaN,6.0,7.578164119928482,1.6906743958468096,0.8822589395702259,3.9333333333333336,0.4666666666666667,0.7122594840254636,3.0,6.0,1.5740740740740742,0.6943029531495908,0.12121212121212122,0.0
526,1,36.0,63.0,1.75,0.05,0.5428571428571428,0.2,0.0625,0.625,0.25,0.5625,0.19444444444444445,0.0,0.2857142857142857,0.2857142857142857,0.5345486111111111,0.4459753365059608,0.44756944444444446,0.4386566134068843,NaN,NaN,NaN,NaN,3.9375,3.8029593739612837,1.5382936507936507,0.6543448647815704,3.0952380952380953,0.3125,0.46017936101122975,2.0,4.0,1.1733333333333333,0.3810842757517361,0.0,0.0
527,1,32.0,57.0,1.78125,0.057459677419354836,0.5161290322580645,0.16129032258064516,0.06666666666666667,0.6,0.26666666666666666,0.6,0.21875,0.0,0.2857142857142857,0.2857142857142857,0.5594708994708995,0.42670833242370554,0.48632275132275127,0.4360392986982231,NaN,NaN,NaN,NaN,3.8,4.585692033768887,1.5748253105590062,0.6663884222749663,3.166666666666667,0.4,0.4642341572669249,3.0,4.0,1.3488372093023255,0.5033404148162697,0.0,0.0
528,1,28.0,52.0,1.8571428571428572,0.06878306878306878,0.4444444444444444,0.07407407407407407,0.13333333333333333,0.6,0.26666666666666666,0.5333333333333333,0.25,0.0,0.2857142857142857,0.42857142857142855,0.5433366402116402,0.42423869794747543,0.40753968253968254,0.43673064304321524,NaN,NaN,NaN,NaN,3.466666666666667,4.138092498218173,1.7460644514215944,0.826092494980053,3.821428571428571,0.3333333333333333,0.4978532538671606,3.0,6.0,1.6238532110091743,0.6637295135387394,0.0,0.0
529,1,31.0,74.0,2.3870967741935485,0.07956989247311828,0.5,0.03333333333333333,0.06666666666666667,0.6,0.26666666666666666,0.6666666666666666,0.22580645161290322,0.0,0.2857142857142857,0.2857142857142857,0.5987072649572649,0.39682349013642143,0.4979012345679013,0.4147574522570469,NaN,NaN,NaN,NaN,4.933333333333334,6.808258290662962,1.6555968672904158,0.7756700742259047,3.7272727272727275,0.4,0.5223716683508405,3.0,4.0,1.32,0.5663992238766582,0.0,0.0
53,1,30.0,69.0,2.3,0.07931034482758621,0.5172413793103449,0.06896551724137931,0.07142857142857142,0.5,0.2857142857142857,0.7142857142857143,0.23333333333333334,0.0,0.2857142857142857,0.42857142857142855,0.6797531833246119,0.38704414544681,0.5099962207105063,0.40729369807071497,NaN,NaN,NaN,NaN,4.928571428571429,6.638631528517648,1.6758773058773062,0.8207012638511803,3.5,0.5,0.6335827667994248,3.0,5.0,1.4,0.6195469181897234,0.0,0.0
530,1,31.0,65.0,2.096774193548387,0.06989247311827956,0.5333333333333333,0.16666666666666666,0.07142857142857142,0.6428571428571429,0.35714285714285715,0.6428571428571429,0.22580645161290322,0.0,0.42857142857142855,0.2857142857142857,0.6194940476190477,0.4235815295722297,0.5419642857142858,0.4452397326907658,NaN,NaN,NaN,NaN,4.642857142857143,6.033332321453784,1.579973475559214,0.7185632350742248,3.5,0.35714285714285715,0.517092295366359,5.0,6.0,1.6106194690265487,0.8601663908655786,0.0,0.0
531,1,35.0,82.0,2.342857142857143,0.06890756302521009,0.5294117647058824,0.14705882352941177,0.0625,0.625,0.25,0.625,0.2,0.0,0.2857142857142857,0.2857142857142857,0.569876202202464,0.4177571719705392,0.4796875,0.4170328252246036,NaN,NaN,NaN,NaN,5.125,5.315072906367325,1.655504799548278,0.8278722510689561,3.7246376811594204,0.25,0.6233751946642536,4.0,6.0,1.6612903225806452,0.6643887266668945,0.05714285714285714,0.0
532,1,27.0,37.0,1.3703703703703705,0.05270655270655271,0.4230769230769231,0.2692307692307692,0.13333333333333333,0.6666666666666666,0.3333333333333333,0.6,0.25925925925925924,0.0,0.42857142857142855,0.42857142857142855,0.6155555555555556,0.41996157546580953,0.45555555555555555,0.4430533786083753,NaN,NaN,NaN,NaN,2.466666666666667,2.1668498091095505,1.7652717652717653,0.8210917910846111,3.5,0.26666666666666666,0.5247767222189034,3.0,4.0,1.5625,0.709907215041694,0.0,0.0
533,1,25.0,51.0,2.04,0.085,0.4583333333333333,0.125,0.15384615384615385,0.5384615384615384,0.38461538461538464,0.6923076923076923,0.28,0.0,0.42857142857142855,0.2857142857142857,0.7964743589743589,0.3604827955412801,0.5914404223227753,0.4348209894606299,NaN,NaN,NaN,NaN,3.923076923076923,4.51777117727939,1.727455242966752,0.7925440336050191,3.3529411764705883,0.38461538461538464,0.5866931110592687,3.0,5.0,1.4096385542168675,0.5188200632277441,0.08,0.0
534,1,30.0,45.0,1.5,0.05172413793103448,0.5517241379310345,0.27586206896551724,0.15384615384615385,0.6153846153846154,0.38461538461538464,0.6923076923076923,0.23333333333333334,0.0,0.42857142857142855,0.14285714285714285,0.7783475783475784,0.3653419333850729,0.6170940170940171,0.4442734713877449,NaN,NaN,NaN,NaN,3.4615384615384617,2.933012803000373,1.5602621452621457,0.723184032697737,3.45,0.3076923076923077,0.2849440066593118,3.0,4.0,1.4935064935064934,0.6412031582024986,0.0,0.0
535,1,27.0,49.0,1.8148148148148149,0.0698005698005698,0.4230769230769231,0.07692307692307693,0.26666666666666666,0.5333333333333333,0.26666666666666666,0.4666666666666667,0.25925925925925924,0.0,0.2857142857142857,0.2857142857142857,0.5047619047619047,0.4445771131354037,0.3777777777777777,0.4475092739425076,NaN,NaN,NaN,NaN,3.2666666666666666,3.411465262624733,1.7695816186556925,0.7873881696903802,3.3703703703703702,0.26666666666666666,0.4311137462970738,3.0,4.0,1.4078947368421053,0.5698568610671132,0.0,0.0
536,1,26.0,29.0,1.1153846153846154,0.04461538461538461,0.48,0.32,0.07692307692307693,0.6153846153846154,0.38461538461538464,0.7692307692307693,0.2692307692307692,0.0,0.42857142857142855,0.2857142857142857,0.764957264957265,0.36157651359293175,0.6153846153846154,0.4047439484633017,NaN,NaN,NaN,NaN,2.230769230769231,1.4232501627054275,1.6320512820512822,0.7127711659731579,3.5,0.38461538461538464,0.3686504033208659,3.0,4.0,1.4222222222222223,0.6211751651978576,0.0,0.0
537,1,31.0,59.0,1.903225806451613,0.06344086021505377,0.5333333333333333,0.1,0.07142857142857142,0.6428571428571429,0.35714285714285715,0.6428571428571429,0.22580645161290322,0.0,0.42857142857142855,0.2857142857142857,0.6275510204081632,0.4285012425086152,0.5241596638655462,0.44873063460852775,NaN,NaN,NaN,NaN,4.214285714285714,4.758451128556134,1.5617127496159757,0.6833450925910235,3.225,0.35714285714285715,0.45450066343583045,2.0,5.0,1.348314606741573,0.47913567056413764,0.0,0.0
538,1,28.0,55.0,1.9642857142857142,0.07275132275132275,0.48148148148148145,0.18518518518518517,0.07142857142857142,0.5714285714285714,0.2857142857142857,0.7142857142857143,0.25,0.0,0.2857142857142857,0.42857142857142855,0.6620606575963718,0.39116297497182534,0.514030612244898,0.3993770710313316,NaN,NaN,NaN,NaN,3.9285714285714284,4.615430402703284,1.6808562555456965,0.7751258076283013,3.4,0.42857142857142855,0.5048415633267248,3.0,5.0,1.5268817204301075,0.7007976487928093,0.0,0.0
539,1,26.0,49.0,1.8846153846153846,0.07538461538461538,0.48,0.24,0.07692307692307693,0.5384615384615384,0.38461538461538464,0.7692307692307693,0.2692307692307692,0.0,0.42857142857142855,0.42857142857142855,0.7628205128205128,0.36089788658865757,0.5998931623931624,0.4093055247404998,NaN,NaN,NaN,NaN,3.769230769230769,4.265244153891743,1.6656468531468531,0.7324527941146882,3.090909090909091,0.46153846153846156,0.5315390464290703,3.0,4.0,1.28125,0.48693241276708477,0.0,0.0
54,1,26.0,56.0,2.1538461538461537,0.08615384615384615,0.4,0.04,0.13333333333333333,0.5333333333333333,0.26666666666666666,0.6,0.2692307692307692,0.0,0.2857142857142857,0.42857142857142855,0.5296551724137931,0.4154417076656484,0.4260869565217391,0.4213433644236507,NaN,NaN,NaN,NaN,3.7333333333333334,5.750362307426086,1.8205128205128207,0.8097333277670085,3.2857142857142856,0.4,0.664424645446488,4.0,5.0,1.4893617021276595,0.6349105575999743,0.07692307692307693,0.0
540,1,33.0,68.0,2.0606060606060606,0.06439393939393939,0.5,0.125,0.125,0.625,0.25,0.5,0.21212121212121213,0.0,0.2857142857142857,0.2857142857142857,0.45442708333333337,0.43489427394930014,0.3965992647058824,0.438189067349967,NaN,NaN,NaN,NaN,4.25,4.8373546489791295,1.6159351767314465,0.7069104128932584,3.1764705882352944,0.3125,0.5094242314540502,3.0,4.0,1.3434343434343434,0.5182705967557433,0.0,0.0
541,1,28.0,38.0,1.3571428571428572,0.05026455026455026,0.48148148148148145,0.3333333333333333,0.07142857142857142,0.6428571428571429,0.35714285714285715,0.6428571428571429,0.25,0.0,0.42857142857142855,0.2857142857142857,0.6428571428571429,0.44358987592367116,0.5476190476190477,0.4490187374907941,NaN,NaN,NaN,NaN,2.7142857142857144,2.2336094083368714,1.6081349206349207,0.6650503075862874,3.111111111111111,0.35714285714285715,0.408939330601686,3.0,4.0,1.3396226415094339,0.5527343299248778,0.0,0.0
542,1,25.0,28.0,1.12,0.04666666666666667,0.4166666666666667,0.25,0.21428571428571427,0.5714285714285714,0.2857142857142857,0.5,0.28,0.0,0.2857142857142857,0.14285714285714285,0.5446428571428571,0.45848607178624085,0.39999999999999997,0.4489303526589192,NaN,NaN,NaN,NaN,2.0,1.3008872711759818,1.756,0.7654410493303844,3.3,0.2857142857142857,0.42518281160040244,3.0,5.0,1.4,0.5393598899705937,0.0,0.0
543,1,28.0,56.0,2.0,0.07407407407407407,0.48148148148148145,0.07407407407407407,0.14285714285714285,0.5714285714285714,0.2857142857142857,0.5714285714285714,0.25,0.0,0.2857142857142857,0.14285714285714285,0.48338293650793646,0.4522813714990411,0.44976190476190475,0.44422305994187977,NaN,NaN,NaN,NaN,4.0,6.287961636211018,1.68734335839599,0.8126602468712301,4.0,0.2857142857142857,0.531636303158546,3.0,4.0,1.1818181818181819,0.42640143271122083,0.0,0.0
544,1,30.0,80.0,2.6666666666666665,0.09195402298850575,0.5172413793103449,0.13793103448275862,0.07142857142857142,0.6428571428571429,0.35714285714285715,0.7142857142857143,0.23333333333333334,0.0,0.42857142857142855,0.2857142857142857,0.7174185651478817,0.3966308140027154,0.599766461608567,0.42377743847402255,NaN,NaN,NaN,NaN,5.714285714285714,6.988216141131071,1.604897063720593,0.7193321040160018,3.1818181818181817,0.35714285714285715,0.5141979166424191,3.0,5.0,1.4015748031496063,0.552912096111802,0.06666666666666667,0.0
545,1,30.0,55.0,1.8333333333333333,0.06321839080459771,0.5172413793103449,0.1724137931034483,0.07142857142857142,0.5714285714285714,0.2857142857142857,0.7142857142857143,0.23333333333333334,0.0,0.2857142857142857,0.42857142857142855,0.7080120937263794,0.3966466836125493,0.5594322344322344,0.40348128758563867,NaN,NaN,NaN,NaN,3.9285714285714284,3.9314175504573354,1.678281440781441,0.8404283783485791,3.5555555555555554,0.42857142857142855,0.603735297131307,3.0,6.0,1.694915254237288,0.7338980876206059,0.06666666666666667,0.0
546,1,29.0,70.0,2.413793103448276,0.08620689655172414,0.4642857142857143,0.07142857142857142,0.06666666666666667,0.6666666666666666,0.26666666666666666,0.5333333333333333,0.20689655172413793,0.0,0.3333333333333333,0.3333333333333333,0.4953256704980842,0.4384858865761497,0.4176379176379177,0.4388377034748922,NaN,NaN,NaN,NaN,4.666666666666667,6.661903060008633,1.6825903287672406,0.7619586331453629,3.3703703703703702,0.26666666666666666,0.6293455472177762,3.0,6.0,1.3909090909090909,0.5262896705691552,0.06896551724137931,0.0
547,1,29.0,69.0,2.3793103448275863,0.08497536945812807,0.4642857142857143,0.03571428571428571,0.13333333333333333,0.6,0.26666666666666666,0.6,0.2413793103448276,0.0,0.2857142857142857,0.42857142857142855,0.5811791383219955,0.4012998080114155,0.4523809523809524,0.4258761144424605,NaN,NaN,NaN,NaN,4.6,5.3692244717995745,1.7220168733367311,0.8020541528776952,3.46,0.3333333333333333,0.5807599227415781,3.0,6.0,1.459016393442623,0.5476854527015802,0.0,0.0
548,1,32.0,74.0,2.3125,0.07459677419354839,0.4838709677419355,0.06451612903225806,0.125,0.625,0.3125,0.5625,0.21875,0.0,0.42857142857142855,0.42857142857142855,0.5758847329571014,0.43124173365131485,0.44820492007992013,0.44788689704190626,NaN,NaN,NaN,NaN,4.625,5.596129614891588,1.6699652672870464,0.7648357374011133,3.4615384615384617,0.3125,0.5564046650730358,3.0,4.0,1.3364485981308412,0.4941912629826569,0.0,0.0
549,1,33.0,60.0,1.8181818181818181,0.056818181818181816,0.5,0.1875,0.0625,0.625,0.25,0.5625,0.21212121212121213,0.0,0.2857142857142857,0.42857142857142855,0.5234126984126983,0.4409136013969941,0.42793664668664666,0.4267472662776436,NaN,NaN,NaN,NaN,3.75,3.8901585229053754,1.6256206566948253,0.716162238234028,3.1739130434782608,0.3125,0.523439045963829,3.0,5.0,1.431578947368421,0.5952405481739039,0.0,0.0
55,1,32.0,57.0,1.78125,0.057459677419354836,0.4838709677419355,0.22580645161290322,0.0625,0.625,0.3125,0.625,0.21875,0.0,0.42857142857142855,0.2857142857142857,0.5610777243589744,0.4277031445384741,0.4690705128205128,0.43695544676649656,NaN,NaN,NaN,NaN,3.5625,3.346017533327244,1.6424879807692307,0.719279776744595,3.3846153846153846,0.375,0.46828128271740466,3.0,4.0,1.3209876543209877,0.4956601782932326,0.0,0.0
550,1,27.0,65.0,2.4074074074074074,0.09259259259259259,0.46153846153846156,0.07692307692307693,0.07142857142857142,0.7142857142857143,0.42857142857142855,0.7142857142857143,0.25925925925925924,0.0,0.5714285714285714,0.2857142857142857,0.7184222257184812,0.4043077386978193,0.5881800088456436,0.4354309575007633,NaN,NaN,NaN,NaN,4.642857142857143,6.380344129339044,1.6553539053539055,0.7146763023343932,3.107142857142857,0.21428571428571427,0.567107020365977,2.0,5.0,1.2195121951219512,0.4164633650362829,0.07407407407407407,0.0
551,1,30.0,65.0,2.1666666666666665,0.07471264367816093,0.4827586206896552,0.13793103448275862,0.13333333333333333,0.5333333333333333,0.26666666666666666,0.6,0.23333333333333334,0.0,0.2857142857142857,0.42857142857142855,0.6024920634920635,0.4095133296067179,0.45111111111111113,0.4285202791346398,NaN,NaN,NaN,NaN,4.333333333333333,4.546060565661952,1.693618326118326,0.7794561936456145,3.291666666666667,0.4,0.6286741754242918,3.0,7.0,1.4770642201834863,0.6024076735042806,0.0,0.0
552,1,33.0,67.0,2.0303030303030303,0.0634469696969697,0.5,0.1875,0.0625,0.5625,0.25,0.625,0.21212121212121213,0.0,0.2857142857142857,0.42857142857142855,0.5858854166666667,0.4237276672526475,0.475127997002997,0.41763771118365267,NaN,NaN,NaN,NaN,4.1875,4.0697051490249265,1.6617368012104854,0.7646302490960981,3.4,0.4375,0.594885120024782,3.0,6.0,1.4871794871794872,0.5815464611466126,0.0,0.0
553,1,28.0,42.0,1.5,0.05555555555555555,0.4444444444444444,0.2222222222222222,0.06666666666666667,0.6666666666666666,0.3333333333333333,0.6,0.25,0.0,0.42857142857142855,0.2857142857142857,0.594320987654321,0.45107024659758027,0.44666666666666666,0.4514175204594719,NaN,NaN,NaN,NaN,2.8,2.7568097504180447,1.6982253063488761,0.7502964219970358,3.3157894736842106,0.26666666666666666,0.46197363352146115,3.0,4.0,1.4225352112676057,0.5254106375285612,0.0,0.0
554,1,28.0,83.0,2.9642857142857144,0.10978835978835978,0.4074074074074074,0.037037037037037035,0.0625,0.625,0.25,0.5625,0.25,0.0,0.2857142857142857,0.42857142857142855,0.48558478816138984,0.4246196954534048,0.39939903846153846,0.42289205160210824,NaN,NaN,NaN,NaN,5.1875,6.997320915893454,1.7447958782569635,0.7340299951253363,3.2,0.375,0.6161986047839443,2.0,7.0,1.319327731092437,0.4681875096843885,0.07142857142857142,0.0
555,1,24.0,29.0,1.2083333333333333,0.05253623188405797,0.43478260869565216,0.30434782608695654,0.15384615384615385,0.6153846153846154,0.38461538461538464,0.6923076923076923,0.2916666666666667,0.0,0.42857142857142855,0.2857142857142857,0.7271062271062271,0.3689343636529312,0.532967032967033,0.43746703380154245,NaN,NaN,NaN,NaN,2.230769230769231,2.0475125621855637,1.692708333333333,0.7210403803341834,3.166666666666667,0.3076923076923077,0.33961774005432327,3.0,4.0,1.3636363636363635,0.5322575478577881,0.0,0.0
556,1,29.0,44.0,1.5172413793103448,0.054187192118226604,0.42857142857142855,0.2857142857142857,0.125,0.625,0.3125,0.5625,0.2413793103448276,0.0,0.42857142857142855,0.42857142857142855,0.5910416666666667,0.4428137619561725,0.44791666666666663,0.4460474563690879,NaN,NaN,NaN,NaN,2.75,3.4737107920301407,1.7130541871921183,0.7219146508804466,3.0,0.25,0.5108333886738157,3.0,4.0,1.305084745762712,0.5335062061538512,0.0,0.0
557,1,31.0,101.0,3.2580645161290325,0.1086021505376344,0.5333333333333333,0.03333333333333333,0.07142857142857142,0.5714285714285714,0.2857142857142857,0.7142857142857143,0.22580645161290322,0.0,0.2857142857142857,0.42857142857142855,0.6803176962339403,0.38072333013837756,0.5614506504356128,0.4082185738382704,NaN,NaN,NaN,NaN,7.214285714285714,8.285098499285155,1.6026134444534275,0.7374480716318897,3.145833333333333,0.42857142857142855,0.5731445283640393,3.0,7.0,1.4025157232704402,0.5525487189167401,0.06451612903225806,0.0
558,1,33.0,68.0,2.0606060606060606,0.06439393939393939,0.5,0.09375,0.0625,0.625,0.25,0.625,0.21212121212121213,0.0,0.2857142857142857,0.42857142857142855,0.572008634868421,0.41407726942409007,0.4749086257309941,0.415851214202321,NaN,NaN,NaN,NaN,4.25,5.131601439446884,1.6446702800361337,0.7560248314862524,3.55,0.375,0.5417562157299364,3.0,6.0,1.564516129032258,0.6776565967747775,0.0,0.0
559,1,26.0,37.0,1.4230769230769231,0.05692307692307692,0.48,0.2,0.15384615384615385,0.6153846153846154,0.38461538461538464,0.6923076923076923,0.2692307692307692,0.0,0.42857142857142855,0.42857142857142855,0.7987446581196581,0.36052251093092547,0.5888278388278388,0.44027814575624796,NaN,NaN,NaN,NaN,2.8461538461538463,2.7642405179408036,1.6905840230902265,0.8067593858402359,3.645161290322581,0.3076923076923077,0.3990114925707706,3.0,5.0,1.536231884057971,0.6319835753852249,0.0,0.0
56,1,28.0,66.0,2.357142857142857,0.0873015873015873,0.48148148148148145,0.1111111111111111,0.07142857142857142,0.5,0.2857142857142857,0.7142857142857143,0.25,0.0,0.2857142857142857,0.42857142857142855,0.7140572390572392,0.3995702863089628,0.5264490411549235,0.4014050979934407,NaN,NaN,NaN,NaN,4.714285714285714,4.842576736671237,1.700931320931321,0.7823273537842098,3.2727272727272725,0.5,0.5790674241822426,3.0,5.0,1.4019607843137254,0.5497038612567379,0.07142857142857142,0.0
560,1,27.0,61.0,2.259259259259259,0.0868945868945869,0.46153846153846156,0.11538461538461539,0.07142857142857142,0.6428571428571429,0.35714285714285715,0.6428571428571429,0.2222222222222222,0.0,0.5,0.3333333333333333,0.6160892857142857,0.4259125678508404,0.5071428571428571,0.4410900583332609,NaN,NaN,NaN,NaN,4.357142857142857,5.256602337239154,1.6707557399615605,0.7263409274496656,3.1739130434782608,0.35714285714285715,0.5391118601978753,3.0,5.0,1.3854166666666667,0.5103103630798287,0.0,0.0
561,1,32.0,66.0,2.0625,0.06653225806451613,0.4838709677419355,0.0967741935483871,0.0625,0.625,0.25,0.5625,0.21875,0.0,0.2857142857142857,0.2857142857142857,0.5408781033781034,0.44341610481511645,0.4468482905982906,0.43504740522739693,NaN,NaN,NaN,NaN,4.125,4.193248541803041,1.6149737506645403,0.6794253105740166,3.2727272727272725,0.375,0.46018912110336024,3.0,5.0,1.3689320388349515,0.5046896010175108,0.0,0.0
562,1,30.0,43.0,1.4333333333333333,0.04942528735632184,0.5172413793103449,0.2413793103448276,0.14285714285714285,0.5714285714285714,0.35714285714285715,0.6428571428571429,0.23333333333333334,0.0,0.42857142857142855,0.2857142857142857,0.6779999999999999,0.4019230695620169,0.5547619047619047,0.4528366704023096,NaN,NaN,NaN,NaN,3.0714285714285716,2.017778127403648,1.6099074074074076,0.7348518772292081,3.541666666666667,0.35714285714285715,0.4045952342399989,3.0,4.0,1.4507042253521127,0.5803627534166197,0.0,0.0
563,1,29.0,57.0,1.9655172413793103,0.07019704433497537,0.5357142857142857,0.14285714285714285,0.07692307692307693,0.6153846153846154,0.3076923076923077,0.6923076923076923,0.2413793103448276,0.0,0.2857142857142857,0.2857142857142857,0.6451465201465202,0.40768043895983425,0.5311073541842772,0.4182610604145888,NaN,NaN,NaN,NaN,4.384615384615385,4.519189852515263,1.5653448275862067,0.6982451614001484,3.1399999999999997,0.38461538461538464,0.5140806970044502,3.0,5.0,1.3571428571428572,0.5296704395439471,0.0,0.0
564,1,31.0,58.0,1.8709677419354838,0.06236559139784946,0.4666666666666667,0.2,0.125,0.5625,0.25,0.5625,0.22580645161290322,0.0,0.2857142857142857,0.42857142857142855,0.5965773809523809,0.4301935516421969,0.41160714285714284,0.43019434779033106,NaN,NaN,NaN,NaN,3.625,4.080441152620633,1.7127791563275434,0.783390281049349,3.3461538461538463,0.25,0.5933014176921597,3.0,5.0,1.4456521739130435,0.6177614752676737,0.0,0.0
565,1,32.0,67.0,2.09375,0.06754032258064516,0.5161290322580645,0.16129032258064516,0.13333333333333333,0.6,0.26666666666666666,0.6,0.21875,0.0,0.2857142857142857,0.42857142857142855,0.6528795697519978,0.41967615244214207,0.47912087912087914,0.4420568392225337,NaN,NaN,NaN,NaN,4.466666666666667,3.979710446514324,1.697217461402623,0.8694932525101583,3.8085106382978724,0.3333333333333333,0.6214079487012579,3.0,7.0,1.6458333333333333,0.6738756499595393,0.0625,0.0
566,1,24.0,55.0,2.2916666666666665,0.09963768115942029,0.43478260869565216,0.08695652173913043,0.07692307692307693,0.6153846153846154,0.3076923076923077,0.6153846153846154,0.25,0.0,0.3333333333333333,0.5,0.5479735318444996,0.4187079236058362,0.4505494505494506,0.43093062499472745,NaN,NaN,NaN,NaN,4.230769230769231,6.139406135149205,1.7016640766640763,0.7265891097788699,3.1818181818181817,0.38461538461538464,0.5860274596425528,2.0,6.0,1.3493975903614457,0.4796781171699245,0.08333333333333333,0.0
567,1,25.0,51.0,2.04,0.085,0.4166666666666667,0.041666666666666664,0.07142857142857142,0.6428571428571429,0.42857142857142855,0.7142857142857143,0.28,0.0,0.5714285714285714,0.14285714285714285,0.719438145628622,0.4015510353172089,0.5978458049886621,0.4318984536408561,NaN,NaN,NaN,NaN,3.642857142857143,4.325366020210453,1.711231527093596,0.7138652717638784,3.310344827586207,0.35714285714285715,0.5228902169567479,3.0,5.0,1.3636363636363635,0.5106520833593401,0.0,0.0
568,1,30.0,45.0,1.5,0.05172413793103448,0.5172413793103449,0.1724137931034483,0.07142857142857142,0.6428571428571429,0.42857142857142855,0.7142857142857143,0.23333333333333334,0.0,0.5714285714285714,0.2857142857142857,0.689239332096475,0.39955913912540836,0.5843073593073594,0.4402241201437818,NaN,NaN,NaN,NaN,3.2142857142857144,3.0679126311040723,1.5967509099088049,0.7170726195983189,3.4615384615384617,0.35714285714285715,0.4439305678487605,3.0,4.0,1.4285714285714286,0.6036466134705399,0.0,0.0
569,1,28.0,50.0,1.7857142857142858,0.06613756613756613,0.5185185185185185,0.1111111111111111,0.23076923076923078,0.46153846153846156,0.3076923076923077,0.6153846153846154,0.25,0.0,0.2857142857142857,0.42857142857142855,0.7367884924064699,0.3546386186292713,0.4884615384615385,0.44354342428985377,NaN,NaN,NaN,NaN,3.8461538461538463,3.484397457384224,1.7662254076568593,0.9572282955071496,3.8,0.38461538461538464,0.7913211688287546,3.0,6.0,1.606060606060606,0.6518135112379015,0.07142857142857142,0.0
57,1,35.0,71.0,2.0285714285714285,0.05966386554621849,0.5294117647058824,0.08823529411764706,0.0625,0.625,0.25,0.5625,0.2,0.0,0.2857142857142857,0.42857142857142855,0.5131710737179487,0.440771944153904,0.42223271520146516,0.42848581066945884,NaN,NaN,NaN,NaN,4.4375,4.589389937671455,1.591548486716554,0.7148414615670979,3.3513513513513513,0.375,0.4739866654375339,3.0,5.0,1.3805309734513274,0.5056569996195271,0.0,0.0
570,1,27.0,61.0,2.259259259259259,0.0868945868945869,0.5,0.038461538461538464,0.15384615384615385,0.6153846153846154,0.38461538461538464,0.6923076923076923,0.25925925925925924,0.0,0.42857142857142855,0.2857142857142857,0.7849482248520709,0.3562867308121357,0.5665680473372781,0.4347611073361228,NaN,NaN,NaN,NaN,4.6923076923076925,6.663140092886828,1.6823946401368217,0.8268177672810041,3.5384615384615383,0.38461538461538464,0.6172087741165363,3.0,6.0,1.4862385321100917,0.5711372491708258,0.0,0.0
571,1,29.0,63.0,2.1724137931034484,0.07758620689655173,0.4642857142857143,0.10714285714285714,0.06666666666666667,0.6666666666666666,0.4,0.6666666666666666,0.2413793103448276,0.0,0.5714285714285714,0.2857142857142857,0.6384693877551021,0.42610090568312525,0.5450396825396825,0.4511974127288546,NaN,NaN,NaN,NaN,4.2,4.126568965687043,1.6530428704566635,0.7058095787154731,3.243243243243243,0.3333333333333333,0.46767200034090883,2.0,5.0,1.3186813186813187,0.46854671008984744,0.0,0.0
572,1,29.0,53.0,1.8275862068965518,0.06527093596059114,0.42857142857142855,0.10714285714285714,0.125,0.6875,0.375,0.5625,0.2413793103448276,0.0,0.5714285714285714,0.2857142857142857,0.5409722222222222,0.4428809304073935,0.46111111111111114,0.4666666666666667,NaN,NaN,NaN,NaN,3.3125,4.2066415741459755,1.6921308576480987,0.7099121535927999,3.3,0.25,0.46833576810774036,3.0,4.0,1.295774647887324,0.48973363597493613,0.0,0.0
573,1,35.0,86.0,2.4571428571428573,0.07226890756302522,0.5588235294117647,0.11764705882352941,0.06666666666666667,0.5333333333333333,0.26666666666666666,0.6666666666666666,0.2,0.0,0.2857142857142857,0.42857142857142855,0.6797343022885192,0.429862676645494,0.5244200244200244,0.41722559085596095,NaN,NaN,NaN,NaN,5.733333333333333,6.064730198529229,1.6149476927938657,0.7986258805318499,3.4457831325301207,0.4,0.658141104589204,3.0,6.0,1.4652777777777777,0.590284919285836,0.05714285714285714,0.0
574,1,30.0,51.0,1.7,0.05862068965517241,0.4482758620689655,0.1724137931034483,0.125,0.5625,0.25,0.5,0.23333333333333334,0.0,0.2857142857142857,0.42857142857142855,0.4808582621082621,0.4591993911707815,0.3774801587301587,0.43172432981171344,NaN,NaN,NaN,NaN,3.1875,3.8853356783337696,1.7052213868003343,0.7350129508991133,3.0,0.3125,0.5512003060620217,2.0,4.0,1.3,0.4615663313770509,0.0,0.0
575,1,28.0,58.0,2.0714285714285716,0.07671957671957672,0.48148148148148145,0.037037037037037035,0.07142857142857142,0.6428571428571429,0.35714285714285715,0.6428571428571429,0.25,0.0,0.42857142857142855,0.42857142857142855,0.6263227513227514,0.4333456170924527,0.512517006802721,0.4421178368997528,NaN,NaN,NaN,NaN,4.142857142857143,6.585031310680106,1.6225478225478227,0.686471788004392,3.0,0.2857142857142857,0.562635666970764,2.0,5.0,1.125,0.3333333333333333,0.0,0.0
576,1,26.0,50.0,1.9230769230769231,0.07692307692307693,0.4,0.12,0.13333333333333333,0.6666666666666666,0.26666666666666666,0.5333333333333333,0.2692307692307692,0.0,0.2857142857142857,0.2857142857142857,0.5239283264746228,0.42492781847255373,0.4134502923976608,0.44000858730706127,NaN,NaN,NaN,NaN,3.3333333333333335,4.820590756130958,1.7576923076923079,0.758376497026776,3.4230769230769234,0.26666666666666666,0.5508212353652572,3.0,5.0,1.3974358974358974,0.5427142844432921,0.0,0.0
577,1,32.0,76.0,2.375,0.07661290322580645,0.5161290322580645,0.0967741935483871,0.06666666666666667,0.6,0.3333333333333333,0.6666666666666666,0.21875,0.0,0.42857142857142855,0.42857142857142855,0.6913084513084513,0.43613483490576926,0.5414529914529915,0.42811729118920694,NaN,NaN,NaN,NaN,5.066666666666666,5.909637004403021,1.6329860821203606,0.7583952363261961,3.3793103448275863,0.3333333333333333,0.6311327728364958,3.0,6.0,1.4573643410852712,0.5591253205060631,0.0625,0.0
578,1,30.0,64.0,2.1333333333333333,0.0735632183908046,0.5172413793103449,0.06896551724137931,0.07142857142857142,0.5714285714285714,0.2857142857142857,0.6428571428571429,0.23333333333333334,0.0,0.2857142857142857,0.42857142857142855,0.61669360051713,0.42047384613512623,0.5146358543417368,0.42832988092872726,NaN,NaN,NaN,NaN,4.571428571428571,5.556898494584986,1.618985507246377,0.7432811208141473,3.25,0.42857142857142855,0.6012234991323022,3.0,6.0,1.4095238095238096,0.5131958333521067,0.0,0.0
579,1,26.0,72.0,2.769230769230769,0.11076923076923077,0.4,0.04,0.2,0.6,0.26666666666666666,0.5333333333333333,0.2692307692307692,0.0,0.2857142857142857,0.42857142857142855,0.5062338303376906,0.4141149699525385,0.4052536231884058,0.43990200662173806,NaN,NaN,NaN,NaN,4.8,6.43872214473826,1.8183842284764418,0.8219449794839431,3.25,0.26666666666666666,0.6404559796530626,3.0,6.0,1.3761467889908257,0.5233260938226805,0.07692307692307693,0.0
58,1,30.0,54.0,1.8,0.06206896551724138,0.4827586206896552,0.06896551724137931,0.06666666666666667,0.6,0.26666666666666666,0.6,0.23333333333333334,0.0,0.2857142857142857,0.42857142857142855,0.5364511494252874,0.42861970497316176,0.4343915343915344,0.4194913075190811,NaN,NaN,NaN,NaN,3.6,3.680062111277083,1.6882170915504247,0.8063683671210858,3.6296296296296298,0.4,0.6785757084349315,4.0,6.0,1.6607142857142858,0.7297237713661126,0.06666666666666667,0.0
580,1,30.0,49.0,1.6333333333333333,0.05632183908045977,0.4827586206896552,0.2413793103448276,0.06666666666666667,0.6,0.26666666666666666,0.6666666666666666,0.23333333333333334,0.0,0.2857142857142857,0.14285714285714285,0.6185185185185186,0.4044460070322741,0.5111111111111112,0.41411919660251073,NaN,NaN,NaN,NaN,3.2666666666666666,3.172801075810878,1.6608067858067856,0.7533255848024688,3.4545454545454546,0.4,0.4681216076461435,3.0,5.0,1.5894736842105264,0.6762653520828725,0.0,0.0
581,1,32.0,50.0,1.5625,0.05040322580645161,0.5161290322580645,0.22580645161290322,0.06666666666666667,0.6,0.3333333333333333,0.6666666666666666,0.21875,0.0,0.42857142857142855,0.2857142857142857,0.6656966490299823,0.430224367837772,0.534973544973545,0.44031390308432133,NaN,NaN,NaN,NaN,3.3333333333333335,2.7167908239230307,1.596669823232323,0.6980977792199509,3.0,0.3333333333333333,0.4699035355929938,3.0,4.0,1.3513513513513513,0.5083530332042997,0.0,0.0
582,1,25.0,33.0,1.32,0.055,0.4583333333333333,0.3333333333333333,0.07692307692307693,0.6923076923076923,0.46153846153846156,0.6923076923076923,0.24,0.0,0.6666666666666666,0.16666666666666666,0.7170940170940171,0.42291890340867816,0.5982905982905983,0.4570851951152458,NaN,NaN,NaN,NaN,2.5384615384615383,2.6961511028187517,1.620888888888889,0.6565773580930839,3.0,0.23076923076923078,0.41823190850642805,2.0,3.0,1.1794871794871795,0.3887764119844716,0.0,0.0
583,1,28.0,70.0,2.5,0.09259259259259259,0.4074074074074074,0.07407407407407407,0.1875,0.625,0.25,0.5,0.25,0.0,0.2857142857142857,0.42857142857142855,0.5160108024691358,0.4014972727350927,0.367498514557338,0.43289263363206526,NaN,NaN,NaN,NaN,4.375,5.760497663686127,1.8242960581361731,0.8645543133068702,3.75,0.3125,0.6288304300805875,3.0,7.0,1.4406779661016949,0.5317664946285194,0.0,0.0
584,1,29.0,61.0,2.103448275862069,0.07512315270935961,0.4642857142857143,0.14285714285714285,0.06666666666666667,0.6666666666666666,0.3333333333333333,0.6666666666666666,0.2413793103448276,0.0,0.42857142857142855,0.2857142857142857,0.6122478991596638,0.41113474278306184,0.5242627960275019,0.4251020217909527,NaN,NaN,NaN,NaN,4.066666666666666,4.5586129887228175,1.652037617554859,0.7090113864488172,3.3181818181818183,0.26666666666666666,0.5143648474719695,3.0,5.0,1.3736263736263736,0.5507237994645804,0.0,0.0
585,1,29.0,74.0,2.5517241379310347,0.09113300492610837,0.5,0.10714285714285714,0.07142857142857142,0.6428571428571429,0.35714285714285715,0.7142857142857143,0.2413793103448276,0.0,0.42857142857142855,0.42857142857142855,0.7071197411003236,0.39524875218136213,0.5781440781440782,0.41624771523895193,NaN,NaN,NaN,NaN,5.285714285714286,5.876008213700227,1.680593499903845,0.8233989405705326,3.5428571428571427,0.35714285714285715,0.6746654360842085,3.0,7.0,1.5827338129496402,0.6799326541196964,0.13793103448275862,0.0
586,1,28.0,56.0,2.0,0.07407407407407407,0.4444444444444444,0.07407407407407407,0.2,0.6,0.3333333333333333,0.5333333333333333,0.25,0.0,0.42857142857142855,0.2857142857142857,0.6696246498599439,0.4287885120552115,0.46091503267973855,0.4657167713243781,NaN,NaN,NaN,NaN,3.7333333333333334,4.712698145385911,1.718663594470046,0.7618937107947694,3.32258064516129,0.26666666666666666,0.5282784762210649,2.0,5.0,1.3452380952380953,0.47830140265765475,0.0,0.0
587,1,33.0,99.0,3.0,0.09375,0.5625,0.09375,0.07142857142857142,0.5714285714285714,0.2857142857142857,0.6428571428571429,0.21212121212121213,0.0,0.2857142857142857,0.2857142857142857,0.6363098688750863,0.4261806525183887,0.5232315389924086,0.43110092590609583,NaN,NaN,NaN,NaN,7.071428571428571,7.4778059895655495,1.5555106199843043,0.7134040860632022,3.333333333333333,0.42857142857142855,0.4772819193988837,3.0,6.0,1.337837837837838,0.4887030462377903,0.0,0.0
588,1,31.0,59.0,1.903225806451613,0.06344086021505377,0.5333333333333333,0.16666666666666666,0.07142857142857142,0.5714285714285714,0.2857142857142857,0.6428571428571429,0.22580645161290322,0.0,0.2857142857142857,0.42857142857142855,0.6184471910830059,0.4207276040516588,0.4922902494331066,0.4254063277522234,NaN,NaN,NaN,NaN,4.214285714285714,4.388421328706003,1.6192368967960697,0.7806939276249142,3.6,0.42857142857142855,0.5643298695860595,3.0,5.0,1.4848484848484849,0.6446583712203042,0.06451612903225806,0.0
589,1,32.0,60.0,1.875,0.06048387096774194,0.5161290322580645,0.12903225806451613,0.06666666666666667,0.6666666666666666,0.3333333333333333,0.6666666666666666,0.21875,0.0,0.42857142857142855,0.2857142857142857,0.6581099456099456,0.42619947638897776,0.541981351981352,0.43496982248768734,NaN,NaN,NaN,NaN,4.0,4.780914437337574,1.5795739586500457,0.6803500175913058,3.0,0.2,0.505015647901056,3.0,5.0,1.3294117647058823,0.543100343576836,0.0,0.0
59,1,28.0,38.0,1.3571428571428572,0.05026455026455026,0.4444444444444444,0.3333333333333333,0.06666666666666667,0.6,0.3333333333333333,0.6666666666666666,0.25,0.0,0.42857142857142855,0.2857142857142857,0.6476851851851851,0.4206036445145876,0.4955555555555555,0.42573310565268146,NaN,NaN,NaN,NaN,2.533333333333333,1.9223002094465094,1.6928571428571428,0.7171248689045799,3.0666666666666664,0.3333333333333333,0.5071232750736101,3.0,4.0,1.3333333333333333,0.5139561687500467,0.0,0.0
590,1,33.0,74.0,2.242424242424242,0.07007575757575757,0.53125,0.0625,0.06666666666666667,0.6,0.26666666666666666,0.6,0.21212121212121213,0.0,0.2857142857142857,0.42857142857142855,0.5636096413874192,0.4313551051845508,0.4613445378151261,0.4327196217615311,NaN,NaN,NaN,NaN,4.933333333333334,5.229950377621278,1.599882756132756,0.7383895805197425,3.21875,0.4,0.5901347499517977,4.0,6.0,1.5539568345323742,0.6721441127229845,0.0,0.0
591,1,28.0,58.0,2.0714285714285716,0.07671957671957672,0.4444444444444444,0.1111111111111111,0.13333333333333333,0.6666666666666666,0.3333333333333333,0.6,0.25,0.0,0.42857142857142855,0.42857142857142855,0.6072906698564593,0.4155499004774749,0.4846092503987241,0.44814741746110137,NaN,NaN,NaN,NaN,3.8666666666666667,5.0123656614227095,1.711782267766041,0.7613642975493305,3.2333333333333334,0.26666666666666666,0.5825630526245194,2.0,6.0,1.462962962962963,0.5009509820989526,0.0,0.0
592,1,32.0,61.0,1.90625,0.06149193548387097,0.5161290322580645,0.12903225806451613,0.2,0.6,0.26666666666666666,0.5333333333333333,0.21875,0.0,0.2857142857142857,0.42857142857142855,0.6044973544973545,0.40871892161056855,0.4413888888888889,0.4540286669619887,NaN,NaN,NaN,NaN,4.066666666666666,3.972524686009186,1.6414675245098038,0.7865424420125151,3.458333333333333,0.3333333333333333,0.541529258463416,3.0,6.0,1.4519230769230769,0.5552889161807204,0.0,0.0
593,1,24.0,49.0,2.0416666666666665,0.08876811594202899,0.43478260869565216,0.08695652173913043,0.15384615384615385,0.6923076923076923,0.46153846153846156,0.6153846153846154,0.2916666666666667,0.0,0.5714285714285714,0.2857142857142857,0.6285714285714286,0.4522848686599467,0.540574809805579,0.4797846457225102,NaN,NaN,NaN,NaN,3.769230769230769,4.603510366264824,1.6908068783068781,0.7320895913588091,3.2222222222222223,0.15384615384615385,0.5079851702846495,2.0,5.0,1.323943661971831,0.471309661242674,0.0,0.0
594,1,31.0,55.0,1.7741935483870968,0.05913978494623656,0.5333333333333333,0.2,0.14285714285714285,0.5714285714285714,0.2857142857142857,0.5714285714285714,0.22580645161290322,0.0,0.2857142857142857,0.42857142857142855,0.5609882842025699,0.4446019761477568,0.4673469387755102,0.4506816247523711,NaN,NaN,NaN,NaN,3.9285714285714284,4.2691070173134245,1.6060356536502547,0.7676984313595601,3.52,0.35714285714285715,0.5681488477259735,3.0,6.0,1.4947368421052631,0.6166775116829326,0.0,0.0
595,1,31.0,46.0,1.4838709677419355,0.04946236559139785,0.4666666666666667,0.26666666666666666,0.125,0.625,0.25,0.5,0.22580645161290322,0.0,0.2857142857142857,0.2857142857142857,0.4869791666666667,0.4650464806518448,0.4050347222222222,0.4445534805486301,NaN,NaN,NaN,NaN,2.875,3.304037933599835,1.6545698924731185,0.7026597574694492,3.0,0.25,0.43416756686076285,3.0,4.0,1.3125,0.5307975430859037,0.0,0.0
596,1,24.0,36.0,1.5,0.06521739130434782,0.391304347826087,0.13043478260869565,0.14285714285714285,0.5,0.2857142857142857,0.5714285714285714,0.2916666666666667,0.0,0.2857142857142857,0.42857142857142855,0.5056689342403627,0.4371061343591803,0.39285714285714285,0.43661059953786696,NaN,NaN,NaN,NaN,2.5714285714285716,2.2434275189912047,1.8184142246642245,0.8080123679366864,3.571428571428571,0.42857142857142855,0.5015788083046125,3.0,5.0,1.4761904761904763,0.5638903707551804,0.0,0.0
597,1,29.0,59.0,2.0344827586206895,0.07266009852216748,0.5,0.07142857142857142,0.07142857142857142,0.5714285714285714,0.2857142857142857,0.7142857142857143,0.2413793103448276,0.0,0.2857142857142857,0.2857142857142857,0.6681677018633542,0.38705391534707034,0.5446428571428571,0.4063545347802925,NaN,NaN,NaN,NaN,4.214285714285714,5.93786508420676,1.6500193180720564,0.7599065692673848,3.3529411764705883,0.35714285714285715,0.5829895970768344,3.0,5.0,1.3888888888888888,0.5547434763872913,0.0,0.0
598,1,29.0,62.0,2.1379310344827585,0.07635467980295567,0.4642857142857143,0.07142857142857142,0.13333333333333333,0.6666666666666666,0.3333333333333333,0.5333333333333333,0.2413793103448276,0.0,0.42857142857142855,0.2857142857142857,0.5250292397660818,0.4588752427679922,0.44686716791979947,0.46136974578298334,NaN,NaN,NaN,NaN,4.133333333333334,4.955035918374453,1.6567856422665863,0.7168300528623628,3.3055555555555554,0.26666666666666666,0.45795650425975465,2.0,6.0,1.386138613861386,0.48929126355787245,0.0,0.0
599,1,27.0,53.0,1.962962962962963,0.0754985754985755,0.46153846153846156,0.11538461538461539,0.14285714285714285,0.5714285714285714,0.2857142857142857,0.5714285714285714,0.2222222222222222,0.0,0.3333333333333333,0.5,0.5562386980108499,0.44375303382437814,0.4321428571428571,0.44175564104835874,NaN,NaN,NaN,NaN,3.7857142857142856,4.4579845640857005,1.7553798928995543,0.8630392123079775,3.833333333333333,0.35714285714285715,0.6389904359359697,3.0,6.0,1.719626168224299,0.7866143420268593,0.07407407407407407,0.0
6,1,29.0,54.0,1.8620689655172413,0.0665024630541872,0.4642857142857143,0.21428571428571427,0.06666666666666667,0.6,0.26666666666666666,0.6666666666666666,0.2413793103448276,0.0,0.2857142857142857,0.42857142857142855,0.6427922907233251,0.4215753742922395,0.49924242424242427,0.4132985673322467,NaN,NaN,NaN,NaN,3.6,3.6213651727333045,1.7802129238411097,0.9482679025094634,4.222222222222222,0.4,0.7221026528222312,4.0,7.0,1.7636363636363637,0.8771019076844603,0.06896551724137931,0.0
60,1,26.0,63.0,2.423076923076923,0.09692307692307692,0.4,0.04,0.13333333333333333,0.6,0.26666666666666666,0.5333333333333333,0.2692307692307692,0.0,0.2857142857142857,0.42857142857142855,0.48049943883277213,0.44889706376915184,0.377012882447665,0.4294029472979977,NaN,NaN,NaN,NaN,4.2,6.678323142825601,1.7704434282074035,0.7482796763712434,3.0,0.26666666666666666,0.6171861146757486,2.0,6.0,1.162162162162162,0.3711155721116458,0.0,0.0
600,1,30.0,55.0,1.8333333333333333,0.06321839080459771,0.4827586206896552,0.06896551724137931,0.06666666666666667,0.6666666666666666,0.3333333333333333,0.6666666666666666,0.23333333333333334,0.0,0.42857142857142855,0.2857142857142857,0.604906204906205,0.40783073196645636,0.5208754208754208,0.4263624050872322,NaN,NaN,NaN,NaN,3.6666666666666665,3.8483144114694956,1.607596916971917,0.6682524589947848,3.21875,0.3333333333333333,0.4127175501783264,2.0,5.0,1.3452380952380953,0.47830140265765475,0.0,0.0
601,1,30.0,52.0,1.7333333333333334,0.059770114942528735,0.5172413793103449,0.27586206896551724,0.14285714285714285,0.5714285714285714,0.2857142857142857,0.6428571428571429,0.23333333333333334,0.0,0.2857142857142857,0.2857142857142857,0.5888301749271136,0.3955055101034682,0.5,0.42489263580618036,NaN,NaN,NaN,NaN,3.7142857142857144,3.87156441106318,1.6262108262108261,0.7441220331737182,3.230769230769231,0.35714285714285715,0.5284574275788997,3.0,5.0,1.4186046511627908,0.5415688816994298,0.0,0.0
602,1,31.0,47.0,1.5161290322580645,0.05053763440860215,0.5,0.2,0.13333333333333333,0.6,0.3333333333333333,0.6,0.22580645161290322,0.0,0.42857142857142855,0.42857142857142855,0.6338734567901234,0.4362550143914123,0.5087301587301588,0.4539550725137038,NaN,NaN,NaN,NaN,3.1333333333333333,3.292126248808699,1.6619228336495888,0.7837124777460434,3.3529411764705883,0.26666666666666666,0.6481617282567471,3.0,5.0,1.4666666666666666,0.643750273331526,0.0,0.0
603,1,28.0,88.0,3.142857142857143,0.1164021164021164,0.4444444444444444,0.07407407407407407,0.06666666666666667,0.6,0.26666666666666666,0.6666666666666666,0.25,0.0,0.2857142857142857,0.42857142857142855,0.6025758377425046,0.40125279325693985,0.4770370370370371,0.4042208231139488,NaN,NaN,NaN,NaN,5.866666666666666,6.854265269228525,1.7173475075648987,0.7600105980733941,3.1714285714285717,0.4,0.5807709995911758,3.0,6.0,1.4142857142857144,0.5624421861347977,0.07142857142857142,0.0
604,1,31.0,50.0,1.6129032258064515,0.053763440860215055,0.4666666666666667,0.16666666666666666,0.125,0.5625,0.25,0.5625,0.22580645161290322,0.0,0.2857142857142857,0.42857142857142855,0.5280439814814815,0.4083868807797382,0.416170634920635,0.42477970666423265,NaN,NaN,NaN,NaN,3.125,2.5787593916455256,1.7462349824992904,0.8502843197013543,3.774193548387097,0.375,0.5829787911399703,4.0,5.0,1.6407766990291262,0.6980978207206201,0.0,0.0
605,1,25.0,35.0,1.4,0.058333333333333334,0.4166666666666667,0.375,0.07142857142857142,0.5714285714285714,0.2857142857142857,0.6428571428571429,0.28,0.0,0.2857142857142857,0.42857142857142855,0.5905612244897959,0.4246884700473559,0.4770408163265306,0.42155593690398874,NaN,NaN,NaN,NaN,2.5,1.8292495308606331,1.7416239316239315,0.7554232055254,3.4444444444444446,0.35714285714285715,0.45918996471481194,3.0,5.0,1.5166666666666666,0.6762726024084974,0.0,0.0
606,1,29.0,58.0,2.0,0.07142857142857142,0.42857142857142855,0.10714285714285714,0.125,0.5625,0.25,0.5,0.2413793103448276,0.0,0.2857142857142857,0.2857142857142857,0.4817503924646781,0.453381685925761,0.39789377289377287,0.439342385882265,NaN,NaN,NaN,NaN,3.625,3.4034296427770228,1.7192689369600915,0.7282346542661227,3.314285714285714,0.375,0.5059710168483581,3.0,5.0,1.375,0.5320206546850359,0.0,0.0
607,1,30.0,51.0,1.7,0.05862068965517241,0.4827586206896552,0.20689655172413793,0.06666666666666667,0.6666666666666666,0.3333333333333333,0.6666666666666666,0.23333333333333334,0.0,0.42857142857142855,0.2857142857142857,0.6464285714285715,0.42451786711648987,0.5150793650793651,0.43384105961029007,NaN,NaN,NaN,NaN,3.4,4.102264183176338,1.6313188646005985,0.7091499124341354,3.2727272727272725,0.3333333333333333,0.40705541667778866,3.0,4.0,1.4320987654320987,0.6111111111111112,0.0,0.0
608,1,32.0,89.0,2.78125,0.08971774193548387,0.5483870967741935,0.03225806451612903,0.07142857142857142,0.5,0.2857142857142857,0.7142857142857143,0.21875,0.0,0.2857142857142857,0.2857142857142857,0.6751838354389375,0.38337637770826183,0.5574134199134199,0.4127134116918358,NaN,NaN,NaN,NaN,6.357142857142857,6.196862020498673,1.591055427547363,0.7417375591463976,3.2857142857142856,0.5,0.545071966978792,3.0,5.0,1.3032786885245902,0.4960895723955384,0.0,0.0
609,1,28.0,57.0,2.0357142857142856,0.07539682539682539,0.48148148148148145,0.07407407407407407,0.14285714285714285,0.6428571428571429,0.35714285714285715,0.6428571428571429,0.25,0.0,0.42857142857142855,0.2857142857142857,0.6176870748299319,0.40229676536223685,0.5054421768707483,0.45309893724362227,NaN,NaN,NaN,NaN,4.071428571428571,3.540193078486968,1.6594163981382029,0.7485869106504832,3.3684210526315788,0.2857142857142857,0.42020830578923823,2.0,5.0,1.3736263736263736,0.4864463347893955,0.0,0.0
61,1,27.0,34.0,1.2592592592592593,0.04843304843304843,0.4230769230769231,0.38461538461538464,0.13333333333333333,0.6,0.26666666666666666,0.5333333333333333,0.25925925925925924,0.0,0.2857142857142857,0.2857142857142857,0.46888888888888886,0.42937138744889414,0.41555555555555557,0.4398532703878641,NaN,NaN,NaN,NaN,2.2666666666666666,1.8309508328682538,1.7169312169312174,0.7290995396576492,3.333333333333333,0.3333333333333333,0.3869059861687551,3.0,4.0,1.3265306122448979,0.515903540000487,0.0,0.0
610,1,27.0,42.0,1.5555555555555556,0.05982905982905983,0.4230769230769231,0.19230769230769232,0.13333333333333333,0.6,0.26666666666666666,0.6,0.25925925925925924,0.0,0.2857142857142857,0.42857142857142855,0.5961574074074074,0.41204821896425753,0.41919191919191917,0.42735855676987095,NaN,NaN,NaN,NaN,2.8,3.1213550171131033,1.7643771043771044,0.7960197008138227,3.5,0.3333333333333333,0.5572993236699861,4.0,5.0,1.554054054054054,0.7050093148494107,0.0,0.0
611,1,30.0,53.0,1.7666666666666666,0.06091954022988506,0.4482758620689655,0.10344827586206896,0.0625,0.5625,0.25,0.625,0.23333333333333334,0.0,0.2857142857142857,0.42857142857142855,0.591550925925926,0.43232020890949574,0.4215277777777778,0.40825774054639724,NaN,NaN,NaN,NaN,3.3125,3.070694818223828,1.7502182539682538,0.813652487202331,3.685714285714286,0.4375,0.5531179965594712,3.0,5.0,1.5157894736842106,0.5989913133802854,0.0,0.0
612,1,30.0,58.0,1.9333333333333333,0.06666666666666667,0.5517241379310345,0.10344827586206896,0.15384615384615385,0.5384615384615384,0.38461538461538464,0.6923076923076923,0.23333333333333334,0.0,0.42857142857142855,0.2857142857142857,0.7763564560439561,0.3589958391143387,0.5727752639517345,0.43515243709520074,NaN,NaN,NaN,NaN,4.461538461538462,4.943267890363362,1.5961040489642184,0.7579052600628672,3.2372881355932206,0.3076923076923077,0.592181186158753,3.0,5.0,1.3452380952380953,0.5028604352367053,0.0,0.0
613,1,35.0,70.0,2.0,0.058823529411764705,0.5588235294117647,0.14705882352941177,0.06666666666666667,0.6,0.26666666666666666,0.6666666666666666,0.2,0.0,0.2857142857142857,0.42857142857142855,0.6284307359307361,0.4152110382205536,0.5177777777777778,0.41473201649094504,NaN,NaN,NaN,NaN,4.666666666666667,5.44671154612273,1.5801098217064602,0.7659527629935764,3.5,0.4,0.6385706790396313,3.0,5.0,1.5333333333333334,0.6728009099471925,0.0,0.0
614,1,24.0,49.0,2.0416666666666665,0.08876811594202899,0.43478260869565216,0.2608695652173913,0.07692307692307693,0.5384615384615384,0.38461538461538464,0.7692307692307693,0.2916666666666667,0.0,0.42857142857142855,0.14285714285714285,0.7785790598290598,0.359471867665283,0.5993589743589743,0.39948551314619063,NaN,NaN,NaN,NaN,3.769230769230769,4.342692063567753,1.7428661616161616,0.7848550316347919,3.6,0.46153846153846156,0.5403013095028598,3.0,4.0,1.3076923076923077,0.5568627782911638,0.0,0.0
615,1,30.0,49.0,1.6333333333333333,0.05632183908045977,0.4827586206896552,0.13793103448275862,0.06666666666666667,0.5333333333333333,0.26666666666666666,0.6666666666666666,0.23333333333333334,0.0,0.2857142857142857,0.2857142857142857,0.6591836734693877,0.4233121700498467,0.5087301587301588,0.4127480128924141,NaN,NaN,NaN,NaN,3.2666666666666666,3.305118685283408,1.688536355255956,0.7849302517416609,3.6206896551724137,0.4666666666666667,0.5590259046570143,3.0,5.0,1.5714285714285714,0.6690433824641326,0.0,0.0
616,1,31.0,57.0,1.8387096774193548,0.06129032258064516,0.5,0.16666666666666666,0.06666666666666667,0.6666666666666666,0.3333333333333333,0.6,0.22580645161290322,0.0,0.42857142857142855,0.42857142857142855,0.5876262626262626,0.4446296619220058,0.4694444444444444,0.4461215875739156,NaN,NaN,NaN,NaN,3.8,4.109223075681617,1.663889873567293,0.8020155890213916,3.6923076923076925,0.26666666666666666,0.5766658701592802,3.0,5.0,1.5576923076923077,0.6657636403368864,0.0,0.0
617,1,28.0,49.0,1.75,0.06481481481481481,0.48148148148148145,0.07407407407407407,0.14285714285714285,0.7142857142857143,0.42857142857142855,0.5714285714285714,0.25,0.0,0.5714285714285714,0.2857142857142857,0.5836734693877551,0.4645639789238594,0.5032467532467533,0.4805380426795209,NaN,NaN,NaN,NaN,3.5,3.6321216516393955,1.6440746753246753,0.7408300987837186,3.4375,0.21428571428571427,0.4434459841354328,3.0,5.0,1.4642857142857142,0.5900056885865965,0.0,0.0
618,1,28.0,69.0,2.4642857142857144,0.09126984126984126,0.4444444444444444,0.037037037037037035,0.06666666666666667,0.6666666666666666,0.3333333333333333,0.6666666666666666,0.25,0.0,0.42857142857142855,0.2857142857142857,0.5900665642601126,0.40894692615046146,0.4955555555555555,0.4257331056526814,NaN,NaN,NaN,NaN,4.6,5.679537204486195,1.6954756683375103,0.7372854476739323,3.263157894736842,0.26666666666666666,0.5337913175774693,3.0,5.0,1.3232323232323233,0.4913181526341285,0.07142857142857142,0.0
619,1,27.0,60.0,2.2222222222222223,0.08547008547008547,0.38461538461538464,0.11538461538461539,0.0625,0.625,0.25,0.625,0.25925925925925924,0.0,0.2857142857142857,0.2857142857142857,0.5289943609022556,0.40721237809478805,0.42962092731829576,0.40948237601112564,NaN,NaN,NaN,NaN,3.75,4.8373546489791295,1.773272252438919,0.7389514882110142,3.3125,0.375,0.5046159951185186,3.0,5.0,1.4081632653061225,0.5341287287188698,0.0,0.0
62,1,29.0,51.0,1.7586206896551724,0.06280788177339902,0.5,0.17857142857142858,0.14285714285714285,0.6428571428571429,0.42857142857142855,0.6428571428571429,0.2413793103448276,0.0,0.5714285714285714,0.2857142857142857,0.683020683020683,0.40515939677765644,0.551741908884766,0.4610681370396648,NaN,NaN,NaN,NaN,3.642857142857143,3.342204313073884,1.6422665860052428,0.7648785229175761,3.666666666666667,0.2857142857142857,0.42924528062540135,3.0,4.0,1.5057471264367817,0.6447202966347573,0.0,0.0
620,1,23.0,41.0,1.7826086956521738,0.08102766798418973,0.45454545454545453,0.09090909090909091,0.16666666666666666,0.6666666666666666,0.5,0.6666666666666666,0.30434782608695654,0.0,0.5714285714285714,0.2857142857142857,0.6798245614035089,0.4288306707140379,0.5930555555555556,0.4696580710513806,NaN,NaN,NaN,NaN,3.4166666666666665,5.401318581998512,1.6694271911663214,0.7340952323216262,3.2857142857142856,0.25,0.506993171640107,3.0,4.0,1.22,0.46467017049401693,0.0,0.0
621,1,34.0,71.0,2.088235294117647,0.06327985739750445,0.5151515151515151,0.18181818181818182,0.0625,0.5625,0.25,0.625,0.20588235294117646,0.0,0.2857142857142857,0.2857142857142857,0.6159751009778912,0.4384068223178776,0.4924411525974026,0.4225863486613538,NaN,NaN,NaN,NaN,4.4375,4.51617463494641,1.6450021193458733,0.7658636803366862,3.35,0.4375,0.584039781008397,3.0,5.0,1.5851851851851853,0.673431679270106,0.0,0.0
622,1,24.0,25.0,1.0416666666666667,0.04528985507246377,0.391304347826087,0.391304347826087,0.14285714285714285,0.7142857142857143,0.42857142857142855,0.6428571428571429,0.2916666666666667,0.0,0.5714285714285714,0.2857142857142857,0.6944444444444444,0.40926473807421904,0.5416666666666666,0.46770717334674267,NaN,NaN,NaN,NaN,1.7857142857142858,1.05090228108783,1.7273809523809522,0.7012717142126068,3.0,0.14285714285714285,0.25944996765134837,2.0,3.0,1.2857142857142858,0.4583492485141057,0.0,0.0
623,1,35.0,60.0,1.7142857142857142,0.05042016806722689,0.5294117647058824,0.11764705882352941,0.0625,0.6875,0.3125,0.625,0.2,0.0,0.42857142857142855,0.2857142857142857,0.6138447971781305,0.4408398757746817,0.5244498556998557,0.4465956601328807,NaN,NaN,NaN,NaN,3.75,3.7327380477785117,1.5731788211788211,0.7102976482360475,3.4230769230769234,0.3125,0.4908342490996783,3.0,5.0,1.4766355140186915,0.5553478324017038,0.0,0.0
624,1,28.0,34.0,1.2142857142857142,0.04497354497354497,0.4444444444444444,0.3333333333333333,0.13333333333333333,0.6,0.3333333333333333,0.5333333333333333,0.25,0.0,0.42857142857142855,0.2857142857142857,0.45809523809523806,0.4681850904413388,0.42809523809523803,0.46291372376098167,NaN,NaN,NaN,NaN,2.2666666666666666,1.8695555876298773,1.7242346938775512,0.7987692235137648,4.0,0.26666666666666666,0.4975557777511148,3.0,4.0,1.2439024390243902,0.537609886668672,0.0,0.0
625,1,26.0,52.0,2.0,0.08,0.4,0.04,0.06666666666666667,0.6,0.3333333333333333,0.6666666666666666,0.2692307692307692,0.0,0.42857142857142855,0.2857142857142857,0.6052669552669553,0.41820917498959986,0.4835472739820566,0.42683504512819986,NaN,NaN,NaN,NaN,3.466666666666667,5.69293630822652,1.7495337995337994,0.7201259670991593,3.0,0.3333333333333333,0.5732383434969608,2.0,4.0,1.1666666666666667,0.3758230140014145,0.0,0.0
626,1,29.0,43.0,1.4827586206896552,0.05295566502463054,0.5,0.2857142857142857,0.07142857142857142,0.6428571428571429,0.35714285714285715,0.6428571428571429,0.2413793103448276,0.0,0.42857142857142855,0.42857142857142855,0.6051587301587301,0.436382349566167,0.5,0.4433747811741175,NaN,NaN,NaN,NaN,3.0714285714285716,2.6154654156878734,1.5982758620689657,0.6787059469697516,3.1,0.35714285714285715,0.37129698287133506,3.0,4.0,1.34375,0.5107961417363079,0.0,0.0
627,1,29.0,53.0,1.8275862068965518,0.06527093596059114,0.5357142857142857,0.14285714285714285,0.07692307692307693,0.6153846153846154,0.46153846153846156,0.7692307692307693,0.2413793103448276,0.0,0.5714285714285714,0.2857142857142857,0.8010764745458623,0.36087703693016293,0.6607142857142857,0.41213522316937523,NaN,NaN,NaN,NaN,4.076923076923077,2.841992800294026,1.6169098143236074,0.7858307388718926,3.525,0.38461538461538464,0.4995865913806521,3.0,5.0,1.4827586206896552,0.6262117363423965,0.0,0.0
628,1,27.0,40.0,1.4814814814814814,0.05698005698005698,0.46153846153846156,0.11538461538461539,0.14285714285714285,0.6428571428571429,0.2857142857142857,0.5714285714285714,0.25925925925925924,0.0,0.2857142857142857,0.2857142857142857,0.5137142857142857,0.43261200036192116,0.43571428571428567,0.43431137865173824,NaN,NaN,NaN,NaN,2.857142857142857,2.7695360027141134,1.673975869809203,0.7372591444154594,3.3181818181818183,0.2857142857142857,0.4914828719852975,3.0,6.0,1.4647887323943662,0.5562883608728983,0.0,0.0
629,1,32.0,73.0,2.28125,0.07358870967741936,0.4838709677419355,0.0967741935483871,0.125,0.625,0.25,0.5625,0.21875,0.0,0.2857142857142857,0.2857142857142857,0.5466336782126255,0.4504195045248802,0.4485464462438147,0.4407576696609601,NaN,NaN,NaN,NaN,4.5625,5.621017108436278,1.6585618763420489,0.7457870568119471,3.2413793103448274,0.25,0.5327429650445932,4.0,6.0,1.4324324324324325,0.6690783568953995,0.0,0.0
63,1,31.0,59.0,1.903225806451613,0.06344086021505377,0.5,0.06666666666666667,0.06666666666666667,0.6,0.3333333333333333,0.6,0.22580645161290322,0.0,0.42857142857142855,0.42857142857142855,0.5864957264957266,0.44520499963349613,0.48065934065934063,0.4440857714934601,NaN,NaN,NaN,NaN,3.933333333333333,4.463609472591607,1.6360042633086556,0.7404182339473894,3.488372093023256,0.4,0.5774705970585989,3.0,6.0,1.5185185185185186,0.6034400059453755,0.0,0.0
630,1,29.0,70.0,2.413793103448276,0.08620689655172414,0.5357142857142857,0.10714285714285714,0.07692307692307693,0.5384615384615384,0.3076923076923077,0.6923076923076923,0.2413793103448276,0.0,0.2857142857142857,0.42857142857142855,0.6891497975708502,0.40134403982089106,0.5334367386998966,0.42400100650619266,NaN,NaN,NaN,NaN,5.384615384615385,5.393490853773981,1.6479587406873764,0.8347443607836844,3.666666666666667,0.46153846153846156,0.6135973956314408,4.0,6.0,1.5245901639344261,0.6582359941804182,0.0,0.0
631,1,25.0,51.0,2.04,0.085,0.4583333333333333,0.041666666666666664,0.15384615384615385,0.5384615384615384,0.3076923076923077,0.6923076923076923,0.28,0.0,0.2857142857142857,0.42857142857142855,0.6812971342383107,0.37627590868198096,0.5254147812971341,0.41967320926989105,NaN,NaN,NaN,NaN,3.923076923076923,4.32938676299424,1.7262380952380951,0.7971851224311377,3.4761904761904763,0.38461538461538464,0.47797568379753447,3.0,6.0,1.4731182795698925,0.5435670801662718,0.0,0.0
632,1,29.0,47.0,1.6206896551724137,0.05788177339901478,0.42857142857142855,0.25,0.125,0.625,0.25,0.5625,0.2413793103448276,0.0,0.2857142857142857,0.42857142857142855,0.5238715277777778,0.4208659438379555,0.3932291666666667,0.42217710376623274,NaN,NaN,NaN,NaN,2.9375,2.79210195611359,1.7445497031703927,0.7748259074757007,3.4,0.3125,0.4745503225686842,3.0,5.0,1.5180722891566265,0.6507302798775956,0.0,0.0
633,1,26.0,59.0,2.269230769230769,0.09076923076923077,0.48,0.04,0.23076923076923078,0.5384615384615384,0.23076923076923078,0.46153846153846156,0.23076923076923078,0.0,0.16666666666666666,0.5,0.46006944444444453,0.4544709839001718,0.3534798534798535,0.43337760913765067,NaN,NaN,NaN,NaN,4.538461538461538,6.063763746158879,1.7254745254745256,0.828768455744048,3.3714285714285714,0.3076923076923077,0.6292549481806615,3.0,6.0,1.4329896907216495,0.5572853939493465,0.0,0.0
634,1,30.0,52.0,1.7333333333333334,0.059770114942528735,0.5172413793103449,0.20689655172413793,0.14285714285714285,0.6428571428571429,0.35714285714285715,0.6428571428571429,0.23333333333333334,0.0,0.42857142857142855,0.42857142857142855,0.6865794861633975,0.3906501325669881,0.5347113204256061,0.4434202925640165,NaN,NaN,NaN,NaN,3.7142857142857144,3.6674990730127592,1.6398459962976093,0.7832921087191657,3.392857142857143,0.2857142857142857,0.5991895383719739,3.0,5.0,1.4606741573033708,0.5652067155089224,0.06666666666666667,0.0
635,1,34.0,89.0,2.6176470588235294,0.07932263814616755,0.5151515151515151,0.06060606060606061,0.0625,0.625,0.3125,0.625,0.20588235294117646,0.0,0.42857142857142855,0.42857142857142855,0.6075071304563491,0.4334967490752098,0.5114172824302134,0.43869396030793983,NaN,NaN,NaN,NaN,5.5625,7.3481857171231955,1.599691067598737,0.6968790238355856,3.0555555555555554,0.375,0.546015428467359,3.0,6.0,1.385185185185185,0.5461559722712369,0.0,0.0
636,1,29.0,72.0,2.4827586206896552,0.08866995073891626,0.5357142857142857,0.14285714285714285,0.07692307692307693,0.6153846153846154,0.38461538461538464,0.7692307692307693,0.2413793103448276,0.0,0.42857142857142855,0.2857142857142857,0.7786011709088633,0.3580568441367234,0.6500798346952193,0.3984373067899883,NaN,NaN,NaN,NaN,5.538461538461538,6.132092962648569,1.567275698158051,0.6886349384681142,3.0588235294117645,0.38461538461538464,0.4689861788159576,3.0,5.0,1.3518518518518519,0.5172684332651794,0.0,0.0
637,1,33.0,76.0,2.303030303030303,0.07196969696969698,0.5,0.09375,0.0625,0.625,0.25,0.625,0.21212121212121213,0.0,0.2857142857142857,0.42857142857142855,0.5937323340649108,0.42522818711953,0.44652777777777775,0.41014338053001975,NaN,NaN,NaN,NaN,4.75,5.66274374015518,1.6792490449779451,0.8038994452165826,3.2608695652173916,0.375,0.6651094525387019,3.0,6.0,1.5838926174496644,0.6482895493083527,0.06060606060606061,0.0
638,1,25.0,30.0,1.2,0.05,0.4583333333333333,0.375,0.15384615384615385,0.6923076923076923,0.46153846153846156,0.6153846153846154,0.28,0.0,0.5714285714285714,0.2857142857142857,0.6428571428571429,0.45526959942792716,0.5631868131868132,0.48007799601793505,NaN,NaN,NaN,NaN,2.3076923076923075,2.015961945102775,1.64,0.6962698231768103,3.25,0.23076923076923078,0.29312035110153145,3.0,4.0,1.275,0.5057363253408151,0.0,0.0
639,1,35.0,91.0,2.6,0.07647058823529412,0.5588235294117647,0.08823529411764706,0.06666666666666667,0.6,0.26666666666666666,0.6666666666666666,0.2,0.0,0.2857142857142857,0.42857142857142855,0.6213114415530772,0.4111027666543101,0.5050877192982456,0.41187953073016204,NaN,NaN,NaN,NaN,6.066666666666666,6.295879226771685,1.6038798876193836,0.796205858105887,3.5454545454545454,0.4,0.6739717488332576,3.0,7.0,1.526946107784431,0.6093090226067066,0.05714285714285714,0.0
64,1,29.0,49.0,1.6896551724137931,0.0603448275862069,0.4642857142857143,0.17857142857142858,0.13333333333333333,0.6666666666666666,0.3333333333333333,0.6,0.2413793103448276,0.0,0.42857142857142855,0.2857142857142857,0.6033333333333333,0.45430742685458936,0.48142857142857143,0.45610372969851704,NaN,NaN,NaN,NaN,3.2666666666666666,3.4114652626247337,1.725744514106583,0.8344231638052924,3.6875,0.26666666666666666,0.6013741951868377,3.0,5.0,1.5698924731182795,0.6493784563847519,0.06896551724137931,0.0
640,1,28.0,41.0,1.4642857142857142,0.05423280423280423,0.48148148148148145,0.3333333333333333,0.14285714285714285,0.5,0.21428571428571427,0.5714285714285714,0.0,0.0,NaN,NaN,0.6163419913419913,0.43127708239063245,0.42331478045763765,0.41541763418364264,NaN,NaN,NaN,NaN,2.9285714285714284,3.1246977875846262,1.7099277210884356,0.8269194793273982,4.0,0.35714285714285715,0.5179557244767656,3.0,4.0,1.3214285714285714,0.5429596622265737,0.0,0.0
641,1,28.0,48.0,1.7142857142857142,0.06349206349206349,0.4444444444444444,0.1111111111111111,0.2,0.6,0.26666666666666666,0.4666666666666667,0.25,0.0,0.2857142857142857,0.42857142857142855,0.4306878306878306,0.4620682424410853,0.3279365079365079,0.4366764465505704,NaN,NaN,NaN,NaN,3.2,3.2115861679683633,1.7523384353741498,0.8045552787074725,3.208333333333333,0.13333333333333333,0.5667391195417653,2.0,5.0,1.3896103896103895,0.49085972258788635,0.0,0.0
642,1,29.0,51.0,1.7586206896551724,0.06280788177339902,0.5,0.17857142857142858,0.07142857142857142,0.5,0.2857142857142857,0.7142857142857143,0.2413793103448276,0.0,0.2857142857142857,0.2857142857142857,0.703565062388592,0.39452567632744784,0.5405016552075376,0.3973413337269026,NaN,NaN,NaN,NaN,3.642857142857143,4.732979917673315,1.641229385307346,0.7201477448122451,3.0,0.42857142857142855,0.5684044059484257,3.0,4.0,1.2686567164179106,0.4793331716684982,0.0,0.0
643,1,27.0,68.0,2.5185185185185186,0.09686609686609686,0.46153846153846156,0.038461538461538464,0.07142857142857142,0.6428571428571429,0.35714285714285715,0.7142857142857143,0.25925925925925924,0.0,0.42857142857142855,0.42857142857142855,0.6995992288961039,0.39307659202212114,0.5615849600709849,0.41776723168540786,NaN,NaN,NaN,NaN,4.857142857142857,6.585031310680106,1.6658676362623732,0.7175671202773507,3.0625,0.2857142857142857,0.5622602817168021,3.0,6.0,1.4038461538461537,0.5832488647545664,0.0,0.0
644,1,27.0,50.0,1.8518518518518519,0.07122507122507123,0.4230769230769231,0.15384615384615385,0.06666666666666667,0.6666666666666666,0.3333333333333333,0.6,0.25925925925925924,0.0,0.42857142857142855,0.42857142857142855,0.5712037037037037,0.4421890524903,0.4704678362573099,0.44943520652699875,NaN,NaN,NaN,NaN,3.3333333333333335,4.670066788550653,1.730508932263318,0.7644400187736458,3.571428571428571,0.3333333333333333,0.5656335952820366,3.0,6.0,1.435897435897436,0.6155927054103052,0.0,0.0
645,1,26.0,33.0,1.2692307692307692,0.05076923076923077,0.44,0.4,0.14285714285714285,0.6428571428571429,0.35714285714285715,0.6428571428571429,0.2692307692307692,0.0,0.42857142857142855,0.14285714285714285,0.6160714285714286,0.4446316093236826,0.5178571428571429,0.4483809566601622,NaN,NaN,NaN,NaN,2.357142857142857,1.8649455697209978,1.6846153846153844,0.7101943877390671,3.0,0.21428571428571427,0.25015146926563825,2.0,3.0,1.2142857142857142,0.41529973223663275,0.0,0.0
646,1,29.0,57.0,1.9655172413793103,0.07019704433497537,0.5,0.21428571428571427,0.07142857142857142,0.6428571428571429,0.2857142857142857,0.6428571428571429,0.2413793103448276,0.0,0.2857142857142857,0.2857142857142857,0.6178587175610986,0.425744880272248,0.5332799786581299,0.4374812299265003,NaN,NaN,NaN,NaN,4.071428571428571,4.480114794447635,1.600506721965033,0.687544298000121,3.1764705882352944,0.35714285714285715,0.4678058749754577,2.0,4.0,1.2727272727272727,0.44828220776542427,0.0,0.0
647,1,27.0,35.0,1.2962962962962963,0.04985754985754986,0.46153846153846156,0.34615384615384615,0.14285714285714285,0.6428571428571429,0.35714285714285715,0.6428571428571429,0.25925925925925924,0.0,0.42857142857142855,0.14285714285714285,0.673611111111111,0.39036464495441864,0.5297619047619048,0.45007969718899105,NaN,NaN,NaN,NaN,2.5,2.139374459257443,1.6935185185185186,0.8002881870527531,4.0,0.21428571428571427,0.3028714123798659,3.0,4.0,1.3846153846153846,0.5991446895152781,0.0,0.0
648,1,27.0,41.0,1.5185185185185186,0.0584045584045584,0.4230769230769231,0.23076923076923078,0.13333333333333333,0.6666666666666666,0.3333333333333333,0.5333333333333333,0.25925925925925924,0.0,0.42857142857142855,0.42857142857142855,0.5294532627865961,0.46887582140042006,0.4116402116402116,0.45978805535757483,NaN,NaN,NaN,NaN,2.7333333333333334,2.685055643655045,1.7320580653913988,0.7578664516183196,3.3846153846153846,0.2,0.3854634920995481,3.0,4.0,1.462686567164179,0.6355231252248912,0.0,0.0
649,1,27.0,57.0,2.111111111111111,0.0811965811965812,0.4230769230769231,0.07692307692307693,0.13333333333333333,0.5333333333333333,0.26666666666666666,0.6,0.25925925925925924,0.0,0.2857142857142857,0.2857142857142857,0.5449019607843137,0.4257567434353281,0.4466666666666666,0.4206570823751586,NaN,NaN,NaN,NaN,3.8,4.491261356392942,1.7598141695702674,0.7666896330975361,3.2857142857142856,0.4,0.5499975065468723,3.0,6.0,1.388235294117647,0.5583589400039664,0.0,0.0
65,1,30.0,82.0,2.7333333333333334,0.09425287356321839,0.4482758620689655,0.034482758620689655,0.0625,0.625,0.25,0.5625,0.23333333333333334,0.0,0.2857142857142857,0.42857142857142855,0.530954071969697,0.43859503664197813,0.4269594988344988,0.43123624334485366,NaN,NaN,NaN,NaN,5.125,6.869012544269615,1.6928999123914379,0.7456612121534419,3.4444444444444446,0.3125,0.6010748765283292,4.0,6.0,1.4384615384615385,0.610043157119234,0.06666666666666667,0.0
650,1,27.0,64.0,2.3703703703703702,0.09116809116809117,0.5,0.07692307692307693,0.07692307692307693,0.46153846153846156,0.3076923076923077,0.7692307692307693,0.25925925925925924,0.0,0.2857142857142857,0.42857142857142855,0.7977564102564101,0.36178335684971363,0.584981684981685,0.39055286778046133,NaN,NaN,NaN,NaN,4.923076923076923,5.559699309338268,1.6871492635657148,0.7920881075137793,3.333333333333333,0.5384615384615384,0.5822181228011918,3.0,4.0,1.3936170212765957,0.5720757357632784,0.0,0.0
651,1,31.0,66.0,2.129032258064516,0.07096774193548387,0.4666666666666667,0.1,0.125,0.6875,0.3125,0.5625,0.22580645161290322,0.0,0.42857142857142855,0.42857142857142855,0.5735711299569995,0.46654704849265455,0.45807577838827834,0.4530046471229015,NaN,NaN,NaN,NaN,4.125,6.259659202650998,1.6622067448680353,0.7267336998524285,3.090909090909091,0.125,0.5537909276028389,3.0,5.0,1.2840909090909092,0.5016951411256134,0.0,0.0
652,1,25.0,45.0,1.8,0.075,0.4583333333333333,0.16666666666666666,0.15384615384615385,0.6153846153846154,0.3076923076923077,0.6153846153846154,0.24,0.0,0.3333333333333333,0.5,0.5669630548662807,0.394479796252311,0.45347985347985353,0.43729721073266037,NaN,NaN,NaN,NaN,3.4615384615384617,3.281650616569468,1.7453333333333334,0.854556415145698,3.5,0.3076923076923077,0.6712201396485427,3.0,6.0,1.5194805194805194,0.6611471213450788,0.08,0.0
653,1,31.0,72.0,2.3225806451612905,0.07741935483870968,0.4666666666666667,0.1,0.0625,0.625,0.3125,0.625,0.22580645161290322,0.0,0.42857142857142855,0.2857142857142857,0.5667200854700855,0.4318567703351803,0.47115384615384615,0.43618130320443393,NaN,NaN,NaN,NaN,4.5,5.680375574437544,1.6671274961597544,0.7225483528492431,3.333333333333333,0.375,0.5064886121799493,2.0,5.0,1.3660714285714286,0.4838944065122024,0.0,0.0
654,1,25.0,61.0,2.44,0.10166666666666667,0.4583333333333333,0.08333333333333333,0.15384615384615385,0.5384615384615384,0.3076923076923077,0.6153846153846154,0.28,0.0,0.2857142857142857,0.42857142857142855,0.6918498168498168,0.4082353213977132,0.49196956889264576,0.4481385574784148,NaN,NaN,NaN,NaN,4.6923076923076925,5.528481035881606,1.7118665895508003,0.7777793536757325,3.3076923076923075,0.38461538461538464,0.520739053433779,3.0,6.0,1.3936170212765957,0.5720757357632784,0.0,0.0
655,1,30.0,65.0,2.1666666666666665,0.07471264367816093,0.4827586206896552,0.06896551724137931,0.06666666666666667,0.7333333333333333,0.4,0.6666666666666666,0.23333333333333334,0.0,0.5714285714285714,0.2857142857142857,0.6553968253968254,0.43048506984670454,0.5508169934640522,0.44364821386431913,NaN,NaN,NaN,NaN,4.333333333333333,5.27347359996462,1.6067389759250226,0.6765962489318267,3.1860465116279073,0.26666666666666666,0.5061841273644562,2.0,6.0,1.346938775510204,0.4784433697613421,0.0,0.0
656,1,31.0,53.0,1.7096774193548387,0.05698924731182796,0.4666666666666667,0.13333333333333333,0.0625,0.625,0.3125,0.625,0.22580645161290322,0.0,0.42857142857142855,0.2857142857142857,0.6148480902777778,0.4388460804682015,0.49976325757575757,0.43437236091866865,NaN,NaN,NaN,NaN,3.3125,3.8073394034855013,1.6960332520104817,0.7801241974849937,3.5294117647058822,0.375,0.6249566918345301,3.0,5.0,1.5425531914893618,0.6503083407126635,0.0,0.0
657,1,23.0,23.0,1.0,0.045454545454545456,0.4090909090909091,0.45454545454545453,0.07692307692307693,0.6923076923076923,0.5384615384615384,0.6923076923076923,0.30434782608695654,0.0,0.7142857142857143,0.14285714285714285,0.6923076923076923,0.4401501945156832,0.6153846153846154,0.468372949019496,NaN,NaN,NaN,NaN,1.7692307692307692,0.9268086959962984,1.673913043478261,0.6522654012831152,3.0,0.23076923076923078,0.42562826537937426,2.0,3.0,1.2413793103448276,0.4354941703556927,0.0,0.0
658,1,29.0,65.0,2.2413793103448274,0.08004926108374384,0.5,0.14285714285714285,0.07142857142857142,0.6428571428571429,0.42857142857142855,0.7142857142857143,0.2413793103448276,0.0,0.5714285714285714,0.42857142857142855,0.7165953579947748,0.4014476287578587,0.5812074829931974,0.4383400779464682,NaN,NaN,NaN,NaN,4.642857142857143,3.6290948830706626,1.6429346515553411,0.758650280776112,3.3863636363636367,0.35714285714285715,0.506131215643006,3.0,4.0,1.3814432989690721,0.5292152005775502,0.0,0.0
659,1,31.0,52.0,1.6774193548387097,0.05591397849462366,0.5333333333333333,0.16666666666666666,0.07142857142857142,0.5714285714285714,0.2857142857142857,0.6428571428571429,0.22580645161290322,0.0,0.2857142857142857,0.42857142857142855,0.6125283446712019,0.42825930145401353,0.5110544217687075,0.42710535477461226,NaN,NaN,NaN,NaN,3.7142857142857144,3.4513892727549456,1.5844982078853047,0.7231994009651501,3.611111111111111,0.42857142857142855,0.45991527858809256,4.0,5.0,1.576086956521739,0.7447057926659332,0.0,0.0
66,1,31.0,60.0,1.935483870967742,0.06451612903225806,0.5,0.13333333333333333,0.06666666666666667,0.6,0.26666666666666666,0.6,0.22580645161290322,0.0,0.2857142857142857,0.2857142857142857,0.5812229437229438,0.4426046878052385,0.45151515151515154,0.422740073352717,NaN,NaN,NaN,NaN,4.0,4.551294949163998,1.6224669148056245,0.7110355905445065,3.230769230769231,0.4,0.5131236513276998,3.0,5.0,1.4166666666666667,0.574303544655184,0.0,0.0
660,1,29.0,45.0,1.5517241379310345,0.05541871921182266,0.5,0.17857142857142858,0.14285714285714285,0.5714285714285714,0.2857142857142857,0.6428571428571429,0.2413793103448276,0.0,0.2857142857142857,0.2857142857142857,0.6865079365079366,0.39040362474317436,0.5371598639455782,0.4382415791603033,NaN,NaN,NaN,NaN,3.2142857142857144,2.7506243047595693,1.6461617405582927,0.7666261883877111,3.4375,0.35714285714285715,0.5561468479699456,3.0,6.0,1.44,0.575161551923293,0.0,0.0
661,1,27.0,34.0,1.2592592592592593,0.04843304843304843,0.46153846153846156,0.34615384615384615,0.07142857142857142,0.7142857142857143,0.42857142857142855,0.7142857142857143,0.25925925925925924,0.0,0.5714285714285714,0.2857142857142857,0.7142857142857143,0.4143709650823725,0.6011904761904762,0.4338490169113784,NaN,NaN,NaN,NaN,2.4285714285714284,1.9100658753958324,1.6084656084656086,0.6406005480443928,3.0,0.21428571428571427,0.3169516763865551,2.0,3.0,1.1904761904761905,0.39743661793163754,0.0,0.0
662,1,30.0,77.0,2.566666666666667,0.08850574712643679,0.5172413793103449,0.034482758620689655,0.07142857142857142,0.5714285714285714,0.2857142857142857,0.7142857142857143,0.23333333333333334,0.0,0.2857142857142857,0.42857142857142855,0.6740490278951816,0.3866061145382723,0.5445461945461945,0.4020924994008088,NaN,NaN,NaN,NaN,5.5,7.035623639735144,1.6494835234298837,0.785246473624727,3.5,0.42857142857142855,0.5776589931096445,3.0,5.0,1.28,0.5140451577852126,0.0,0.0
663,1,31.0,70.0,2.2580645161290325,0.07526881720430108,0.4666666666666667,0.1,0.0625,0.625,0.25,0.625,0.22580645161290322,0.0,0.2857142857142857,0.42857142857142855,0.5529427083333333,0.40963156708554316,0.4229166666666666,0.4058313369788909,NaN,NaN,NaN,NaN,4.375,4.455333881989093,1.7053372538536933,0.795907119581965,3.6279069767441863,0.375,0.5229409822272252,3.0,6.0,1.484375,0.5609942663959533,0.0,0.0
664,1,34.0,81.0,2.3823529411764706,0.07219251336898395,0.5454545454545454,0.15151515151515152,0.06666666666666667,0.6,0.26666666666666666,0.6666666666666666,0.20588235294117646,0.0,0.2857142857142857,0.42857142857142855,0.6533477633477633,0.4203689206400553,0.542958152958153,0.42490149280360634,NaN,NaN,NaN,NaN,5.4,5.193402408000805,1.5553624528654817,0.6822853236398496,3.212121212121212,0.4,0.44272242045226856,2.0,5.0,1.3220338983050848,0.4692484613711624,0.0,0.0
665,1,31.0,56.0,1.8064516129032258,0.060215053763440864,0.5333333333333333,0.06666666666666667,0.07142857142857142,0.5714285714285714,0.21428571428571427,0.6428571428571429,0.1935483870967742,0.0,0.16666666666666666,0.5,0.6131428571428571,0.4138319910271416,0.47857142857142854,0.4117104498376189,NaN,NaN,NaN,NaN,4.0,3.012793235010175,1.640556934105321,0.8025229241234314,3.6,0.42857142857142855,0.5476411939826795,3.0,5.0,1.5555555555555556,0.6164919344938343,0.0,0.0
666,1,28.0,68.0,2.4285714285714284,0.08994708994708994,0.4074074074074074,0.1111111111111111,0.0625,0.625,0.25,0.625,0.25,0.0,0.2857142857142857,0.2857142857142857,0.5170200892857142,0.4182634012513144,0.41875,0.40574006457336703,NaN,NaN,NaN,NaN,4.25,5.639148871948674,1.7818398268398268,0.7961004247759271,3.666666666666667,0.375,0.5941355792383222,3.0,5.0,1.288888888888889,0.5026769786045271,0.0,0.0
667,1,27.0,57.0,2.111111111111111,0.0811965811965812,0.5,0.15384615384615385,0.23076923076923078,0.5384615384615384,0.3076923076923077,0.6153846153846154,0.25925925925925924,0.0,0.2857142857142857,0.2857142857142857,0.7610873337189127,0.35319494867434026,0.5119722382880277,0.4460168354872509,NaN,NaN,NaN,NaN,4.384615384615385,5.042130196958119,1.7286591404238463,0.8934354955807562,4.0,0.23076923076923078,0.5580946222789593,3.0,5.0,1.4516129032258065,0.6170781261272679,0.0,0.0
668,1,28.0,45.0,1.6071428571428572,0.05952380952380952,0.4074074074074074,0.14814814814814814,0.125,0.625,0.25,0.5625,0.25,0.0,0.2857142857142857,0.42857142857142855,0.5561342592592592,0.42350990493111246,0.4360119047619047,0.4281937268630494,NaN,NaN,NaN,NaN,2.8125,2.315707235381882,1.7930587557603686,0.8080033261304386,3.5806451612903225,0.1875,0.5733304301762586,3.0,5.0,1.5294117647058822,0.609219549410353,0.07142857142857142,0.0
669,1,31.0,55.0,1.7741935483870968,0.05913978494623656,0.5,0.16666666666666666,0.13333333333333333,0.6,0.26666666666666666,0.5333333333333333,0.22580645161290322,0.0,0.2857142857142857,0.2857142857142857,0.5163170163170164,0.45019024907650773,0.4338772338772339,0.4440114689495892,NaN,NaN,NaN,NaN,3.6666666666666665,3.9218557317872342,1.6173369641111577,0.7097484656464873,3.25,0.3333333333333333,0.43183329432801604,3.0,4.0,1.2894736842105263,0.4848584528480922,0.0,0.0
67,1,28.0,48.0,1.7142857142857142,0.06349206349206349,0.48148148148148145,0.25925925925925924,0.14285714285714285,0.6428571428571429,0.35714285714285715,0.6428571428571429,0.25,0.0,0.42857142857142855,0.14285714285714285,0.6527777777777778,0.4416982464654736,0.5286172161172161,0.44692948792158677,NaN,NaN,NaN,NaN,3.4285714285714284,3.4577512860302653,1.6540816326530614,0.7325532559184498,3.0,0.21428571428571427,0.45293785376983386,2.0,4.0,1.2941176470588236,0.4590328421057632,0.0,0.0
670,1,31.0,53.0,1.7096774193548387,0.05698924731182796,0.4666666666666667,0.26666666666666666,0.0625,0.6875,0.375,0.625,0.22580645161290322,0.0,0.5714285714285714,0.14285714285714285,0.5998883928571428,0.43782824481756993,0.5212053571428572,0.45583978856626367,NaN,NaN,NaN,NaN,3.3125,3.004857179079676,1.652938447099516,0.7261286600893534,3.526315789473684,0.3125,0.4925375374851861,3.0,6.0,1.488888888888889,0.6225075144069617,0.0,0.0
671,1,29.0,49.0,1.6896551724137931,0.0603448275862069,0.4642857142857143,0.10714285714285714,0.13333333333333333,0.6666666666666666,0.3333333333333333,0.5333333333333333,0.2413793103448276,0.0,0.42857142857142855,0.42857142857142855,0.5598083258460617,0.4353439026889718,0.41999999999999993,0.46287575898287037,NaN,NaN,NaN,NaN,3.2666666666666666,2.914659173083209,1.7883141762452108,0.9610633100519634,4.040816326530612,0.26666666666666666,0.8160182897304697,4.0,7.0,1.780701754385965,0.7955492556887872,0.06896551724137931,0.0
672,1,26.0,30.0,1.1538461538461537,0.046153846153846156,0.4,0.36,0.06666666666666667,0.6666666666666666,0.3333333333333333,0.6666666666666666,0.2692307692307692,0.0,0.42857142857142855,0.42857142857142855,0.5583333333333333,0.4032974206758698,0.4666666666666666,0.4281744192888377,NaN,NaN,NaN,NaN,2.0,1.1952286093343936,1.7724358974358974,0.7858320757528617,3.666666666666667,0.2,0.42514365388275716,3.0,4.0,1.372093023255814,0.5783085275572238,0.0,0.0
673,1,33.0,59.0,1.7878787878787878,0.05587121212121212,0.5,0.15625,0.125,0.625,0.25,0.5625,0.21212121212121213,0.0,0.2857142857142857,0.42857142857142855,0.5049632352941177,0.42858500905027896,0.41045751633986927,0.4197289748397742,NaN,NaN,NaN,NaN,3.6875,4.331570154112709,1.6501683501683502,0.7733211665516065,3.7777777777777777,0.25,0.5203131101088803,3.0,5.0,1.4157303370786516,0.6361994535028974,0.0,0.0
674,1,27.0,38.0,1.4074074074074074,0.05413105413105413,0.46153846153846156,0.34615384615384615,0.21428571428571427,0.5714285714285714,0.35714285714285715,0.5714285714285714,0.25925925925925924,0.0,0.42857142857142855,0.14285714285714285,0.6197089947089947,0.43199052125990334,0.4781746031746032,0.46483392803657736,NaN,NaN,NaN,NaN,2.7142857142857144,2.3996336716761077,1.6887464387464388,0.7445377835054984,3.0,0.21428571428571427,0.4655231120203681,2.0,4.0,1.26,0.4430874976934521,0.0,0.0
675,1,26.0,53.0,2.0384615384615383,0.08153846153846153,0.44,0.08,0.07142857142857142,0.6428571428571429,0.35714285714285715,0.6428571428571429,0.2692307692307692,0.0,0.42857142857142855,0.2857142857142857,0.5971700680272108,0.4195922857696997,0.4768892339544514,0.4498015443423015,NaN,NaN,NaN,NaN,3.7857142857142856,5.989459606143645,1.721679815910585,0.7918411442062486,3.8,0.35714285714285715,0.5915822367234016,3.0,5.0,1.4268292682926829,0.6091987817420527,0.07692307692307693,0.0
676,1,34.0,78.0,2.2941176470588234,0.06951871657754011,0.5454545454545454,0.06060606060606061,0.06666666666666667,0.6,0.26666666666666666,0.6666666666666666,0.20588235294117646,0.0,0.2857142857142857,0.42857142857142855,0.6152356902356902,0.39917855724378726,0.5064983164983166,0.4115585201483236,NaN,NaN,NaN,NaN,5.2,6.2472851246418575,1.6264211811206697,0.8174833960104171,3.825,0.4,0.6452617712527072,4.0,7.0,1.6455696202531647,0.7145079761544934,0.058823529411764705,0.0
677,1,28.0,58.0,2.0714285714285716,0.07671957671957672,0.5185185185185185,0.07407407407407407,0.07692307692307693,0.6153846153846154,0.38461538461538464,0.6923076923076923,0.25,0.0,0.42857142857142855,0.42857142857142855,0.7167636285283343,0.4146812519666177,0.5532051282051282,0.43460734808393087,NaN,NaN,NaN,NaN,4.461538461538462,4.593752725448346,1.707667862214223,0.9301987646422477,3.84,0.38461538461538464,0.7216728958536326,4.0,7.0,1.7596899224806202,0.817534343682744,0.07142857142857142,0.0
678,1,29.0,39.0,1.3448275862068966,0.0480295566502463,0.5357142857142857,0.17857142857142858,0.15384615384615385,0.6153846153846154,0.38461538461538464,0.6923076923076923,0.2413793103448276,0.0,0.42857142857142855,0.42857142857142855,0.7574786324786325,0.35889479164568827,0.5752465483234713,0.4357130657773197,NaN,NaN,NaN,NaN,3.0,3.391164991562634,1.6323145245559039,0.8094217558244291,3.5454545454545454,0.3076923076923077,0.6357681622611627,4.0,5.0,1.6,0.7498792173275041,0.0,0.0
679,1,31.0,80.0,2.5806451612903225,0.08602150537634409,0.5,0.03333333333333333,0.13333333333333333,0.5333333333333333,0.26666666666666666,0.6,0.22580645161290322,0.0,0.2857142857142857,0.2857142857142857,0.5883377997663711,0.44207733091850127,0.4675,0.43511595334708525,NaN,NaN,NaN,NaN,5.333333333333333,4.623954193215194,1.742517276835888,0.8927958691430974,3.6901408450704225,0.4,0.6642109386092834,3.0,6.0,1.5855263157894737,0.6655583618870154,0.06451612903225806,0.0
68,1,29.0,43.0,1.4827586206896552,0.05295566502463054,0.4642857142857143,0.32142857142857145,0.06666666666666667,0.6666666666666666,0.3333333333333333,0.6666666666666666,0.2413793103448276,0.0,0.42857142857142855,0.14285714285714285,0.5859259259259259,0.40343201857314365,0.5130158730158729,0.43060540271759745,NaN,NaN,NaN,NaN,2.8666666666666667,2.3864697976798483,1.6472906403940888,0.699856446748334,3.2,0.26666666666666666,0.4008245670261674,3.0,4.0,1.3114754098360655,0.5013642590159167,0.0,0.0
680,1,29.0,40.0,1.3793103448275863,0.04926108374384237,0.5,0.2857142857142857,0.07142857142857142,0.6428571428571429,0.35714285714285715,0.7142857142857143,0.2413793103448276,0.0,0.42857142857142855,0.2857142857142857,0.7063492063492064,0.41196986506196026,0.5547619047619047,0.4156360881268104,NaN,NaN,NaN,NaN,2.857142857142857,2.1788191176076888,1.5979064039408868,0.6737986807717209,3.0,0.2857142857142857,0.37975465619409976,3.0,4.0,1.2777777777777777,0.4920755681598855,0.0,0.0
681,1,29.0,48.0,1.6551724137931034,0.059113300492610835,0.4642857142857143,0.17857142857142858,0.06666666666666667,0.6,0.26666666666666666,0.6,0.2413793103448276,0.0,0.2857142857142857,0.42857142857142855,0.5148148148148148,0.4272603893753996,0.4281481481481481,0.4187170012092951,NaN,NaN,NaN,NaN,3.2,3.9496835316262997,1.6538201487491548,0.6994734318317959,3.2941176470588234,0.4,0.45379819001423066,3.0,5.0,1.3896103896103895,0.5169710405165273,0.0,0.0
682,1,29.0,41.0,1.4137931034482758,0.050492610837438424,0.4642857142857143,0.21428571428571427,0.13333333333333333,0.6,0.26666666666666666,0.5333333333333333,0.2413793103448276,0.0,0.2857142857142857,0.42857142857142855,0.4731216931216931,0.43003590663382174,0.3982010582010582,0.4320005863338157,NaN,NaN,NaN,NaN,2.7333333333333334,2.6313132697969515,1.6886849085578668,0.7526537270290345,3.25,0.3333333333333333,0.47980707462449557,3.0,5.0,1.4090909090909092,0.5540694965372187,0.0,0.0
683,1,23.0,35.0,1.5217391304347827,0.0691699604743083,0.4090909090909091,0.22727272727272727,0.07692307692307693,0.6923076923076923,0.46153846153846156,0.7692307692307693,0.30434782608695654,0.0,0.5714285714285714,0.2857142857142857,0.694843617920541,0.36531655005547164,0.5949563257255565,0.43009617192488653,NaN,NaN,NaN,NaN,2.6923076923076925,3.520999275409738,1.7309782608695652,0.7611096635574104,3.7,0.3076923076923077,0.4774057278579684,3.0,6.0,1.609375,0.7478474400910881,0.0,0.0
684,1,35.0,78.0,2.2285714285714286,0.06554621848739496,0.5294117647058824,0.11764705882352941,0.0625,0.625,0.25,0.625,0.2,0.0,0.2857142857142857,0.2857142857142857,0.6124331825657895,0.4400458728484353,0.503987240829346,0.431105056223867,NaN,NaN,NaN,NaN,4.875,5.302515126491076,1.57765977443609,0.6957720608737658,3.236842105263158,0.3125,0.46567338752961324,3.0,5.0,1.4140625,0.5401566373871433,0.0,0.0
685,1,28.0,47.0,1.6785714285714286,0.062169312169312166,0.4444444444444444,0.1111111111111111,0.13333333333333333,0.6,0.3333333333333333,0.6,0.25,0.0,0.42857142857142855,0.2857142857142857,0.5766439909297052,0.4390401454595319,0.4761904761904762,0.44661560707828896,NaN,NaN,NaN,NaN,3.1333333333333333,2.850229731760148,1.6936525974025973,0.7273540619728217,3.3200000000000003,0.3333333333333333,0.4188955361366149,3.0,4.0,1.3571428571428572,0.511766315719159,0.0,0.0
686,1,27.0,54.0,2.0,0.07692307692307693,0.46153846153846156,0.07692307692307693,0.07142857142857142,0.6428571428571429,0.35714285714285715,0.7142857142857143,0.25925925925925924,0.0,0.42857142857142855,0.2857142857142857,0.663408521303258,0.3894382027342845,0.5589285714285713,0.4161081421439454,NaN,NaN,NaN,NaN,3.857142857142857,5.9853300513986545,1.6751647834274952,0.741758773893886,3.4,0.35714285714285715,0.5751061552310992,3.0,5.0,1.4047619047619047,0.5622469469678261,0.07407407407407407,0.0
687,1,34.0,72.0,2.1176470588235294,0.06417112299465241,0.5151515151515151,0.09090909090909091,0.0625,0.625,0.25,0.625,0.20588235294117646,0.0,0.2857142857142857,0.42857142857142855,0.5696685773074662,0.41426281231381396,0.4512152777777778,0.4150499111614699,NaN,NaN,NaN,NaN,4.5,4.6475800154489,1.6403905656711062,0.7762627024274911,3.586206896551724,0.3125,0.5123728805756692,3.0,6.0,1.492537313432836,0.5585462959886611,0.0,0.0
688,1,29.0,50.0,1.7241379310344827,0.06157635467980296,0.4642857142857143,0.14285714285714285,0.06666666666666667,0.6666666666666666,0.3333333333333333,0.6666666666666666,0.2413793103448276,0.0,0.42857142857142855,0.42857142857142855,0.6514619883040936,0.427882506762236,0.5125396825396825,0.4253587699159016,NaN,NaN,NaN,NaN,3.3333333333333335,4.894116973712516,1.6624521072796936,0.7288140192934858,3.5,0.3333333333333333,0.4750114504461189,3.0,4.0,1.2615384615384615,0.47686879343677563,0.0,0.0
689,1,24.0,41.0,1.7083333333333333,0.07427536231884058,0.391304347826087,0.21739130434782608,0.14285714285714285,0.5714285714285714,0.2857142857142857,0.5714285714285714,0.2916666666666667,0.0,0.2857142857142857,0.2857142857142857,0.5034013605442177,0.42505754659671185,0.42772108843537415,0.44047530654584816,NaN,NaN,NaN,NaN,2.9285714285714284,3.474396144861517,1.770278944911298,0.7394060804198125,3.1176470588235294,0.35714285714285715,0.5137748575533301,3.0,5.0,1.3650793650793651,0.5174873319810647,0.0,0.0
69,1,22.0,49.0,2.227272727272727,0.10606060606060606,0.47619047619047616,0.09523809523809523,0.18181818181818182,0.5454545454545454,0.45454545454545453,0.7272727272727273,0.3181818181818182,0.0,0.42857142857142855,0.42857142857142855,0.8687062937062937,0.29416425958832937,0.6097402597402597,0.44276811002813315,NaN,NaN,NaN,NaN,4.454545454545454,5.0668261537896955,1.700341763499658,0.8029009292980243,3.4,0.36363636363636365,0.5431632094871471,3.0,5.0,1.4615384615384615,0.6384296418497559,0.0,0.0
690,1,29.0,51.0,1.7586206896551724,0.06280788177339902,0.42857142857142855,0.14285714285714285,0.125,0.6875,0.3125,0.5625,0.2413793103448276,0.0,0.42857142857142855,0.42857142857142855,0.5711134453781512,0.4355284050939918,0.4176995798319328,0.44680448829340025,NaN,NaN,NaN,NaN,3.1875,4.150803135137424,1.7017898193760264,0.7212902098429118,3.25,0.25,0.44506449698184264,4.0,5.0,1.451219512195122,0.6507818474326916,0.0,0.0
691,1,28.0,47.0,1.6785714285714286,0.062169312169312166,0.48148148148148145,0.18518518518518517,0.07142857142857142,0.7142857142857143,0.42857142857142855,0.6428571428571429,0.25,0.0,0.5714285714285714,0.42857142857142855,0.6463945578231293,0.43694536603191364,0.5377551020408163,0.4595269953227618,NaN,NaN,NaN,NaN,3.357142857142857,4.584373841265949,1.6498447204968945,0.7557820445798835,3.4615384615384617,0.21428571428571427,0.6078333284696104,4.0,6.0,1.5795454545454546,0.6901872294553408,0.0,0.0
692,1,34.0,82.0,2.411764705882353,0.07308377896613191,0.5454545454545454,0.06060606060606061,0.06666666666666667,0.6,0.3333333333333333,0.6666666666666666,0.20588235294117646,0.0,0.42857142857142855,0.2857142857142857,0.6615825396825397,0.42168601536873773,0.5398412698412699,0.42753887960653114,NaN,NaN,NaN,NaN,5.466666666666667,5.617150607948923,1.6066669379688443,0.7741899328859851,3.5217391304347827,0.4,0.5950003851654906,3.0,7.0,1.4966442953020134,0.5768526097974026,0.0,0.0
693,1,31.0,89.0,2.870967741935484,0.0956989247311828,0.5333333333333333,0.06666666666666667,0.07142857142857142,0.5,0.2857142857142857,0.7142857142857143,0.22580645161290322,0.0,0.2857142857142857,0.42857142857142855,0.7201908541194255,0.3960658341166816,0.5633699633699634,0.40183501430300894,NaN,NaN,NaN,NaN,6.357142857142857,5.610527780701383,1.653700442478297,0.8056395260275142,3.388059701492537,0.5,0.5945562343049597,4.0,6.0,1.4383561643835616,0.5750274684860389,0.0,0.0
694,1,23.0,25.0,1.0869565217391304,0.04940711462450593,0.45454545454545453,0.22727272727272727,0.16666666666666666,0.75,0.5833333333333334,0.6666666666666666,0.30434782608695654,0.0,0.7142857142857143,0.2857142857142857,0.813888888888889,0.38440780464158153,0.65,0.483359455929398,NaN,NaN,NaN,NaN,2.0833333333333335,1.8319554050414562,1.6240802675585286,0.6782698948679382,3.1538461538461537,0.16666666666666666,0.25898146727995286,3.0,4.0,1.394736842105263,0.5945460991473914,0.0,0.0
695,1,22.0,36.0,1.6363636363636365,0.07792207792207792,0.38095238095238093,0.23809523809523808,0.07692307692307693,0.5384615384615384,0.3076923076923077,0.6923076923076923,0.3181818181818182,0.0,0.2857142857142857,0.2857142857142857,0.5982905982905983,0.39359183161560896,0.48717948717948717,0.4206010825655001,NaN,NaN,NaN,NaN,2.769230769230769,2.9482719841133536,1.808857808857809,0.7840444694724563,3.5,0.38461538461538464,0.502441779902241,4.0,5.0,1.4230769230769231,0.7234490874982922,0.0,0.0
696,1,26.0,27.0,1.0384615384615385,0.04153846153846154,0.44,0.36,0.07142857142857142,0.6428571428571429,0.35714285714285715,0.6428571428571429,0.2692307692307692,0.0,0.42857142857142855,0.2857142857142857,0.6343537414965985,0.442942520311741,0.5170068027210885,0.4410503703879034,NaN,NaN,NaN,NaN,1.9285714285714286,1.7304639535412156,1.6591117216117217,0.6719846517173806,3.0,0.2857142857142857,0.45876820781739314,2.0,4.0,1.2571428571428571,0.44343957363115993,0.0,0.0
697,1,29.0,40.0,1.3793103448275863,0.04926108374384237,0.5,0.2857142857142857,0.07142857142857142,0.7142857142857143,0.35714285714285715,0.6428571428571429,0.2413793103448276,0.0,0.42857142857142855,0.0,0.6285714285714287,0.42719661456634633,0.5339285714285714,0.45135674253899105,NaN,NaN,NaN,NaN,2.857142857142857,2.444999382008506,1.5783251231527093,0.678981957457961,3.571428571428571,0.2857142857142857,0.32145005128789855,3.0,4.0,1.368421052631579,0.6161974100240123,0.0,0.0
698,1,28.0,56.0,2.0,0.07407407407407407,0.48148148148148145,0.14814814814814814,0.14285714285714285,0.6428571428571429,0.35714285714285715,0.6428571428571429,0.25,0.0,0.42857142857142855,0.14285714285714285,0.6503086419753086,0.44034624929712474,0.555952380952381,0.4492922802737135,NaN,NaN,NaN,NaN,4.0,5.349334969450372,1.622884012539185,0.6951735459275875,3.2,0.2857142857142857,0.4291870077794731,3.0,4.0,1.2602739726027397,0.5007604567131977,0.0,0.0
699,1,29.0,74.0,2.5517241379310347,0.09113300492610837,0.4642857142857143,0.07142857142857142,0.06666666666666667,0.5333333333333333,0.26666666666666666,0.6666666666666666,0.2413793103448276,0.0,0.2857142857142857,0.42857142857142855,0.5800877192982455,0.3968677663568354,0.46589036694299857,0.41421163497610064,NaN,NaN,NaN,NaN,4.933333333333334,5.725465254540663,1.7008771929824562,0.7632085385078934,3.175438596491228,0.4666666666666667,0.6237191896965701,2.0,6.0,1.3846153846153846,0.4885967564883422,0.06896551724137931,0.0
7,1,31.0,81.0,2.6129032258064515,0.08709677419354839,0.5333333333333333,0.03333333333333333,0.14285714285714285,0.5,0.2857142857142857,0.6428571428571429,0.22580645161290322,0.0,0.2857142857142857,0.42857142857142855,0.7172750272948686,0.3976380907655077,0.5206065759637188,0.4306181755435536,NaN,NaN,NaN,NaN,5.785714285714286,7.083877376219798,1.6621220581211722,0.8382909726879043,3.5362318840579707,0.5,0.6700676021007829,4.0,7.0,1.5036496350364963,0.6655834193446255,0.0,0.0
70,1,32.0,79.0,2.46875,0.07963709677419355,0.5161290322580645,0.12903225806451613,0.06666666666666667,0.6,0.26666666666666666,0.6666666666666666,0.21875,0.0,0.2857142857142857,0.2857142857142857,0.6286597653554176,0.4068984426532889,0.5268260242173286,0.41533859494012276,NaN,NaN,NaN,NaN,5.266666666666667,6.507870692659846,1.620766285443143,0.7400732718120313,3.3157894736842106,0.4,0.5669514779469826,3.0,5.0,1.3529411764705883,0.4972506664892748,0.0,0.0
700,1,24.0,63.0,2.625,0.11413043478260869,0.4782608695652174,0.043478260869565216,0.16666666666666666,0.5833333333333334,0.5,0.75,0.2916666666666667,0.0,0.5714285714285714,0.42857142857142855,0.8644894894894896,0.2828068303462879,0.6376678876678877,0.43385535746087567,NaN,NaN,NaN,NaN,5.25,6.268608661055063,1.690739656518345,0.7833409914077086,3.0491803278688527,0.25,0.6114750932419036,3.0,5.0,1.2531645569620253,0.492725398906618,0.08333333333333333,0.0
701,1,32.0,59.0,1.84375,0.059475806451612906,0.4838709677419355,0.16129032258064516,0.0625,0.625,0.3125,0.625,0.21875,0.0,0.42857142857142855,0.2857142857142857,0.6035319010416667,0.43672046300877765,0.47042410714285715,0.4369556714613954,NaN,NaN,NaN,NaN,3.6875,4.377499286122158,1.6601749073026646,0.7399529235684437,3.0625,0.3125,0.5700578314656517,3.0,4.0,1.3977272727272727,0.5976923578647696,0.0,0.0
702,1,32.0,64.0,2.0,0.06451612903225806,0.5161290322580645,0.12903225806451613,0.06666666666666667,0.6,0.3333333333333333,0.6666666666666666,0.21875,0.0,0.42857142857142855,0.2857142857142857,0.6265498118439294,0.4202263834254683,0.5226678550207962,0.4338439686169456,NaN,NaN,NaN,NaN,4.266666666666667,4.495500395898526,1.5916396103896104,0.6868772698548263,3.142857142857143,0.4,0.49788549230025875,3.0,5.0,1.3548387096774193,0.5446411121958836,0.0,0.0
703,1,29.0,77.0,2.6551724137931036,0.09482758620689655,0.5,0.10714285714285714,0.07142857142857142,0.5,0.2857142857142857,0.7142857142857143,0.2413793103448276,0.0,0.2857142857142857,0.42857142857142855,0.7016779448621555,0.3903557889943831,0.5230039384174722,0.4013251807919458,NaN,NaN,NaN,NaN,5.5,6.572085490337728,1.7041948869256989,0.8252195824825994,3.475,0.5,0.6758134815122478,3.0,6.0,1.4573643410852712,0.5591253205060631,0.0,0.0
704,1,27.0,66.0,2.4444444444444446,0.09401709401709402,0.4230769230769231,0.07692307692307693,0.13333333333333333,0.6666666666666666,0.3333333333333333,0.5333333333333333,0.25925925925925924,0.0,0.42857142857142855,0.42857142857142855,0.5132936507936507,0.4544706711094358,0.42797619047619045,0.4587640987471881,NaN,NaN,NaN,NaN,4.4,5.877317172218729,1.7258505598621878,0.7542837342875613,3.5,0.26666666666666666,0.5217507624988701,3.0,6.0,1.4666666666666666,0.6514284107704962,0.0,0.0
705,1,30.0,64.0,2.1333333333333333,0.0735632183908046,0.5172413793103449,0.06896551724137931,0.07142857142857142,0.7142857142857143,0.42857142857142855,0.6428571428571429,0.23333333333333334,0.0,0.5714285714285714,0.2857142857142857,0.6525346980897623,0.44055731376547536,0.5520418693793306,0.4597941662662757,NaN,NaN,NaN,NaN,4.571428571428571,6.021937915964949,1.5610886189833557,0.6612883744228162,3.2051282051282053,0.2857142857142857,0.4561674942897866,2.0,5.0,1.3333333333333333,0.4738791022072739,0.0,0.0
706,1,26.0,44.0,1.6923076923076923,0.06769230769230769,0.4,0.28,0.06666666666666667,0.6,0.3333333333333333,0.6666666666666666,0.2692307692307692,0.0,0.42857142857142855,0.14285714285714285,0.5949652777777777,0.40661097299786253,0.5152777777777778,0.4295960250153564,NaN,NaN,NaN,NaN,2.933333333333333,3.8999389494611076,1.7096153846153848,0.6776130176652465,3.25,0.4,0.49789609036009275,3.0,4.0,1.1764705882352942,0.4338609156373123,0.0,0.0
707,1,32.0,86.0,2.6875,0.08669354838709678,0.5161290322580645,0.06451612903225806,0.06666666666666667,0.5333333333333333,0.26666666666666666,0.6666666666666666,0.21875,0.0,0.2857142857142857,0.2857142857142857,0.6305372956200023,0.40678665854999596,0.5221846282372599,0.41070665341762413,NaN,NaN,NaN,NaN,5.733333333333333,5.378086046523384,1.6300210132960706,0.7414227891541705,3.328125,0.4666666666666667,0.5496763876718473,3.0,7.0,1.385185185185185,0.5181077105958599,0.0,0.0
708,1,31.0,58.0,1.8709677419354838,0.06236559139784946,0.5333333333333333,0.16666666666666666,0.07142857142857142,0.5714285714285714,0.2857142857142857,0.6428571428571429,0.22580645161290322,0.0,0.2857142857142857,0.42857142857142855,0.6023809523809524,0.4197091301940595,0.5098639455782312,0.4266612468819262,NaN,NaN,NaN,NaN,4.142857142857143,5.186626929045399,1.5734306600365509,0.696427588812564,3.125,0.42857142857142855,0.4974870106666414,3.0,5.0,1.4130434782608696,0.5577067233749822,0.0,0.0
709,1,33.0,88.0,2.6666666666666665,0.08333333333333333,0.53125,0.0625,0.06666666666666667,0.5333333333333333,0.26666666666666666,0.6666666666666666,0.21212121212121213,0.0,0.2857142857142857,0.42857142857142855,0.623639455782313,0.4045637604428503,0.5141186299081036,0.4118193348434392,NaN,NaN,NaN,NaN,5.866666666666666,6.243472782110319,1.6067694532326384,0.7316614280075247,3.2549019607843137,0.4666666666666667,0.5474883632270197,2.0,6.0,1.364963503649635,0.48318661004710256,0.0,0.0
71,1,28.0,98.0,3.5,0.12962962962962962,0.48148148148148145,0.037037037037037035,0.07142857142857142,0.5,0.2857142857142857,0.7142857142857143,0.25,0.0,0.2857142857142857,0.2857142857142857,0.7021892428142429,0.3885988006869222,0.5382234432234432,0.39920137824956936,NaN,NaN,NaN,NaN,7.0,7.5651020634733825,1.6908448184027431,0.7701362026259927,3.15,0.5,0.6049455508774878,2.0,6.0,1.2781954887218046,0.4498043928172289,0.07142857142857142,0.0
710,1,32.0,57.0,1.78125,0.057459677419354836,0.4838709677419355,0.16129032258064516,0.0625,0.5625,0.25,0.625,0.21875,0.0,0.2857142857142857,0.2857142857142857,0.5546366898407714,0.40994764733719363,0.4436240842490842,0.41609515055013785,NaN,NaN,NaN,NaN,3.5625,3.6872528165740595,1.669715700965701,0.753544526289947,3.333333333333333,0.4375,0.5423733933026882,3.0,5.0,1.4444444444444444,0.6200962431844638,0.0,0.0
711,1,30.0,63.0,2.1,0.07241379310344828,0.4827586206896552,0.10344827586206896,0.06666666666666667,0.6,0.3333333333333333,0.6666666666666666,0.23333333333333334,0.0,0.42857142857142855,0.2857142857142857,0.6372685185185184,0.415688307946723,0.5190079365079365,0.43606870939356485,NaN,NaN,NaN,NaN,4.2,4.021371478914697,1.7013675213675217,0.8266485637088402,3.5555555555555554,0.4,0.6372732717210569,3.0,5.0,1.4615384615384615,0.6061669628541815,0.06666666666666667,0.0
712,1,31.0,58.0,1.8709677419354838,0.06236559139784946,0.5,0.13333333333333333,0.06666666666666667,0.6,0.26666666666666666,0.6666666666666666,0.22580645161290322,0.0,0.2857142857142857,0.2857142857142857,0.6271929824561403,0.41701452139721606,0.5133333333333333,0.4162950723964761,NaN,NaN,NaN,NaN,3.8666666666666667,5.330058518395816,1.6125448028673834,0.6953563904625231,3.0,0.26666666666666666,0.5618891507619803,2.0,5.0,1.25,0.43588989435406733,0.0,0.0
713,1,29.0,46.0,1.5862068965517242,0.05665024630541872,0.4642857142857143,0.2857142857142857,0.06666666666666667,0.6,0.3333333333333333,0.6666666666666666,0.2413793103448276,0.0,0.42857142857142855,0.2857142857142857,0.6606095679012345,0.42709682425770096,0.5253968253968254,0.4325651659887889,NaN,NaN,NaN,NaN,3.066666666666667,2.520393015460278,1.7268547544409614,0.8288049825858183,3.7272727272727275,0.4,0.56110384749189,4.0,5.0,1.6904761904761905,0.8498928419511311,0.0,0.0
714,1,26.0,35.0,1.3461538461538463,0.05384615384615385,0.36,0.24,0.25,0.625,0.25,0.375,0.2692307692307692,0.0,0.2857142857142857,0.42857142857142855,0.38727678571428575,0.43729799758342847,0.3045634920634921,0.4394740494741978,NaN,NaN,NaN,NaN,2.1875,2.372586492979058,1.8777472527472527,0.8583427956172691,4.0,0.1875,0.5028110825516398,4.0,6.0,1.5789473684210527,0.8006106691826076,0.0,0.0
715,1,29.0,49.0,1.6896551724137931,0.0603448275862069,0.5,0.17857142857142858,0.14285714285714285,0.7142857142857143,0.42857142857142855,0.5714285714285714,0.2413793103448276,0.0,0.5714285714285714,0.2857142857142857,0.5586734693877551,0.46451962469023766,0.5023809523809524,0.48046706010776197,NaN,NaN,NaN,NaN,3.5,4.052539564652876,1.6131276467029643,0.72172532340327,3.333333333333333,0.21428571428571427,0.5354057991947123,3.0,5.0,1.2166666666666666,0.4544196025054849,0.0,0.0
716,1,27.0,36.0,1.3333333333333333,0.05128205128205128,0.46153846153846156,0.2692307692307692,0.21428571428571427,0.5714285714285714,0.2857142857142857,0.5714285714285714,0.25925925925925924,0.0,0.2857142857142857,0.2857142857142857,0.6826105442176872,0.3844661227107305,0.473639455782313,0.44948413585801805,NaN,NaN,NaN,NaN,2.5714285714285716,2.1737697038266783,1.7316601689408708,0.8267127091826504,3.625,0.35714285714285715,0.44881254726634034,4.0,5.0,1.63013698630137,0.7361093162150372,0.0,0.0
717,1,28.0,50.0,1.7857142857142858,0.06613756613756613,0.4074074074074074,0.25925925925925924,0.1875,0.625,0.25,0.5,0.25,0.0,0.2857142857142857,0.14285714285714285,0.4758928571428571,0.4558230576264716,0.3930194805194805,0.43584071816774506,NaN,NaN,NaN,NaN,3.125,3.99791612384919,1.779605263157895,0.8116652414914716,4.0,0.1875,0.47110085922250095,3.0,4.0,1.234375,0.4626420845672153,0.0,0.0
718,1,29.0,52.0,1.793103448275862,0.06403940886699508,0.4642857142857143,0.14285714285714285,0.13333333333333333,0.6666666666666666,0.3333333333333333,0.5333333333333333,0.2413793103448276,0.0,0.42857142857142855,0.42857142857142855,0.5122962962962962,0.4572580395750587,0.4256410256410257,0.4590654134412403,NaN,NaN,NaN,NaN,3.466666666666667,3.6029088776920766,1.694606982223174,0.78250963550839,3.608695652173913,0.26666666666666666,0.5367962670937082,3.0,6.0,1.5416666666666667,0.6310670440096581,0.0,0.0
719,1,29.0,46.0,1.5862068965517242,0.05665024630541872,0.4642857142857143,0.25,0.06666666666666667,0.6666666666666666,0.3333333333333333,0.6666666666666666,0.2413793103448276,0.0,0.42857142857142855,0.42857142857142855,0.6246753246753246,0.43002508291326325,0.49766233766233775,0.42540863650314975,NaN,NaN,NaN,NaN,3.066666666666667,2.840187787218772,1.6306486616831444,0.6653611116458513,3.0,0.26666666666666666,0.3835676159570979,2.0,3.0,1.2203389830508475,0.4180330217186483,0.0,0.0
72,1,29.0,47.0,1.6206896551724137,0.05788177339901478,0.4642857142857143,0.25,0.2,0.6,0.26666666666666666,0.5333333333333333,0.2413793103448276,0.0,0.2857142857142857,0.2857142857142857,0.5903703703703704,0.4429113770815396,0.46814814814814815,0.46344060017255817,NaN,NaN,NaN,NaN,3.1333333333333333,2.695675549220764,1.696545284780579,0.781189031513444,3.428571428571429,0.3333333333333333,0.47830440481342895,3.0,5.0,1.3714285714285714,0.5429769945063484,0.0,0.0
720,1,30.0,52.0,1.7333333333333334,0.059770114942528735,0.4827586206896552,0.13793103448275862,0.13333333333333333,0.6,0.26666666666666666,0.6,0.23333333333333334,0.0,0.2857142857142857,0.2857142857142857,0.6128395061728396,0.4126824305569968,0.44,0.41884194086620724,NaN,NaN,NaN,NaN,3.466666666666667,3.5227154028566954,1.6735905398948878,0.7623662819438097,3.3478260869565215,0.3333333333333333,0.5159910747009181,3.0,4.0,1.4470588235294117,0.5876888217930508,0.0,0.0
721,1,28.0,35.0,1.25,0.046296296296296294,0.48148148148148145,0.25925925925925924,0.14285714285714285,0.6428571428571429,0.42857142857142855,0.6428571428571429,0.25,0.0,0.5714285714285714,0.2857142857142857,0.7028571428571428,0.41523725509879056,0.5378787878787878,0.46212598874064675,NaN,NaN,NaN,NaN,2.5,2.7942248133771033,1.6657509157509158,0.7583186813491541,3.3076923076923075,0.21428571428571427,0.6075031276096652,3.0,4.0,1.4150943396226414,0.5695464546512474,0.0,0.0
722,1,25.0,74.0,2.96,0.12333333333333334,0.4583333333333333,0.041666666666666664,0.07692307692307693,0.5384615384615384,0.3076923076923077,0.6923076923076923,0.28,0.0,0.2857142857142857,0.42857142857142855,0.6564471942623202,0.40209200388980637,0.5163627222450752,0.413428350098367,NaN,NaN,NaN,NaN,5.6923076923076925,6.750118707408231,1.7032908163265308,0.7627062584531454,3.2653061224489797,0.46153846153846156,0.573855486471832,3.0,7.0,1.3271028037383177,0.49096940946437867,0.0,0.0
723,1,26.0,53.0,2.0384615384615383,0.08153846153846153,0.44,0.04,0.14285714285714285,0.5714285714285714,0.35714285714285715,0.6428571428571429,0.2692307692307692,0.0,0.42857142857142855,0.2857142857142857,0.6751500600240096,0.4016344151847901,0.528921568627451,0.4468998205638134,NaN,NaN,NaN,NaN,3.7857142857142856,4.335516497108886,1.765532153032153,0.8311272118172822,3.55,0.35714285714285715,0.6012232000266383,3.0,6.0,1.4895833333333333,0.5427957193847942,0.0,0.0
724,1,33.0,55.0,1.6666666666666667,0.052083333333333336,0.5,0.1875,0.125,0.5625,0.25,0.5625,0.21212121212121213,0.0,0.2857142857142857,0.2857142857142857,0.556609623015873,0.420809553267508,0.4222470238095238,0.4281383876478518,NaN,NaN,NaN,NaN,3.4375,3.5771264072343505,1.6455190432463158,0.7442492771762285,3.3636363636363633,0.375,0.5693586021276726,3.0,5.0,1.3928571428571428,0.5381328080548439,0.0,0.0
725,1,33.0,79.0,2.393939393939394,0.07481060606060606,0.53125,0.15625,0.06666666666666667,0.5333333333333333,0.26666666666666666,0.6666666666666666,0.21212121212121213,0.0,0.2857142857142857,0.2857142857142857,0.6441496598639456,0.41619076742382927,0.5088888888888888,0.40955195547427714,NaN,NaN,NaN,NaN,5.266666666666667,5.161210636865661,1.6453270258716965,0.8058210083178826,3.75,0.4666666666666667,0.5913353979454133,4.0,6.0,1.5972222222222223,0.7415674614775786,0.0,0.0
726,1,26.0,42.0,1.6153846153846154,0.06461538461538462,0.36,0.12,0.1875,0.625,0.25,0.4375,0.2692307692307692,0.0,0.2857142857142857,0.14285714285714285,0.3977272727272727,0.4465800390209051,0.3522727272727273,0.4453445889165573,NaN,NaN,NaN,NaN,2.625,2.84897642437888,1.8012820512820513,0.7349364761199595,3.3,0.25,0.3676253612660139,3.0,4.0,1.375,0.549169647365276,0.0,0.0
727,1,30.0,52.0,1.7333333333333334,0.059770114942528735,0.4482758620689655,0.3103448275862069,0.125,0.5625,0.25,0.5625,0.23333333333333334,0.0,0.2857142857142857,0.2857142857142857,0.6025510204081632,0.4283105782129775,0.45401785714285714,0.4408014404059333,NaN,NaN,NaN,NaN,3.25,2.932575659723036,1.744911984567157,0.8233907485608629,3.8181818181818183,0.375,0.571511497714674,4.0,5.0,1.625,0.7574194416083573,0.0,0.0
728,1,30.0,72.0,2.4,0.08275862068965517,0.4482758620689655,0.06896551724137931,0.0625,0.5625,0.25,0.625,0.23333333333333334,0.0,0.2857142857142857,0.42857142857142855,0.5893985776128633,0.4252613175594993,0.462689393939394,0.41118034459582103,NaN,NaN,NaN,NaN,4.5,5.573747990954262,1.7504713804713803,0.8141492568561983,3.5666666666666664,0.4375,0.593283381515757,3.0,6.0,1.6689655172413793,0.7365004753505396,0.0,0.0
729,1,30.0,44.0,1.4666666666666666,0.05057471264367816,0.4827586206896552,0.2413793103448276,0.13333333333333333,0.5333333333333333,0.26666666666666666,0.6,0.23333333333333334,0.0,0.2857142857142857,0.42857142857142855,0.6116666666666667,0.39941011398491044,0.4508730158730158,0.4244578819803066,NaN,NaN,NaN,NaN,2.933333333333333,2.491891612715892,1.711547619047619,0.8186318223951768,3.7142857142857144,0.4,0.6150401946106889,4.0,5.0,1.5217391304347827,0.7594250079573344,0.0,0.0
73,1,29.0,43.0,1.4827586206896552,0.05295566502463054,0.5,0.2857142857142857,0.07142857142857142,0.7142857142857143,0.42857142857142855,0.7142857142857143,0.2413793103448276,0.0,0.5714285714285714,0.2857142857142857,0.691751700680272,0.410654084425255,0.5714285714285714,0.4331259818684914,NaN,NaN,NaN,NaN,3.0714285714285716,2.200149845046773,1.6236453201970442,0.7475058222231885,3.5,0.2857142857142857,0.5127711090037562,4.0,5.0,1.5142857142857142,0.7171371656006361,0.0,0.0
730,1,29.0,56.0,1.9310344827586208,0.06896551724137931,0.5357142857142857,0.10714285714285714,0.15384615384615385,0.5384615384615384,0.23076923076923078,0.6153846153846154,0.20689655172413793,0.0,0.16666666666666666,0.5,0.5920646174102395,0.406540663844181,0.4608516483516483,0.4199836898168696,NaN,NaN,NaN,NaN,4.3076923076923075,4.3852900965351465,1.6938840090522036,0.9151963994699042,4.090909090909091,0.46153846153846156,0.6611779470968457,4.0,6.0,1.8031496062992125,0.8168791762258548,0.06896551724137931,0.0
731,1,28.0,57.0,2.0357142857142856,0.07539682539682539,0.48148148148148145,0.1111111111111111,0.07142857142857142,0.5,0.2857142857142857,0.7142857142857143,0.25,0.0,0.2857142857142857,0.42857142857142855,0.6749320940497412,0.3935616977988338,0.5003501400560224,0.3936738395403414,NaN,NaN,NaN,NaN,4.071428571428571,4.746890248675129,1.6909565550358072,0.7738746840121953,3.3529411764705883,0.5,0.5936456692897046,3.0,5.0,1.4022988505747127,0.5382955467922227,0.0,0.0
732,1,27.0,54.0,2.0,0.07692307692307693,0.4230769230769231,0.15384615384615385,0.06666666666666667,0.6,0.26666666666666666,0.6,0.25925925925925924,0.0,0.2857142857142857,0.2857142857142857,0.48463383838383844,0.4078894925730951,0.43278669043374934,0.42028430094067126,NaN,NaN,NaN,NaN,3.6,4.548155041960892,1.7240265906932575,0.7402212856888506,3.5,0.4,0.540274648429475,3.0,5.0,1.2121212121212122,0.447734520074341,0.0,0.0
733,1,33.0,82.0,2.484848484848485,0.07765151515151515,0.5625,0.15625,0.07142857142857142,0.5714285714285714,0.2857142857142857,0.6428571428571429,0.21212121212121213,0.0,0.2857142857142857,0.42857142857142855,0.632542044595616,0.4246032392795215,0.5242346938775511,0.42926978285549233,NaN,NaN,NaN,NaN,5.857142857142857,6.347102826149446,1.5680963030521484,0.7470409918537724,3.375,0.42857142857142855,0.5835447813217172,3.0,5.0,1.489051094890511,0.6430258013436516,0.0,0.0
734,1,28.0,53.0,1.8928571428571428,0.0701058201058201,0.48148148148148145,0.14814814814814814,0.14285714285714285,0.5714285714285714,0.2857142857142857,0.6428571428571429,0.25,0.0,0.2857142857142857,0.2857142857142857,0.6334089191232047,0.3777104432582691,0.48095238095238096,0.4266174422154373,NaN,NaN,NaN,NaN,3.7857142857142856,3.0679126311040723,1.6727430555555556,0.7684590334938257,3.40625,0.35714285714285715,0.4896566598573524,3.0,5.0,1.375,0.5125019296042711,0.0,0.0
735,1,29.0,39.0,1.3448275862068966,0.0480295566502463,0.5,0.2857142857142857,0.07142857142857142,0.6428571428571429,0.35714285714285715,0.6428571428571429,0.2413793103448276,0.0,0.42857142857142855,0.2857142857142857,0.6343537414965986,0.43065095228635064,0.5527210884353742,0.45268146673867,NaN,NaN,NaN,NaN,2.7857142857142856,2.80599828467987,1.5804597701149425,0.6680650358856997,3.4,0.35714285714285715,0.3498023347753771,3.0,4.0,1.3148148148148149,0.5433673511234791,0.0,0.0
736,1,26.0,41.0,1.5769230769230769,0.06307692307692307,0.48,0.24,0.07692307692307693,0.6153846153846154,0.46153846153846156,0.7692307692307693,0.2692307692307692,0.0,0.5714285714285714,0.14285714285714285,0.7881155881155879,0.3611004588737495,0.6720390720390721,0.4115029176560151,NaN,NaN,NaN,NaN,3.1538461538461537,2.7942248133771037,1.6228527882374035,0.6941399328936221,3.333333333333333,0.38461538461538464,0.464205125396473,3.0,4.0,1.421875,0.5856671003060975,0.0,0.0
737,1,27.0,62.0,2.2962962962962963,0.08831908831908832,0.46153846153846156,0.07692307692307693,0.07142857142857142,0.5,0.21428571428571427,0.5714285714285714,0.2222222222222222,0.0,0.16666666666666666,0.3333333333333333,0.5200892857142858,0.42056240258776184,0.39107142857142857,0.402163809346676,NaN,NaN,NaN,NaN,4.428571428571429,6.381635740566421,1.7341843681917213,0.7998030394646605,3.3,0.42857142857142855,0.6886053090043364,3.0,7.0,1.4954128440366972,0.5872701001875067,0.0,0.0
738,1,32.0,52.0,1.625,0.05241935483870968,0.4838709677419355,0.16129032258064516,0.0625,0.75,0.375,0.625,0.21875,0.0,0.5714285714285714,0.2857142857142857,0.5857142857142856,0.438001898700572,0.50625,0.44791182167922294,NaN,NaN,NaN,NaN,3.25,2.886751345948129,1.5928294795482294,0.6553675321069973,3.2857142857142856,0.25,0.35381946773744305,2.0,4.0,1.3658536585365855,0.48463286656686855,0.0,0.0
739,1,28.0,37.0,1.3214285714285714,0.04894179894179894,0.48148148148148145,0.37037037037037035,0.14285714285714285,0.6428571428571429,0.35714285714285715,0.5714285714285714,0.25,0.0,0.42857142857142855,0.14285714285714285,0.49681122448979587,0.4696907376312584,0.48724489795918363,0.4653637406144973,NaN,NaN,NaN,NaN,2.642857142857143,2.468482650011256,1.650297619047619,0.7716640740125804,4.0,0.21428571428571427,0.34452026797908675,3.0,4.0,1.1666666666666667,0.43710057260212515,0.0,0.0
74,1,31.0,48.0,1.5483870967741935,0.05161290322580645,0.5,0.13333333333333333,0.06666666666666667,0.6666666666666666,0.3333333333333333,0.6666666666666666,0.22580645161290322,0.0,0.42857142857142855,0.2857142857142857,0.6303703703703704,0.42866259073548874,0.5155555555555555,0.4369567678057143,NaN,NaN,NaN,NaN,3.2,2.4260491103261463,1.6139626818469324,0.7128531855066748,3.4411764705882355,0.3333333333333333,0.352355870703595,3.0,4.0,1.4457831325301205,0.5466753628936881,0.0,0.0
740,1,31.0,49.0,1.5806451612903225,0.05268817204301075,0.5,0.3,0.06666666666666667,0.6,0.3333333333333333,0.6666666666666666,0.22580645161290322,0.0,0.42857142857142855,0.2857142857142857,0.6486111111111111,0.4258560084665824,0.5344444444444444,0.43208229056524156,NaN,NaN,NaN,NaN,3.2666666666666666,2.685055643655045,1.5972047665596052,0.6664099654789116,3.0,0.3333333333333333,0.4456684514734026,2.0,3.0,1.2,0.4033755872716886,0.0,0.0
741,1,28.0,51.0,1.8214285714285714,0.06746031746031746,0.4444444444444444,0.1111111111111111,0.06666666666666667,0.6,0.26666666666666666,0.5333333333333333,0.25,0.0,0.2857142857142857,0.42857142857142855,0.5156132756132756,0.4134009887027877,0.40191919191919195,0.43298902051736,NaN,NaN,NaN,NaN,3.4,3.7568984168174833,1.6951011173700248,0.7260455284906335,3.3529411764705883,0.4,0.47888286886961123,3.0,6.0,1.4252873563218391,0.520111435019726,0.0,0.0
742,1,27.0,41.0,1.5185185185185186,0.0584045584045584,0.4230769230769231,0.15384615384615385,0.2,0.6,0.26666666666666666,0.4666666666666667,0.25925925925925924,0.0,0.2857142857142857,0.2857142857142857,0.4498316498316498,0.4544280619078314,0.3722222222222222,0.4508222939704077,NaN,NaN,NaN,NaN,2.7333333333333334,2.9872745979922106,1.7623456790123457,0.7961927647530722,3.5,0.2,0.512140878209103,3.0,5.0,1.4647887323943662,0.5562883608728983,0.0,0.0
743,1,25.0,32.0,1.28,0.05333333333333334,0.4166666666666667,0.25,0.07142857142857142,0.5714285714285714,0.35714285714285715,0.6428571428571429,0.28,0.0,0.42857142857142855,0.42857142857142855,0.6210459183673469,0.40347549341808375,0.49251700680272104,0.4514824865630674,NaN,NaN,NaN,NaN,2.2857142857142856,1.8985245861972935,1.7894444444444446,0.8492848298552274,4.0,0.35714285714285715,0.6299656815603112,5.0,6.0,1.8461538461538463,1.00359929178011,0.0,0.0
744,1,31.0,57.0,1.8387096774193548,0.06129032258064516,0.5,0.1,0.06666666666666667,0.5333333333333333,0.26666666666666666,0.6666666666666666,0.22580645161290322,0.0,0.2857142857142857,0.2857142857142857,0.6152777777777778,0.40568769591122256,0.48857142857142855,0.4099776001845238,NaN,NaN,NaN,NaN,3.8,3.509171656429151,1.636128566773728,0.724940017191347,3.3636363636363633,0.4666666666666667,0.4961237396040826,3.0,4.0,1.446808510638298,0.5795255990262985,0.0,0.0
745,1,29.0,47.0,1.6206896551724137,0.05788177339901478,0.42857142857142855,0.14285714285714285,0.0625,0.625,0.25,0.625,0.2413793103448276,0.0,0.2857142857142857,0.42857142857142855,0.5415157004830918,0.41903154293390144,0.4038690476190477,0.4078415753290651,NaN,NaN,NaN,NaN,2.9375,2.79210195611359,1.7799671592775042,0.8468114410155493,3.75,0.375,0.6376740388277466,4.0,5.0,1.798165137614679,0.8025401399187257,0.06896551724137931,0.0
746,1,26.0,40.0,1.5384615384615385,0.06153846153846154,0.44,0.2,0.07142857142857142,0.5714285714285714,0.35714285714285715,0.7142857142857143,0.2692307692307692,0.0,0.42857142857142855,0.42857142857142855,0.6691468253968254,0.4021473767587834,0.5306122448979592,0.42544941111178497,NaN,NaN,NaN,NaN,2.857142857142857,2.5071326821120343,1.742882117882118,0.798230493524302,3.484848484848485,0.42857142857142855,0.6253304947348806,3.0,5.0,1.5571428571428572,0.6732080731325559,0.0,0.0
747,1,27.0,38.0,1.4074074074074074,0.05413105413105413,0.46153846153846156,0.23076923076923078,0.07142857142857142,0.7142857142857143,0.42857142857142855,0.7142857142857143,0.25925925925925924,0.0,0.5714285714285714,0.14285714285714285,0.7023809523809523,0.406708432104723,0.6071428571428571,0.4402657650033032,NaN,NaN,NaN,NaN,2.7142857142857144,2.0164161440372537,1.610239651416122,0.6518443818864638,3.1764705882352944,0.2857142857142857,0.30563183882087963,3.0,4.0,1.3272727272727274,0.511155026659683,0.0,0.0
748,1,30.0,49.0,1.6333333333333333,0.05632183908045977,0.4827586206896552,0.1724137931034483,0.06666666666666667,0.6666666666666666,0.4,0.6666666666666666,0.23333333333333334,0.0,0.5714285714285714,0.2857142857142857,0.6581481481481481,0.43352085211452857,0.5465934065934067,0.44614762080862214,NaN,NaN,NaN,NaN,3.2666666666666666,3.575045787252575,1.6307407407407408,0.7044992142633567,3.2222222222222223,0.26666666666666666,0.5155606502406808,2.0,4.0,1.253968253968254,0.4387759354802626,0.0,0.0
749,1,30.0,59.0,1.9666666666666666,0.067816091954023,0.4827586206896552,0.13793103448275862,0.13333333333333333,0.6666666666666666,0.3333333333333333,0.6,0.23333333333333334,0.0,0.42857142857142855,0.2857142857142857,0.5637768240343347,0.4814131543028784,0.49477025898078525,0.45301861255541037,NaN,NaN,NaN,NaN,3.933333333333333,5.430951859042583,1.682074074074074,0.8167657683938749,4.0,0.2,0.6024785532258737,3.0,5.0,1.2820512820512822,0.4807309342056439,0.06666666666666667,0.0
75,1,27.0,34.0,1.2592592592592593,0.04843304843304843,0.46153846153846156,0.38461538461538464,0.14285714285714285,0.6428571428571429,0.42857142857142855,0.5714285714285714,0.25925925925925924,0.0,0.5714285714285714,0.14285714285714285,0.5476190476190477,0.4596011436378409,0.511904761904762,0.48244518626819954,NaN,NaN,NaN,NaN,2.4285714285714284,1.949922511844458,1.6604938271604939,0.7183217047685716,3.333333333333333,0.2857142857142857,0.4504569542335316,3.0,4.0,1.2380952380952381,0.48436651157749006,0.0,0.0
750,1,28.0,70.0,2.5,0.09259259259259259,0.48148148148148145,0.037037037037037035,0.14285714285714285,0.5714285714285714,0.35714285714285715,0.6428571428571429,0.25,0.0,0.42857142857142855,0.42857142857142855,0.7209983681946298,0.398703582331411,0.5138775510204081,0.4471428710748654,NaN,NaN,NaN,NaN,5.0,6.850042111044057,1.7530276627559236,0.891512925443067,3.6296296296296298,0.42857142857142855,0.728039131828947,4.0,7.0,1.5284552845528456,0.6692937708306154,0.07142857142857142,0.0
751,1,25.0,41.0,1.64,0.06833333333333333,0.4583333333333333,0.25,0.15384615384615385,0.6153846153846154,0.46153846153846156,0.6923076923076923,0.28,0.0,0.5714285714285714,0.14285714285714285,0.7356711915535445,0.42403241290528065,0.6239495798319328,0.45002955333493827,NaN,NaN,NaN,NaN,3.1538461538461537,4.506405697192864,1.6942753623188402,0.7723840606563936,3.625,0.3076923076923077,0.5259317406311396,3.0,4.0,1.375,0.648424664440323,0.0,0.0
752,1,28.0,37.0,1.3214285714285714,0.04894179894179894,0.4444444444444444,0.25925925925925924,0.13333333333333333,0.6,0.3333333333333333,0.6,0.25,0.0,0.42857142857142855,0.2857142857142857,0.6309523809523809,0.4175983418809555,0.4618253968253968,0.44940131923415944,NaN,NaN,NaN,NaN,2.466666666666667,2.356349072692956,1.710775335775336,0.7510163292568458,3.2222222222222223,0.26666666666666666,0.5311552470249501,3.0,5.0,1.4761904761904763,0.5918026822738673,0.0,0.0
753,1,25.0,32.0,1.28,0.05333333333333334,0.375,0.25,0.2,0.6666666666666666,0.3333333333333333,0.4666666666666667,0.28,0.0,0.42857142857142855,0.2857142857142857,0.45333333333333337,0.4639033834823251,0.4,0.47056197405716016,NaN,NaN,NaN,NaN,2.1333333333333333,1.8464895909600492,1.7909090909090912,0.7545900761622475,3.2727272727272725,0.2,0.47125427671615033,3.0,5.0,1.3958333333333333,0.573884981186305,0.0,0.0
754,1,29.0,45.0,1.5517241379310345,0.05541871921182266,0.4642857142857143,0.14285714285714285,0.06666666666666667,0.6,0.26666666666666666,0.6,0.2413793103448276,0.0,0.2857142857142857,0.2857142857142857,0.5579220779220779,0.4392959607562825,0.4790909090909091,0.4362614869615506,NaN,NaN,NaN,NaN,3.0,2.878491668515698,1.639561746220486,0.6807768231541694,3.2758620689655173,0.4,0.40626143632216094,3.0,5.0,1.3972602739726028,0.5201422355524299,0.0,0.0
755,1,28.0,52.0,1.8571428571428572,0.06878306878306878,0.4444444444444444,0.037037037037037035,0.06666666666666667,0.7333333333333333,0.4,0.6,0.25,0.0,0.5714285714285714,0.14285714285714285,0.547962962962963,0.4493779586012878,0.47600000000000003,0.4694190938961535,NaN,NaN,NaN,NaN,3.466666666666667,6.1628688434001555,1.672061803444782,0.7298115058234788,3.666666666666667,0.26666666666666666,0.5021991399983083,3.0,4.0,1.234375,0.495765801723687,0.0,0.0
756,1,31.0,64.0,2.064516129032258,0.06881720430107527,0.5333333333333333,0.13333333333333333,0.07142857142857142,0.6428571428571429,0.35714285714285715,0.6428571428571429,0.22580645161290322,0.0,0.42857142857142855,0.2857142857142857,0.639299140708915,0.4379243011872608,0.5267454350161117,0.4418237315192803,NaN,NaN,NaN,NaN,4.571428571428571,5.430884411815952,1.582583195205916,0.7161025815150075,3.1818181818181817,0.21428571428571427,0.5457831038310791,3.0,5.0,1.3942307692307692,0.5104399250669124,0.0,0.0
757,1,29.0,49.0,1.6896551724137931,0.0603448275862069,0.4642857142857143,0.25,0.06666666666666667,0.6,0.26666666666666666,0.6666666666666666,0.2413793103448276,0.0,0.2857142857142857,0.42857142857142855,0.6458974358974359,0.42172505740628186,0.5299145299145299,0.41708563513665875,NaN,NaN,NaN,NaN,3.2666666666666666,3.5750457872525745,1.6455067920585162,0.684025345594556,3.166666666666667,0.4,0.4474274430229448,3.0,5.0,1.375,0.5676117498709389,0.0,0.0
758,1,30.0,55.0,1.8333333333333333,0.06321839080459771,0.4827586206896552,0.1724137931034483,0.06666666666666667,0.6666666666666666,0.3333333333333333,0.6666666666666666,0.23333333333333334,0.0,0.42857142857142855,0.2857142857142857,0.6221428571428571,0.4230300770207006,0.5052380952380953,0.42905131862471346,NaN,NaN,NaN,NaN,3.6666666666666665,3.3309515300043167,1.6504761904761904,0.7464434399568773,3.428571428571429,0.26666666666666666,0.4885332212936654,3.0,4.0,1.5714285714285714,0.7179581586177383,0.0,0.0
759,1,33.0,59.0,1.7878787878787878,0.05587121212121212,0.5625,0.0625,0.07142857142857142,0.5714285714285714,0.2857142857142857,0.6428571428571429,0.21212121212121213,0.0,0.2857142857142857,0.2857142857142857,0.6141956782713086,0.4237118220913032,0.5043934240362813,0.4278006699268466,NaN,NaN,NaN,NaN,4.214285714285714,4.9796288312185775,1.5538996522603081,0.7110505714624188,3.278688524590164,0.35714285714285715,0.5661780549086529,3.0,5.0,1.3372093023255813,0.4996578856937796,0.0,0.0
76,1,30.0,57.0,1.9,0.06551724137931035,0.4827586206896552,0.20689655172413793,0.06666666666666667,0.6,0.26666666666666666,0.6666666666666666,0.23333333333333334,0.0,0.2857142857142857,0.42857142857142855,0.6099358974358974,0.4141512370889466,0.488095238095238,0.4115330004153239,NaN,NaN,NaN,NaN,3.8,4.538722287164086,1.6506932065755597,0.7312760936206392,3.3181818181818183,0.3333333333333333,0.5513364100895433,3.0,5.0,1.3953488372093024,0.5589711087439105,0.0,0.0
760,1,31.0,57.0,1.8387096774193548,0.06129032258064516,0.5,0.1,0.06666666666666667,0.6666666666666666,0.3333333333333333,0.6,0.22580645161290322,0.0,0.42857142857142855,0.2857142857142857,0.6006349206349206,0.45518595703291387,0.5088888888888888,0.4543382885288015,NaN,NaN,NaN,NaN,3.8,3.1441555759399513,1.5764073371283995,0.6520690330048754,3.235294117647059,0.3333333333333333,0.34407065749469473,3.0,4.0,1.372093023255814,0.5540548205602461,0.0,0.0
761,1,32.0,72.0,2.25,0.07258064516129033,0.5161290322580645,0.0967741935483871,0.06666666666666667,0.6666666666666666,0.3333333333333333,0.6666666666666666,0.21875,0.0,0.42857142857142855,0.42857142857142855,0.6528677248677248,0.4218965110818411,0.5394444444444445,0.4346416452531439,NaN,NaN,NaN,NaN,4.8,6.2472851246418575,1.6125980502943578,0.7471368404649016,3.381818181818182,0.3333333333333333,0.6194225363576867,3.0,6.0,1.4333333333333333,0.5303135798725116,0.0625,0.0
762,1,31.0,67.0,2.161290322580645,0.07204301075268817,0.5,0.16666666666666666,0.06666666666666667,0.5333333333333333,0.26666666666666666,0.6666666666666666,0.22580645161290322,0.0,0.2857142857142857,0.14285714285714285,0.5996858465608466,0.4099364720225278,0.49616402116402114,0.413012038152149,NaN,NaN,NaN,NaN,4.466666666666667,5.2354105674267615,1.6622918975173544,0.7605930223930756,3.2857142857142856,0.4666666666666667,0.5668460833065639,3.0,5.0,1.4774774774774775,0.6302502655417109,0.0,0.0
763,1,30.0,47.0,1.5666666666666667,0.054022988505747126,0.5172413793103449,0.20689655172413793,0.07142857142857142,0.6428571428571429,0.35714285714285715,0.6428571428571429,0.23333333333333334,0.0,0.42857142857142855,0.42857142857142855,0.6451530612244898,0.4324580743933409,0.5265306122448979,0.4459430640970177,NaN,NaN,NaN,NaN,3.357142857142857,2.8718030481306944,1.5954001554001556,0.7235859608994554,3.6363636363636367,0.35714285714285715,0.3824464267856113,3.0,4.0,1.5058823529411764,0.6099088419741161,0.0,0.0
764,1,29.0,39.0,1.3448275862068966,0.0480295566502463,0.4642857142857143,0.32142857142857145,0.06666666666666667,0.6,0.3333333333333333,0.6666666666666666,0.2413793103448276,0.0,0.42857142857142855,0.14285714285714285,0.5983333333333333,0.41043192502455883,0.5098412698412698,0.42947171753241437,NaN,NaN,NaN,NaN,2.6,2.0632844828435215,1.6773946360153256,0.7385127504163481,3.5,0.4,0.4617570138370688,3.0,4.0,1.3392857142857142,0.5144029447917164,0.0,0.0
765,1,35.0,100.0,2.857142857142857,0.08403361344537816,0.5588235294117647,0.029411764705882353,0.06666666666666667,0.5333333333333333,0.26666666666666666,0.6666666666666666,0.2,0.0,0.2857142857142857,0.2857142857142857,0.6370576940230889,0.40975669748619814,0.5142802658820965,0.41268380656770054,NaN,NaN,NaN,NaN,6.666666666666667,7.108010236614008,1.6078968253968253,0.7823739932956703,3.4,0.4666666666666667,0.6093045552520854,2.0,6.0,1.3875,0.4887089911055672,0.0,0.0
766,1,29.0,51.0,1.7586206896551724,0.06280788177339902,0.4642857142857143,0.17857142857142858,0.06666666666666667,0.6666666666666666,0.4,0.6666666666666666,0.2413793103448276,0.0,0.5714285714285714,0.2857142857142857,0.67421875,0.4327654572487541,0.5584523809523809,0.44389303769215016,NaN,NaN,NaN,NaN,3.4,3.9964269756156647,1.649395432154053,0.6944895927019534,3.0,0.26666666666666666,0.5184210165696991,4.0,5.0,1.380281690140845,0.6625965629486682,0.0,0.0
767,1,28.0,70.0,2.5,0.09259259259259259,0.4444444444444444,0.07407407407407407,0.06666666666666667,0.6,0.26666666666666666,0.6,0.25,0.0,0.2857142857142857,0.42857142857142855,0.5543771762540443,0.42465218018304296,0.43222222222222223,0.42754683520790593,NaN,NaN,NaN,NaN,4.666666666666667,5.037951208671277,1.7819478180593706,0.8897302950840195,3.838709677419355,0.4,0.6767879789183366,4.0,7.0,1.573643410852713,0.6820831350361737,0.07142857142857142,0.0
768,1,24.0,41.0,1.7083333333333333,0.07427536231884058,0.391304347826087,0.13043478260869565,0.14285714285714285,0.5714285714285714,0.35714285714285715,0.6428571428571429,0.2916666666666667,0.0,0.42857142857142855,0.42857142857142855,0.6396103896103896,0.38865121509442013,0.4629329004329004,0.4451292026916126,NaN,NaN,NaN,NaN,2.9285714285714284,3.2690691621336474,1.8245715160760927,0.8233493474729409,3.608695652173913,0.35714285714285715,0.5667548356509646,3.0,6.0,1.463768115942029,0.5835920751217648,0.0,0.0
769,1,24.0,20.0,0.8333333333333334,0.036231884057971016,0.43478260869565216,0.43478260869565216,0.15384615384615385,0.6923076923076923,0.38461538461538464,0.6923076923076923,0.2916666666666667,0.0,0.42857142857142855,0.14285714285714285,0.7115384615384616,0.4062808173715596,0.5512820512820512,0.4323954347189757,NaN,NaN,NaN,NaN,1.5384615384615385,0.6602252917735247,1.6597222222222223,0.678302738808447,3.0,0.15384615384615385,0.24779731389167606,2.0,3.0,1.2307692307692308,0.4296689244236597,0.0,0.0
77,1,33.0,82.0,2.484848484848485,0.07765151515151515,0.53125,0.125,0.06666666666666667,0.6,0.26666666666666666,0.6666666666666666,0.21212121212121213,0.0,0.2857142857142857,0.42857142857142855,0.6369711163153787,0.41733915514815084,0.5112854030501089,0.41951616890447235,NaN,NaN,NaN,NaN,5.466666666666667,6.0929311110342885,1.649980842086105,0.8208456862490785,3.5,0.4,0.628271872969731,4.0,6.0,1.5071428571428571,0.6624179446556757,0.06060606060606061,0.0
770,1,32.0,86.0,2.6875,0.08669354838709678,0.5483870967741935,0.03225806451612903,0.07142857142857142,0.5714285714285714,0.2857142857142857,0.7142857142857143,0.21875,0.0,0.2857142857142857,0.2857142857142857,0.6671626984126984,0.3856870818387602,0.5240476190476191,0.39638576257438,NaN,NaN,NaN,NaN,6.142857142857143,7.492120402921201,1.5978860294117647,0.755025089532792,3.333333333333333,0.42857142857142855,0.5794639672874765,2.0,6.0,1.356060606060606,0.48065756100924406,0.0,0.0
771,1,36.0,79.0,2.1944444444444446,0.0626984126984127,0.5714285714285714,0.17142857142857143,0.06666666666666667,0.5333333333333333,0.26666666666666666,0.6666666666666666,0.19444444444444445,0.0,0.2857142857142857,0.2857142857142857,0.685204081632653,0.4323791399669429,0.5544973544973544,0.4265048084206063,NaN,NaN,NaN,NaN,5.266666666666667,4.949266419908924,1.6219889628491777,0.8648237921219826,4.285714285714286,0.4666666666666667,0.6223027059734727,4.0,5.0,1.6827586206896552,0.8716479306133463,0.0,0.0
772,1,31.0,51.0,1.6451612903225807,0.054838709677419356,0.4666666666666667,0.3,0.0625,0.75,0.375,0.625,0.22580645161290322,0.0,0.5714285714285714,0.14285714285714285,0.603395061728395,0.44256288964847706,0.5225694444444444,0.45147435088404847,NaN,NaN,NaN,NaN,3.1875,3.410156399150436,1.6054740957966767,0.6411161732241177,3.0,0.1875,0.39637606482665,3.0,4.0,1.2063492063492063,0.4457226882241323,0.0,0.0
773,1,26.0,90.0,3.4615384615384617,0.13846153846153847,0.48,0.04,0.07692307692307693,0.46153846153846156,0.3076923076923077,0.7692307692307693,0.2692307692307692,0.0,0.2857142857142857,0.42857142857142855,0.761912070371767,0.34786419434735977,0.5924450549450551,0.3847772231677572,NaN,NaN,NaN,NaN,6.923076923076923,6.116392434291345,1.763119288119288,0.8653359645757097,3.361111111111111,0.5384615384615384,0.6859485531963757,3.0,8.0,1.4236111111111112,0.5619628575824682,0.07692307692307693,0.0
774,1,23.0,27.0,1.173913043478261,0.0533596837944664,0.4090909090909091,0.22727272727272727,0.15384615384615385,0.6153846153846154,0.38461538461538464,0.6923076923076923,0.30434782608695654,0.0,0.42857142857142855,0.14285714285714285,0.673992673992674,0.3673649061120136,0.5512820512820513,0.4323954347189757,NaN,NaN,NaN,NaN,2.076923076923077,1.7541160386140584,1.7485507246376812,0.7615592896176807,3.466666666666667,0.3076923076923077,0.43072669147349685,3.0,4.0,1.4186046511627908,0.5447829685617883,0.0,0.0
775,1,35.0,75.0,2.142857142857143,0.06302521008403361,0.5294117647058824,0.11764705882352941,0.0625,0.5625,0.25,0.625,0.2,0.0,0.2857142857142857,0.42857142857142855,0.5625457875457875,0.41182170210224356,0.4626802884615384,0.418169920894524,NaN,NaN,NaN,NaN,4.6875,4.840368443276469,1.61684544695071,0.7471338235914157,3.333333333333333,0.4375,0.5293557664127999,3.0,5.0,1.3839285714285714,0.5574319449317319,0.0,0.0
776,1,25.0,26.0,1.04,0.043333333333333335,0.5,0.375,0.08333333333333333,0.8333333333333334,0.6666666666666666,0.75,0.28,0.0,0.8571428571428571,0.0,0.8125,0.38250074272060985,0.71875,0.44633927678392815,NaN,NaN,NaN,NaN,2.1666666666666665,2.208797835653567,1.549206349206349,0.6380379821109996,3.2857142857142856,0.16666666666666666,0.27804452568094057,3.0,4.0,1.368421052631579,0.5891382910924178,0.0,0.0
777,1,33.0,51.0,1.5454545454545454,0.048295454545454544,0.5,0.21875,0.1875,0.625,0.25,0.5,0.21212121212121213,0.0,0.2857142857142857,0.2857142857142857,0.5221088435374149,0.4335438426162544,0.4077380952380952,0.44406517263913003,NaN,NaN,NaN,NaN,3.1875,3.709784360309909,1.6785113035113035,0.8152698593464576,3.428571428571429,0.3125,0.5507279830054461,4.0,5.0,1.574468085106383,0.7107373379010113,0.06060606060606061,0.0
778,1,33.0,72.0,2.1818181818181817,0.06818181818181818,0.5,0.09375,0.0625,0.625,0.25,0.625,0.21212121212121213,0.0,0.2857142857142857,0.42857142857142855,0.5558475378787878,0.41579906038728237,0.44025974025974024,0.41566963411980995,NaN,NaN,NaN,NaN,4.5,3.777124126457412,1.6546482572685783,0.784595028881485,3.678571428571429,0.375,0.4772701587572372,3.0,5.0,1.4921875,0.588553461603408,0.0,0.0
779,1,30.0,50.0,1.6666666666666667,0.05747126436781609,0.5172413793103449,0.1724137931034483,0.14285714285714285,0.5,0.2857142857142857,0.6428571428571429,0.23333333333333334,0.0,0.2857142857142857,0.42857142857142855,0.6738520408163265,0.3985068328295529,0.4979591836734693,0.4415918522606094,NaN,NaN,NaN,NaN,3.5714285714285716,2.064881658530644,1.6921550766055409,0.8533432107214854,3.625,0.5,0.47984276274078175,4.0,5.0,1.6796116504854368,0.7437793294004127,0.0,0.0
78,1,32.0,77.0,2.40625,0.07762096774193548,0.4838709677419355,0.12903225806451613,0.125,0.625,0.25,0.5625,0.21875,0.0,0.2857142857142857,0.42857142857142855,0.52490234375,0.40152997552844055,0.40885416666666663,0.4210790674190757,NaN,NaN,NaN,NaN,4.8125,5.381681893237467,1.6782036040273134,0.7755414578798598,3.4230769230769234,0.3125,0.5780968188148347,4.0,7.0,1.510948905109489,0.6543608053257671,0.0,0.0
780,1,29.0,49.0,1.6896551724137931,0.0603448275862069,0.4642857142857143,0.21428571428571427,0.13333333333333333,0.6,0.26666666666666666,0.5333333333333333,0.2413793103448276,0.0,0.2857142857142857,0.42857142857142855,0.5021825396825397,0.44160728020594603,0.4136752136752137,0.4365021303096687,NaN,NaN,NaN,NaN,3.2666666666666666,3.575045787252575,1.6983194609591759,0.7712484051594347,3.2800000000000002,0.26666666666666666,0.5995099849622464,3.0,5.0,1.5056179775280898,0.6053472989948899,0.06896551724137931,0.0
781,1,30.0,70.0,2.3333333333333335,0.08045977011494253,0.5517241379310345,0.10344827586206896,0.07692307692307693,0.5384615384615384,0.3076923076923077,0.6923076923076923,0.2,0.0,0.3333333333333333,0.3333333333333333,0.6982118758434548,0.40684250807285055,0.5575936883629191,0.42291678578340336,NaN,NaN,NaN,NaN,5.384615384615385,5.824352060364905,1.6194297385620915,0.7957920854717951,3.3125,0.38461538461538464,0.6513328293521977,3.0,7.0,1.5121951219512195,0.6189077324508759,0.0,0.0
782,1,30.0,61.0,2.033333333333333,0.07011494252873564,0.5172413793103449,0.10344827586206896,0.14285714285714285,0.6428571428571429,0.35714285714285715,0.6428571428571429,0.23333333333333334,0.0,0.42857142857142855,0.14285714285714285,0.5694134796775853,0.422205595200249,0.497749099639856,0.4462801299167066,NaN,NaN,NaN,NaN,4.357142857142857,4.550691289111052,1.6143274853801168,0.738771432514441,3.263157894736842,0.21428571428571427,0.44656075527070926,2.0,6.0,1.3369565217391304,0.47525988062619345,0.0,0.0
783,1,32.0,83.0,2.59375,0.08366935483870967,0.5483870967741935,0.03225806451612903,0.07142857142857142,0.5714285714285714,0.2857142857142857,0.6428571428571429,0.21875,0.0,0.2857142857142857,0.42857142857142855,0.6317138897443794,0.423337358604128,0.5206349206349206,0.43021935355353963,NaN,NaN,NaN,NaN,5.928571428571429,7.17328683073833,1.5794508442350756,0.7263362852955877,3.111111111111111,0.42857142857142855,0.576181583537367,3.0,5.0,1.3442622950819672,0.4941056166294526,0.0625,0.0
784,1,28.0,46.0,1.6428571428571428,0.06084656084656084,0.5185185185185185,0.14814814814814814,0.15384615384615385,0.5384615384615384,0.3076923076923077,0.6923076923076923,0.25,0.0,0.2857142857142857,0.42857142857142855,0.7294426638176638,0.3615108802403192,0.5397435897435897,0.4272835417743411,NaN,NaN,NaN,NaN,3.5384615384615383,2.757274760078165,1.6876845376845377,0.8516893067910124,3.641025641025641,0.38461538461538464,0.586337163256689,4.0,6.0,1.6021505376344085,0.677908948391663,0.0,0.0
785,1,29.0,67.0,2.310344827586207,0.08251231527093596,0.4642857142857143,0.10714285714285714,0.06666666666666667,0.6,0.26666666666666666,0.6666666666666666,0.2413793103448276,0.0,0.2857142857142857,0.42857142857142855,0.6093216855087359,0.40375116097868735,0.4814285714285715,0.4097711244995174,NaN,NaN,NaN,NaN,4.466666666666667,5.026595932305148,1.7121750104951123,0.7883365939469266,3.4615384615384617,0.4,0.5948135719913762,3.0,6.0,1.4661016949152543,0.5497816721259902,0.06896551724137931,0.0
786,1,32.0,70.0,2.1875,0.07056451612903226,0.4838709677419355,0.0967741935483871,0.125,0.625,0.3125,0.5625,0.21875,0.0,0.42857142857142855,0.2857142857142857,0.5356737012987013,0.4453894301195839,0.4492753623188406,0.4477411860799108,NaN,NaN,NaN,NaN,4.375,5.58420391222718,1.6553692084942084,0.7350059561159614,3.243243243243243,0.3125,0.5749883086245312,3.0,6.0,1.3529411764705883,0.519844965912666,0.0,0.0
787,1,31.0,49.0,1.5806451612903225,0.05268817204301075,0.5,0.2,0.06666666666666667,0.6,0.3333333333333333,0.6666666666666666,0.22580645161290322,0.0,0.42857142857142855,0.42857142857142855,0.6457175925925926,0.42025682152111815,0.5190476190476191,0.4264117921925872,NaN,NaN,NaN,NaN,3.2666666666666666,2.9146591730832085,1.713987119774596,0.8932924063506308,4.25,0.4,0.6529963807584331,5.0,7.0,1.9603960396039604,1.1394805139115622,0.0,0.0
788,1,28.0,54.0,1.9285714285714286,0.07142857142857142,0.5185185185185185,0.18518518518518517,0.15384615384615385,0.6923076923076923,0.46153846153846156,0.6923076923076923,0.25,0.0,0.5714285714285714,0.2857142857142857,0.8046125196963185,0.36267994351920746,0.6222222222222222,0.4527692569068708,NaN,NaN,NaN,NaN,4.153846153846154,5.351731088257858,1.601514154048716,0.7269624664446316,3.0666666666666664,0.23076923076923078,0.5278573284337705,3.0,5.0,1.4175824175824177,0.5178145113183563,0.07142857142857142,0.0
789,1,26.0,26.0,1.0,0.04,0.4,0.4,0.2,0.6666666666666666,0.3333333333333333,0.5333333333333333,0.2692307692307692,0.0,0.42857142857142855,0.14285714285714285,0.4703703703703704,0.4660505507069238,0.4388888888888889,0.46767181999446067,NaN,NaN,NaN,NaN,1.7333333333333334,1.3345232785352155,1.7730769230769232,0.7815664743616847,3.5,0.13333333333333333,0.35364040841162153,3.0,5.0,1.3846153846153846,0.5900662146334272,0.0,0.0
79,1,31.0,51.0,1.6451612903225807,0.054838709677419356,0.5333333333333333,0.13333333333333333,0.14285714285714285,0.6428571428571429,0.35714285714285715,0.6428571428571429,0.22580645161290322,0.0,0.42857142857142855,0.14285714285714285,0.5764411027568922,0.4599225342362196,0.5297619047619048,0.4453068936679844,NaN,NaN,NaN,NaN,3.642857142857143,4.955294648650578,1.6135483870967744,0.7939502435589474,4.0,0.21428571428571427,0.5394707646224705,3.0,4.0,1.2419354838709677,0.5019791606597303,0.0,0.0
790,1,29.0,59.0,2.0344827586206895,0.07266009852216748,0.5,0.10714285714285714,0.07142857142857142,0.5714285714285714,0.35714285714285715,0.7142857142857143,0.2413793103448276,0.0,0.42857142857142855,0.14285714285714285,0.689001110648341,0.3897343586508245,0.5828231292517005,0.41735858674284615,NaN,NaN,NaN,NaN,4.214285714285714,3.5986871843145036,1.6199369827281482,0.7196421959544936,3.3658536585365857,0.35714285714285715,0.4840579741998056,3.0,6.0,1.4148936170212767,0.5566716463897757,0.0,0.0
791,1,23.0,48.0,2.0869565217391304,0.09486166007905138,0.4090909090909091,0.13636363636363635,0.15384615384615385,0.6923076923076923,0.38461538461538464,0.6153846153846154,0.30434782608695654,0.0,0.42857142857142855,0.14285714285714285,0.5887179487179487,0.43430135138825415,0.5282051282051282,0.45984018033768154,NaN,NaN,NaN,NaN,3.6923076923076925,4.250188532771524,1.6966183574879228,0.690503441824742,3.0666666666666664,0.23076923076923078,0.48915745900533053,2.0,5.0,1.2,0.4033755872716886,0.0,0.0
792,1,32.0,63.0,1.96875,0.06350806451612903,0.4838709677419355,0.16129032258064516,0.125,0.6875,0.3125,0.5,0.21875,0.0,0.42857142857142855,0.14285714285714285,0.44151709401709405,0.4697161019713559,0.42778445512820507,0.4627134663055276,NaN,NaN,NaN,NaN,3.9375,5.421792446537707,1.6450320512820515,0.7636719292945489,4.0,0.1875,0.5174925362127567,3.0,4.0,1.1866666666666668,0.4253244654389175,0.0,0.0
793,1,29.0,41.0,1.4137931034482758,0.050492610837438424,0.5,0.35714285714285715,0.21428571428571427,0.6428571428571429,0.2857142857142857,0.5714285714285714,0.2413793103448276,0.0,0.2857142857142857,0.14285714285714285,0.6091269841269841,0.4245639467004683,0.49404761904761907,0.45814598235468695,NaN,NaN,NaN,NaN,2.9285714285714284,2.5256921584232863,1.6264367816091954,0.7304395996641516,3.166666666666667,0.21428571428571427,0.2916085888750382,3.0,4.0,1.3548387096774193,0.5152358744748358,0.0,0.0
794,1,30.0,79.0,2.6333333333333333,0.09080459770114943,0.4827586206896552,0.06896551724137931,0.06666666666666667,0.6,0.26666666666666666,0.6,0.23333333333333334,0.0,0.2857142857142857,0.42857142857142855,0.5565273728539034,0.42944069828365455,0.43489988588027806,0.41770971254581885,NaN,NaN,NaN,NaN,5.266666666666667,7.314043894812096,1.6653162393162395,0.7449236060309542,3.1,0.3333333333333333,0.6127196238173188,3.0,6.0,1.3027522935779816,0.5000849401178302,0.06666666666666667,0.0
795,1,27.0,46.0,1.7037037037037037,0.06552706552706553,0.46153846153846156,0.15384615384615385,0.07142857142857142,0.7142857142857143,0.42857142857142855,0.7142857142857143,0.25925925925925924,0.0,0.5714285714285714,0.2857142857142857,0.7345376926280716,0.40626774264317544,0.6084183673469388,0.43179103638558536,NaN,NaN,NaN,NaN,3.2857142857142856,2.8128433856309725,1.6735641011855846,0.7583661507141134,3.4864864864864864,0.2857142857142857,0.5301459583848522,3.0,6.0,1.4880952380952381,0.5702260726702653,0.0,0.0
796,1,29.0,45.0,1.5517241379310345,0.05541871921182266,0.4642857142857143,0.17857142857142858,0.06666666666666667,0.5333333333333333,0.26666666666666666,0.6666666666666666,0.2413793103448276,0.0,0.2857142857142857,0.42857142857142855,0.5747795414462081,0.3925971086987168,0.4603174603174603,0.4017158963442465,NaN,NaN,NaN,NaN,3.0,2.9760952365713798,1.7040481267661796,0.7601904124814134,3.333333333333333,0.4666666666666667,0.5869818850370773,3.0,5.0,1.4583333333333333,0.5798858556938621,0.0,0.0
797,1,32.0,85.0,2.65625,0.08568548387096774,0.4838709677419355,0.06451612903225806,0.0625,0.625,0.25,0.5625,0.21875,0.0,0.2857142857142857,0.42857142857142855,0.4998138022691594,0.42541334178076273,0.41271228771228774,0.4205765928354953,NaN,NaN,NaN,NaN,5.3125,6.650501234242925,1.637376192076293,0.7094245485349377,3.361111111111111,0.375,0.499164068080848,3.0,5.0,1.376923076923077,0.5465236807054699,0.0,0.0
798,1,32.0,59.0,1.84375,0.059475806451612906,0.5161290322580645,0.22580645161290322,0.06666666666666667,0.6,0.3333333333333333,0.6666666666666666,0.21875,0.0,0.42857142857142855,0.2857142857142857,0.6487962962962963,0.4199320973649398,0.5353703703703704,0.4286561620135844,NaN,NaN,NaN,NaN,3.933333333333333,2.9872745979922106,1.6417562905844156,0.7753408061249181,3.4375,0.4,0.5206925517168531,3.0,4.0,1.5196078431372548,0.6559762154113523,0.0,0.0
799,1,27.0,33.0,1.2222222222222223,0.04700854700854701,0.4230769230769231,0.3076923076923077,0.06666666666666667,0.5333333333333333,0.26666666666666666,0.6666666666666666,0.25925925925925924,0.0,0.2857142857142857,0.2857142857142857,0.5933333333333334,0.40647292418467196,0.46777777777777774,0.41079030812408085,NaN,NaN,NaN,NaN,2.2,1.3201731488169055,1.7728395061728395,0.8042242658812437,3.7,0.3333333333333333,0.587023411535039,4.0,5.0,1.6875,0.8140629046323218,0.0,0.0
8,1,34.0,64.0,1.8823529411764706,0.0570409982174688,0.5151515151515151,0.21212121212121213,0.0625,0.6875,0.3125,0.625,0.20588235294117646,0.0,0.42857142857142855,0.2857142857142857,0.5748553240740741,0.42536054400906925,0.5122996794871795,0.44089264658600213,NaN,NaN,NaN,NaN,4.0,3.8815804341359033,1.5909704130292366,0.7109471179430156,3.5185185185185186,0.3125,0.49058866555397407,3.0,5.0,1.4476190476190476,0.5880370275650556,0.0,0.0
80,1,28.0,43.0,1.5357142857142858,0.056878306878306875,0.48148148148148145,0.25925925925925924,0.07142857142857142,0.6428571428571429,0.35714285714285715,0.6428571428571429,0.25,0.0,0.42857142857142855,0.2857142857142857,0.6439909297052154,0.4446063844915178,0.5180272108843538,0.4522717376221572,NaN,NaN,NaN,NaN,3.0714285714285716,2.921124275508838,1.6108843537414967,0.6709998470421514,3.0,0.2857142857142857,0.44117145622473214,2.0,4.0,1.2222222222222223,0.4196434545311265,0.0,0.0
800,1,26.0,46.0,1.7692307692307692,0.07076923076923076,0.4,0.08,0.06666666666666667,0.6,0.26666666666666666,0.6,0.2692307692307692,0.0,0.2857142857142857,0.2857142857142857,0.5274312541918176,0.4188081970625391,0.4111111111111111,0.41840905531087347,NaN,NaN,NaN,NaN,3.066666666666667,3.1502078540644782,1.7703296703296705,0.7623478565045694,3.428571428571429,0.26666666666666666,0.5347625776854189,3.0,5.0,1.4444444444444444,0.5244044240850758,0.07692307692307693,0.0
801,1,28.0,77.0,2.75,0.10185185185185185,0.48148148148148145,0.037037037037037035,0.07142857142857142,0.5714285714285714,0.35714285714285715,0.7142857142857143,0.25,0.0,0.42857142857142855,0.42857142857142855,0.7141927342764163,0.3982159944033521,0.5565800865800866,0.4156020291943979,NaN,NaN,NaN,NaN,5.5,6.947606117881954,1.6828254274682846,0.7735382155478094,3.333333333333333,0.42857142857142855,0.6409675957865238,3.0,6.0,1.4262295081967213,0.5591911630274753,0.07142857142857142,0.0
802,1,25.0,54.0,2.16,0.09,0.4166666666666667,0.08333333333333333,0.21428571428571427,0.5714285714285714,0.35714285714285715,0.5714285714285714,0.28,0.0,0.42857142857142855,0.42857142857142855,0.5293650793650794,0.4431574773394702,0.426007326007326,0.4627355253617975,NaN,NaN,NaN,NaN,3.857142857142857,5.627639795716289,1.7873193473193474,0.8042208677107389,3.166666666666667,0.2857142857142857,0.6166943106331276,3.0,6.0,1.3625,0.5092498827078655,0.0,0.0
803,1,35.0,72.0,2.057142857142857,0.06050420168067227,0.5294117647058824,0.14705882352941177,0.0625,0.6875,0.3125,0.625,0.2,0.0,0.42857142857142855,0.42857142857142855,0.6124035063244048,0.4394312603067629,0.5133680555555555,0.4390871783078173,NaN,NaN,NaN,NaN,4.5,5.278888771954441,1.5769019824125994,0.6988731890677622,3.1304347826086953,0.25,0.5364417229615329,4.0,5.0,1.4299065420560748,0.6744970108149533,0.0,0.0
804,1,23.0,44.0,1.9130434782608696,0.08695652173913043,0.45454545454545453,0.13636363636363635,0.25,0.5,0.4166666666666667,0.6666666666666666,0.30434782608695654,0.0,0.42857142857142855,0.2857142857142857,0.8606481481481482,0.28044635671974993,0.5525793650793651,0.46250514194084436,NaN,NaN,NaN,NaN,3.6666666666666665,3.984819679582488,1.7800402212166915,0.8674241227422077,3.7058823529411766,0.3333333333333333,0.5351941794147874,3.0,4.0,1.4202898550724639,0.5791930771606831,0.0,0.0
805,1,29.0,36.0,1.2413793103448276,0.04433497536945813,0.5357142857142857,0.35714285714285715,0.07692307692307693,0.7692307692307693,0.5384615384615384,0.6923076923076923,0.2413793103448276,0.0,0.7142857142857143,0.14285714285714285,0.7435897435897435,0.4283678800305851,0.6556776556776557,0.4646025968485649,NaN,NaN,NaN,NaN,2.769230769230769,2.521700687824461,1.5135467980295565,0.6187673042242274,3.0,0.15384615384615385,0.30093392047058426,2.0,4.0,1.2173913043478262,0.4170288281141495,0.0,0.0
806,1,27.0,38.0,1.4074074074074074,0.05413105413105413,0.4230769230769231,0.34615384615384615,0.06666666666666667,0.6,0.3333333333333333,0.6,0.25925925925925924,0.0,0.42857142857142855,0.42857142857142855,0.5873015873015873,0.41972677712212086,0.5077777777777778,0.45193001752565715,NaN,NaN,NaN,NaN,2.533333333333333,2.875181153713043,1.7391975308641976,0.7731118950164272,3.75,0.3333333333333333,0.5351834168869243,3.0,5.0,1.3962264150943395,0.6306169946205137,0.0,0.0
807,1,26.0,34.0,1.3076923076923077,0.052307692307692305,0.52,0.28,0.16666666666666666,0.6666666666666666,0.5,0.75,0.2692307692307692,0.0,0.5714285714285714,0.2857142857142857,0.8739583333333334,0.2859622081144586,0.6546296296296296,0.43234693049998313,NaN,NaN,NaN,NaN,2.8333333333333335,2.72474630456533,1.6237672583826432,0.7728201921603839,3.3846153846153846,0.16666666666666666,0.561404265212047,3.0,4.0,1.4444444444444444,0.6039700938074969,0.0,0.0
808,1,27.0,43.0,1.5925925925925926,0.06125356125356125,0.5,0.2692307692307692,0.07692307692307693,0.6923076923076923,0.46153846153846156,0.6923076923076923,0.25925925925925924,0.0,0.5714285714285714,0.2857142857142857,0.7230769230769231,0.4220753092979916,0.6099746407438715,0.44833065326894683,NaN,NaN,NaN,NaN,3.3076923076923075,4.049374753889285,1.5652910052910054,0.6384044591817248,3.0,0.23076923076923078,0.4413481238539056,2.0,4.0,1.1730769230769231,0.3820047143818447,0.0,0.0
809,1,33.0,62.0,1.878787878787879,0.058712121212121215,0.53125,0.09375,0.06666666666666667,0.5333333333333333,0.26666666666666666,0.6666666666666666,0.21212121212121213,0.0,0.2857142857142857,0.42857142857142855,0.663656220322887,0.4271795135998586,0.5013756613756614,0.41620646939814404,NaN,NaN,NaN,NaN,4.133333333333334,3.979710446514324,1.6336365093940852,0.7761143191199983,3.4074074074074074,0.4,0.6141439530289883,3.0,5.0,1.485981308411215,0.5886422814378739,0.0,0.0
81,1,29.0,54.0,1.8620689655172413,0.0665024630541872,0.4642857142857143,0.17857142857142858,0.06666666666666667,0.5333333333333333,0.26666666666666666,0.6,0.2413793103448276,0.0,0.2857142857142857,0.42857142857142855,0.5726007326007324,0.4548286689088823,0.452930402930403,0.44140056684533546,NaN,NaN,NaN,NaN,3.6,4.2895221179054435,1.6530594996619337,0.6882670859903733,3.0,0.4,0.4936544266126848,2.0,4.0,1.1846153846153846,0.3910046232266512,0.0,0.0
810,1,33.0,59.0,1.7878787878787878,0.05587121212121212,0.5,0.21875,0.0625,0.5625,0.25,0.625,0.21212121212121213,0.0,0.2857142857142857,0.2857142857142857,0.5429383116883117,0.4062881937272842,0.4463349150849151,0.410687087705366,NaN,NaN,NaN,NaN,3.6875,4.02854398842394,1.6474870940111583,0.7525646467880934,3.642857142857143,0.4375,0.4962215868815272,4.0,5.0,1.5809523809523809,0.7309234462302356,0.0,0.0
811,1,31.0,73.0,2.3548387096774195,0.07849462365591398,0.5333333333333333,0.03333333333333333,0.07142857142857142,0.6428571428571429,0.35714285714285715,0.7142857142857143,0.22580645161290322,0.0,0.42857142857142855,0.2857142857142857,0.6644253380364491,0.389032479044458,0.5692176870748299,0.41600257311554345,NaN,NaN,NaN,NaN,5.214285714285714,7.29782445378359,1.576405529953917,0.7059269096688077,3.333333333333333,0.35714285714285715,0.5191889029742435,3.0,5.0,1.2736842105263158,0.5145149598378813,0.0,0.0
812,1,30.0,58.0,1.9333333333333333,0.06666666666666667,0.5172413793103449,0.13793103448275862,0.07142857142857142,0.5714285714285714,0.2857142857142857,0.6428571428571429,0.23333333333333334,0.0,0.2857142857142857,0.42857142857142855,0.6213734567901233,0.4312329957250572,0.48206782713085233,0.42244061901853935,NaN,NaN,NaN,NaN,4.142857142857143,4.554915229425544,1.677584779505672,0.8413371464888121,3.6799999999999997,0.42857142857142855,0.6582895035368741,3.0,5.0,1.5909090909090908,0.6946116933249491,0.13333333333333333,0.0
813,1,31.0,56.0,1.8064516129032258,0.060215053763440864,0.4666666666666667,0.2,0.0625,0.6875,0.3125,0.625,0.22580645161290322,0.0,0.42857142857142855,0.2857142857142857,0.5876420454545455,0.43088159744393845,0.5017045454545455,0.43906008738050706,NaN,NaN,NaN,NaN,3.5,3.723797345005051,1.619172510518934,0.6676702372763512,3.3043478260869565,0.3125,0.41894558615211014,3.0,5.0,1.4285714285714286,0.580093041251088,0.0,0.0
814,1,32.0,66.0,2.0625,0.06653225806451613,0.5483870967741935,0.0967741935483871,0.07142857142857142,0.6428571428571429,0.35714285714285715,0.6428571428571429,0.21875,0.0,0.42857142857142855,0.42857142857142855,0.6677194687398769,0.4435182474902668,0.5518707482993197,0.4472820204311836,NaN,NaN,NaN,NaN,4.714285714285714,4.664573052085449,1.5563384433962264,0.7087782761764166,3.452830188679245,0.2857142857142857,0.43190539592310845,3.0,5.0,1.4649122807017543,0.582637040910351,0.0,0.0
815,1,25.0,58.0,2.32,0.09666666666666666,0.4166666666666667,0.08333333333333333,0.14285714285714285,0.5714285714285714,0.2857142857142857,0.6428571428571429,0.28,0.0,0.2857142857142857,0.14285714285714285,0.6287450396825396,0.3800554535595614,0.513095238095238,0.4287319093105272,NaN,NaN,NaN,NaN,4.142857142857143,4.365197023611312,1.7434391534391533,0.750908741845204,3.2962962962962963,0.35714285714285715,0.5148975008263461,2.0,5.0,1.3095238095238095,0.4650739150008613,0.0,0.0
816,1,31.0,80.0,2.5806451612903225,0.08602150537634409,0.4666666666666667,0.06666666666666667,0.0625,0.625,0.25,0.5625,0.22580645161290322,0.0,0.2857142857142857,0.42857142857142855,0.49753037522574817,0.428055193788889,0.4033717105263158,0.41812799202754874,NaN,NaN,NaN,NaN,5.0,6.131883886702357,1.6872155173429821,0.7528301607843102,3.2857142857142856,0.375,0.6168643811360145,3.0,7.0,1.3888888888888888,0.5211099265563414,0.0,0.0
817,1,31.0,46.0,1.4838709677419355,0.04946236559139785,0.5333333333333333,0.23333333333333334,0.07142857142857142,0.6428571428571429,0.42857142857142855,0.7142857142857143,0.22580645161290322,0.0,0.5714285714285714,0.2857142857142857,0.7235331632653061,0.4051111276330651,0.6193877551020408,0.43451501034079076,NaN,NaN,NaN,NaN,3.2857142857142856,2.812843385630973,1.5600614439324116,0.6811826175288686,3.388888888888889,0.35714285714285715,0.423495557244916,3.0,4.0,1.4,0.574834569775249,0.0,0.0
818,1,29.0,59.0,2.0344827586206895,0.07266009852216748,0.5,0.14285714285714285,0.14285714285714285,0.5714285714285714,0.35714285714285715,0.6428571428571429,0.2413793103448276,0.0,0.42857142857142855,0.2857142857142857,0.6913919413919414,0.4059756840301232,0.5548469387755103,0.4567469249158108,NaN,NaN,NaN,NaN,4.214285714285714,3.7247317183424595,1.6464619671516225,0.7597869690116272,3.4222222222222225,0.35714285714285715,0.5139987124348938,3.0,5.0,1.425531914893617,0.5582106917552209,0.0,0.0
819,1,22.0,36.0,1.6363636363636365,0.07792207792207792,0.3333333333333333,0.14285714285714285,0.21428571428571427,0.5714285714285714,0.2857142857142857,0.5714285714285714,0.3181818181818182,0.0,0.2857142857142857,0.2857142857142857,0.6499669312169313,0.3973234213313766,0.4107142857142857,0.4390942086315009,NaN,NaN,NaN,NaN,2.5714285714285716,2.9538576007104216,1.8700611888111887,0.7660214815580443,3.1538461538461537,0.2857142857142857,0.47073705353789796,2.0,5.0,1.3454545454545455,0.47989897926858555,0.0,0.0
82,1,29.0,49.0,1.6896551724137931,0.0603448275862069,0.42857142857142855,0.2857142857142857,0.125,0.625,0.25,0.5625,0.2413793103448276,0.0,0.2857142857142857,0.42857142857142855,0.5150462962962963,0.40671500505400193,0.42795138888888884,0.425318167941932,NaN,NaN,NaN,NaN,3.0625,2.7681221071332818,1.7339155097775787,0.7655092874899098,3.571428571428571,0.25,0.3884241712563991,3.0,5.0,1.4155844155844155,0.592733395084727,0.0,0.0
820,1,28.0,56.0,2.0,0.07407407407407407,0.4444444444444444,0.18518518518518517,0.13333333333333333,0.6,0.3333333333333333,0.6,0.25,0.0,0.42857142857142855,0.14285714285714285,0.5902499999999999,0.44565566664666756,0.48611111111111105,0.44645502567122025,NaN,NaN,NaN,NaN,3.7333333333333334,4.47958331395529,1.6896221532091098,0.7185891703830967,3.1333333333333333,0.3333333333333333,0.4948689765699512,3.0,4.0,1.3908045977011494,0.5360562674188976,0.0,0.0
821,1,29.0,56.0,1.9310344827586208,0.06896551724137931,0.4642857142857143,0.10714285714285714,0.06666666666666667,0.6666666666666666,0.4,0.6666666666666666,0.2413793103448276,0.0,0.5714285714285714,0.2857142857142857,0.6695071010860485,0.43145872935391755,0.5523809523809523,0.4439967781075373,NaN,NaN,NaN,NaN,3.7333333333333334,5.00666222813829,1.6552460949012673,0.7063814564499256,3.0576923076923075,0.26666666666666666,0.5611080283239506,3.0,4.0,1.2318840579710144,0.45841567112854237,0.0,0.0
822,1,33.0,70.0,2.121212121212121,0.06628787878787878,0.53125,0.15625,0.06666666666666667,0.6,0.3333333333333333,0.6666666666666666,0.21212121212121213,0.0,0.42857142857142855,0.2857142857142857,0.6481619861619862,0.43393119270301556,0.5314529914529914,0.44369265217483467,NaN,NaN,NaN,NaN,4.666666666666667,4.303929544475551,1.6070723527224016,0.7391650938340056,3.3030303030303028,0.4,0.5250840359259409,3.0,6.0,1.4634146341463414,0.547613045846068,0.0,0.0
823,1,31.0,51.0,1.6451612903225807,0.054838709677419356,0.5333333333333333,0.2,0.07142857142857142,0.6428571428571429,0.35714285714285715,0.6428571428571429,0.22580645161290322,0.0,0.42857142857142855,0.2857142857142857,0.6069160997732427,0.4340805443741407,0.5316751700680272,0.4440682523373197,NaN,NaN,NaN,NaN,3.642857142857143,4.162232072359232,1.5878581446603885,0.7362245160530984,3.5,0.35714285714285715,0.5750383262917402,3.0,5.0,1.3835616438356164,0.6153169234517681,0.0,0.0
824,1,28.0,60.0,2.142857142857143,0.07936507936507936,0.48148148148148145,0.1111111111111111,0.14285714285714285,0.6428571428571429,0.35714285714285715,0.5714285714285714,0.25,0.0,0.42857142857142855,0.42857142857142855,0.663900913900914,0.4432454791103775,0.47998242359144616,0.4647065056607986,NaN,NaN,NaN,NaN,4.285714285714286,5.180266869106729,1.6984563711738794,0.8255344540638125,3.5510204081632653,0.35714285714285715,0.6155353952217865,3.0,7.0,1.4954128440366972,0.571285963468144,0.0,0.0
825,1,29.0,47.0,1.6206896551724137,0.05788177339901478,0.5,0.21428571428571427,0.07142857142857142,0.6428571428571429,0.35714285714285715,0.6428571428571429,0.2413793103448276,0.0,0.42857142857142855,0.42857142857142855,0.6407639979068549,0.4367678367825722,0.524092970521542,0.4479423237870478,NaN,NaN,NaN,NaN,3.357142857142857,3.9731239957638227,1.6288177339901475,0.7429498963187664,3.416666666666667,0.35714285714285715,0.5776792261069567,3.0,6.0,1.5476190476190477,0.6659491261867994,0.0,0.0
826,1,25.0,44.0,1.76,0.07333333333333333,0.4166666666666667,0.125,0.14285714285714285,0.6428571428571429,0.35714285714285715,0.6428571428571429,0.28,0.0,0.42857142857142855,0.2857142857142857,0.5962585034013606,0.39764340945055876,0.4952380952380952,0.44180228065193955,NaN,NaN,NaN,NaN,3.142857142857143,3.840215195435374,1.7383193277310927,0.7599115570019185,3.428571428571429,0.21428571428571427,0.4580116751853713,2.0,6.0,1.4133333333333333,0.4957476835707513,0.0,0.0
827,1,32.0,62.0,1.9375,0.0625,0.5483870967741935,0.0967741935483871,0.07142857142857142,0.5714285714285714,0.35714285714285715,0.7142857142857143,0.21875,0.0,0.42857142857142855,0.2857142857142857,0.7004447933019361,0.4020575375135386,0.5836996336996336,0.4305691363288966,NaN,NaN,NaN,NaN,4.428571428571429,4.4326461226170135,1.5416233072483072,0.6664474729130097,3.2222222222222223,0.42857142857142855,0.48039363001460644,3.0,5.0,1.368421052631579,0.5063980349140759,0.0,0.0
828,1,31.0,55.0,1.7741935483870968,0.05913978494623656,0.4666666666666667,0.16666666666666666,0.0625,0.625,0.25,0.5625,0.22580645161290322,0.0,0.2857142857142857,0.42857142857142855,0.5047309027777778,0.4326229649550007,0.43472222222222223,0.4335825494187858,NaN,NaN,NaN,NaN,3.4375,3.076117683054405,1.6109318996415771,0.6385691371687001,3.111111111111111,0.375,0.4044147816603514,3.0,5.0,1.3164556962025316,0.49469762319686195,0.0,0.0
829,1,27.0,65.0,2.4074074074074074,0.09259259259259259,0.46153846153846156,0.07692307692307693,0.07142857142857142,0.5714285714285714,0.2857142857142857,0.6428571428571429,0.25925925925925924,0.0,0.2857142857142857,0.2857142857142857,0.5737110633727175,0.4117809628289741,0.4665413533834587,0.4221917027642218,NaN,NaN,NaN,NaN,4.642857142857143,5.745997173379354,1.7096777145519284,0.7893314782474519,3.6,0.42857142857142855,0.5580056996493518,3.0,5.0,1.3440860215053763,0.5416284555156025,0.0,0.0
83,1,27.0,61.0,2.259259259259259,0.0868945868945869,0.46153846153846156,0.038461538461538464,0.14285714285714285,0.5714285714285714,0.2857142857142857,0.6428571428571429,0.25925925925925924,0.0,0.2857142857142857,0.2857142857142857,0.602687286094562,0.42334544964553167,0.5056972789115646,0.43046341094484275,NaN,NaN,NaN,NaN,4.357142857142857,6.046068561879285,1.678491261824595,0.7315655813257975,3.166666666666667,0.35714285714285715,0.5243054167417208,2.0,5.0,1.2941176470588236,0.45834924851410563,0.0,0.0
830,1,29.0,63.0,2.1724137931034484,0.07758620689655173,0.5357142857142857,0.10714285714285714,0.15384615384615385,0.5384615384615384,0.38461538461538464,0.6923076923076923,0.2413793103448276,0.0,0.42857142857142855,0.2857142857142857,0.7881318681318681,0.3573642462924943,0.6091575091575091,0.44226988515717075,NaN,NaN,NaN,NaN,4.846153846153846,5.580414468570021,1.6058777429467086,0.7521043670338384,3.325,0.3076923076923077,0.566149864740174,2.0,5.0,1.3578947368421053,0.48192410176875516,0.0,0.0
831,1,31.0,60.0,1.935483870967742,0.06451612903225806,0.5333333333333333,0.2,0.21428571428571427,0.5,0.2857142857142857,0.5714285714285714,0.22580645161290322,0.0,0.2857142857142857,0.42857142857142855,0.7426114890400607,0.40610955213676264,0.4959401709401709,0.45932587328745533,NaN,NaN,NaN,NaN,4.285714285714286,4.046433784658582,1.6664113352752905,0.8293181841268538,3.5384615384615383,0.2857142857142857,0.5473435998415295,3.0,4.0,1.4646464646464648,0.5944150153487608,0.0,0.0
832,1,30.0,69.0,2.3,0.07931034482758621,0.5172413793103449,0.10344827586206896,0.07142857142857142,0.6428571428571429,0.35714285714285715,0.6428571428571429,0.23333333333333334,0.0,0.42857142857142855,0.2857142857142857,0.6593872397443825,0.4397058775419963,0.547425788497217,0.4510453666286859,NaN,NaN,NaN,NaN,4.928571428571429,5.9544977920932975,1.5944003128395339,0.7099896437216451,3.1,0.35714285714285715,0.49838141249993323,3.0,4.0,1.2947368421052632,0.48099374549227514,0.0,0.0
833,1,32.0,52.0,1.625,0.05241935483870968,0.4838709677419355,0.12903225806451613,0.125,0.625,0.25,0.5,0.21875,0.0,0.2857142857142857,0.2857142857142857,0.47935606060606056,0.45055270961229155,0.4013392857142857,0.4413508850580189,NaN,NaN,NaN,NaN,3.25,3.1091263510296048,1.6435546875,0.7256245300472902,3.34375,0.25,0.46523290897842867,3.0,5.0,1.430232558139535,0.5432082836243247,0.0,0.0
834,1,25.0,53.0,2.12,0.08833333333333333,0.4583333333333333,0.08333333333333333,0.15384615384615385,0.5384615384615384,0.38461538461538464,0.6923076923076923,0.28,0.0,0.42857142857142855,0.42857142857142855,0.7093280282935456,0.3610966751407161,0.5064102564102564,0.4389348672227096,NaN,NaN,NaN,NaN,4.076923076923077,5.219539227133918,1.7426730769230767,0.8160166288083057,3.34375,0.38461538461538464,0.641371010291569,3.0,6.0,1.4252873563218391,0.5201114350197259,0.08,0.0
835,1,33.0,93.0,2.8181818181818183,0.08806818181818182,0.53125,0.03125,0.06666666666666667,0.5333333333333333,0.26666666666666666,0.6666666666666666,0.21212121212121213,0.0,0.2857142857142857,0.42857142857142855,0.6466335162322816,0.4172577247264055,0.48984126984126986,0.40736603926578113,NaN,NaN,NaN,NaN,6.2,7.379508307275144,1.6484415529807,0.7952610067940892,3.3,0.4666666666666667,0.6488783601156384,3.0,6.0,1.3945578231292517,0.5176054340250061,0.0,0.0
836,1,33.0,71.0,2.1515151515151514,0.06723484848484848,0.5,0.09375,0.0625,0.6875,0.3125,0.625,0.21212121212121213,0.0,0.42857142857142855,0.42857142857142855,0.5839646464646464,0.4328300507961016,0.4785436602870814,0.43663323150429995,NaN,NaN,NaN,NaN,4.4375,5.291108894488312,1.625066110360228,0.7344390513614002,3.2205882352941178,0.3125,0.6000168259423836,3.0,5.0,1.4298245614035088,0.5639509525779017,0.0,0.0
837,1,30.0,52.0,1.7333333333333334,0.059770114942528735,0.4827586206896552,0.20689655172413793,0.13333333333333333,0.6666666666666666,0.3333333333333333,0.5333333333333333,0.23333333333333334,0.0,0.42857142857142855,0.2857142857142857,0.5128205128205128,0.45454384172046763,0.46693121693121686,0.46965868574439684,NaN,NaN,NaN,NaN,3.466666666666667,4.437931736207543,1.6158944517640168,0.6882307920780553,3.2727272727272725,0.26666666666666666,0.4364001194560108,3.0,4.0,1.289855072463768,0.5173873641378188,0.0,0.0
838,1,32.0,49.0,1.53125,0.04939516129032258,0.5161290322580645,0.2903225806451613,0.13333333333333333,0.6,0.26666666666666666,0.6,0.21875,0.0,0.2857142857142857,0.2857142857142857,0.5765432098765433,0.4447263582680071,0.4981481481481482,0.449189288662135,NaN,NaN,NaN,NaN,3.2666666666666666,2.9872745979922106,1.6117165616246498,0.7280656233357086,3.333333333333333,0.3333333333333333,0.39443414352166184,3.0,4.0,1.265625,0.479490056503484,0.0,0.0
839,1,28.0,47.0,1.6785714285714286,0.062169312169312166,0.4444444444444444,0.1111111111111111,0.06666666666666667,0.6,0.26666666666666666,0.6666666666666666,0.25,0.0,0.2857142857142857,0.2857142857142857,0.6060185185185184,0.4129219865984384,0.4801587301587301,0.4127774431568362,NaN,NaN,NaN,NaN,3.1333333333333333,2.1668498091095505,1.7366666666666668,0.8015498247943172,3.56,0.4,0.46594017623213074,3.0,5.0,1.4936708860759493,0.6379739107582528,0.0,0.0
84,1,27.0,40.0,1.4814814814814814,0.05698005698005698,0.46153846153846156,0.2692307692307692,0.07142857142857142,0.6428571428571429,0.35714285714285715,0.6428571428571429,0.25925925925925924,0.0,0.42857142857142855,0.0,0.5946712018140589,0.4209108718361972,0.5110544217687074,0.43943457392529783,NaN,NaN,NaN,NaN,2.857142857142857,3.3248977510511586,1.641347849681183,0.682637392730335,3.125,0.35714285714285715,0.44404743996961527,3.0,4.0,1.4264705882352942,0.5273469635994495,0.0,0.0
840,1,31.0,58.0,1.8709677419354838,0.06236559139784946,0.4666666666666667,0.3,0.0625,0.5625,0.25,0.625,0.22580645161290322,0.0,0.2857142857142857,0.2857142857142857,0.5442460317460318,0.42261543332533047,0.44479166666666664,0.4196435325897975,NaN,NaN,NaN,NaN,3.625,3.1806707887907337,1.677035330261137,0.7381383879827127,3.333333333333333,0.4375,0.5270637232599171,3.0,4.0,1.2933333333333332,0.5396027901810471,0.0,0.0
841,1,29.0,59.0,2.0344827586206895,0.07266009852216748,0.4642857142857143,0.10714285714285714,0.06666666666666667,0.6666666666666666,0.26666666666666666,0.6,0.2413793103448276,0.0,0.2857142857142857,0.2857142857142857,0.5254528985507246,0.418059750631825,0.4472222222222222,0.4244705697103917,NaN,NaN,NaN,NaN,3.933333333333333,5.933761354278061,1.6287153482082486,0.6698484001506598,3.12,0.3333333333333333,0.5088328570889988,2.0,5.0,1.3255813953488371,0.47134002875696684,0.0,0.0
842,1,29.0,62.0,2.1379310344827585,0.07635467980295567,0.5,0.03571428571428571,0.07142857142857142,0.5714285714285714,0.35714285714285715,0.7142857142857143,0.2413793103448276,0.0,0.42857142857142855,0.2857142857142857,0.7191904761904763,0.399069788346219,0.5748299319727891,0.4181535107180471,NaN,NaN,NaN,NaN,4.428571428571429,6.8355888352997605,1.6329754140693498,0.7393564704151518,3.5555555555555554,0.42857142857142855,0.5630371841799642,3.0,4.0,1.3333333333333333,0.6123724356957945,0.0,0.0
843,1,30.0,54.0,1.8,0.06206896551724138,0.4827586206896552,0.13793103448275862,0.06666666666666667,0.6,0.26666666666666666,0.6,0.23333333333333334,0.0,0.2857142857142857,0.42857142857142855,0.537904761904762,0.4189960466100246,0.4372222222222222,0.42378288216601107,NaN,NaN,NaN,NaN,3.6,2.4727081741050063,1.6924251284777603,0.8099353467325816,3.6136363636363633,0.4,0.5903080195637158,3.0,6.0,1.53,0.6105966613307698,0.0,0.0
844,1,27.0,57.0,2.111111111111111,0.0811965811965812,0.46153846153846156,0.07692307692307693,0.07142857142857142,0.5714285714285714,0.2857142857142857,0.6428571428571429,0.25925925925925924,0.0,0.2857142857142857,0.42857142857142855,0.5521308980213089,0.4138585158840156,0.462008281573499,0.42623791627720553,NaN,NaN,NaN,NaN,4.071428571428571,5.993127932689442,1.7004649671316339,0.7648868558785472,3.4,0.42857142857142855,0.6083413149574384,3.0,6.0,1.3614457831325302,0.5538845801448575,0.07407407407407407,0.0
845,1,26.0,52.0,2.0,0.08,0.4,0.12,0.2,0.6,0.3333333333333333,0.5333333333333333,0.2692307692307692,0.0,0.42857142857142855,0.2857142857142857,0.6079385964912282,0.4231559065138019,0.43,0.45895844816590653,NaN,NaN,NaN,NaN,3.466666666666667,4.911599487316685,1.7928794178794178,0.7923413130839646,3.5,0.26666666666666666,0.5464827644982142,3.0,4.0,1.2941176470588236,0.5200121562704163,0.0,0.0
846,1,32.0,74.0,2.3125,0.07459677419354839,0.5483870967741935,0.06451612903225806,0.07142857142857142,0.5714285714285714,0.2857142857142857,0.7142857142857143,0.21875,0.0,0.2857142857142857,0.42857142857142855,0.7091587301587302,0.3968391496517932,0.5912698412698413,0.4093528099890283,NaN,NaN,NaN,NaN,5.285714285714286,5.4691944481877695,1.5663507189734869,0.7134869125254333,3.36734693877551,0.42857142857142855,0.5052243549794466,3.0,5.0,1.4297520661157024,0.5601554290401867,0.0,0.0
847,1,28.0,46.0,1.6428571428571428,0.06084656084656084,0.4444444444444444,0.2222222222222222,0.06666666666666667,0.7333333333333333,0.4,0.6,0.25,0.0,0.5714285714285714,0.14285714285714285,0.5851190476190475,0.4513865839317194,0.5138655462184875,0.4679425553985069,NaN,NaN,NaN,NaN,3.066666666666667,4.479583313955291,1.6545625146610365,0.690288231204421,3.4,0.26666666666666666,0.48808103140020925,3.0,4.0,1.3333333333333333,0.5679618342470647,0.0,0.0
848,1,29.0,46.0,1.5862068965517242,0.05665024630541872,0.4642857142857143,0.17857142857142858,0.13333333333333333,0.5333333333333333,0.26666666666666666,0.6,0.2413793103448276,0.0,0.2857142857142857,0.2857142857142857,0.5522222222222222,0.43692952224289827,0.42156288156288163,0.4185069879348453,NaN,NaN,NaN,NaN,3.066666666666667,3.2396354880199247,1.698209549071618,0.7523060915231055,3.2,0.4,0.5483225512498834,3.0,4.0,1.353846153846154,0.5428734092415454,0.0,0.0
849,1,26.0,70.0,2.6923076923076925,0.1076923076923077,0.52,0.04,0.16666666666666666,0.4166666666666667,0.25,0.6666666666666666,0.23076923076923078,0.0,0.16666666666666666,0.5,0.7342889536767087,0.3521856206943924,0.5028108465608465,0.413085394737452,NaN,NaN,NaN,NaN,5.833333333333333,6.712719721588714,1.711523390402701,0.8573938639393236,3.220779220779221,0.5,0.6950504784014442,3.0,6.0,1.4793388429752066,0.5787799460030703,0.0,0.0
85,1,31.0,49.0,1.5806451612903225,0.05268817204301075,0.4666666666666667,0.23333333333333334,0.0625,0.6875,0.3125,0.625,0.22580645161290322,0.0,0.42857142857142855,0.2857142857142857,0.570374503968254,0.43243097706114,0.47767857142857145,0.4357831283978542,NaN,NaN,NaN,NaN,3.0625,3.275540667838924,1.6494623655913978,0.7077806192726113,3.333333333333333,0.3125,0.49436927758030064,3.0,4.0,1.3888888888888888,0.5947080134681683,0.0,0.0
850,1,27.0,52.0,1.9259259259259258,0.07407407407407407,0.4230769230769231,0.15384615384615385,0.2,0.6,0.26666666666666666,0.5333333333333333,0.25925925925925924,0.0,0.2857142857142857,0.42857142857142855,0.6166666666666667,0.4079804012137573,0.39323062558356675,0.4404596387645754,NaN,NaN,NaN,NaN,3.466666666666667,4.405624111238249,1.8338784672118007,0.9173106317198656,4.2,0.26666666666666666,0.5862237476786422,4.0,5.0,1.683673469387755,0.8567131961899405,0.0,0.0
851,1,31.0,61.0,1.967741935483871,0.06559139784946237,0.5,0.16666666666666666,0.06666666666666667,0.6,0.26666666666666666,0.6666666666666666,0.22580645161290322,0.0,0.2857142857142857,0.2857142857142857,0.6119576719576719,0.4046875867332022,0.49703703703703705,0.4105899026951093,NaN,NaN,NaN,NaN,4.066666666666666,3.807261232859927,1.6737019277341858,0.8068201573283583,3.6486486486486487,0.4,0.6290688574239052,3.0,5.0,1.61864406779661,0.6908373653703588,0.0,0.0
852,1,29.0,81.0,2.793103448275862,0.09975369458128079,0.4642857142857143,0.10714285714285714,0.06666666666666667,0.6666666666666666,0.3333333333333333,0.6,0.2413793103448276,0.0,0.42857142857142855,0.2857142857142857,0.5754167878259184,0.43720085182127205,0.47808888737681304,0.44722585492650685,NaN,NaN,NaN,NaN,5.4,6.759120821949723,1.7027714861766585,0.791608089714869,3.5,0.3333333333333333,0.610987023298332,3.0,6.0,1.488888888888889,0.6449189080884126,0.06896551724137931,0.0
853,1,29.0,56.0,1.9310344827586208,0.06896551724137931,0.5357142857142857,0.14285714285714285,0.15384615384615385,0.6153846153846154,0.38461538461538464,0.6153846153846154,0.2413793103448276,0.0,0.42857142857142855,0.2857142857142857,0.5955128205128205,0.4360129283389453,0.5269230769230769,0.46215770424146724,NaN,NaN,NaN,NaN,4.3076923076923075,4.269750488116283,1.5784482758620688,0.71550819033981,3.125,0.23076923076923078,0.5368861641416672,2.0,5.0,1.3125,0.4664368029425214,0.0,0.0
854,1,26.0,52.0,2.0,0.08,0.44,0.16,0.14285714285714285,0.6428571428571429,0.35714285714285715,0.5714285714285714,0.2692307692307692,0.0,0.42857142857142855,0.2857142857142857,0.5651373626373627,0.45333018024900845,0.49739010989010984,0.4687962431402556,NaN,NaN,NaN,NaN,3.7142857142857144,4.8584355099554015,1.671035762483131,0.6978926913870296,3.105263157894737,0.2857142857142857,0.4982899467229999,2.0,5.0,1.3246753246753247,0.4713239594778242,0.0,0.0
855,1,31.0,51.0,1.6451612903225807,0.054838709677419356,0.5,0.16666666666666666,0.06666666666666667,0.7333333333333333,0.4,0.6666666666666666,0.22580645161290322,0.0,0.5714285714285714,0.2857142857142857,0.640652557319224,0.4216654545509047,0.5388888888888889,0.44861633246752597,NaN,NaN,NaN,NaN,3.4,2.5856748221140036,1.6209445886865244,0.7396685022111064,3.4324324324324325,0.26666666666666666,0.4941270379962238,3.0,5.0,1.4404761904761905,0.5671996413620307,0.0,0.0
856,1,31.0,44.0,1.4193548387096775,0.047311827956989246,0.4666666666666667,0.23333333333333334,0.0625,0.6875,0.3125,0.5625,0.22580645161290322,0.0,0.42857142857142855,0.2857142857142857,0.507986111111111,0.43959375536179585,0.44375,0.44417526570788096,NaN,NaN,NaN,NaN,2.75,3.0659419433511785,1.6235599078341014,0.661711348607876,3.142857142857143,0.3125,0.4363797978148786,3.0,4.0,1.2363636363636363,0.4699738512677284,0.0,0.0
857,1,30.0,52.0,1.7333333333333334,0.059770114942528735,0.4827586206896552,0.13793103448275862,0.06666666666666667,0.6,0.26666666666666666,0.6,0.23333333333333334,0.0,0.2857142857142857,0.2857142857142857,0.5631060606060606,0.4392211604245173,0.46414141414141413,0.42870705289139827,NaN,NaN,NaN,NaN,3.466666666666667,3.1365738056189967,1.6259764309764313,0.6930528114162561,3.3181818181818183,0.4,0.41059376055649993,3.0,4.0,1.379746835443038,0.5383687962048289,0.0,0.0
858,1,30.0,71.0,2.3666666666666667,0.08160919540229886,0.4482758620689655,0.06896551724137931,0.125,0.6875,0.3125,0.5625,0.23333333333333334,0.0,0.42857142857142855,0.42857142857142855,0.5954427083333332,0.4346482756264143,0.4508928571428571,0.4495289169403152,NaN,NaN,NaN,NaN,4.4375,5.715111547467818,1.6780525846702319,0.7243452616053793,3.2727272727272725,0.25,0.4978961626508961,3.0,5.0,1.3783783783783783,0.5054980272248899,0.0,0.0
859,1,30.0,68.0,2.2666666666666666,0.07816091954022988,0.4827586206896552,0.06896551724137931,0.13333333333333333,0.6,0.3333333333333333,0.6,0.23333333333333334,0.0,0.42857142857142855,0.42857142857142855,0.6036609686609686,0.45122957514469964,0.5001831501831502,0.44959482982918897,NaN,NaN,NaN,NaN,4.533333333333333,5.65517041130967,1.671,0.7611521565127335,3.466666666666667,0.3333333333333333,0.5448141036812403,4.0,5.0,1.4343434343434343,0.6875216681055336,0.0,0.0
86,1,29.0,39.0,1.3448275862068966,0.0480295566502463,0.5,0.25,0.07142857142857142,0.5714285714285714,0.35714285714285715,0.7142857142857143,0.2413793103448276,0.0,0.42857142857142855,0.42857142857142855,0.7010204081632654,0.3964308696384937,0.5496598639455782,0.4167967951093746,NaN,NaN,NaN,NaN,2.7857142857142856,2.1547290184283363,1.6373563218390805,0.7293541279084523,3.083333333333333,0.35714285714285715,0.5182654872839224,3.0,4.0,1.4444444444444444,0.589635693370116,0.0,0.0
860,1,29.0,71.0,2.4482758620689653,0.0874384236453202,0.4642857142857143,0.07142857142857142,0.13333333333333333,0.5333333333333333,0.26666666666666666,0.6,0.2413793103448276,0.0,0.2857142857142857,0.42857142857142855,0.658991340877915,0.4203360802501074,0.46766262060379715,0.43066893302250486,NaN,NaN,NaN,NaN,4.733333333333333,5.762770497731435,1.7697192060469262,0.8812245069908611,3.75,0.4666666666666667,0.6625385517625109,3.0,6.0,1.4919354838709677,0.5912088723650708,0.0,0.0
861,1,25.0,32.0,1.28,0.05333333333333334,0.4166666666666667,0.3333333333333333,0.21428571428571427,0.6428571428571429,0.35714285714285715,0.5,0.28,0.0,0.42857142857142855,0.14285714285714285,0.4857142857142857,0.46716352409168066,0.43571428571428567,0.47653741939947597,NaN,NaN,NaN,NaN,2.2857142857142856,2.55489188175792,1.7415384615384617,0.7670256855978579,3.5,0.21428571428571427,0.33753397600680385,3.0,4.0,1.2439024390243902,0.48890120703870465,0.0,0.0
862,1,27.0,34.0,1.2592592592592593,0.04843304843304843,0.5,0.19230769230769232,0.07692307692307693,0.6153846153846154,0.3076923076923077,0.6923076923076923,0.2222222222222222,0.0,0.3333333333333333,0.3333333333333333,0.6038461538461538,0.3931210494798765,0.5051282051282052,0.4120513618304456,NaN,NaN,NaN,NaN,2.6153846153846154,1.8045526471705549,1.6132716049382714,0.7044207903584373,3.2666666666666666,0.38461538461538464,0.40089583286148545,2.0,5.0,1.3818181818181818,0.4903101471559,0.0,0.0
863,1,32.0,68.0,2.125,0.06854838709677419,0.4838709677419355,0.1935483870967742,0.0625,0.5625,0.25,0.625,0.21875,0.0,0.2857142857142857,0.2857142857142857,0.5596866096866097,0.4094796679062151,0.4725389194139194,0.4168634990745594,NaN,NaN,NaN,NaN,4.25,4.878524367060187,1.649181547619048,0.719082615137779,3.333333333333333,0.4375,0.5490342240361783,3.0,4.0,1.2921348314606742,0.5477691781425664,0.0,0.0
864,1,28.0,47.0,1.6785714285714286,0.062169312169312166,0.48148148148148145,0.25925925925925924,0.07142857142857142,0.6428571428571429,0.35714285714285715,0.6428571428571429,0.25,0.0,0.42857142857142855,0.42857142857142855,0.6805555555555555,0.45431742316100343,0.5555555555555556,0.45343471298123206,NaN,NaN,NaN,NaN,3.357142857142857,2.8177225625601325,1.5981379731379732,0.6488730197711322,3.0,0.2857142857142857,0.3867641220181535,2.0,3.0,1.2459016393442623,0.4341941848573452,0.0,0.0
865,1,30.0,37.0,1.2333333333333334,0.04252873563218391,0.4827586206896552,0.3103448275862069,0.06666666666666667,0.6666666666666666,0.3333333333333333,0.6,0.23333333333333334,0.0,0.42857142857142855,0.14285714285714285,0.5611111111111111,0.4437246154897589,0.47777777777777775,0.4448410928450719,NaN,NaN,NaN,NaN,2.466666666666667,2.1668498091095505,1.6011111111111114,0.6519927210494032,3.0,0.26666666666666666,0.38204182487779526,2.0,4.0,1.1956521739130435,0.4010854836782195,0.0,0.0
866,1,31.0,71.0,2.2903225806451615,0.07634408602150537,0.5333333333333333,0.06666666666666667,0.07142857142857142,0.5714285714285714,0.2857142857142857,0.7142857142857143,0.22580645161290322,0.0,0.2857142857142857,0.42857142857142855,0.6957284810943347,0.38951080752720774,0.5485926354347407,0.3983740767510899,NaN,NaN,NaN,NaN,5.071428571428571,5.483742205048352,1.6386584741423453,0.803905736026145,3.5428571428571427,0.42857142857142855,0.5529220405315257,3.0,6.0,1.5338345864661653,0.6221769233475549,0.06451612903225806,0.0
867,1,29.0,96.0,3.310344827586207,0.11822660098522167,0.4642857142857143,0.03571428571428571,0.06666666666666667,0.5333333333333333,0.26666666666666666,0.6,0.2413793103448276,0.0,0.2857142857142857,0.42857142857142855,0.5542405367549998,0.424730180777542,0.46392344497607657,0.4323766863252189,NaN,NaN,NaN,NaN,6.4,7.490946917065005,1.6782438778481739,0.7306452558187426,3.180327868852459,0.4,0.5902242056749568,3.0,7.0,1.2954545454545454,0.4743599361910222,0.06896551724137931,0.0
868,1,31.0,76.0,2.4516129032258065,0.08172043010752689,0.5333333333333333,0.03333333333333333,0.07142857142857142,0.5714285714285714,0.2857142857142857,0.7142857142857143,0.22580645161290322,0.0,0.2857142857142857,0.42857142857142855,0.6713342945874002,0.3873140099111148,0.5450869821612855,0.4000284665097319,NaN,NaN,NaN,NaN,5.428571428571429,5.680117627632042,1.600095171308355,0.7406528750083596,3.4,0.42857142857142855,0.5550380653829385,3.0,6.0,1.4307692307692308,0.52736674408503,0.06451612903225806,0.0
869,1,31.0,70.0,2.2580645161290325,0.07526881720430108,0.5333333333333333,0.13333333333333333,0.07142857142857142,0.5714285714285714,0.2857142857142857,0.6428571428571429,0.22580645161290322,0.0,0.2857142857142857,0.2857142857142857,0.6277081484767821,0.4264501652252783,0.5014880952380952,0.42320527157534343,NaN,NaN,NaN,NaN,5.0,6.10170215847752,1.6086100814799973,0.7661244396118683,3.7142857142857144,0.42857142857142855,0.5513340636389972,4.0,5.0,1.5,0.7228571937267572,0.06451612903225806,0.0
87,1,28.0,40.0,1.4285714285714286,0.05291005291005291,0.48148148148148145,0.2962962962962963,0.14285714285714285,0.5714285714285714,0.35714285714285715,0.6428571428571429,0.25,0.0,0.42857142857142855,0.42857142857142855,0.7089710884353743,0.3971937406658819,0.5241496598639456,0.44156321383784514,NaN,NaN,NaN,NaN,2.857142857142857,3.59180997563887,1.6731150793650793,0.762390806970677,3.5,0.35714285714285715,0.5143338529421992,3.0,4.0,1.46875,0.641643475152946,0.0,0.0
870,1,31.0,54.0,1.7419354838709677,0.05806451612903226,0.5,0.2,0.13333333333333333,0.5333333333333333,0.26666666666666666,0.6,0.22580645161290322,0.0,0.2857142857142857,0.42857142857142855,0.671058201058201,0.4246723476265747,0.4653968253968255,0.42809673887831295,NaN,NaN,NaN,NaN,3.6,3.924283374069717,1.7341971821680457,0.8921421443712995,3.9047619047619047,0.4,0.6586995746539475,3.0,5.0,1.619047619047619,0.6986381310057719,0.0,0.0
871,1,29.0,48.0,1.6551724137931034,0.059113300492610835,0.4642857142857143,0.2857142857142857,0.06666666666666667,0.6,0.26666666666666666,0.6666666666666666,0.2413793103448276,0.0,0.2857142857142857,0.2857142857142857,0.626118326118326,0.41596368801443345,0.4834776334776335,0.4126713870705899,NaN,NaN,NaN,NaN,3.2,3.2115861679683633,1.6686259143155695,0.7259388560788326,3.1818181818181817,0.26666666666666666,0.4670318857078112,3.0,4.0,1.45,0.5932105310740995,0.0,0.0
872,1,30.0,75.0,2.5,0.08620689655172414,0.4827586206896552,0.06896551724137931,0.06666666666666667,0.6,0.26666666666666666,0.6,0.23333333333333334,0.0,0.2857142857142857,0.42857142857142855,0.5451760883690707,0.4242962950902717,0.4239506172839506,0.41871013702684945,NaN,NaN,NaN,NaN,5.0,6.90755280213519,1.6625347009593796,0.7452810373591313,3.208333333333333,0.4,0.6291733865920578,3.0,7.0,1.4049586776859504,0.5095506582060679,0.06666666666666667,0.0
873,1,24.0,43.0,1.7916666666666667,0.07789855072463768,0.43478260869565216,0.21739130434782608,0.15384615384615385,0.6153846153846154,0.38461538461538464,0.6153846153846154,0.2916666666666667,0.0,0.42857142857142855,0.2857142857142857,0.6115384615384616,0.4486804013594784,0.5173076923076922,0.45841491115498284,NaN,NaN,NaN,NaN,3.3076923076923075,4.150996173302167,1.7086489898989898,0.7359242603294739,3.090909090909091,0.3076923076923077,0.4845671254211477,3.0,5.0,1.4675324675324675,0.5521349850309677,0.0,0.0
874,1,33.0,62.0,1.878787878787879,0.058712121212121215,0.5625,0.125,0.07142857142857142,0.6428571428571429,0.35714285714285715,0.7142857142857143,0.21212121212121213,0.0,0.42857142857142855,0.2857142857142857,0.7153439153439154,0.4011113008942661,0.6023809523809524,0.4235736036958997,NaN,NaN,NaN,NaN,4.428571428571429,4.862957088886519,1.5373105576593946,0.689546671334546,3.2857142857142856,0.35714285714285715,0.4756001223752833,3.0,4.0,1.2891566265060241,0.5067861549769148,0.0,0.0
875,1,29.0,56.0,1.9310344827586208,0.06896551724137931,0.5,0.07142857142857142,0.07142857142857142,0.5714285714285714,0.21428571428571427,0.6428571428571429,0.20689655172413793,0.0,0.16666666666666666,0.5,0.5676739926739927,0.40751617477598123,0.44587912087912096,0.39985336492319995,NaN,NaN,NaN,NaN,4.0,3.616202853397895,1.7183387485588513,0.8905937415334012,3.74468085106383,0.42857142857142855,0.6899344204258311,4.0,6.0,1.6126126126126126,0.7156836676934246,0.06896551724137931,0.0
876,1,31.0,86.0,2.774193548387097,0.09247311827956989,0.5,0.03333333333333333,0.06666666666666667,0.5333333333333333,0.26666666666666666,0.6666666666666666,0.22580645161290322,0.0,0.2857142857142857,0.42857142857142855,0.6651503086419752,0.4246641431847841,0.5120634920634921,0.41157478295594174,NaN,NaN,NaN,NaN,5.733333333333333,6.649024274998837,1.6456529445309247,0.7400103893201063,3.269230769230769,0.4666666666666667,0.5713748579385736,3.0,5.0,1.3412698412698412,0.4925476368872097,0.0,0.0
877,1,32.0,83.0,2.59375,0.08366935483870967,0.5161290322580645,0.03225806451612903,0.06666666666666667,0.6,0.26666666666666666,0.6,0.21875,0.0,0.2857142857142857,0.42857142857142855,0.5735714285714285,0.434481239178318,0.47047619047619044,0.42787244586672407,NaN,NaN,NaN,NaN,5.533333333333333,6.843836295389832,1.6267292012161416,0.7554917614969522,3.6,0.4,0.5375038352889241,3.0,6.0,1.4927536231884058,0.6534174821725193,0.0,0.0
878,1,29.0,64.0,2.206896551724138,0.07881773399014778,0.42857142857142855,0.07142857142857142,0.0625,0.5625,0.25,0.625,0.2413793103448276,0.0,0.2857142857142857,0.2857142857142857,0.4713955026455026,0.3949306986781302,0.3912646198830409,0.4025898777387137,NaN,NaN,NaN,NaN,4.0,4.69041575982343,1.7244290192566054,0.7324700446585098,3.2857142857142856,0.4375,0.5263811563811911,3.0,5.0,1.351063829787234,0.5017699170390649,0.0,0.0
879,1,30.0,54.0,1.8,0.06206896551724138,0.5172413793103449,0.13793103448275862,0.14285714285714285,0.5714285714285714,0.2857142857142857,0.5714285714285714,0.23333333333333334,0.0,0.2857142857142857,0.2857142857142857,0.5710600907029478,0.45413388246170644,0.470578231292517,0.45389721520026916,NaN,NaN,NaN,NaN,3.857142857142857,3.6131627495789687,1.6306885456885456,0.761343139646681,3.5135135135135136,0.35714285714285715,0.42053367290504934,3.0,5.0,1.446808510638298,0.5411461606983997,0.0,0.0
88,1,24.0,37.0,1.5416666666666667,0.06702898550724638,0.43478260869565216,0.21739130434782608,0.23076923076923078,0.5384615384615384,0.3076923076923077,0.6153846153846154,0.2916666666666667,0.0,0.2857142857142857,0.42857142857142855,0.7065527065527065,0.3554555667217419,0.4807692307692308,0.43588172420150567,NaN,NaN,NaN,NaN,2.8461538461538463,3.158220855855235,1.7931209415584413,0.8531291344156245,3.4545454545454546,0.38461538461538464,0.6227905085665569,3.0,7.0,1.6626506024096386,0.6676699278312005,0.0,0.0
880,1,30.0,49.0,1.6333333333333333,0.05632183908045977,0.5172413793103449,0.2413793103448276,0.07142857142857142,0.6428571428571429,0.42857142857142855,0.7142857142857143,0.23333333333333334,0.0,0.5714285714285714,0.14285714285714285,0.7387301587301588,0.40611818066335076,0.6309523809523808,0.4345081285744995,NaN,NaN,NaN,NaN,3.5,3.7774635364528364,1.5784992784992786,0.6897384086921251,3.428571428571429,0.35714285714285715,0.4380281635335434,3.0,4.0,1.3714285714285714,0.5939655133557004,0.0,0.0
881,1,28.0,61.0,2.1785714285714284,0.08068783068783068,0.4444444444444444,0.037037037037037035,0.06666666666666667,0.6,0.26666666666666666,0.6,0.25,0.0,0.2857142857142857,0.42857142857142855,0.5655102040816327,0.4356050433896865,0.4572619047619047,0.42450476348056104,NaN,NaN,NaN,NaN,4.066666666666666,4.41534122070289,1.723299963924964,0.7746644479135731,3.4444444444444446,0.4,0.5176403650230698,3.0,6.0,1.5357142857142858,0.6427498838019444,0.0,0.0
882,1,31.0,82.0,2.6451612903225805,0.08817204301075268,0.5,0.03333333333333333,0.06666666666666667,0.5333333333333333,0.26666666666666666,0.6666666666666666,0.22580645161290322,0.0,0.2857142857142857,0.2857142857142857,0.6335129704055534,0.4111904813617199,0.5018115942028986,0.41462446238073414,NaN,NaN,NaN,NaN,5.466666666666667,6.791451208969223,1.6899102595197675,0.8044092645781088,3.3157894736842106,0.4666666666666667,0.6436603498258973,3.0,6.0,1.542857142857143,0.6929389871241697,0.0,0.0
883,1,28.0,66.0,2.357142857142857,0.0873015873015873,0.48148148148148145,0.14814814814814814,0.14285714285714285,0.5,0.2857142857142857,0.6428571428571429,0.25,0.0,0.2857142857142857,0.42857142857142855,0.7178368506493508,0.4003207491417391,0.5192640692640693,0.42902788367892347,NaN,NaN,NaN,NaN,4.714285714285714,5.756983337031395,1.6952484023912597,0.778380694432298,3.428571428571429,0.42857142857142855,0.5259684387126748,3.0,4.0,1.303370786516854,0.5309616999974172,0.0,0.0
884,1,27.0,41.0,1.5185185185185186,0.0584045584045584,0.5,0.23076923076923078,0.07692307692307693,0.6923076923076923,0.46153846153846156,0.6923076923076923,0.0,0.0,NaN,NaN,0.7188811188811189,0.42001757044550087,0.5888111888111888,0.4490294683488437,NaN,NaN,NaN,NaN,3.1538461538461537,2.8532482613725785,1.5816993464052287,0.6584928334010123,3.0,0.23076923076923078,0.4067575763081012,2.0,3.0,1.2307692307692308,0.4254356298115171,0.0,0.0
885,1,28.0,39.0,1.3928571428571428,0.051587301587301584,0.4444444444444444,0.14814814814814814,0.13333333333333333,0.6,0.26666666666666666,0.5333333333333333,0.25,0.0,0.2857142857142857,0.2857142857142857,0.47619047619047616,0.44860580193849453,0.4111111111111111,0.44927925820346065,NaN,NaN,NaN,NaN,2.6,2.2614786566062732,1.7125626566416041,0.756577164863903,3.3684210526315788,0.26666666666666666,0.4089974544575403,3.0,4.0,1.4098360655737705,0.5590780857902847,0.0,0.0
886,1,28.0,66.0,2.357142857142857,0.0873015873015873,0.48148148148148145,0.14814814814814814,0.07142857142857142,0.5714285714285714,0.2857142857142857,0.6428571428571429,0.25,0.0,0.2857142857142857,0.42857142857142855,0.6426445578231293,0.43447630819781463,0.5054421768707483,0.4238603794768677,NaN,NaN,NaN,NaN,4.714285714285714,5.55294199818122,1.6575549450549452,0.7397917372535968,3.4615384615384617,0.42857142857142855,0.4987256526933637,3.0,6.0,1.4150943396226414,0.5497692074784332,0.0,0.0
887,1,28.0,42.0,1.5,0.05555555555555555,0.5185185185185185,0.18518518518518517,0.15384615384615385,0.6153846153846154,0.38461538461538464,0.6923076923076923,0.25,0.0,0.42857142857142855,0.42857142857142855,0.7704081632653061,0.35810767697100143,0.5544871794871795,0.43944166206559704,NaN,NaN,NaN,NaN,3.230769230769231,2.24179415327122,1.6434135292047853,0.7902498844991148,3.413793103448276,0.3076923076923077,0.44583336742264085,2.0,5.0,1.4057971014492754,0.4946430852202229,0.0,0.0
888,1,32.0,100.0,3.125,0.10080645161290322,0.5483870967741935,0.03225806451612903,0.07142857142857142,0.5,0.2857142857142857,0.7142857142857143,0.21875,0.0,0.2857142857142857,0.42857142857142855,0.7213416442643847,0.39757531412919045,0.5725721323011964,0.4052142808820155,NaN,NaN,NaN,NaN,7.142857142857143,8.017837257372731,1.6200904981417952,0.7790788205115458,3.1333333333333333,0.5,0.6325680493784627,3.0,5.0,1.3513513513513513,0.4930105332713783,0.0,0.0
889,1,29.0,65.0,2.2413793103448274,0.08004926108374384,0.4642857142857143,0.03571428571428571,0.13333333333333333,0.6,0.26666666666666666,0.6,0.2413793103448276,0.0,0.2857142857142857,0.2857142857142857,0.6165333333333333,0.4265981492603794,0.472991452991453,0.43392666606596186,NaN,NaN,NaN,NaN,4.333333333333333,6.521028256633269,1.6994929006085193,0.7617452663581372,3.0441176470588234,0.26666666666666666,0.5881731867665242,2.0,5.0,1.2380952380952381,0.4284757973243223,0.0,0.0
89,1,33.0,51.0,1.5454545454545454,0.048295454545454544,0.5,0.25,0.0625,0.6875,0.3125,0.5625,0.21212121212121213,0.0,0.42857142857142855,0.14285714285714285,0.5536075036075037,0.4542010193210112,0.4773448773448773,0.4565766020838329,NaN,NaN,NaN,NaN,3.1875,3.310966626228661,1.5818726727817636,0.6652289935987122,3.4545454545454546,0.3125,0.3853681524216544,3.0,4.0,1.425,0.6115967894874795,0.0,0.0
890,1,28.0,51.0,1.8214285714285714,0.06746031746031746,0.5185185185185185,0.14814814814814814,0.15384615384615385,0.5384615384615384,0.38461538461538464,0.6923076923076923,0.25,0.0,0.42857142857142855,0.2857142857142857,0.790511076225362,0.3588592554062386,0.579059829059829,0.4385966786624281,NaN,NaN,NaN,NaN,3.923076923076923,3.1480559731771622,1.629673141186299,0.7669875181680567,3.394736842105263,0.38461538461538464,0.4748440670138656,3.0,4.0,1.4074074074074074,0.519080383413248,0.0,0.0
891,1,27.0,51.0,1.8888888888888888,0.07264957264957266,0.4230769230769231,0.07692307692307693,0.13333333333333333,0.6666666666666666,0.3333333333333333,0.5333333333333333,0.25925925925925924,0.0,0.42857142857142855,0.14285714285714285,0.4685714285714286,0.4485906375424068,0.41751633986928105,0.4579916964977557,NaN,NaN,NaN,NaN,3.4,4.239272174728649,1.706553457278095,0.714209659290548,3.1739130434782608,0.26666666666666666,0.4220321531665103,3.0,5.0,1.3150684931506849,0.4965635331614208,0.0,0.0
892,1,29.0,33.0,1.1379310344827587,0.04064039408866995,0.5,0.35714285714285715,0.07142857142857142,0.7142857142857143,0.42857142857142855,0.6428571428571429,0.2413793103448276,0.0,0.5714285714285714,0.14285714285714285,0.6404761904761905,0.44648265850620034,0.5547619047619048,0.4595812183008529,NaN,NaN,NaN,NaN,2.357142857142857,1.7368026705655182,1.5632183908045978,0.6290169217943721,3.0,0.21428571428571427,0.30151134457776363,2.0,3.0,1.175,0.38480764425479264,0.0,0.0
893,1,26.0,45.0,1.7307692307692308,0.06923076923076923,0.44,0.12,0.14285714285714285,0.7142857142857143,0.42857142857142855,0.5714285714285714,0.2692307692307692,0.0,0.5714285714285714,0.2857142857142857,0.5849456665783197,0.464948782955765,0.5185528756957328,0.4838281285982323,NaN,NaN,NaN,NaN,3.2142857142857144,3.2148351178816053,1.6644505494505495,0.7001229427806586,3.24,0.21428571428571427,0.42247245674225176,3.0,5.0,1.3623188405797102,0.5136665917050962,0.0,0.0
894,1,31.0,62.0,2.0,0.06666666666666667,0.4666666666666667,0.23333333333333334,0.125,0.5625,0.25,0.5625,0.22580645161290322,0.0,0.2857142857142857,0.2857142857142857,0.5308892496392497,0.4503085723290014,0.43431412337662334,0.4320874680117328,NaN,NaN,NaN,NaN,3.875,4.39507299901454,1.698435972629521,0.752224584081162,3.0,0.3125,0.5654988763581468,2.0,5.0,1.2207792207792207,0.41749177815341537,0.0,0.0
895,1,28.0,49.0,1.75,0.06481481481481481,0.48148148148148145,0.07407407407407407,0.07142857142857142,0.5,0.21428571428571427,0.6428571428571429,0.21428571428571427,0.0,0.16666666666666666,0.3333333333333333,0.5920552248677248,0.4195037247282617,0.4416666666666667,0.39736041466821925,NaN,NaN,NaN,NaN,3.5,2.7103789119150568,1.7111390010549674,0.8071087178721135,3.5897435897435894,0.5,0.5698514381737563,3.0,6.0,1.5816326530612246,0.6246395973292533,0.0,0.0
896,1,31.0,80.0,2.5806451612903225,0.08602150537634409,0.4666666666666667,0.06666666666666667,0.125,0.625,0.25,0.5625,0.22580645161290322,0.0,0.2857142857142857,0.2857142857142857,0.5081983024691359,0.4087598055550602,0.41651785714285716,0.4217942712015455,NaN,NaN,NaN,NaN,5.0,7.164728420068226,1.716263440860215,0.8237472076379307,4.0,0.25,0.6006740686366038,3.0,5.0,1.3783783783783783,0.6332320277613894,0.0,0.0
897,1,28.0,39.0,1.3928571428571428,0.051587301587301584,0.48148148148148145,0.2222222222222222,0.21428571428571427,0.6428571428571429,0.35714285714285715,0.5714285714285714,0.25,0.0,0.42857142857142855,0.42857142857142855,0.6683673469387755,0.40869819298913024,0.4741496598639455,0.46272806912267667,NaN,NaN,NaN,NaN,2.7857142857142856,1.847183778644646,1.685064935064935,0.7857321739582966,3.2727272727272725,0.14285714285714285,0.494592162595439,3.0,5.0,1.462686567164179,0.5594466478463536,0.0,0.0
898,1,27.0,45.0,1.6666666666666667,0.0641025641025641,0.46153846153846156,0.19230769230769232,0.14285714285714285,0.5,0.2857142857142857,0.6428571428571429,0.25925925925925924,0.0,0.2857142857142857,0.2857142857142857,0.6441592261904762,0.37975199709901536,0.49744897959183676,0.42592228069261817,NaN,NaN,NaN,NaN,3.2142857142857144,4.060666323278851,1.7217078189300412,0.787395524746873,3.333333333333333,0.42857142857142855,0.5989990013276068,3.0,4.0,1.4142857142857144,0.5771709400133197,0.0,0.0
899,1,33.0,99.0,3.0,0.09375,0.5,0.03125,0.0625,0.5625,0.25,0.625,0.21212121212121213,0.0,0.2857142857142857,0.2857142857142857,0.5891013406407495,0.42411113844611487,0.4970834924879043,0.42568452241351673,NaN,NaN,NaN,NaN,6.1875,7.867390503421915,1.6235180969785075,0.7073262881530696,3.15,0.4375,0.544266813223329,3.0,5.0,1.2615384615384615,0.4584071876312951,0.0,0.0
9,1,23.0,37.0,1.608695652173913,0.07312252964426877,0.45454545454545453,0.13636363636363635,0.08333333333333333,0.6666666666666666,0.5,0.75,0.30434782608695654,0.0,0.5714285714285714,0.2857142857142857,0.7790123456790123,0.378494511660157,0.625,0.43880577144165395,NaN,NaN,NaN,NaN,3.0833333333333335,4.010403138505321,1.6510372264847968,0.7008634905519122,3.2777777777777777,0.3333333333333333,0.43648426932016854,3.0,5.0,1.3898305084745763,0.5257818202462511,0.0,0.0
90,1,31.0,60.0,1.935483870967742,0.06451612903225806,0.4666666666666667,0.1,0.0625,0.6875,0.3125,0.625,0.22580645161290322,0.0,0.42857142857142855,0.2857142857142857,0.5643173758865249,0.4210713192153253,0.47108918128654975,0.43036289735428135,NaN,NaN,NaN,NaN,3.75,4.711687595755898,1.7045237854470334,0.8067454155019292,3.655172413793103,0.1875,0.6093634547727421,3.0,6.0,1.6030534351145038,0.6035712858666527,0.06451612903225806,0.0
900,1,27.0,44.0,1.6296296296296295,0.06267806267806268,0.4230769230769231,0.23076923076923078,0.06666666666666667,0.6666666666666666,0.3333333333333333,0.6666666666666666,0.25925925925925924,0.0,0.42857142857142855,0.2857142857142857,0.6223314606741572,0.42574768214885556,0.4866666666666667,0.4351700999299192,NaN,NaN,NaN,NaN,2.933333333333333,3.6735865438612025,1.7608582837791762,0.8078738826581094,3.6153846153846154,0.26666666666666666,0.5633303859102596,4.0,5.0,1.6,0.756407230752177,0.07407407407407407,0.0
901,1,27.0,39.0,1.4444444444444444,0.05555555555555555,0.4230769230769231,0.23076923076923078,0.2,0.6666666666666666,0.3333333333333333,0.5333333333333333,0.25925925925925924,0.0,0.42857142857142855,0.42857142857142855,0.6307692307692307,0.42528581707431146,0.44191919191919193,0.466119481116657,NaN,NaN,NaN,NaN,2.6,2.84855853271189,1.7912326645270114,0.8657804349220337,3.909090909090909,0.2,0.6124152260249658,5.0,6.0,1.7349397590361446,0.8566004468800278,0.07407407407407407,0.0
902,1,33.0,59.0,1.7878787878787878,0.05587121212121212,0.53125,0.21875,0.06666666666666667,0.6666666666666666,0.3333333333333333,0.6666666666666666,0.21212121212121213,0.0,0.42857142857142855,0.2857142857142857,0.6263202075702076,0.42839746869883655,0.5453907203907205,0.4471493820799633,NaN,NaN,NaN,NaN,3.933333333333333,3.8072612328599273,1.6234584442871427,0.8014477504997852,3.875,0.3333333333333333,0.5151434655448176,3.0,5.0,1.5566037735849056,0.6911713822234483,0.0,0.0
903,1,26.0,34.0,1.3076923076923077,0.052307692307692305,0.44,0.24,0.14285714285714285,0.5714285714285714,0.2857142857142857,0.5714285714285714,0.2692307692307692,0.0,0.2857142857142857,0.2857142857142857,0.6053571428571429,0.4207706495948115,0.43928571428571433,0.44900684054604656,NaN,NaN,NaN,NaN,2.4285714285714284,1.869359648250035,1.7613782051282052,0.8468762516942844,3.8125,0.42857142857142855,0.483541250585742,4.0,6.0,1.7792207792207793,0.8526024652633072,0.0,0.0
904,1,27.0,50.0,1.8518518518518519,0.07122507122507123,0.4230769230769231,0.34615384615384615,0.13333333333333333,0.6666666666666666,0.3333333333333333,0.6,0.25925925925925924,0.0,0.42857142857142855,0.0,0.5658333333333334,0.41199825184557465,0.5075,0.45556577853415264,NaN,NaN,NaN,NaN,3.3333333333333335,3.9940431835899015,1.7145061728395061,0.7733805543185304,4.0,0.2,0.4238362752391739,3.0,4.0,1.296875,0.6089201344665244,0.0,0.0
905,1,28.0,70.0,2.5,0.09259259259259259,0.48148148148148145,0.07407407407407407,0.07142857142857142,0.5,0.2857142857142857,0.7142857142857143,0.25,0.0,0.2857142857142857,0.42857142857142855,0.672905643738977,0.3815505331742201,0.5022108843537415,0.41463761767437424,NaN,NaN,NaN,NaN,5.0,5.948496901286525,1.7405933330006906,0.8467723895631223,3.4615384615384617,0.5,0.6522209110649166,4.0,6.0,1.537190082644628,0.6957169241634799,0.0,0.0
906,1,31.0,53.0,1.7096774193548387,0.05698924731182796,0.5,0.13333333333333333,0.06666666666666667,0.6,0.3333333333333333,0.6666666666666666,0.22580645161290322,0.0,0.42857142857142855,0.2857142857142857,0.6328125,0.4129308434961194,0.5319444444444444,0.4291917083154945,NaN,NaN,NaN,NaN,3.533333333333333,4.1895561760622035,1.6136426701983415,0.6994510960079514,3.25,0.4,0.538888969499364,3.0,4.0,1.3243243243243243,0.5262456353408459,0.0,0.0
907,1,32.0,65.0,2.03125,0.0655241935483871,0.5161290322580645,0.0967741935483871,0.06666666666666667,0.6,0.3333333333333333,0.6666666666666666,0.21875,0.0,0.42857142857142855,0.42857142857142855,0.6574132863021751,0.4244055661855516,0.5189417989417989,0.4324704917372629,NaN,NaN,NaN,NaN,4.333333333333333,4.8057505236162745,1.6334178841991343,0.7574543794950309,3.333333333333333,0.4,0.5634099836591432,3.0,5.0,1.4955752212389382,0.6141761875720444,0.0,0.0
908,1,33.0,60.0,1.8181818181818181,0.056818181818181816,0.5,0.125,0.0625,0.625,0.25,0.625,0.21212121212121213,0.0,0.2857142857142857,0.2857142857142857,0.5648082386363636,0.424272540015758,0.46875,0.4170831252080733,NaN,NaN,NaN,NaN,3.75,3.750555514409388,1.6082771773680866,0.6897656262940083,3.2,0.375,0.46406392449283695,3.0,5.0,1.348314606741573,0.5022930056592652,0.0,0.0
909,1,30.0,73.0,2.433333333333333,0.0839080459770115,0.5172413793103449,0.06896551724137931,0.14285714285714285,0.5,0.2857142857142857,0.6428571428571429,0.23333333333333334,0.0,0.2857142857142857,0.42857142857142855,0.6792374904507258,0.39664188853646803,0.4997217068645639,0.42417114963072294,NaN,NaN,NaN,NaN,5.214285714285714,6.62371696056122,1.7182730647313982,0.8826274801527749,3.65625,0.42857142857142855,0.706225894341721,3.0,7.0,1.5774647887323943,0.6338438815096821,0.0,0.0
91,1,31.0,68.0,2.193548387096774,0.07311827956989247,0.5333333333333333,0.06666666666666667,0.07142857142857142,0.5714285714285714,0.35714285714285715,0.7142857142857143,0.22580645161290322,0.0,0.42857142857142855,0.42857142857142855,0.7385350481656076,0.40722208277724126,0.5638321995464853,0.4168868787561243,NaN,NaN,NaN,NaN,4.857142857142857,5.3472802987506265,1.6456498549240484,0.8063817796920353,3.3125,0.42857142857142855,0.6395137340148168,3.0,5.0,1.5333333333333334,0.6342246418726912,0.06451612903225806,0.0
910,1,32.0,50.0,1.5625,0.05040322580645161,0.5161290322580645,0.2903225806451613,0.06666666666666667,0.6,0.3333333333333333,0.6666666666666666,0.21875,0.0,0.42857142857142855,0.2857142857142857,0.6637566137566139,0.427426840036662,0.5704761904761905,0.44062031104274046,NaN,NaN,NaN,NaN,3.3333333333333335,2.9680841985233184,1.572256573083779,0.6609896878423895,3.1818181818181817,0.4,0.4698248800911134,3.0,4.0,1.265625,0.479490056503484,0.0,0.0
911,1,30.0,65.0,2.1666666666666665,0.07471264367816093,0.5172413793103449,0.06896551724137931,0.14285714285714285,0.5714285714285714,0.2857142857142857,0.6428571428571429,0.23333333333333334,0.0,0.2857142857142857,0.2857142857142857,0.6059521847954868,0.41553919980385695,0.5063025210084034,0.4243150766612454,NaN,NaN,NaN,NaN,4.642857142857143,5.83895595063078,1.6428290598290596,0.7717547113148456,3.358974358974359,0.35714285714285715,0.6051274034538617,3.0,6.0,1.3823529411764706,0.5082316001073719,0.0,0.0
912,1,24.0,44.0,1.8333333333333333,0.07971014492753623,0.4782608695652174,0.30434782608695654,0.08333333333333333,0.5833333333333334,0.4166666666666667,0.75,0.0,0.0,NaN,NaN,0.7592592592592592,0.37056833934707606,0.6234126984126984,0.41570616978502245,NaN,NaN,NaN,NaN,3.6666666666666665,4.0750534482458765,1.6477920227920226,0.713821413146291,3.0,0.3333333333333333,0.5216541430573524,2.0,4.0,1.1730769230769231,0.3820047143818447,0.0,0.0
913,1,33.0,89.0,2.696969696969697,0.08428030303030302,0.5,0.03125,0.0625,0.625,0.25,0.625,0.21212121212121213,0.0,0.2857142857142857,0.42857142857142855,0.5872574626865672,0.43049786359416997,0.473227969348659,0.41644209388220377,NaN,NaN,NaN,NaN,5.5625,7.275243409444571,1.6240757450434873,0.7125075760362737,3.075268817204301,0.3125,0.564978200776305,3.0,5.0,1.2926829268292683,0.4744575386877028,0.06060606060606061,0.0
914,1,25.0,50.0,2.0,0.08333333333333333,0.4166666666666667,0.125,0.14285714285714285,0.7142857142857143,0.42857142857142855,0.6428571428571429,0.28,0.0,0.5714285714285714,0.2857142857142857,0.6488922841864018,0.44124104655776875,0.5537051184110008,0.4662453259852987,NaN,NaN,NaN,NaN,3.5714285714285716,4.750939756661683,1.6999999999999997,0.7059031943035043,3.071428571428571,0.21428571428571427,0.49555500251379914,3.0,5.0,1.379746835443038,0.5140038278904262,0.0,0.0
915,1,26.0,57.0,2.1923076923076925,0.0876923076923077,0.48,0.04,0.15384615384615385,0.5384615384615384,0.3076923076923077,0.6923076923076923,0.2692307692307692,0.0,0.2857142857142857,0.2857142857142857,0.731555944055944,0.35389538118535424,0.559866220735786,0.4251353757711227,NaN,NaN,NaN,NaN,4.384615384615385,5.838642272801408,1.6717657342657344,0.7507869626298308,3.090909090909091,0.3076923076923077,0.5450507768781775,3.0,5.0,1.4,0.5363212185231928,0.0,0.0
916,1,31.0,62.0,2.0,0.06666666666666667,0.4666666666666667,0.13333333333333333,0.0625,0.625,0.25,0.625,0.22580645161290322,0.0,0.2857142857142857,0.2857142857142857,0.5462342923280423,0.4118204887494382,0.4403195488721805,0.40860429245570296,NaN,NaN,NaN,NaN,3.875,4.5147905082443565,1.6844711002680641,0.7538393318072816,3.4705882352941178,0.375,0.5418060528709837,3.0,5.0,1.3789473684210527,0.5295310524401002,0.0,0.0
917,1,29.0,63.0,2.1724137931034484,0.07758620689655173,0.5,0.21428571428571427,0.07142857142857142,0.5,0.2857142857142857,0.7142857142857143,0.2413793103448276,0.0,0.2857142857142857,0.2857142857142857,0.7058730158730159,0.40565762175933456,0.5650793650793651,0.40968468506263994,NaN,NaN,NaN,NaN,4.5,4.926381102719396,1.6207282913165266,0.7002080635205241,3.2,0.5,0.4542878724565659,3.0,4.0,1.2682926829268293,0.49811448155612076,0.0,0.0
918,1,33.0,66.0,2.0,0.0625,0.53125,0.0625,0.06666666666666667,0.6666666666666666,0.3333333333333333,0.6,0.21212121212121213,0.0,0.42857142857142855,0.14285714285714285,0.5741496598639455,0.4382689688062166,0.5021164021164021,0.4495222027891053,NaN,NaN,NaN,NaN,4.4,4.38829612231705,1.544539598887425,0.6496899655557224,3.25,0.3333333333333333,0.375515709482408,3.0,4.0,1.36,0.5226196639347903,0.0,0.0
919,1,30.0,58.0,1.9333333333333333,0.06666666666666667,0.4827586206896552,0.10344827586206896,0.13333333333333333,0.6666666666666666,0.3333333333333333,0.6,0.23333333333333334,0.0,0.42857142857142855,0.2857142857142857,0.6441025641025641,0.4173091130555424,0.497948717948718,0.4512926655428407,NaN,NaN,NaN,NaN,3.8666666666666667,4.596064569151474,1.667104377104377,0.7765539586809931,3.5,0.26666666666666666,0.48850047574128724,3.0,5.0,1.4065934065934067,0.5769271469127908,0.0,0.0
92,1,27.0,35.0,1.2962962962962963,0.04985754985754986,0.5,0.23076923076923078,0.15384615384615385,0.5384615384615384,0.3076923076923077,0.6153846153846154,0.25925925925925924,0.0,0.2857142857142857,0.42857142857142855,0.6987179487179487,0.42120921268972844,0.507051282051282,0.46280453129591786,NaN,NaN,NaN,NaN,2.6923076923076925,2.42846369077981,1.6123456790123456,0.7054025733154172,3.125,0.38461538461538464,0.3324743835038641,3.0,4.0,1.3703703703703705,0.5247208169200972,0.0,0.0
920,1,28.0,47.0,1.6785714285714286,0.062169312169312166,0.4444444444444444,0.18518518518518517,0.06666666666666667,0.6666666666666666,0.4,0.6666666666666666,0.25,0.0,0.5714285714285714,0.2857142857142857,0.6416790123456789,0.42441419937732006,0.52,0.45071371971891105,NaN,NaN,NaN,NaN,3.1333333333333333,3.888934240098375,1.6842204623785,0.7218552996584108,3.2941176470588234,0.3333333333333333,0.5612438296303508,3.0,5.0,1.4533333333333334,0.5993990984972193,0.0,0.0
921,1,27.0,36.0,1.3333333333333333,0.05128205128205128,0.46153846153846156,0.34615384615384615,0.14285714285714285,0.6428571428571429,0.42857142857142855,0.6428571428571429,0.25925925925925924,0.0,0.5714285714285714,0.14285714285714285,0.6938775510204082,0.416690961390845,0.5416666666666666,0.46541728358887563,NaN,NaN,NaN,NaN,2.5714285714285716,2.1737697038266783,1.6913580246913582,0.7758971973820693,3.7,0.2857142857142857,0.41903138496692777,3.0,4.0,1.4736842105263157,0.6575186895196736,0.0,0.0
922,1,27.0,43.0,1.5925925925925926,0.06125356125356125,0.5,0.23076923076923078,0.07692307692307693,0.5384615384615384,0.38461538461538464,0.7692307692307693,0.25925925925925924,0.0,0.42857142857142855,0.42857142857142855,0.7820512820512822,0.35970097782365484,0.5982905982905983,0.4013569102690307,NaN,NaN,NaN,NaN,3.3076923076923075,2.626296993379823,1.6662211083263716,0.7805058474072977,3.473684210526316,0.46153846153846156,0.5220057142137473,3.0,4.0,1.457142857142857,0.5819934330451335,0.0,0.0
923,1,25.0,62.0,2.48,0.10333333333333333,0.4583333333333333,0.041666666666666664,0.07692307692307693,0.5384615384615384,0.3076923076923077,0.6923076923076923,0.28,0.0,0.2857142857142857,0.42857142857142855,0.6897725929983995,0.41102784822168215,0.5125891652207442,0.42309696543584707,NaN,NaN,NaN,NaN,4.769230769230769,6.808742494688308,1.6895315502107955,0.7456554754447186,3.0769230769230766,0.38461538461538464,0.6334245240977096,2.0,5.0,1.2,0.4026936331284146,0.08,0.0
924,1,31.0,51.0,1.6451612903225807,0.054838709677419356,0.4666666666666667,0.26666666666666666,0.125,0.5625,0.25,0.5625,0.22580645161290322,0.0,0.2857142857142857,0.2857142857142857,0.5795717592592593,0.42812842621259767,0.4467261904761905,0.43328699822047345,NaN,NaN,NaN,NaN,3.1875,3.370830758136635,1.7035065724082503,0.7769484970856514,3.526315789473684,0.375,0.5109501253904581,3.0,4.0,1.5612244897959184,0.6269929303044802,0.0,0.0
925,1,28.0,42.0,1.5,0.05555555555555555,0.4444444444444444,0.1111111111111111,0.06666666666666667,0.6666666666666666,0.3333333333333333,0.6,0.25,0.0,0.42857142857142855,0.2857142857142857,0.5693121693121693,0.4509212502919934,0.47301587301587306,0.4494054188999717,NaN,NaN,NaN,NaN,2.8,2.6779523094014523,1.672056514913658,0.7113974482520612,3.3461538461538463,0.3333333333333333,0.45831959366013664,3.0,4.0,1.411764705882353,0.5250527796539128,0.0,0.0
926,1,28.0,44.0,1.5714285714285714,0.0582010582010582,0.48148148148148145,0.2962962962962963,0.14285714285714285,0.5714285714285714,0.35714285714285715,0.6428571428571429,0.25,0.0,0.42857142857142855,0.2857142857142857,0.6485260770975055,0.41619897667771194,0.5178571428571429,0.4483809566601622,NaN,NaN,NaN,NaN,3.142857142857143,2.7695360027141134,1.7556689342403629,0.936483915292069,4.444444444444445,0.35714285714285715,0.5772091790400693,4.0,5.0,1.6883116883116882,0.9213796900035618,0.0,0.0
927,1,30.0,82.0,2.7333333333333334,0.09425287356321839,0.5172413793103449,0.06896551724137931,0.07142857142857142,0.5714285714285714,0.2857142857142857,0.6428571428571429,0.23333333333333334,0.0,0.2857142857142857,0.2857142857142857,0.603936672708299,0.41814063895844894,0.48955476927613145,0.42671516973862045,NaN,NaN,NaN,NaN,5.857142857142857,6.948792289723033,1.6186200716845878,0.7356417141192098,3.2666666666666666,0.35714285714285715,0.5763030491308199,4.0,6.0,1.4146341463414633,0.6262931444291056,0.0,0.0
928,1,27.0,35.0,1.2962962962962963,0.04985754985754986,0.46153846153846156,0.2692307692307692,0.07142857142857142,0.6428571428571429,0.35714285714285715,0.7142857142857143,0.25925925925925924,0.0,0.42857142857142855,0.42857142857142855,0.6779761904761905,0.40390200352230055,0.5238095238095237,0.42293815017881614,NaN,NaN,NaN,NaN,2.5,1.9903613896824017,1.6801747635080968,0.7530213324974598,3.428571428571429,0.35714285714285715,0.4936461528225004,3.0,4.0,1.3653846153846154,0.5250152622934171,0.0,0.0
929,1,28.0,54.0,1.9285714285714286,0.07142857142857142,0.48148148148148145,0.07407407407407407,0.14285714285714285,0.6428571428571429,0.35714285714285715,0.6428571428571429,0.25,0.0,0.42857142857142855,0.42857142857142855,0.6345804988662131,0.42963382731547806,0.5330532212885154,0.4429903099593978,NaN,NaN,NaN,NaN,3.857142857142857,4.469678062010951,1.6485119047619048,0.7349521049434762,3.333333333333333,0.2857142857142857,0.4745657769415631,3.0,5.0,1.3855421686746987,0.5371861034925265,0.0,0.0
93,1,30.0,39.0,1.3,0.04482758620689655,0.4827586206896552,0.27586206896551724,0.13333333333333333,0.6666666666666666,0.3333333333333333,0.5333333333333333,0.23333333333333334,0.0,0.42857142857142855,0.2857142857142857,0.5194444444444445,0.4658120008177335,0.4305555555555555,0.46067224286244485,NaN,NaN,NaN,NaN,2.6,2.5856748221140045,1.6217592592592593,0.6889792933408639,3.0,0.2,0.42211907137838794,2.0,4.0,1.1875,0.39444277960558327,0.0,0.0
930,1,28.0,39.0,1.3928571428571428,0.051587301587301584,0.5185185185185185,0.3333333333333333,0.07692307692307693,0.6923076923076923,0.46153846153846156,0.6923076923076923,0.25,0.0,0.5714285714285714,0.2857142857142857,0.7,0.4118049700201946,0.6019230769230769,0.4472673439041542,NaN,NaN,NaN,NaN,3.0,2.70801280154532,1.5559523809523808,0.6535195043029773,3.166666666666667,0.3076923076923077,0.34602944024933524,3.0,4.0,1.3214285714285714,0.5083714768174532,0.0,0.0
931,1,31.0,73.0,2.3548387096774195,0.07849462365591398,0.5,0.23333333333333334,0.13333333333333333,0.6,0.3333333333333333,0.6,0.22580645161290322,0.0,0.42857142857142855,0.2857142857142857,0.6043333333333333,0.4129596044659028,0.5002777777777777,0.4518822700425808,NaN,NaN,NaN,NaN,4.866666666666666,4.867775477077603,1.6545314900153607,0.770194818547899,3.533333333333333,0.26666666666666666,0.5300567390532112,3.0,4.0,1.3431372549019607,0.5715204324754666,0.0,0.0
932,1,33.0,53.0,1.606060606060606,0.050189393939393936,0.53125,0.28125,0.06666666666666667,0.6,0.3333333333333333,0.6666666666666666,0.21212121212121213,0.0,0.42857142857142855,0.14285714285714285,0.6275396825396825,0.4116945480919384,0.531904761904762,0.43113913343716825,NaN,NaN,NaN,NaN,3.533333333333333,3.2484428504101706,1.6358977475287635,0.803036667792845,3.625,0.4,0.5992377172314918,3.0,5.0,1.5268817204301075,0.6357364413138507,0.0,0.0
933,1,31.0,50.0,1.6129032258064515,0.053763440860215055,0.5333333333333333,0.23333333333333334,0.14285714285714285,0.5714285714285714,0.2857142857142857,0.6428571428571429,0.22580645161290322,0.0,0.2857142857142857,0.2857142857142857,0.685204081632653,0.3864757312142283,0.5197278911564626,0.42969676083484654,NaN,NaN,NaN,NaN,3.5714285714285716,3.6313651960128146,1.622255353754405,0.7792600283287981,3.6470588235294117,0.35714285714285715,0.4627959146082138,3.0,4.0,1.471264367816092,0.587447780158593,0.0,0.0
934,1,33.0,53.0,1.606060606060606,0.050189393939393936,0.53125,0.1875,0.06666666666666667,0.6,0.3333333333333333,0.6666666666666666,0.21212121212121213,0.0,0.42857142857142855,0.2857142857142857,0.6773526077097505,0.4313520703153335,0.5361111111111112,0.43737686653229046,NaN,NaN,NaN,NaN,3.533333333333333,3.2041639575194445,1.612359570254307,0.7546909762299108,3.4210526315789473,0.3333333333333333,0.5292807523167817,3.0,4.0,1.4470588235294117,0.5876888217930508,0.0,0.0
935,1,30.0,44.0,1.4666666666666666,0.05057471264367816,0.4482758620689655,0.3103448275862069,0.0625,0.5625,0.25,0.625,0.23333333333333334,0.0,0.2857142857142857,0.14285714285714285,0.498046875,0.40142647033071444,0.39583333333333326,0.4065436972550156,NaN,NaN,NaN,NaN,2.75,2.7202941017470885,1.7415686274509803,0.7920963432253932,3.5,0.3125,0.5365793863325052,3.0,4.0,1.378787878787879,0.5481479731479453,0.0,0.0
936,1,28.0,38.0,1.3571428571428572,0.05026455026455026,0.4444444444444444,0.2962962962962963,0.13333333333333333,0.6,0.26666666666666666,0.6,0.25,0.0,0.2857142857142857,0.42857142857142855,0.5561904761904761,0.4361395270722775,0.4380952380952381,0.4198315178751597,NaN,NaN,NaN,NaN,2.533333333333333,2.0998866182543785,1.6928571428571428,0.7205597471454738,3.0,0.2,0.3782117088725669,3.0,4.0,1.3018867924528301,0.5032550072500085,0.0,0.0
937,1,27.0,78.0,2.888888888888889,0.1111111111111111,0.46153846153846156,0.07692307692307693,0.14285714285714285,0.5714285714285714,0.2857142857142857,0.5714285714285714,0.25925925925925924,0.0,0.2857142857142857,0.42857142857142855,0.5132452981192478,0.4310640431716515,0.42525510204081635,0.4379683530247673,NaN,NaN,NaN,NaN,5.571428571428571,7.511163852398803,1.6991748353817318,0.7600211508598136,3.15,0.35714285714285715,0.6184039823211114,2.0,6.0,1.2549019607843137,0.43795823549251955,0.07407407407407407,0.0
938,1,30.0,52.0,1.7333333333333334,0.059770114942528735,0.4482758620689655,0.20689655172413793,0.1875,0.5625,0.25,0.5,0.23333333333333334,0.0,0.2857142857142857,0.2857142857142857,0.4318910256410256,0.43149406737232765,0.3721955128205128,0.4301052368178175,NaN,NaN,NaN,NaN,3.25,4.00832467081531,1.7203703703703705,0.7662644473998144,3.5,0.3125,0.4699951922088164,3.0,4.0,1.1935483870967742,0.4375306894123928,0.0,0.0
939,1,23.0,56.0,2.4347826086956523,0.11067193675889328,0.45454545454545453,0.09090909090909091,0.08333333333333333,0.6666666666666666,0.4166666666666667,0.75,0.30434782608695654,0.0,0.42857142857142855,0.2857142857142857,0.7406744646182496,0.37478331788326563,0.6145833333333334,0.41481596564444734,NaN,NaN,NaN,NaN,4.666666666666667,4.83045891539648,1.6816929078315364,0.7460079759839414,3.2972972972972974,0.3333333333333333,0.5376476760673365,2.0,6.0,1.3563218390804597,0.48168820114484845,0.08695652173913043,0.0
94,1,28.0,55.0,1.9642857142857142,0.07275132275132275,0.48148148148148145,0.07407407407407407,0.07142857142857142,0.5714285714285714,0.2857142857142857,0.6428571428571429,0.25,0.0,0.2857142857142857,0.2857142857142857,0.5484126984126985,0.40117651172724605,0.46972789115646263,0.42092323810934223,NaN,NaN,NaN,NaN,3.9285714285714284,5.254511405439151,1.6407324735449738,0.708352095026367,3.2592592592592595,0.42857142857142855,0.4863009310637215,3.0,5.0,1.3493975903614457,0.5044614355866291,0.0,0.0
940,1,32.0,89.0,2.78125,0.08971774193548387,0.5161290322580645,0.06451612903225806,0.06666666666666667,0.6,0.26666666666666666,0.6666666666666666,0.21875,0.0,0.2857142857142857,0.2857142857142857,0.6196785603749392,0.4015389170089385,0.5075396825396825,0.4107809929724753,NaN,NaN,NaN,NaN,5.933333333333334,6.9433078434938915,1.6295132930246312,0.7540398537474536,3.333333333333333,0.4,0.5479545564031258,3.0,5.0,1.3461538461538463,0.5386105935615455,0.0625,0.0
941,1,23.0,32.0,1.391304347826087,0.06324110671936758,0.4090909090909091,0.22727272727272727,0.15384615384615385,0.6923076923076923,0.46153846153846156,0.6923076923076923,0.30434782608695654,0.0,0.5714285714285714,0.2857142857142857,0.7250000000000001,0.40155946010522536,0.5641025641025641,0.4540887371390984,NaN,NaN,NaN,NaN,2.4615384615384617,2.569545505058065,1.746894409937888,0.7773248273603395,3.571428571428571,0.23076923076923078,0.4350449550370925,3.0,4.0,1.391304347826087,0.6490424012707822,0.0,0.0
942,1,28.0,63.0,2.25,0.08333333333333333,0.4444444444444444,0.07407407407407407,0.06666666666666667,0.6,0.26666666666666666,0.6,0.25,0.0,0.2857142857142857,0.42857142857142855,0.5819883040935672,0.4418959138872251,0.44045883940620784,0.42135962433350155,NaN,NaN,NaN,NaN,4.2,5.226307081896903,1.7090989729225023,0.7432296375467129,3.16,0.3333333333333333,0.5511375635341301,3.0,5.0,1.3146067415730338,0.5133558401249548,0.0,0.0
943,1,32.0,55.0,1.71875,0.055443548387096774,0.4838709677419355,0.1935483870967742,0.0625,0.5625,0.25,0.625,0.21875,0.0,0.2857142857142857,0.42857142857142855,0.566711860670194,0.4122317273177969,0.4401785714285715,0.4085554026160989,NaN,NaN,NaN,NaN,3.4375,3.0324632451743474,1.7745261382064788,0.9490287166162376,4.113636363636363,0.4375,0.8257951687815701,5.0,6.0,1.8671875,0.9253311282186468,0.0625,0.0
944,1,28.0,53.0,1.8928571428571428,0.0701058201058201,0.48148148148148145,0.14814814814814814,0.14285714285714285,0.6428571428571429,0.2857142857142857,0.5,0.21428571428571427,0.0,0.3333333333333333,0.3333333333333333,0.5675070028011204,0.4620323999407897,0.3817460317460318,0.44439331207698113,NaN,NaN,NaN,NaN,3.7857142857142856,5.161671932897048,1.7096171802054154,0.8507644121790597,4.0,0.21428571428571427,0.5538804447012886,3.0,4.0,1.4050632911392404,0.610148938138965,0.0,0.0
945,1,29.0,63.0,2.1724137931034484,0.07758620689655173,0.5,0.03571428571428571,0.14285714285714285,0.5,0.2857142857142857,0.6428571428571429,0.2413793103448276,0.0,0.2857142857142857,0.42857142857142855,0.706421768707483,0.39955939751522873,0.48928571428571427,0.42755552160359717,NaN,NaN,NaN,NaN,4.5,6.60710573200143,1.6727621037965865,0.7722784199758902,3.0606060606060606,0.35714285714285715,0.6041498300843922,3.0,4.0,1.25,0.4638856253622454,0.0,0.0
946,1,31.0,71.0,2.2903225806451615,0.07634408602150537,0.4666666666666667,0.16666666666666666,0.0625,0.6875,0.3125,0.625,0.22580645161290322,0.0,0.42857142857142855,0.2857142857142857,0.5778061224489796,0.4329295339851975,0.46912202380952384,0.430239362079898,NaN,NaN,NaN,NaN,4.4375,5.561399703911477,1.635817619863903,0.6771794961191613,3.0,0.25,0.4595101889846265,3.0,4.0,1.2307692307692308,0.4491206983756167,0.0,0.0
947,1,28.0,44.0,1.5714285714285714,0.0582010582010582,0.48148148148148145,0.2222222222222222,0.14285714285714285,0.5714285714285714,0.2857142857142857,0.6428571428571429,0.25,0.0,0.2857142857142857,0.42857142857142855,0.550595238095238,0.4050227423934634,0.47738095238095235,0.4220223564609692,NaN,NaN,NaN,NaN,3.142857142857143,3.2071349029490923,1.6779042386185243,0.7661577865104314,3.4,0.35714285714285715,0.5360404540709354,3.0,5.0,1.378787878787879,0.5755305649880215,0.0,0.0
948,1,34.0,79.0,2.323529411764706,0.07040998217468805,0.5151515151515151,0.09090909090909091,0.0625,0.625,0.25,0.5625,0.20588235294117646,0.0,0.2857142857142857,0.42857142857142855,0.49197478991596644,0.42997927833795035,0.4184577677224737,0.43185971315375005,NaN,NaN,NaN,NaN,4.9375,5.384777927949614,1.6055322951957327,0.7247013707276873,3.3684210526315788,0.375,0.5429337166640568,3.0,7.0,1.4296296296296296,0.5116660049368833,0.0,0.0
949,1,34.0,98.0,2.8823529411764706,0.0873440285204991,0.5151515151515151,0.06060606060606061,0.0625,0.5625,0.25,0.625,0.20588235294117646,0.0,0.2857142857142857,0.2857142857142857,0.5825946612045159,0.4209198381987636,0.4709476817042606,0.4196402834492887,NaN,NaN,NaN,NaN,6.125,7.338255923582933,1.6720734144239207,0.8209669065074283,3.833333333333333,0.4375,0.6178673426574591,3.0,6.0,1.46875,0.6236620900100657,0.0,0.0
95,1,31.0,95.0,3.064516129032258,0.10215053763440861,0.5,0.03333333333333333,0.06666666666666667,0.6,0.26666666666666666,0.6,0.22580645161290322,0.0,0.2857142857142857,0.42857142857142855,0.6020883399092709,0.4474378755989236,0.4869967793880837,0.44020637810016605,NaN,NaN,NaN,NaN,6.333333333333333,7.178008743642595,1.6652625806073063,0.7927551145367883,3.447368421052632,0.4,0.6019390405698634,3.0,7.0,1.4817073170731707,0.6114707300341229,0.12903225806451613,0.0
950,1,33.0,71.0,2.1515151515151514,0.06723484848484848,0.53125,0.09375,0.06666666666666667,0.7333333333333333,0.4,0.6666666666666666,0.21212121212121213,0.0,0.5714285714285714,0.42857142857142855,0.6795343915343915,0.43497707012015274,0.5603174603174603,0.44369267485539193,NaN,NaN,NaN,NaN,4.733333333333333,6.441679757271243,1.547390365572184,0.6566490637897999,3.0,0.2,0.4841304071257144,2.0,4.0,1.186046511627907,0.39142658862397905,0.0,0.0
951,1,33.0,72.0,2.1818181818181817,0.06818181818181818,0.53125,0.0625,0.06666666666666667,0.6666666666666666,0.4,0.6666666666666666,0.21212121212121213,0.0,0.5714285714285714,0.42857142857142855,0.6690589353612169,0.42741951733456324,0.5637099567099567,0.4447835773809779,NaN,NaN,NaN,NaN,4.8,6.526867548832288,1.5841187432096524,0.713816901807073,3.2222222222222223,0.3333333333333333,0.5771084199064033,3.0,5.0,1.4715447154471544,0.5772348337652611,0.06060606060606061,0.0
952,1,29.0,54.0,1.8620689655172413,0.0665024630541872,0.4642857142857143,0.10714285714285714,0.06666666666666667,0.6,0.26666666666666666,0.6,0.2413793103448276,0.0,0.2857142857142857,0.2857142857142857,0.5135238095238095,0.425048856735605,0.42888888888888893,0.421046818394847,NaN,NaN,NaN,NaN,3.6,3.2689010822773894,1.677377220480669,0.7374519787319948,3.4,0.4,0.4844249569317108,3.0,6.0,1.4285714285714286,0.5404289889185184,0.0,0.0
953,1,30.0,50.0,1.6666666666666667,0.05747126436781609,0.4482758620689655,0.2413793103448276,0.125,0.625,0.25,0.5625,0.23333333333333334,0.0,0.2857142857142857,0.42857142857142855,0.4786458333333333,0.420941611482849,0.4027777777777778,0.4209043761083513,NaN,NaN,NaN,NaN,3.125,2.8722813232690143,1.710277777777778,0.7583307544901626,3.375,0.25,0.49095333356334536,3.0,5.0,1.3333333333333333,0.5035088149780135,0.0,0.0
954,1,30.0,50.0,1.6666666666666667,0.05747126436781609,0.4827586206896552,0.1724137931034483,0.13333333333333333,0.6666666666666666,0.3333333333333333,0.6,0.23333333333333334,0.0,0.42857142857142855,0.2857142857142857,0.6209307359307359,0.42081996188582027,0.5168398268398268,0.4588699971195322,NaN,NaN,NaN,NaN,3.3333333333333335,3.498298906339371,1.642929292929293,0.7416447546118098,3.583333333333333,0.2,0.48326137984800754,3.0,5.0,1.4444444444444444,0.6123724356957946,0.0,0.0
955,1,32.0,70.0,2.1875,0.07056451612903226,0.5161290322580645,0.16129032258064516,0.06666666666666667,0.5333333333333333,0.26666666666666666,0.6,0.21875,0.0,0.2857142857142857,0.2857142857142857,0.5701846153846154,0.43066845456902414,0.46900543900543906,0.42798891449808857,NaN,NaN,NaN,NaN,4.666666666666667,4.592955268151226,1.6608287545787548,0.8033312279255225,3.583333333333333,0.4666666666666667,0.6965826151052601,4.0,7.0,1.5538461538461539,0.64773353768182,0.0,0.0
956,1,30.0,75.0,2.5,0.08620689655172414,0.4827586206896552,0.13793103448275862,0.06666666666666667,0.6,0.26666666666666666,0.6666666666666666,0.23333333333333334,0.0,0.2857142857142857,0.2857142857142857,0.6015845168476747,0.40471048377686647,0.4967251461988304,0.407216196156646,NaN,NaN,NaN,NaN,5.0,5.631543812693436,1.6574438246444347,0.747564903630703,3.6153846153846154,0.4,0.4958106898327001,4.0,6.0,1.5206611570247934,0.7538697229817961,0.0,0.0
957,1,30.0,78.0,2.6,0.0896551724137931,0.5172413793103449,0.034482758620689655,0.14285714285714285,0.5,0.2857142857142857,0.6428571428571429,0.23333333333333334,0.0,0.2857142857142857,0.2857142857142857,0.6974980376766091,0.38781100323534534,0.49596560846560844,0.42266614701149435,NaN,NaN,NaN,NaN,5.571428571428571,7.397653325567152,1.7083952471237371,0.8789295648326408,4.0,0.35714285714285715,0.6757937776260419,3.0,5.0,1.3457943925233644,0.5680619773906179,0.0,0.0
958,1,32.0,61.0,1.90625,0.06149193548387097,0.5161290322580645,0.22580645161290322,0.06666666666666667,0.5333333333333333,0.26666666666666666,0.6666666666666666,0.21875,0.0,0.2857142857142857,0.14285714285714285,0.6181666666666666,0.4104184130975654,0.49277777777777776,0.42467151949583276,NaN,NaN,NaN,NaN,4.066666666666666,3.936399128040511,1.6590402228705246,0.8117608636441548,3.666666666666667,0.4666666666666667,0.5711209149270094,3.0,4.0,1.4301075268817205,0.6149911533892808,0.0,0.0
959,1,30.0,62.0,2.066666666666667,0.07126436781609195,0.4827586206896552,0.06896551724137931,0.06666666666666667,0.5333333333333333,0.26666666666666666,0.6666666666666666,0.23333333333333334,0.0,0.2857142857142857,0.42857142857142855,0.5778649921507064,0.39456881550056083,0.453015873015873,0.4167565176850073,NaN,NaN,NaN,NaN,4.133333333333334,3.8520248231411016,1.7221779037568512,0.838202357571802,3.6923076923076925,0.4666666666666667,0.6153801959530268,3.0,5.0,1.514018691588785,0.6198673927163687,0.0,0.0
96,1,33.0,68.0,2.0606060606060606,0.06439393939393939,0.53125,0.28125,0.06666666666666667,0.6,0.3333333333333333,0.6666666666666666,0.21212121212121213,0.0,0.42857142857142855,0.42857142857142855,0.6784929356357928,0.43402434359214886,0.5643060643060643,0.4357708355409582,NaN,NaN,NaN,NaN,4.533333333333333,4.1895561760622035,1.5679842379842377,0.6703403644188926,3.0,0.3333333333333333,0.43021295045965596,2.0,3.0,1.2298850574712643,0.4231979421765855,0.0,0.0
960,1,32.0,50.0,1.5625,0.05040322580645161,0.5161290322580645,0.2903225806451613,0.06666666666666667,0.6666666666666666,0.4,0.6666666666666666,0.21875,0.0,0.5714285714285714,0.14285714285714285,0.6806060606060605,0.4342675463923887,0.5694372294372294,0.4460339775198222,NaN,NaN,NaN,NaN,3.3333333333333335,2.845213189769458,1.586450441919192,0.6843571850014734,3.0,0.26666666666666666,0.48139052134767013,2.0,4.0,1.2575757575757576,0.4406500813258681,0.0,0.0
961,1,31.0,58.0,1.8709677419354838,0.06236559139784946,0.5666666666666667,0.2,0.07692307692307693,0.6153846153846154,0.46153846153846156,0.7692307692307693,0.22580645161290322,0.0,0.5714285714285714,0.42857142857142855,0.8126232741617356,0.37251398410323766,0.6566074950690335,0.4124546628848036,NaN,NaN,NaN,NaN,4.461538461538462,3.928854468658446,1.5417562724014338,0.7011995468198582,3.2,0.38461538461538464,0.504946377604825,3.0,5.0,1.3246753246753247,0.5487200043728189,0.0,0.0
962,1,30.0,55.0,1.8333333333333333,0.06321839080459771,0.4827586206896552,0.10344827586206896,0.13333333333333333,0.6,0.26666666666666666,0.5333333333333333,0.23333333333333334,0.0,0.2857142857142857,0.42857142857142855,0.5142857142857143,0.45672812820142683,0.4120634920634921,0.43761015242181645,NaN,NaN,NaN,NaN,3.6666666666666665,3.9218557317872342,1.6641888812941446,0.7525562795226742,3.3636363636363633,0.3333333333333333,0.5020863884624139,3.0,5.0,1.4069767441860466,0.5610474862306626,0.0,0.0
963,1,33.0,77.0,2.3333333333333335,0.07291666666666667,0.53125,0.1875,0.06666666666666667,0.6666666666666666,0.4,0.6666666666666666,0.21212121212121213,0.0,0.5714285714285714,0.2857142857142857,0.6821848739495799,0.4325306375607427,0.5702147525676937,0.44652834267637204,NaN,NaN,NaN,NaN,5.133333333333334,5.026595932305149,1.573079277624732,0.6981643765326883,3.3181818181818183,0.3333333333333333,0.47003376365321226,3.0,4.0,1.3148148148148149,0.5050797688114049,0.0,0.0
964,1,32.0,64.0,2.0,0.06451612903225806,0.5161290322580645,0.12903225806451613,0.06666666666666667,0.6666666666666666,0.3333333333333333,0.6,0.21875,0.0,0.42857142857142855,0.42857142857142855,0.5772657952069716,0.43911579010011587,0.4884656084656085,0.4498594911418311,NaN,NaN,NaN,NaN,4.266666666666667,5.430951859042584,1.615168250135875,0.7547955911533301,3.571428571428571,0.3333333333333333,0.5859888888358182,3.0,6.0,1.4727272727272727,0.5859061970370671,0.0,0.0
965,1,31.0,51.0,1.6451612903225807,0.054838709677419356,0.5333333333333333,0.13333333333333333,0.07142857142857142,0.5714285714285714,0.35714285714285715,0.7142857142857143,0.22580645161290322,0.0,0.42857142857142855,0.42857142857142855,0.7203246124031008,0.40005022131585255,0.5515151515151515,0.4276672449986403,NaN,NaN,NaN,NaN,3.642857142857143,3.0282552188231544,1.672648140390076,0.9028513088691232,4.357142857142858,0.42857142857142855,0.6405826396689797,4.0,6.0,1.8636363636363635,0.9431284338319209,0.06451612903225806,0.0
966,1,32.0,60.0,1.875,0.06048387096774194,0.5483870967741935,0.16129032258064516,0.14285714285714285,0.6428571428571429,0.35714285714285715,0.6428571428571429,0.21875,0.0,0.42857142857142855,0.14285714285714285,0.6448979591836735,0.4447955305143173,0.5566893424036281,0.453860412479966,NaN,NaN,NaN,NaN,4.285714285714286,4.746311465493234,1.552772475369458,0.694995721591803,3.2758620689655173,0.2857142857142857,0.4156106427399469,3.0,5.0,1.3444444444444446,0.5008108282005754,0.0,0.0
967,1,31.0,72.0,2.3225806451612905,0.07741935483870968,0.5,0.06666666666666667,0.06666666666666667,0.6,0.26666666666666666,0.6,0.22580645161290322,0.0,0.2857142857142857,0.42857142857142855,0.5710905349794239,0.43740034164228137,0.46388888888888885,0.4280778683553512,NaN,NaN,NaN,NaN,4.8,7.232861516321582,1.609928164814313,0.6965166574366747,3.2857142857142856,0.4,0.5406820261489022,3.0,5.0,1.25,0.48323543280318704,0.0,0.0
968,1,30.0,47.0,1.5666666666666667,0.054022988505747126,0.4482758620689655,0.20689655172413793,0.0625,0.6875,0.3125,0.625,0.23333333333333334,0.0,0.42857142857142855,0.14285714285714285,0.605,0.4338876621907571,0.5151785714285715,0.44245661611378023,NaN,NaN,NaN,NaN,2.9375,2.4074537032585557,1.675281385281385,0.7336157586858808,3.5357142857142856,0.3125,0.39963235966289473,3.0,5.0,1.5119047619047619,0.6304339224529885,0.0,0.0
969,1,29.0,43.0,1.4827586206896552,0.05295566502463054,0.5,0.21428571428571427,0.14285714285714285,0.6428571428571429,0.42857142857142855,0.6428571428571429,0.2413793103448276,0.0,0.5714285714285714,0.2857142857142857,0.7056122448979592,0.4164228560804009,0.570578231292517,0.4620724056100019,NaN,NaN,NaN,NaN,3.0714285714285716,3.561855301217778,1.5982758620689657,0.681186302214837,3.0,0.21428571428571427,0.4029995507116033,2.0,3.0,1.2075471698113207,0.40943162132389455,0.0,0.0
97,1,22.0,23.0,1.0454545454545454,0.049783549783549784,0.38095238095238093,0.38095238095238093,0.23076923076923078,0.6153846153846154,0.38461538461538464,0.5384615384615384,0.3181818181818182,0.0,0.42857142857142855,0.2857142857142857,0.510989010989011,0.4581519311822763,0.4560439560439561,0.476968229323931,NaN,NaN,NaN,NaN,1.7692307692307692,1.7867030229749128,1.803030303030303,0.7895420339517227,3.5,0.23076923076923078,0.43355117662074383,3.0,4.0,1.3125,0.5350610456580119,0.0,0.0
970,1,22.0,24.0,1.0909090909090908,0.05194805194805195,0.38095238095238093,0.3333333333333333,0.23076923076923078,0.5384615384615384,0.3076923076923077,0.5384615384615384,0.3181818181818182,0.0,0.2857142857142857,0.42857142857142855,0.6217948717948717,0.4449560801513909,0.4230769230769231,0.4544806998682194,NaN,NaN,NaN,NaN,1.8461538461538463,1.0681880176381129,1.8544372294372293,0.8492640841589509,3.7142857142857144,0.23076923076923078,0.4535055579273729,3.0,5.0,1.5348837209302326,0.6672201467675355,0.0,0.0
971,1,31.0,66.0,2.129032258064516,0.07096774193548387,0.5,0.16666666666666666,0.06666666666666667,0.5333333333333333,0.26666666666666666,0.6666666666666666,0.22580645161290322,0.0,0.2857142857142857,0.2857142857142857,0.5852364475201846,0.395706603846805,0.5006535947712418,0.41681026799893767,NaN,NaN,NaN,NaN,4.4,5.355904618802905,1.6303225806451616,0.7204624825550701,3.333333333333333,0.4666666666666667,0.5103801773265939,4.0,6.0,1.4666666666666666,0.6660253325435479,0.0,0.0
972,1,31.0,74.0,2.3870967741935485,0.07956989247311828,0.5,0.06666666666666667,0.13333333333333333,0.5333333333333333,0.26666666666666666,0.6,0.22580645161290322,0.0,0.2857142857142857,0.42857142857142855,0.5794894496089715,0.3987566123451659,0.4274074074074074,0.4194324431514792,NaN,NaN,NaN,NaN,4.933333333333334,5.444088099773482,1.6755526229120135,0.786841335569703,3.3269230769230766,0.4,0.6576926292744296,3.0,6.0,1.4308943089430894,0.5291704118744849,0.06451612903225806,0.0
973,1,25.0,59.0,2.36,0.09833333333333333,0.4583333333333333,0.041666666666666664,0.15384615384615385,0.5384615384615384,0.38461538461538464,0.6923076923076923,0.28,0.0,0.42857142857142855,0.42857142857142855,0.670940170940171,0.4131991412157479,0.5477855477855479,0.4383410475429557,NaN,NaN,NaN,NaN,4.538461538461538,5.738980522348672,1.6962240896358542,0.748427698028539,3.142857142857143,0.38461538461538464,0.5492938998828089,2.0,5.0,1.2962962962962963,0.4594682917363408,0.0,0.0
974,1,25.0,37.0,1.48,0.06166666666666667,0.4166666666666667,0.16666666666666666,0.21428571428571427,0.5714285714285714,0.2857142857142857,0.5,0.28,0.0,0.2857142857142857,0.42857142857142855,0.46230158730158727,0.4433221865843108,0.4047619047619047,0.4562682414772129,NaN,NaN,NaN,NaN,2.642857142857143,2.169974932756415,1.7819047619047617,0.8013617473013003,3.380952380952381,0.21428571428571427,0.5602129044946286,3.0,5.0,1.435483870967742,0.5616418478971811,0.0,0.0
975,1,27.0,61.0,2.259259259259259,0.0868945868945869,0.46153846153846156,0.07692307692307693,0.07142857142857142,0.5714285714285714,0.2857142857142857,0.6428571428571429,0.25925925925925924,0.0,0.2857142857142857,0.42857142857142855,0.5973214285714287,0.42159227315730446,0.4579081632653061,0.43195691898436295,NaN,NaN,NaN,NaN,4.357142857142857,6.033332321453783,1.6745497301052856,0.7246801457134368,3.015873015873016,0.35714285714285715,0.5609795564727111,3.0,5.0,1.3058823529411765,0.48852375805571,0.07407407407407407,0.0
976,1,33.0,74.0,2.242424242424242,0.07007575757575757,0.53125,0.09375,0.06666666666666667,0.6666666666666666,0.4,0.6666666666666666,0.21212121212121213,0.0,0.5714285714285714,0.42857142857142855,0.6702863076694852,0.4295138880503374,0.5551587301587302,0.44377594383584434,NaN,NaN,NaN,NaN,4.933333333333334,6.397171994233821,1.5824102135462583,0.715519215651855,3.3461538461538463,0.3333333333333333,0.5905121391969854,3.0,6.0,1.411764705882353,0.5274139773361447,0.06060606060606061,0.0
977,1,27.0,54.0,2.0,0.07692307692307693,0.4230769230769231,0.15384615384615385,0.06666666666666667,0.6666666666666666,0.3333333333333333,0.6,0.25925925925925924,0.0,0.42857142857142855,0.42857142857142855,0.5925951825951826,0.44991430067386157,0.46231546231546233,0.4483397402493385,NaN,NaN,NaN,NaN,3.6,4.38829612231705,1.7061901061901064,0.7247372774516552,3.333333333333333,0.26666666666666666,0.5747494763357481,3.0,5.0,1.3924050632911393,0.6080174069494405,0.0,0.0
978,1,25.0,25.0,1.0,0.041666666666666664,0.5,0.4166666666666667,0.16666666666666666,0.6666666666666666,0.5,0.75,0.28,0.0,0.5714285714285714,0.14285714285714285,0.8194444444444443,0.32144193227535794,0.6527777777777778,0.429107208787031,NaN,NaN,NaN,NaN,2.0833333333333335,1.1645001528813148,1.606666666666667,0.7019813229550895,3.0,0.16666666666666666,0.26299556396765833,2.0,3.0,1.3243243243243243,0.4745789978762495,0.0,0.0
979,1,27.0,37.0,1.3703703703703705,0.05270655270655271,0.46153846153846156,0.15384615384615385,0.14285714285714285,0.6428571428571429,0.35714285714285715,0.6428571428571429,0.25925925925925924,0.0,0.42857142857142855,0.2857142857142857,0.6834325396825397,0.4127790374982627,0.5244047619047618,0.4493640364343115,NaN,NaN,NaN,NaN,2.642857142857143,2.205138853368958,1.7149201560966265,0.815820739819897,3.769230769230769,0.2857142857142857,0.5183509727982932,4.0,6.0,1.63013698630137,0.7361093162150371,0.0,0.0
98,1,23.0,22.0,0.9565217391304348,0.043478260869565216,0.36363636363636365,0.36363636363636365,0.21428571428571427,0.7142857142857143,0.42857142857142855,0.5,0.30434782608695654,0.0,0.5714285714285714,0.2857142857142857,0.5071428571428572,0.484314401562084,0.4428571428571429,0.5033950669271535,NaN,NaN,NaN,NaN,1.5714285714285714,1.157868447043679,1.784782608695652,0.7427581863030243,3.25,0.14285714285714285,0.3879684014446028,3.0,5.0,1.4722222222222223,0.6540472290116194,0.0,0.0
980,1,28.0,47.0,1.6785714285714286,0.062169312169312166,0.48148148148148145,0.2222222222222222,0.14285714285714285,0.5714285714285714,0.2857142857142857,0.6428571428571429,0.25,0.0,0.2857142857142857,0.2857142857142857,0.6531746031746032,0.39101541167054465,0.5285714285714286,0.43962049345563753,NaN,NaN,NaN,NaN,3.357142857142857,3.754118617386322,1.7650974025974029,0.9059379932485853,3.75,0.35714285714285715,0.6531886474116598,3.0,5.0,1.702127659574468,0.7873978818793025,0.0,0.0
981,1,31.0,53.0,1.7096774193548387,0.05698924731182796,0.5,0.3,0.06666666666666667,0.6,0.3333333333333333,0.6666666666666666,0.22580645161290322,0.0,0.42857142857142855,0.2857142857142857,0.657,0.43212845312476245,0.5522222222222222,0.4323646070611625,NaN,NaN,NaN,NaN,3.533333333333333,3.0441200151549,1.610752688172043,0.687152336603079,3.0,0.3333333333333333,0.47981305743570507,3.0,4.0,1.3055555555555556,0.5210738881100353,0.0,0.0
982,1,30.0,48.0,1.6,0.05517241379310345,0.5172413793103449,0.2413793103448276,0.07142857142857142,0.6428571428571429,0.35714285714285715,0.6428571428571429,0.23333333333333334,0.0,0.42857142857142855,0.14285714285714285,0.6285714285714284,0.43403115732157144,0.5081632653061224,0.441551221828333,NaN,NaN,NaN,NaN,3.4285714285714284,3.6101200856712548,1.5871708683473391,0.6960249874487393,3.2,0.2857142857142857,0.4270156466417896,3.0,4.0,1.328358208955224,0.5610612158437048,0.0,0.0
983,1,34.0,94.0,2.764705882352941,0.08377896613190731,0.5757575757575758,0.15151515151515152,0.07142857142857142,0.5,0.2857142857142857,0.7142857142857143,0.20588235294117646,0.0,0.2857142857142857,0.42857142857142855,0.6938962398146071,0.3979735664978541,0.5701144094001236,0.4088164394036848,NaN,NaN,NaN,NaN,6.714285714285714,7.279355121781804,1.5642179715709128,0.7353529770989257,3.2222222222222223,0.5,0.5665066355258342,3.0,6.0,1.362962962962963,0.5545928640783955,0.0,0.0
984,1,25.0,49.0,1.96,0.08166666666666667,0.375,0.20833333333333334,0.13333333333333333,0.6,0.26666666666666666,0.6,0.28,0.0,0.2857142857142857,0.2857142857142857,0.56,0.4049691346263317,0.4266666666666667,0.42579524105089206,NaN,NaN,NaN,NaN,3.2666666666666666,3.5750457872525754,1.7835294117647058,0.7244116253890786,3.0,0.26666666666666666,0.4305969736735139,2.0,5.0,1.3466666666666667,0.47911329510831724,0.0,0.0
985,1,33.0,69.0,2.090909090909091,0.06534090909090909,0.53125,0.125,0.13333333333333333,0.5333333333333333,0.26666666666666666,0.6,0.21212121212121213,0.0,0.2857142857142857,0.42857142857142855,0.6361585450506733,0.4211579214789498,0.49761904761904757,0.4428873151889725,NaN,NaN,NaN,NaN,4.6,3.737837419073838,1.6769242553873498,0.8572214918228438,3.744186046511628,0.4,0.6169831030147286,5.0,7.0,1.7080291970802919,0.8502645258077892,0.0,0.0
986,1,30.0,43.0,1.4333333333333333,0.04942528735632184,0.5172413793103449,0.27586206896551724,0.07142857142857142,0.6428571428571429,0.2857142857142857,0.6428571428571429,0.0,0.0,NaN,NaN,0.6113945578231293,0.43049039103800957,0.4999433106575964,0.43009502435302205,NaN,NaN,NaN,NaN,3.0714285714285716,2.64471274328716,1.599423076923077,0.7236402142372227,3.3846153846153846,0.2857142857142857,0.48998868662955836,3.0,5.0,1.4852941176470589,0.7016536343891113,0.0,0.0
987,1,29.0,49.0,1.6896551724137931,0.0603448275862069,0.5,0.21428571428571427,0.14285714285714285,0.5714285714285714,0.35714285714285715,0.6428571428571429,0.2413793103448276,0.0,0.42857142857142855,0.2857142857142857,0.6618622448979592,0.4054594603543061,0.5306122448979591,0.44738406382063256,NaN,NaN,NaN,NaN,3.5,3.8779455306207615,1.6596743295019158,0.7818602539644199,3.5555555555555554,0.2857142857142857,0.5914386621582783,3.0,5.0,1.4027777777777777,0.6203071075428942,0.0,0.0
988,1,28.0,60.0,2.142857142857143,0.07936507936507936,0.48148148148148145,0.25925925925925924,0.21428571428571427,0.5714285714285714,0.35714285714285715,0.5714285714285714,0.25,0.0,0.42857142857142855,0.14285714285714285,0.5528950216450217,0.45915883410760033,0.49956709956709966,0.46735162571013456,NaN,NaN,NaN,NaN,4.285714285714286,5.029582815373786,1.6983418367346939,0.8227407750786394,4.0,0.21428571428571427,0.46904534010418053,3.0,4.0,1.1470588235294117,0.39642830306780835,0.0,0.0
989,1,25.0,30.0,1.2,0.05,0.4166666666666667,0.16666666666666666,0.14285714285714285,0.7142857142857143,0.42857142857142855,0.6428571428571429,0.28,0.0,0.5714285714285714,0.14285714285714285,0.6139455782312925,0.4383478499513838,0.5297619047619048,0.4664000415726812,NaN,NaN,NaN,NaN,2.142857142857143,1.7913099142223294,1.7033333333333334,0.7185053931599957,3.333333333333333,0.21428571428571427,0.2982093216000203,3.0,4.0,1.4285714285714286,0.5773502691896258,0.0,0.0
99,1,29.0,51.0,1.7586206896551724,0.06280788177339902,0.5,0.10714285714285714,0.14285714285714285,0.5,0.2857142857142857,0.5714285714285714,0.2413793103448276,0.0,0.2857142857142857,0.42857142857142855,0.5607638888888888,0.4609336645944378,0.4526098901098901,0.44812968373050865,NaN,NaN,NaN,NaN,3.642857142857143,4.19903180886596,1.6547854168890785,0.7535296698684951,3.1578947368421053,0.35714285714285715,0.6375801833711998,3.0,5.0,1.3733333333333333,0.5396027901810472,0.0,0.0
990,1,31.0,67.0,2.161290322580645,0.07204301075268817,0.5,0.1,0.13333333333333333,0.6,0.26666666666666666,0.6,0.22580645161290322,0.0,0.2857142857142857,0.42857142857142855,0.6045291005291006,0.4496975088882458,0.4744444444444445,0.4375648100144286,NaN,NaN,NaN,NaN,4.466666666666667,5.330058518395816,1.6927269825966245,0.8331207470869413,3.618181818181818,0.3333333333333333,0.655043982530377,3.0,7.0,1.5461538461538462,0.5985970479047539,0.06451612903225806,0.0
991,1,28.0,35.0,1.25,0.046296296296296294,0.48148148148148145,0.3333333333333333,0.14285714285714285,0.6428571428571429,0.35714285714285715,0.6428571428571429,0.25,0.0,0.42857142857142855,0.14285714285714285,0.6746173469387754,0.40628052268589854,0.5456632653061224,0.44913176875535654,NaN,NaN,NaN,NaN,2.5,2.472930370104386,1.6173469387755102,0.6814291621348726,3.0,0.21428571428571427,0.43472089847452106,3.0,4.0,1.2826086956521738,0.5441831178017957,0.0,0.0
992,1,30.0,49.0,1.6333333333333333,0.05632183908045977,0.4482758620689655,0.1724137931034483,0.0625,0.5625,0.25,0.625,0.23333333333333334,0.0,0.2857142857142857,0.2857142857142857,0.5827617694805195,0.42093941242301725,0.4692099567099567,0.4137273888138998,NaN,NaN,NaN,NaN,3.0625,2.954516316872639,1.7044825708061002,0.7463007668718762,3.4705882352941178,0.4375,0.5845970685341889,4.0,6.0,1.6129032258064515,0.7228003823372484,0.0,0.0
993,1,29.0,51.0,1.7586206896551724,0.06280788177339902,0.5,0.2857142857142857,0.07142857142857142,0.6428571428571429,0.42857142857142855,0.7142857142857143,0.2413793103448276,0.0,0.5714285714285714,0.2857142857142857,0.719047619047619,0.40376736250975387,0.6023809523809524,0.43134936079965513,NaN,NaN,NaN,NaN,3.642857142857143,3.95371573736253,1.6020114942528736,0.6806190837500451,3.0,0.2857142857142857,0.4782269130780459,2.0,4.0,1.180327868852459,0.3876509048663705,0.0,0.0
994,1,32.0,73.0,2.28125,0.07358870967741936,0.5161290322580645,0.0967741935483871,0.06666666666666667,0.6,0.26666666666666666,0.6,0.21875,0.0,0.2857142857142857,0.42857142857142855,0.5774742026266416,0.43454732980965777,0.46466486729644624,0.4332664759622854,NaN,NaN,NaN,NaN,4.866666666666666,6.0929311110342885,1.6511266706722028,0.7998759516440949,3.6129032258064515,0.4,0.613233385126089,3.0,7.0,1.5555555555555556,0.6119757956932401,0.0625,0.0
995,1,32.0,84.0,2.625,0.0846774193548387,0.4838709677419355,0.03225806451612903,0.0625,0.625,0.25,0.625,0.21875,0.0,0.2857142857142857,0.42857142857142855,0.590167451596023,0.42263800781978794,0.4663919413919414,0.41969873720939627,NaN,NaN,NaN,NaN,5.25,5.927337794772062,1.685337228770033,0.7911851224943084,3.527027027027027,0.375,0.5500811144373026,3.0,7.0,1.5568862275449102,0.6072334103857387,0.0,0.0
996,1,25.0,44.0,1.76,0.07333333333333333,0.375,0.2916666666666667,0.26666666666666666,0.6,0.26666666666666666,0.4,0.28,0.0,0.2857142857142857,0.2857142857142857,0.4092307692307692,0.4734292443079732,0.3558974358974359,0.46521853967684795,NaN,NaN,NaN,NaN,2.933333333333333,3.2396354880199243,1.8037948717948717,0.7578767184150611,3.1333333333333333,0.2,0.4546199185496177,3.0,4.0,1.2363636363636363,0.4699738512677284,0.0,0.0
997,1,31.0,58.0,1.8709677419354838,0.06236559139784946,0.5333333333333333,0.1,0.07142857142857142,0.7142857142857143,0.42857142857142855,0.6428571428571429,0.22580645161290322,0.0,0.5714285714285714,0.2857142857142857,0.6829931972789115,0.4537341022763367,0.5623299319727891,0.4606236735776159,NaN,NaN,NaN,NaN,4.142857142857143,4.400299690093546,1.564223187207058,0.6975162134496004,3.4444444444444446,0.2857142857142857,0.3965534558537422,3.0,4.0,1.4343434343434343,0.537598897624298,0.0,0.0
998,1,28.0,50.0,1.7857142857142858,0.06613756613756613,0.48148148148148145,0.07407407407407407,0.14285714285714285,0.5714285714285714,0.2857142857142857,0.5714285714285714,0.25,0.0,0.2857142857142857,0.42857142857142855,0.5680272108843537,0.4631143901100236,0.43699633699633705,0.4453911210171831,NaN,NaN,NaN,NaN,3.5714285714285716,3.7151309266562604,1.6980871894212233,0.8079011591696235,3.428571428571429,0.35714285714285715,0.5976547781784074,3.0,6.0,1.4534883720930232,0.5237192050570173,0.0,0.0
999,1,30.0,90.0,3.0,0.10344827586206896,0.5172413793103449,0.034482758620689655,0.07142857142857142,0.5714285714285714,0.21428571428571427,0.6428571428571429,0.2,0.0,0.16666666666666666,0.5,0.5219653166236374,0.39412165282955347,0.4153633675692499,0.3935776872530403,NaN,NaN,NaN,NaN,6.428571428571429,7.919928959610353,1.6574251350900997,0.7940701400016524,3.2363636363636363,0.42857142857142855,0.6612435971336538,3.0,7.0,1.3458646616541354,0.4930596002752191,0.06666666666666667,0.0
